{
  "scalar_metrics": {
    "MeanAbsCutpointError": 14.7,
    "MeanStageSubgoalError": 0.6898763651686132,
    "MeanConstraintError": 0.034372493664359946,
    "MeanConstraintErrorRaw": 0.010590066036812885
  },
  "all_metrics": {
    "MeanAbsCutpointError": 14.7,
    "MeanStageSubgoalError": 0.6898763651686132,
    "MeanConstraintError": 0.034372493664359946,
    "MeanConstraintErrorRaw": 0.010590066036812885,
    "ConstraintErrorMatrix": [
      [
        NaN,
        NaN,
        NaN,
        NaN
      ],
      [
        0.0009568463410093657,
        0.010687347513941207,
        0.0,
        NaN
      ],
      [
        NaN,
        NaN,
        NaN,
        NaN
      ],
      [
        0.13627752677066116,
        NaN,
        0.023940747696187974,
        NaN
      ],
      [
        NaN,
        NaN,
        NaN,
        NaN
      ]
    ],
    "ConstraintErrorMatrixRaw": [
      [
        NaN,
        NaN,
        NaN,
        NaN
      ],
      [
        0.00032086878843963496,
        0.005999999999999506,
        0.0,
        NaN
      ],
      [
        NaN,
        NaN,
        NaN,
        NaN
      ],
      [
        0.04569929677561881,
        NaN,
        0.0009301646200064739,
        NaN
      ],
      [
        NaN,
        NaN,
        NaN,
        NaN
      ]
    ],
    "ConstraintTrueActiveMask": [
      [
        0,
        0,
        0,
        0
      ],
      [
        1,
        1,
        1,
        0
      ],
      [
        0,
        0,
        0,
        0
      ],
      [
        1,
        0,
        1,
        0
      ],
      [
        0,
        0,
        0,
        0
      ]
    ],
    "ConstraintPredictedActiveMask": [
      [
        0,
        0,
        0,
        0
      ],
      [
        1,
        1,
        1,
        0
      ],
      [
        0,
        0,
        0,
        0
      ],
      [
        1,
        0,
        1,
        0
      ],
      [
        0,
        0,
        0,
        0
      ]
    ],
    "ConstraintTargetMatrix": [
      [
        NaN,
        NaN,
        NaN,
        NaN
      ],
      [
        0.0,
        0.12,
        0.047,
        NaN
      ],
      [
        NaN,
        NaN,
        NaN,
        NaN
      ],
      [
        0.0868,
        NaN,
        0.047,
        NaN
      ],
      [
        NaN,
        NaN,
        NaN,
        NaN
      ]
    ],
    "ConstraintSemanticsMatrix": [
      [
        "",
        "",
        "",
        ""
      ],
      [
        "target_value",
        "upper_bound",
        "upper_bound",
        ""
      ],
      [
        "",
        "",
        "",
        ""
      ],
      [
        "target_value",
        "",
        "upper_bound",
        ""
      ],
      [
        "",
        "",
        "",
        ""
      ]
    ],
    "ConstraintFeatureNames": [
      "surface_distance",
      "tool_normal_alignment_error",
      "speed",
      "angular_speed"
    ],
    "ConstraintFeatureScales": [
      0.3353399335792561,
      0.5614115188238009,
      0.03885278069884934,
      0.11425152491966827
    ]
  }
}
