{
  "ModelObjectiveFinal": 1080.3268768215721,
  "SegmentationLogLikelihoodFinal": 1080.3268768215721,
  "PosthocObjectiveFinal": -9833333084.411095,
  "PosthocFeatureObjectiveFinal": -9833333084.411095
}
