{
  "scalar_metrics": {
    "MeanAbsCutpointError": 3.6666666666666665,
    "MeanStageSubgoalError": 0.11644646489654986,
    "MeanConstraintError": 0.08692451313589701,
    "MeanConstraintErrorRaw": 0.07225818164255762
  },
  "all_metrics": {
    "MeanAbsCutpointError": 3.6666666666666665,
    "MeanStageSubgoalError": 0.11644646489654986,
    "MeanConstraintError": 0.08692451313589701,
    "MeanConstraintErrorRaw": 0.07225818164255762,
    "ConstraintErrorMatrix": [
      [
        NaN,
        NaN,
        NaN,
        NaN,
        NaN,
        NaN,
        NaN
      ],
      [
        0.04115982105740584,
        0.3929061059724155,
        NaN,
        NaN,
        NaN,
        NaN,
        NaN
      ],
      [
        0.058408959195088046,
        0.0,
        0.023174076186799446,
        0.012602629638385855,
        NaN,
        NaN,
        NaN
      ],
      [
        0.03772911644103875,
        0.2820259416869643,
        0.017190890660707753,
        0.0040475905201644196,
        NaN,
        NaN,
        NaN
      ]
    ],
    "ConstraintErrorMatrixRaw": [
      [
        NaN,
        NaN,
        NaN,
        NaN,
        NaN,
        NaN,
        NaN
      ],
      [
        0.012326394960520966,
        0.3900836533484088,
        NaN,
        NaN,
        NaN,
        NaN,
        NaN
      ],
      [
        0.017492104721919442,
        0.0,
        0.0056735683572098,
        0.0011341261208176606,
        NaN,
        NaN,
        NaN
      ],
      [
        0.01129897989874886,
        0.28,
        0.004208741375434102,
        0.00036424764251664216,
        NaN,
        NaN,
        NaN
      ]
    ],
    "ConstraintTrueActiveMask": [
      [
        0,
        0,
        0,
        0,
        0,
        0,
        0
      ],
      [
        1,
        1,
        0,
        1,
        0,
        0,
        0
      ],
      [
        1,
        1,
        1,
        1,
        0,
        0,
        0
      ],
      [
        1,
        1,
        1,
        1,
        0,
        0,
        0
      ]
    ],
    "ConstraintPredictedActiveMask": [
      [
        0,
        0,
        0,
        0,
        0,
        0,
        0
      ],
      [
        1,
        1,
        0,
        0,
        0,
        0,
        0
      ],
      [
        1,
        1,
        1,
        1,
        0,
        0,
        0
      ],
      [
        1,
        1,
        1,
        1,
        0,
        0,
        0
      ]
    ],
    "ConstraintTargetMatrix": [
      [
        NaN,
        NaN,
        NaN,
        NaN,
        NaN,
        NaN,
        NaN
      ],
      [
        0.0,
        0.4,
        NaN,
        0.007,
        NaN,
        NaN,
        NaN
      ],
      [
        0.0,
        0.72,
        0.06,
        0.045,
        NaN,
        NaN,
        NaN
      ],
      [
        0.0,
        1.0,
        0.04,
        0.018,
        NaN,
        NaN,
        NaN
      ]
    ],
    "ConstraintSemanticsMatrix": [
      [
        "",
        "",
        "",
        "",
        "",
        "",
        ""
      ],
      [
        "target_value",
        "lower_bound",
        "",
        "target_value",
        "",
        "",
        ""
      ],
      [
        "target_value",
        "lower_bound",
        "upper_bound",
        "target_value",
        "",
        "",
        ""
      ],
      [
        "target_value",
        "lower_bound",
        "upper_bound",
        "target_value",
        "",
        "",
        ""
      ]
    ],
    "ConstraintFeatureNames": [
      "surf dist",
      "force",
      "orient err",
      "speed",
      "noise",
      "start_dist",
      "slot_x_err"
    ],
    "ConstraintFeatureScales": [
      0.2994763981925303,
      0.9928164704464917,
      0.2448239278872144,
      0.08999122828804478,
      0.8590315177063433,
      2.167415134128614,
      2.126581024569993
    ]
  },
  "objectives": {
    "ModelObjectiveFinal": 1416.9772501853975,
    "SegmentationObjectiveFinal": 1416.9772501853975,
    "PosthocObjectiveFinal": -4499999571.394373,
    "PosthocFeatureObjectiveFinal": -4499999571.394373
  }
}
