{
  "ModelObjectiveFinal": 1416.9772501853975,
  "SegmentationObjectiveFinal": 1416.9772501853975,
  "PosthocObjectiveFinal": -4499999571.394373,
  "PosthocFeatureObjectiveFinal": -4499999571.394373
}
