{
  "ModelObjectiveFinal": -23.204713779380842,
  "TrainingTotalCostFinal": -23.204713779380842
}
