{
  "ModelObjectiveFinal": 1025.735357266917,
  "SegmentationLogLikelihoodFinal": 1025.735357266917,
  "PosthocObjectiveFinal": -2999999966.9912386,
  "PosthocFeatureObjectiveFinal": -2999999966.9912386
}
