{
  "ModelObjectiveFinal": 550.4885784445167,
  "SegmentationObjectiveFinal": 550.4885784445167,
  "PosthocObjectiveFinal": -6666666650.316734,
  "PosthocFeatureObjectiveFinal": -6666666650.316734
}
