{
  "ModelObjectiveFinal": -1218.7789918807316,
  "TrainingLogLikelihoodFinal": -1218.7789918807316
}
