{
  "scalar_metrics": {
    "MeanAbsCutpointError": 27.55,
    "MeanStageSubgoalError": 0.15560176232008127,
    "MeanConstraintError": 0.01445245426127392,
    "MeanConstraintErrorRaw": 0.007171301643548841
  },
  "all_metrics": {
    "MeanAbsCutpointError": 27.55,
    "MeanStageSubgoalError": 0.15560176232008127,
    "MeanConstraintError": 0.01445245426127392,
    "MeanConstraintErrorRaw": 0.007171301643548841,
    "ConstraintErrorMatrix": [
      [
        0.017542839978736617,
        NaN,
        NaN,
        NaN,
        NaN,
        NaN
      ],
      [
        NaN,
        0.036332103743576975,
        NaN,
        NaN,
        NaN,
        NaN
      ],
      [
        NaN,
        0.0034431482816175457,
        0.0004917250411645348,
        NaN,
        NaN,
        NaN
      ]
    ],
    "ConstraintErrorMatrixRaw": [
      [
        0.017727831576302977,
        NaN,
        NaN,
        NaN,
        NaN,
        NaN
      ],
      [
        NaN,
        0.009343489702308881,
        NaN,
        NaN,
        NaN,
        NaN
      ],
      [
        NaN,
        0.0008854708975805856,
        0.000728414398002919,
        NaN,
        NaN,
        NaN
      ]
    ],
    "ConstraintTrueActiveMask": [
      [
        1,
        0,
        0,
        0,
        0,
        0
      ],
      [
        0,
        1,
        0,
        0,
        0,
        0
      ],
      [
        0,
        1,
        1,
        0,
        0,
        0
      ]
    ],
    "ConstraintPredictedActiveMask": [
      [
        1,
        1,
        1,
        1,
        1,
        1
      ],
      [
        1,
        1,
        1,
        1,
        1,
        1
      ],
      [
        1,
        1,
        1,
        1,
        1,
        1
      ]
    ],
    "ConstraintTargetMatrix": [
      [
        0.4,
        NaN,
        NaN,
        NaN,
        NaN,
        NaN
      ],
      [
        NaN,
        0.055,
        NaN,
        NaN,
        NaN,
        NaN
      ],
      [
        NaN,
        0.045,
        0.2,
        NaN,
        NaN,
        NaN
      ]
    ],
    "ConstraintSemanticsMatrix": [
      [
        "lower_bound",
        "",
        "",
        "",
        "",
        ""
      ],
      [
        "",
        "target_value",
        "",
        "",
        "",
        ""
      ],
      [
        "",
        "target_value",
        "target_value",
        "",
        "",
        ""
      ]
    ],
    "ConstraintFeatureNames": [
      "dist_main_obstacle",
      "speed",
      "terminal_arc_distance",
      "heading_angle",
      "decoy_line_distance",
      "noise_aux"
    ],
    "ConstraintFeatureScales": [
      1.0105451339572489,
      0.257168970127712,
      1.4813449326840082,
      6.360162030552389,
      0.678684724801644,
      0.751738493119704
    ],
    "ConstraintLearnedValueMatrix": [
      [
        0.38227216842369705,
        0.22344585290036728,
        0.9113666505537612,
        -0.012601782446299836,
        0.9182176842960956,
        0.09725809929736637
      ],
      [
        0.38227216842369705,
        0.04565651029769112,
        0.1995137250658913,
        -2.1831243386687933,
        0.8685708028540036,
        0.015945426994502764
      ],
      [
        0.38227216842369705,
        0.04411452910241941,
        0.1992715856019971,
        -5.705872158538375,
        0.7289261850944613,
        -0.21351856297657684
      ]
    ],
    "ConstraintLearnedValuePerDemo": []
  }
}
