{
  "ModelObjectiveFinal": 1090.8637895933673,
  "SegmentationLogLikelihoodFinal": 1090.8637895933673,
  "PosthocObjectiveFinal": -1166666344.3285508,
  "PosthocFeatureObjectiveFinal": -1166666344.3285508
}
