{
  "ModelObjectiveFinal": 546.2214634090619,
  "SegmentationObjectiveFinal": 546.2214634090619,
  "PosthocObjectiveFinal": -4500000033.736247,
  "PosthocFeatureObjectiveFinal": -4500000033.736247
}
