time_s,x_m,y_m,z_m,qx,qy,qz,qw
0.0,0.5110654850213743,-0.41564089272976557,0.5503984459127019,-0.3872072925105142,-0.8073055625427669,0.43980731160820885,0.06998406940274811
0.020013809204101562,0.5110654420780082,-0.415640958596864,0.5503984696530038,-0.3872073475997347,-0.8073055748696197,0.4398072594863301,0.06998394996234271
0.04002213478088379,0.5110654945377692,-0.4156409462868964,0.5503983209784036,-0.38720730589681696,-0.8073055820922886,0.4398072592802998,0.06998409867322072
0.0649266242980957,0.5110655121473328,-0.4156408607839633,0.5503984803335161,-0.3872072831520112,-0.8073055567041411,0.43980733281627926,0.06998405525333579
0.08498787879943848,0.5110655589706001,-0.4156408352839811,0.5503983554557254,-0.38720719921106284,-0.8073056345616877,0.43980725324366415,0.06998412161612073
0.10991096496582031,0.5110653917881792,-0.4156409828115858,0.5503985717802036,-0.38720738744193706,-0.8073054753941779,0.43980739613990766,0.06998401824442371
0.12991881370544434,0.5110654852575225,-0.415640935159622,0.5503984249153736,-0.38720728466270915,-0.8073055790389804,0.4398072914689354,0.06998404909303234
0.14999985694885254,0.5110655166469763,-0.4156408760387521,0.5503984697213327,-0.3872072585129621,-0.8073055423594842,0.4398073848155944,0.06998403026571413
0.17499971389770508,0.5110654262425944,-0.4156409719123286,0.5503983732668704,-0.3872073958894539,-0.8073055441014345,0.4398072620165309,0.06998402181292813
0.199995756149292,0.5110654758901737,-0.4156409352859779,0.5503984845186396,-0.38720727897955753,-0.807305542705171,0.4398073734982246,0.069983984163218
0.22490882873535156,0.5110654034522778,-0.4156409514943902,0.5503983920170736,-0.38720737874590766,-0.8073055474882511,0.43980724346831224,0.06998419415999324
0.24987006187438965,0.5110655601793642,-0.415640845195232,0.5503983654676236,-0.38720722069583796,-0.8073056488789385,0.43980722359952096,0.06998402388294296
0.26987218856811523,0.5110655018415606,-0.41564087214018747,0.5503985005731383,-0.3872072849552582,-0.8073055414740797,0.43980736322215985,0.06998402988122657
0.28988146781921387,0.5110654389050416,-0.4156409896488179,0.550398358248539,-0.38720737305081593,-0.8073055331925867,0.4398072842639631,0.06998413420258935
0.3148679733276367,0.5110654577873494,-0.4156409725121206,0.5503984866121547,-0.38720727685935435,-0.8073055357183461,0.4398073938513253,0.0699839485839875
0.3398702144622803,0.5110654274174841,-0.41564098514035663,0.5503984711864962,-0.3872074348102668,-0.8073055189344784,0.4398072798203486,0.06998398490088571
0.3598799705505371,0.5110654976544979,-0.41564092250802365,0.5503984541191863,-0.3872072969360911,-0.8073055874146068,0.43980728309169614,0.06998393721489782
0.3848996162414551,0.5110654036659542,-0.415640974636682,0.550398340923742,-0.3872073746976903,-0.8073055520052572,0.4398072325398833,0.06998423313023172
0.4049811363220215,0.5110654159278524,-0.4156409865706954,0.5503984813793205,-0.38720736675479,-0.807305512607581,0.43980733564435953,0.06998408360238437
0.4250354766845703,0.5110654904542252,-0.41564087155578155,0.5503985324146535,-0.38720722565041926,-0.8073055776958233,0.4398073465916216,0.06998404467720289
0.4499483108520508,0.5110654480498029,-0.4156410307986528,0.5503982208241036,-0.38720735059936273,-0.8073055044375624,0.43980735874525073,0.06998412205763942
0.47491025924682617,0.511065372490348,-0.41564098887885487,0.5503985554725049,-0.3872074006728037,-0.8073054730256305,0.43980738497014754,0.06998404255845503
0.49493861198425293,0.5110654410217148,-0.41564095787402555,0.5503984219315731,-0.38720737539618,-0.8073055476225176,0.43980726567939943,0.06998407156156448
0.519949197769165,0.5110654851815802,-0.4156409676462436,0.5503983889360864,-0.38720726335065453,-0.8073055268548377,0.4398074024416817,0.06998407158517002
0.5448784828186035,0.5110655047578845,-0.4156409310016573,0.550398381775322,-0.3872073042466288,-0.8073056048281888,0.4398072305781698,0.06998402590747302
0.5650115013122559,0.5110655069247386,-0.4156409495953187,0.5503983151167258,-0.3872072318216044,-0.8073055770176025,0.4398073337664012,0.06998409895557552
0.5898740291595459,0.5110654294121524,-0.4156409805938485,0.5503984555052448,-0.38720731803836544,-0.8073055097902573,0.4398073897835762,0.06998404540743693
0.609891414642334,0.5110655365086275,-0.4156409573853625,0.5503982534691966,-0.3872071789850901,-0.8073055787868041,0.43980737691399197,0.06998409972385507
0.6299593448638916,0.5110654307332663,-0.41564099046926356,0.5503984505275139,-0.3872073403124956,-0.8073055134929892,0.4398073572377929,0.06998408398687443
0.6549296379089355,0.5110654475323057,-0.4156409646067199,0.5503984617680499,-0.3872072832716364,-0.8073054978775998,0.43980743058298416,0.06998411878408284
0.6750056743621826,0.5110655196220234,-0.4156409388221474,0.5503982699430638,-0.38720727769936264,-0.8073055982061498,0.43980725042859,0.0699841244291224
0.6999070644378662,0.5110653997781777,-0.4156409800828988,0.5503985388909799,-0.3872073873413162,-0.8073054716705264,0.4398073952454244,0.06998406737672752
0.7249152660369873,0.5110655138144414,-0.415640934946655,0.5503982938661972,-0.38720724318036387,-0.8073055899141741,0.4398072921813151,0.06998414867790977
0.7498664855957031,0.5110654167463443,-0.4156409966303009,0.5503985441238164,-0.38720736996605526,-0.8073054599984878,0.4398074555479428,0.06998391918904624
0.7699108123779297,0.5110654967450723,-0.41564093966808213,0.5503983119774105,-0.38720727125004345,-0.8073055701085403,0.43980730010365066,0.0699841720561742
0.7949671745300293,0.511065413638991,-0.41564099520531866,0.5503984686736233,-0.3872073684093412,-0.8073054936554861,0.43980736519502417,0.06998410736328317
0.8149712085723877,0.5110654173435899,-0.4156409970729765,0.5503983074922307,-0.38720737146697,-0.8073055482567968,0.4398072539817638,0.06998415949667948
0.8398745059967041,0.5110654395918183,-0.41564099052108405,0.5503984586445647,-0.38720727860992515,-0.8073055166993222,0.4398074234463407,0.06998397230684257
0.8649182319641113,0.5110653907813343,-0.4156409927394337,0.5503984228601462,-0.38720734452420047,-0.8073055050488523,0.43980736742371573,0.06998409407978874
0.8899734020233154,0.5110655600477656,-0.4156408936554484,0.5503982945157414,-0.38720713730392553,-0.8073055715997717,0.4398074195510281,0.06998414529537109
0.9148650169372559,0.5110654225286221,-0.41564099524852915,0.5503984767576822,-0.387207306655681,-0.8073054968978818,0.4398074313891015,0.06998399564075101
0.9348955154418945,0.5110654920501246,-0.4156409477246128,0.5503983242656548,-0.3872072010063814,-0.8073055568200872,0.4398073804884492,0.06998420881949828
0.9598648548126221,0.5110654805584737,-0.4156409557668448,0.550398502366432,-0.387207352938136,-0.8073054891084389,0.43980740507608085,0.06998399478663483
0.9798717498779297,0.5110655363195357,-0.4156408950209569,0.550398375603943,-0.3872072740969666,-0.8073055726708779,0.43980731295874015,0.06998404596027992
0.9999046325683594,0.5110654966655935,-0.4156409357450942,0.5503983930158554,-0.3872072713791781,-0.8073055776185696,0.43980730182782857,0.06998407387395977
1.0199124813079834,0.5110654689817407,-0.41564094995529427,0.5503985058059734,-0.3872072676240343,-0.8073055297809167,0.439807415138642,0.06998393439467608
1.039949655532837,0.5110654682939186,-0.4156409617409024,0.5503982824716289,-0.38720725830743474,-0.8073055722761916,0.4398073114065445,0.06998414762793155
1.0648515224456787,0.511065380691584,-0.4156410285946632,0.550398501620848,-0.38720736853410737,-0.807305497381708,0.43980736187192326,0.06998408457247
1.0848662853240967,0.5110654704531529,-0.4156409564756594,0.5503983979935831,-0.38720724906101717,-0.8073055739369553,0.43980733017868534,0.0699840616570798
1.1048753261566162,0.5110654795305215,-0.4156409544611964,0.5503984127927963,-0.3872072453302998,-0.8073055858811087,0.4398073251760428,0.06998397595438619
1.1249268054962158,0.5110653931127475,-0.4156410106143508,0.5503984874047594,-0.3872073554952956,-0.8073054996164051,0.4398073773291313,0.06998403379579746
1.1449763774871826,0.5110654907750737,-0.41564094310753336,0.550398372628391,-0.38720725240812687,-0.8073055360805579,0.43980739336748215,0.06998408272991567
1.1649839878082275,0.5110655056421137,-0.41564096623188995,0.5503983718706773,-0.3872072221461354,-0.8073055489620933,0.43980740573345206,0.0699840238548251
1.189943552017212,0.5110654363267628,-0.41564096593055516,0.5503984342198165,-0.3872073293699631,-0.8073055227187034,0.43980734816358663,0.06998409513162167
1.2099964618682861,0.51106546719371,-0.41564096235593584,0.5503983592962479,-0.3872073115012293,-0.8073055587080566,0.4398072954946834,0.0699841098301406
1.2300324440002441,0.5110653815999743,-0.41564101933087116,0.5503985192797131,-0.38720732798753005,-0.8073054453674054,0.43980748389357033,0.0699841420902833
1.255021333694458,0.5110655069247386,-0.4156409495953187,0.5503983151167258,-0.3872072318216044,-0.8073055770176025,0.4398073337664012,0.06998409895557552
1.279998540878296,0.5110654625623522,-0.41564093791379525,0.5503984075599653,-0.3872073110523317,-0.8073055743646105,0.4398072690646379,0.06998409780350501
1.304934024810791,0.5110654294121524,-0.4156409805938485,0.5503984555052448,-0.3872073663851551,-0.8073054866017207,0.43980739397468166,0.06998401906886331
1.3249435424804688,0.51106546719371,-0.41564096235593584,0.5503983592962479,-0.3872073357186571,-0.8073055470926706,0.43980729759405573,0.0699840966368688
1.3450407981872559,0.5110654373019095,-0.4156409739411071,0.5503985037124579,-0.3872073180910327,-0.8073055135792148,0.43980739059444124,0.0699839963124789
1.3699922561645508,0.5110654899627467,-0.4156409330539394,0.5503983098858046,-0.38720729751971267,-0.8073055655052812,0.43980727767542577,0.0699842207603355
1.3948829174041748,0.5110653558336635,-0.41564101869999504,0.5503984481808063,-0.3872074342034743,-0.8073054820762239,0.4398073049496186,0.06998425551653001
1.4149460792541504,0.5110654203399201,-0.4156409573997275,0.5503984984815296,-0.38720738378915004,-0.8073055020669091,0.43980733450345294,0.06998411811722953
1.439978837966919,0.5110655001424123,-0.41564094298117704,0.5503983130251187,-0.3872072580912798,-0.8073055724143561,0.43980731133818524,0.06998414765973672
1.4599838256835938,0.5110654557040805,-0.41564096378627524,0.5503983694890744,-0.38720731600996455,-0.807305517577225,0.43980735760916895,0.069984168999797
1.4800267219543457,0.5110654851815802,-0.4156409676462436,0.5503983889360864,-0.38720726335065453,-0.8073055268548377,0.4398074024416817,0.06998407158517002
1.5048494338989258,0.5110654273247793,-0.4156409659231775,0.5503984411253918,-0.38720739033425944,-0.8073055300908253,0.43980728487116577,0.06998407054153483
1.5249366760253906,0.5110654691954241,-0.41564097309759296,0.5503984547126378,-0.38720719101160034,-0.8073055691018483,0.439807397919744,0.06998401289676301
1.54986572265625,0.5110655115297346,-0.41564094356558445,0.5503982811835986,-0.3872072448319024,-0.8073055709965274,0.4398073216782442,0.06998417239560747
1.5748581886291504,0.5110654111862555,-0.4156409806683714,0.5503985069914666,-0.3872073740577876,-0.8073054702501272,0.43980740560432735,0.06998409215765086
1.5998730659484863,0.5110655296374267,-0.4156408923308669,0.5503982924158969,-0.3872073002133528,-0.807305560555,0.4398072888251754,0.06998419289170726
1.6199629306793213,0.5110654864915442,-0.41564095628866743,0.550398375603943,-0.38720732248779016,-0.8073055494612238,0.4398073087638136,0.06998407232283682
1.6449899673461914,0.5110655306937308,-0.41564089305370705,0.5503983401373255,-0.3872072724169149,-0.8073055878021378,0.43980728263210817,0.06998407129248947
1.6699488162994385,0.511065453454217,-0.41564094389554296,0.5503983266511537,-0.38720733803109897,-0.8073055539455252,0.43980727732975605,0.06998413213993607
1.689993143081665,0.5110653829330836,-0.41564100068711296,0.5503984842654404,-0.3872073949237362,-0.8073054927073424,0.4398073436663665,0.06998410689638984
1.7100141048431396,0.5110654431090883,-0.4156409725446972,0.5503984363114254,-0.3872073031002867,-0.807305527321949,0.43980737059180824,0.06998404642746317
1.7349905967712402,0.5110654454044865,-0.4156409751485216,0.550398389730604,-0.3872073177892822,-0.8073055023513583,0.4398073880354764,0.06998414358333203
1.7599360942840576,0.5110654692966271,-0.41564095182876876,0.5503984313685931,-0.38720730122818264,-0.8073055425870755,0.4398073401764757,0.06998407183576037
1.7848846912384033,0.5110654329294233,-0.4156409626174601,0.5503984331721075,-0.3872073425287274,-0.8073055204128874,0.439807336929049,0.06998411952805783
1.8049025535583496,0.5110653943885217,-0.4156410205455138,0.5503984824270299,-0.38720737781345504,-0.8073055032980138,0.43980734477952865,0.06998407239922129
1.8249306678771973,0.5110654318579229,-0.41564097982936166,0.5503983060501736,-0.3872073160776515,-0.8073055137237943,0.4398073568239029,0.06998421801158315
1.8499233722686768,0.5110654791975905,-0.4156408928166032,0.550398403666326,-0.3872072570218975,-0.8073055573844544,0.43980735452242625,0.06998405556797191
1.8749103546142578,0.5110654990015815,-0.41564099674869803,0.5503983203495562,-0.3872071902729638,-0.807305576939847,0.43980738778224926,0.06998399027574255
1.8950016498565674,0.5110654815290081,-0.415640910691521,0.5503984682109405,-0.38720724377556703,-0.8073055635673914,0.43980736232846657,0.06998400847725145
1.9200010299682617,0.5110654682939186,-0.4156409617409024,0.5503982824716289,-0.38720725830743474,-0.8073055722761916,0.4398073114065445,0.06998414762793155
1.9449267387390137,0.5110654716619144,-0.41564096638690917,0.550398408005485,-0.3872072705458009,-0.8073055882542056,0.43980730053456674,0.06998396392389444
1.964991807937622,0.5110654534967767,-0.4156409704050879,0.5503983784900686,-0.38720735065673895,-0.8073055295609871,0.4398073167858285,0.06998409561683792
1.9899587631225586,0.511065518312061,-0.41564095017972613,0.5503982832752052,-0.38720721856222606,-0.8073055755997748,0.4398073441064596,0.06998412369144644
2.0100715160369873,0.5110654544912141,-0.4156409479302017,0.5503984622204006,-0.3872073276704755,-0.8073055417016646,0.43980731858304173,0.06998407145127124
2.03495454788208,0.5110654558046412,-0.4156409604472279,0.550398266684618,-0.3872072994145696,-0.8073055464175924,0.4398073072756132,0.06998424444437136
2.0598535537719727,0.5110654271222447,-0.41564096401387035,0.5503985005731383,-0.3872073575194751,-0.8073055066701573,0.4398073569316802,0.06998406941307236
2.0848751068115234,0.511065420858078,-0.4156410056618811,0.5503983369980098,-0.387207384409565,-0.8073055460891433,0.4398072384801061,0.06998421031146547
2.1098926067352295,0.5110654391162746,-0.4156410320933135,0.5503983372860994,-0.38720736523017335,-0.8073055496569251,0.4398072641595757,0.0699841138910246
2.134860038757324,0.5110654704992118,-0.41564096173399406,0.5503984413785894,-0.3872073227368774,-0.8073055569001227,0.43980731051191735,0.06998397414693534
2.15486216545105,0.5110655079422439,-0.41564089054595765,0.5503982793323147,-0.38720724934504175,-0.8073055885767659,0.43980728193872115,0.06998419436597582
2.1798477172851562,0.5110654249186894,-0.4156409653450829,0.5503984661193312,-0.3872073426534982,-0.807305524139119,0.43980733780469444,0.06998407035069541
2.1998536586761475,0.5110655069247386,-0.4156409495953187,0.5503983151167258,-0.3872073285592222,-0.8073055306194215,0.43980734215243655,0.06998404625444664
2.219892978668213,0.5110654739760354,-0.4156409689700781,0.5503983613878564,-0.3872073094489821,-0.8073055516959122,0.4398073200222758,0.06998404793270917
2.244852066040039,0.5110653964745892,-0.4156410212015833,0.5503985101307864,-0.3872073588027347,-0.8073054655649187,0.4398074371715366,0.06998403222634898
2.264890432357788,0.5110655081323945,-0.41564094025248954,0.5503982801358906,-0.3872072579906665,-0.8073055686907115,0.439807310443711,0.06998419679204486
2.289877414703369,0.5110654305195841,-0.4156409673269653,0.550398501620848,-0.38720739270750293,-0.8073054857874395,0.4398073723573269,0.06998401867806381
2.309892177581787,0.5110655829402628,-0.4156408676116711,0.5503983101738937,-0.3872071573412436,-0.8073056271077531,0.43980730544662733,0.06998411119459066
2.3299152851104736,0.5110654567811207,-0.41564096451017907,0.5503984171525038,-0.38720728818936834,-0.8073055448217631,0.4398073514349339,0.06998404744563493
2.349971294403076,0.5110653476996064,-0.41564101614579047,0.5503984526680497,-0.38720738403337723,-0.8073055018871353,0.43980733044166537,0.06998414436557868
2.3700079917907715,0.5110655013500688,-0.4156409336383468,0.5503982780442852,-0.38720728426033557,-0.8073055640874494,0.4398072880154859,0.06998424549620619
2.3949012756347656,0.5110654018655516,-0.4156409947535664,0.5503985532708362,-0.3872073150454091,-0.807305451369934,0.4398075001578227,0.06998404224263938
2.4150009155273438,0.511065422831318,-0.41564095067441,0.5503984517394794,-0.3872073423851539,-0.8073055792435972,0.43980722660178495,0.06998413501663216
2.4399335384368896,0.5110655499704021,-0.4156408817134649,0.5503983130251187,-0.38720718548302374,-0.8073056072393845,0.43980731343374085,0.06998413449045236
2.4599456787109375,0.5110654386118763,-0.4156409625835318,0.5503984903803141,-0.387207377228161,-0.8073055361856027,0.43980729691656845,0.06998399705014034
2.484950304031372,0.5110654864029196,-0.4156409245207814,0.5503982803800225,-0.3872072604037107,-0.8073055792672057,0.4398072910738845,0.06998418316280886
2.5049636363983154,0.5110654033431439,-0.4156410012799637,0.5503984454603524,-0.3872074174135012,-0.8073054375165949,0.43980742570371056,0.06998410356626515
2.5298874378204346,0.5110655816440521,-0.41564085772162135,0.5503983151167258,-0.3872071592573782,-0.8073056118215078,0.4398073400568807,0.06998405942373234
2.5548954010009766,0.5110654570967408,-0.4156410108630257,0.5503983151167258,-0.38720728021242906,-0.807305553807953,0.4398073295714728,0.06998412531813349
2.5798933506011963,0.5110654554984881,-0.41564098114674425,0.5503984739064572,-0.38720727851389936,-0.8073055167662493,0.4398074234019874,0.06998397234488872
2.5999128818511963,0.511065545576717,-0.4156409427226974,0.5503983911817262,-0.387207254821357,-0.8073055763056863,0.4398073343950093,0.06998397596449846
2.619969606399536,0.5110654489540204,-0.41564097773082204,0.5503985219777052,-0.38720748481209377,-0.8073054806287325,0.43980731433236114,0.06998393324238492
2.6449244022369385,0.5110655282272462,-0.4156408997643924,0.5503983868444781,-0.3872072412295127,-0.8073055454612462,0.4398073842083929,0.06998409392676702
2.6649346351623535,0.511065442007147,-0.4156409718354264,0.5503983886828951,-0.38720733094804616,-0.8073055000455385,0.4398073768009381,0.06998416797976777
2.6849489212036133,0.5110654057882371,-0.41564097333270483,0.5503983903341837,-0.3872073645058267,-0.8073055568023078,0.4398072524547048,0.06998410903074903
2.7049694061279297,0.5110655443315716,-0.41564090630792694,0.5503983293328149,-0.3872071964695878,-0.8073055979925504,0.4398073225041237,0.0699841233696905
2.729971170425415,0.5110654388255579,-0.41564098572582964,0.5503984392869797,-0.3872073731799492,-0.8073055407026185,0.43980728598814417,0.06998403602037892
2.7549362182617188,0.5110654249186894,-0.4156409653450829,0.5503984661193312,-0.3872073426534982,-0.807305524139119,0.43980733780469444,0.06998407035069541
2.7749521732330322,0.5110654683825406,-0.41564099350878836,0.5503983776955518,-0.38720736873830086,-0.8073055192816596,0.4398073332875839,0.06998401044939222
2.799877882003784,0.5110654876480653,-0.4156409609355589,0.5503983422289336,-0.3872072945380667,-0.8073055691957274,0.4398073008654001,0.06998404895088366
2.8198976516723633,0.5110655001424123,-0.41564094298117704,0.5503983130251187,-0.3872072338738509,-0.8073055840297385,0.43980730923881095,0.06998416085300903
2.8449018001556396,0.5110655580710617,-0.41564092476831754,0.5503983619779121,-0.3872072183745857,-0.8073055795243201,0.43980734486779954,0.0699840746733458
2.8698832988739014,0.5110654304984327,-0.415640962053999,0.5503984582009463,-0.387207294875112,-0.8073055144292784,0.4398073898974578,0.06998411933536187
2.889923572540283,0.5110655134988176,-0.41564088859381,0.5503983959019749,-0.3872071785930715,-0.8073056157318885,0.439807307754282,0.06998411033725174
2.9148635864257812,0.5110655331122747,-0.4156409288793872,0.5503983101738937,-0.38720722994950263,-0.8073055922827287,0.4398073033510728,0.06998412436387466
2.9348809719085693,0.5110655576879711,-0.4156408519205565,0.5503984122096729,-0.3872072137530333,-0.8073055948907899,0.439807327310074,0.06998403332209127
2.9598333835601807,0.5110654692966271,-0.41564095182876876,0.5503984313685931,-0.38720730122818264,-0.8073055425870755,0.4398073401764757,0.06998407183576037
2.9798922538757324,0.5110654138888879,-0.4156410163875541,0.5503984392869797,-0.3872073731799482,-0.8073055407026168,0.43980728178940215,0.06998406240692188
2.9999191761016846,0.5110654205028716,-0.41564099980365,0.5503984924719244,-0.38720735091445374,-0.8073055408099574,0.4398073151498718,0.0699839747085384
3.024946451187134,0.5110655795566729,-0.4156408430509481,0.5503983007368759,-0.3872072315532721,-0.8073056321220764,0.4398072351444771,0.06998408455785515
3.044989824295044,0.5110654578885538,-0.4156409512432965,0.5503984632681099,-0.38720731451171386,-0.8073055440074822,0.43980732981758,0.06998404705483419
3.070005178451538,0.5110654310156203,-0.41564098903845653,0.5503982883333082,-0.38720735655604915,-0.8073055657566076,0.4398072348248872,0.06998416051485572
3.0900235176086426,0.5110654922423787,-0.4156409436830672,0.5503983675592319,-0.387207291207825,-0.8073056070628792,0.4398072418366338,0.06998400151734345
3.110076665878296,0.5110654260963693,-0.4156409752649428,0.5503984761642259,-0.3872073641893544,-0.807305538420292,0.43980730817503383,0.06998397266001283
3.134910821914673,0.5110654931852459,-0.4156409311349234,0.5503982824716289,-0.387207234134038,-0.8073055838704568,0.4398073135021023,0.06998413445864697
3.1550722122192383,0.5110655371262375,-0.415640874603739,0.550398452619123,-0.3872073140428182,-0.8073055180962337,0.43980739643806327,0.06998392988044688
3.1799981594085693,0.511065504837362,-0.4156409349246451,0.5503983007368759,-0.3872073041174991,-0.8073055973181625,0.4398072288539942,0.0699841240896891
3.205106258392334,0.5110654431090883,-0.4156409725446972,0.5503984363114254,-0.38720723053606787,-0.8073055621258641,0.4398073643013288,0.06998408595930934
3.230088472366333,0.5110654886876976,-0.41564092843686173,0.550398358248539,-0.38720730048659663,-0.80730556799651,0.4398072863557029,0.06998412105729326
3.2549538612365723,0.5110654336561072,-0.4156409549189937,0.5503984482159358,-0.387207405098477,-0.8073055626353544,0.43980721972808867,0.06998402281921379
3.2799041271209717,0.5110654350167992,-0.41564097728813026,0.5503984475519608,-0.38720727023281754,-0.807305500112298,0.43980744184144277,0.06998409439395988
3.2999331951141357,0.511065547829123,-0.41564091354507376,0.5503982492840787,-0.38720720737496866,-0.8073055811703692,0.43980733413268824,0.06998418400725012
3.3249220848083496,0.5110653943411582,-0.4156410012725859,0.5503984523659264,-0.38720738164020413,-0.8073054912869315,0.43980735402526155,0.06998413167731546
3.349959135055542,0.5110655659935817,-0.4156408955447165,0.5503982772846638,-0.38720720567548633,-0.8073056001533406,0.439807304552151,0.06998416032690041
3.3748860359191895,0.5110654058760807,-0.415641025053976,0.5503983694890744,-0.3872072918365709,-0.8073055291714932,0.4398073471237443,0.06998423489420084
3.394911766052246,0.5110655263300242,-0.4156409348002458,0.5503983732681997,-0.38720732217100984,-0.8073055458757491,0.43980730780097094,0.06998412148695228
3.414982795715332,0.5110655262225724,-0.41564094352805037,0.5503983314244223,-0.38720721859073826,-0.8073055793861487,0.4398073449361558,0.06998407464154138
3.439862012863159,0.5110661056639582,-0.4156405831485035,0.5503976724368754,-0.38720659839972815,-0.8073059621952735,0.43980716233143247,0.06998423766563752
3.459944009780884,0.5110674670192515,-0.4156393691834089,0.5503969947674678,-0.3872050596172223,-0.807306706462871,0.439807180970081,0.0699840487113159
3.4849185943603516,0.5110977274730526,-0.41562000602130994,0.5503695969366005,-0.3871734063056807,-0.8073330553004219,0.439787577496177,0.06997841059208779
3.5098979473114014,0.5113875206355905,-0.41542894590806684,0.5500949604092189,-0.3868758805171971,-0.8075903649238788,0.43957992863929396,0.0699595732807612
3.5348641872406006,0.5122080914084554,-0.41480596950806703,0.5495626319408041,-0.38605627886238125,-0.8083024052358235,0.4390308682756617,0.0697113186077023
3.559840440750122,0.5132670508959598,-0.4139470394999714,0.5488756134770829,-0.3849887480261177,-0.8092042784581616,0.43835375181555675,0.06941244764125268
3.57985258102417,0.5143152620067258,-0.41304689928655997,0.548066849747401,-0.38390183241287434,-0.8101652753228703,0.43756538209118323,0.06919643145727668
3.604848861694336,0.5158867374959804,-0.41169465669157107,0.5467906442955142,-0.3822576121057119,-0.8116331920415709,0.43632847068755326,0.06890678653888041
3.6249382495880127,0.5173537466237478,-0.4104572011912581,0.5455094212645764,-0.3807056320315497,-0.8130535341540184,0.43507548215964775,0.06867675853340081
3.644975423812866,0.5190739573409819,-0.4089836818330267,0.5440315001969332,-0.37887837630985394,-0.8147088460422919,0.43361652182006605,0.06839140406438164
3.669930934906006,0.5215353617100984,-0.40682446069164246,0.5419105736270918,-0.37624269984415415,-0.8170695365700517,0.43152690872288263,0.06799507534567785
3.6949026584625244,0.5243436455209586,-0.4042935879315695,0.5396076231693443,-0.37322671799367657,-0.8196955787187664,0.4292398876943359,0.06748402786378394
3.7149627208709717,0.5267163954065692,-0.4020963231171067,0.53764054521237,-0.3706513366328663,-0.8219127850961212,0.4272915739647431,0.06707362496947343
3.7398645877838135,0.5299117349028548,-0.39907767033870917,0.5349182352843032,-0.3671380846805574,-0.8249329023912565,0.4245763265529443,0.06656032046360444
3.7648372650146484,0.5330922116429858,-0.39603354581849076,0.5322149551588375,-0.3636092640932217,-0.8279395815406555,0.42183397811700823,0.06603368299437631
3.784883975982666,0.5357791348515234,-0.39339554303475305,0.5299120976523549,-0.36059441663509195,-0.8304506103545108,0.4195434647610418,0.06562569336573304
3.8049046993255615,0.5385306238130501,-0.3906369665980018,0.5275551398910859,-0.3574751427055923,-0.83304734185311,0.4171259808163922,0.06518868542160709
3.8249385356903076,0.5411885938703433,-0.38793225543123827,0.5252881305310182,-0.35444062702442014,-0.8355445571067511,0.41478162073083513,0.06475601985709604
3.8498995304107666,0.5446546119533433,-0.38431872079233687,0.522296875430398,-0.3504297738023642,-0.8387796144004304,0.4117303024439999,0.06423309231579563
3.869910478591919,0.5472995072398,-0.38152201767654625,0.5200113013920669,-0.34734128394932684,-0.8412741144681904,0.4093167763637913,0.06380966523449287
3.889963388442993,0.5499659975816552,-0.37866125347546137,0.5176282639205585,-0.34419014915951057,-0.8437843405687242,0.4068605898427339,0.0634475237136106
3.9149019718170166,0.553283643915534,-0.3750390028318081,0.5146411505396293,-0.3402210171069995,-0.8469559838145355,0.40366953773488484,0.06297718082271554
3.935084104537964,0.555872564681137,-0.3721813746974833,0.5122539470381594,-0.3371038206918155,-0.8494412408271111,0.4011089608051428,0.06262742225960159
3.9599697589874268,0.5591949410876902,-0.3684298496652381,0.5091745762872357,-0.33304356808034463,-0.8526343185361773,0.3977791295176908,0.062196983325434364
3.9801008701324463,0.5617248325876876,-0.3655477963126848,0.5067517492715554,-0.32990829263657884,-0.8551027149786088,0.3951301374447944,0.06190347137814896
4.004964828491211,0.5649383324832771,-0.36182024109663213,0.5036220465707171,-0.3258715258835113,-0.8582531659556106,0.391688455740669,0.061558146373976726
4.029910564422607,0.5679601487625944,-0.3582703782892868,0.5005882357316984,-0.3220336528061243,-0.8612725050035176,0.3882677898609573,0.06125456670184046
4.049950122833252,0.5704214132384451,-0.35532979384363306,0.49806989855723205,-0.3188849629787066,-0.8637408099820394,0.3854093285580279,0.06102329897755056
4.07485032081604,0.5734516918672861,-0.3516549416734342,0.49491249713176405,-0.3151960893405416,-0.8669058623612403,0.3813941305971005,0.060532373274032256
4.0998265743255615,0.5765824101992487,-0.34780418431883287,0.49154053642215945,-0.31186598046598474,-0.8704027725260564,0.37628120146599126,0.059590949230864124
4.119841575622559,0.5790639322841376,-0.3447190457698581,0.48881255490698916,-0.3095639429146548,-0.8733341747558041,0.3715258329337757,0.058533237682694084
4.13984489440918,0.5815366257151191,-0.34160933039465247,0.48596844006195783,-0.30751015603733584,-0.8763826324471407,0.3662052794159238,0.05731211745212368
4.164844274520874,0.5846366103067785,-0.3376554809017761,0.48240184705291916,-0.30524246584616205,-0.8803113420468378,0.35888656679698466,0.05549243444360112
4.184913873672485,0.5871181576783912,-0.3344391608464299,0.4794741338912362,-0.3036447653771669,-0.8835393231859158,0.35249817803240524,0.053880936582689797
4.209894895553589,0.5903140351831098,-0.33023615016145674,0.4758753160338013,-0.3018103774834871,-0.8876618611672898,0.3439623484708839,0.0515443411706279
4.234949827194214,0.5935236839397813,-0.32593750319822,0.4722359841708862,-0.30019472530386015,-0.8918263497069435,0.33484921252085126,0.04903971596843971
4.254963397979736,0.5961389818582457,-0.32240948174915945,0.4693770938799059,-0.2990009988357014,-0.8951661269172811,0.32722992639857346,0.04686772006763814
4.274987459182739,0.5987421168492406,-0.31885696081265996,0.46654804800776517,-0.29790688345125477,-0.8984730331928622,0.319382155733748,0.04464007186797847
4.300011396408081,0.6020753774465548,-0.314306510973133,0.4631995781295577,-0.2965419824862405,-0.9025322143629849,0.30945491505609696,0.04166665582646544
4.324990510940552,0.6054719357592707,-0.30958483798924147,0.45993653186162103,-0.29510685879753196,-0.9065215054266215,0.29939478958653426,0.03864533682257798
4.349988698959351,0.6089032848238409,-0.30473409782114824,0.4567852659433311,-0.2936157680157394,-0.9104070739000908,0.28927770050424007,0.03559708634243024
4.374874114990234,0.6122960584854046,-0.29977761835399275,0.45369205228187015,-0.29207818030934607,-0.9141789293117615,0.2791089803675382,0.032640448336895916
4.394880533218384,0.614982153758301,-0.2957758632355349,0.45126254921373316,-0.29082263299507194,-0.9170937622138547,0.27099839963865946,0.030349544304817098
4.419872522354126,0.6182770200461292,-0.2906842400871954,0.44828531747524303,-0.2891888357776374,-0.9206157063825033,0.2609095511164599,0.027617830464382116
4.444841146469116,0.6215714759861417,-0.2854891145923088,0.44537998553245867,-0.2874540584721026,-0.9240150483723093,0.2508847821295466,0.024963588390604353
4.464923620223999,0.6241876497629866,-0.2812602049668063,0.44315116405503036,-0.2859868414479128,-0.9266440698731794,0.24293656926422252,0.022893614872489785
4.489875793457031,0.6274758943449358,-0.2759063561357192,0.4404821128866381,-0.2840561279579667,-0.9298134472177194,0.2331221419851452,0.020325758497930106
4.514842748641968,0.6306692954317772,-0.27053577073571006,0.4379120186762852,-0.28206069441079296,-0.9328336055348102,0.22347739309828535,0.01791881210072326
4.534857749938965,0.6331694909858775,-0.2662331636202173,0.4358802733921783,-0.28040884188821164,-0.9351462165321386,0.215899113559743,0.01612475925936229
4.559861898422241,0.6362091334416609,-0.2608777401149331,0.4334739091850898,-0.27825551018930095,-0.9378933473537736,0.20672082543410247,0.01401571869626338
4.584871053695679,0.6391947868306666,-0.25549943562615984,0.43112457100858914,-0.2759493262881017,-0.9405098827267522,0.19785564584022175,0.012094346778984815
4.604910135269165,0.6414917375448276,-0.2512101053309454,0.42929941299844215,-0.27405018767064043,-0.9425084314806473,0.19094459369897473,0.010701091629368584
4.624955415725708,0.6437352826140083,-0.2469452394645187,0.4274918804690023,-0.2721037645422187,-0.944427519405134,0.18419370988211622,0.009427574095971098
4.649837255477905,0.6464163696103018,-0.24163116785864502,0.4252142877843016,-0.2696179135507499,-0.9467297641974874,0.17590854526163338,0.008069571015708677
4.669967174530029,0.6484836286948796,-0.23738808997024047,0.42335398724170753,-0.2676112172176045,-0.9485049849060302,0.16932668119864072,0.00714178281185419
4.6948370933532715,0.6509304114096104,-0.232063953191844,0.4209427307345882,-0.2650807229747376,-0.9506468016492324,0.161132886250444,0.006249943075050736
4.714941024780273,0.6528056212320796,-0.2278016560569616,0.4189821362670437,-0.26303152952632214,-0.9522947708115513,0.15465014990263748,0.005693425391261999
4.7398622035980225,0.6549935620147934,-0.22248276876706685,0.4164486913990381,-0.26045442497711985,-0.9542665513555383,0.14666577086789612,0.005290853205618143
4.764852523803711,0.6570640078294875,-0.21725712360045682,0.4138786830476541,-0.2579084408568704,-0.9561383570662523,0.13876924195029092,0.0050769836892126325
4.784853935241699,0.6586546251415271,-0.2131282120128323,0.4118483485401062,-0.25585936630008993,-0.9575736154133335,0.13252825918640868,0.005001625821802483
4.8048765659332275,0.660196431219683,-0.209054600533553,0.40984821108027614,-0.25379750579770877,-0.958952954788005,0.12637697181634924,0.004991747932461398
4.8248937129974365,0.6616564330801119,-0.20510800987237945,0.40788943436804304,-0.25176921042764383,-0.9602574625176803,0.1203835089498079,0.005067655222008051
4.8498735427856445,0.663404811867367,-0.20024622074427714,0.4054414974887691,-0.24921277638328743,-0.9618165832699872,0.11302127016437438,0.005295727295719775
4.874855279922485,0.6650710785810974,-0.1954831588533687,0.40304621429740917,-0.24664358222005725,-0.9632924158280071,0.10584433301140443,0.0056251335835958505
4.894868612289429,0.6663471675357511,-0.19173260526443947,0.40113124848160564,-0.244579863692494,-0.9644231663418393,0.10016420576581782,0.005981503427379272
4.919836759567261,0.6678705429312974,-0.18713434622617622,0.39878546298490447,-0.2419842898206753,-0.9657676077058777,0.09324221713633034,0.006513089443869411
4.939859867095947,0.6690389447405047,-0.1834731520796707,0.3969044009861763,-0.2398641146486767,-0.9667986414585941,0.08784113379985821,0.007037655275974286
4.959866523742676,0.6701795945322956,-0.17982109271652658,0.39509856245690544,-0.23769223032236875,-0.9677928953174549,0.08259467897915178,0.007578550222594553
4.984881639480591,0.6715614392911151,-0.1752309580265278,0.3928651379760896,-0.2348823145107825,-0.9689959283451255,0.07620729366284817,0.008344913028946384
5.009934902191162,0.6728913497405726,-0.17066190925259675,0.39070001027162815,-0.23199323901344318,-0.970146301477087,0.0700795542885792,0.009173159471377791
5.029987335205078,0.6739019341594299,-0.16705840295654506,0.3890249883119032,-0.22963825952004996,-0.9710244641468334,0.06542162462722623,0.009887913007400979
5.0548996925354,0.6751268389407256,-0.16255037332786354,0.3869970054319379,-0.22659994439036177,-0.972086966036525,0.05985089842413658,0.010828925276645016
5.0749006271362305,0.6760553833321439,-0.15898588864882882,0.38542687731313907,-0.22413674941276196,-0.9728999930017713,0.05561667411962907,0.011623542483389765
5.094916582107544,0.6769605908929316,-0.1553990862613283,0.3838821008153999,-0.22160441815410653,-0.973695316355379,0.051516061977645716,0.012450225738476425
5.119897127151489,0.6780640519728302,-0.15091020706719957,0.38199539742209315,-0.21836431145185295,-0.9746645207523493,0.04651396871400402,0.013511113417510738
5.140077829360962,0.6789898697666098,-0.14722646057957095,0.380489024871218,-0.21566473870618225,-0.975439550240543,0.04249457470420785,0.01416387749323696
5.164914846420288,0.6803299039623169,-0.14271533250765997,0.3786795022731163,-0.2122326408419724,-0.9763945734016196,0.037743654587627844,0.013651363705085604
5.190011024475098,0.6816919153388755,-0.1382260022105124,0.37683753379916546,-0.20875457057249588,-0.9773235241796235,0.03319984482590993,0.012570944834687086
5.210059881210327,0.6826482526676816,-0.13464745276352694,0.3753744958448426,-0.20596226137381218,-0.9780340468510548,0.029649059011884315,0.012242687165206306
5.234945774078369,0.6836349881659215,-0.13019380888327609,0.3736103592674626,-0.20256155537883566,-0.978862836592579,0.0251230034815389,0.012852941955171988
5.254972457885742,0.6843133354079524,-0.12669154039754035,0.37228134206509134,-0.1999311570357052,-0.979476162012186,0.02152016161480889,0.013815322654969759
5.279972553253174,0.6851185232925769,-0.12241347646177235,0.37069919738429447,-0.1967202145003679,-0.9801956141702177,0.017129198435240828,0.01497683975660468
5.3048930168151855,0.6858547792089538,-0.11834672404103257,0.3692502392663909,-0.19367813819682816,-0.980848005995903,0.012954691820746248,0.01606685650063873
5.324925899505615,0.6863950355754656,-0.11519526816510549,0.3681303148817424,-0.1913313560658625,-0.9813311188027248,0.009728213348628166,0.01693839781810224
5.349843263626099,0.687046310395013,-0.11128990521694537,0.36677249442900195,-0.1884240446386505,-0.9819057821370057,0.0057543437166311575,0.01800838517921966
5.3698694705963135,0.6875496870287473,-0.10819819526720542,0.36574897881659574,-0.18612471545322673,-0.9823421566747091,0.0026368560777723067,0.018828821192607918
5.394867897033691,0.6881389406177978,-0.10443182725968192,0.3645399509338402,-0.18332914757673285,-0.9828510378103336,-0.0011481710780785542,0.019822785552991388
5.414942502975464,0.6885740749101663,-0.1014747167510872,0.36359912263399047,-0.18114262927096425,-0.9832320275577294,-0.004100553365339008,0.020623125553190628
5.439928293228149,0.6890845767147612,-0.09786385583247477,0.3624764808821549,-0.17847730025750497,-0.9836768351713766,-0.0076992413122491015,0.021597660129632545
5.459948778152466,0.6894694970650227,-0.09503534350829132,0.3616181176279174,-0.17639231720579315,-0.9840100961873286,-0.010490636390681412,0.022356824024393315
5.484938859939575,0.6899178410350397,-0.091716852485629,0.36066690209954444,-0.17394399045116654,-0.9843858289913571,-0.013757686949315283,0.023211073147284537
5.504950046539307,0.6902370410992338,-0.08929461783759461,0.3599891930270592,-0.17215877768268423,-0.9846487256492138,-0.016136591086622316,0.023829661602521274
5.534854412078857,0.6907054266541817,-0.08574233492036167,0.3590619983551762,-0.16953858413302292,-0.9850212333702517,-0.019521158887754464,0.024673116045838887
5.559831380844116,0.6910951249925186,-0.08294035347026836,0.3584059734882322,-0.1674614204338799,-0.985306220272028,-0.02215126902165851,0.02525165816582253
5.579833507537842,0.6913560470572229,-0.08074062831708509,0.35786036908236285,-0.16584722019802595,-0.9855178418727472,-0.024173942732024264,0.025785720777894882
5.599843740463257,0.6915924840756636,-0.07855034597996763,0.3572993678314607,-0.16424676025461057,-0.9857191592409809,-0.02620114769136333,0.026348447976062637
5.61989688873291,0.69182850200602,-0.07643422661095314,0.3567783970087822,-0.16269356395881646,-0.9859076822000931,-0.02819498894167453,0.026867992554842242
5.644861459732056,0.6920929996653293,-0.07398648789590852,0.3561838954347051,-0.1608953502485149,-0.9861168618300317,-0.030516526423844496,0.02747658453638893
5.669842004776001,0.6923257156489517,-0.07172077730352111,0.3556291420646991,-0.1592293466833438,-0.9863018072745011,-0.03267838739769647,0.028051437017236475
5.689959287643433,0.6924960692950282,-0.07006157003537393,0.3552372401504942,-0.15799518937667056,-0.9864340235884842,-0.034282232838510195,0.028463410765864745
5.714978933334351,0.6926780368343565,-0.06821199535217912,0.35479821040155257,-0.15654319426760047,-0.9865880516479154,-0.03607413769178399,0.028929245823061688
5.739831447601318,0.6928310403090884,-0.06659201789983818,0.35441691933771824,-0.1546173211244641,-0.9868207790045271,-0.03766603281142075,0.029317300447675648
5.759875059127808,0.6929422879381879,-0.06537881999808945,0.354137233009429,-0.15187494623868578,-0.9871925002946433,-0.038878625650316745,0.029553689018328638
5.7848827838897705,0.693080328534517,-0.06386938764790642,0.35380341424551154,-0.14703439086077427,-0.9878572303060907,-0.04040817426360706,0.02976843779607139
5.804895401000977,0.6931846025317525,-0.06273926617969043,0.3535594478599439,-0.14212917680850312,-0.9885224182782185,-0.041604071032431765,0.02986347157659317
5.82490611076355,0.6932834167728069,-0.06163165118871856,0.35332291847139297,-0.13630290089603703,-0.9892909907493309,-0.04278588283293602,0.029903562659492938
5.84986686706543,0.69340647647752,-0.06019296563621432,0.35302332620961396,-0.12784292581799017,-0.9903527247801147,-0.0443149758954579,0.029897320117932426
5.869900703430176,0.6935104670377306,-0.058982428625744696,0.35278304660248333,-0.12020547120889682,-0.9912519240036678,-0.045603605823522485,0.02984257003728011
5.894914627075195,0.6936468954316329,-0.05735168123970588,0.35246854840238107,-0.10972681688040901,-0.9923899406478367,-0.047311755873022415,0.02972926360569422
5.919888496398926,0.6937805612426331,-0.055646236110567,0.3521338834644018,-0.09850834437811645,-0.99348248448706,-0.04912939699390436,0.02957974739742271
5.944851636886597,0.6939113004946904,-0.053937324966233546,0.3518031464466253,-0.08688604348586487,-0.9944790755035545,-0.050981066847704704,0.029378813043232272
5.964886426925659,0.6940100021947905,-0.052595766041485525,0.35154141076972195,-0.07748528722579033,-0.995184402735972,-0.05246135114556907,0.02918632300356223
5.984893560409546,0.6941039034920444,-0.05128344549733255,0.3512843321515415,-0.06812101149031964,-0.9957969396792296,-0.05393243662575179,0.02897024332892198
6.004903078079224,0.6941916266007134,-0.050011194873579204,0.35103364702520257,-0.05881334105564261,-0.9963176739350149,-0.05537770238356628,0.028729664062685276
6.029839754104614,0.6942918866945295,-0.04844368789426504,0.35072396418217167,-0.047414095974474525,-0.9968342836767098,-0.05714769508762293,0.02841575858429806
6.049883842468262,0.6943751521227182,-0.047151945408379047,0.35048213032540043,-0.03858150683514201,-0.99713980630639,-0.058574147661502644,0.028155696324828065
6.0748724937438965,0.6944786993343245,-0.04553619089707819,0.3501856957369138,-0.027960264078311335,-0.9973978384536005,-0.06034628374435572,0.02782267993879673
6.099837064743042,0.6945779796117371,-0.04389773459298556,0.3498842103702903,-0.0176258545951899,-0.9975337452793727,-0.06213174668329316,0.02748458354392522
6.119837760925293,0.6946546936547847,-0.042597317085728156,0.34964940116321575,-0.0094785631403753,-0.9975626225923975,-0.06355592482051067,0.0271958685751848
6.14483118057251,0.6947404542087221,-0.04105945480146489,0.34937380260700457,0.0005063133027576539,-0.997508785790744,-0.0652465743630712,0.02681138658834896
6.169827938079834,0.6948123116503588,-0.03957237679247373,0.34910059197600396,0.010300298872312487,-0.9973597566741896,-0.06685308671405378,0.026421287003708518
6.189972400665283,0.6948636576295769,-0.038382284685479905,0.3488722844654616,0.018006868207904175,-0.9971735883401559,-0.06810773317248021,0.026113676424407182
6.214885473251343,0.6949143946666364,-0.03692193093012652,0.3485764314227384,0.02743839624807971,-0.9968630602027139,-0.06963264017895383,0.025738473856643178
6.234936714172363,0.6949476244812262,-0.03578555413411574,0.3483314499473614,0.03479686462701134,-0.9965577471547183,-0.07081277355261628,0.025443779197641358
6.2598888874053955,0.6949866276791495,-0.034368935196665173,0.34801638653905087,0.04379209734716963,-0.9961075521311855,-0.07227128675749635,0.02507703944678861
6.284956693649292,0.6950137503729997,-0.03296213656048219,0.3476751142709768,0.05267933698216286,-0.9955802887837831,-0.07371235492541246,0.024723769359689514
6.309871196746826,0.695029549986355,-0.03163064886622281,0.3473202433518989,0.06140564278173843,-0.9949862779386521,-0.07508346625947168,0.024374717289174307
6.329952239990234,0.6950434501662993,-0.030599879067036727,0.34703794560409473,0.0682627275045892,-0.9944670774797987,-0.07613016009006066,0.02407551800254219
6.354865312576294,0.6950651542072069,-0.029331545271242883,0.346678790289332,0.07670420930620059,-0.9937642083253637,-0.07738638849734147,0.02367507975802775
6.375032186508179,0.6950901053096332,-0.02835649368175256,0.34629359218856515,0.08337250953891057,-0.9931597323309804,-0.07833534289258301,0.023374019408932554
6.4000022411346436,0.6952272250704232,-0.02726779126566718,0.3454879587804751,0.09147952568938165,-0.9923928238279212,-0.07920239631517834,0.022692730385232066
6.424910306930542,0.695495146605463,-0.026414420095247023,0.34420440005015657,0.0991853718149969,-0.9916572319327485,-0.07950629996754473,0.0213762634470849
6.444951057434082,0.6957967100555237,-0.025932818500974154,0.34288162424273166,0.10498092118472105,-0.9911008291604549,-0.07936926268973557,0.019966791544998575
6.469825506210327,0.6962479288893507,-0.025574121085328,0.34077009546616255,0.11181023671455256,-0.9904377986258854,-0.07878912014871033,0.017992013917502214
6.489856481552124,0.6966683893561425,-0.025471638350061256,0.33878515728277947,0.1170382921068544,-0.9899274290809389,-0.07800199507613405,0.01616824348824556
6.509884834289551,0.6971428321008198,-0.025480591584184684,0.33657338733125974,0.12215604408572081,-0.989422913031467,-0.07694784448746537,0.014114860612603803
6.534908771514893,0.6977558079744545,-0.02553363570615183,0.3334692854212166,0.12840532364991533,-0.9887760339847325,-0.0755041130366628,0.01153934091676377
6.5549163818359375,0.6982219403890436,-0.02559639838503768,0.33069301253013844,0.1334454140107734,-0.9882161301296865,-0.07434409408049468,0.009703468814761269
6.579856872558594,0.6987814458912636,-0.02567348621295856,0.3268697551682586,0.13986997640101476,-0.9874546697203394,-0.07287836393826924,0.007642579379257057
6.599869966506958,0.699209590053555,-0.02571572733732578,0.3237085623078658,0.14503045727774566,-0.9868072446362337,-0.07169724191634326,0.006093758977532699
6.61987829208374,0.6995588683986084,-0.02572881966293577,0.32047162945014773,0.15024280835888187,-0.9861099892781912,-0.07063837687532246,0.004940373327430475
6.639934301376343,0.699800144076425,-0.025712830456515984,0.3171182241379834,0.15556110341328883,-0.9853479245864328,-0.069791501564182,0.0043996509352641905
6.6648643016815186,0.699977781084781,-0.025649845118286912,0.3128484635288206,0.1625608101668413,-0.9842737443863117,-0.06899299444868,0.004375594415478257
6.684905290603638,0.7000607841735168,-0.025497842472324263,0.309595747695622,0.16859280682505207,-0.9832889848503916,-0.06853982300154614,0.00464008813412959
6.704927206039429,0.7000297894421788,-0.02517670930806095,0.30647509703994197,0.17501297247357894,-0.9821735131406981,-0.06838554223676518,0.005391397082122648
6.72988224029541,0.6998365645125155,-0.024698361028430586,0.3027842433268646,0.18352428349431218,-0.9805930815707012,-0.0686062916349053,0.00701587408125167
6.754874229431152,0.6995913877213453,-0.02417972728291208,0.29941425534681565,0.1925544838402852,-0.9788153976301095,-0.06903621727239284,0.008785716756325586
6.779869079589844,0.699354014563841,-0.023535316869608566,0.29645495031903474,0.20200382374190592,-0.9768562273463269,-0.06958062547562073,0.010242209109360067
6.7998738288879395,0.6991615213440247,-0.022943200674728298,0.2942962194428426,0.20981325278820137,-0.9751588477492414,-0.07012242922687503,0.011245689391607392
6.8198981285095215,0.6989903490915103,-0.022266459485870957,0.2923548965244146,0.21781344388376256,-0.9733505598971351,-0.07071410892092522,0.012062587243945119
6.844860076904297,0.6988040363558247,-0.021272174748870908,0.29015129698322817,0.22819167175350633,-0.9708991814379684,-0.07154307590158139,0.012842457580968317
6.864863634109497,0.6986704623664028,-0.020279447963499314,0.2885869058327009,0.2368278062837607,-0.9687630198868005,-0.07234847847629586,0.013285297674336763
6.889867067337036,0.6985224360541482,-0.01870052484119574,0.286925621042237,0.24794645922412986,-0.9658801250967677,-0.07357545139959513,0.013593757881159865
6.914864540100098,0.6984121400965192,-0.016781774759689776,0.285521612031582,0.2593992959008903,-0.9627560340899353,-0.07502411723594389,0.013572248981192404
6.93985915184021,0.6983247239491988,-0.014701611480138075,0.284350058114232,0.2711463822075119,-0.9593955486926062,-0.07656944005104349,0.01330193273518445
6.9648590087890625,0.69824805830919,-0.012635322751212453,0.2834022516813383,0.2830640795205977,-0.9558279330268661,-0.07812267152070484,0.01282721818377589
6.989849328994751,0.6981720747173285,-0.010610128469395231,0.2826692584456556,0.2947450899618943,-0.952172253602879,-0.07965177468610414,0.012203532337268149
7.0098607540130615,0.6981109283860351,-0.009121898274680481,0.28227428989255643,0.3036287047236895,-0.9492875429551937,-0.08079542259911045,0.011613360592694506
7.029875040054321,0.6980736376429227,-0.0077554624157392775,0.2820261804249886,0.3121421392022887,-0.9464428191752169,-0.08181662573525467,0.010923127682602084
7.0498926639556885,0.6980492513021699,-0.006649414195280357,0.2818798195851816,0.3202346240531362,-0.9436680517531527,-0.08268338288005582,0.01019077288468849
7.069984674453735,0.6980394384070566,-0.005630238087972712,0.28177745525840764,0.32795603915079274,-0.9409532310323551,-0.08344065847957578,0.009460967521661498
7.09489107131958,0.6980149503962106,-0.004599696160406579,0.2816564179742429,0.3368131039357296,-0.9377576380598878,-0.08421868908659658,0.00864625259241807
7.114938020706177,0.6979672891364711,-0.003921813439781485,0.281532125900054,0.34310744675048055,-0.9354299035923953,-0.08474931576406253,0.008107337753827978
7.13494610786438,0.6979042742546755,-0.0033908785529253565,0.2814024184120797,0.3485651279366186,-0.9333723978472023,-0.08520328266747972,0.007662841852130872
7.154969692230225,0.697650006354348,-0.0030086737548040057,0.28108160009077016,0.3530057097439071,-0.931656946500664,-0.08570084613292592,0.007593938129448742
7.179891109466553,0.6969761802924431,-0.0026942023997028296,0.280288879958662,0.35706508979416895,-0.9300333205150136,-0.08646154214188827,0.008182060449045167
7.204850912094116,0.6959088024965501,-0.002561640393752883,0.2790449048533925,0.3594024369578418,-0.9290353333440066,-0.08736346292029559,0.009532211385987676
7.2248756885528564,0.6948639701171677,-0.0024772074311300886,0.2778469471610422,0.3601104181645762,-0.928668849635758,-0.08817042456837917,0.010983199759145095
7.2449259757995605,0.6937441176372299,-0.0024247734416390273,0.27656822440180895,0.3599123781239233,-0.9286439306830755,-0.0890198663079945,0.012609261737613469
7.269948959350586,0.6922424038681222,-0.0024224584235848067,0.2748713902657758,0.35935635334695976,-0.9287197413223273,-0.09013464814265967,0.01477831493194403
7.289963245391846,0.6910633434518548,-0.0024187678964647068,0.27349554331660375,0.3588689995898799,-0.9288033969923714,-0.09094881891177119,0.016297337411298744
7.314895391464233,0.6896615504247217,-0.0024943670993945524,0.27171343992979874,0.35824500030578177,-0.9289721580465291,-0.0914307174781741,0.01765426950670845
7.339881181716919,0.6882168768343245,-0.0026767924414627785,0.26979730625166615,0.3575267370912246,-0.92921448432746,-0.09156975149072823,0.018709756616401577
7.364879131317139,0.686661879293651,-0.0029227873998967247,0.26772848307917546,0.35671573727203704,-0.9295036531367684,-0.09158686727181242,0.019715154871354546
7.385012865066528,0.6853545270287481,-0.0030992219735837597,0.26599674293611186,0.35605431583025143,-0.9297385553350309,-0.09159888914493537,0.02052282655928337
7.410033941268921,0.6836884793989854,-0.003173020759120182,0.2637981533661579,0.35530656622733214,-0.9299914524640563,-0.09170937656065214,0.021506570865056796
7.4349493980407715,0.6820029171667279,-0.0029754417384448596,0.26155509564486684,0.35470210205950986,-0.9301737992419793,-0.09199304453024956,0.022369661510379474
7.454957008361816,0.6808088315088141,-0.0025678237412655406,0.2598911312829029,0.3544132360900588,-0.9302569103842484,-0.09218911800797107,0.022682708995246763
7.479887008666992,0.6795396179370712,-0.0017337726541944414,0.25797840434183555,0.35431665996182193,-0.9302790119249447,-0.0923629517389584,0.022577634762187167
7.504888534545898,0.6783356443252273,-0.0005674043499304358,0.2560650246393601,0.3544259948882539,-0.9302323207488118,-0.09252594926266125,0.02211317017316488
7.52981424331665,0.6773752647962036,0.0007636652437956592,0.2543182653755667,0.3546858716117536,-0.9301766291162207,-0.09235808873793068,0.020960786473421807
7.549818277359009,0.6768673589303309,0.0017712046639405416,0.253115509902443,0.3549160767242078,-0.9301763079731729,-0.09181188561314985,0.01942143734514443
7.5748045444488525,0.6765282287810691,0.0029221434711950503,0.2519000931041749,0.35521772036517596,-0.9302134554844965,-0.0907476359644054,0.016975421670800264
7.594807863235474,0.6764336095809887,0.0037868081316237354,0.2511214277434484,0.3554810513130514,-0.9302443616241054,-0.08977206735256851,0.014819775547214023
7.615095376968384,0.6764385267475731,0.004675512716276944,0.2504604809672982,0.3557945317265384,-0.9302553606326022,-0.08875293443572599,0.012575048205527671
7.639857292175293,0.676599870420342,0.005697087077173698,0.24981619518158482,0.35618022348009887,-0.9302797364283877,-0.08731002387222198,0.0096031309341058
7.659860372543335,0.6768635491675385,0.0064455613981968425,0.2494692305828125,0.3564932622418696,-0.9302932263392503,-0.08611464291186574,0.007164864301868746
7.68489408493042,0.6772909990110406,0.007362184912080887,0.24922617331288618,0.356936968363731,-0.9302707124371399,-0.08470002375526393,0.004278804509880768
7.704936981201172,0.677642376763556,0.007975686958141413,0.24913550997822423,0.35725488400768196,-0.9302492648346775,-0.08366666231686457,0.002267753950741558
7.729852199554443,0.678003781960761,0.008629747383440998,0.24906634977492906,0.35760775570123216,-0.9302124007526024,-0.08259244661586614,0.0002618688282364312
7.749871492385864,0.6782362339439144,0.00905547963991049,0.24902892256818454,-0.3578462149381905,0.9301860007916868,0.08184788153554508,0.0010072913265445798
7.774842262268066,0.6784531940588252,0.009499918934688965,0.24899238402302992,-0.3581121585987163,0.9301535506793556,0.081025907384668,0.0022037123700795577
7.794890880584717,0.678572429215862,0.009847382386321813,0.24895946928383014,-0.3583274498999075,0.9301134126494498,0.0805108393460622,0.0029125610411905077
7.819867134094238,0.6786774569685972,0.010226722941296949,0.2488896156397875,-0.35856117956894856,0.9300683079159515,0.07996018906643423,0.003631980932755626
7.844838857650757,0.6786992972303668,0.01059204159836996,0.24877493893298377,-0.3587713198143383,0.9300189215882154,0.0795676702694814,0.004114780197046932
7.864844560623169,0.678637108456512,0.010878967733847856,0.24863549082068281,-0.3589254463367047,0.9299757805823419,0.07936666744196211,0.004301581846055206
7.884874582290649,0.6785126819057231,0.01118156554657925,0.24843423700300893,-0.35907573835698303,0.9299313358649617,0.07920298297724608,0.00438317128713111
7.904932022094727,0.6783458850935777,0.01153824156186706,0.24816572236157786,-0.35924098672180965,0.9298873942394498,0.07896131916233678,0.004523005096061434
7.929939031600952,0.6781350807746097,0.012096472348242755,0.24778389207657042,-0.35950453334732807,0.9298195110672436,0.07853994314734122,0.00486257802596898
7.94995903968811,0.6779554440677472,0.012647578574330933,0.247438031532278,-0.3597735982120237,0.9297470824278987,0.07814215381442446,0.0052081227982714185
7.9748640060424805,0.6777180467886511,0.013387194091997567,0.24699380049034753,-0.3601423323221477,0.9296477742615477,0.07759195197780197,0.005657320039711455
7.994945287704468,0.6774912598224765,0.013977426347898782,0.24662221436453657,-0.36043687983869416,0.929564308132563,0.07720500027578679,0.0059025950703165825
8.019965887069702,0.677192739853932,0.014651365142302322,0.2461186509446562,-0.36075977156434813,0.9294817261129196,0.07666444270243271,0.0062186227840181465
8.044891119003296,0.6768627931070523,0.015235981240431328,0.24553730128782686,-0.36101312625295595,0.9294381707691717,0.07596271856821149,0.006623804225576717
8.069852352142334,0.6764306202978204,0.01577774465684162,0.24489961730561066,-0.3612224896699401,0.929402130864737,0.07538987709598603,0.006808710002707125
8.0899498462677,0.6760317600425755,0.016162147108647967,0.2444084695036547,-0.3613673343717857,0.9293686770797689,0.07511850557239172,0.006687438282495817
8.114810705184937,0.6755652125665002,0.016615228660235737,0.24378902205927577,-0.3615389244690524,0.9293381653633991,0.0746716627762426,0.006657572412163207
8.13981032371521,0.6751294374734652,0.016958250088357746,0.24314654567195035,-0.36162236431751327,0.9293510485148095,0.07408810747991706,0.006844456066385676
8.159815073013306,0.6747449277539745,0.01726620153143356,0.2426134016130651,-0.3616997937710761,0.929353597395698,0.07366935750986742,0.006926467962930204
8.184818506240845,0.6742623174694001,0.017630715560929006,0.2419829549171568,-0.36178662238742515,0.9293537481978453,0.07323725357277865,0.006953794828166424
8.20993447303772,0.6738216201498497,0.018153341482389267,0.24137496579644066,-0.361985763533686,0.9293101685423657,0.07279288069919557,0.007079135491853916
8.23485541343689,0.6734003637766763,0.0187360001866419,0.2407265967978791,-0.36222099771882277,0.9292609853529452,0.07221977963341068,0.00736704437803398
8.25486421585083,0.673090306830302,0.01926857249057014,0.24020262026604328,-0.36246704396231494,0.929211314459453,0.07158134062872416,0.007751567235113393
8.274951934814453,0.6728384973116392,0.019663910002052302,0.23973548098777833,-0.3626440572415419,0.9291965039900124,0.0708135233684187,0.008281885491854605
8.299933433532715,0.6726426453692282,0.020051466460159845,0.2392495871244324,-0.3628146698935934,0.9292059852635606,0.06968829931434237,0.009235431618227548
8.31994891166687,0.6725259068082549,0.020257979110328506,0.238881694009013,-0.36290713255638274,0.9292330723738147,0.06872349518506547,0.010069337413723022
8.34497594833374,0.6723807503808324,0.020516366577730344,0.23841938356415415,-0.36299036013528796,0.9292726800136285,0.06757754632304373,0.011115748373269969
8.369868993759155,0.6722889708974176,0.020738097757168547,0.23798090679762923,-0.36303572926503647,0.9293254080869906,0.06639207539347844,0.012305993885640099
8.389890909194946,0.6722726216893057,0.02090941061920169,0.23766298525550167,-0.3630766705028699,0.9293679936967775,0.06535491235866032,0.01338652530353899
8.409934043884277,0.6722389584394792,0.02100642784243348,0.23734548363709868,-0.3630705646471607,0.9294241499072722,0.06436888674981786,0.014393091208415908
8.434829235076904,0.6720011527420678,0.020997099315486406,0.2368625308817924,-0.36299782800871416,0.9295031193008938,0.06349757258715234,0.014986205195397962
8.454840660095215,0.6716094119370354,0.020859943935417683,0.23638821042316616,-0.36284211112225717,0.9295890501243151,0.06316833149737658,0.014817630738186338
8.47982382774353,0.6710549863323313,0.02070644097135211,0.2358238510611506,-0.3626346587880983,0.9296846087454906,0.0630844342732761,0.014247338679666436
8.49983525276184,0.6706462074186098,0.020637976438200756,0.2354099008882744,-0.3625147944109861,0.9297378540985448,0.06310312546683385,0.013731061340170037
8.519881248474121,0.6702345746089762,0.02057118294101946,0.2349650218213956,-0.36240425629189893,0.929787536895581,0.06312607754604722,0.013167748034897052
8.539913415908813,0.6697725793141982,0.02048261830889998,0.23444549660868086,-0.3622882854943733,0.9298405460542849,0.06314548694690411,0.01250618187025311
8.564844131469727,0.669112842757584,0.02036930930427684,0.2337629867207906,-0.36213311926512143,0.9299045237421079,0.06328048223113088,0.011522205705211824
8.589830160140991,0.6684373576632241,0.020288400354301434,0.23312085009162803,-0.36196938123746575,0.9299677661135666,0.06345316378167636,0.010574357761472489
8.614859819412231,0.6679231511097538,0.020333774290753615,0.23260451228699822,-0.3619004160611025,0.9299984224741005,0.0634878372298417,0.010015866145656449
8.634860038757324,0.6676619989547684,0.020424638695562117,0.23228667738408115,-0.3619159372921655,0.9300067193755686,0.06329146485888631,0.009927070461262857
8.654939651489258,0.6675096378732714,0.020502162795960812,0.23204267368871012,-0.3619426591627852,0.9300225700766069,0.06287182564119907,0.010132332725916302
8.679847002029419,0.6674724096426489,0.020628159036635195,0.23184051130106853,-0.36200065292069583,0.9300432698478801,0.06211394969517993,0.010812064948674567
8.704829216003418,0.6676228540183143,0.0207355409172266,0.23176377488567568,-0.36207681074343046,0.930066347510693,0.06111247632996829,0.011926340034882982
8.724931955337524,0.6678283403771343,0.020876723458605265,0.23177413656534007,-0.3622208054190393,0.9300554757292093,0.0602087488189421,0.012954024620387342
8.749850511550903,0.6680564627235492,0.021003733344171494,0.23178868351650264,-0.36240900712791835,0.9300368652867368,0.059103201893686216,0.014069551751911434
8.769903421401978,0.6681978793538585,0.0208806843976257,0.2318188990586447,-0.36243653678918225,0.9300745602348129,0.05818382134445988,0.014687141910043349
8.79494833946228,0.6683681655202804,0.020462828384931273,0.23192065926350713,-0.3623692133736377,0.9301792956536321,0.0567761208685656,0.015215230391342413
8.819926261901855,0.6685172957710095,0.01962999782243502,0.23211014647590056,-0.36216148789041913,0.9303638195468147,0.05501852332001351,0.015335646664094536
8.844868659973145,0.6686222051519806,0.01838637423698901,0.23238025701323625,-0.36179001546998624,0.9306326246673468,0.05297655988544775,0.01497954317253064
8.8697988986969,0.668726553411155,0.017029294809134538,0.2327102119758275,-0.3614065829701874,0.9309211849213476,0.050609232258929916,0.014482225694353163
8.889949083328247,0.668812861704285,0.01608904477352755,0.23300210966032747,-0.3612176769707325,0.9311089522274173,0.04858301486533701,0.014057012230633392
8.91487979888916,0.6689206071749547,0.015049655884804156,0.23342303881842696,-0.3610917687920159,0.9313032576665603,0.04588977011285383,0.013457554364978449
8.939858436584473,0.669039742549034,0.013939546411373592,0.23390675521012233,-0.36094961747117144,0.9315097396941635,0.04290590961179041,0.012808646362595072
8.964859247207642,0.6691431332529163,0.013122588415316822,0.2343862651155625,-0.36103646562144814,0.931623511197576,0.03979974620548686,0.012094795482928482
8.989886999130249,0.6692542536190516,0.012863814874537648,0.23487871296331375,-0.3614879027451772,0.9315829106290506,0.03673012972382293,0.011431288794309019
9.009925365447998,0.669338330919131,0.012936976672599233,0.23531577479449817,-0.36202001044348003,0.9314755876157561,0.034295126373449544,0.010889720879684968
9.034845113754272,0.6694326180214002,0.013275120907018748,0.23589825575141934,-0.36284727453174337,0.9312697962842887,0.031219805914941157,0.010185559000322078
9.054854154586792,0.6694907310211894,0.013759047254527326,0.23635556458695184,-0.3636527457253054,0.9310412206690906,0.028754328381592437,0.009597632023618716
9.074923515319824,0.6695277888778327,0.014359212002583319,0.23680349095051226,-0.3645347511995245,0.9307758419509053,0.026271540560722995,0.008975152698794857
9.09498929977417,0.6695247786010795,0.015148435408308614,0.23723113994926848,-0.36552386445420326,0.930459154186032,0.023846832265731876,0.008330395863513727
9.1198890209198,0.6694275114553409,0.016271499374504207,0.2377213745427049,-0.3668295906920564,0.9300247362571159,0.02085399664588209,0.007426450478754696
9.144837379455566,0.669211551821813,0.017276986212300484,0.23814306702978416,-0.36805505702685387,0.9296128836166972,0.017755171242716795,0.0063336801450096045
9.164932489395142,0.6689423926943391,0.01782114731940393,0.23844086067304843,-0.368864387031594,0.9293453440728449,0.015113863587770424,0.005278878847946671
9.189863681793213,0.6685043258086991,0.018178964671117175,0.23879725673825486,-0.36966306840317414,0.9290858584726526,0.011596356940585618,0.003769342486754357
9.209939002990723,0.6680483189620505,0.018127994247176538,0.23904068229257575,-0.3700630614068889,0.9289633204292875,0.008649402493307614,0.002380697624691896
9.229943990707397,0.6675412599737804,0.017827788608360894,0.23927383814982445,-0.37029579017986003,0.9288964910387586,0.0056149643970286175,0.0008993245602437496
9.249956607818604,0.6669897967389596,0.017495476115940562,0.23944963001149105,0.37047689443217585,-0.928837661155507,-0.002659681501330126,0.0006291890447484547
9.274907350540161,0.6662924051892057,0.017079714487127237,0.23965457207049545,0.37066281899574594,-0.9287637169354837,0.0008842854071096202,0.0025001571860324987
9.29984450340271,0.6655559941885183,0.01676954823904409,0.2397894981733495,0.3708327097594466,-0.9286804693242037,0.004114053029883585,0.004331493413129051
9.319910764694214,0.6649327375728334,0.016689005056711826,0.23983326500890487,0.37089581897470064,-0.9286360157217797,0.00626811975122952,0.005670312363631096
9.344923973083496,0.6641964321888055,0.01688944098558798,0.23981668149109908,0.37075694513886354,-0.9286679159549415,0.008191267816894075,0.006934885589632275
9.36986255645752,0.6635386475265145,0.017617837320151278,0.2397091470575297,0.3704677137650469,-0.9287688866447793,0.009131975107891393,0.007657368215427274
9.390007972717285,0.6630478744636605,0.018356020376131137,0.23959906511558,0.37001169177194926,-0.9289468993774483,0.009281104604449586,0.007928883094965908
9.41488528251648,0.6624785352608575,0.019319826722042622,0.23943843135539056,0.3689009089721369,-0.9293957833047682,0.008636228323739876,0.007811075234439526
9.43494439125061,0.6620251901508236,0.020018276917550877,0.23924016795045686,0.3674912643448182,-0.9299674643529069,0.007471116736084202,0.007407313264225338
9.459901809692383,0.6614127536928083,0.02084988551798447,0.23883996433225052,0.36526780179432605,-0.930863376612387,0.005302087756401928,0.006685425850689812
9.47990894317627,0.660949516000457,0.021576574708833323,0.23845949844873857,0.3633627357021425,-0.931623388610193,0.003175263599446762,0.0059415318923180995
9.504898309707642,0.6604387772145779,0.02255109561321288,0.2379459654670536,0.36103250561744293,-0.9325403730858851,0.0002563431133581984,0.004890474121046022
9.529803276062012,0.6599533742872592,0.023670067291259988,0.23743343872671985,0.3590047343873262,-0.9333238616634452,-0.002659259986182869,0.003885649030831368
9.549811124801636,0.6595637691346583,0.024648279149235543,0.23700711749814674,0.3576642031569174,-0.9338320214453926,-0.0048814351005391655,0.0032007990115440993
9.574795007705688,0.6590927542733142,0.025986721678488072,0.23643464574924788,0.35635298481671096,-0.9343176108328037,-0.007550706227944441,0.002477732021253026
9.594794988632202,0.65877282951867,0.027062131307585998,0.23598331945065681,0.3555924714004075,-0.9345904987522426,-0.00952218995385756,0.0019803630563715855
9.614883661270142,0.658489268161563,0.028076766961346013,0.23555427274361457,0.3551333588639763,-0.9347472757073134,-0.011188141323263267,0.0016289514253384637
9.639830589294434,0.6581675441304276,0.02905548308359284,0.23493325099725781,0.3549348591655435,-0.9348037158462329,-0.012682913094332445,0.001549947278255414
9.659874677658081,0.6580137104636822,0.029679088293332337,0.23441875899849107,0.3551270651320262,-0.9347214254272738,-0.01334055670158518,0.0016290877661226681
9.679999828338623,0.657981100674538,0.030128381841128662,0.2338534747957223,0.35543724656080594,-0.9346026748740683,-0.013420099047855483,0.0014507803456183758
9.70001769065857,0.6580708124241994,0.03042002439389805,0.2332003210527373,0.3556663040185735,-0.934523332080728,-0.01292838981052807,0.0006918235352921401
9.724833488464355,0.658326686974225,0.030580565611503845,0.23225138491781902,-0.35584689782333284,0.9344718179067514,0.011595187275288096,0.0009789546228114517
9.744858264923096,0.6585941844713891,0.03056058498051001,0.23133314636895605,-0.355917625178965,0.9344590239834993,0.010097686616071458,0.0026482649433338156
9.769821643829346,0.6589617486025421,0.03041481981410226,0.230059700507129,-0.35595643565558216,0.9344561478242137,0.007922904758916957,0.004894005576286201
9.794837713241577,0.6593173912074691,0.030216208406153213,0.2286127695078563,-0.3559971338107211,0.9344431992605058,0.005636854043555102,0.007083357373713843
9.814854145050049,0.659549188160425,0.030029348408589573,0.2273010705666101,-0.3560221624045555,0.9344298898114974,0.0038462678192427123,0.008614355898918883
9.834880590438843,0.6597120797569754,0.029812807330259195,0.22586834336874484,-0.35602323951288,0.934422896003297,0.0022144911492343934,0.00981836958066613
9.859864950180054,0.6597935335767858,0.029533971160368225,0.22404051200704844,-0.35600753856831824,0.934421612228141,0.0005771585874335431,0.010702801976409387
9.884942531585693,0.6596949856795568,0.02935770456735233,0.22216545166366164,-0.3560314154452459,0.9344122718551762,-0.00043217285747148806,0.010730827080018606
9.909841537475586,0.6593806701892093,0.029243725060941115,0.22026736000432712,-0.35605866420078325,0.9344134765129013,-0.0006583798016888368,0.009656557069384689
9.934789180755615,0.659033289146639,0.0289914377118356,0.21867189055644692,-0.3559918597990959,0.9344526025243535,-0.0006494687966493963,0.00822846163293637
9.954881429672241,0.6587694003092892,0.02873991800885545,0.21766101715855124,-0.3558949650923178,0.9344989991997703,-0.0005676855818200222,0.007076160713687707
9.974922180175781,0.6585214491418026,0.028334658592045023,0.21689648780593423,-0.3557106941641606,0.9345776372145266,-0.0005578899369899801,0.00585071211810158
9.999895811080933,0.6582824699549619,0.027673311776828365,0.21622204686213858,-0.35541066436244767,0.9346993222351146,-0.000798566276677122,0.00444960230766426
10.024863481521606,0.6581793451066104,0.026851025494072398,0.21584098145959402,-0.3550306805910866,0.9348467527392937,-0.001448739558399215,0.003558916661908053
10.044885873794556,0.6581941110439091,0.026120437720911417,0.21573613031790753,-0.3547007610541433,0.9349716671439144,-0.0022607612613741277,0.0032001086466963325
10.069849491119385,0.6582638227783758,0.02531378289557619,0.2157716206336364,-0.3543508625081145,0.9351022974823714,-0.0032583418121729744,0.002922787777411882
10.094797134399414,0.6583383772561279,0.024654990318297577,0.2159453876561227,-0.3540640549143873,0.9352079510507855,-0.004122972051116504,0.0027810823246053862
10.114800214767456,0.6584002366002145,0.024232837080604957,0.2161205793885251,-0.353882242482612,0.9352741481407735,-0.004708001502003339,0.0027314813353251414
10.139794111251831,0.6584861388084787,0.023782294879467133,0.21632638347130667,-0.35369911115087793,0.93533993375317,-0.005374414709613477,0.0026949543928950132
10.159921884536743,0.6585417916928505,0.023550480436053015,0.21643722185061542,-0.3536255204783178,0.9353652649896564,-0.005808183301188482,0.0026603254043525947
10.1848464012146,0.6585764111336476,0.023581560488145005,0.2164875816444989,-0.3537128722600707,0.9353304505855813,-0.006103736235255307,0.0026261431308261876
10.204914808273315,0.6585654325580844,0.02383712750953859,0.21646221859997555,-0.3539157384329991,0.935253248571001,-0.006193116155833573,0.002580006861244304
10.224935531616211,0.6585311932208542,0.02425701292405791,0.21639824436476024,-0.3542333209512452,0.9351327172286347,-0.006269430778662288,0.002499944726516441
10.24992299079895,0.6584801311834304,0.02484820550226827,0.21626029932520774,-0.3546874821306928,0.934960130830651,-0.0063867976292802265,0.0023563897165622093
10.274863719940186,0.6584309910803468,0.025362302136322328,0.21611206847858155,-0.3550993105255647,0.9348030372344458,-0.006554545231695159,0.0021907066126483836
10.299832344055176,0.6583743930776729,0.02581068981600725,0.21593117606911683,-0.355471566261557,0.9346606425723771,-0.006746550750119646,0.0019831377817015787
10.324785470962524,0.6583001202330031,0.02629016444475219,0.21567957217965344,-0.3558675351517266,0.9345091295895851,-0.006929328616816881,0.001722929352844721
10.344884395599365,0.6582363730025375,0.026647712177680936,0.21545485294876876,-0.35616567888049466,0.9343948774381621,-0.007069571333362166,0.0014977952168279366
10.364889144897461,0.6581692742508986,0.026978819860129864,0.2152082586069995,-0.3564459180166031,0.9342873009971915,-0.007208918267514032,0.0012562585632432265
10.38991379737854,0.6580868774247942,0.027232187306629296,0.21488151043767706,-0.35668659275041353,0.9341943290385308,-0.007400026614287946,0.0009326377499474385
10.41484522819519,0.6579963275619096,0.027284003112238844,0.21450070547167507,-0.35678757182969517,0.9341545908869143,-0.007583863281150226,0.0005604092839794133
10.434876203536987,0.6579147604788763,0.027277820384031735,0.21414063656778748,-0.35683471905404734,0.9341356609477894,-0.007713550365866177,0.00022557384853381468
10.454920530319214,0.6578235938838625,0.027259865771634962,0.2137197431570511,0.35687303943441107,-0.9341201599404387,0.00781898796476024,0.00014680880998778651
10.47983694076538,0.6576901908653714,0.02723029325008714,0.2131139596017897,0.3569219741321106,-0.9341000569084075,0.007957927968370127,0.0006777495731828795
10.499847888946533,0.6575610409756832,0.02715241274441442,0.21255858517716306,0.3569239768512064,-0.9340979084636634,0.008063085039958921,0.0011656411289528803
10.524843215942383,0.6573919124068972,0.026995314621313427,0.21177599431176936,0.3568980123760225,-0.9341053767038373,0.008218846293226128,0.0018451234754711847
10.549837112426758,0.6572064171874404,0.0268125004140987,0.210912121356354,0.35685888894357154,-0.9341172161255038,0.008370719070904285,0.002586694624567302
10.569863557815552,0.657054214842701,0.026693175224985457,0.21020098086579506,0.35684398124519506,-0.9341201378210382,0.008472694683718345,0.0031866292816596256
10.589870929718018,0.6568787833514871,0.02659345991552241,0.2094027843206026,0.3568438770896416,-0.9341169249772447,0.008555507809260406,0.0038498244686836587
10.61485505104065,0.6566833552971407,0.026478792147855347,0.20848974589303815,0.3568472026038264,-0.9341112347094017,0.008662800527260112,0.004607719010760678
10.639830350875854,0.6565810023158285,0.026359237800168342,0.20782680236276632,0.35684953781611223,-0.9341060888243029,0.008816819491995028,0.005146443489187588
10.659879684448242,0.6565455600231271,0.026278133935097574,0.20746855864198155,0.3568547072401877,-0.9341011871425685,0.008952078113268197,0.005436028107247432
10.679951906204224,0.6565478872179268,0.026217749013600793,0.20731479311876017,0.356863756744397,-0.9340954085835046,0.009106341969407291,0.005576855911430053
10.704843282699585,0.6565900187807457,0.026198983925550035,0.20735033912642453,0.3568954845969332,-0.9340814793166913,0.009289226246846694,0.0055779345394318235
10.729789018630981,0.656687438064499,0.026200516702625475,0.20748057808485018,0.35695278110533313,-0.9340578213596743,0.009518986624541507,0.005485190738644285
10.75480604171753,0.6567673448050162,0.02625034486258019,0.20759062185271152,0.35704135890094263,-0.934022090952883,0.009739810879257411,0.005416431568036524
10.774850130081177,0.6568115085056009,0.02629698099404145,0.2076639267494939,0.3571107446453906,-0.9339940885113015,0.009898623366703585,0.0053829303349837284
10.799818992614746,0.6568904145769631,0.026362865686365974,0.2077726543042417,0.3572084417354346,-0.9339548948765793,0.010108572218228808,0.005310391688277498
10.82482385635376,0.65695253182976,0.0264617392500396,0.20786373577915768,0.35732447836210185,-0.9339087446655973,0.010297748239369438,0.005256441585587701
10.84989881515503,0.6569859390068093,0.02659411754644691,0.2079332592104192,0.3574569982582895,-0.9338562274510889,0.01047036555913517,0.005235674270296329
10.874826431274414,0.65701927933327,0.02673639988449575,0.20801513983177902,0.3576043229409179,-0.9337975179769087,0.010681271160429835,0.0052205441730970095
10.89983582496643,0.6570477377634536,0.026893034391799155,0.208083572244672,0.3577573845634308,-0.9337367690130386,0.010870251001778596,0.005209378875449149
10.919843673706055,0.6570543429184718,0.027029477867342173,0.20811265678516938,0.35788219175316005,-0.9336874274435817,0.010994010450913643,0.005220765743626707
10.944889783859253,0.657060959741416,0.027144357440499235,0.20816103766130944,0.3580055317624231,-0.933637682180957,0.011189017362816616,0.005246287737398942
10.969851732254028,0.6570764824891614,0.02724059627980783,0.20822729781366173,0.35811686123013353,-0.9335924341367497,0.0113948843570827,0.005257113002641359
10.989862442016602,0.6570972209069311,0.02731830269162252,0.20828769617082749,0.3582103053578789,-0.9335544295922489,0.011570187706733398,0.005256888973446649
11.014840126037598,0.6571123722280202,0.027445713488428097,0.20834668584375948,0.3583435257346638,-0.9335009371980121,0.011755891813310151,0.005264677056340353
11.034873247146606,0.6571191047478105,0.02751600232421117,0.20838806176002414,0.3584265438378881,-0.9334671748771715,0.011898635309076585,0.005279069788665495
11.059846878051758,0.6571497797144191,0.027547246249343398,0.20846091325570174,0.35849738898261535,-0.933437444525746,0.01209822473830753,0.005271831768609992
11.079860210418701,0.6571869255743962,0.027567588499114237,0.20852416300035015,0.35855981893166744,-0.9334113378032931,0.012268552103437387,0.005254839835141422
11.104846000671387,0.657220193303682,0.027631104493000908,0.20858199815151623,0.35865925292670126,-0.9333707821720846,0.012449661409570904,0.005246828219879159
11.124954462051392,0.6572435274738601,0.027705254813629794,0.20863117961758032,0.3587684690736072,-0.9333267202843358,0.012605811215065515,0.005245219004481238
11.149934768676758,0.6572876731371248,0.02776774190256791,0.20871501576790374,0.35890769004021805,-0.9332705061451785,0.012812643449942629,0.005221930458315685
11.174828052520752,0.6573159252498363,0.027770471914851436,0.2087733244638847,0.35899905172295954,-0.9332325830348024,0.013011237771274392,0.005228241592203141
11.194835424423218,0.6573256712614428,0.027733280826670634,0.20880960521503517,0.3590405489461406,-0.9332140747595914,0.01318087528867969,0.005257319502796561
11.219846487045288,0.6573582158468593,0.02770670771611411,0.20888361108145082,0.35909385799692145,-0.9331906331086149,0.013387547460711701,0.005255188053302871
11.239935636520386,0.6574063421417535,0.027691731457352434,0.20896299427896012,0.35916268395426304,-0.9331616372512114,0.013571750917576638,0.0052280774837457486
11.26490068435669,0.6574653003003762,0.027690017231607526,0.2090608763490072,0.35929842284581864,-0.9331056474035737,0.013831820265744971,0.005212953138020779
11.284937858581543,0.6575085920306128,0.027696764722574083,0.2091418205941123,0.3594066914194419,-0.9330606250026787,0.014055602888862683,0.0052096314756416625
11.309874296188354,0.6575604306119909,0.027731311320550064,0.20924763778765257,0.35957397038463146,-0.9329917142397005,0.014348519680022808,0.005209698838294027
11.334863662719727,0.6576025558871329,0.027767767466523863,0.20934737778833346,0.35985164890006277,-0.9328797691807137,0.014654198597923152,0.005232733739193408
11.359822273254395,0.657628980168832,0.027819028680222423,0.2094327363548823,0.3610669998839387,-0.9324053158732966,0.014935375988873203,0.005280442660107184
11.379873037338257,0.6576379946098646,0.02794305005237266,0.2094905050049846,0.3629195762903493,-0.9316826788323973,0.015112958215371595,0.005325936688666094
11.399945735931396,0.6576454150034251,0.02812540600470699,0.20955408082824137,0.36546390140052354,-0.9306841901197156,0.015299871011732732,0.005384141067473032
11.424851179122925,0.6576637137232291,0.028401334915363608,0.20963680124088663,0.36926219784446623,-0.9291798983714253,0.01550820474907015,0.005444382307291084
11.449854135513306,0.657677855466575,0.028883143990322,0.20969584245380263,0.3735933740146688,-0.9274448213652592,0.015621754866732285,0.0054822427598830905
11.474809408187866,0.657659184634917,0.02950828137380032,0.20974380739425538,0.3783951156497965,-0.9254933850145134,0.015752250523592592,0.005567526136533763
11.499788045883179,0.6576542438825718,0.030189831375030347,0.2098191307930286,0.38361360040293835,-0.9233389869985044,0.015932923917967693,0.005644697439215246
11.5198495388031,0.6576514786266672,0.03073410537265176,0.20988038055413413,0.38789264925667827,-0.9215464869210201,0.01608615845046439,0.005709693913656971
11.544817209243774,0.6576235840183932,0.03142421810884633,0.20993065651953402,0.3927922658552584,-0.9194651816435215,0.016254813179585277,0.005813490626501348
11.569804668426514,0.6575951844705366,0.032067431872122645,0.2099754122025686,0.39659934118803786,-0.9178263167673263,0.016403284408217988,0.005894665431678737
11.594866514205933,0.6575755432502632,0.0325853314613966,0.21001364463289512,0.39886187200063467,-0.9168424136670913,0.016547313069652018,0.005948276710702727
11.614938735961914,0.657558717554126,0.03298166726744361,0.21003197971301793,0.39958782286421896,-0.9165238070910826,0.01667032418178522,0.005981901497402943
11.639847040176392,0.6575400995419388,0.03338821259924823,0.2100526558213966,0.39988064297359727,-0.9163928529175213,0.01683298359355529,0.006021724271669662
11.65988802909851,0.657529574485551,0.03364927205046951,0.21007115302486803,0.4000785242967697,-0.916304066607952,0.016954565521064897,0.006047695625534088
11.684825420379639,0.6575246468154132,0.033915755799115654,0.2100976572776881,0.4002355100182464,-0.9162334669194546,0.01706591798089174,0.006043596762820722
11.704845666885376,0.6575395619124927,0.03412577089890952,0.21013018351013718,0.4001979239041643,-0.9162521636113612,0.016990844988567743,0.005908093609922321
11.724908351898193,0.6575628806373044,0.03439652355762197,0.2101649455793937,0.4000324944537532,-0.9163306397232397,0.01674185161237448,0.00564557223621812
11.749813795089722,0.6575909091359402,0.034748905337745425,0.2102011625647095,0.39963245744666004,-0.9165166746283885,0.016250872490309768,0.0051955006048331484
11.76986575126648,0.6576102098132275,0.035142582941701826,0.21022854858817408,0.3992343253267699,-0.9167019458402432,0.015718551421819386,0.004735305355538758
11.794836282730103,0.6576408843315049,0.035669277162927324,0.2102639727879393,0.39858802852149267,-0.9170002553592168,0.014890234595733985,0.0040492094255188005
11.819866180419922,0.6576920949755011,0.03623813218206426,0.2103091532265211,0.3978144066398699,-0.9173545541797387,0.013923935482663123,0.003231687394659975
11.844830513000488,0.6577472048315367,0.036843618608950975,0.21035711501104487,0.3969584203664705,-0.9177433486491631,0.012871890317444934,0.0023394379849991874
11.869839668273926,0.6577888701266172,0.037519010312647996,0.21038983843319126,0.39607158674330417,-0.9181435761115742,0.011733514409629177,0.0014129715776280004
11.889857769012451,0.6578183614744286,0.0381444229337921,0.21042055238140578,0.3953790029662526,-0.918454378015041,0.010797332719130108,0.0006461967255453335
11.909997701644897,0.6578544419532365,0.038786584443634316,0.21045919625642584,-0.3946675437109993,0.9187712839761494,-0.009840496696766985,0.00014947013976293822
11.934943675994873,0.6579097618325463,0.0396037489709521,0.21050254554369063,-0.3937618626020798,0.9191715212006594,-0.00859829146855247,0.0011745654556659043
11.959771633148193,0.6579430171988824,0.0404562796865597,0.21052462828517282,-0.3928881637803505,0.9195541745179718,-0.007372931264165768,0.002156567092307093
11.979820251464844,0.6579762880417694,0.04111094793985491,0.210560979300086,-0.3921701410696239,0.919865675662071,-0.006403047900884427,0.0029529940770738616
11.999847650527954,0.6580118669368389,0.04184495695281459,0.21060733533117376,-0.39151023607755386,0.9201499853726018,-0.005440660286379844,0.00376014594849135
12.024899244308472,0.6580600266015756,0.04278420807089166,0.21066613958877178,-0.39069939640734636,0.9204962128307507,-0.0042295386863724655,0.004776485887994473
12.049851179122925,0.6580975190925087,0.04368636574150672,0.2107260852990407,-0.38996150015456243,0.9208081223541514,-0.0031314151271520665,0.005711781529263781
12.074898958206177,0.6581271174021099,0.044359708713759355,0.21077826399593014,-0.3892624806818752,0.9211013013165396,-0.002227393112291075,0.006492501112946736
12.099781513214111,0.658149723353283,0.044845872714050806,0.21081336885263047,-0.38863804255716344,0.9213617926983771,-0.0015041426303903465,0.007117330094454743
12.119787693023682,0.6581650351896537,0.04514270316353898,0.21083113960290958,-0.38824863123786946,0.9215235378882576,-0.0010797456645471098,0.007496906728053653
12.144784927368164,0.658194812903732,0.04542732735985236,0.21088763236927793,-0.38791006784767795,0.9216633505289853,-0.0007438175799793965,0.007867292477117949
12.16978669166565,0.658213126384199,0.045533122606924374,0.21094880886342338,-0.3878182593663297,0.9217009588908227,-0.0007624344361431292,0.007984909268505693
12.18991470336914,0.658211499907014,0.04547672247454791,0.21097225103479367,-0.387820767484928,0.9217002155020567,-0.000935785844514233,0.007930281002682291
12.214818477630615,0.658217107511801,0.04534021120969063,0.2110185841443899,-0.3877642412897529,0.9217243754695851,-0.0011444938095173185,0.00785868792643087
12.23982310295105,0.6582523891004164,0.045189446608829294,0.21110301915161403,-0.38770473464465016,0.9217492641762087,-0.0013784602675751688,0.00783789331851916
12.264855861663818,0.6582763236789422,0.04506994361026555,0.21116635965877623,-0.3876626297868792,0.9217668145122703,-0.0015970672885707532,0.007815018187604595
12.284906387329102,0.6582837416058493,0.04495425212586956,0.21118617304919993,-0.38761414273245987,0.9217872994410397,-0.0017780940859639834,0.007764620059557493
12.305010080337524,0.6582941350743569,0.04486060733511228,0.21120287692539422,-0.3875749755530134,0.9218037926060721,-0.0019469455712049753,0.0077211181076898465
12.329954624176025,0.6583109262479603,0.044773140489176425,0.21124453935516768,-0.3875459427298549,0.9218158405764121,-0.002153491287496176,0.007685103286029556
12.354898452758789,0.6583203983161944,0.04470975137780331,0.2112694951600967,-0.3875354844670695,0.9218201576524017,-0.002347669476992346,0.0076376484515893114
12.379764080047607,0.658330415820586,0.044646307469315985,0.21128887628848902,-0.3875236120780972,0.9218250254967785,-0.002547944675485044,0.007588176736560834
12.399826049804688,0.6583403761252181,0.044646415744574265,0.21130668608378272,-0.3875482368218919,0.9218144668369622,-0.0027060840540687526,0.007558437260484462
12.419842958450317,0.6583411586206567,0.04472079931918732,0.21130697764581363,-0.38761541004369365,0.9217861281162457,-0.002826607377824527,0.007525835665231751
12.444849967956543,0.6583297489424537,0.04488563338820788,0.21128556352385414,-0.3877427754393108,0.9217326015968835,-0.002942186264565329,0.007476281855857754
12.469903230667114,0.658332772326593,0.045078819810093665,0.2112946818940708,-0.3879060879823531,0.9216636368466825,-0.003078982810870783,0.007451663245520813
12.49480152130127,0.6583179449619361,0.045362344546372786,0.21129611590439462,-0.3881367809918679,0.9215663806114797,-0.003212460634324781,0.007411171596669398
12.519777774810791,0.6582817128532411,0.04569286813964237,0.21126191926945231,-0.388402471555178,0.921454596111865,-0.0033384113008969145,0.00733501211870504
12.544769048690796,0.6582313969941758,0.04609496341010362,0.2112083646681939,-0.3887195540157338,0.9213211820673811,-0.0034572161047156913,0.007241233144916164
12.564820289611816,0.6581927158664183,0.04640779151944407,0.2111699289285125,-0.38897436650886086,0.9212137817820788,-0.003587802068863133,0.007158081318665415
12.589831352233887,0.658148365824134,0.04679166384754864,0.21112259539581477,-0.389279625393141,0.9210850036476682,-0.003729340973465589,0.0070626712904424335
12.609839916229248,0.6581048044169617,0.04709620349092754,0.21109488229527495,-0.3895118781498548,0.9209869745971818,-0.003816541232889626,0.006994527895653237
12.629903554916382,0.6580689286491646,0.04733966634144655,0.21109249494902788,-0.3897046373381606,0.920905383715217,-0.003930504160197568,0.006936931793216642
12.649916410446167,0.6580470314800663,0.04752544455653143,0.21109917364862568,-0.38985748521791735,0.9208405197322429,-0.0040416503174962,0.006895179427067022
12.674807071685791,0.6580230228096268,0.04767840098029746,0.21109014667902876,-0.3899923542126279,0.9207833145855341,-0.004167998932199258,0.006832204671180815
12.699801206588745,0.6579955570919673,0.047791993447079566,0.2110891138182167,-0.39009756301326687,0.9207386194093053,-0.004295623074388492,0.006770057923610198
12.724790573120117,0.6579949610650877,0.04787207925383883,0.21113788746739323,-0.39018772309487637,0.920699781442735,-0.004465930570369833,0.006746010991389744
12.744852066040039,0.6580030997747555,0.047965479039466435,0.21118531201313356,-0.3902819257079663,0.9206592041194007,-0.004602288398381827,0.006742942621762678
12.76982069015503,0.6580246735142763,0.04814854858216121,0.21125057693513977,-0.3904402080338709,0.9205911995785407,-0.004740993679152668,0.006768322642189362
12.7898530960083,0.6580480251432309,0.048317466593609096,0.21131055839441606,-0.39058525099899555,0.9205288352886687,-0.004860090387395879,0.006797398385142634
12.814889669418335,0.6580426993519826,0.048581953322377774,0.21134984858776923,-0.39079603881964897,0.9204387145314066,-0.004987867324952367,0.0067933803782009635
12.839863777160645,0.6580466284974552,0.04893650550559255,0.2114007373499983,-0.39106830520971536,0.9203222721551084,-0.00510121091509042,0.006817160687260414
12.86478853225708,0.6580528710226251,0.04936631538396078,0.21145936874685167,-0.391391646692839,0.9201839256499177,-0.0052126454275959215,0.006852021667346844
12.889854431152344,0.6580234473538383,0.04984093562561851,0.211496068465985,-0.3917433547818868,0.920033702552602,-0.0053211597442992765,0.006842178880147644
12.914802551269531,0.6579803628673783,0.05032352336633106,0.21152308101254835,-0.39210494576796606,0.9198791559193835,-0.005449526937490709,0.006808279175411792
12.934878587722778,0.6579522256887577,0.050711079169312764,0.21153936434728268,-0.39239432933411994,0.9197553069488319,-0.005550929784799886,0.006786223037870912
12.954930067062378,0.657929580485547,0.05112764068076152,0.21157496137556592,-0.39270037685506026,0.9196241798763761,-0.00564023565411569,0.006780084586483334
12.979849815368652,0.6579007618732632,0.051677387384604874,0.21161953699343244,-0.3931028836061256,0.9194515486133175,-0.0057466527816831614,0.006778542042143141
13.004805088043213,0.6578645357694329,0.05224149386750909,0.21166265373357432,-0.39352380888249666,0.9192706394004764,-0.0058922793527099405,0.006766418848503608
13.024806261062622,0.6578468474090609,0.05262389005241433,0.21170487264036103,-0.3938029840646698,0.9191503158449155,-0.006013506895524705,0.006763457820209359
13.0448157787323,0.6578331578747438,0.053001163900625654,0.21175474594891674,-0.3940627471346931,0.9190382280471783,-0.006131844802321685,0.006759229686033077
13.06485629081726,0.6578053595166605,0.05335300341616035,0.2117936561633222,-0.39425788389797994,0.9189541999644715,-0.006227056855353261,0.00671737390829758
13.084874629974365,0.65777266059848,0.053724254456325955,0.21182995579292177,-0.3938775120333574,0.919116976995749,-0.006319708168115666,0.006674533641961727
13.109825849533081,0.657750851120714,0.054167211361016966,0.2118876083654837,-0.3917750727346953,0.920014025293418,-0.006470625892549959,0.0066795694579447566
13.129830121994019,0.6577269394875366,0.0544759176374183,0.2119264517878813,-0.38882104137033296,0.921266247955879,-0.00651728769970679,0.006650047097083854
13.149860620498657,0.6576220146128312,0.05479575203023817,0.21196746712749792,-0.38473492285798505,0.9229850502093002,-0.006258577445235789,0.0062021312816167165
13.174889087677002,0.657344969661611,0.05517273781089642,0.21202446708119613,-0.378421323352796,0.9256050928387429,-0.005394574592162029,0.0048386683514979436
13.199893712997437,0.6570660948043184,0.05551462596698818,0.21208099478740933,-0.3716258732438665,0.9283651670969145,-0.004536732200869273,0.0034270838599676345
13.224824666976929,0.6568504221347315,0.05570349532083183,0.21212790727652572,-0.36502695018112447,0.9309852992624503,-0.004016404303464848,0.0023593844003007096
13.244838953018188,0.6566657901337491,0.055714339763717986,0.21219315172900644,-0.35967641276872664,0.9330696649081949,-0.003485941259077486,0.0013140531449090493
13.264899492263794,0.6564327547695065,0.055709417435098274,0.21226358737078932,0.35417996851595973,-0.9351732157181937,0.002755535347511088,4.2163242422218404e-05
13.284918308258057,0.6562541160072997,0.05566844269680844,0.21234251810900426,0.3490629404276025,-0.9370959178097645,0.00222309058362963,0.0011671540240599328
13.309797286987305,0.6562451035656108,0.055560622427501836,0.2124422561920133,0.34404776571652657,-0.9389482536494116,0.0022658511311443325,0.0014757345243353647
13.329823970794678,0.6563381649277952,0.0554726728846016,0.21252860674940907,0.34145104188179937,-0.939895161375377,0.002607666877854737,0.001213103633084771
13.349868297576904,0.6564735462775604,0.0553515416976106,0.21260585755685762,0.33992079473018705,-0.9404486689401071,0.0031110908813242366,0.0006896178601680512
13.374829769134521,0.6567900935130656,0.055287520533549524,0.21272049189336398,-0.33949804848991333,0.9405977657026477,-0.004065965325240935,0.0006213363302725957
13.399832725524902,0.6574078143865532,0.05533350646462646,0.21296986815315902,-0.33977662360610905,0.9404864079452385,-0.005430704153649552,0.002769476208522602
13.419921875,0.6581629744581879,0.05546344562253807,0.2133196874523673,-0.34015002185388526,0.9403350111792682,-0.00664596691181735,0.0048847218614531986
13.444848537445068,0.6593045760214377,0.05571399726939284,0.214013435471418,-0.34093616719328523,0.940022156922951,-0.008046295023627484,0.0074920977992490095
13.46491265296936,0.660320463752523,0.056026313903345185,0.21472459497308077,-0.3422307810812045,0.9395275660555104,-0.00888788677332177,0.009330089611180793
13.489860773086548,0.6616822440910911,0.056569759351510714,0.21576874249360936,-0.34485538821131223,0.9385381022482226,-0.00964130450634953,0.011315347857961641
13.514893531799316,0.6630781679412194,0.05718872009289126,0.21690138134474263,-0.34847624009544403,0.9371699340499795,-0.010243777079526341,0.01311067628404549
13.534967184066772,0.6640583780823501,0.05753158574382036,0.21774543823127784,-0.3515638550569072,0.9359936425346292,-0.010700989615465348,0.014291458070889565
13.559776067733765,0.6648823860923986,0.05789873502849888,0.2186350639603517,-0.3551304893917548,0.9346450346350821,-0.010554125637002153,0.01447774735077077
13.579805612564087,0.665230133358808,0.05820444026113309,0.21923412381342464,-0.3578396435501705,0.9336353478667959,-0.00972922664949422,0.013459898486276031
13.604750633239746,0.6653886947883918,0.05850170966509292,0.21984224811338576,-0.3611613382282268,0.9323985846856584,-0.008227617308898153,0.01129926365773049
13.624755620956421,0.6653204752986954,0.058670694790486984,0.22020214952100864,-0.36364267965024527,0.9314697031917375,-0.006777015030535481,0.0090700407186671
13.644899606704712,0.6651473931824944,0.05886182102618441,0.22049351139202067,-0.36598153411078116,0.9305843755330174,-0.005160832753923047,0.0066032196615564585
13.66495156288147,0.6649339220392451,0.05907884838991783,0.22071907918060316,-0.36843708787181584,0.929636622779088,-0.003555477737115382,0.00414975216269338
13.68985104560852,0.6646378506740078,0.0592869477301172,0.22085508523544406,-0.3717368839753824,0.9283355608860542,-0.0017615002734654554,0.0012933039473712416
13.709885120391846,0.6644561262760922,0.05937431169141789,0.22088020248490314,0.37424961991860456,-0.9273275842333272,0.0006149450455890202,0.0006290110190571884
13.729900598526001,0.6643276742815846,0.05945320679135336,0.2208008897853942,0.376334544612252,-0.9264812581540594,-0.0002658067537244006,0.0021721386733234106
13.749992847442627,0.6643146829009734,0.05958615451873298,0.22064942046871971,0.37779229097891576,-0.925884474356864,-0.0009151148290720514,0.0031760964927540513
13.774949789047241,0.6644947799530576,0.05980313037082748,0.22034864565430975,0.37858994722579675,-0.9255568099384912,-0.001445853625743879,0.003486106164719456
13.799773454666138,0.664828793995624,0.06000184677111406,0.21992544909793116,0.3784137452091462,-0.9256298105393643,-0.0017509016564678276,0.0030701166528405302
13.82477355003357,0.6652005530278727,0.06025426412133332,0.2193685598981716,0.3779720458697108,-0.9258106274121101,-0.0022567317736704225,0.002592655094206344
13.84482479095459,0.6655315752262273,0.060473894447948845,0.21887221246575828,0.37756098668675,-0.9259781797893686,-0.0027268063409545524,0.0021624959870761296
13.864849328994751,0.6658257667744912,0.06064210082676508,0.21822459356539048,0.3771550185831194,-0.92614284861369,-0.0031584526214891865,0.0018814992390574217
13.889851570129395,0.6661608881271788,0.060736246098033464,0.21728586497887564,0.3766749650172866,-0.9263371354753727,-0.003542564247435217,0.0017124294925172914
13.914815664291382,0.6664208465292057,0.06072331014683502,0.216160150859141,0.37628544625392624,-0.9264943786635532,-0.0037453079547489086,0.001844420014136574
13.934900999069214,0.6665638189042948,0.060621232170300056,0.21514503799214643,0.37604828602137547,-0.9265899179683469,-0.0037507970310349773,0.002177616742841752
13.959923028945923,0.6666335233859949,0.060372143132754824,0.21375822575046133,0.3758024776199792,-0.9266883522804739,-0.0036026910782540203,0.0028663867656894236
13.984910488128662,0.6665985053879185,0.05991923236129844,0.2122967980986181,0.37564583233764237,-0.926749842646406,-0.00314492011012166,0.003879082901207479
14.004916667938232,0.6665775828431814,0.05943702565272466,0.2111941941765078,0.37553592354148857,-0.9267921191290008,-0.002588730237355703,0.004736721303934293
14.029868602752686,0.6665158947511916,0.058713518116677396,0.20987071048079972,0.3753147084906588,-0.9268772419890172,-0.0018127926014736091,0.005844797468690927
14.05483889579773,0.6664421895001283,0.05784557834817579,0.20870315222873131,0.37499736891504293,-0.9269995546618831,-0.000918299495512313,0.006925004743914117
14.074918746948242,0.6664457473669173,0.05709808481772359,0.20800014878591733,0.3747154267950761,-0.9271084755421394,-0.00010813135924552273,0.007629666347038537
14.099812507629395,0.6665683075088209,0.05627298338551552,0.20738395463270545,0.3744366486428527,-0.9272154647483225,0.0008944908136042099,0.008238808836512703
14.124879598617554,0.6668149406241917,0.055706461858109825,0.2071200218975338,0.3742973890186078,-0.9272683808534758,0.0017336035124973174,0.008474022727586013
14.149879455566406,0.667109580924745,0.055341001356304466,0.20717469734542326,0.3742438640189992,-0.9272890113725087,0.0023814041052261097,0.008423096020939371
14.174752473831177,0.6673949181796964,0.05505182440549816,0.2074297493762825,0.3741934131683071,-0.9273098058284445,0.0029166707201268988,0.008204059301761326
14.194766998291016,0.667627602965486,0.05488422998342363,0.20766315774289126,0.3741829472551057,-0.9273147493809415,0.003290415735282954,0.007978140788985018
14.219760656356812,0.6678952670106668,0.054799793110889665,0.20791947175092307,0.3742310279446507,-0.9272965011486854,0.0036331470663286953,0.007690053618051817
14.240006685256958,0.6680619245047072,0.054797453754920206,0.2080607172700124,0.3742908938099257,-0.927273158958279,0.0038074042139484184,0.007504609185640888
14.264938116073608,0.6682051502400367,0.054776717758489066,0.20812533843436104,0.3743456885238638,-0.9272511194387225,0.004003105564145879,0.007392031416953589
14.28988242149353,0.6682854276672906,0.054718662460336014,0.20811320824127666,0.3743631395702235,-0.9272433845438944,0.004179000801672796,0.0073811585034328315
14.30991816520691,0.6683016162540606,0.05463011189857766,0.20808442924892545,0.3743363687383151,-0.9272531746262497,0.0043139144879692165,0.0074312398579071855
14.334895372390747,0.6683053223319853,0.054500428633208635,0.2080413481149031,0.3742843761679473,-0.9272727350342691,0.004477580744221681,0.0075121161794520705
14.354988098144531,0.6683219613689596,0.05437630958802675,0.20802574199603446,0.3742336878366299,-0.9272920420985895,0.004631634959361199,0.007560655253000858
14.379980564117432,0.6683559019533324,0.05428297280301186,0.2080488376918067,0.37420687133208974,-0.9273019372636686,0.004793712625563131,0.007573302694424277
14.404899597167969,0.6683909308304674,0.05422287013216871,0.20807807482309598,0.3742008600319523,-0.927303564611833,0.004943710658478581,0.00757463757448731
14.429773569107056,0.6684161736710683,0.05418702544256757,0.20809361031737483,0.3742084679736357,-0.9272996517103416,0.0050810981335726885,0.007586888272317665
14.449836730957031,0.6684297163656411,0.054181788987257354,0.20809733970854893,0.3742292912800933,-0.9272905439112884,0.005183558954294828,0.007603646154910815
14.469950675964355,0.6684433233915584,0.054180570087856254,0.20810665260982386,0.3742542811127525,-0.9272796977610238,0.005294920934605705,0.0076196457199012605
14.494790315628052,0.6684593925609587,0.05420260467427141,0.20812976985480522,0.374300774205691,-0.9272600101918039,0.0054354773410390635,0.007632791986127663
14.514817237854004,0.6684717087993824,0.054230607577583884,0.20815000009488677,0.37434792764076547,-0.9272401202333708,0.00556151269955252,0.007645788220904315
14.53980016708374,0.6684796633155545,0.05427447943998627,0.20816283256112011,0.37441248711367875,-0.9272128722366534,0.00571629869585573,0.007674827799505869
14.559808492660522,0.6684778770944223,0.054319915300967504,0.2081601052539649,0.37446431956443016,-0.9271911298643291,0.005809111768462375,0.007703005519313279
14.579837799072266,0.6684731456812288,0.054356778170124194,0.208151000991893,0.37450900847303686,-0.9271722493751949,0.005897205034204923,0.007735989534528852
14.604787349700928,0.6684679839419809,0.0543870928500288,0.20813642939075463,0.37455403495095213,-0.9271529916587254,0.006008468315409255,0.007778384792590936
14.624794960021973,0.6684648574226734,0.05441015558809509,0.2081289714425716,0.3745884325162346,-0.9271382792893829,0.006093575738264244,0.007809330133687024
14.649786949157715,0.6684658849552116,0.054444213015225465,0.2081447295307395,0.3746346171105443,-0.9271186942404231,0.006205089065450033,0.00783117629910128
14.674782037734985,0.6684678056615587,0.05450227122802335,0.20817179048860238,0.37469812529246316,-0.9270921198561123,0.006323012207443018,0.007844470542225309
14.69481635093689,0.6684641123736039,0.05458056568867119,0.20818401272404868,0.37476951320324076,-0.9270625396697497,0.0064104011461488175,0.007859152236363078
14.714890241622925,0.6684559419977114,0.05469892852296176,0.2081977471571282,0.374870938273372,-0.9270206762518776,0.006508803454772857,0.00787914446939487
14.73981237411499,0.6684486389655547,0.05485539338999095,0.20822582732203287,0.3750097321135246,-0.9269632239897827,0.006663203584174429,0.007904676415353269
14.75987434387207,0.6684393607875982,0.05500000830110235,0.20823697113720874,0.37513051625104243,-0.9269134269862566,0.006765851672354966,0.007925774517905031
14.784793853759766,0.6684219278500874,0.05518478075008121,0.20823520270421458,0.3752809718406284,-0.9268514142713847,0.006875910850892555,0.007960520427723097
14.809754371643066,0.6684082641765712,0.05534191039245089,0.20823957604907328,0.3754172628725114,-0.9267948807511991,0.00701049361458535,0.007998795597620904
14.829774618148804,0.6684005285078535,0.05544936747148183,0.20824152749784913,0.37551606050385217,-0.9267536874080988,0.007130283738567019,0.008028090289702083
14.849788665771484,0.6683922373186013,0.055537129667162566,0.20823302697060123,0.3756015782750316,-0.9267178059495828,0.007248781777862565,0.008063355059290182
14.86985182762146,0.6683818370875321,0.05563441141203976,0.20822095744629654,0.37569406137364325,-0.9266790328519369,0.007370335531640798,0.00810064657631879
14.894773960113525,0.6683666166869772,0.055740821099868484,0.20819608667871067,0.3757996116201736,-0.926634505754784,0.007517233302496223,0.00816307865135846
14.919814109802246,0.6683504777703849,0.05581049788683499,0.20815856827035323,0.375883827161589,-0.9265982972715266,0.007680955354759464,0.008242990725749173
14.939818859100342,0.668335651496013,0.05585550904818929,0.20811230232147604,0.3759410315842106,-0.926573551468446,0.007791645887141207,0.008311723364556291
14.95987844467163,0.6683173953715278,0.05590850066942211,0.2080680953278846,0.37600069457042345,-0.9265478722427627,0.00789289161560998,0.008379760601404574
14.984755992889404,0.6682949833674999,0.055959593588514156,0.2080230312174354,0.3760665114146232,-0.9265191732017355,0.00803362331364304,0.008465316278951153
15.004759550094604,0.6682807068807299,0.05597805832559181,0.20799117010857135,0.37610279503753685,-0.926502906322591,0.008143168590411117,0.008528830378406762
15.024773359298706,0.6682707611959497,0.055974678027180015,0.20796949272554321,0.3761255786120475,-0.9264920532358508,0.008263197453837912,0.008587431262628937
15.049822330474854,0.6682620342572728,0.05598861149599885,0.2079551695586764,0.3761643721889985,-0.9264745078023862,0.008402866398537857,0.008645422159492282
15.069903135299683,0.6682614488936908,0.05600549729989061,0.20795799655780028,0.3761988642396646,-0.9264591910452684,0.008513917993529522,0.008677273397588944
15.094795227050781,0.6682615025664821,0.056013568605254416,0.20796271664048072,0.3762343216876005,-0.9264430413140139,0.008660738003130055,0.008718830497236544
15.119826793670654,0.6682585289993891,0.05603817657049346,0.20796177289889983,0.3762780796422725,-0.9264236590332294,0.00879097346335099,0.008759540481956495
15.144808292388916,0.668255245641473,0.056083558496134264,0.20796495908050333,0.3763365985183401,-0.9263982692717592,0.008922478998642663,0.008797765308554807
15.164809465408325,0.6682497324128315,0.05612307674922248,0.20796052505032622,0.37638789149784746,-0.926375936979634,0.009037445059602224,0.00883759626835115
15.184878826141357,0.6682384668083624,0.05615701365325034,0.20793751074911437,0.3764365621888796,-0.9263544620462592,0.009154942557499398,0.008894510683771215
15.20493769645691,0.6682254932570316,0.056185543525855856,0.20790270965456553,0.3764823113630533,-0.9263340786094445,0.00927191115909263,0.008959670820876342
15.229799747467041,0.668214708452476,0.056224955990219,0.2078699223249481,0.3765392626577977,-0.9263089679956638,0.009403071163088637,0.009025615723033033
15.254803895950317,0.668208690565445,0.05626228181045635,0.20785644436283024,0.3765948211120618,-0.9262844648366839,0.009539769161907281,0.009078750860079669
15.274837732315063,0.6682054010716358,0.05627264689284976,0.20784700457572003,0.3766274802591498,-0.9262695138457718,0.009658599098297168,0.009123612199563366
15.294858694076538,0.6681998713173672,0.056284517541325796,0.20782685715331006,0.3766582411329084,-0.9262554497066275,0.009761740728951059,0.009171678926453338
15.314892053604126,0.6681945915553162,0.05629579981746242,0.20780638643497854,0.37668875529002077,-0.9262414568383472,0.009866464849592855,0.009219443684426521
15.33991265296936,0.6681868229522718,0.05630350189037163,0.2077692894866272,0.3767286103635777,-0.9262228464630837,0.010020264631378218,0.009294467201220286
15.364832162857056,0.6681755938623306,0.056325169774974905,0.20772752020177138,0.37677736495555225,-0.9262006108085294,0.01016883504535092,0.009372330965504586
15.389789342880249,0.668164968781777,0.05636425931415496,0.20769272133929692,0.37683651706769933,-0.9261742742043994,0.010310049439094044,0.009442249987609534
15.409822463989258,0.6681582927885488,0.0563958476946458,0.2076766778378663,0.3768819902571766,-0.9261540900654043,0.010417694733530262,0.009488862621944594
15.42989993095398,0.6681566658588661,0.05638790988441341,0.20767202333559204,0.37690448639534857,-0.9261429632546808,0.01054944603595684,0.009535666599498565
15.4548180103302,0.668162272530612,0.05635897202774012,0.20768255635124266,0.376919812442889,-0.9261343053694626,0.010720567163001621,0.00957981439945621
15.474880456924438,0.6681723747571218,0.056323710036452854,0.20771074388440547,0.37692145995361204,-0.9261318915202857,0.010853479808552544,0.009598672401956825
15.499866008758545,0.6681882841786313,0.05626217477796566,0.2077564178979322,0.37691453801015756,-0.9261322808391446,0.011039411526345555,0.00962085327793749
15.524788618087769,0.6682054805758575,0.056206200832414656,0.20780880921992048,0.3769102414997762,-0.9261316988642728,0.01122015243333078,0.009636098305265236
15.54479169845581,0.6682166702778318,0.056172612558396166,0.20785137221008476,0.3769136017964153,-0.9261284528537369,0.011362354316739638,0.00965000005301966
15.569799184799194,0.6682308912763725,0.05612264983944067,0.2079059306276001,0.3769153013335533,-0.9261251396147344,0.011554498101791408,0.009673415503264008
15.594750881195068,0.6682478414738662,0.05607636240787248,0.20796152916018557,0.3769199872006101,-0.9261206218197038,0.01174715907680628,0.009691302403506156
15.619738817214966,0.6682623754287293,0.05606688612281666,0.20801879964184455,0.37694806537146064,-0.926106716723855,0.011931381473925739,0.009702957641661056
15.63974380493164,0.6682685468566149,0.0561012483873754,0.2080580687567813,0.3769960598208694,-0.9260854170672569,0.01206059520891918,0.0097114992218569
15.659784317016602,0.6682741106277781,0.05613941060742997,0.20809646745741023,0.37704469306684996,-0.9260639825678227,0.012180186084923168,0.009718162775147705
15.6798255443573,0.668279550306105,0.05616345838616965,0.2081299873887642,0.37708347287450755,-0.9260465437035031,0.012296627881838619,0.009728634173834641
15.704854726791382,0.6682815711842275,0.05620095762084705,0.20816348365782064,0.37713492827544676,-0.9260235946514498,0.012427152848866207,0.009752635328100176
15.724894762039185,0.6682824663353865,0.05620706584999088,0.20819723142767477,0.37716100323348956,-0.926011112773971,0.012539483539523562,0.009785602296468963
15.74986982345581,0.668288075601304,0.05616187308310145,0.20824449507015788,0.37715961510147544,-0.9260091238819986,0.012698894313770406,0.00982167547663714
15.769883394241333,0.6683001170921675,0.05609623840830424,0.20828424054360078,0.3771411698666099,-0.9260144356963748,0.012843943732687746,0.009840527561053001
15.794804096221924,0.6683104601039241,0.056069541342730136,0.20832051871937735,0.37715492955896657,-0.9260062411370702,0.013011156363336954,0.00986459811841709
15.814805507659912,0.6683082496287324,0.05612282791313562,0.20833802205093563,0.37721153325173445,-0.9259815301168505,0.013113823562347934,0.009883961625438333
15.834829807281494,0.6683015471442261,0.05618704802590088,0.20835880117007177,0.37727378294060865,-0.9259545328500937,0.01321155780362136,0.009907095477450154
15.859751462936401,0.6682939999169746,0.05626378080112564,0.2083798327722961,0.3773489226321557,-0.9259219371688899,0.013326712973968705,0.009937584216659391
15.879764080047607,0.668283061159223,0.056285222631558426,0.2083816023846624,0.37738268374876777,-0.9259062629241241,0.013427279298987524,0.009980503713333984
15.899803876876831,0.6682646542286994,0.056276085522252314,0.20837194967003453,0.37739440084827175,-0.9258993425070687,0.013528970647438812,0.01004194734910182
15.91981053352356,0.6682450937167917,0.05626951934720897,0.20836208372276277,0.3774035619807685,-0.9258938148626229,0.01361025484774306,0.010097324748794757
15.939863204956055,0.6682325396381545,0.05627120710292301,0.20835346179570347,0.37741723082706513,-0.9258867923181284,0.013678807137315247,0.010137648639308569
15.964881420135498,0.6682214529248164,0.056298932354323115,0.2083367929161434,0.37745401757887753,-0.9258700476034971,0.013764006127517069,0.010181930043890954
15.984894037246704,0.6682066727570044,0.05632505628739641,0.20830643788908879,0.37748679136989105,-0.9258551275965636,0.01383185625524327,0.010231558854525452
16.00492811203003,0.6681890454817249,0.0563522955117881,0.20827214699739863,0.3775202842714807,-0.9258398301869789,0.013900697754771681,0.01028661293994017
16.02989625930786,0.6681690823973114,0.05641194876679849,0.20822856283139987,0.3775808819788234,-0.9258131152237635,0.013986222872178461,0.010350788062896736
16.054779291152954,0.6681513527365934,0.05649119964450188,0.20818229741481176,0.37766053035025554,-0.9257782559494434,0.014092325319984477,0.010418780848192392
16.074857711791992,0.6681303801694312,0.056552117107177786,0.20813738839519222,0.37772316386962074,-0.9257505589948181,0.014182721317344903,0.010486391803472762
16.099828720092773,0.668106718368332,0.0566238597911662,0.20809002689725556,0.3777991293999592,-0.9257168079395787,0.014303009258113564,0.010565663675320346
16.124786615371704,0.6680922456465729,0.056686874709611375,0.20805293982441947,0.3778729972784452,-0.9256837629001692,0.01443802989889589,0.01063542777533046
16.14974069595337,0.6680745902969655,0.0567587496396431,0.20800628514069608,0.3779475115391169,-0.9256508885599793,0.01454401590662127,0.0107043277000868
16.169744729995728,0.6680546949865904,0.0568031859609319,0.20795559543009418,0.37799430956688473,-0.9256299829945847,0.014610967731087181,0.010768293229480908
16.18974804878235,0.6680326244452974,0.05685259556791057,0.20791163806162943,0.3780421568077132,-0.9256087798017937,0.014671991207111747,0.010828070224708474
16.214738607406616,0.6680028916331273,0.05692179686274416,0.20786266391328587,0.3781069134994236,-0.9255801768483606,0.014752466543530861,0.010902427247768336
16.23483633995056,0.6679773743176838,0.05696101884724468,0.20782479647247823,0.37814824402495606,-0.9255613393888235,0.014826632245386728,0.010967385567286101
16.254849433898926,0.6679411903414554,0.05698660297293711,0.2077728937831566,0.37818158153508075,-0.9255452948193209,0.014912477245571185,0.011055163827706157
16.279776573181152,0.6678754560156566,0.057012348355771715,0.20768220963171208,0.37821543142444525,-0.9255280992262026,0.015014345156695648,0.011197964798885608
16.299871921539307,0.6678081425483461,0.05706065505117242,0.20759430511004287,0.3782558839894091,-0.9255090654947157,0.015073267943594938,0.011324862381452458
16.32478094100952,0.667728702019919,0.05711310945700252,0.20750945856816688,0.37829845040383936,-0.9254887835673138,0.015144122090565688,0.011465141943127347
16.349836111068726,0.667676701953867,0.05710448721102646,0.20746085399129072,0.37830605590499283,-0.9254826441078023,0.01524591013984128,0.011574357269813072
16.36987829208374,0.6676438870295677,0.05707147451714328,0.2074183688181843,0.3782973401458882,-0.9254836697166314,0.015334364088039037,0.011660051592283716
16.394893407821655,0.6675976174449653,0.05705391028539436,0.2073520853816956,0.3782973735530643,-0.9254809739843578,0.015413913980433297,0.011767549040479799
16.419795513153076,0.6675369376100221,0.057061326407243235,0.20727347562809412,0.37830699554755737,-0.925474714352987,0.015464135054949714,0.011884054012965781
16.444770336151123,0.6674800367444482,0.057067477480044225,0.20719707101859608,0.3783174210400383,-0.9254680405213013,0.015520667743191078,0.011997657479164855
16.464776515960693,0.6674468523629474,0.057068360066918705,0.20713049070567763,0.3783311054985267,-0.925460213459524,0.015584912745336096,0.012086290165803348
16.48478388786316,0.6674168453249864,0.05709374973171915,0.20705196117020405,0.3783655741671176,-0.9254437846376071,0.01565263329373425,0.012177390235486365
16.504786729812622,0.6673817239509325,0.05715917300620204,0.206965928723006,0.3784268937087982,-0.9254164281831645,0.015713904284145333,0.012271665687578108
16.52974033355713,0.6673350850935312,0.05728111341393125,0.20685729359852717,0.3785321870549218,-0.9253704559361159,0.015792323889468503,0.012389719545491252
16.549744367599487,0.6673093855573408,0.05736634076004387,0.20678778456783403,0.37861226950027277,-0.9253352000580756,0.0158747640979205,0.01247031605603795
16.569765329360962,0.6672893990040814,0.05743680760419108,0.2067309115289121,0.378681618501307,-0.925304485824593,0.01595625282978586,0.01253947040435284
16.59476590156555,0.6672681408420401,0.05753012951317854,0.20667674434153394,0.37876866208199034,-0.9252663415959743,0.01604724574302504,0.012608871445714412
16.614891529083252,0.6672570025649611,0.057592273801015115,0.20664927264246033,0.3788289873725443,-0.9252397761621814,0.016121074515001187,0.012651714930965757
16.639848709106445,0.6672431444431812,0.0576561305791779,0.20661201194530998,0.3788976498792633,-0.9252089681096191,0.01622755171379409,0.012712309425669656
16.66473650932312,0.6672229401304203,0.05773339135135827,0.20655689284772794,0.37897416997322875,-0.9251749981212597,0.016321016547753954,0.012783808672374882
16.68474531173706,0.6672020328660739,0.057840414570205584,0.20651210303295625,0.3790619546220798,-0.9251373746187815,0.016374955098758394,0.01283485440651152
16.704771518707275,0.6671783842422913,0.05797520796777909,0.20646623150738302,0.3791680483597507,-0.925092343756291,0.01642345365118443,0.012884750561012999
16.729798078536987,0.667154783188926,0.05808251719126885,0.20640602989858742,0.3792638608017913,-0.925050569137388,0.0165076479846722,0.012956310663249393
16.754789352416992,0.6671353178427945,0.05813469345994506,0.20634143706861952,0.3793252192253621,-0.925022473041489,0.01660854569523587,0.013036818535439323
16.77977418899536,0.6671188546854011,0.05817090989031345,0.20628228522690858,0.37937462819984463,-0.924999368114191,0.016707165674956604,0.01311224929021738
16.79979109764099,0.667106831765984,0.05819314014255052,0.206235128172386,0.37940948003543545,-0.9249827677506174,0.016787410230916337,0.013172269419816713
16.819842100143433,0.6670933877268134,0.058193124384303456,0.20617273332070113,0.3794318745369852,-0.9249709312010733,0.016874781636271142,0.01324653776725416
16.8398494720459,0.66707853098805,0.058194376920570064,0.206098870501252,0.3794557777032832,-0.924958420353618,0.016959690552847028,0.013326750601737401
16.86472511291504,0.667056119908082,0.058227695436230076,0.20600803763104097,0.3795051570401152,-0.9249349868362234,0.017056055399986385,0.013423743158828523
16.884827136993408,0.6670407250789908,0.05826363097547792,0.20595574898885521,0.37955109242697965,-0.9249135832629586,0.017141864559185725,0.013490300711180743
16.90485405921936,0.6670311611020394,0.05829406279856464,0.20592589868331101,0.37959531033926047,-0.9248927429777718,0.017243948598880416,0.013544762539377935
16.929792881011963,0.6670213602050464,0.05836328316880702,0.20590955385065685,0.37966644860259885,-0.924860873904247,0.017351689945572433,0.013589355496593498
16.954731941223145,0.6670090626235405,0.058471909178987806,0.20589897187994716,0.3797587607928216,-0.9248210032353695,0.017432020174098253,0.013620581762922856
16.97484564781189,0.6670031187886692,0.05853710378129497,0.20589793322722075,0.37982017008748764,-0.9247939434723396,0.017510756840842173,0.013644555914867497
16.999743700027466,0.6670014667388777,0.05856680057951599,0.20590237745940349,0.379865626837816,-0.9247724446441821,0.01763337336944874,0.013678279058273984
17.01981544494629,0.6670032992957446,0.058571032507588244,0.20591058720473987,0.37988965577914485,-0.9247601985632193,0.01773820208356712,0.013703312419335478
17.044801473617554,0.6670074581374638,0.05858070758935231,0.20593077949105543,0.3799220332443666,-0.9247440174189328,0.01786921698224316,0.013727417378989032
17.064823150634766,0.6670085036122945,0.05860187052444269,0.20594383251077603,0.3799546855008662,-0.9247285290437854,0.017962351874709653,0.013745488476140941
17.084889888763428,0.6670081504959694,0.05862541043489677,0.20595087499138523,0.3799882718425032,-0.9247127558267929,0.01804826659379806,0.013765629140645852
17.10498285293579,0.6670080409279867,0.058651578325607606,0.20595942901431596,0.3800245192143929,-0.9246957740559707,0.018139672502285584,0.013785591035013579
17.12988591194153,0.6670068018691864,0.05870598623955684,0.20597455083242983,0.3800854392172748,-0.92466804166259,0.01825883344660223,0.013808932776046728
17.154795169830322,0.6670026010267981,0.05877440203545178,0.20598044019711093,0.3801538715253196,-0.9246374688981659,0.018362732120039416,0.01383456337051298
17.17977237701416,0.6669992815992718,0.05882430029401647,0.20597379756734485,0.38020943822443404,-0.9246122253120579,0.018460323214922518,0.013864788320570847
17.199833393096924,0.666998498353242,0.05884363374909897,0.2059712003259382,0.38024100188840837,-0.9245971165682527,0.018547665103683237,0.01389016327151524
17.219860315322876,0.6669974514292568,0.058853146277605344,0.20597042087114606,0.3802676321242163,-0.9245837592987565,0.018644917340468536,0.013920023577980237
17.244782209396362,0.6669982592889439,0.058842554604270285,0.20596846887624293,0.3802869180393151,-0.9245726222968107,0.01877299773438985,0.013960681329151571
17.26979160308838,0.6669986595725758,0.05882543714261274,0.20595760234837945,0.38030200916641554,-0.9245631452472501,0.018899181064200913,0.014006899363569003
17.29476761817932,0.6669938836567906,0.058823904928603565,0.20593600139494606,0.38032391544330896,-0.9245512610406419,0.019003228645381353,0.014055687476990212
17.31485342979431,0.6669884803502629,0.05882825821473455,0.20591491083735614,0.38034459404469295,-0.9245404528625124,0.019084614215393425,0.014096747910959878
17.33488440513611,0.6669841453031016,0.05881984513139984,0.20589307712853103,0.38036078373999216,-0.9245309698548098,0.01918560481453239,0.014144700069678327
17.359812021255493,0.666977350412502,0.05880945351992189,0.20585785314864227,0.38038263363397495,-0.9245182499947339,0.01931561449108819,0.014211421197381554
17.38479495048523,0.6669652840754156,0.05883694680038078,0.20580874038891567,0.3804272257319844,-0.9244966384096182,0.019420971909828215,0.014279962935078569
17.40985655784607,0.6669533247378949,0.058877707392674894,0.20575060369839818,0.3804851738032615,-0.9244691070983978,0.01953977129515805,0.014356178964522813
17.43478751182556,0.6669400493480009,0.058915775286826864,0.2056827849509102,0.38054432201730876,-0.9244406798861953,0.019669158841326504,0.014442040784024574
17.454789400100708,0.6669269050693898,0.05894711837988421,0.205633483826067,0.3805884091349053,-0.9244195540881223,0.019761429583959312,0.014506438325591838
17.47479772567749,0.6669176494714971,0.05898093000655357,0.20560286157012475,0.3806320860569358,-0.9243989271524473,0.01984956216436287,0.014554498462250072
17.4998140335083,0.6669115868392498,0.059022164487961284,0.20558830132110548,0.3806820186954796,-0.9243756050000393,0.019948758544838845,0.0145941274086367
17.519856452941895,0.6669097440593005,0.05904024685708768,0.2055857348383533,0.3807117325027297,-0.924361159370775,0.020031419533925447,0.014620739140334477
17.544753074645996,0.6669109220173003,0.05904879687588752,0.205593642998328,0.3807416584807109,-0.9243457464393962,0.020151340518171242,0.014651075473806443
17.569759607315063,0.6669136710269701,0.05906938224159279,0.20561390903563637,0.3807798198560168,-0.9243269601837178,0.02027562927087716,0.01467304759206642
17.594728708267212,0.6669173503982955,0.059091317292809774,0.20563813461109223,0.38081592739834497,-0.9243093934749987,0.02038731862777867,0.014687811727830253
17.614756107330322,0.6669201622480729,0.059109451487743554,0.2056565098858339,0.38084584544435046,-0.924294840014739,0.02047867495887357,0.014700836755355265
17.63480830192566,0.666922580107651,0.05913892001929891,0.20567726439161746,0.38088497719658765,-0.9242763168946927,0.020577198732176474,0.01471404312087936
17.659744024276733,0.666926570237114,0.05918136326827235,0.20570981223757637,0.38093672384668764,-0.9242521163329744,0.020698263552380188,0.01472480101636856
17.679784297943115,0.6669301152627898,0.05920708688696199,0.20573633089865417,0.3809715211997175,-0.924235527059741,0.0207928123078878,0.014732600300067055
17.699790239334106,0.6669349356945704,0.059218645630505946,0.20576264512972994,0.3809975601740913,-0.9242224205201919,0.02089128343702981,0.014742144544627366
17.724799394607544,0.6669416537534011,0.05922753211156974,0.20579643942315595,0.38102443135378644,-0.9242085853452513,0.02100645498868537,0.014751350243250076
17.744810104370117,0.6669486793106264,0.05922042359261236,0.20582715213516922,0.3810369839341952,-0.924201077831112,0.021104040575319286,0.014758186924039267
17.764853715896606,0.6669579601996547,0.05918297647728397,0.20585918457854657,0.3810309079085641,-0.9242008001533656,0.02121746425561834,0.014769814660787096
17.78980803489685,0.6669706361651622,0.05912060105515365,0.2058923469095195,0.3810114446738336,-0.9242055070456524,0.02135042250386787,0.014785778052655761
17.809818506240845,0.6669775341451778,0.05909873322300692,0.20591506606014642,0.3810096570581513,-0.924204324674447,0.02142889126484771,0.014792231069539483
17.834810256958008,0.6669854561908306,0.05908861585347892,0.2059459610346988,0.38101963574635955,-0.9241978216333891,0.021527474692995017,0.014798361287003162
17.859856128692627,0.6669937471575901,0.059074941189703606,0.20597638359814874,0.38102910682600427,-0.9241913060838609,0.02163329381087384,0.014807096596765735
17.884817600250244,0.6669954989631329,0.05907537477739302,0.20598851191446887,0.3810463850935828,-0.9241816211560847,0.021728674912233507,0.014827279289453058
17.90974235534668,0.6669945326322545,0.05909385172072188,0.20599421975075177,0.381077289229194,-0.9241661674401188,0.021826720542034005,0.014852234296817706
17.92980194091797,0.6669955412228398,0.059115001898988655,0.20600462198347183,0.38110826106866413,-0.9241510875737369,0.021912789322949953,0.014869107068430249
17.949859619140625,0.6669951694630963,0.05914348121837545,0.20601518369144994,0.38114397764714053,-0.9241340390493341,0.021998667013098758,0.01488639727008156
17.97480297088623,0.6669931423885823,0.059179962488191046,0.2060225270178265,0.3811926886710346,-0.9241105089057083,0.022122052631097153,0.014916977599198706
17.99486017227173,0.6669933473426207,0.05920901858496731,0.20603234191989966,0.381235076951447,-0.9240898741405359,0.02223663978202704,0.014941635240403194
18.019784212112427,0.66699093962918,0.05925601240034052,0.20603689260686633,0.3812911986416629,-0.9240633997830545,0.022354183630997764,0.01497148936710332
18.039796829223633,0.6669868162961556,0.059278056756416675,0.2060275989591655,0.38132291770372184,-0.924047924912146,0.022432172721462303,0.015002084070547091
18.064769744873047,0.6669806681645281,0.059281750413165885,0.20600033750926472,0.38134977281369586,-0.9240333933551175,0.022538012300512136,0.015055787619917204
18.08479380607605,0.6669758084783963,0.059279668408472146,0.20597490517606218,0.38136904768547886,-0.9240224857402658,0.022627892890867085,0.015102111657150797
18.10483479499817,0.6669670491402072,0.05929319532202187,0.20594238822999433,0.38139644897756747,-0.9240084992625345,0.022704595642582835,0.015150687594971702
18.124840021133423,0.6669549096372581,0.05930612464157062,0.20589390487850673,0.38142422107950796,-0.9239942293087203,0.022778507238954672,0.015210765445796786
18.144872665405273,0.666939742160097,0.059318712387507605,0.20583145805596953,0.3814534389793587,-0.9239790767216262,0.022855712846954448,0.015282541050881887
18.169793605804443,0.6669202561223345,0.059369983494467725,0.20574456302937827,0.38151638547555494,-0.9239491883746945,0.022953093105697372,0.015372066624349437
18.194725036621094,0.666913017079187,0.0594528051953978,0.20569215845959168,0.3816030930630089,-0.9239096043235856,0.023066686795987213,0.015428880816049092
18.214725732803345,0.6669142149362886,0.0595039882593722,0.205677978980213,0.38166573627069605,-0.9238801407984032,0.023185415862562824,0.015465693860254984
18.23472833633423,0.6669128800063747,0.059533592971970924,0.20567315466406086,0.38171189669955996,-0.9238573903474632,0.023306366037063913,0.015503661513768028
18.25478219985962,0.6669036859583664,0.05956978061176489,0.20565603245667688,0.3817560506657999,-0.923836153707512,0.02339671318817222,0.01554582566489281
18.274856328964233,0.6668951614925964,0.05959736281609019,0.205633851397097,0.38179254605709245,-0.9238183934451731,0.02347466844131627,0.015587419591011117
18.299866914749146,0.666891720708576,0.05960262073302685,0.2056210259824863,0.38181921505262045,-0.92380389067865,0.023582781688755588,0.0156304507913213
18.32487654685974,0.6668944681513141,0.05956360269544965,0.2056222301189328,0.38181632540750465,-0.9238013601298134,0.02370310195445086,0.01566855552007667
18.34976625442505,0.6669014642228258,0.05949953364996171,0.20563378219672268,0.3817973817486093,-0.9238052794980519,0.023832921550052764,0.01570212441454261
18.369886875152588,0.6669096574577079,0.0594454035989689,0.20565060208492542,0.38178023301074737,-0.9238092501475359,0.023939563903892062,0.01572324089227201
18.39489221572876,0.6669410773993019,0.059378311433352086,0.20570716836629402,0.38175874177879654,-0.9238146140430032,0.024083558190657623,0.015710002565360467
18.419861793518066,0.6670486572650726,0.05935514128799105,0.2058410856249003,0.38170564921560174,-0.9238366413259923,0.024191154617523337,0.015538517915174934
18.444870233535767,0.6672201844865763,0.05949224030731154,0.20598547058302874,0.3814187380010037,-0.923970621020866,0.023914533994557886,0.015037714490514033
18.469727039337158,0.6672728615559785,0.05960366978403566,0.20600998986711722,0.3808200254315264,-0.9242410692481201,0.023318550150918108,0.014518931235885718
18.489766359329224,0.6672995543522683,0.05965944865026261,0.2059909014815316,0.3802213019579589,-0.9245083339817034,0.022753168106508473,0.014085285805982726
18.51471710205078,0.6673377345827634,0.05975173476611094,0.20595895879001386,0.3793225261056217,-0.9249082063675224,0.021878694471781975,0.013437027636309667
18.534788131713867,0.6673765482050695,0.05982677904764795,0.2059683781363832,0.3785252813866659,-0.925260769187167,0.021120741487432853,0.012846580602986825
18.559783935546875,0.6674289515365488,0.0598967401029736,0.2059792982477541,0.3774472007584364,-0.9257337371856011,0.020125605589484556,0.012067248097925833
18.579813241958618,0.6674802707208013,0.059983582772193865,0.20598160584838188,0.37655360245729486,-0.9261241511305451,0.01927489013728279,0.01139823575836961
18.604748487472534,0.6675471158229898,0.06014722537571885,0.2059774317606406,0.3754197790185916,-0.9266177203708418,0.018137293457304037,0.010518003775806316
18.624830961227417,0.6675999363396681,0.060283443114431824,0.20599209720404976,0.3745358822813552,-0.9269999540875747,0.017249889150707295,0.009818316087314557
18.649853706359863,0.667657607510905,0.06038497965905396,0.2059931312576299,0.3735553856681976,-0.9274192539245347,0.016349690433236738,0.009087844067407454
18.674854278564453,0.6676987503944949,0.060438780035397856,0.20597929656192251,0.3727995239301493,-0.9277394076403371,0.015711324319269724,0.008559249820592418
18.699803113937378,0.667710682309871,0.060451650941796116,0.20592751379440632,0.37232276924290086,-0.9279390058875867,0.01537242301285697,0.008285255930137726
18.724749326705933,0.6677013580549328,0.06035604569280859,0.20584469711091802,0.3720928653273981,-0.9280311725514765,0.015381191214558559,0.008274134416660332
18.744842052459717,0.6676907375257185,0.06026564843767464,0.20577911307457813,0.37205611888837853,-0.9280424610207102,0.015535719702162205,0.008371162128019855
18.769834518432617,0.6676714443080477,0.06019662508896846,0.20567189679354367,0.3720549611566807,-0.928038532411034,0.015719520964473113,0.008513806494549072
18.7898428440094,0.6676558802224325,0.06013648922556701,0.20558506494201578,0.3720497058302243,-0.92803710844017,0.0158654829251347,0.008627178065706205
18.809852123260498,0.667640697501375,0.06005809120434972,0.20549642475685265,0.37202689221430374,-0.92804277052634,0.016006046452821242,0.008741511420599158
18.83471965789795,0.6676338243848955,0.05998797423870257,0.2054201419959337,0.372007123243155,-0.9280468271529146,0.016171988641333918,0.008846109454643876
18.859733819961548,0.6676283795481924,0.059966693669007726,0.20536914082517135,0.37202023445048343,-0.9280383083280351,0.016315456633959394,0.008924646240412913
18.8797824382782,0.6676143990126168,0.05994109705189219,0.2053103883950232,0.3720212494483185,-0.9280353500680392,0.01641247824821111,0.009011633679702199
18.89982295036316,0.6676017922634921,0.05989522754761349,0.20523979362493078,0.3720079359370806,-0.9280376696782852,0.01653024677098183,0.009106601904621679
18.92485761642456,0.667591773266746,0.05987230496025952,0.20517436415155293,0.3720179768040907,-0.9280300776674875,0.016679327881365467,0.009197820316580074
18.94979238510132,0.667578024447924,0.05987331603727202,0.2051144795420437,0.3720213355064382,-0.9280253865688186,0.016815328534711564,0.009287224440713842
18.974773645401,0.667548296733123,0.05990854154307618,0.2050528849547657,0.37186047950031653,-0.928086698824797,0.016922718048337212,0.009406639423626512
18.999748706817627,0.6675195923563316,0.0599983557299604,0.20500215408639813,0.37056259866897046,-0.9286027782430634,0.017033980779327787,0.009491269960885569
19.024826288223267,0.6675064304398076,0.06005755702039611,0.20497369089087938,0.36754933218473634,-0.9297958212271822,0.017226156801795973,0.009512032428172964
19.04973292350769,0.6675046983083337,0.0600359664325679,0.20497472886176948,0.36320498473962004,-0.9314972899446192,0.01745908199826304,0.009493068073306354
19.069780349731445,0.6675057662503443,0.059953982333655495,0.20499143397176145,0.3591795769624596,-0.9330529357325009,0.017676895529241135,0.009475124148126651
19.094762325286865,0.6675194151208153,0.05985398166646012,0.20501986379607007,0.35368129670072457,-0.9351463124509827,0.01794905185350179,0.009420520736243127
19.11486315727234,0.6675420633421388,0.059788980094112584,0.20505267132612376,0.3494180539716816,-0.9367442811769536,0.018160816458747436,0.00934665646100499
19.139795541763306,0.6675833777343859,0.059725452755766566,0.20510842793096007,0.34497052141906576,-0.9383871641555659,0.018420347687698842,0.009249880698538052
19.164772033691406,0.6675691264403733,0.05960260785867492,0.20509857449587848,0.3418398369330496,-0.9395266479637228,0.018677516360938513,0.009292687102460163
19.189764499664307,0.6675447750347049,0.05949857549144518,0.20508646394356794,0.33936288925181485,-0.9404195198890595,0.01886753702604141,0.009379342068464906
19.214775562286377,0.6675562066714684,0.0594798099935337,0.20509999180843436,0.3375904172777716,-0.9410531455429538,0.019073969983438348,0.009373958411345012
19.239765882492065,0.667582399443307,0.05951260902558639,0.20513460917525717,0.3369402524885995,-0.9412825245327886,0.019259926766715025,0.009355772723742523
19.259767532348633,0.6675740907499221,0.05957409452800545,0.20513954016938546,0.33706045728450634,-0.9412359832938078,0.019408152358218893,0.009401888678734325
19.284751176834106,0.6675319789618391,0.059609298319140566,0.20510808047989426,0.3371458785543382,-0.9412000744081064,0.01959145090870221,0.009552568211276966
19.30475425720215,0.6674862308230599,0.05961827574733438,0.20508375701817955,0.33719268572247785,-0.941179713598603,0.01965359560090257,0.009776276638242314
19.324777603149414,0.6674127905588122,0.0596099411463399,0.20505796551568056,0.3372194874531455,-0.9411670942975301,0.019567053322316105,0.010229775920326695
19.349772930145264,0.6673117870573438,0.0595647334610934,0.2050158570015847,0.337213608385718,-0.9411650432370839,0.019424799080961654,0.010863741906915742
19.36978030204773,0.6672024454965532,0.059520936737949004,0.20498769910021675,0.3371922607759972,-0.941169114767908,0.01922856313449814,0.011503870630936979
19.389784336090088,0.6670498102048685,0.059500856086755004,0.2049833072721331,0.33719740013598887,-0.9411630282755079,0.018879565275086888,0.012394739358770357
19.409834623336792,0.6668701905070608,0.05949337721013897,0.20498813835045254,0.3372217276369106,-0.9411487441572551,0.01845106937826058,0.01342035092172798
19.42986798286438,0.666703094201846,0.059464477669574155,0.20498603077595806,0.33720091564189986,-0.9411494242870713,0.018058390327114003,0.014394380588330731
19.454835414886475,0.6665394821494182,0.05941581885220784,0.20498365544210026,0.33716307277156166,-0.9411541181260051,0.017712311903755065,0.015370826309524944
19.47487163543701,0.6664452691766881,0.05941169690538343,0.20497986387922879,0.3371651976493487,-0.9411470768261571,0.01755194244362316,0.01592917427143977
19.4998140335083,0.6664011456998554,0.059384739763643245,0.20496137653470592,0.3371787087645035,-0.9411357647823444,0.017618344401954023,0.016235286978348414
19.524746894836426,0.6664084513686703,0.05937197032463187,0.20491781286677066,0.3372154739477246,-0.9411178561761218,0.01782092857146229,0.016288628609602066
19.549806118011475,0.6664412557298479,0.0594039231736356,0.20490713062992705,0.33728317496593446,-0.9410902889448801,0.01799653870847721,0.016286575235306678
19.574803352355957,0.6664740253910418,0.05943346211305571,0.20490769497775663,0.33735223165804834,-0.9410621321435862,0.018176509845690813,0.016283418892379407
19.599725484848022,0.6664852316656708,0.05941280785240703,0.20488854523659072,0.3373842842583153,-0.941046399289821,0.018353294468341157,0.016330208231613873
19.619728803634644,0.6664794856848432,0.05939187263554878,0.2048495009408462,0.33740520274004737,-0.9410350583448829,0.01849189653863068,0.01639505693856134
19.644729137420654,0.6664635262259743,0.0593846230189591,0.2047745429874105,0.337457395340406,-0.9410111570301912,0.018664357881754797,0.01649698215463223
19.664803504943848,0.6664418168978578,0.05941120051044341,0.20468383811667973,0.33754644720403343,-0.9409745770699612,0.01880498074781566,0.0166016260428091
19.68986701965332,0.6663997124765233,0.05945550697241051,0.20451860720280118,0.3376618326249769,-0.9409270504479804,0.01896180398309122,0.016769690306517062
19.70988702774048,0.6663627743592825,0.059475485570741275,0.20436884523039853,0.3377494717978317,-0.9408899932329655,0.01910339836416466,0.016922621105364598
19.734869956970215,0.66631876761949,0.05947897737504835,0.20417486952197297,0.337826906827446,-0.9408546995345004,0.01929576144600262,0.017119841628841226
19.75977635383606,0.6662727825672781,0.0594762062069589,0.20397268605784086,0.3379305618792354,-0.9408099877800382,0.019479377667497983,0.01732212710588669
19.784708738327026,0.6662336692164486,0.05947446697183704,0.20375665357178369,0.3382544970642674,-0.9406858650348981,0.01966323778478771,0.017531560648952255
19.804789304733276,0.6662090007640479,0.05945669800656275,0.20359744124359025,0.33939777260260806,-0.9402674825343298,0.01981201041843357,0.01771150710863452
19.829787015914917,0.666195949657288,0.059491885320265614,0.2034502744127304,0.34240938733432064,-0.939168827757622,0.019926263830189507,0.017907217643708714
19.854730367660522,0.6661847616662622,0.05954579368849643,0.20335320377134664,0.3468278442054133,-0.9375404800546405,0.020013883470411734,0.018103569027463795
19.874738454818726,0.6661743087514359,0.05956434088477736,0.20330030668414545,0.35106642534847243,-0.9359569347629964,0.020078738278157076,0.018270893003511788
19.894779682159424,0.6661755172154004,0.05955413047164253,0.20326834748135958,0.35562397939064533,-0.9342302172087343,0.020146369757324017,0.018428519254777367
19.919769763946533,0.6661976781728136,0.059568116725296896,0.203240620471122,0.36116483866348414,-0.9320977263807511,0.02020806909939838,0.018585524820318014
19.94477868080139,0.666221703410398,0.059649501495969294,0.20318916149461907,0.36593218383867787,-0.9302331687007496,0.020239318023165566,0.018715199333430518
19.969797372817993,0.6662242550238913,0.059774678087259094,0.20309071820411484,0.3694259336271057,-0.9288493577487789,0.02021953940141623,0.018828712117487538
19.994770288467407,0.6662068662845849,0.05989112360839064,0.20295996657455367,0.37162000322269007,-0.927971547533929,0.0202149602060805,0.018940315630811326
20.01480460166931,0.6661919548095603,0.05995411464131254,0.20285982879723558,0.3725105020553425,-0.9276117928791224,0.02025620790104043,0.019025604109008568
20.03483486175537,0.6661881703431626,0.06001319153766511,0.2027883140585837,0.37263912831330953,-0.9275594718081387,0.02027153546285128,0.01904130140033906
20.059713125228882,0.6661940716266346,0.060089793133191176,0.2027287721905125,0.37253284028792094,-0.9276046937010191,0.020220557634998776,0.018972194912866704
20.0798282623291,0.6662089161017997,0.0601233034374003,0.2026936409329483,0.3724071578820087,-0.9276577773535494,0.020177799852025207,0.018889501505853123
20.1048264503479,0.6662237708807801,0.060104894952345514,0.20263577677171996,0.37227978817594776,-0.927708934562689,0.0202096984485691,0.01885365048415397
20.124898195266724,0.6662373340074688,0.060058955133979845,0.20259335146074375,0.3722353296424567,-0.927723843083824,0.020319900216948277,0.018879406624105626
20.149719715118408,0.6662641738699928,0.060014439248292986,0.2025630855767434,0.37223182141228445,-0.9277207584347829,0.02048938890003311,0.018916935257661634
20.174705743789673,0.6662947400757879,0.06000049246986899,0.20255368152000247,0.37226125996236514,-0.9277047801975085,0.020655030054718998,0.018941089283816406
20.194713830947876,0.6663169933073007,0.05998990579598783,0.20255334957055915,0.372283348846687,-0.9276924587198134,0.020792848499117944,0.018959632306604173
20.21973466873169,0.6663428673144094,0.06001840715016766,0.20254961115627707,0.37233536949711726,-0.9276678972336451,0.02094237769221142,0.01897529656951615
20.239760875701904,0.6663562207683692,0.06005246066744961,0.20254501874009184,0.3723793090159724,-0.9276474903352608,0.02105097976546636,0.01899052769885816
20.264710426330566,0.6663612697438512,0.060130326274868126,0.20252706139954835,0.37245479609254656,-0.9276139065799804,0.021169854994600848,0.01901847592183421
20.284839391708374,0.6663592133123745,0.06019008942579357,0.20250726226969668,0.37251783565400787,-0.9275854230368984,0.021275972766972958,0.01905460763465903
20.304855585098267,0.6663605913513018,0.060229014224730586,0.20249400066921916,0.37256774447643076,-0.9275619281438569,0.02139444330494555,0.019089867197736605
20.329766750335693,0.6663698595454071,0.06026457324517427,0.20248503178744892,0.37261581151002865,-0.9275390120476337,0.021525336735772584,0.0191180025366728
20.349767446517944,0.6663792982679696,0.060276445265691675,0.2024800925732285,0.3726420757642544,-0.9275255172319162,0.021632531000025122,0.019139797701138685
20.369843006134033,0.6663846171177098,0.060288790836717274,0.20247015603673146,0.37266590554264484,-0.9275129152273025,0.021737816017429048,0.019167219084885046
20.38988184928894,0.6663978483721432,0.06030085925594306,0.20247492650038998,0.37268988951737525,-0.9275006323180992,0.021841011150017173,0.019177943925723553
20.414849281311035,0.666433626348082,0.06030162755040513,0.2025175206332439,0.3727128088236355,-0.9274883559651367,0.02198425855928111,0.019162569329003256
20.439860105514526,0.666464070588181,0.060303929338683684,0.20255325201270935,0.37273585207911275,-0.9274759824451334,0.022124389815207774,0.019151969565962625
20.46471118927002,0.6664965026605199,0.06030703748666491,0.20259311886285164,0.3727593584483889,-0.9274630330049457,0.022281144609320565,0.01913984569679615
20.484747409820557,0.6665354300415598,0.0603401673676552,0.2026470034107608,0.37277065469955795,-0.9274574027632846,0.022376794785300514,0.01908098817805169
20.504769325256348,0.6665687638237807,0.06039861272569506,0.2026979370869159,0.37277113411513774,-0.9274573454017366,0.022435050890902794,0.019005854962358362
20.524791479110718,0.666588076163541,0.060452778751526985,0.20272288172018524,0.3727661492340687,-0.9274588672393029,0.02249526302717897,0.018958130333797108
20.549725770950317,0.6665984577446636,0.060512203518454405,0.20271880833595776,0.37277647635614547,-0.9274527383100667,0.02258722299178174,0.01894555974775503
20.57473850250244,0.6666010678014004,0.060536647889558495,0.20268668593708908,0.3727961575842537,-0.9274411342620767,0.02270879686839241,0.018980988208183103
20.59969401359558,0.6666031773360686,0.060543614482425644,0.20264281821855873,0.3728252839387931,-0.9274248137048098,0.022848697237777507,0.019038372185207122
20.619712591171265,0.6666077456740519,0.06054445713549131,0.20261837031835428,0.37284589698134357,-0.9274129256230017,0.022962208534934796,0.019077197663843172
20.639767169952393,0.6666152882021247,0.060540918184019195,0.20260820307543048,0.3728619876811551,-0.9274029739193971,0.023078108159844728,0.019106622713927202
20.66473126411438,0.6666236054281516,0.06054580827449496,0.20260152728277453,0.37288371104774853,-0.9273906073548558,0.02320093325910247,0.019134161095119107
20.689719200134277,0.6666248174417482,0.06057589945628497,0.20259442556553486,0.37291585351614615,-0.9273743894288431,0.023310976107452967,0.019160021423716492
20.709761142730713,0.6666258676773514,0.06062139461222711,0.2025938704767158,0.37294879839596756,-0.9273587773173119,0.023395692898563924,0.019171162235328033
20.734711170196533,0.6666230169897526,0.060696327816238474,0.20259423247036873,0.37298517992503377,-0.9273419890066383,0.023478575337792414,0.019174135746780865
20.754714488983154,0.6666199957828479,0.06074753630712383,0.20259359456032783,0.37301013581379594,-0.9273299394750207,0.023552198251825286,0.01918113373111617
20.779705047607422,0.666614643775667,0.060802022481379406,0.20258468325662993,0.37304918369463663,-0.9273110130267223,0.023658077031441613,0.01920643265029488
20.799710750579834,0.6666102602485913,0.060825131089582395,0.20257307230224242,0.3730782056069886,-0.9272963270480883,0.023749857737486543,0.01923846671936893
20.819748640060425,0.6666077792621833,0.06082072344728103,0.20255952232512112,0.3730909349935231,-0.9272876552417997,0.02385695141110386,0.019277046735646706
20.844717741012573,0.6666034320360753,0.0608009441937452,0.20253084778715685,0.3730936994192965,-0.9272822467690192,0.023980346251589554,0.01933052699440547
20.869722604751587,0.666593090909925,0.06080374452819321,0.20248463027901462,0.3731025845592717,-0.9272753939980454,0.02406366313403574,0.019384148110598524
20.88981819152832,0.6665831898427544,0.06080504434688485,0.2024326911839739,0.37308431289285293,-0.9272809602533417,0.02410429095160132,0.019419046910245437
20.909874439239502,0.6665765963124951,0.06080255472680952,0.2023833990146292,0.37303156809917,-0.9273015881158314,0.024118986914136425,0.01942905941078712
20.934736013412476,0.6665678105768096,0.06080630017785326,0.20231087116182495,0.3729335258920517,-0.927341678127446,0.0240997366156286,0.01942163661247563
20.959691286087036,0.6665548957751446,0.060830423488057304,0.20221481669568403,0.37280435162990566,-0.927395650958445,0.024040376083860206,0.01939799750799844
20.979719638824463,0.6665412277090025,0.06086720440828948,0.20212213434854243,0.3726859102531017,-0.927445642591601,0.023970155884868262,0.01937069857866264
20.9997456073761,0.6665275884288479,0.060915471221060266,0.20203178819526701,0.3725652488899477,-0.9274968106578546,0.02389478686486621,0.01933496055705255
21.01976990699768,0.6665161835835027,0.06094492749487973,0.20194837270661137,0.3724562466498963,-0.9275417281332681,0.023865521249921307,0.019316412676501905
21.04474115371704,0.6664992415331122,0.060980594396167695,0.2018428277712438,0.3723552713596143,-0.9275823598098109,0.023859130795531928,0.01931992593161745
21.064817905426025,0.6664827696501177,0.061008151162771744,0.2017510461853545,0.3722992337400582,-0.9276041890739473,0.023865584619500196,0.019343806228499603
21.089770317077637,0.6664637141323507,0.06102604901407912,0.2016380132280976,0.3722456305419088,-0.9276236505032286,0.023905490215088653,0.01939281070622222
21.114745140075684,0.6664500582678647,0.06101868989804491,0.20152816401465973,0.3721970095362216,-0.9276402795030372,0.023968481958399374,0.019452758381491807
21.134846210479736,0.666447744071313,0.061001349016247305,0.20146129841465993,0.3721418932731103,-0.9276606788754042,0.024014369199153115,0.019477838979287915
21.15491032600403,0.6664517788062186,0.06099600909077524,0.20140465290756893,0.3720806038061306,-0.9276844839315076,0.024043215026113233,0.019479382817564093
21.179863214492798,0.6664737303227847,0.06098809936878837,0.20135602751293147,0.3719919326800157,-0.9277198555914382,0.024076956441221684,0.01944663803867775
21.204758882522583,0.6664939590815805,0.060985782057538296,0.2013061027904136,0.3719024368429987,-0.927755692835136,0.024106274915430534,0.01941235153302531
21.22491455078125,0.6665070542574549,0.061011537219053925,0.20127588744596303,0.3718688774176996,-0.9277690457425324,0.024128810304131863,0.019389076382424188
21.244936227798462,0.6665261105082932,0.06104011863061711,0.20127338462600097,0.37187470578328663,-0.9277654724439602,0.024190570702999063,0.01937130942252893
21.269901037216187,0.6665480684406917,0.061073644027359784,0.20129701011064838,0.3719204217159725,-0.9277434932854223,0.024331240258483752,0.019370114206085903
21.294877767562866,0.6665629235514512,0.0611113280043973,0.20132892863292945,0.3719719580875687,-0.9277187710067791,0.02448122334411186,0.01937560377149949
21.31975507736206,0.666581480541939,0.06114110098159152,0.20137121351371762,0.3720207882160932,-0.9276948748280474,0.02464207867505166,0.01937834646441656
21.339757919311523,0.6666026377253466,0.06114939809809197,0.20141344810792922,0.3720496152672897,-0.9276800623458674,0.024767645122644757,0.01937393766759636
21.35981512069702,0.6666250554314215,0.06113488806789235,0.20146086484904782,0.3720642734579909,-0.9276705913545439,0.024904668551895718,0.019370282315417466
21.384775400161743,0.6666519150269643,0.06112812133771155,0.2015117396903846,0.37208874588392044,-0.9276569104809054,0.025054609669310002,0.019362028762118608
21.404855966567993,0.6666763062288749,0.061129361969580895,0.2015556226917249,0.3721119084775712,-0.9276450399506762,0.0251620180905426,0.019346324462698156
21.42494559288025,0.6667054562676327,0.06111596081085307,0.20161199540688954,0.3721278791645058,-0.9276356732469472,0.025286214758374285,0.01932631912582641
21.449851036071777,0.6667410857350572,0.061098234653010106,0.20168329223915082,0.37214593369825255,-0.927624843577015,0.02543686748078692,0.019300761202213804
21.474766492843628,0.6667644514462567,0.06108356918526853,0.2017418954967511,0.372163398473005,-0.927613963954297,0.02558279314549927,0.019294025205373593
21.499753952026367,0.6667770977213346,0.06108153609490469,0.20179179905584282,0.3721853796723145,-0.9276013176145443,0.02571675403078309,0.01929992954249737
21.52473258972168,0.6667894438067368,0.061077132157415975,0.2018432838578076,0.37220649499817837,-0.9275887852208975,0.02585739457182273,0.01930714271215275
21.549723148345947,0.6667959910653017,0.061097772283124484,0.2018841499368074,0.372244837646186,-0.9275692636048217,0.0259935760214407,0.01932294148113626
21.56975269317627,0.6667957647726486,0.061141682176831136,0.2019054038616918,0.37229248705657875,-0.9275471777940151,0.026086237679398036,0.01934024951376033
21.5947003364563,0.666794088245626,0.06120026837946656,0.20192975935716245,0.3723568700696113,-0.9275172424901472,0.02621044851085243,0.01936849462580019
21.619693279266357,0.6667926057050184,0.061233170590261725,0.2019441708407187,0.37240661319114754,-0.927492625739711,0.026345284600658374,0.019407978495099544
21.639714241027832,0.6667917085204286,0.06123859716776618,0.20195008698928352,0.37243239312143134,-0.9274783655442381,0.02645462818508862,0.01944599314495523
21.659823417663574,0.6667909843069858,0.06122268464164488,0.20195109186003618,0.3724437541965857,-0.927469752259646,0.02656225254116896,0.019492443248815033
21.68471884727478,0.6667878552413461,0.06120482638039919,0.20194565258480487,0.3724566385186837,-0.9274599143625715,0.026679725168428987,0.019553821592861193
21.709731578826904,0.6667824029577922,0.06117785195201741,0.20192542159316815,0.3724636730416512,-0.9274522747162366,0.026794958272619247,0.019624489775564573
21.729861974716187,0.666775168489168,0.061155288615218906,0.2018987433290378,0.37246989161321026,-0.9274455706508745,0.026890144220356182,0.01969298010842742
21.75486731529236,0.666761475390273,0.06114654898518543,0.20184934323453801,0.3724891887999505,-0.9274329542331683,0.026992765899261324,0.019781562590208957
21.77980661392212,0.6667447109575849,0.06117425179586575,0.20178901777125813,0.37253270488067197,-0.9274110321004244,0.02708316038780529,0.019866145976579205
21.804858922958374,0.6667328757420844,0.061222067925274994,0.20173887974659716,0.37259514734804966,-0.9273810225092458,0.027197443672756172,0.019939767296637868
21.829710721969604,0.6667306129818173,0.06126793881505749,0.20171403878405092,0.37265768903914814,-0.9273510365685229,0.02732438605163932,0.019991990957363776
21.84974479675293,0.66673152822452,0.061317887383747036,0.20169952038205952,0.3727166797032641,-0.9273236866201757,0.027424496197635397,0.02002383361232384
21.874775886535645,0.6667290992518751,0.06138726494774337,0.20167682255580474,0.3727943484099455,-0.9272878937764718,0.02754705740077728,0.020067273792847944
21.894784688949585,0.6667276939056509,0.061440531105958054,0.20165822136699302,0.3728530196969007,-0.9272610137037688,0.027634599010303636,0.020098932935692048
21.91973614692688,0.6667299046958632,0.06146929837840959,0.20165074165410202,0.37289946665215723,-0.9272381258843484,0.027750419704646895,0.020133551183261822
21.939751625061035,0.6667366688595732,0.061471267878181364,0.20166102610022463,0.3729242228838558,-0.9272243635861481,0.02786122497819836,0.02015578580786265
21.959764003753662,0.6667427210418276,0.06147517658114879,0.20167590433970117,0.37294735564668796,-0.9272116830648017,0.02796110982843732,0.02017277971485606
21.98480463027954,0.666747272064591,0.061494924227570566,0.20169836878773723,0.3729810538426899,-0.9271946925209608,0.028064150544103453,0.020187597420809666
22.004819869995117,0.6667519029309231,0.06150042242891842,0.20172281449642435,0.37300278237158757,-0.9271827434794422,0.028159886170960984,0.020201617460954863
22.02975559234619,0.6667592781381341,0.061500004804123556,0.20175838400970636,0.3730280881514935,-0.9271679565073291,0.02829692891656182,0.020221515524209713
22.049867391586304,0.6667624331156218,0.06152291643825063,0.20178409950946674,0.3730627015726796,-0.927150682641264,0.028396710073121733,0.02023509896943921
22.074713468551636,0.666763360792339,0.06157732031602659,0.2018147902429545,0.37312283138460656,-0.927122394328247,0.028517462782766036,0.02025272699143964
22.094728708267212,0.6667613698161369,0.061630455401440916,0.20183229753502668,0.373176168900276,-0.9270979080577292,0.028602979383921378,0.02027030858538199
22.11480712890625,0.6667585425633896,0.061674959464780306,0.20184223823710176,0.37322362812956583,-0.9270757012339668,0.028687822311723763,0.02029227533456026
22.139736890792847,0.6667572443411867,0.06171777100086308,0.20185731753840647,0.37327814546390364,-0.9270492007685563,0.028814367367308802,0.020320868748473296
22.15980625152588,0.6667558286617759,0.06175130406458557,0.20186701355294578,0.3733213106755838,-0.9270281489874156,0.028914960236747247,0.020345393952355184
22.184683084487915,0.6667525797287448,0.0617853570345815,0.20187027386634215,0.3733661097899305,-0.9270061308593361,0.02901966079387795,0.02037745561029297
22.20469045639038,0.6667502117237537,0.061803183988804036,0.20187174055311552,0.3733950081898305,-0.9269913839091367,0.029100027126560644,0.02040417698389529
22.224702835083008,0.666749299548224,0.06181304493425408,0.20187558248969378,0.3734204105503113,-0.9269776218600464,0.029192187664905406,0.020432859190036505
22.249704122543335,0.6667482598635475,0.0618246791372844,0.20188011477224777,0.3734529680994674,-0.9269598886313508,0.0293119319365332,0.02047086056208613
22.269797801971436,0.6667444737768901,0.06183697930526611,0.20187148059111,0.37348091853789034,-0.926944913032653,0.029403697612733003,0.02050741958317914
22.289817810058594,0.6667368899091408,0.061856390976736134,0.2018481668181351,0.3735153753851125,-0.9269270216987054,0.029497045988853086,0.020554441697108523
22.314805269241333,0.6667215130275426,0.06189659170436507,0.20179870320886364,0.37357063520307476,-0.9268994781708502,0.029612596993295992,0.020626002516449266
22.339723348617554,0.6667031120680283,0.061940834373551114,0.2017373062398105,0.37363039820373556,-0.926869780693182,0.029731345902472485,0.02070705789634748
22.359728574752808,0.6666921419213236,0.06195102141748112,0.20169354343850482,0.37366334408287777,-0.9268514788859292,0.02984188673365655,0.020772654434636332
22.379764556884766,0.666683190545208,0.061952186986848054,0.20165599663086445,0.3736894949844972,-0.9268359848233086,0.029952635227472917,0.02083406387267723
22.40484642982483,0.6666714546672922,0.06197011445667853,0.20161328391776262,0.37372822891253565,-0.9268151909815434,0.030066769550284592,0.020899809776911294
22.429752588272095,0.6666631695535946,0.06199423516293628,0.20158651892346544,0.3737694427821518,-0.9267938086644363,0.030177209797432904,0.020951751057418658
22.44981336593628,0.6666592275638996,0.06200158038408066,0.20157231470965833,0.3737952100647711,-0.9267793745446737,0.03027414089956927,0.020990670405177866
22.47469925880432,0.6666561252984595,0.06200065597384028,0.20155711011323263,0.3738198281269428,-0.9267645349268627,0.030392395728179176,0.021036520216227185
22.49970006942749,0.6666502744337596,0.06201668375399005,0.20153850898603298,0.3738558072526428,-0.926745123923287,0.030508499658436886,0.02108416743038322
22.524771213531494,0.6666429990293855,0.06205792010780544,0.20152265832042693,0.37390894040907796,-0.926718902662874,0.0306231194219907,0.021128281678933058
22.54975390434265,0.6666366498331394,0.06211921559033927,0.20151918561856277,0.3739735284586474,-0.9266885150280371,0.030731493932976143,0.021160609822764014
22.57471203804016,0.6666372992832104,0.062160334070241005,0.20153611174904745,0.3740284890874802,-0.9266612246538031,0.030867962311687747,0.021185678573419412
22.594722032546997,0.6666379787316746,0.062193513527699466,0.2015525045943058,0.3740725716821108,-0.9266393005599518,0.03097876227838048,0.021204576419092805
22.619693756103516,0.6666361627332825,0.062240901970895365,0.20156377863589742,0.37412566023312904,-0.926613908850993,0.03108305554836216,0.021224936678539724
22.644691944122314,0.66663457117521,0.0622718694538108,0.20156969824037274,0.37416684521687704,-0.9265933716727659,0.031183131231293397,0.02124871382797155
22.669711112976074,0.6666363175084731,0.06227873727704736,0.20158073458045367,0.3741939798172506,-0.9265779642717589,0.03129800109378191,0.021273850667409486
22.69468092918396,0.6666382904000412,0.06228856448556798,0.20159382833246373,0.3742226678472068,-0.9265620131325624,0.03141126751610233,0.021297017678785862
22.714688062667847,0.6666401325737011,0.0622996766773744,0.20160657734736243,0.37424724004001075,-0.9265487085205268,0.03150003872751133,0.021312944933538455
22.734735012054443,0.6666412948541576,0.06231465816104321,0.2016180952224722,0.37427494634955505,-0.9265340226628875,0.03159078268270979,0.02133053756516885
22.75969886779785,0.6666411685897581,0.0623399023600905,0.2016280088932376,0.37431389964678047,-0.9265139554261128,0.031701010604952055,0.021355113164362522
22.77971053123474,0.6666398480634267,0.062362150154473585,0.20163227023645786,0.3743483198464031,-0.9264961800935696,0.031797152421005295,0.021380009309607293
22.804718017578125,0.6666380224227205,0.06239285900271954,0.20163701332850087,0.374396929532989,-0.9264709817738618,0.031934459860431995,0.021416100493989492
22.824760913848877,0.666633905622113,0.06242479772196638,0.20163210693973033,0.3744386679849833,-0.9264501375770502,0.032029022555587955,0.02144686958956708
22.849791288375854,0.6666233625304306,0.062469326046612955,0.201605722239097,0.3744913100119821,-0.9264243586294073,0.03212692256257963,0.02149482053660248
22.874725341796875,0.6666089169318636,0.06249362015248176,0.20155362315568617,0.3745336136667928,-0.9264019968281868,0.032231500859757935,0.021564852391152044
22.899688720703125,0.6665940568122242,0.06249747981420489,0.201492322082168,0.3745644988621433,-0.9263836183337026,0.03234649420507082,0.021645604346813962
22.919697523117065,0.6665848882914029,0.062488165895088876,0.20144890261441994,0.3745803276624655,-0.9263725617704769,0.032439103519031655,0.0217062085643208
22.944693088531494,0.6665783873266969,0.06247277307993539,0.20141252594074732,0.3745953277852725,-0.9263611233706334,0.03255171187380647,0.021766845494635725
22.969692945480347,0.6665771761848057,0.062460084793951265,0.2013925487260315,0.37461052993710997,-0.9263501117133538,0.032659856072153985,0.021811813081223597
22.9897141456604,0.6665789016827767,0.0624599107507804,0.20138729438116132,0.3746285310049372,-0.9263392822601643,0.032743334260875445,0.021837398197271287
23.01477575302124,0.6665867325648189,0.06246694699631372,0.20139690098336072,0.37465791738178816,-0.9263227974226356,0.032859711162912905,0.021857705750026588
23.03971266746521,0.6665962809636725,0.06248564355184888,0.20141476630759458,0.37469678780084825,-0.9263022414184077,0.032985445146422515,0.021873160801190512
23.05975317955017,0.6665977128836913,0.06252270232262211,0.20142059924261643,0.37473981090833947,-0.9262815094075405,0.03306864402250839,0.02188844974903329
23.07979655265808,0.6665943164218507,0.0625830275258581,0.2014190929118928,0.3747960125920983,-0.9262559828259006,0.03313573624574715,0.021904935694228626
23.104726552963257,0.6665890844161227,0.06266636520780744,0.2014182112137095,0.3748741383046144,-0.9262203207102159,0.03323296915154815,0.0219286957060266
23.124743223190308,0.666585959242114,0.0627190776937048,0.20141989389860487,0.37492977364848756,-0.9261939176826589,0.033325988123968774,0.021951541980221586
23.14482808113098,0.6665821632914658,0.06276054058379704,0.20141686040348594,0.3749784203436286,-0.9261700899349218,0.033422159056824635,0.021979719529128743
23.16483426094055,0.6665785716988817,0.06278862345477115,0.2014117689279379,0.3750169133819241,-0.9261504606445845,0.03351459378662741,0.02200933730822085
23.184852600097656,0.6665764052517288,0.06280407971268318,0.20140719661859724,0.3750484301662586,-0.9261332875476901,0.03361540451398206,0.022041172956253113
23.209836721420288,0.6665754319470529,0.0628079427457847,0.20140429940062596,0.3750770741673765,-0.9261161177123152,0.03374296156753689,0.022080251178946728
23.234779596328735,0.6665746338177274,0.06280112215354768,0.20139892998791603,0.37509670359011554,-0.9261029020899961,0.033861787807408665,0.022119155111134443
23.254785537719727,0.666578209070557,0.06277981012234318,0.20140539340052008,0.37510218652317745,-0.9260963009770978,0.03396485755276394,0.02214451248687011
23.274799823760986,0.6665819260917304,0.06276775427471967,0.20141596937573145,0.3751119102090198,-0.9260884567825625,0.03405861504888551,0.022163839345889568
23.294808626174927,0.6665825660834239,0.06277644100435895,0.20142240658022206,0.37513276497746484,-0.9260767776757531,0.034135205385922615,0.022181033408280613
23.319705963134766,0.6665762137064362,0.06282220743716617,0.20141388981417196,0.3751824152199017,-0.9260527559971021,0.03422148639172979,0.022211219884664388
23.33975124359131,0.6665695133752362,0.06287556684489642,0.20140755973567018,0.37523511320347186,-0.9260279728336348,0.0342977044287719,0.02223669983281207
23.364773988723755,0.6665634026393824,0.06294336103625704,0.20140812141872927,0.37530436631424685,-0.9259950947285073,0.03440837849030505,0.022266132436746033
23.38975715637207,0.6665572002720884,0.06300406866116161,0.20140603466313398,0.3753701225381858,-0.9259632627575795,0.034525569142551435,0.022300049426480218
23.414742708206177,0.6665500899202159,0.06304302908140257,0.20139180304883475,0.3754221912653276,-0.9259366344095393,0.03464468443997188,0.02234442219998714
23.439744234085083,0.6665418343249032,0.06305932129497073,0.20136296347017169,0.37545778096447285,-0.925916813312467,0.034754108569729575,0.02239780069751497
23.4597487449646,0.6665366057057669,0.06305458368697141,0.20133639704601103,0.3754745257579475,-0.9259056583836273,0.0348410600877343,0.022443101660214522
23.484783411026,0.6665316375586504,0.06303127203184666,0.20130152971866133,0.37548588469084665,-0.9258950121220952,0.034961541494554604,0.022504833735804575
23.509732246398926,0.666529524994367,0.06300207675357973,0.20127356327661602,0.37549190880645517,-0.9258867721216757,0.035079311755864914,0.022559998166711566
23.534701824188232,0.6665304725963266,0.06298731006640067,0.2012583895351141,0.3755029229767977,-0.925877736924465,0.035175605216802346,0.02259751980326942
23.559695959091187,0.6665340117699103,0.06297418489017353,0.2012564711551808,0.37551205070266896,-0.9258701200031147,0.03526227775575417,0.022622829836428635
23.579700708389282,0.6665387274364947,0.06296613478103173,0.2012605958305685,0.37552192755571445,-0.9258628648654723,0.035337114468435876,0.022639031091263865
23.604687213897705,0.6665464452045493,0.06296387132846316,0.20126924782887232,0.3755418139684109,-0.9258504561525824,0.035439183164319515,0.02265707616048534
23.629790544509888,0.6665538565815843,0.06298648989613018,0.2012881264989932,0.37557843193957907,-0.9258313140052535,0.03554436915505973,0.02266753824941906
23.654736757278442,0.6665579787982375,0.06302371556477343,0.20131252635389793,0.37562526884618247,-0.9258076927284713,0.03565735454010597,0.022678768841092163
23.679717779159546,0.6665566004632789,0.06308676448487743,0.20133214398123384,0.3756892424116343,-0.9257771549379965,0.035766693450424554,0.02269352706771671
23.699745178222656,0.666553471511232,0.06314516842274616,0.20134236253189697,0.3757454212035568,-0.9257507905124912,0.03584975723003445,0.022707866841825346
23.71975541114807,0.6665506630550652,0.06320223492918578,0.20135484205434545,0.3758013436880355,-0.9257243046536311,0.03593820209524199,0.02272240053197644
23.739773273468018,0.6665511638141547,0.06323439137230176,0.20136970360236317,0.3758421388511879,-0.9257035575189854,0.03603579318610736,0.022738334804890917
23.76473641395569,0.6665513538875015,0.06326249634050297,0.20138134824369897,0.37588216420274,-0.9256825921717268,0.03614327213501892,0.02275963672184389
23.784754037857056,0.6665505343615495,0.0632893144910911,0.20138897814662726,0.3759138404119358,-0.9256667159217492,0.036212004000469006,0.02277293103071039
23.80972695350647,0.666549870460407,0.06332245761638981,0.20139932562594237,0.37595134938440516,-0.9256481354399843,0.03628905616674409,0.02278632605590828
23.82974648475647,0.6665512069781594,0.06333317538791441,0.20140907021660504,0.3759726544907271,-0.9256362805302992,0.036362198114742374,0.0227997760838423
23.85472583770752,0.6665534967733084,0.0633290465266734,0.201417473419134,0.37598971754654664,-0.925624724659185,0.036465027103372794,0.022823303821202217
23.874763250350952,0.6665546585777531,0.06332983766337662,0.20142279832735566,0.3760063793979909,-0.9256142113662181,0.036547500981606404,0.022843260293928594
23.89971613883972,0.6665544757590594,0.06334326213806914,0.201427081252237,0.37603535005135785,-0.9255978512280046,0.036647674622192476,0.022868783501391494
23.91975164413452,0.6665515082355244,0.06335949369479278,0.2014205622820165,0.3760629213200459,-0.9255828664707224,0.03672609957695567,0.022896072024859437
23.944725513458252,0.6665418640847731,0.06340654560716741,0.20139848622644924,0.3761157157434202,-0.9255567203634987,0.03681797889385672,0.022938225539591708
23.96483850479126,0.6665328437297863,0.06346979028340646,0.2013866168400095,0.3761750126060183,-0.9255290046928657,0.03689102823135257,0.02296678904921031
23.98973274230957,0.6665245611611625,0.063545895666828,0.201382311999259,0.37624915898571687,-0.9254938727170694,0.03699652247086518,0.022998244513468456
24.014726638793945,0.66652040503749,0.06358811468698242,0.20138187560914617,0.37630300242464304,-0.9254661834358662,0.037119812093362944,0.02303287287787249
24.034818172454834,0.666516260825419,0.0636194223729329,0.20137701320022744,0.3763419273322084,-0.9254463136979753,0.03720368455959766,0.023059923029141623
24.059685945510864,0.6665092290140632,0.0636583688587665,0.20136282305580977,0.37638759791370535,-0.9254233330868258,0.03729147711150742,0.023094944251608674
24.079712629318237,0.6665052097906615,0.06366688881624877,0.20134960349010694,0.37641042454512524,-0.9254100363274133,0.037370566830316,0.023127855344499036
24.099737882614136,0.6665019900264846,0.06365838609677886,0.20133230175736,0.37642395011781854,-0.9253999203414891,0.03746026223782887,0.023167346910911768
24.124675989151,0.666496306053463,0.06364184560252983,0.2013011272589747,0.37643696360950757,-0.9253888195790828,0.03756884935594227,0.023223405957035457
24.144683122634888,0.6664890784724459,0.0636378940403669,0.20126870266975058,0.3764529428260507,-0.9253778488290979,0.03764898855060017,0.02327170803756572
24.169689416885376,0.6664793371701991,0.06364263664185385,0.20122682874242212,0.3764805098686228,-0.9253608780281006,0.03775218406202959,0.02333331743269086
24.189714908599854,0.6664709721544556,0.06366471678042758,0.20119427107586413,0.37651410814115793,-0.9253429564594455,0.03782839244469845,0.023378452182138926
24.214689016342163,0.666459810528832,0.06371060454297874,0.20115650770920387,0.3765671690875388,-0.9253164920328061,0.03791597267727658,0.023429377997317712
24.234737157821655,0.6664551501470799,0.06375416163329359,0.2011453299400622,0.3766154501755942,-0.9252926919970861,0.03799912479534633,0.023458545157197804
24.254811763763428,0.6664535078464184,0.06380074669295623,0.20114360493950767,0.37666914022215947,-0.9252659566452439,0.038101573661064224,0.02348485389085214
24.27975630760193,0.6664507516670984,0.06388098117620762,0.20114585965881315,0.37675053957589527,-0.9252270015313467,0.03822571210842089,0.023512156446486365
24.299808263778687,0.6664462962143733,0.06394683988790026,0.20114409660112936,0.3768134216998439,-0.9251974623726523,0.0383080431020666,0.0235328425701981
24.32475519180298,0.6664423487012463,0.06401005453408778,0.20114461382486426,0.3768794064661409,-0.9251653882636355,0.03841681773565673,0.02355982715820705
24.34480047225952,0.6664432917026747,0.0640281311253728,0.20115114862890923,0.3769111360539928,-0.9251478686829685,0.03851415511213697,0.02358127320025037
24.369679927825928,0.6664453180926693,0.06403474014233095,0.2011596016960145,0.37693799791993227,-0.9251315043170673,0.0386285106875395,0.02360685506653082
24.389768600463867,0.6664462319143066,0.06404041005338078,0.2011651756076845,0.37695849507882306,-0.9251190880345583,0.038713589501128874,0.023626763002309356
24.414710760116577,0.6664475507261453,0.06405421442645581,0.20117396787880132,0.3769891218567943,-0.92510145260611,0.038822227221560125,0.02365035012707661
24.439683437347412,0.6664464013910706,0.0640810773153078,0.20117439426623568,0.37702927380140583,-0.9250798931238557,0.038928681044256674,0.02367859428258142
24.45976209640503,0.6664419709557302,0.06410980211617251,0.20116600687334082,0.37706751669562616,-0.9250598288504343,0.03901635561925303,0.023709173205729128
24.484724521636963,0.6664360132996037,0.064151473387737,0.20115655640355123,0.3771230239528744,-0.9250306319104089,0.03914576193346687,0.023752140002193476
24.504727840423584,0.6664315848033503,0.06418584769299618,0.20114870367165905,0.37716897480603806,-0.9250064512499033,0.03925296105263555,0.023787278921868354
24.52967882156372,0.6664188444267549,0.06425067214040757,0.20111677916451942,0.37724013062509637,-0.924971046468835,0.0393698744084083,0.023842399825300876
24.554702758789062,0.6664040564739271,0.06430199235854328,0.20107049137438243,0.37730322076859885,-0.9249386096251697,0.03948678154362899,0.0239090381615622
24.579710245132446,0.6663913389676693,0.06433889652984262,0.20102557407109262,0.3773569601414414,-0.924909837942399,0.039606671666085363,0.023975568179358434
24.599712371826172,0.6663813936966279,0.06436403000165135,0.20098792802392568,0.37739612969591896,-0.9248885735838936,0.03969767475365278,0.02402878199068469
24.624714851379395,0.6663736461862836,0.06438197009172864,0.20094464975107085,0.3774373803787547,-0.9248649707026978,0.03981686810829047,0.024092050018239584
24.644776105880737,0.6663690876809529,0.06439299362122126,0.20091235876672248,0.37746842682277376,-0.9248468420649344,0.03991401333165351,0.02414077493546857
24.669796228408813,0.6663671437708337,0.06441761632594471,0.20088916707420523,0.37751239561505373,-0.9248226674214814,0.04003079978725082,0.024185947337210984
24.69467854499817,0.6663700881298391,0.06443972177591506,0.2008821283708666,0.3775574688086454,-0.9247973694381401,0.04016715189058649,0.024223606996797528
24.714848279953003,0.6663694638849122,0.06447843710051847,0.20087589364621783,0.37760907488849316,-0.9247704489624007,0.04028216996038817,0.024255928574180057
24.73970127105713,0.6663619596437813,0.06457517578357753,0.20085938873456635,0.37770103890154016,-0.9247271471568809,0.04039239295785008,0.024291626447181164
24.764662981033325,0.6663527183527671,0.06467772732683022,0.20085016922620413,0.3777939326754424,-0.9246839289322283,0.0404947999426584,0.02432174305989447
24.784680604934692,0.6663459889746679,0.0647315107708589,0.2008430773941955,0.37785167628933064,-0.9246550988837445,0.040594843021063365,0.024354004881826943
24.804709434509277,0.6663417409094545,0.06476612858373812,0.20083960486015212,0.3778960563255461,-0.9246316799655835,0.0406965413605177,0.024384801395829537
24.82970952987671,0.6663395902823546,0.06478923707890583,0.20083966005721923,0.3779372346715024,-0.924608350044618,0.040822791136231246,0.024420184292897745
24.854685306549072,0.6663427486215627,0.06478522365255854,0.20085135153182815,0.37796141565773606,-0.9245913728480202,0.04096414958499871,0.024451993326830967
24.87470769882202,0.6663434930285157,0.0647848207605663,0.20085395836041803,0.3779825572375528,-0.9245771348411009,0.04107285706172085,0.024481188005048025
24.894747018814087,0.666343902450338,0.06478699598172992,0.20085615368904905,0.3780077181837155,-0.9245606691201137,0.041192418072889425,0.024513645238294763
24.919727087020874,0.6663435214674472,0.06480505501082835,0.2008587969460352,0.3780500251016019,-0.9245355975355842,0.04134285361846976,0.024553530599736004
24.939729928970337,0.6663406823465097,0.06483694105677734,0.20085955581982623,0.37809184474112245,-0.9245132886756455,0.041443166437723514,0.024580479199014946
24.964710235595703,0.6663357116213434,0.06487834630042041,0.2008547396609725,0.37814517794689195,-0.9244849888299184,0.041565567696240466,0.024617745748471666
24.984752416610718,0.6663299238202333,0.06490964068379557,0.20083953306016766,0.3781891255962572,-0.9244612606738144,0.04166984734938567,0.024657384613230658
25.00477647781372,0.6663240815474336,0.06492642153373532,0.2008148039205429,0.37822367105572074,-0.9244412665579801,0.04177228815122985,0.024703750330334773
25.029813528060913,0.6663181889145353,0.06493472317040362,0.20077524614303371,0.3782615510020364,-0.924417756988915,0.041910266790229016,0.024769722136085564
25.054814100265503,0.6663127801602141,0.06493426232987656,0.20073009716098208,0.3782950319892201,-0.9243956431725152,0.04205346493680671,0.024840888531865397
25.079832553863525,0.6663123060558402,0.06493841382205418,0.20069964041420246,0.37833005725233565,-0.9243734757268157,0.042191963134221695,0.02489745768726711
25.10477066040039,0.666320953376761,0.06492902391219031,0.20069704082172585,0.37835492625354716,-0.924355705889292,0.042336606542941115,0.02493372246489196
25.1298189163208,0.666328659298494,0.06493028377695134,0.20069996403779305,0.3783816133975581,-0.9243384674549229,0.042458818521423095,0.024959987091228843
25.154792547225952,0.6663275470763641,0.06496006206088105,0.20068935631694307,0.37842451085762263,-0.9243153605832549,0.042560443821453894,0.02499224667027177
25.174816608428955,0.6663249038865602,0.06499721992161667,0.2006841929309603,0.37846799413278076,-0.9242929330706497,0.04264599821352252,0.025017396534506024
25.19983172416687,0.6663216543176379,0.06505020194225758,0.2006857193183587,0.3785286879775072,-0.9242617758199649,0.04276504577965433,0.025047015703033807
25.224883794784546,0.6663192746408908,0.06510338591142956,0.20069169268087206,0.378588466357464,-0.924231157195523,0.04288228749439046,0.025072906280581016
25.249717473983765,0.6663153598858341,0.06514895984786573,0.2006927661423794,0.37864524391917664,-0.924201002748374,0.043010744787005596,0.02510700319337069
25.26972270011902,0.6663135218985728,0.0651681887485323,0.2006937513639864,0.3786786571730486,-0.9241817918927754,0.04311274858370944,0.025135255018403635
25.28975510597229,0.6663126331228444,0.0651737278693326,0.2006928098968604,0.3787018590959673,-0.9241669185437936,0.04321061115372233,0.025164492253938756
25.314745664596558,0.6663132272938749,0.06516329598838674,0.20069191966665273,0.3787212077282877,-0.9241516268910986,0.043344360915977986,0.025204835013072933
25.339665174484253,0.6663093114738243,0.06517445577281719,0.20068050892825015,0.37875327941294745,-0.9241317757772229,0.04346236805121633,0.025247512670592404
25.359730005264282,0.666302493861879,0.06520351629730425,0.2006638468551361,0.37878879866258564,-0.9241130221359144,0.04353276868136582,0.025279762212863835
25.3797390460968,0.6662952560215435,0.06522705922821953,0.2006442321634779,0.3788219459502489,-0.9240947968886608,0.04360931116002729,0.02531733812896114
25.399824857711792,0.6662898199474896,0.06523469676595525,0.20062777984258728,0.37884640465660846,-0.9240793975351268,0.04369909022586012,0.025358593088986924
25.424738883972168,0.6662807536801939,0.06524890604490151,0.20059676753927602,0.37888112596327284,-0.9240582610863264,0.04381129009859681,0.025416399565648083
25.449786901474,0.666268835557122,0.06529194437627246,0.2005651131806161,0.37893547238664216,-0.9240292278571114,0.0439213527472824,0.02547172168773725
25.469902992248535,0.6662572500909238,0.06532732051025054,0.2005307118233472,0.3789817662168892,-0.92400422151534,0.04401692337185827,0.025525084796458843
25.494771718978882,0.6662393974360729,0.06535879324810391,0.20046776583739054,0.3790327751589968,-0.9239753787308456,0.04413515249541906,0.025607482668754077
25.5148286819458,0.6662221160942793,0.0653717118629653,0.2004008688056932,0.3790661859939785,-0.9239550322974265,0.04422842031155046,0.025686022756268405
25.534873008728027,0.6662091032385238,0.06537292573011977,0.2003471609730833,0.379091987861802,-0.9239375962419933,0.04433004541031044,0.02575713616850417
25.559674739837646,0.6662008151084519,0.06537565511442758,0.20031346888091933,0.37912106908030335,-0.9239180484304648,0.04445270483687011,0.02581882639726004
25.584680318832397,0.6661981667867044,0.06537866588164531,0.2003025983670848,0.379143594646742,-0.9239030629252774,0.04455002437421397,0.025856532711230458
25.6096773147583,0.6661963769409552,0.06538141175385473,0.200296386945851,0.3791625377252901,-0.9238903990407664,0.0446337624834758,0.025886826626522426
25.634710550308228,0.6661974443860161,0.06538118365545287,0.20030143619597207,0.37918035044193404,-0.9238778943573384,0.04472698951370054,0.02591128259857319
25.65968084335327,0.6662006971403982,0.06537597045249248,0.20031427787824288,0.37919610637083795,-0.9238658027139528,0.04482969131973349,0.025934345281010063
25.679720640182495,0.6662022330244342,0.06538623237480529,0.2003265920463368,0.37921793133616066,-0.9238524908232971,0.044910213099271235,0.025950115837565225
25.70473337173462,0.6662027213876717,0.06542199330435668,0.2003453636300217,0.37926116506717983,-0.9238293185443575,0.04501219563648302,0.02596653834204266
25.729758262634277,0.6662013890748402,0.06547140631521019,0.20036255746635293,0.3793132534690237,-0.9238026418982614,0.04511115635422525,0.02598303555390866
25.7546968460083,0.6661974937370235,0.06553086259020191,0.20037450087339242,0.379372366031442,-0.9237730667827057,0.04520792897579619,0.026003310107045687
25.77472424507141,0.6661931986696311,0.06558351818849924,0.20038034734225574,0.37942447769215565,-0.9237470946945515,0.04529017600356926,0.026022504280669188
25.799704551696777,0.6661893959817934,0.06564003777146846,0.2003897284802333,0.3794849783454775,-0.923715964273572,0.04540357790036995,0.026047719093266735
25.82468819618225,0.6661855213073069,0.06567852385206868,0.2003908339047047,0.37953233028216704,-0.923690458463081,0.045509387756965954,0.026077631041170182
25.844717979431152,0.6661786665631653,0.06570686288395135,0.20037485990186424,0.3795669122128161,-0.9236719453499078,0.045578160260918335,0.0261099183038967
25.864720582962036,0.6661695780098624,0.06573451435452586,0.20034951090815623,0.3796004526358281,-0.9236540452223057,0.0456401382064423,0.026147253925984458
25.88476014137268,0.6661615546486047,0.06574964830123231,0.20032258510752016,0.37962760437262266,-0.9236381467082815,0.04571223575082165,0.026188689279158673
25.909721612930298,0.666154746239099,0.06575627723580425,0.20029701617926293,0.3796547614541694,-0.9236204956362286,0.045814839158305865,0.026238190846667824
25.92974877357483,0.6661505378972733,0.06575130303742201,0.20027766065297037,0.3796689457041157,-0.9236095535941501,0.04589530100084138,0.026277471787324615
25.954723834991455,0.6661426501978233,0.06574971830417588,0.2002436597047603,0.37968908544874475,-0.9235952095172624,0.045986672729162105,0.026330842741156463
25.97474980354309,0.6661318836948706,0.06576736559417361,0.20020587557109426,0.37971883044290505,-0.9235779903397863,0.04605849287503554,0.02638031085958427
25.99971294403076,0.6661136994667999,0.06581912716567336,0.20015082960308322,0.3797773740391013,-0.923547497909828,0.046148888792243825,0.026447028860598465
26.019724369049072,0.6660958424163884,0.06587202793926548,0.20009682081353963,0.37983287019888823,-0.9235193881981185,0.04622020181370444,0.026507042140436168
26.039795637130737,0.6660764231324857,0.06592263279602306,0.20003508173354342,0.3798886621852741,-0.9234906431925044,0.0462971446306846,0.026574624704394496
26.05981993675232,0.6660593418567399,0.0659621386799459,0.19997694326782273,0.37993993960551786,-0.9234628184666364,0.04639131718722137,0.026644153049287373
26.08480668067932,0.6660467536034361,0.06601067899641287,0.19993757398835693,0.3800031029180861,-0.9234284549453701,0.04652091806910984,0.026708323638057634
26.104841470718384,0.6660444329131892,0.06604134119977133,0.19993052797948643,0.3800429253876516,-0.9234068566413812,0.046608657284809125,0.026735464026239275
26.12970542907715,0.6660427702093216,0.06606225727200177,0.19992636674309022,0.3800772087651779,-0.9233870026466342,0.04670577664253084,0.02676432604817734
26.154672622680664,0.6660468991031054,0.0660538028031519,0.1999391191477919,0.38009274918276953,-0.9233741025202954,0.04682087301175122,0.0267875841400343
26.179661750793457,0.666053577559382,0.06603755305861128,0.19996046109085508,0.38010165567401794,-0.9233641997343048,0.04693412494052022,0.026804363802675393
26.199662446975708,0.6660585287914784,0.0660263875188702,0.19997703171571662,0.38010873797814404,-0.9233567214548983,0.04701689508005706,0.026816484366317127
26.219865798950195,0.6660621946593278,0.0660199230166586,0.1999899933630105,0.3801184866703974,-0.9233483312796109,0.047095235868676075,0.02682972181907171
26.244811058044434,0.6660642337031967,0.06602493517198837,0.20000107678105916,0.3801378073529732,-0.923335470225382,0.04718178431036727,0.02684652815009546
26.26967144012451,0.66606370885267,0.06603794857901359,0.20000478114539444,0.38016181012277434,-0.9233210277513453,0.04725981927622023,0.02686609980259573
26.289745330810547,0.6660624932521884,0.06605567014991924,0.20000783253385318,0.3801853115518254,-0.9233078404048485,0.04731990865679567,0.02688097788118825
26.31471061706543,0.6660629137207911,0.06607611026966183,0.20001907642541533,0.38021666538532023,-0.9232895865034336,0.04741371814417148,0.026899184913931968
26.334801197052002,0.6660639516075854,0.06610626338457744,0.20003756739512008,0.38025261726175713,-0.9232700828801098,0.04749940205459671,0.026909253585574982
26.354807138442993,0.666062529860812,0.06616124879278991,0.20005557279242633,0.3803043113769491,-0.9232444893273357,0.04757874135094891,0.026916668561464286
26.379878520965576,0.6660565307349672,0.06623811078075574,0.20006388750087212,0.3803743097028359,-0.9232104440213611,0.04766974609395379,0.026934288098669726
26.404833555221558,0.6660462884099518,0.06630626114400803,0.2000533805244676,0.38044069118755464,-0.9231772379116022,0.047763965163036,0.02696797216244466
26.424856185913086,0.666040263846097,0.06633660598410959,0.2000408328370621,0.38047945106499503,-0.9231559078359058,0.04784883876238965,0.027000847651345777
26.449817419052124,0.6660330754930002,0.06635756058669036,0.20001873620799707,0.38051685720443884,-0.9231336274751596,0.04795483099945742,0.027047391588381438
26.474802494049072,0.6660261253426564,0.06636670989171409,0.19999321596882577,0.3805444282824555,-0.9231158426454026,0.04805173008668565,0.027094471687756316
26.49970316886902,0.6660189583672859,0.06636732406647197,0.19996156822765923,0.38056714199078456,-0.9230998657612145,0.04814929461371873,0.0271465227402959
26.524712324142456,0.666009325751558,0.06636535091330935,0.1999199224009419,0.380588251892688,-0.9230844428098788,0.04824447533617351,0.027205965579988566
26.544780731201172,0.6660004877882308,0.06636724747408113,0.19988074018021595,0.3806079287843094,-0.9230709818711584,0.04831812630234897,0.027256662388327208
26.569780111312866,0.6659888620759673,0.06637677553531404,0.19983215910905539,0.3806382576949927,-0.9230514979470041,0.04841513295008716,0.027320758009695585
26.59471893310547,0.6659805381070696,0.06637574622310098,0.19978672158792707,0.38066582152942596,-0.9230318487198409,0.04853492444029116,0.027387947675596786
26.619698524475098,0.6659717875376951,0.06638339018707852,0.199738578966064,0.3806999480555745,-0.9230095072590981,0.048653770843551505,0.027455594013741567
26.639732599258423,0.6659615278614766,0.06642235597693719,0.199699853841841,0.3807473089111511,-0.9229841786867745,0.048735857890121935,0.02750470516914106
26.664687871932983,0.6659492010862762,0.06649505744658238,0.19966794295116053,0.3808215027373296,-0.9229466261455335,0.048839636665804036,0.027553552035185506
26.68970227241516,0.6659431432560344,0.06655557143260922,0.19965606499848643,0.3808884137974754,-0.9229116016506557,0.04895813729910739,0.027591530685107286
26.71466898918152,0.6659420446939923,0.06658922299295693,0.19966060810743286,0.3809341558686797,-0.9228857869779533,0.04907356538252187,0.02761844070852138
26.73471236228943,0.665944060395414,0.0666098538477393,0.19967699232421576,0.3809636037265683,-0.9228687556870288,0.04915912453948044,0.027629203521483896
26.754713535308838,0.6659479460286228,0.06661865216355137,0.1996954623411168,0.38098552643914385,-0.9228546406200198,0.049248190899219405,0.0276397652515835
26.77969264984131,0.6659526638699909,0.06661901742231957,0.19971435756452433,0.38100441320630735,-0.9228408619072273,0.049351783688163745,0.027654695056170468
26.799715995788574,0.6659561033230633,0.06661580260509539,0.1997274714115242,0.3810155025543187,-0.9228319684304023,0.04942608352468822,0.027665992185655002
26.824684858322144,0.6659623960769439,0.06660433430955144,0.1997487986521724,0.3810253082774208,-0.922822092277798,0.04952747142592159,0.027679053995433713
26.844690322875977,0.6659691275773769,0.06658776080658728,0.19977040954474906,0.38102914688155304,-0.9228154742062762,0.049615808480178734,0.027688650037475858
26.869669675827026,0.665974227218445,0.0665866588445462,0.19979190094479082,0.38104411457950754,-0.9228040806165368,0.04970687291069253,0.02769906726091147
26.889689922332764,0.6659741257344012,0.06660956985758458,0.1998016541547175,0.3810693842936359,-0.9227905818246855,0.04975962310904065,0.02770643170433997
26.914684534072876,0.6659558136832059,0.06672339029398672,0.19977318457185023,0.3811437491449806,-0.9227614914510209,0.04972535225544686,0.027713926565181922
26.93468451499939,0.6659262753697367,0.06687572706653623,0.19971384759063546,0.3812298416473382,-0.9227326541299503,0.049598784344668405,0.0277167355830793
26.95968794822693,0.6658775805344203,0.0671017171627518,0.19960842833679904,0.38135293389293184,-0.9226931302720195,0.04938169286230879,0.027726802376057763
26.979714155197144,0.6658446880002001,0.06725190596215425,0.19953517900128673,0.38143233947075605,-0.9226686175576283,0.049223391020200416,0.02773175718431186
27.004684448242188,0.6658241813201237,0.06733717837997134,0.19948835184198155,0.3814790910332636,-0.9226534625186649,0.049139949393774536,0.027740882831337754
27.02472162246704,0.665821812054231,0.06735222170520236,0.19948546144056006,0.38149024989766617,-0.9226486050162566,0.049143042489091175,0.02774350859970163
27.04478168487549,0.6658253177376522,0.0673467996403197,0.19949748438021464,0.38149106112878767,-0.9226467548705479,0.0491719496529724,0.027742663407027007
27.06479287147522,0.6658304227674635,0.06733587433392527,0.1995143066625053,0.3814900688155586,-0.9226449303997297,0.049214076431708,0.02774228692105507
27.089759826660156,0.6658360980591755,0.06732309907388744,0.19953305169774033,0.3814920570891842,-0.9226405748606578,0.049277773692923105,0.02774672986729557
27.109819650650024,0.6658400180554249,0.06732000765902028,0.1995485447823412,0.3814978222744511,-0.9226355456381642,0.049326144159627584,0.02774874820839698
27.129822731018066,0.6658427014833778,0.06731709408122001,0.1995620881314228,0.3815033773107617,-0.922630656312681,0.049372543019129474,0.027752425629202628
27.154738187789917,0.6658456189771421,0.06731589568406461,0.19957698319298534,0.3815125405713941,-0.9226234754078886,0.04943230282581569,0.02775880851542093
27.174741983413696,0.6658481989798972,0.06731947214836079,0.19958946767961996,0.38152418313367803,-0.9226156293831899,0.04948572770399359,0.02776438106023317
27.19480061531067,0.6658510414655022,0.06732895098527768,0.19960539128890503,0.3815414013728904,-0.9226050496185466,0.04954742513003495,0.02776930174899491
27.219748973846436,0.6658546501535536,0.06734703154922546,0.19962806096091829,0.3815670028794335,-0.9225901492487274,0.0496253865724823,0.027773365484310926
27.244693756103516,0.6658574197100883,0.06736189547526218,0.19964564954034464,0.38158790336189125,-0.9225779992927281,0.04968845941138856,0.02777704502577038
27.264728784561157,0.6658537109594953,0.06739018813009076,0.19964228279463142,0.38161034092540663,-0.9225678375232225,0.049701876182083875,0.0277823031898122
27.289724349975586,0.6658476920346393,0.06742880357904006,0.19963327398073155,0.38163794364135417,-0.9225562497494196,0.04970212886814353,0.027787486526484197
27.309730052947998,0.6658438050891893,0.06745750057901423,0.19962908351348777,0.38165832611414147,-0.9225477028278927,0.04970300362404775,0.027789738130867728
27.32973289489746,0.6658412629931508,0.06747516935744387,0.19962628619957992,0.3816715864149784,-0.9225418906800849,0.04970752792742034,0.027792476163551353
27.34981632232666,0.6658406155767498,0.06747776097142764,0.1996250959659337,0.38167659430681533,-0.9225387852660047,0.0497235503388687,0.02779812187375106
27.374806880950928,0.6658398635006567,0.06748043005814557,0.19962330477158963,0.3816834316310451,-0.9225343941383416,0.0497479903088886,0.02780624228967491
27.399738550186157,0.6658376218079821,0.06749380136393848,0.19961962707889247,0.38169673589995334,-0.9225276071417177,0.049767402791911566,0.027814051917870442
27.419809103012085,0.6658342682861702,0.067506045359544,0.19961070756891658,0.38170847429686866,-0.92252178637068,0.04977971624756479,0.02782398554486957
27.444817066192627,0.6658290069668993,0.06751796185484364,0.19959376724851757,0.3817201248546637,-0.9225159527273761,0.049789829538970966,0.027839470518918774
27.464829206466675,0.6658254890752784,0.06752641898486167,0.1995821482259112,0.38172816082684713,-0.922512050682755,0.049795003686662447,0.02784933005851696
27.489811658859253,0.6658229187537792,0.06753188024353443,0.19957348745426046,0.38173467940523037,-0.9225085431737776,0.04980495321192606,0.0278583730008781
27.509849071502686,0.6658229704805851,0.0675251814548089,0.19957089098029576,0.38173377798806757,-0.9225077362312575,0.049822637633131085,0.027865823433440125
27.529991149902344,0.6658233706492757,0.06751224183013912,0.1995671891600495,0.3817299132545812,-0.9225077125816243,0.04984678742976328,0.027876358024366693
27.55466365814209,0.6658220077600429,0.06750185411085605,0.19955715632276888,0.3817286067908403,-0.9225064440714591,0.049871735200798045,0.027891601464636612
27.574666500091553,0.6658186281862725,0.06750262401055465,0.19954283820396007,0.38173255599727574,-0.9225038011977694,0.049882559317761366,0.027905604156074133
27.599663019180298,0.6658121289539165,0.06751043442641044,0.19951866618634728,0.3817410980327066,-0.9224994360450597,0.04988694660882413,0.027925205949189614
27.62466287612915,0.6658036238019824,0.06751564757690484,0.19948527412298836,0.3817482451340871,-0.9224955899097333,0.049888825770885235,0.027951189551360358
27.649656534194946,0.6657953624457107,0.06751800315066042,0.19945118277659132,0.38175378024752865,-0.9224922730998236,0.04989260454480393,0.02797830140713813
27.670135974884033,0.6657903175498872,0.06751574874777488,0.1994278145783171,0.3817565027889757,-0.9224900042903401,0.04990216027232833,0.027998910027145253
27.694757223129272,0.6657855405720441,0.06750130361855569,0.19939805419015053,0.3817543364668616,-0.9224886505577095,0.049927044328804085,0.028028671485808555
27.719717502593994,0.6657797017274354,0.06748202714425008,0.19936311601408235,0.3817500547034136,-0.9224877915733057,0.04995568611295267,0.02806420419304999
27.744760513305664,0.6657713330089626,0.06747664653116967,0.1993237867005087,0.3817529834823812,-0.9224847703088817,0.049969899290103544,0.028098350759736452
27.76979398727417,0.6657625307124138,0.06747480406770796,0.19928197270146542,0.38175836612987624,-0.9224808412128551,0.04998170186343485,0.02813320038384109
27.794697523117065,0.6657542116191283,0.06746932745768225,0.19923718197820842,0.38176243322693443,-0.9224771588075517,0.04999741946465623,0.028170802292467115
27.814716339111328,0.6657480603548829,0.0674682383025667,0.19920221448270425,0.3817672212901245,-0.9224738804836549,0.05000591925974234,0.02819816683110752
27.839714527130127,0.6657430621570428,0.06747602311234122,0.19916147531379563,0.38177926038145776,-0.9224677567834597,0.0500113807069012,0.0282258009140856
27.864691257476807,0.6657426879846835,0.06748157220252463,0.19913050738870508,0.3817904838126708,-0.9224618947599063,0.050022682065945706,0.028245538845758335
27.8847336769104,0.6657436674698729,0.06748013328811014,0.19911303954709714,0.38179509392037997,-0.9224589220748851,0.050035227705725306,0.028258084354567097
27.90969157218933,0.6657487832875937,0.06747189816437789,0.19909913288535225,0.3817976211997255,-0.9224562903680227,0.05005845660464273,0.0282687058265989
27.92971420288086,0.6657541390339391,0.06746685835519535,0.19909090956735573,0.3818007028698021,-0.9224538557363002,0.050076665196273476,0.028274280331709777
27.949835300445557,0.6657582303681792,0.06746646033134385,0.19908166771673336,0.38180538515751955,-0.9224511250682911,0.05008857201128698,0.028279050170091566
27.974776029586792,0.6657618017192631,0.06746661676546481,0.19906765660435272,0.38181080144809515,-0.9224481433846654,0.050098100150120964,0.028286304551026546
27.99478268623352,0.6657638746505175,0.06746601412064739,0.19905179409432283,0.38181520437462574,-0.9224456313937245,0.050105687427262506,0.02829535153281452
28.01974058151245,0.6657665691937082,0.0674689177411673,0.19903156717529005,0.38182321659127344,-0.9224415233095562,0.0501141848365621,0.028306109311175102
28.044688940048218,0.6657729199415168,0.06747906832518315,0.19901707023648033,0.3818362853568186,-0.922435682788807,0.050120609189493834,0.02830877668786328
28.06470537185669,0.6657814148902265,0.06748976285220207,0.19901024563811132,0.38184874840099214,-0.922430316193677,0.05012655033571605,0.0283050183323844
28.08470916748047,0.6657911542564159,0.06750077390260484,0.1990033496063196,0.38186229353424084,-0.9224244952726197,0.0501332371937801,0.028300138275007405
28.104713439941406,0.6658003849907862,0.06750911941116465,0.1989960560038425,0.38187407184387295,-0.9224192156340597,0.050142329302310745,0.0282971852733151
28.124749422073364,0.6658116522522831,0.06751549238352549,0.19899173773374523,0.38188532786848267,-0.9224140296806222,0.050154959396518616,0.028291946824773127
28.14964985847473,0.6658317048495933,0.06752138033682209,0.19899424377365493,0.38189947833327653,-0.9224074534840737,0.050176245021240476,0.028277599640540323
28.17465329170227,0.6658523422110594,0.06752818139060383,0.1989993632821877,0.3819137361263157,-0.9224010074653869,0.05019589340202853,0.028260429412716614
28.199660062789917,0.6658709772858183,0.06753562033928176,0.1990045529067208,0.3819276138613665,-0.9223947157029259,0.05021469341570645,0.02824483632458485
28.224653959274292,0.6658876639291141,0.06753796326520276,0.1990093063233874,0.38193789307772824,-0.9223896898267815,0.050235579582270797,0.02823282622412019
28.249691247940063,0.6659013422398469,0.06753258389983634,0.19901489810166187,0.38194175761006505,-0.9223870715777768,0.050258867945074615,0.028224637689493022
28.26970100402832,0.6659073902446008,0.0675322599258848,0.19901521350204066,0.3819452273217956,-0.9223852245734864,0.050268081721491345,0.028221636640639154
28.29470729827881,0.6659108936775675,0.0675377853766729,0.19901284164124014,0.381951023966766,-0.9223827491236608,0.05027059277283125,0.028219619274729147
28.31475257873535,0.6659121673109579,0.06754147041241275,0.19901021726824733,0.38195471460585273,-0.9223811723011842,0.050271429769734165,0.02821971516022566
28.334771394729614,0.6659133744935579,0.0675441023930733,0.19900809894922622,0.3819574985557393,-0.9223799781194846,0.050272238034439407,0.028219626931322996
28.354788064956665,0.6659139101991106,0.06754693549978688,0.19900587337636672,0.3819602725367599,-0.922378770255573,0.05027301992409729,0.028220167487840377
28.37972331047058,0.6659149349238742,0.06755170726941635,0.19900548815672553,0.3819643170040786,-0.9223770618398631,0.05027421787696847,0.02821913081953811
28.404685974121094,0.6659160708740844,0.06755089540396111,0.1990063496439028,0.38196486752711906,-0.9223765516314001,0.05027937155678078,0.02821917382404211
28.424734354019165,0.6659162034161393,0.0675489225826308,0.19900510425551893,0.38196449076606914,-0.9223764457225859,0.05028311251719975,0.02822106953312973
28.449700355529785,0.6659161085749704,0.0675486348272036,0.19900336852285766,0.3819650906585762,-0.922376013720249,0.05028548298103281,0.02822284594557889
28.469773530960083,0.6659159882249361,0.06754889814704312,0.19900253256116818,0.38196555933312365,-0.9223757125572403,0.05028690085669521,0.028223819200005103
28.494659662246704,0.6659155257030258,0.06754865107953494,0.19900024210928086,0.3819659364288472,-0.9223754102842006,0.05028841999792281,0.028225887504141945
28.519696950912476,0.6659150706321618,0.06754945024945858,0.1989976608932302,0.38196681242814656,-0.9223749672391302,0.05028885847901302,0.028227729754581255
28.53969931602478,0.6659155599133165,0.06755018587129244,0.1989978432215067,0.3819678270886088,-0.9223744758731217,0.0502902727946297,0.02822753600968519
28.55974578857422,0.6659173855523949,0.06754818498720193,0.19900066714993805,0.38196758176933426,-0.922374328162366,0.0502956839820514,0.02822604111952281
28.579762935638428,0.6659189484284945,0.06754704078371757,0.19900270395982428,0.38196770739476327,-0.9223740701210544,0.05030009471619107,0.028224913596410394
28.604684352874756,0.665920012500487,0.06754915550227453,0.19900279462960052,0.381969758678859,-0.9223731908694817,0.050301205277779905,0.02822390773367204
28.629674196243286,0.6659206275913738,0.06755162484285915,0.19900273081413006,0.3819717628649365,-0.922372369771736,0.0503014998658617,0.028223092796191243
28.654677867889404,0.6659210529890843,0.0675547114941462,0.19900266713567688,0.38197414288019077,-0.9223713920177482,0.05030173718240151,0.028222412982691517
28.67965269088745,0.6659212436046479,0.06755934529094824,0.1990017091070564,0.38197784422904574,-0.9223698665308258,0.05030179668600826,0.028222067330855964
28.699662685394287,0.665920981292451,0.06756648287304319,0.19900096264793776,0.3819829935366216,-0.9223677525331265,0.05030174340740942,0.028221558177157564
28.719684600830078,0.6659210179165782,0.067574665003723,0.19900124370727787,0.3819889764453296,-0.922365287240921,0.05030219425601775,0.028220347629217303
28.739687204360962,0.6659210038142499,0.06757957794003433,0.19900143106959337,0.38199265515313,-0.9223637487861133,0.05030277978052207,0.02821979235340884
28.764675855636597,0.6659206026285636,0.06758059940694806,0.1989997793197113,0.3819935419356067,-0.9223633030739682,0.05030343586540816,0.02822118710777743
28.784704446792603,0.6659201003165452,0.06758089002677684,0.19899774920509683,0.3819938929727974,-0.922363101419896,0.05030362882354405,0.028222682329973103
28.809694051742554,0.6659199186967978,0.06758109876766319,0.19899714332223467,0.38199418760397197,-0.9223629422250159,0.05030395010493704,0.02822332458326552
28.83467435836792,0.6659203540396759,0.06757915460184868,0.19899766596748047,0.3819935327105364,-0.922363042370697,0.05030684372069641,0.02822375791259309
28.854767084121704,0.6659202476494478,0.0675788125262974,0.19899686038368036,0.38199340147884175,-0.922363006579729,0.05030800047111014,0.028224641867909545
28.879648447036743,0.6659198523109164,0.06758117072057929,0.19899580229468933,0.3819952907408786,-0.922362193692464,0.05030817849042581,0.028225319759973052
28.904680490493774,0.6659193337226933,0.06758615703272147,0.19899540859237663,0.3819988097086534,-0.9223607282476985,0.050308300999594435,0.028225364800521513
28.924750566482544,0.6659194136837213,0.0675901375336858,0.1989954591806213,0.382001721713016,-0.9223595333318986,0.05030850572134742,0.028224636966973898
28.94980812072754,0.6659197434653261,0.06759230657540002,0.19899543631366812,0.3820035326077956,-0.9223587815624783,0.050308755370135974,0.028224249906336485
28.974704027175903,0.6659199182226344,0.06759220566946043,0.1989954627617675,0.3820036445665393,-0.9223586696265218,0.05030989693388283,0.028224357798294897
28.99969506263733,0.6659202534620147,0.0675914190105503,0.1989960702906438,0.38200373315602043,-0.9223584649025479,0.050312833579722736,0.028224614341603026
29.01971435546875,0.6659201749078798,0.06759263063384452,0.19899624317786407,0.3820047554287175,-0.9223579531398782,0.0503143313634628,0.02822483248558275
29.044699907302856,0.6659200146600465,0.06759431530423458,0.19899628765180183,0.3820063369660073,-0.922357172795932,0.050316363354573186,0.028225305815374843
29.064725875854492,0.6659201710794992,0.0675942986536771,0.198997105351577,0.38200664625097663,-0.9223568888055312,0.05031909127895692,0.028225537123802692
29.084729433059692,0.6659203137987405,0.06759454274804086,0.19899762039939767,0.38200734912827733,-0.9223564597531879,0.05032151105070999,0.028225730976846837
29.10970187187195,0.6659199415155828,0.06759670764443543,0.19899703882596798,0.38200892249300045,-0.9223557703871342,0.05032190020890645,0.02822627018696479
29.134682178497314,0.6659200144314505,0.06759752186098282,0.19899767386007744,0.38200990059368656,-0.9223552380338934,0.05032417111156706,0.02822637988958954
29.154694318771362,0.6659202307459084,0.06759745104708706,0.19899849792179342,0.38201043720769295,-0.9223548369600285,0.05032733246314636,0.028226586897158294
29.179701328277588,0.6659199650175014,0.0676004374456295,0.1989985459353714,0.3820127136066415,-0.9223538030150349,0.05032889192451734,0.028226784161609505
29.20468020439148,0.6659201525166439,0.06760125055829125,0.19899969274159945,0.3820139180656603,-0.9223531061828056,0.05033248566389914,0.028226845486028374
29.22478699684143,0.6659208323762664,0.06759881650965034,0.19900168810831348,0.3820130631163457,-0.9223531739736488,0.05033763779357631,0.02822701348980712
29.249772548675537,0.665921119052056,0.06759722135117913,0.1990023517836248,0.3820126634265365,-0.922353095407612,0.050341685988154826,0.02822777046591743
29.269776821136475,0.6659209060010696,0.06759800915893345,0.19900185902833356,0.38201333665725373,-0.9223527769358693,0.05034210139543149,0.02822832481741877
29.289777994155884,0.665920769815917,0.0675991232328182,0.1990016949601206,0.38201429681866245,-0.9223523465903042,0.05034262822705631,0.028228452821549364
29.314783096313477,0.665920628596315,0.06760061900233186,0.19900180497126413,0.38201552992679,-0.9223517500069295,0.05034400990635238,0.028228794174244724
29.33971643447876,0.6659205680208402,0.06760205108564643,0.19900198046663198,0.3820168672368574,-0.9223510975743856,0.05034570491843619,0.02822899123139817
29.36468768119812,0.6659204706534345,0.06760373505283578,0.199002314884613,0.38201827351931006,-0.9223504181664957,0.05034737622872126,0.028229178388144323
29.384775638580322,0.6659207603295906,0.06760359801289548,0.19900338941066906,0.38201861113810065,-0.9223501259610554,0.050350231686107805,0.02822906397746021
29.40479564666748,0.6659208340938013,0.06760411952675183,0.1990040264642241,0.38201940826738906,-0.9223496620164892,0.05035250856929139,0.02822937416834506
29.429693460464478,0.6659202691115814,0.06760850333615594,0.1990034342577565,0.3820226487154116,-0.9223482962823912,0.05035282059284134,0.028229588582607885
29.44970726966858,0.6659197355251331,0.06761274407168746,0.19900320264255672,0.3820255411394929,-0.9223470725481651,0.050353175842386355,0.028229795633983
29.469779014587402,0.6659198139419796,0.06761461017900602,0.199004263877385,0.38202739285483744,-0.9223461385301633,0.050356283530939454,0.0282297105198353
29.49476194381714,0.665920597215486,0.06761226407260444,0.19900654845939594,0.3820268219907614,-0.9223459929504012,0.050363100841866876,0.02823003084552107
29.514793157577515,0.6659206054454675,0.06761225218025765,0.19900678496586977,0.38202724548762973,-0.9223456625452691,0.05036565654718693,0.02823053541026383
29.539632320404053,0.6659201580300994,0.06761618040556652,0.1990066585776503,0.38203011530282066,-0.9223444299879676,0.050366329692128814,0.028230768770352306
29.55966567993164,0.6659203401442947,0.06761718494925816,0.19900783376993522,0.3820313175619782,-0.9223437603684096,0.05036950060119655,0.028230719451455947
29.584639072418213,0.6659212383200965,0.06761433093428444,0.1990101367004869,0.38203047691814346,-0.9223437250996306,0.0503763840761607,0.028230965314260375
29.604646921157837,0.6659215056975127,0.06761278860627258,0.1990108001214061,0.38203009443933345,-0.922343651021075,0.05038024732608339,0.028231667386670056
29.624746322631836,0.6659213742180314,0.0676145730371228,0.1990109373502705,0.38203154620641716,-0.9223429810440007,0.05038142758134689,0.028231804352223094
29.644774436950684,0.6659210167724517,0.06761765496078602,0.19901077228140923,0.3820337440535013,-0.9223420579336591,0.05038166122356779,0.02823180446882347
29.664777994155884,0.6659207929584059,0.06761981456513025,0.19901066376961182,0.38203523448270166,-0.9223414281004954,0.0503818016829759,0.028231962074805026
29.684779167175293,0.6659205294366038,0.06762106760809547,0.19901021766346919,0.38203629354175833,-0.9223409447634676,0.050382364274052,0.02823241753952949
29.70979118347168,0.6659202205931567,0.06762379937676645,0.19900990390191725,0.3820383667767985,-0.922340036654327,0.05038313339509666,0.02823265776227239
29.734691619873047,0.6659198428236374,0.06762713867462325,0.19900981235513138,0.382040783187492,-0.9223390006782695,0.05038371625383564,0.02823276369308178
29.759711503982544,0.6659195361411933,0.06762939709669781,0.19900921303945646,0.3820423095893561,-0.9223383622831394,0.0503836737160746,0.028233040347835716
29.779728889465332,0.6659191748109524,0.06763025561545816,0.19900829020367078,0.38204307553848926,-0.9223380202152291,0.050383708680120674,0.02823378823338552
29.80471110343933,0.6659187616921823,0.06763280922106485,0.1990076840651754,0.3820448484840732,-0.9223372785114704,0.05038367374264294,0.028234089950991637
29.82480525970459,0.665918468097313,0.06763477965326914,0.19900750281125323,0.3820461976887386,-0.9223367122882937,0.05038369890751322,0.028234285563960862
29.84969925880432,0.6659181739564419,0.06763613426254572,0.19900668831891954,0.3820472764776461,-0.9223362378292654,0.05038389503549925,0.028234837419662293
29.869717836380005,0.6659177777949783,0.06763731581820086,0.19900571281937696,0.38204816898827787,-0.9223358454498708,0.05038391960821336,0.028235534631040806
29.894738912582397,0.6659174263971239,0.06764040563904802,0.19900539072651915,0.38205036153505745,-0.922334927565286,0.050384011070236025,0.02823568792807856
29.91474151611328,0.6659171814571979,0.06764212153844289,0.19900523534913128,0.3820515812557653,-0.9223344089895288,0.0503841851172756,0.02823581314757465
29.939709901809692,0.6659170029017762,0.06764281304331989,0.19900481724848892,0.3820521402256535,-0.92233415336531,0.050384444692366276,0.02823613674289393
29.959866523742676,0.6659170891572547,0.06764193100730391,0.19900478666123284,0.38205174784454815,-0.9223342312795909,0.050385763874459505,0.028236546845007586
29.984758615493774,0.6659170463097034,0.06764221769518354,0.19900478509783956,0.3820523129343942,-0.9223339274721093,0.05038682408383198,0.0282369328044661
30.004793882369995,0.6659169131674174,0.0676436446452573,0.19900483392772522,0.38205329187886733,-0.9223334888737998,0.050387398299183955,0.028236989203326627
30.024874448776245,0.6659168470269123,0.0676440181324414,0.19900481566976852,0.3820537948060222,-0.9223332343213492,0.05038813935610264,0.0282371767857245
30.049750804901123,0.6659167362671293,0.06764417387718377,0.19900446141782344,0.38205391898715074,-0.9223331430928761,0.050388612858206304,0.02823763151211321
30.069799661636353,0.6659165402261027,0.06764544434162711,0.19900418435040518,0.38205484921040384,-0.9223327522788703,0.05038862194295347,0.028237794659591108
30.094719886779785,0.6659161636316698,0.0676487734826106,0.19900403390572227,0.38205728247301807,-0.9223317379581928,0.05038872767548588,0.028237814852377887
30.119649648666382,0.6659158855508924,0.06765098936176063,0.19900380640244153,0.38205864501469256,-0.9223311699884872,0.05038875778679776,0.02823787750390082
30.13976216316223,0.665915690740178,0.0676522771917643,0.19900354177697643,0.38205964681911914,-0.9223307480367886,0.05038879357398522,0.028238041372746003
30.164769172668457,0.6659154471385783,0.06765481005200602,0.1990035300639943,0.38206153628761863,-0.9223299416200924,0.05038922314101751,0.028238050072505176
30.18974471092224,0.665916000544339,0.06765395120688998,0.1990052998143036,0.3820616920634265,-0.9223296509108448,0.05039346485614346,0.028237868334155734
30.20975136756897,0.6659169525543667,0.06764975656113704,0.1990077427172954,0.3820595380396121,-0.922330219546965,0.05039933309248438,0.02823796605791105
30.234636068344116,0.6659178345215125,0.06764611466811743,0.1990098580923765,0.382057923729466,-0.9223305950576061,0.0504046733350124,0.02823801058961417
30.25962209701538,0.6659174733508764,0.06764949208977859,0.19900974486157103,0.3820603615746925,-0.9223295819320021,0.05040478056345846,0.02823792667069583
30.279645204544067,0.6659172357549294,0.06765199207062143,0.19900965899744677,0.38206197238171863,-0.922328917469427,0.0504047885700083,0.028237821242165784
30.299808502197266,0.6659170559478854,0.06765316839965117,0.19900948404372187,0.38206290113812286,-0.9223285273597887,0.05040477460524792,0.02823802205132646
30.324869394302368,0.6659168673144157,0.06765382747649255,0.19900905150326204,0.38206327245112137,-0.9223283675402695,0.050404759168503246,0.028238245832229086
30.34977412223816,0.6659166799008283,0.06765515839738977,0.19900886323868988,0.3820642682508233,-0.9223279478078285,0.05040480901166778,0.028238393137568818
30.374768495559692,0.6659164078107809,0.06765743362185392,0.19900872399176625,0.3820658131191627,-0.9223273105479586,0.05040474114322306,0.028238426534453742
30.394856214523315,0.66591622226179,0.06765776702086577,0.19900824170688247,0.3820662819755365,-0.9223270901333329,0.050404955194494984,0.028238900037892374
30.419742107391357,0.6659158544333036,0.06765812537000306,0.199007174429638,0.3820665349179669,-0.9223269636677012,0.05040489910907942,0.028239708447040483
30.444684505462646,0.6659155360074398,0.06766012287884456,0.19900664766586434,0.38206782636052256,-0.9223264277399461,0.05040475599156303,0.028239995154618662
30.46966004371643,0.6659152485921307,0.06766239988932621,0.19900634732144795,0.3820694622488672,-0.9223257440760634,0.05040479320910916,0.028240124874006647
30.494682550430298,0.665914852516433,0.06766452762272833,0.19900569099877236,0.3820710269517339,-0.9223250949546119,0.050404583578872765,0.028240530010994948
30.51469850540161,0.6659142593679014,0.06766857107628936,0.1990048877694351,0.3820736504858586,-0.9223240347852933,0.05040398892656044,0.028240721702218433
30.53472590446472,0.6659137013941685,0.06767342133059293,0.1990045500850538,0.382077066272371,-0.9223226236563877,0.05040391006241875,0.028240736016556633
30.559722185134888,0.6659132867670777,0.06767741265309261,0.1990043545477083,0.3820799051757487,-0.9223214370272431,0.050404075268261996,0.028240787119927665
30.584678411483765,0.66591275662412,0.06768019935957502,0.19900343158604586,0.38208197627981205,-0.9223205632721836,0.05040404934657831,0.028241348703929865
30.60968041419983,0.6659122108008092,0.06768574903354564,0.19900309889556644,0.38208581129591973,-0.9223189560702131,0.05040446725021477,0.0282412067936989
30.634660959243774,0.665911554367337,0.06769213415740982,0.19900322196113945,0.3820902915797056,-0.9223170651497262,0.050405129139672294,0.028241164471404914
30.65969681739807,0.6659111193401348,0.06769757847196847,0.19900363506171315,0.38209439754325064,-0.9223152924857615,0.05040653980604811,0.028240987190459216
30.684670448303223,0.6659114176692417,0.06770083861000431,0.19900643432484785,0.38209762631758454,-0.9223135980276294,0.05041322930357262,0.028240700535771063
30.709660053253174,0.66591377173267,0.06769670729163355,0.19901438500572094,0.3820975409076202,-0.9223126902138644,0.050431026819676976,0.02823972798581467
30.734654426574707,0.6659173357559273,0.06768678149722442,0.19902493749809844,0.38209426776378913,-0.9223127858512179,0.050454646901501005,0.02823870046028742
30.75471258163452,0.6659181708166014,0.06768865531222742,0.19902891473362444,0.3820969973653084,-0.9223111798141578,0.050463685761855226,0.028238070285690534
30.77963352203369,0.6659170941976631,0.06770252118370379,0.19903023214584314,0.3821070822437337,-0.922306845695181,0.05046693214039444,0.028237366084836384
30.799681425094604,0.6659161520196444,0.06771545412827963,0.19903193044702455,0.38211664470047657,-0.9223026622762407,0.05047130626315355,0.028236788862940496
30.819732666015625,0.6659160155454633,0.06772408946733037,0.19903507321605518,0.3821238582183972,-0.922299281312341,0.050478830756397315,0.028236152649678183
30.84472894668579,0.6659165768280355,0.0677320238127334,0.19904039174221536,0.38213134429606216,-0.9222955444933386,0.05049102617439991,0.028235095006009292
30.869670152664185,0.6659175861260472,0.0677402242800285,0.1990474541854571,0.38213938794777363,-0.922291387318882,0.05050698396987591,0.028233484138138018
30.894640922546387,0.6659201870491076,0.06774433456844414,0.19905912468837783,0.38214622107423546,-0.9222871997827073,0.050532872105691615,0.028231465999482157
30.914652824401855,0.6659229957811655,0.06774708280950163,0.19907143539848143,0.3821523888070596,-0.9222831813677452,0.05056063345300143,0.028229549059797916
30.9396231174469,0.6659271033878283,0.06775483814554775,0.19908949826073075,0.3821641834875659,-0.9222762201864236,0.05060043394804533,0.02822599196073675
30.95965552330017,0.6659328711934672,0.06775356701077974,0.1991089351845323,0.3821699687635497,-0.9222716351019413,0.05064236913348297,0.02822226975624441
30.984670400619507,0.6659422840852229,0.06773473189572803,0.19913990598759432,0.3821675439720789,-0.922268971795372,0.050710972412884386,0.028218952405527093
31.004685401916504,0.6659490350188271,0.06772219619586782,0.19916278582069735,0.382166733798339,-0.9222665907077281,0.05076176523009236,0.0282164213345057
31.02968692779541,0.6659537469801454,0.06772244336094099,0.19918292977417903,0.3821736641256321,-0.9222613146877882,0.05080681204937147,0.028213927915353307
31.054696321487427,0.6659554346522816,0.06773442845226904,0.1991948079760134,0.38218618336786747,-0.922254712074673,0.050833663581045664,0.02821180507353541
31.07974076271057,0.6659562957815011,0.0677502642058867,0.19920473328874957,0.3822005900268166,-0.9222475571669281,0.05085628861534385,0.02820975347064284
31.104713678359985,0.6659545381378628,0.06778492369217773,0.199211688473855,0.38222699961466094,-0.9222357814013666,0.05087274947252788,0.02820722654906257
31.129688262939453,0.6659526126590066,0.06782442417963083,0.19922022067534284,0.382257421507011,-0.9222221418637052,0.05089293861167242,0.028204495358665285
31.14972710609436,0.6659516517145371,0.06785091772005294,0.19922711511621072,0.38227809571520593,-0.9222127616764765,0.05090874421703146,0.028202473290054365
31.174680471420288,0.6659514196751115,0.06787200224086835,0.1992352978447377,0.3822957064963348,-0.9222044463905996,0.050928043518386035,0.028200819760820228
31.19478487968445,0.665952981651969,0.06787664297510047,0.19924383095367443,0.3823017882004037,-0.9222008906960518,0.05094753285122663,0.028199447414476695
31.21967887878418,0.6659587488832308,0.06785950781224971,0.19926107241682733,0.38229563390750565,-0.9222013678672759,0.050985843114524886,0.028198035407131908
31.244646310806274,0.6659664514633704,0.06782940588790548,0.1992807908383476,0.38228184110447355,-0.9222046296595489,0.05103073312827386,0.028197150082059984
31.264663457870483,0.6659701633078234,0.06781536174041762,0.19929066485056168,0.382275792447742,-0.9222058201079524,0.05105454820175646,0.028197109341568726
31.284688234329224,0.6659709827963344,0.0678150596172889,0.19929459672343186,0.38227742923772406,-0.9222045288733238,0.051065494518044756,0.028197327720305202
31.304691791534424,0.6659699480445306,0.0678242025402654,0.19929438944758288,0.38228399956501674,-0.9222017360394715,0.05106665624246762,0.028197488229362532
31.329688787460327,0.6659704366492667,0.06784490680055869,0.1992937718387538,0.3822984441959375,-0.922195955635463,0.05106519611163199,0.02819334533394073
31.35465955734253,0.6659659431513664,0.06787560405030986,0.19928735929839295,0.38231840139089457,-0.9221881922014836,0.051055682332870465,0.0281938898254098
31.379666328430176,0.6659642342271799,0.06788347583565416,0.1992857821271285,0.38232359883336126,-0.9221860643244454,0.05105449471550684,0.028195161113800424
31.399678945541382,0.6659641189845673,0.06788313414804996,0.19928578779620928,0.3823235658247514,-0.9221859769649547,0.05105595132938191,0.028195828382448905
31.419724464416504,0.6659628910722241,0.06788237711207035,0.19928096871583068,0.382323724617596,-0.9221857309518409,0.051056961987184166,0.02819989106335559
31.444710969924927,0.6659592294886286,0.06787962074720795,0.1992652412543862,0.38232360275719496,-0.922185283771305,0.051058799567992405,0.02821283673896034
31.46968936920166,0.6659566255848365,0.06787689303796454,0.19925368003468025,0.3823233465518452,-0.9221849527493868,0.0510611821406267,0.02822281492861399
31.489712715148926,0.6659573732320809,0.0678706035813778,0.19925401261654502,0.38232041734592137,-0.9221856826310768,0.051068683359641216,0.028225074146904117
31.514660358428955,0.6659585741152284,0.06785950650646183,0.19925441829728952,0.3823152311074082,-0.922186979970629,0.051081816778735564,0.028229169851874764
31.534661769866943,0.6659579182842645,0.06785924330485729,0.19925120067302293,0.3823156032691653,-0.9221866718421589,0.05108309257124642,0.028231886702719356
31.559643745422363,0.6659579828401676,0.0678595287670475,0.19925096371431095,0.382315991388562,-0.9221864621885856,0.051083843658506004,0.028232120036587774
31.584644556045532,0.6659610551429821,0.06784671161453863,0.19925755868665052,0.38230966475410566,-0.9221882013929921,0.05109976162615464,0.02823217683626126
31.609631776809692,0.6659614115297736,0.06784428492007392,0.19925745450055066,0.3823086408996659,-0.9221884210782354,0.05110292916821403,0.028233132185747446
31.62968349456787,0.6659612359429563,0.06784467412651762,0.19925672656519214,0.38230894106378094,-0.9221882968290818,0.05110274334378731,0.028233462359899403
31.654622554779053,0.6659629497429806,0.06783836375598273,0.19926023687728284,0.3823059861881493,-0.9221890803716107,0.0511109504071156,0.028233025278910015
31.674707889556885,0.665967315456804,0.06781964478874634,0.19926980101021297,0.3822967915173042,-0.9221916156438553,0.051134049959272565,0.028232891573476908
31.699682235717773,0.66597931777331,0.067803045849648,0.1992866158499327,0.38229114221550603,-0.9221926819237138,0.05116280061354331,0.028222470179321293
31.719691276550293,0.6659971979224459,0.06779238006365126,0.19930928828161446,0.38229113390809694,-0.9221915137580132,0.051194026119514305,0.028204123413730242
31.744691371917725,0.6660012476032138,0.06777927365641785,0.19931517355428233,0.3822857603563038,-0.9221926947288365,0.051212531668377845,0.028204748134312743
31.769675970077515,0.6659959347549267,0.06778526804587515,0.19929750922470796,0.3822895961028159,-0.9221912550219445,0.05120345992611037,0.02821629961828105
31.794661045074463,0.6659912007376579,0.0677962256770708,0.19928163804477753,0.3822961309589269,-0.9221890029236984,0.05119094196829794,0.028224078390201204
31.814695358276367,0.665989698761604,0.06780962615945321,0.19927555526556878,0.382303549156203,-0.9221866985808148,0.05117767514562726,0.028222948640008884
31.83967161178589,0.665994477823619,0.06781304102220584,0.19927927592602057,0.38230730070021185,-0.9221852477931656,0.05117929597134732,0.02821659525646187
31.85967469215393,0.6659905349600722,0.06781072980476632,0.19926629179911298,0.3823067020389509,-0.9221851359972291,0.05117972261095894,0.028227584298901372
31.879709243774414,0.6659943711859099,0.06780660108621603,0.19926013135840243,0.38230720276405655,-0.9221842928207333,0.05119035499464358,0.028229069147371593
31.899795293807983,0.6660221159208322,0.06778555965021839,0.1992964362831017,0.3823039563305253,-0.9221838395227744,0.05123717272846941,0.02820289396332059
31.924779415130615,0.6660287478299818,0.06768038412645275,0.19933010931721176,0.3822466537918279,-0.9222006683204105,0.051344593952494966,0.028233945640161386
31.949690103530884,0.6659836335446307,0.06759152185232703,0.19932481954741071,0.38218126030355926,-0.922222475217072,0.05131708748340817,0.028456054006451487
31.96970558166504,0.6658688563805382,0.06755941423960331,0.19936058933078774,0.3821094778568307,-0.9222523913101042,0.05092632072648972,0.02914418487433002
31.994662284851074,0.6657037692701121,0.06752366762766533,0.19943031821326326,0.3820097880988826,-0.9222933139928224,0.050308885840920164,0.030208951755514243
32.01467990875244,0.6656424048653277,0.06747420983126709,0.19951167023485464,0.38194808772479005,-0.9223156635018254,0.0500194633655695,0.030781949696428116
32.03471112251282,0.6655982594891398,0.06742240528871371,0.19958289760794373,0.3818929337634791,-0.9223348320570721,0.049811525139160824,0.031225897569990065
32.05966234207153,0.6655329795681548,0.06737779150335096,0.1996452079848517,0.38183294305573295,-0.9223563042523523,0.04954390066563073,0.03174670865110337
32.08464050292969,0.6654890852782684,0.06735236480897636,0.1997016991083802,0.38179379455599916,-0.9223700679885353,0.04932313839007229,0.03215873344471799
32.10972309112549,0.6654388777790355,0.06730671082235261,0.19974916056252062,0.3817416550510734,-0.9223879656246722,0.0491356797304952,0.03254895769798413
32.13461232185364,0.6653797173014562,0.0672378018457024,0.199801264840625,0.38167324626855614,-0.9224109251303686,0.04895069176084642,0.03297647735966214
32.154616355895996,0.6653420496297425,0.06718703709694811,0.19984353692717433,0.38162627297237894,-0.9224262533693312,0.048825686224050806,0.03327532474554263
32.17960834503174,0.66532440218974,0.06712083178759655,0.19990749950285297,0.3815798466521865,-0.922440249167062,0.04874165935061032,0.03354188410126972
32.19962668418884,0.665338632396298,0.06706417431220224,0.1999642716891879,0.38156366345954457,-0.9224428177983915,0.04875811444290617,0.033631308262926055
32.21975898742676,0.6653420723667651,0.06699763722291163,0.20001543896380625,0.3815478648518418,-0.9224446753755113,0.04876729340905045,0.03374609298609316
32.239808559417725,0.6653273987837375,0.0669192084801399,0.20006398178389312,0.38151388870258224,-0.9224531736820027,0.04874684245654804,0.03392698691979141
32.264729738235474,0.6652942038070614,0.06683999226688789,0.20012105462839158,0.38147621271301824,-0.9224625426592413,0.04865100960223465,0.034232087133235015
32.284817934036255,0.6652597557614734,0.06680217847612693,0.20015122370886568,0.3814560186868105,-0.9224674272219251,0.04853965476687255,0.03448265415387064
32.30977392196655,0.6652133927371973,0.06676613292966471,0.200182180604477,0.38145056607449485,-0.922465940392506,0.048385574422941564,0.03479785402854921
32.33468270301819,0.66519049609108,0.06673878377885883,0.2002107935011717,0.38148064308233287,-0.9224507141437731,0.04829537887695241,0.03499650423007748
32.354695320129395,0.6651897451713479,0.06671174703524413,0.20022898250989307,0.38150355076174236,-0.9224393160999057,0.04829745088369207,0.03504433060323644
32.37965154647827,0.6651983116655517,0.06666443749962611,0.20025484865405072,0.38150512346163135,-0.9224356653652049,0.04834694140527554,0.03505506085435992
32.399760246276855,0.6652041338281814,0.066630868091319,0.20027261569791802,0.3815105350573275,-0.9224313306156045,0.04838175462881704,0.03506219841919212
32.41977143287659,0.6652132209473097,0.0665867138529979,0.20029738676884484,0.3814954894644918,-0.922434821802695,0.048430236637904106,0.03506712453617563
32.444719314575195,0.6652228862675909,0.06653897381803173,0.2003254468700788,0.38147069124981625,-0.9224421517711213,0.04847930529448715,0.03507627847154762
32.46963453292847,0.6652228970294226,0.06651292141575468,0.20033977205886705,0.38146330682975976,-0.9224434637091012,0.048492038147940286,0.0351044732070272
32.49464178085327,0.6652278321046429,0.06644180128399421,0.20037421041283657,0.38143503601924716,-0.9224505755703402,0.04855280281305922,0.03514077782127364
32.514689445495605,0.66524297187231,0.06637081694077333,0.20041451880230993,0.3814021762014842,-0.9224596912362402,0.04863272696844629,0.035147630087409135
32.53963232040405,0.6652542415131558,0.06628097065532676,0.20046464387471702,0.3813537086098369,-0.9224739650945977,0.048708155047657097,0.03519443541308675
32.55981111526489,0.6652320244024391,0.06620765290096073,0.20050998305902332,0.38129788885984395,-0.9224914077651357,0.048661863919440815,0.03540544520922833
32.58471751213074,0.665167964947052,0.06611349705285524,0.2005749114212863,0.38120909019056937,-0.9225195183580136,0.048479665140094656,0.03587603479337542
32.60965347290039,0.6651337794305758,0.06602871558450907,0.20062892989028255,0.38113942839888215,-0.9225412429619771,0.04839850319539945,0.03616595142297004
32.62967801094055,0.6651152342914548,0.06596888937896295,0.2006680287022437,0.3810870753274933,-0.9225583766118988,0.0483524648536464,0.03634173776743279
32.654752016067505,0.6650773591788213,0.06596980501654635,0.20071526353029587,0.3806666858604674,-0.9227592325429468,0.04776169145146348,0.03642929950604915
32.679747343063354,0.6650934019616231,0.06602605776566717,0.20078454919207772,0.3796592960236602,-0.9232528780363961,0.04659326109589624,0.03594454285171744
32.704752683639526,0.6652247468696851,0.06599956973296413,0.20093205612538967,0.3782337808771445,-0.9239421305039638,0.04536888358707325,0.03481107417568888
32.72972893714905,0.6654373635255458,0.06577515432487487,0.20122626807504274,0.37634067120723597,-0.9248307917215413,0.044090874446678585,0.0333421755341508
32.75472450256348,0.6656851775977306,0.06532531152682695,0.20167064092857145,0.3740075402820499,-0.9258966124591953,0.04269022188460028,0.03180200943608695
32.77967572212219,0.6659567899835422,0.06462729924011064,0.20227652190091494,0.3713460985389538,-0.9270798047162297,0.04125070592723442,0.030388979049001764
32.80471467971802,0.6662054693037871,0.06382242817832418,0.20298624941504828,0.3684781949440198,-0.9283322374643231,0.039571997193001966,0.02927684705850601
32.829681634902954,0.6663826313839287,0.06294115348799846,0.2037395860221234,0.36549325710948294,-0.9296134585785085,0.0376270996415194,0.028595419386777544
32.85466647148132,0.6664807612208952,0.062095123156299226,0.20445088780071102,0.3625563430376206,-0.9308572474857575,0.03546503349681739,0.02828275668220084
32.87962007522583,0.6665010459571812,0.06136250006445113,0.20505559738704254,0.3598825476703629,-0.9319744703509958,0.03323465964904091,0.028347767009504213
32.89967632293701,0.6664805957378978,0.06082598807731378,0.20546866631853733,0.3580198531457401,-0.93274010231953,0.031601832839595764,0.028618358437887608
32.924601316452026,0.6664244570594193,0.060235497981580254,0.20579058178412973,0.35605909225728893,-0.9335332281101258,0.029869445137187662,0.029076641525168975
32.944671392440796,0.6663906412724022,0.05984853910550773,0.20590679953793795,0.35477015071023127,-0.9340503418715876,0.028775680857942885,0.029326766029010055
32.9696147441864,0.6663881683991949,0.059455719980524464,0.20585968029587023,0.35354346158836214,-0.9345410340661016,0.02790044946442994,0.029353727778414548
32.98963117599487,0.6664446859911798,0.05917195841246834,0.20570196243861183,0.3527968556318339,-0.9348396109384643,0.027646012351987895,0.029068513513850452
33.0096800327301,0.6664847868439917,0.058949412508006394,0.2054611856974154,0.3522154754284071,-0.9350705094507991,0.02745675817976946,0.02887087900294996
33.034663438797,0.6664620835944358,0.05878660601916246,0.20503641124147842,0.3517273942470133,-0.935263504132111,0.02718695788248501,0.02882511571197584
33.05476689338684,0.6664058299339998,0.05863216450944573,0.20465932267770293,0.3516454209073486,-0.9352908703079161,0.02712616759110295,0.028994083974056138
33.079753398895264,0.6663437905159993,0.05835733178804151,0.20424456178467715,0.35335948890708097,-0.9346265974153067,0.027314408373167866,0.029395885742142986
33.10474872589111,0.6663070385158575,0.05810011209254146,0.20389332472674593,0.3571666920710226,-0.93315790420618,0.027509668701758406,0.029857964105890353
33.12969350814819,0.666261588061789,0.05786548491325273,0.20359777441224003,0.36247678581162246,-0.9310898474283571,0.0275954470051021,0.030344143886788293
33.15464544296265,0.6662311125135605,0.05767504736735896,0.20338253850332877,0.36883977636175924,-0.9285733474633656,0.027594461947233254,0.030778294687288935
33.17470145225525,0.6662351016537332,0.057562326079123295,0.20327653101316892,0.3744812884212036,-0.9263051942530289,0.027542655539103462,0.03104599568468046
33.19966459274292,0.6662674651267496,0.057498923812526345,0.2032175779187852,0.38147132458498134,-0.9234524759106333,0.027267300837492955,0.031171261747396945
33.21967554092407,0.6662856569012552,0.05749999377162169,0.2031870808482285,0.3864666464280983,-0.9213891661322513,0.026799176219507455,0.031102088141347607
33.23975157737732,0.6663155817276413,0.05750205780837687,0.20316797505517536,0.39066816225611384,-0.9196408508079882,0.026198472591455777,0.030866366138756592
33.26469302177429,0.6663710323452148,0.05750012347378764,0.20314577591560107,0.3946263843255011,-0.9179917581674054,0.025320140581586794,0.03033214815875074
33.2847261428833,0.6664134405205794,0.05752291267086499,0.20313211821203891,0.396579832482335,-0.9171898951176365,0.024462592911699704,0.0298113117880125
33.3096969127655,0.6663688409186217,0.05757979553466319,0.20314970665420376,0.3970942253042082,-0.9170177666543393,0.02285874434305543,0.029530825883965595
33.33464026451111,0.6662651133705169,0.057492689971206434,0.20327245533850127,0.39601697165154165,-0.9175200582333068,0.021111351990564867,0.029695314791602895
33.35966992378235,0.6662672398741241,0.05710229143713076,0.20353368826186294,0.39480947981149117,-0.9180613150320035,0.020108079077374875,0.029741581140045284
33.384682416915894,0.6663895482115523,0.05645248093315495,0.20392558141152922,0.39365311366247085,-0.9185704221438715,0.019853259851543376,0.029520395314070778
33.40966796875,0.6665310551725591,0.05571648247122433,0.20440223397240245,0.39246930271728786,-0.9190868466374389,0.019710754069887565,0.029303599379571103
33.42967367172241,0.6666231761317336,0.05510908349727496,0.20479464462350455,0.39154489138571563,-0.9194850668237239,0.019577427799940185,0.029266606202377084
33.449695110321045,0.6666844923797772,0.05452577071906923,0.2051604015267137,0.3906435392541095,-0.9198699770759021,0.019345213076681425,0.02937027824875155
33.474679946899414,0.666724892391276,0.05383879032292425,0.2055741298418428,0.389568347128756,-0.9203246029923977,0.018945197838103434,0.029668291511304054
33.49469590187073,0.666735285376565,0.05328448029717196,0.2058729694626058,0.3887435825201451,-0.9206687568028231,0.018629824277433822,0.03000661500153149
33.51965880393982,0.6667290660122199,0.05256891923490652,0.20616863557763598,0.3878417704254068,-0.9210355723012987,0.018423697392705,0.030541824491278763
33.544654846191406,0.666708672957246,0.051826167815838375,0.2063534687889486,0.3871500273205711,-0.9213017879449882,0.01852652817472398,0.03121921890162489
33.56961154937744,0.6666959392946099,0.051061450698868936,0.2064075417247288,0.38657958488439226,-0.9215112604709333,0.018914785267967228,0.031866161898169314
33.589635610580444,0.6666647511151742,0.05049225961537836,0.20631931603303738,0.38616647952869904,-0.9216594612879182,0.019232013178910923,0.0323947090711282
33.61459922790527,0.6665841629945367,0.04983714526134718,0.2061138708523767,0.3857150546206691,-0.9218137175117156,0.019554581153791783,0.03318109705960972
33.634605169296265,0.6664731385858883,0.04938709186773078,0.20582935021406573,0.3853824505461919,-0.9219225781539419,0.019637459750815153,0.033963169399305077
33.65470290184021,0.6663660882666473,0.048971918786009205,0.2055403248118048,0.3850524094889536,-0.9220325332302637,0.019688355180913688,0.034684553939681534
33.67475152015686,0.6662674441934948,0.04855618549398445,0.20520281655580047,0.3847448246601464,-0.9221331968346674,0.01983163386691283,0.03533402738149414
33.69974994659424,0.666220129013123,0.0479433016094767,0.204885557145087,0.38431430090811103,-0.9222828271660293,0.020306915476511412,0.03584039642659404
33.719759464263916,0.6661966193285901,0.047397580560201956,0.20465031042353135,0.383940704209769,-0.9224127603187684,0.02076816719939271,0.036234217022631195
33.74476075172424,0.6661944632600997,0.04666035822245714,0.20452837400096516,0.3833826926260442,-0.9226144905920374,0.021300146187464498,0.0366949113212938
33.76965641975403,0.6662179921727082,0.045890136730895294,0.20454617174329418,0.3827394392128392,-0.9228550856721219,0.021790511026081136,0.037070016852265124
33.78966188430786,0.6662600898439837,0.045171035975288765,0.20468186025473561,0.38216663885232394,-0.9230685255946601,0.022288579754618724,0.03736812033421738
33.80968761444092,0.6663102880287671,0.044410880166703394,0.2048787992403558,0.38154566443741966,-0.9233008672201293,0.022785566292568414,0.03767270242867757
33.8347110748291,0.6663872288950137,0.04342772548329323,0.20523973129009213,0.3807241767617405,-0.9236091320097093,0.02337378767569216,0.03806492541825764
33.85971426963806,0.6664777998015905,0.04237805218757975,0.20565153306100079,0.3798669230513767,-0.9239287791382417,0.024047625186067723,0.03845053412595739
33.884681940078735,0.6665641751001693,0.04130654953262348,0.2060473731534904,0.37896935362296413,-0.9242634004709436,0.02471815034539954,0.038838236416911115
33.90471148490906,0.666602404005767,0.04049574229925269,0.20630957374241676,0.37823984987092735,-0.9245355457415512,0.025112900750591197,0.039217124395344784
33.92966938018799,0.666643050058016,0.0395557541904794,0.20656593114177918,0.3773566493641267,-0.9248661716512003,0.025533010110416744,0.039655883682624044
33.94968581199646,0.6666657366383479,0.03886464894308272,0.2066476495864999,0.37669078284704144,-0.9251154406296226,0.025865229804465574,0.03995579449747287
33.97467923164368,0.6666899355018323,0.03808153101311333,0.20662024198126855,0.37589440537606844,-0.9254170300140646,0.026273269396454035,0.04020487386069651
33.99966621398926,0.6666847289102301,0.03742650642703166,0.20645209721137683,0.37508566114555075,-0.9257308788261888,0.026443288395647538,0.04042077794300836
34.0246856212616,0.6666465989659895,0.03688453976067363,0.20617359426854182,0.3742767579023593,-0.9260499527856655,0.026389481672672875,0.04064466381711401
34.044710874557495,0.6666285908519682,0.03645522567805093,0.20589912670145288,0.3736013512431129,-0.9263200556918684,0.02637444323946429,0.04071330883321144
34.0696165561676,0.6666402825148702,0.03589618884287038,0.20556900944713902,0.372701874260162,-0.9266849848894949,0.026432975022721614,0.04061464680071535
34.08967447280884,0.6666615139052325,0.03544953486555728,0.20533538150161385,0.3719399932437762,-0.9269969366729816,0.026452110663822272,0.04046735309131555
34.11465382575989,0.6666769390559307,0.034901971866306114,0.2050757819362598,0.3709462029072935,-0.9274042652445768,0.02635037769305036,0.0403224621056152
34.13467264175415,0.666686416630627,0.03441985199761051,0.2049811315678688,0.37011399043505927,-0.9277413970830409,0.026212286384937104,0.04030446954375391
34.15467405319214,0.6666835960768878,0.03390671040622359,0.20492699028726366,0.3692936369312809,-0.9280692242705348,0.026063976681016794,0.04037813521822522
34.179609060287476,0.6666845238506139,0.03325554393617656,0.2049519529716055,0.3682963784454247,-0.9284654119393037,0.02583004412595402,0.04052857358449188
34.19961214065552,0.666676291517449,0.03276900761231622,0.20501689671719275,0.36751139620067597,-0.9287776433680612,0.02553860196084141,0.04068467343171863
34.2246196269989,0.6666462903064794,0.03220582748612817,0.20510067604295473,0.3665843014591344,-0.9291422356393092,0.02511430841108879,0.04098691727831146
34.244685888290405,0.6666437622582743,0.03175337543376692,0.2051803023724751,0.36589606300656335,-0.9294117755507245,0.024924340438071835,0.0411412177466106
34.26974654197693,0.666654150573614,0.031232735917180947,0.20528155697178962,0.3650733645681859,-0.9297358307571919,0.024744860335651507,0.04123609312356341
34.2946081161499,0.6666447343584713,0.03075831498394689,0.2053988799672348,0.36430649743717136,-0.9300351249538165,0.024481926647969148,0.04142556631792634
34.3146288394928,0.6666259895723367,0.03039338172797017,0.20550897392490508,0.36374776253030633,-0.930249507033879,0.024246581702460572,0.041659611055160514
34.33467173576355,0.666608950598422,0.03001670087718369,0.2056025822756345,0.36327018816510276,-0.9304285186746444,0.02411771544015225,0.041903195932651065
34.35963749885559,0.6665983450082531,0.029539526166570476,0.20569180526601064,0.36284404718566,-0.930580040710373,0.024169095466095074,0.042200000921621975
34.3797345161438,0.6665990760345821,0.02916143879139612,0.20574520609872454,0.362587312488718,-0.9306651609156557,0.024370725927749467,0.04241304985225229
34.40472412109375,0.6665858050682834,0.028695464660575536,0.2057689864885689,0.36234189830063795,-0.9307347819351978,0.02472731833970274,0.042774690643819314
34.429720878601074,0.6665639709298129,0.028245574734475917,0.20576022682966177,0.3621328766308309,-0.9307859646307003,0.025138067744998577,0.04318964296736402
34.44974756240845,0.6665443854414604,0.027919137508020535,0.2057219840800806,0.36200268007626063,-0.9308137262260757,0.02545855778399345,0.04349400559086899
34.47467374801636,0.6665255920800434,0.027528232190017467,0.2056610404012863,0.3618677805307294,-0.9308390337720023,0.025877092780123904,0.0438266892361311
34.49966645240784,0.6665055956670526,0.0271626828916984,0.2055812410231472,0.36175024862505895,-0.9308585299211288,0.026277966242821416,0.04414321446041913
34.51973104476929,0.6664896237818035,0.026892664785194677,0.20550641655629354,0.36166520964893456,-0.9308717792044522,0.026582874444758327,0.04437744468349597
34.54471778869629,0.6664681280106144,0.026590621953239576,0.2054022348217029,0.36159400025678146,-0.9308766815746381,0.02692021769593737,0.04465069493420101
34.5696325302124,0.666434521367968,0.026345488139954822,0.2053078501763212,0.3615847131189921,-0.9308596841017215,0.027140273731433247,0.04494607095718236
34.589646339416504,0.666403508899604,0.026187738957250715,0.2052305026634266,0.361788475769361,-0.9307657024531091,0.027249977721155113,0.045185668654533585
34.6096465587616,0.666378435629762,0.02606072075969619,0.20516414617562412,0.3623792491921183,-0.9305237477210329,0.027321243542369682,0.045391456613330675
34.62965679168701,0.6663588558619498,0.025950386442118847,0.2051298937081876,0.3633549868409937,-0.9301332249340664,0.027344826964827543,0.045580674082370674
34.64972448348999,0.6663375082781866,0.02584434784392003,0.20511570323820622,0.36460862582286296,-0.9296325434110108,0.027326896221749025,0.045794376834702125
34.67463541030884,0.6663164464243827,0.025729633316483615,0.20510351052920295,0.3663828980919153,-0.9289248240567867,0.027280454188032516,0.0460219518933936
34.694642782211304,0.666302440487001,0.02563749508786186,0.20508644236271342,0.36781269384217885,-0.9283537269618677,0.02722160587903438,0.04617536202199822
34.71964192390442,0.6663012626915132,0.0255464087612337,0.20504934434387867,0.3694163802975418,-0.9277189590664803,0.027082587918026063,0.046212599885623366
34.74460172653198,0.6663133113670883,0.02546009528999134,0.20500403370052053,0.3708162618686004,-0.9271710907415437,0.02687067508625078,0.046119792360474865
34.76463484764099,0.6663212651405725,0.025411197189370235,0.20496045658232454,0.37179583729900606,-0.9267922361945701,0.0266106729974267,0.04599867801573422
34.78967094421387,0.6663285415895128,0.025371782120021027,0.204924791887164,0.3726356554951257,-0.9264783768316621,0.02612703543179443,0.04580244029098336
34.80972194671631,0.6663403557514621,0.025351914257758706,0.20491624908913358,0.3730331658577892,-0.9263395428675119,0.02571727719778757,0.045606251147011265
34.8346631526947,0.6663715664597157,0.025301803087863346,0.20492409452397528,0.3732686614888681,-0.926270367847893,0.025332529877739717,0.04529872986425947
34.85466718673706,0.6663900051033085,0.025242628480176884,0.20493023733750737,0.37326591343474347,-0.9262897705660458,0.025063409646519506,0.045073765200731426
34.87469553947449,0.6663931997259062,0.025168769524960513,0.2049348377835506,0.3730486159156101,-0.9263908924748846,0.02482735492333527,0.04492490345717925
34.89471435546875,0.666394931471859,0.025088957682764132,0.20493908125125643,0.3728655322151166,-0.9264756586622463,0.024607367593205403,0.04481770021379189
34.9196720123291,0.6663968205731581,0.024966472528295574,0.20495416632837937,0.3727200935937868,-0.926542965864694,0.024376830548584968,0.04476197460526781
34.9445960521698,0.6663733111719721,0.024838493470225025,0.2049729564563462,0.37252760633089405,-0.9266221935621999,0.02412330651281446,0.04486155371980551
34.96461510658264,0.6663474915173945,0.024729839289325012,0.20498886073258632,0.3723188771833482,-0.9267066677690023,0.023907878325338056,0.044964641211592486
34.984692096710205,0.6663276585074075,0.024599636063329607,0.2050097591310286,0.3721337816434613,-0.9267799383002927,0.023750241967285934,0.04507017340058148
35.009714126586914,0.6663182083687245,0.0243563027484389,0.2050492019646028,0.37191705394342267,-0.9268598070702414,0.023764829436478153,0.04520880340897026
35.03462624549866,0.6663232763183036,0.024004665471139906,0.2051138438346427,0.3716906937142697,-0.9269369200897238,0.024037610419943692,0.0453449850152969
35.05467510223389,0.6663256955826637,0.02363137903187762,0.20518144295326998,0.371516251610499,-0.9269901111443144,0.02441254954123804,0.04548665798710521
35.07966470718384,0.6663324277451241,0.023085093934507646,0.20527408659169066,0.37131161545044455,-0.9270450038152173,0.02504319103995382,0.04569555465654976
35.09975218772888,0.6663455488791912,0.02261067890254816,0.20532961234760094,0.37112559800585154,-0.9270942290177236,0.025626306487070528,0.04588434855822143
35.124770402908325,0.6663640652224104,0.022029431037287356,0.20535931036792032,0.3708493064215573,-0.9271738738430232,0.026324199900323912,0.046113296229945346
35.149659872055054,0.6663626429600341,0.02151709934787857,0.20531892775536437,0.3705281644370898,-0.9272780900348627,0.026851136163797366,0.04629513567181328
35.169740438461304,0.6663538283096008,0.021155652325684178,0.20525863305394715,0.37025173946978646,-0.9273755698378442,0.027138096653849662,0.04638669634187968
35.19468402862549,0.6663515845399697,0.02073795865407739,0.20517191979338867,0.36992773496362924,-0.9274961088466296,0.027386324973587763,0.046415818246332285
35.219645738601685,0.6663486090852409,0.020391214992576113,0.20506007786551922,0.3696999968247706,-0.9275901428535951,0.027408720294421388,0.046337903281220845
35.239649057388306,0.6663461758048211,0.020194305142973143,0.20495973448009283,0.3695826744825295,-0.9276506966124634,0.02719842292483567,0.04618525291851655
35.26460599899292,0.6663409183713934,0.020040807550098495,0.20483505822371798,0.3696595860439224,-0.9276509041519081,0.02665215932527384,0.04588303472271101
35.284647703170776,0.6663419929350269,0.019947787823688338,0.20473222702836996,0.36992354383103204,-0.9275789268908139,0.026094851927240738,0.045529823308317126
35.30466818809509,0.6663648345501489,0.01985943054656377,0.20466574909959462,0.3703581045488887,-0.9274452565817961,0.025497897245033412,0.04505582842493484
35.32468771934509,0.6663865097085222,0.019795753942726008,0.2046076618813737,0.37094977471618634,-0.9272545713170672,0.02479385385015629,0.044502690041185636
35.34976530075073,0.6663959945668365,0.01969981377257149,0.204579936752963,0.37178997125280216,-0.926976886089839,0.023773211199064552,0.04382812293882215
35.37465500831604,0.6663832223090889,0.019521740148550352,0.20459032465337357,0.37278248181763035,-0.9266311748902536,0.02271385725642123,0.04326624157410862
35.39961886405945,0.6663768049561369,0.01920421220996376,0.20462216386650556,0.37384882227860333,-0.9262496152239085,0.02188373470888068,0.04265923737709143
35.41965317726135,0.6661842479462498,0.018731397194609044,0.20458210415496156,0.3743574115476751,-0.9260775938939543,0.0212581697931893,0.0422481801263795
35.44471001625061,0.6656932303540508,0.017982652810854698,0.20442005487929663,0.37444954622092497,-0.9260880966935784,0.020243231856422957,0.04169635549215684
35.46963024139404,0.6650572304669923,0.017161078353960316,0.2041613133708387,0.3741260896225599,-0.926275087487341,0.01894592787164682,0.041050982704615324
35.48964977264404,0.6644891932201297,0.016472179021621375,0.20392673357083796,0.3736372902274038,-0.9265218791227823,0.01777075092467639,0.04045470639852458
35.509665727615356,0.6639000462955117,0.01579514091277583,0.20367874056379476,0.37292264974547357,-0.9268640961779999,0.016470506025254367,0.03975382942684048
35.53458380699158,0.6632014251985878,0.014998952967229107,0.20338964208371868,0.37191252788821316,-0.9273410664452092,0.014788286732667843,0.03874176892701109
35.55459380149841,0.662750801063344,0.014465764501715153,0.2032270304636773,0.3712742772659773,-0.9276542039091975,0.013504652059886994,0.03782477208126117
35.574594020843506,0.6624640266610082,0.014024356444559169,0.20318969449132723,0.3708427916479028,-0.9278853086024645,0.012361829070700936,0.03676497170430605
35.59460520744324,0.6623790897363363,0.01365713513894693,0.20332496930283975,0.37065680763771175,-0.9280186022585274,0.01143320291355054,0.035556809264976515
35.61474370956421,0.6624484645005425,0.01336707156779834,0.2035763589740815,0.3706793324011803,-0.9280658221732726,0.010712991893433861,0.034291311568533545
35.63961958885193,0.6626607359584175,0.013093395767912148,0.2039676591878189,0.37089320351945865,-0.9280419573208193,0.01008148268480596,0.03278293370182191
35.664698362350464,0.662870465133741,0.012799484710247352,0.2043626383819251,0.37120252316463087,-0.9279651097428737,0.0097256774066749,0.0315412919082721
35.68960905075073,0.6630316805662018,0.012410035205500755,0.204753290009177,0.3716343920904532,-0.927822888374836,0.009673110756661739,0.03064306367803711
35.70966148376465,0.6631161568273082,0.01209762242200852,0.20502714278279982,0.37215981622269967,-0.927626151910228,0.009788603840046213,0.03018239082991226
35.73461365699768,0.6631127665916227,0.01173634884574467,0.2052617429098309,0.37296088133045774,-0.9273101096504451,0.01000474298644419,0.029934038403428422
35.75463390350342,0.663016656000238,0.011497556112476184,0.20534164795768745,0.3736881879412563,-0.9270145534277929,0.01015914244816508,0.029965776330355635
35.779627084732056,0.662817360924661,0.011261702720138442,0.20531195303712235,0.3745954667955496,-0.9266418607721263,0.010228469560789735,0.03014094443553627
35.79965567588806,0.6625899053393025,0.01108431137940429,0.20521058450464666,0.37514795409450313,-0.9264121197351035,0.01017962943665742,0.030347521997525665
35.81971621513367,0.6623266721484574,0.010894938781680262,0.20508112670941,0.37553209055821934,-0.9262495389136705,0.01010893765484758,0.030581857411740822
35.84466218948364,0.6619664004205674,0.010636402236533832,0.20490550595939785,0.37582451116352816,-0.9261224122183147,0.010027877604915103,0.030865127024302462
35.86466956138611,0.661703346498067,0.010416746139065078,0.20478468072543743,0.3760145499460372,-0.9260406083997574,0.009988794286647206,0.03101731471755682
35.889599323272705,0.6613966201184175,0.010159112732961013,0.204650964392319,0.37616463508451253,-0.9259764917496952,0.00993868841130163,0.0311275844089848
35.909637451171875,0.6612011118594373,0.009991185160908944,0.20457913504801137,0.3762427837802708,-0.9259440895697664,0.009945602895758906,0.031144752802792604
35.93464112281799,0.6611157570079037,0.009726003111682837,0.2044816780688128,0.37639497372345665,-0.9258961536453092,0.010690056363026411,0.030477190084915645
35.959577798843384,0.6612172621829879,0.009247115391480048,0.20432983255928905,0.3762419945475737,-0.9259899719134732,0.012734588739554496,0.0286768844938745
35.979615688323975,0.6613273216317489,0.008721501049164398,0.2041443519043138,0.3758796538081234,-0.9261607007604006,0.015034821031908703,0.0267356760997897
35.99969696998596,0.6614164304211161,0.008111423968057366,0.2039080508726273,0.3754284850752503,-0.9263568943246245,0.017698004602073294,0.024558859184205153
36.02460074424744,0.6614350305606915,0.007284025444030849,0.20353388028111039,0.3747483014712348,-0.9266285588514357,0.021152790158488272,0.021812471972813184
36.04959583282471,0.6613886718249521,0.0064549135710144125,0.20314594492121257,0.37403797540668676,-0.9268920250734565,0.024431936138011704,0.019231414535428152
36.069600343704224,0.6612094374761968,0.005913435387647984,0.20283210119616144,0.3734997811517478,-0.9270882532341361,0.026181273206071217,0.0178836553400185
36.08961844444275,0.6608520028552849,0.0056303931272015635,0.2025707481422408,0.37297990946488024,-0.9272955792715625,0.02641107711570727,0.017645135435856548
36.10972619056702,0.6604843142889546,0.005542287614035908,0.20242016320054335,0.37250147470775785,-0.9275014887708433,0.025702296354338527,0.017973080728218457
36.13468861579895,0.6601625502734235,0.005550388226341147,0.2023803551895172,0.371944867646636,-0.9277508716270891,0.024401656517279473,0.01843623567618074
36.15969157218933,0.6600854395243843,0.005503870651237157,0.2025421540244155,0.37163422329954493,-0.9278955172000748,0.023512858854449554,0.01857575572385198
36.17970514297485,0.6600885253871294,0.005350863959788077,0.20279950430934976,0.3714841287790604,-0.927963568885009,0.02309648260640812,0.01870051814287172
36.204633712768555,0.6600237564077088,0.005135240940312581,0.20321078293275913,0.3714248187263268,-0.9279923084102286,0.022353806718286948,0.019343910941646524
36.22463393211365,0.6598841164056498,0.004941392310855967,0.2035519540973974,0.3713989354364322,-0.928001404400772,0.021574372802907235,0.0202674770310768
36.24471092224121,0.6597129624651087,0.004727957497112461,0.2038960819675343,0.371359903248605,-0.9280084016402141,0.020875457545213288,0.021364550469132996
36.26472520828247,0.659564838136772,0.004529829394220104,0.2042206068726659,0.37136611753859067,-0.9279944828413056,0.02036429660505797,0.022332531972778055
36.289626121520996,0.6594339506032765,0.0043415498956320365,0.20457321048579458,0.3715790556765843,-0.9278963461461588,0.01988759128712137,0.02327788443802477
36.31460928916931,0.659323777718571,0.004194220399267902,0.20484616736476258,0.3718295099753241,-0.9277849773528322,0.019488489165890438,0.02404267247771767
36.33462357521057,0.6592288914391691,0.004087413211411901,0.20499250618340292,0.3719486592627005,-0.927729412973781,0.0192241740352027,0.024551218070221016
36.359647274017334,0.6591164459721011,0.003967170677744302,0.2051205615245672,0.3723310017556455,-0.9275674895919684,0.01895531732574237,0.025077346921450305
36.384637117385864,0.6590142594416486,0.003857881376922101,0.20524781087284302,0.3728926931626497,-0.9273334897543514,0.01863950766382062,0.02561653606212672
36.40961742401123,0.6589281438650253,0.003740082069438556,0.20540860027421115,0.3737981755470257,-0.9269599932634718,0.018304730543548153,0.026173109992660475
36.429638624191284,0.6588499252442391,0.0035974923409453448,0.20551626903118708,0.3747849537357657,-0.9265535998371416,0.018113930749787538,0.026581019445094785
36.45460486412048,0.6586553243315295,0.003311157747194593,0.20562042565592945,0.3759967068673027,-0.9260487399920919,0.017797028625191086,0.027266707838003636
36.4795868396759,0.6583444969862858,0.0029101381969973174,0.20572870231330148,0.3769226846479341,-0.9256522911087754,0.01732890835394683,0.028228260630235705
36.504637718200684,0.6580474693874345,0.0024905358496259793,0.20581960505596636,0.3776421012403807,-0.9253381505854057,0.01697534718430029,0.029113365139991475
36.52958965301514,0.6577835775996762,0.0020638200005438975,0.20588951206164519,0.37828341994164544,-0.925056998638593,0.016841111534892275,0.02979228808790972
36.54964232444763,0.657607462519046,0.0017556542240580834,0.20591000161882417,0.37879560503250104,-0.9248351825258684,0.016896766690944486,0.030137585268632736
36.57457780838013,0.6574388431622067,0.0013966111335698096,0.20589559033486654,0.3793268214311077,-0.9246053382009027,0.01712175614681786,0.03038052961654869
36.5946204662323,0.6573015430165424,0.0011190386844475084,0.20586186086889605,0.37962267557589485,-0.9244737397879382,0.017285820203698392,0.03059622608976313
36.6196014881134,0.6571251639948753,0.0007446950493517806,0.20583166078883566,0.3798002302774906,-0.9243878382240852,0.01754846754293567,0.03083765412020559
36.63967847824097,0.656969275831191,0.00041285775412467154,0.2058015969876691,0.37980042634384564,-0.9243764201459207,0.017803598874244462,0.031030660551546255
36.664573431015015,0.6567546536953105,-5.776436792340016e-05,0.20576714556503242,0.379636278482309,-0.9244269222690343,0.018149193868515087,0.03133318059808754
36.684635162353516,0.6565716097159995,-0.0004606112167640916,0.20573430629929018,0.379347847019106,-0.924530462949049,0.018450918671239137,0.031594265958017544
36.70468997955322,0.6563938864028539,-0.0008849272442113549,0.20571412065389147,0.37904751841098006,-0.9246382182041436,0.01880247007224487,0.03183726341387139
36.724714517593384,0.6562227044286302,-0.001356187299911162,0.20572841843179074,0.3787310000555113,-0.9247509606686027,0.019210250592816936,0.03208514627300393
36.74969482421875,0.6559931421740999,-0.001980930936128585,0.20573396524239174,0.37829030300108746,-0.9249076949392063,0.019738209232557043,0.032443883767370195
36.77468514442444,0.6557740238323614,-0.002652305165285818,0.2057476606766605,0.3778304817342311,-0.9250694919488847,0.020350455909787672,0.03280885676546766
36.79959797859192,0.6556403804998112,-0.0032751235263867983,0.2057638548068516,0.3774713196017424,-0.9251907735860746,0.02106375600232674,0.03307194479394843
36.82456564903259,0.6556475864784895,-0.003835302017480298,0.20582721425144873,0.37725978899665696,-0.9252524477932438,0.021889703002961246,0.03322349110287322
36.84459662437439,0.6556770741418291,-0.004327986928061093,0.2059076745337105,0.3770944023758381,-0.9252968953267167,0.022610986810009746,0.03337979135962758
36.86461520195007,0.6557056735631422,-0.004841750099510178,0.2060052775779298,0.3769403246742823,-0.9253350879499134,0.02335050268966631,0.03355176101448133
36.889601945877075,0.6557266154948079,-0.00548681115524316,0.206102787713985,0.376775103444188,-0.9253704225512458,0.02426024561857247,0.033786727786609565
36.90966033935547,0.6557231519292015,-0.005990469318752161,0.2061182479058812,0.37683110607207543,-0.9253200745111794,0.024934887193224325,0.0340489148700281
36.93460750579834,0.6557127564905226,-0.006569064321096207,0.2060688998084098,0.377298883017807,-0.9250948796596313,0.0257088766320149,0.034410320593492826
36.95464015007019,0.6556943852893429,-0.006985089367289586,0.20597859673067698,0.37796404903999903,-0.9247966917552228,0.02625691299442754,0.03471067662679773
36.97468829154968,0.6556594480603151,-0.007344497026018701,0.20581044300710413,0.37886868238044763,-0.9244006944372785,0.026720087809112347,0.03504161158847128
36.999629974365234,0.655588295802224,-0.007706659040208877,0.20554147214810692,0.3803007787538439,-0.9237833040298539,0.02712947747609525,0.03549248267816876
37.01964282989502,0.6555222649654393,-0.007919986704811232,0.20530108606227387,0.3814501273067841,-0.9232897373031489,0.027317418854390804,0.0358555434409171
37.03970789909363,0.6554759629989693,-0.008055216369804923,0.20506551528730466,0.3825375655552387,-0.9228287702724101,0.02738856005822287,0.036082384543988495
37.05981254577637,0.6554517225067933,-0.008139878082708812,0.20486898269893816,0.38355884535560264,-0.9224063309297856,0.027293865971867306,0.036113954234752756
37.08475065231323,0.6554532579319403,-0.008229396621828294,0.20470318116556657,0.384849194943829,-0.9218834408122695,0.027042917002021844,0.03592630439264973
37.104753732681274,0.6554629144246582,-0.008287280174471886,0.2046514098179149,0.3859300233424703,-0.9214489832722598,0.026730720793530133,0.03571073893467839
37.12973093986511,0.655463447752485,-0.0083439921180395,0.20466520581122924,0.38724720382292216,-0.9209235688056737,0.026117779708237088,0.03545765266638692
37.15472054481506,0.6554603838656968,-0.008448749353983157,0.20474498358564347,0.3885578887580708,-0.9203983979667907,0.02543963424607049,0.03524742704957687
37.17962312698364,0.6554474019807568,-0.008621853461569986,0.2048581149500453,0.38970747766433955,-0.9199379052303176,0.02476410165267835,0.035058118066337
37.19970393180847,0.6554217259872916,-0.00879977498298265,0.20498651470952445,0.3904329592751501,-0.9196478907313982,0.0242206561098962,0.03497457937733172
37.22466015815735,0.6553508287332834,-0.009168690280578472,0.2052413110296641,0.3912885330862527,-0.9192903676989777,0.023717483578877492,0.03515657411753285
37.24963998794556,0.6552622962901096,-0.00971010745738204,0.2055734486238024,0.3920322719505696,-0.9189649288121697,0.023548317025289676,0.035491324684735696
37.27463150024414,0.6551382354157004,-0.010396456107146568,0.20592741102195183,0.3925331859660796,-0.9187336211264123,0.023679903378424738,0.03585377948266772
37.29475951194763,0.6550228460584102,-0.011043473266002671,0.20620300726504256,0.3925797209478093,-0.9186984825081296,0.024012035252203717,0.036023368814323914
37.3196382522583,0.6548448245275993,-0.011976964431341261,0.2064957545276116,0.39221256081431,-0.9188375683201363,0.0246507805081824,0.03604398983503785
37.344637870788574,0.6546375220321277,-0.012973493975881463,0.20671674832563053,0.39144846813133927,-0.9191477349591103,0.025284840060684488,0.03600298571521101
37.36466908454895,0.6544621544978728,-0.013756803282690994,0.2068195023739421,0.39050358166654753,-0.9195424147241316,0.025691399091268052,0.03589780274087547
37.38964486122131,0.6542161014291621,-0.014688196811233007,0.20684521072754455,0.38910082442022614,-0.9201412884592785,0.02595239709144335,0.0355953760069291
37.40964603424072,0.6540362875311815,-0.015356052914381201,0.20677368074319447,0.3879313574410233,-0.9206476901540322,0.026026037716194036,0.03520991179816964
37.42964839935303,0.6539013974156174,-0.01594299654635048,0.20667433407870778,0.38676811588642473,-0.9211572656076742,0.026007321873595786,0.03468913029820481
37.454612493515015,0.653776362279134,-0.01655924644423224,0.2064583907912988,0.3853555581031992,-0.9217819778879317,0.02585730993333516,0.033918705797530466
37.47462439537048,0.653742915929246,-0.016896432670433007,0.20621174363464462,0.38436399039069746,-0.9222271137413003,0.025615891149217054,0.0332460477665186
37.494632720947266,0.6537452181041632,-0.017121180155067493,0.2059156401935428,0.3834991001434709,-0.9226200992383544,0.025278339916147852,0.032582176136904714
37.51464080810547,0.6537685415744485,-0.017334061914448844,0.20563879434700869,0.38272045564889945,-0.9229732666302118,0.024979906186561394,0.03195944619246177
37.53962445259094,0.6537782605126973,-0.017620563311079102,0.20527610632504434,0.38180270446625597,-0.9233838791454924,0.024680952301941447,0.03130107330310053
37.55963206291199,0.6537941505944627,-0.01790493328604454,0.20505824186978655,0.38109922916448913,-0.9236923330062341,0.02457684255457481,0.030851746880778363
37.584590435028076,0.6537889069457433,-0.018312568040150596,0.2048213558655903,0.38027949261180033,-0.9240431989678966,0.02458572234752636,0.030450224903418123
37.609588861465454,0.6537617543252321,-0.018814927665228104,0.20469664671974214,0.37956024759730755,-0.9243395083458181,0.024747558931426224,0.030299341277943884
37.62968373298645,0.6537004683702057,-0.019293982282086633,0.20467717114167228,0.37902806813907863,-0.9245488515136376,0.02492598083034171,0.0304276224396531
37.64970254898071,0.653637906005001,-0.019815437277375975,0.20473916409617143,0.37853387448877596,-0.9247363209810522,0.025167902006638765,0.03068255581683942
37.669703245162964,0.6535741147084668,-0.020352661781653653,0.20486802742180613,0.37812324550521237,-0.9248850277983801,0.02547280713799114,0.031010202505230455
37.68973731994629,0.6535008465830752,-0.020909662768268493,0.20502204152041414,0.37784041593257184,-0.9249753996491991,0.025862162805827878,0.03143689976135223
37.71470403671265,0.6534044182435947,-0.02165704166567385,0.20522176914932452,0.3779915104017221,-0.9248736488838653,0.026502514109972872,0.03207441987465686
37.73963713645935,0.6533126333373299,-0.022389170326673567,0.20542317452083725,0.3787850231701206,-0.9245086424170864,0.027126013316438616,0.03270864900264599
37.764668703079224,0.6532058598179732,-0.023050893717642632,0.205550283542827,0.3801364873559614,-0.9239153330824268,0.02763631363355737,0.03336079202653001
37.789668560028076,0.6530996882482852,-0.023657759718263345,0.2055959724516192,0.38212746725242736,-0.9230558690054509,0.02809904651654939,0.03401330696465735
37.814629316329956,0.6529973564461524,-0.024234230078821112,0.20557264144659856,0.38456427773017926,-0.9220058104326965,0.02856025212416487,0.03463977224223251
37.83465051651001,0.6529257816404879,-0.02463863230331463,0.2054832596209516,0.3866514825844343,-0.9211066716826098,0.02888636315070232,0.03505293740936563
37.85469913482666,0.6528532322716842,-0.024989416429014987,0.20534464890316448,0.3887872424087141,-0.9201852964792518,0.029123074174891943,0.03543087402609742
37.87964463233948,0.6527409460703436,-0.025350897278362698,0.2051116808372439,0.39144034162974256,-0.9190393496300004,0.029182156012985006,0.035910089763758875
37.90459418296814,0.6526200168992476,-0.025632517522844154,0.2048429922204498,0.3939302598385099,-0.9179645767343521,0.028980371619176503,0.03633351490459709
37.924728870391846,0.6525337445488595,-0.025820728630924984,0.20464951587579883,0.3956244670012559,-0.9172378125652153,0.028681745153004708,0.03651621291226153
37.94967341423035,0.6524535850870555,-0.02602973262677508,0.20445663175308096,0.39728932675983825,-0.9165330839823173,0.028222274698805415,0.03649383536061308
37.96981239318848,0.6523955258182678,-0.026213328875217552,0.20436811475709457,0.3982712017067133,-0.9161257488794943,0.027782337501801507,0.03635662049932314
37.994813203811646,0.6523296916536706,-0.026469654878233044,0.20436798897572075,0.3989735715079212,-0.9158526275388649,0.027117447951570214,0.03603745114356512
38.01970648765564,0.6523199180376865,-0.026766205258756753,0.20452262754602024,0.39923859710080234,-0.9157778163147473,0.02647430266521659,0.03547738757606995
38.044586420059204,0.6523629018893585,-0.02712945851169267,0.2047606651989733,0.3991175573779314,-0.9158740399476474,0.026005304293427407,0.03469355114839972
38.06461477279663,0.6523808840692003,-0.027446819543803992,0.20495696944572997,0.398749145639973,-0.9160684185996251,0.02559094582079106,0.03410094995383695
38.08471632003784,0.6523484349381208,-0.027827865992522623,0.20515810525162126,0.3980957308554823,-0.9163825364625006,0.025132917149482015,0.03363290675589304
38.10962700843811,0.652224731067966,-0.02839505227214978,0.20539719475061752,0.3971015107343145,-0.9168442968652313,0.02455299598312234,0.03322763708913024
38.13457155227661,0.6520565955938601,-0.029034994880385363,0.20558094454216136,0.3959802951226954,-0.9173519075987481,0.024148669018947664,0.03289263266836689
38.1545786857605,0.6519061781805308,-0.02958363673311959,0.20567011660444934,0.39503443149332146,-0.9177723017500341,0.023947502036322215,0.03268512232496863
38.17956733703613,0.6516903958498584,-0.030319904998373347,0.2057258021154953,0.39385176841488445,-0.9182887227174796,0.02379486795646865,0.032563944864561746
38.19957661628723,0.6514698027944072,-0.030938398875364564,0.20568528828479335,0.39291536642944724,-0.9186904609314619,0.02371126906003881,0.03260563657761215
38.21959161758423,0.6512525900005081,-0.03158979994756242,0.20561878826550054,0.3920270363802749,-0.9190645952455833,0.023736667959143816,0.03273596045665715
38.2397096157074,0.6510463889030698,-0.032264379717210696,0.20552702265142264,0.3911591050063385,-0.9194248453474456,0.023880459052692378,0.03289729478335929
38.26470398902893,0.650787915028322,-0.033082691236118386,0.20532350688683682,0.39008922019416875,-0.9198660800103896,0.02403654401667532,0.03315176746891864
38.289639949798584,0.6505622079896805,-0.03384312118066816,0.20508226912423638,0.38913562943013025,-0.92025377236076,0.02416882014870369,0.03350111186888552
38.30971932411194,0.6504087826465632,-0.034426184132851395,0.20492389139636843,0.38845310136869193,-0.920525809413753,0.024251028550474955,0.03388672091772161
38.3346164226532,0.650247211243902,-0.03509536264734086,0.20469793261237257,0.3876736841336195,-0.9208336397572066,0.024286170553799367,0.034419535755372474
38.35473012924194,0.6501476381116144,-0.03561659423871781,0.20456362464448957,0.38706699419831714,-0.9210739558854149,0.02433428845318902,0.034781492169274245
38.37474703788757,0.6500719976412259,-0.036145691372103064,0.20446906910700477,0.38646857470449775,-0.9213110731563675,0.024461905495999952,0.03506511692213135
38.39960837364197,0.6499820512914712,-0.03683026047295439,0.2043905316267255,0.38576289301475963,-0.9215847920439806,0.024718253724565622,0.0354608146968067
38.4196138381958,0.6499123876259909,-0.03739527492399476,0.2043602538444147,0.38522435057239934,-0.9217897889794628,0.024984040104580375,0.035799195512517076
38.43964099884033,0.6498868531036502,-0.037990985189363696,0.2043960874647095,0.3847187969868644,-0.9219793937290723,0.02547701993562652,0.036005086295919586
38.464624881744385,0.6498593637399656,-0.038730078983954,0.20441973052609727,0.3841556813179466,-0.9221832518928506,0.02620243458290009,0.03627526514597117
38.489583015441895,0.6498256417468883,-0.039436281253345265,0.20443316346000667,0.38365971206675825,-0.9223574387302024,0.026913244792308343,0.03657400457716093
38.509689807891846,0.649793276313853,-0.03999898059758886,0.20446781533990868,0.3833068429173,-0.9224762226112804,0.027472541360446946,0.03686112261945273
38.53456401824951,0.6497379519917438,-0.040670263680244366,0.20444699683840872,0.3829893291184722,-0.9225705468862428,0.028167287990078248,0.037274169162748595
38.55466079711914,0.6497018433131091,-0.04116736464539214,0.20444047651120573,0.38284627523928166,-0.9226027056985601,0.02865873599120347,0.03757198190753002
38.57469058036804,0.649632219713031,-0.04157321465628609,0.2043316445113107,0.38273355920149116,-0.9226262884194706,0.028926537793255616,0.037934285147309926
38.599594593048096,0.6495503632841638,-0.042006124977348,0.20421150872569982,0.3826975749634949,-0.9226197299597204,0.02908873560600978,0.03833073788714948
38.624594926834106,0.6494643987242685,-0.04233270965305109,0.20403182614966503,0.3829937235465268,-0.9224851014579178,0.029031906026399937,0.038654802348213946
38.64462161064148,0.6494139494990632,-0.042536723440223446,0.2039075583625521,0.3833767385259047,-0.9223263485085551,0.028849383114573215,0.03878268038795071
38.66470527648926,0.6493618497326413,-0.042676336582587106,0.20378321225592305,0.38392885653760467,-0.9221056961898686,0.028480889664872756,0.038840147989368974
38.68959379196167,0.6492975730193866,-0.04279183442282027,0.20367094005666847,0.38484375869176485,-0.9217437786768874,0.027800341314689492,0.03886938241425109
38.70961332321167,0.6492598431870941,-0.04287376464436821,0.20363285508704027,0.38566138432668534,-0.921422104247872,0.02719972942640999,0.03881722764036697
38.73456263542175,0.6492441897963384,-0.04298065242887262,0.20364413183756558,0.3866822405329043,-0.9210244417604874,0.02647865214350642,0.03859667753648637
38.75458240509033,0.6492507369045978,-0.043087887121056254,0.20371628760961918,0.38745099849869113,-0.9207260325725621,0.025963702170901267,0.038356001815565255
38.77955603599548,0.6492484221460664,-0.04323777012324192,0.2038547728763904,0.3882423374974547,-0.9204220113219538,0.025276451610964784,0.0381091779295963
38.799564838409424,0.6492449837390513,-0.04339193124667265,0.20399337904702164,0.38877960049457183,-0.9202152351292995,0.024767378123357022,0.037959455424840416
38.819613218307495,0.6492382622273453,-0.04358447160799522,0.2041299913979227,0.38925254809214005,-0.9200313493560018,0.024332051942491925,0.037851304523213426
38.839653968811035,0.6492199661645325,-0.04378137156713743,0.2042407479309347,0.3896084514850454,-0.9198955864729184,0.023875261639534334,0.03778010588601544
38.8596830368042,0.6491737252566575,-0.04397486533244953,0.2043284112828159,0.3897805558160808,-0.9198350394344612,0.02333340268836819,0.03781759981024308
38.88463020324707,0.6490909467967642,-0.04421285249485197,0.20438098191611387,0.3897042970351712,-0.9198809061606296,0.022581348723314583,0.03794419643696188
38.90956211090088,0.6490003470986336,-0.04447757595313584,0.2043533835453512,0.38947690584834466,-0.9199845549416502,0.021969867302108512,0.03812457750950545
38.9296088218689,0.6489273977280586,-0.04471539173598543,0.20429283135247434,0.38921689846527896,-0.9200970456305646,0.02160274648380387,0.03827471639632578
38.954559087753296,0.6488082818956452,-0.045050780439005574,0.2041576943814692,0.38878787832830847,-0.9202723673346059,0.02122117770362217,0.038631815933061364
38.97457504272461,0.6487062456060739,-0.04535542033385452,0.20405399570003158,0.3884235496884043,-0.9204168655937441,0.020983025930985718,0.038982716693802655
38.994608640670776,0.6486092678616187,-0.045706503209144614,0.20393640557863318,0.3880871879593673,-0.9205437073160166,0.02092286955619749,0.0393681469248693
39.014646768569946,0.648541587176968,-0.046111677865697184,0.20386753259331214,0.38773405601757516,-0.9206751235470537,0.021097469232378638,0.039680164790823584
39.03973722457886,0.6484812670042135,-0.046669277861238534,0.2037839418005555,0.38729485297114086,-0.9208349598507225,0.02156987450952354,0.04000517581868949
39.06470322608948,0.6484454830321961,-0.04726787730619823,0.2037669781855673,0.3868642242085048,-0.9209891542625763,0.02221450128128173,0.040268668850960754
39.08964967727661,0.6484206981923566,-0.04787697720034058,0.20377850483220217,0.386462867391447,-0.9211295860117626,0.022927285123937612,0.04051021473853679
39.114630937576294,0.6483859838108077,-0.048450939892691745,0.20376825774039378,0.38607813634354404,-0.9212648066635275,0.023531721401069655,0.0407564317455369
39.13465595245361,0.64836260481706,-0.04887817496329038,0.2037733842008626,0.3857595753725836,-0.9213831579035077,0.023880589332243657,0.04089430025370718
39.159613847732544,0.6483308163532835,-0.04933717724915243,0.20374316304885137,0.38533081829199595,-0.9215546375364155,0.02408334657472118,0.04095366805617064
39.17961645126343,0.6483166103068808,-0.04969739645098669,0.2037339957691705,0.38499307978705366,-0.9216932901199036,0.024219273375950572,0.040929625713784924
39.20462656021118,0.648301946435298,-0.05012105229135352,0.20372163833306867,0.3845753178286852,-0.9218679347856674,0.024332690820760273,0.04085652809919029
39.22961449623108,0.6482756272121628,-0.05052723018929862,0.20373753271976391,0.3841144909140502,-0.9220634436189356,0.0242753188726691,0.04081387882807271
39.25460743904114,0.6482359173412786,-0.050891260751148276,0.20374575793950045,0.38367393620024987,-0.92225571828621,0.024011567721659546,0.04076941726999428
39.274646282196045,0.6481887747821269,-0.051172758492565855,0.20374689449181177,0.38343155235001036,-0.9223632192306537,0.023704183888053582,0.040797648697101736
39.29467988014221,0.6481396606055315,-0.0514539288109403,0.20377271766310961,0.383235959535889,-0.9224516100528172,0.02335196164611579,0.040840082234096776
39.3196325302124,0.6480926103582927,-0.05181271613272914,0.20383829874821854,0.3831586466516689,-0.9224932784062543,0.022950973174086696,0.040851629364847035
39.344568967819214,0.6480639059130597,-0.052223861640605704,0.2039521638474021,0.3832783408571151,-0.9224505010983312,0.022710824714649174,0.0408289712589645
39.36466145515442,0.6480447204903915,-0.05255929788074569,0.20401425846693233,0.38354271609792284,-0.9223442383082538,0.022609713127138067,0.04080308640266012
39.389628887176514,0.6480127966313973,-0.0530001181681275,0.2040717687532945,0.38404540231230894,-0.9221328770614726,0.022593278308185128,0.040861103514228204
39.40964126586914,0.647976266986132,-0.05335418650961953,0.20408290743847246,0.3845376090330507,-0.9219223658104779,0.022611776685035678,0.0409717733650196
39.42968964576721,0.6479262740854772,-0.05371689267919832,0.2040686332579626,0.3850932069415599,-0.9216804696287186,0.022655638222364556,0.04117105693632235
39.4497184753418,0.647884240231563,-0.05408875625529247,0.2040424154855307,0.3856362629977256,-0.9214428600432772,0.022777222592409413,0.04133916384555558
39.47468972206116,0.6478510196499344,-0.0545718102994318,0.20398331626844393,0.3862783150384892,-0.921158889251172,0.023113204359459127,0.04148667097786539
39.49471640586853,0.6478406104799495,-0.05498183209354524,0.20396390176841087,0.38674580294378663,-0.9209492308781393,0.023517438697747098,0.04155873106167825
39.51967811584473,0.6478175814284809,-0.05550999734154899,0.2039340921544911,0.3872312496097497,-0.9207241083479241,0.024062140170212826,0.041714374537291515
39.544596672058105,0.6477609634554368,-0.05604299622053905,0.20391340232793403,0.3875232352348159,-0.9205745777744517,0.024520392311711412,0.0420349767380864
39.56956505775452,0.6477041234291131,-0.05658455462565427,0.20394909174676443,0.3875470414909465,-0.9205375851878598,0.02492844695726318,0.04238416473619238
39.58956575393677,0.6476586970423782,-0.057005572790672324,0.20395834423200537,0.3874037237229098,-0.920578422674833,0.025232728361057753,0.042626657980778686
39.609570264816284,0.647631535267829,-0.05745920648438208,0.2040060490907527,0.38715391279718187,-0.9206633031109144,0.02565459520602997,0.04281088477969679
39.634557008743286,0.6475910087296332,-0.05803032025311031,0.2040272752283424,0.3867979739630027,-0.9207861626447474,0.026217778263232933,0.04304414156518933
39.654603242874146,0.6475557556190816,-0.05849538705861688,0.20403965143503786,0.3865235266074463,-0.9208778336200193,0.026679189971559398,0.04326430108938495
39.67959022521973,0.6474849587352044,-0.05907118261710063,0.20401107791404158,0.3863186806360124,-0.9209305895933128,0.027185338030061436,0.04365413541820106
39.69961857795715,0.6474136980855693,-0.059544342697446316,0.20399661644041614,0.38616803244083175,-0.9209651186688134,0.027533983518025024,0.0440383999229195
39.71963429450989,0.6473211367292928,-0.06003077767823523,0.2039531236158136,0.38588866988022685,-0.9210518129069669,0.02783430615195872,0.044483073184628026
39.744614601135254,0.6472186185007077,-0.06068658458591192,0.203964702305496,0.385457700691812,-0.921192044627186,0.02829757745109266,0.0450202732485125
39.76959586143494,0.6471134348919609,-0.06136694986508128,0.2039608038389848,0.3849929926920553,-0.921344342935318,0.02878204199103714,0.045569632189066116
39.7946252822876,0.6470256150928761,-0.062086811849349596,0.20397832923219084,0.3845191659329549,-0.9215007519720041,0.029360329733270928,0.04603635718881802
39.81965374946594,0.6469373591179033,-0.06283009678169646,0.20398533664824642,0.38417659992929437,-0.9215998334621164,0.02997955425065989,0.0465114325332513
39.84464716911316,0.6468536956647272,-0.06354755847713289,0.20394068864136988,0.383843302413243,-0.9217022721762501,0.030518506363718848,0.04688135479089583
39.869611978530884,0.6467723502302491,-0.06425566571905489,0.20387834461915122,0.383368710227141,-0.9218681852451598,0.03099574228504429,0.047188399122317065
39.88963484764099,0.6467070599093563,-0.06479573419252917,0.20380611258227843,0.3830536852960448,-0.9219799685124211,0.03126970650250629,0.04738161350324153
39.914613008499146,0.6466272379267688,-0.06545031599793812,0.20372501152005873,0.3827394812872553,-0.9220917489733981,0.03152287701508233,0.04757734927242818
39.93461751937866,0.6465583035287042,-0.0659457342936282,0.2036413299519009,0.3824880486027646,-0.9221866540963252,0.031600540688694174,0.047708212195395776
39.954628467559814,0.6464942023706914,-0.06641514707848972,0.2035778569659477,0.38230770202292047,-0.9222596274963905,0.031546808277416585,0.047778649537125684
39.974711179733276,0.6464358053605413,-0.06686935399065473,0.20357494028023085,0.38208148111168616,-0.9223574696305807,0.03138243427946731,0.04780776952416624
39.99960780143738,0.6463485786766862,-0.06741159516735305,0.2035823011174268,0.3819072314161115,-0.9224391530435728,0.031005371117741185,0.047870058347166726
40.01960802078247,0.6462871820509111,-0.06782241666167094,0.2035934728128833,0.38189114844574357,-0.9224582738455932,0.030646534695162903,0.04786098268677209
40.044612646102905,0.6462456756278434,-0.0683346291460116,0.20367122407106147,0.3819071165356321,-0.9224740858087093,0.030251784725968373,0.047679606455539196
40.069560050964355,0.6462306793533672,-0.06884642082677249,0.2037610427642376,0.38202520798799255,-0.9224496244956291,0.029971188254432898,0.04738310462773853
40.08956289291382,0.64621396350816,-0.06924693456330416,0.20381906959670962,0.38219326914783064,-0.9223993389794787,0.02972611995678401,0.04716060072407067
40.11455059051514,0.6461744420367139,-0.06974400365385941,0.20385077702107895,0.38248660429278364,-0.9222970993395756,0.02941817014995697,0.04697477356416957
40.13461995124817,0.6461365902217133,-0.0701406738977161,0.20385885083588282,0.3828072952393453,-0.9221764145320986,0.0291867476203148,0.0468761021796226
40.15953826904297,0.6460960384857659,-0.07064215613240436,0.20384021298690683,0.3833446296481854,-0.9219664588806659,0.028991596731683566,0.0467357565257343
40.17955470085144,0.6460583233154773,-0.07102925754041205,0.20378667240235507,0.38382672909175897,-0.921776698733688,0.02881714512443573,0.04662973143035654
40.19956731796265,0.6460088234680198,-0.07140855728731721,0.20369893358322239,0.38430748682986404,-0.9215849867548639,0.028632892324225948,0.04657279497366926
40.224560022354126,0.6459469959652417,-0.07189662210065034,0.20363960560486222,0.3848979379389918,-0.9213463199691067,0.02843382302373027,0.046540882650978915
40.244611740112305,0.6458928810181829,-0.07229356382221258,0.20360362453556283,0.3853285316357233,-0.9211705759978299,0.028278342392660447,0.046551347722708074
40.269558906555176,0.6458369054415742,-0.07279666422968233,0.20359914369436538,0.38570855114389013,-0.9210189738977527,0.028093931303053515,0.046515527717314674
40.2896842956543,0.6458026248791483,-0.07321044187213838,0.20364733029446086,0.38593565155872345,-0.920931137033598,0.027971307026296466,0.0464448025211816
40.31465435028076,0.6457473987296141,-0.07373079123154516,0.20369848091935816,0.386181475497416,-0.920836666652897,0.02777393770987205,0.046392992082086706
40.33962559700012,0.6456781149735499,-0.0742622374731758,0.20373393241508375,0.386361018462999,-0.9207678512618752,0.027568065740492954,0.04638673567023186
40.35971021652222,0.6456201941253905,-0.07467429088159978,0.20375374215428965,0.38639228529910136,-0.9207612562412866,0.027345818204909472,0.04638876041708631
40.38471055030823,0.6455450756442099,-0.0751838314581199,0.2037596916660997,0.3863099715494573,-0.920803629203675,0.02707228865060939,0.046393679677489266
40.40962791442871,0.645465766447551,-0.07570760794525495,0.2037561236492921,0.38613125421757505,-0.9208839295402809,0.026842852411182293,0.04642094468318385
40.42969274520874,0.6453982136897622,-0.07613199098670374,0.20374194822878436,0.3858671027632348,-0.9209971548022086,0.02668214874314153,0.046463779331954995
40.44971561431885,0.6453325210637256,-0.07655566298111338,0.20372841512890905,0.38553044463248126,-0.9211407510311556,0.0265287790883173,0.04649964442214546
40.474637031555176,0.6452516449475635,-0.07707863826044514,0.20370792394004067,0.3849097425645264,-0.9214060392419939,0.026320499972134415,0.046504109587042056
40.49468541145325,0.6451764378481577,-0.07748014045733223,0.20366712843688492,0.3843202055627743,-0.9216577585796154,0.026076867313134657,0.0465290515410958
40.51962447166443,0.6451118581673455,-0.07797813539716705,0.20368660220917326,0.38350729021879726,-0.9220093374851308,0.0257937511913643,0.046428680132164654
40.544684648513794,0.6450699212537315,-0.0784629669882743,0.20371107231968466,0.38266659914110457,-0.9223767235093284,0.025554380263397465,0.04619986449526997
40.56470274925232,0.6450456342363444,-0.078836590206542,0.2037358614469249,0.3819888573610012,-0.9226749750844291,0.025358130439534905,0.04596050941354783
40.58964228630066,0.6450002929975094,-0.0792952322778956,0.2037394512739458,0.3812099552727726,-0.9230161703915155,0.02508098733992564,0.04572814528116601
40.61461663246155,0.6449662741701662,-0.0797672076480994,0.20376361796889148,0.3805098272716053,-0.9233206431582229,0.02492591902458804,0.04549681118961869
40.63468551635742,0.6449452811118142,-0.08014380912883898,0.2037966243927803,0.3799434752846274,-0.9235648818721964,0.02484884345452216,0.04531445177870407
40.65960502624512,0.6449035762893481,-0.08059457867208465,0.20381644981023067,0.3792705180313485,-0.9238525022108769,0.024715431096486235,0.045161662687541446
40.679614305496216,0.6448438230358624,-0.08095149397446559,0.20380512417452915,0.37877173428155975,-0.9240588074231739,0.024601596415981683,0.04518910473512926
40.69970893859863,0.6447739601763329,-0.08132205926649222,0.20379063173052708,0.3782986350593713,-0.9242477510598754,0.024558717383070174,0.04531122127604103
40.72464418411255,0.6446925175540916,-0.08179508690863041,0.20375836679232565,0.37775468469058515,-0.9244585091383712,0.024642953856970122,0.04550371304818536
40.74960684776306,0.6446268983937804,-0.08226739355128501,0.20372152493903117,0.37725312084894286,-0.924650659186296,0.024855115312376705,0.0456449835021611
40.76967811584473,0.6445825368158243,-0.0826441337879156,0.20368442118024505,0.37688142570771177,-0.9247911691245874,0.025100786025088268,0.04573439631942616
40.78972148895264,0.6445367024484612,-0.08301134225796787,0.20362584315492277,0.3765480395140523,-0.924914663606493,0.02537024692485227,0.04583437088899534
40.814600467681885,0.6444962921572635,-0.08345759990984004,0.20360140568868007,0.37627485966859303,-0.925011035135388,0.025735066295474084,0.0459295245125029
40.83961844444275,0.6444707136398811,-0.0838838989736423,0.20359928273340833,0.3763181270872609,-0.9249802339259791,0.026091867564970728,0.04599400524811234
40.86459803581238,0.6444445833391018,-0.08426260790541235,0.20356162417717166,0.3766596589910095,-0.9248344982843709,0.026325937776487097,0.04599562013912635
40.884676933288574,0.6444300223101832,-0.08454191956116706,0.2035905041150572,0.3771010871206454,-0.9246547133686156,0.026399354294379562,0.04595111783683048
40.90961980819702,0.6443888100131188,-0.08483453215058542,0.20355847589942225,0.377803092507911,-0.9243722952116579,0.02626856156256503,0.04594176542149431
40.934565782547,0.6443630585993897,-0.08507610747787889,0.20358500455534997,0.37859432680292704,-0.9240636906647527,0.02594325177101555,0.04582116318115364
40.95458793640137,0.6443443361947527,-0.08523710236001528,0.20357651547406058,0.3793617525784721,-0.9237639742485872,0.02562257923589184,0.04569752722426052
40.979548931121826,0.6443203080603316,-0.08539711091128278,0.20357976039045128,0.38036648624992014,-0.9233771845455253,0.025056991376352422,0.045475909906649604
40.999595165252686,0.6443005015437393,-0.0854836348688047,0.20356762859278593,0.38116805830932887,-0.9230730111985198,0.02447470088935803,0.0452561193429496
41.024580001831055,0.6442905753662156,-0.08560472200610825,0.20360021209682347,0.3821057819930852,-0.92271738790102,0.023829553997769894,0.04494380701450307
41.04463028907776,0.6442818065131322,-0.08570549539713554,0.20362649480147982,0.38278947749771935,-0.9224568130147225,0.02336512837554779,0.04471817097954922
41.064698219299316,0.6442778468006783,-0.08581663419015108,0.2036694619936834,0.383427047893054,-0.9222127082262095,0.022973423146386812,0.04449316305967226
41.08962035179138,0.6442571415754947,-0.0859785827025496,0.20370188423594326,0.38421187990657224,-0.9219037893655311,0.0225699028133883,0.04433095960156322
41.10969305038452,0.6442280195193124,-0.08610977045677419,0.20371564574650008,0.384718290789387,-0.9217027306753993,0.022251579847728922,0.04428069773514921
41.134578227996826,0.6441858039330939,-0.08628704734623523,0.20374320205659785,0.38514958469422206,-0.9215318226295087,0.021889499816700443,0.04426903080838879
41.1545934677124,0.6441514823720622,-0.0864395185528634,0.20375959453929662,0.38534774207405903,-0.9214555978663028,0.02163747050248294,0.04425515460981483
41.17969369888306,0.6441060301082633,-0.08666509257769658,0.20376647208116622,0.38554220444523657,-0.9213767912398508,0.02147128068686225,0.044283193898052096
41.20468759536743,0.6440769386212942,-0.08693872438418893,0.20380776455424177,0.3855566151758098,-0.9213676721159869,0.021532452123422433,0.04431774790466189
41.22959303855896,0.6440542035063277,-0.08723725113929852,0.20384299992041277,0.3855288834527532,-0.9213725463760131,0.021739061573554392,0.0443567808822814
41.24961185455322,0.644024938805233,-0.08749272773197127,0.20386766239818888,0.3854131608579827,-0.9214123784185212,0.021921369578875027,0.04444522348153878
41.269718647003174,0.6439754657124588,-0.08776817023519318,0.2038792735567032,0.3852438393446781,-0.9214679745642284,0.02214362035411708,0.04464992919536992
41.29476714134216,0.6438994705175832,-0.08814206921047407,0.20389743063393434,0.3850233510658822,-0.9215329391181275,0.0224890886289609,0.04503667557646976
41.3196587562561,0.6438456887280269,-0.08852935393349136,0.20390486617361542,0.38478272074709524,-0.9216083198439502,0.022943723831334806,0.045320504692985264
41.34463620185852,0.6438270148715726,-0.08896502508065947,0.20394379180555422,0.3845382797848719,-0.9216852589237038,0.023647311449328023,0.045468665299745845
41.3646445274353,0.6437944353624842,-0.08932877823956992,0.20390605577886223,0.38436946464209876,-0.9217313320389154,0.024257478332945986,0.045640343265746966
41.38957762718201,0.6437706729922813,-0.08978834861459951,0.20391857712344974,0.3841441296578762,-0.9217964575068498,0.02501244162924888,0.04581436827971792
41.40960693359375,0.6437416259776594,-0.09012295277099582,0.2038645965745262,0.3839080369084358,-0.9218789670258404,0.02543678556734137,0.045899447628174224
41.43459153175354,0.6437081334859752,-0.09053165325516253,0.20384791869022317,0.38352564829918373,-0.922026352678196,0.025817493423570457,0.0459231869217055
41.45460486412048,0.6436847428908051,-0.09083760715942588,0.2038608025164892,0.38317780021950915,-0.9221695517119932,0.025965624909072813,0.04586804592921385
41.47959494590759,0.6436416754792808,-0.09117025221411747,0.20387080506651278,0.3827492438293119,-0.9223542912726919,0.025854386456275094,0.045794414724554686
41.499632835388184,0.6436304943877003,-0.09142460729760533,0.20396649770438996,0.3823746669037762,-0.9225246223114385,0.025662505816520242,0.04560012208959722
41.524585485458374,0.643629976483492,-0.0917350833537655,0.20410192966133384,0.38184774291930224,-0.9227681543873963,0.025381516613343234,0.04524392876732163
41.544591426849365,0.6436403030046589,-0.09198553382801378,0.20420942238297607,0.3813790532132046,-0.9229846279651712,0.025190108259039806,0.044887111246370535
41.5695903301239,0.6436623228487137,-0.09230388666125922,0.20437198891125039,0.38077372806527593,-0.923263234673429,0.024975534301853366,0.04441385146509411
41.5945770740509,0.6436876710545325,-0.09262003277389261,0.2044939302176605,0.38016099617160065,-0.9235458133730399,0.02477767360325335,0.04389549500612494
41.61958456039429,0.6437053946531818,-0.0929255382584617,0.20457485139121107,0.37953958185903225,-0.9238319418440404,0.024535144005808862,0.043385201850033764
41.64454412460327,0.6437102379582601,-0.09319725149776309,0.20462073970929331,0.3789133180728824,-0.9241225444149478,0.024148342106974034,0.04288447113552606
41.66455316543579,0.6436928670912436,-0.09338868829717772,0.20460815619265377,0.3784547686585857,-0.9243364170946287,0.023730416462983683,0.04255635612645635
41.684643030166626,0.6436420802930946,-0.09357415347668267,0.20453243182918662,0.3780996298353477,-0.9245018782215711,0.023243493074238425,0.042387346141835223
41.704888582229614,0.6435982748110108,-0.09380893402990424,0.2045421696772588,0.3777905151628411,-0.9246410371889114,0.022924934478824908,0.04228151343453001
41.7296576499939,0.6435449201477736,-0.09416964684317886,0.20456613161059828,0.37746747057399826,-0.9247774507594205,0.022808978098781792,0.04224601452716542
41.74978518486023,0.6435034535823805,-0.09452491227830787,0.20458938182414182,0.3772187135358927,-0.924870962265467,0.0230100823174235,0.04231171738642547
41.77458095550537,0.6434685357639419,-0.09505821715554297,0.20470990248760756,0.3769242393000309,-0.9249668283677115,0.023642712274168125,0.042491250909428346
41.79459857940674,0.6434414674421678,-0.09553476031049989,0.20481068928091978,0.37674471433707934,-0.9250102163228994,0.02438146336229921,0.04272076967631592
41.81462597846985,0.6434109598529573,-0.09604314431553838,0.20490354171412611,0.37658882144005384,-0.9250365378860148,0.02526402642169682,0.04301153462909334
41.83959460258484,0.6433697307422246,-0.09671020399582764,0.2049881135031515,0.37628400405344975,-0.925103937845292,0.026566232394552275,0.043442925465329046
41.85961413383484,0.6433305600672965,-0.09723839751883327,0.20499038744147607,0.3760425351472856,-0.9251528215866119,0.027644447541786063,0.04381840926469404
41.884612798690796,0.6432842266719278,-0.09787833022102793,0.20496300952947272,0.3757264016116737,-0.9252215257202494,0.0289453402419582,0.04423761695805315
41.90957689285278,0.6432255613025939,-0.09845533932383907,0.2048467275222247,0.3753797877391394,-0.9253114167236125,0.0300204895387809,0.04458214043568025
41.92963218688965,0.6431584121432332,-0.09884310586116636,0.20468065984226302,0.375066294324565,-0.9254101205380536,0.030546206217259363,0.04481420481450867
41.95458674430847,0.6430624284630517,-0.09925109278575592,0.20444472632001945,0.37464047415503615,-0.9255616185488721,0.03084727123811306,0.045040551188190094
41.97460627555847,0.6429877015357061,-0.0995493239240105,0.20429288423415923,0.37428257863160014,-0.9256959500789819,0.030936822128634862,0.045193720546956
41.999759674072266,0.642909474801993,-0.09988161648783736,0.2041853321840485,0.37376796261431516,-0.9259057367772557,0.03081315680141798,0.04523965178992282
42.02465081214905,0.6428449616656573,-0.10017160771538039,0.2041873400855853,0.373194023545022,-0.9261547252661968,0.030418519315618026,0.045148193098827664
42.04468393325806,0.6428011280452781,-0.10041109327366474,0.20428318203907062,0.3727191417977911,-0.926362404611148,0.03006624428953766,0.04504617203335837
42.06476545333862,0.642747643542972,-0.10066077121214939,0.20442377140724738,0.37225855621265685,-0.9265603465928011,0.02969228745474789,0.04503176116874784
42.08965039253235,0.6426858950768352,-0.10098427833170681,0.20463138482748,0.3717040516034537,-0.9267961427976309,0.029271354730633067,0.0450354916621973
42.11454463005066,0.6426117592516417,-0.10131674410578109,0.20477693697582486,0.37116910626942246,-0.9270192080537922,0.028906623539542153,0.04509201221930617
42.13460659980774,0.642535170031705,-0.10159390725158404,0.2048704703405749,0.37076281469136274,-0.9271830151478151,0.028647560423157897,0.04523172498794961
42.15960693359375,0.6423967556796959,-0.10195195446852516,0.20491927257129872,0.3703065245322664,-0.9273545730071037,0.028329521535815777,0.04565098050619688
42.17967224121094,0.642269522679672,-0.10225889878238344,0.20494419117252766,0.36996916855735923,-0.9274718881405278,0.02813712308979808,0.046119554749260584
42.20461320877075,0.6421064862654356,-0.10266602574285548,0.20491926253649023,0.3695672038720512,-0.9276022913537937,0.02806081347670814,0.046761754077651096
42.229679346084595,0.6419440966087911,-0.10309349909744335,0.20484518083167236,0.369174345723419,-0.9277226026009493,0.028142664295155724,0.04742431369406035
42.24973511695862,0.6418249969180666,-0.10343595902037064,0.20476351753905525,0.36886644071620245,-0.927816093869316,0.028275290335300175,0.047909840606617925
42.274537801742554,0.6417178046621699,-0.10387021538642963,0.20464129088489852,0.36848558879968546,-0.9279353497073337,0.028612136760760663,0.04832911379774039
42.294540882110596,0.641685417890906,-0.10423964220721409,0.20458808576436208,0.3681615717675706,-0.9280438842841027,0.029101962954372607,0.048421913104300246
42.31952977180481,0.641684554903792,-0.1047071570462636,0.20455669807596938,0.36771835551564414,-0.928202682241241,0.029829760603193593,0.04830297174539493
42.339680433273315,0.6416989859102586,-0.10505661597946966,0.20455338166654627,0.3673424069656966,-0.9283458280439861,0.030337087184802138,0.048096161375497444
42.36458349227905,0.6417138085756371,-0.10543511609554511,0.20449078076530836,0.3668568342127769,-0.9285413034589802,0.030765274652383413,0.04775572047050768
42.38459825515747,0.6417205550937571,-0.10568504851658163,0.20441442703826324,0.3664618681526866,-0.9287084477824433,0.030903667542420278,0.04744767159764689
42.4045991897583,0.6417214907759191,-0.10587935724320263,0.20431504619836627,0.36605927190067983,-0.9288874877888521,0.03081898763369608,0.04710450600503758
42.42468547821045,0.6416994736299342,-0.10601250792111913,0.20420157102834552,0.36565082733330845,-0.9290769744629915,0.030431798935507032,0.04679052902826529
42.44472026824951,0.6416413940144495,-0.10610273003650704,0.2041120575805976,0.3652510530569801,-0.9292659612360589,0.029742448736938022,0.04660287836479633
42.46969389915466,0.6415338874813534,-0.10621337740421911,0.2040572190747013,0.3647860176188809,-0.9294821484687955,0.02873179124132617,0.04656802765447776
42.494585275650024,0.6414505423430501,-0.10636746442390406,0.20414143755392683,0.36434701726431284,-0.9296788594989827,0.027923967546288855,0.046569531323611926
42.51465463638306,0.6414246317619456,-0.10652694383014155,0.20432443308123877,0.36401465219121953,-0.9298266335313231,0.027503057869752566,0.04646876772327697
42.53956580162048,0.6414060088039799,-0.10679559453133461,0.20457100687900148,0.36367884911949305,-0.9299672376339474,0.02733253769043712,0.046384954608083805
42.564615964889526,0.6413977681918096,-0.10710764936487042,0.20480369432613682,0.3637502574406242,-0.929937180991919,0.02744836458971211,0.04635921593446613
42.58959698677063,0.6413906457699313,-0.10743569006723702,0.20503987661929401,0.3644124775245425,-0.929667819611374,0.02768183318831168,0.04642205849381326
42.60963153839111,0.6413668651059358,-0.10768814645074,0.20515873216510028,0.36530146399531765,-0.9293075321891092,0.02784025284564934,0.04655396160383335
42.6345751285553,0.6413114722051093,-0.10795793156766188,0.20517309875144257,0.3667107825896462,-0.9287413971323116,0.027866679787549267,0.04675539907679024
42.65462017059326,0.6412507003161851,-0.10814799920987955,0.2050934040550635,0.36798264681897874,-0.9282289410853874,0.027817391437415614,0.04696804557568685
42.67466163635254,0.641188647073189,-0.10832672015530832,0.20497136463983257,0.3692371416873511,-0.927722003500768,0.027771310012102646,0.047165366099095316
42.69466590881348,0.6411093328837728,-0.10849447091522424,0.20481089307652783,0.37040583552642947,-0.9272457704842214,0.027672424994891004,0.04742399204974786
42.7196249961853,0.6410175030571053,-0.1086943394929996,0.20461671534441467,0.37169444173873806,-0.9267184086506632,0.027562545382946,0.04771309192006911
42.74465370178223,0.6409636922666558,-0.10887707196982589,0.20443796998555352,0.3728598873499594,-0.9262455486446953,0.02751804932182634,0.047827241012050214
42.76961016654968,0.6409587014260583,-0.10904783395801594,0.2043210053079646,0.3737826447253598,-0.9258784656632919,0.02755684418637264,0.04770976484523782
42.789687156677246,0.6409599175087102,-0.10916486320204581,0.2042189762888023,0.3743424125889205,-0.925661817547434,0.02753897528249422,0.047534855760661826
42.81468200683594,0.6409676268497263,-0.10927843985424616,0.20418534770902036,0.37472232436920666,-0.9255290494005871,0.027347040455481388,0.0472366141171967
42.839574575424194,0.6409703453659787,-0.10935996912152302,0.204153839715142,0.3747605950837244,-0.9255380132041539,0.027050767847045777,0.046926947966564624
42.86461544036865,0.6410083346353304,-0.10942271826391775,0.20418532803991815,0.3744967643477373,-0.9256747905373853,0.026821734555691132,0.04646450486197197
42.88959860801697,0.6410705418087087,-0.10947976534192995,0.20425688280392973,0.3742172607355562,-0.9258229556755824,0.02661800996083089,0.045877860209762505
42.90970802307129,0.6411030882119354,-0.10950116501617162,0.20432533422129662,0.3739859732190619,-0.9259468388947478,0.026298139639962328,0.04544613545374203
42.93464517593384,0.641132086950713,-0.10950696227299266,0.20440942193719178,0.3737047410074762,-0.9260989870685685,0.025813754187094053,0.044934205166299805
42.95960235595703,0.6411496893316653,-0.1095205360709182,0.20450907965984444,0.3734639211395828,-0.926226412136596,0.025392687235316416,0.04454822670571284
42.979604721069336,0.6411346872104735,-0.10953253244708279,0.20458276107688428,0.3733061333245979,-0.926305389066827,0.02501822543620735,0.04444035782999269
43.00465440750122,0.6410486272485867,-0.10955096113244062,0.20468553206485265,0.3731626676780277,-0.9263655103204238,0.024425237782399068,0.044721052083601616
43.02964448928833,0.640929807998925,-0.10959472956585618,0.2048110483516118,0.3730786540689063,-0.9263848345819551,0.023925707381227745,0.0452881514420116
43.0545768737793,0.6408636755957025,-0.10966703256571109,0.20498487464808762,0.3730199844067743,-0.9263930095650642,0.02375593813434668,0.045691776780782116
43.07959747314453,0.6408173061501332,-0.10975682241609647,0.20517895798392244,0.3729562416477094,-0.9264047852936964,0.02374970147864671,0.04597572490611242
43.10457921028137,0.6407839367254969,-0.10983703774326807,0.20534150067927476,0.372906873839438,-0.9264123266170264,0.023772373795917092,0.04621189002200899
43.124584436416626,0.640770178790652,-0.1098758600416676,0.20542092410791074,0.37290083741184715,-0.9264047451041958,0.023845285470780235,0.04637473522021438
43.14955711364746,0.640767084487256,-0.10990724919277516,0.2054812488071744,0.37291613547649216,-0.926386944056191,0.024020886049690444,0.0465164789825465
43.16960668563843,0.640762348626148,-0.10994554133044077,0.20552035716489328,0.3729145782862348,-0.9263796051024117,0.024149356225652428,0.046608509370589975
43.19459056854248,0.6407542800988538,-0.10999901396592192,0.20560059247851997,0.37289920700493356,-0.9263769871446415,0.024269026382723425,0.04672123138685336
43.21460199356079,0.6407497314087176,-0.11004928683535556,0.20568855791797364,0.37288078755257875,-0.9263773353769211,0.02438331651207597,0.04680175904862441
43.2395658493042,0.6407438092829655,-0.11011921222470734,0.2057921340056591,0.37285216570665797,-0.9263803414829632,0.024553909078315058,0.046881030179889455
43.259666442871094,0.6407344859654344,-0.11017480184050037,0.20587048590476908,0.37282532559248327,-0.9263844967484236,0.02466491258018946,0.04695405060767187
43.27967691421509,0.640719529255102,-0.11022499509439414,0.205934293488286,0.3727982472668922,-0.9263887886866422,0.024745572276122934,0.047041850337218735
43.304691791534424,0.6407057986846609,-0.11029219925526147,0.20601970066633662,0.37276674007139077,-0.9263925896306999,0.02490856003293631,0.04713057405708521
43.329654932022095,0.6406982356276519,-0.1103677566051961,0.20612493419941702,0.37273367566071175,-0.926396533946038,0.025146081280145897,0.047188383288727084
43.35458302497864,0.6406866695204704,-0.1104500406986273,0.2062305646698952,0.37269170396344814,-0.9264042558270029,0.02537688320075847,0.04724470744359661
43.37459135055542,0.6406702530929801,-0.11052153237443865,0.2063086352434083,0.37264518280206166,-0.9264166093100699,0.0255354836333517,0.047283959271966526
43.3995795249939,0.6406424594223527,-0.11061792337141751,0.20639704548268434,0.3725796076799491,-0.9264342818805849,0.025739993262987804,0.04734353223288902
43.41965389251709,0.6406223264687883,-0.11069771892393986,0.20647751408591147,0.3725265283875475,-0.9264485269352144,0.025913429218238335,0.04738783359924421
43.44457173347473,0.6406004164825653,-0.11079697103394692,0.20657672444273759,0.3724652110918531,-0.9264640010441499,0.026130983017553778,0.047447792595106494
43.46458148956299,0.6405831844861564,-0.11087541155909567,0.20665003997461917,0.3724210483116937,-0.9264735770036128,0.02630443298911397,0.04751158483654036
43.48958134651184,0.6405477137537219,-0.1109675347911834,0.20670099349281823,0.3723603664098261,-0.9264878791955404,0.026497223259651002,0.047601096525387215
43.50965189933777,0.6405101283155601,-0.11104728212219206,0.20673484408343645,0.3723010242338949,-0.9265033194493992,0.026649720672636823,0.047679542696562965
43.534584045410156,0.6404538986535904,-0.11114181426678103,0.20678875760844245,0.37221447895162896,-0.9265290914421256,0.02678480238538966,0.04777864304596146
43.5595428943634,0.6404059785327084,-0.11117705925090568,0.20687878486427597,0.3721537032467499,-0.926547787909924,0.026824682360282723,0.04786704811433506
43.58453631401062,0.6403887101859931,-0.11117477248940999,0.20696333777458997,0.3721489338148375,-0.9265427584552893,0.026924946936809694,0.047945125371846156
43.60954475402832,0.6403768532841868,-0.11115426555009367,0.20703775274880115,0.37216091549991515,-0.9265310111540365,0.027024125302724432,0.04802327556190985
43.629738092422485,0.6403699413876976,-0.11112761171116095,0.20709691837512623,0.3721747725303387,-0.9265215068648245,0.02704452962932596,0.04808772635567121
43.65469193458557,0.6403313407928266,-0.1111558306836025,0.20715470556698506,0.37212873246608663,-0.9265355145489832,0.0270422114488136,0.048175362505523255
43.67957282066345,0.6402652336537416,-0.11120926332272377,0.2071805215457435,0.3720449886700384,-0.9265647714154407,0.0270180705564661,0.04827291829533067
43.69957733154297,0.6402143513712688,-0.11125623261880395,0.20720130839226916,0.3719759058435456,-0.9265893821497643,0.02701208951163754,0.04833621188433514
43.719675064086914,0.6401820278040822,-0.1112935379244611,0.2072399487798588,0.37192641937911497,-0.9266063751116732,0.027041329020435458,0.048374897364678565
43.74459362030029,0.6401522105060959,-0.11131781211595503,0.20727224656389762,0.37188930174017226,-0.9266176014531744,0.027110269170597386,0.04840662386303752
43.76952600479126,0.6401121840226274,-0.11134461021322958,0.20726156775835988,0.37184948659025385,-0.9266292617973453,0.027161891264643905,0.04846031537652695
43.78955912590027,0.6400903862795146,-0.11136848063528494,0.20724764409272356,0.37182896121223796,-0.9266337608160657,0.0272067807055119,0.04850657690797542
43.80957627296448,0.6400752007942181,-0.11139064893696962,0.20723232476186887,0.3718156403387842,-0.9266355325752061,0.02724959974680064,0.04855078456792472
43.8345513343811,0.6400307126726631,-0.11143523167088536,0.2072021246718238,0.37176558618181793,-0.9266511804480245,0.02728183208895249,0.04861728440671367
43.85461711883545,0.6399919272610514,-0.11144798855833904,0.20716097823227062,0.3717303924196085,-0.9266638639374901,0.027258796476179858,0.04865754451950814
43.87955904006958,0.6399404827780936,-0.11133689799087527,0.2068940242343389,0.3717543752056957,-0.9266627673615357,0.026916126454444637,0.04868595524264666
43.89968490600586,0.6398460024696134,-0.11116658867630946,0.2064156948971901,0.37177836720181456,-0.9266683492322197,0.02630211065711376,0.048732075545588095
43.91976499557495,0.639692772215341,-0.11093351765954244,0.2057247177346021,0.3717880618299939,-0.926685887832378,0.025399198588924542,0.04880351507795713
43.94476008415222,0.6394805779060324,-0.11062299386973846,0.2047586909644289,0.37179580090923925,-0.9267105270547974,0.024216959457712055,0.04887760577880412
43.96959209442139,0.6392714334968245,-0.11029893949267676,0.2037459041790368,0.3718154118656286,-0.9267300596488658,0.023056321541539117,0.04891934258911159
43.994619369506836,0.6391176815818667,-0.11005295545481716,0.20285791080188842,0.37184015989082597,-0.926742360407024,0.022333867415808603,0.0488333009928249
44.01956129074097,0.6391006763159109,-0.1100072759022896,0.20222608751508625,0.3718791740737259,-0.9267396294538042,0.02272803736508377,0.04840429121042905
44.039583683013916,0.6391482807320745,-0.11007103975634565,0.2019653369141987,0.3719037894447204,-0.9267327451251889,0.023451697736417254,0.048000087319149974
44.05961561203003,0.6391735859011503,-0.1101450055816212,0.20189106261880924,0.37189189189343275,-0.9267365881347462,0.023941673502124502,0.047775655162790004
44.08457970619202,0.6391358358923072,-0.11020315551997809,0.20193444517048142,0.37181896872760245,-0.9267643037949328,0.02400576296410143,0.04777345549871153
44.109524965286255,0.6390896561928904,-0.11024108622228058,0.20198564541402075,0.3717508816115196,-0.9267900533732433,0.02393583829659292,0.04783884022955266
44.12952494621277,0.6390427712553296,-0.11023881819318192,0.2020200515291172,0.37170490887827085,-0.9268082392522475,0.02371249108239338,0.04795483433989751
44.149532079696655,0.6390052206641117,-0.11024737308656682,0.20206631304134437,0.3716613250881436,-0.9268249087909451,0.02356011119953627,0.04804548926374411
44.17451596260071,0.6389925320226657,-0.11028233011847074,0.20212060617200686,0.37162772716062736,-0.9268365229427166,0.023608949109459883,0.048057358092837836
44.19458508491516,0.6389910591331963,-0.11029234605479347,0.20213700600194248,0.37162021030986075,-0.9268389504314279,0.023631787213778347,0.04805744360128099
44.2195565700531,0.6390005733265324,-0.11031534642390409,0.20219794355653095,0.3716145557923259,-0.9268394140460651,0.023704303630182274,0.048056513433284015
44.2396821975708,0.639002130926892,-0.11033243215325972,0.20224607553918297,0.37160451620255636,-0.9268421483358887,0.023735472597907623,0.048066026947259546
44.259769916534424,0.6390004730985731,-0.11034444932936845,0.20228083325724,0.37159499129246687,-0.926844973912344,0.023752517994952514,0.048076758092272694
44.2797749042511,0.6390022891052932,-0.11034659437220337,0.20229007097273133,0.3715954108818766,-0.9268444837184985,0.02376596547217888,0.048076319506069276
44.30463910102844,0.6390017613045379,-0.11034510910428308,0.2022843704601887,0.3715960849936515,-0.9268443380480524,0.02376296830506612,0.048075398936659186
44.32464909553528,0.638994984703424,-0.11034549887393738,0.20227226089528438,0.3715894380386308,-0.926847294726818,0.02375054604913005,0.04807591245187081
44.349650144577026,0.6389801054766717,-0.11035213704891446,0.20225539279845461,0.37157216588110675,-0.9268544126998477,0.02374079291777778,0.04807700024764313
44.3746657371521,0.6389744936384774,-0.11034434810592436,0.2022300178000423,0.371572260424223,-0.9268550115322998,0.023712919459203386,0.048078480959692915
44.39962100982666,0.6389647660314187,-0.11033873307361644,0.20220292023059477,0.3715671349087187,-0.9268577371193668,0.023680425688790276,0.04808156441801053
44.419642210006714,0.6389493836949806,-0.11033838297232829,0.20217750205866056,0.37155324997778444,-0.92686386571177,0.023648483423574507,0.04808644404098415
44.43967652320862,0.6389413390921694,-0.11033104487349797,0.2021516866448933,0.37155044951145666,-0.9268657089638292,0.023614238016505744,0.04808938321221161
44.46465539932251,0.638935548038094,-0.11032069735778872,0.20211233511875562,0.3715519033485028,-0.9268661661896913,0.023587208180635748,0.04808260289518091
44.489580154418945,0.6389063742659548,-0.1103178973913212,0.20204387630679171,0.3715275236915993,-0.9268774606705898,0.023530257281472216,0.04808117129065816
44.514567613601685,0.6388807638829254,-0.11032518820498254,0.2019953612365359,0.37150094365491704,-0.9268889093163499,0.02351639928639577,0.04807262853711757
44.53951930999756,0.6388851370866061,-0.11032424572919305,0.20197946627064528,0.3715072614101818,-0.9268865147376787,0.023547882799695722,0.04805455995570636
44.55952858924866,0.638880576325187,-0.1103211085102519,0.20195286374394933,0.3715057281859455,-0.9268876893517699,0.02354382547199377,0.04804574419546028
44.57953977584839,0.6388696422511209,-0.11031954174512888,0.20191640132483454,0.37149737373733893,-0.9268918257463582,0.023535299031134375,0.048034720466256974
44.59954619407654,0.6388669832945699,-0.11031371568908704,0.2018879173788166,0.37149839894365255,-0.9268922875694229,0.023539523406752312,0.048015806400548554
44.62457799911499,0.6388644689891421,-0.11029272727953597,0.20181678364335937,0.3715106243529636,-0.9268891308915848,0.02352169384048772,0.047990883996325305
44.649524450302124,0.6388471501401857,-0.11026661483921403,0.20170044596543063,0.3715130009075994,-0.926891003831621,0.023463999943371183,0.0479645481504734
44.66955304145813,0.6388267916560533,-0.11026370927526018,0.20163942555820533,0.37149638824613274,-0.9268991238696724,0.023440557435714007,0.04794776279229317
44.68967294692993,0.6388226501365399,-0.11026470225939485,0.20162434491895664,0.3714903248946861,-0.926902330885202,0.02344948841851038,0.04792837366494574
44.714569091796875,0.6388255025627072,-0.11026686800291245,0.2016179735654732,0.3714924269299567,-0.926901496806267,0.023476036724169945,0.047915213155727984
44.734622955322266,0.6388241041189424,-0.11026982763926936,0.20160647263407214,0.37148978779954994,-0.9269027036298251,0.0234955968971945,0.047902739909058176
44.75462555885315,0.6388156429951197,-0.11028820788577058,0.20161293960192248,0.37146920955618773,-0.9269108772978838,0.02353929861466471,0.04788270375906397
44.77952194213867,0.63880654801254,-0.11030456757676022,0.20162555518644154,0.37144690299252153,-0.9269201119564844,0.023569847462053182,0.04786195355781815
44.799556255340576,0.638810744952114,-0.11030924564226952,0.2016235797708963,0.3714486770264914,-0.926919262538676,0.02360777117194,0.04784594246443873
44.82452154159546,0.6388126283003219,-0.1103125425756547,0.2016276216984847,0.3714476367578349,-0.9269196984577189,0.02362556807855369,0.047836788051036555
44.84455347061157,0.6388137338261137,-0.11031997046408269,0.20165267859434927,0.3714399694299532,-0.9269229212902748,0.023641157830733204,0.04782617225990092
44.86957502365112,0.6388187074341772,-0.1103284465455394,0.2016840695041992,0.37143713256364974,-0.9269236715959509,0.0236670368148668,0.0478208631912385
44.894561529159546,0.6388272860505866,-0.11034419250206873,0.20172475505323595,0.37143642383701503,-0.9269224800963795,0.023724237889663203,0.04782111955721469
44.914671182632446,0.6388349191311433,-0.11036239763214607,0.20176901894550853,0.3714323892354212,-0.9269227022289056,0.023784149144139757,0.047818391534575566
44.93951773643494,0.6388427605584832,-0.11037996646200166,0.20181566526638722,0.3714285574940983,-0.926922861061898,0.023839599837686878,0.047817463318772846
44.95952010154724,0.638846260370056,-0.11038836102944102,0.20183609405219305,0.3714277166360969,-0.9269223168040878,0.023865505900652798,0.04782162223425342
44.97954511642456,0.638840398639394,-0.1103882647731401,0.20186013122094565,0.37142107675764796,-0.9269245524158758,0.023817283647226194,0.047853890839855216
44.99959206581116,0.6388282955422138,-0.11038791778505082,0.20191392030661542,0.37140680423346356,-0.9269294546167337,0.023715650003447004,0.04792014062927871
45.024614334106445,0.6388299024131405,-0.11042262810302005,0.20204102215647185,0.3713859040222628,-0.9269341606845128,0.023735998053994366,0.047980980044851664
45.044666051864624,0.638835123798281,-0.11045292726471426,0.20214302578053783,0.3713714894778705,-0.9269368801030664,0.023774095820744932,0.048021135718010005
45.06966161727905,0.638836808996113,-0.11048471895561779,0.20226432347578213,0.37134736725379547,-0.9269437445647017,0.02377565840677461,0.04807437273009041
45.08967638015747,0.6388381575075395,-0.11049142072735371,0.2023727458777498,0.3713037571623461,-0.926964859995963,0.02365897801746553,0.048061637601983155
45.114680767059326,0.6388431201012996,-0.1104935373770706,0.20253183863656224,0.37121459629118414,-0.9270110888039825,0.023437863021123963,0.04796698147458129
45.13967418670654,0.6388765318901146,-0.11053149577019146,0.20266838541726248,0.3711272137948492,-0.9270570072512374,0.02349826300420788,0.04772555000191652
45.16456866264343,0.6389072972482339,-0.11057900046762151,0.20281701397719676,0.37107099591326254,-0.9270832471553463,0.02367366216381965,0.04756602312155177
45.184574365615845,0.6389260593374142,-0.11059934649005572,0.20293953401256506,0.37106473706677023,-0.9270832904242414,0.02383105787973755,0.04753539946269327
45.20957159996033,0.6389523447440961,-0.11062172893409482,0.20308466990683266,0.37107143903346124,-0.9270763690577752,0.024022077102452546,0.04752191999447548
45.229588747024536,0.6389748776636124,-0.11064869333155491,0.203202432135547,0.37106911766650696,-0.9270745411197953,0.024172351696034985,0.047499500367557734
45.24964714050293,0.6389926154542148,-0.11069434612127473,0.20332954971473172,0.37104456353654175,-0.9270822597467266,0.024328400151790622,0.04746097848683173
45.274609088897705,0.6390137082056803,-0.11074041491009895,0.20348023337305793,0.37102317031514426,-0.9270878254874008,0.024511292118221704,0.04742538857006658
45.294678926467896,0.6390349484833043,-0.11074819095477957,0.203589045676006,0.37103695100292927,-0.9270785165645017,0.0246600692856771,0.047422421889563714
45.319512128829956,0.6390644102875968,-0.11072752231847244,0.20370994544203874,0.37107424002517986,-0.9270593197872405,0.02483511209804399,0.04741458839268581
45.339606285095215,0.6390807862371227,-0.11072098401821508,0.20380690235706608,0.3710903340394227,-0.9270496375207176,0.02496730899829621,0.04740851228040115
45.364585876464844,0.639093480298754,-0.11074409190104635,0.20393085589087678,0.371084694542222,-0.927047821084755,0.02513130632126136,0.047401522560422765
45.384602069854736,0.6391031120459406,-0.11077257331039884,0.20401994472451324,0.3710765660244621,-0.9270476777364379,0.025256216218139328,0.04740157057857743
45.40465831756592,0.6391147086855389,-0.1107930193944932,0.2041029123329869,0.3710765490480956,-0.9270440531155144,0.02538114088725125,0.04740586479496282
45.4296555519104,0.6391275240627369,-0.11079815508011655,0.20420427048085632,0.37108468957934404,-0.9270367317264947,0.025527011325913417,0.04740699191446111
45.45455765724182,0.639138201480887,-0.11079257139545638,0.2043145728800117,0.3710945783644988,-0.9270287006853615,0.025678528849781074,0.047404801130266926
45.47957181930542,0.6391426728021804,-0.11080326443246091,0.20441555534591027,0.3710913176255456,-0.9270258166080351,0.025818698000365996,0.04741059120775836
45.499600887298584,0.6391366002283135,-0.11083100552044316,0.2044826427773626,0.37106829549424236,-0.9270322391292045,0.025911419997341,0.04741461808161033
45.51966619491577,0.6391140202763251,-0.11088779120151065,0.20455173627005818,0.37101304785671285,-0.9270512193148146,0.02600762008712127,0.04742318825548259
45.544522523880005,0.6390746953978065,-0.11097154956875163,0.20464504004200473,0.3709256182530291,-0.9270820293029373,0.026125484856405447,0.047440022219373434
45.56958866119385,0.6390493391375963,-0.11103357934213097,0.2047470332100185,0.37086325589102637,-0.9271030966117821,0.026217822885436507,0.04746492858774778
45.59451603889465,0.6390359528634134,-0.11106753855585925,0.2048536028437121,0.3708296747224455,-0.9271125886384762,0.026273264471081584,0.047511218752147956
45.619510650634766,0.6390202972029809,-0.1110837362628773,0.20493561341158995,0.3708025884743594,-0.9271209355267587,0.02628382917548899,0.04755388115138084
45.639522552490234,0.6390012124190118,-0.11110100674762752,0.20495940841909396,0.3707744457565816,-0.9271308269380919,0.026310058681363133,0.04756596395753649
45.65970706939697,0.6389740242386613,-0.11113468586135315,0.20497683376080506,0.37073274163840464,-0.9271452284568373,0.026356258495206578,0.04758473773300873
45.68462038040161,0.6389388901719301,-0.11119430685264656,0.20502163419770378,0.37066996806188074,-0.9271662931344472,0.02645472850006172,0.04760868610148723
45.70963382720947,0.6389208671745865,-0.1112359159824095,0.20509271455514091,0.3706293604485217,-0.9271788347524348,0.026563543934230584,0.04761999259069435
45.7297248840332,0.6389159535136846,-0.11124637699583058,0.20514990356205165,0.37061800761633473,-0.927180721047324,0.0266478784234556,0.047624505500286386
45.74978065490723,0.63891982975625,-0.11124805303294188,0.20520404805716852,0.37062040290678483,-0.9271769974504775,0.026760345525380456,0.047615294342081234
45.774595975875854,0.6389204638340586,-0.11125089380000645,0.20526507225763274,0.37062165215950504,-0.9271726612414857,0.026889031174433257,0.04761750937784887
45.799522399902344,0.6389216267178308,-0.11126821558994601,0.20532803967429458,0.37061617271667063,-0.9271702898216495,0.027060477851513685,0.04760920847203341
45.81959676742554,0.6389239550275185,-0.11130766104710742,0.20538601113096855,0.37060768768019303,-0.927167316254274,0.02723768059219299,0.047632113727505095
45.844571113586426,0.6388711621948465,-0.11151429093631263,0.20535482812342876,0.3705525834644214,-0.9271574718758623,0.027774165374761406,0.047941641297423246
45.86959648132324,0.6388404064489843,-0.11180079884905549,0.20545099681433374,0.3704960843501854,-0.9271345516162361,0.028648254362810623,0.04830581955110211
45.889705419540405,0.6388136774557674,-0.11202618293878198,0.20557783564264087,0.37044339235542784,-0.9271169934723219,0.02940983240161087,0.04858842694656637
45.91465163230896,0.6387822788632236,-0.11243095398021309,0.20578573568487651,0.370328770761889,-0.9271009793184753,0.03062042054275006,0.04901801238788798
45.93960523605347,0.638717972284447,-0.1129717785045605,0.20584510586605353,0.3702278690345511,-0.9270445826113456,0.03225039617281269,0.0497953691392306
45.96456789970398,0.6386071877451915,-0.11360305749325807,0.20575470393281098,0.37012425427369056,-0.9269592010476324,0.034199465409643276,0.050843608813479775
45.98460841178894,0.6384778971826078,-0.11421604826866426,0.20567953108225934,0.3699888072023428,-0.9268911552300453,0.035974873964339335,0.05183509761316213
46.00463795661926,0.6383166331363685,-0.1149026572903531,0.2055614477257982,0.36980500242213754,-0.9268307029390148,0.0378277410896742,0.052897734140606355
46.02965998649597,0.6381174458374164,-0.11572734398112634,0.20529721263522843,0.36957704987369144,-0.9267565631194082,0.04002299736638297,0.05415936302810234
46.05461287498474,0.6379032352970394,-0.11647020451531528,0.20487901002015468,0.3693255752701596,-0.9267067777509926,0.04195615319323357,0.05525259026462739
46.079636335372925,0.637722293739936,-0.11708882064371376,0.20452062052946177,0.36906906864973066,-0.926686519167287,0.04358618776864949,0.05603893285430856
46.104588747024536,0.6376144457205895,-0.11756935445552481,0.20421024352451594,0.36883123688838304,-0.9266977282608008,0.04481813164219388,0.05644620631849651
46.129560470581055,0.6375615548424338,-0.1179049247606793,0.2039315025004712,0.36863201764851655,-0.9267272900156764,0.04567430228315975,0.05657582182798187
46.15452027320862,0.6375234838393778,-0.11808563793306669,0.20369801062983295,0.3683802892702126,-0.9268282946590832,0.04601146213557012,0.056286943856039495
46.179521799087524,0.637536938663168,-0.11804964126819514,0.20355129404527736,0.36811031861563875,-0.9270023683074454,0.04567931932628296,0.05545089960470724
46.1995267868042,0.6375557556430337,-0.11793777598713961,0.20342879088984098,0.36792601087880833,-0.9271450918792871,0.04513430259050584,0.054729551913162054
46.22456097602844,0.6375733764450424,-0.11779788213401679,0.20343585275634304,0.3677429374142456,-0.927293091513549,0.0445059760081875,0.053961768992202085
46.24468231201172,0.6375026647336636,-0.11767968281720675,0.20351287377707084,0.3675452034265129,-0.9274344090328449,0.043825515655989425,0.05343467560992177
46.264758825302124,0.6373817952262395,-0.1175642267045296,0.20382972732331875,0.3671904175931114,-0.9276617386318546,0.04293436160965221,0.05264538440819964
46.28960919380188,0.6372619242827007,-0.11726434645295411,0.20438390398622985,0.3667036054529599,-0.9280079023613242,0.04130607830840455,0.05122115576163187
46.31458234786987,0.6372035580285382,-0.11671828092732044,0.2050189435166509,0.36624113929049934,-0.9283933897864813,0.03903730623380089,0.049287223638291626
46.33949041366577,0.6372156921919628,-0.11586210740642151,0.2057350920199323,0.36582978977522385,-0.9288055265131738,0.0360352009408183,0.04680088807671988
46.35956883430481,0.6372390699593521,-0.11499645703889436,0.20628537246697354,0.3654991966708931,-0.9291603772674055,0.03303203938548347,0.04449960587805835
46.38453960418701,0.6373804541020996,-0.11362655786402798,0.20698773019307934,0.36521523181975685,-0.9295684810538323,0.028680225073882758,0.041203375684632296
46.40455079078674,0.6375248404940019,-0.11228521074331886,0.20747697826713132,0.3650513617856319,-0.9298743515688909,0.024599857510952377,0.038288909141156666
46.429505825042725,0.6376976803866632,-0.11039269995594933,0.20808483107256504,0.36483450927532396,-0.9302465949106433,0.018914469105141617,0.034340884633337
46.449530839920044,0.6378610623076024,-0.1086196724898233,0.20850935619132832,0.3647179513514643,-0.9305032395674353,0.013761501470312137,0.030905633689306888
46.46953105926514,0.6381052796331581,-0.10663069483610926,0.20895654357053137,0.3647033463331659,-0.9306897016349548,0.008309541282614163,0.027186393059382336
46.4895544052124,0.638312386666002,-0.10441659599195675,0.20922165247583968,0.3647127841517022,-0.9308241512791576,0.00231445889044902,0.02335867614919171
46.50955510139465,0.638539599869116,-0.10208814985690723,0.20971144345250317,0.3646951251932939,-0.9309195161779013,-0.003869304513295674,0.019270405851178837
46.52960276603699,0.6386431757653858,-0.09958274936737388,0.20986845843856117,0.3646314292159087,-0.9309675586551488,-0.01055695616844865,0.015227482904390367
46.554585695266724,0.6388530317013673,-0.09627572607864797,0.21049523201850917,0.3645623342102892,-0.9309326032945687,-0.019065470427155836,0.009762194162105244
46.57958459854126,0.6389811193259771,-0.0927378166708918,0.21093033635513045,0.36451505476381435,-0.9307670169743867,-0.02797130192333196,0.004375068343294862
46.604493618011475,0.6390371469020348,-0.0891257607866548,0.2114711055854917,-0.36439257821623233,0.9305109402771916,0.03696463914905207,0.0010267653699786885
46.624523401260376,0.6390651111365009,-0.08616585764165269,0.21197102112536603,-0.36429100172738615,0.9302219675164171,0.04416279827941903,0.005366977837671715
46.64453411102295,0.6390200590917393,-0.08308409075707789,0.21233942112332133,-0.36418030353696884,0.9298498048828073,0.05157167759635949,0.009612957132436593
46.66953754425049,0.6388888139156398,-0.07927140207254754,0.21309764584022303,-0.36390608658626994,0.9293342091677398,0.06071156639134388,0.014979770443330095
46.689645290374756,0.6385907443222804,-0.07632037400137494,0.2136374549011945,-0.363478862882483,0.9289258965996409,0.06794479581310554,0.019060419359252203
46.71458148956299,0.6381641718623642,-0.07271381637050399,0.21446017745087587,-0.36287589607773696,0.928364861452866,0.07668496977430543,0.02406623102619657
46.73954153060913,0.6376826820010333,-0.06907254032074396,0.21523136967315232,-0.3622918051888054,0.9277024078514493,0.08532298884980907,0.028859624623728486
46.76455354690552,0.6371194733803034,-0.06537989053148185,0.21592850203096978,-0.36169729216928087,0.9269465350779222,0.09394787440743514,0.03345126064517518
46.78955006599426,0.6365193337590456,-0.061768127245375906,0.2169473979787308,-0.3610317753576778,0.9261381668568895,0.10235090074484193,0.03805845753257314
46.81449317932129,0.6357954485116951,-0.05824452758193156,0.21792179936979483,-0.36027324186567267,0.9252966082279204,0.11059665442196615,0.04239997674648966
46.834540367126465,0.6351540398416836,-0.055541364773544044,0.21877171133960044,-0.3595996673527472,0.9246177198881792,0.11695685533902282,0.04573013555377985
46.859514474868774,0.6342490982165845,-0.052199480613003495,0.21990016244952498,-0.35867452095212754,0.9237359071412453,0.12484715707039057,0.049776995180374574
46.8845431804657,0.6332536921852047,-0.04896694482974916,0.22108984507385365,-0.3576674457397982,0.9228407804279287,0.13251187105339382,0.05366093799939534
46.90455865859985,0.6324539065265223,-0.046495867788970566,0.2222652821612288,-0.35683255385392637,0.9221157766561019,0.13838096546682274,0.056777912505219484
46.92459774017334,0.631586283437416,-0.043907180305848656,0.22319724482931083,-0.3560486102921386,0.9213104449742276,0.14442614981427634,0.05964510323775959
46.94475245475769,0.6307646046921775,-0.04146876319420151,0.22458953228092646,-0.3552482748255608,0.920491802202886,0.1502158427997304,0.06267938961669392
46.969642162323,0.6295855016647011,-0.03839749071969347,0.22598743688601877,-0.35423735009440066,0.9194065628463721,0.15764700015789956,0.06599163078994302
46.98966836929321,0.6286961921699387,-0.0360881579694348,0.22756175934064737,-0.3534579041890448,0.9185080202372718,0.16334903045431967,0.06875769757437536
47.00973725318909,0.6277309374416754,-0.03378279679955877,0.22889849412930335,-0.3526837985304164,0.9175822916423952,0.16906632768935248,0.07122817672873796
47.03457975387573,0.6266902461859936,-0.030950483120310825,0.2311162777326782,-0.351866945171193,0.9163381901064778,0.17590170157731994,0.07464961909135702
47.05955696105957,0.6256222408146812,-0.028155291066239894,0.23316968118861497,-0.3510700116632079,0.915087303327969,0.18247398629185232,0.07789941287020435
47.07968831062317,0.6248682158275767,-0.0259884015889158,0.23506886613076283,-0.35052388899673864,0.9140600871107546,0.18741205992381604,0.08064663780231622
47.10466408729553,0.6239228068047888,-0.02338027325498604,0.2373478977317148,-0.34986365425650495,0.9127957867197967,0.19328089101878934,0.08391526883623825
47.12967491149902,0.6230757201093807,-0.02097886756481457,0.2399310286978341,-0.34925278537580506,0.9115668412628302,0.19860564412554335,0.08731657310504712
47.154730796813965,0.6222175329464007,-0.01869309369885884,0.24237012436031063,-0.3486505208066682,0.9103811219054222,0.20360417474580247,0.0905227443549545
47.17964816093445,0.6214595811499326,-0.01657959192943445,0.24507432355085457,-0.3481205227836504,0.9092129488728752,0.2081791465537577,0.09383686993344154
47.204601764678955,0.6207164389412395,-0.014470071409360685,0.24766504322202093,-0.34766333339042116,0.9080282297292244,0.21260847669579383,0.09701843261859877
47.22464179992676,0.6202334689133676,-0.012886515801503864,0.24995689796626774,-0.3473969068859357,0.907073081189968,0.21586583788008662,0.0996782549152056
47.24954962730408,0.6195521252038574,-0.01105872347484653,0.2526239114501713,-0.3469891104422511,0.9059601232739055,0.21972832460626845,0.10273400429143009
47.27454876899719,0.6189815486641945,-0.009267439633285551,0.2553607398927755,-0.3467335474058972,0.9048147084038803,0.22337215406913513,0.105787860106156
47.29455304145813,0.6185374316545105,-0.007970106361575413,0.2574733844563503,-0.34652716346714824,0.9039539298055199,0.22605687483309211,0.10809489862730629
47.31463289260864,0.6181761209452522,-0.006785976566036835,0.2596464012662366,-0.34640007605385204,0.9031253560706433,0.22844754969438513,0.11037796687199061
47.334636211395264,0.6179047428568741,-0.00568556455380078,0.2617639429202345,-0.3463665370853191,0.9023235919546486,0.2305874755211002,0.11256897228984
47.35464525222778,0.6176445413834745,-0.004766965201800033,0.2637363965192416,-0.3462976777442471,0.9016177597857677,0.23245706149446296,0.11457333105569245
47.37957143783569,0.6174179303053903,-0.003857623779412199,0.2662031337179076,-0.34625142427657757,0.900838794566648,0.23433691637050014,0.11698558465091674
47.40454149246216,0.6172959198556898,-0.003205651015154347,0.2686046301712422,-0.34624115935571165,0.9001867994199755,0.23570913279829367,0.11925598699228794
47.42460489273071,0.6172399377019332,-0.0028627494093768913,0.2704065793285436,-0.34622746703385016,0.8997666501888988,0.23649059541608222,0.12090787633118082
47.44463229179382,0.6171363734731894,-0.002605245427681757,0.27190512726445915,-0.3461415586707792,0.8994416465169727,0.23714089078683953,0.1222904075904412
47.46963381767273,0.6169326580588452,-0.002296126442150548,0.2732702467666175,-0.34597977843218525,0.8991122637741054,0.23796038035136816,0.12357179059172484
47.49463486671448,0.6167265686791129,-0.0022381183656221826,0.2745258788574636,-0.3457385386357274,0.8989192314389128,0.2384757211400446,0.12465315350220214
47.51964211463928,0.6164224516339337,-0.0025160699622618216,0.27557005164201054,-0.3452745633915235,0.8989476684304478,0.23862616625193175,0.1254436848875294
47.54454064369202,0.6160891227354093,-0.002870800403156612,0.27635121051259515,-0.34474913410512914,0.8990666612072097,0.23864020990938684,0.12600802932306748
47.564563512802124,0.6157491510772355,-0.003186745696571798,0.2767479269641022,-0.3442423787265838,0.8992218520324784,0.23865310944111423,0.12626139105064352
47.58953785896301,0.6152337768610465,-0.003595002305073862,0.27707941459732566,-0.3435184185315696,0.8994502158326065,0.2387508467853574,0.12642166953301917
47.614508867263794,0.6146154672814513,-0.004081987333012703,0.27720187441541316,-0.3426599387760863,0.8997615820558986,0.23883388886851994,0.12637893551612267
47.639504194259644,0.6139508726846132,-0.004602499075986165,0.2772030580328679,-0.34174147116027526,0.9001141408762245,0.23890334263540586,0.12622398013647376
47.6645028591156,0.6132461512481918,-0.005150577401219242,0.27711235487040153,-0.34077356733090525,0.9004974708087599,0.23897103508024578,0.12597827300083175
47.68461203575134,0.6126329147066464,-0.005634767044891978,0.2769461355691494,-0.33992731862611514,0.9008511126098993,0.23899279981113458,0.12569460051887285
47.7095730304718,0.611810031218664,-0.006296610060457619,0.2766463403603959,-0.33879942312332456,0.9013345464538274,0.23901906337042977,0.12522329498017856
47.72958564758301,0.61111991475833,-0.00686685598567667,0.276342813944532,-0.33785425191371543,0.9017508373775217,0.23902527749323982,0.12476717706212774
47.74965953826904,0.6104526900676747,-0.007429078748389925,0.27602736251113924,-0.33693560403565964,0.9021635279870553,0.2390048403043348,0.12430629032421402
47.77457356452942,0.6096666040349973,-0.008078206718094352,0.2756456338986778,-0.3358577757827575,0.9026447941294545,0.23898803159976026,0.12376045745443419
47.79458212852478,0.609060865142638,-0.008570937078948189,0.2753666202813437,-0.3350440758066912,0.9029960103651145,0.23902871553345295,0.12332455425406826
47.81951069831848,0.6083100631558965,-0.00915379345998573,0.2750512029891041,-0.3340864610193046,0.9033742215393867,0.2392446317916443,0.12273246750792416
47.84453320503235,0.6076046053302897,-0.009668178642323506,0.2747912163724548,-0.33324467443349837,0.9036641897560092,0.23963675269833526,0.12211980130399469
47.869516134262085,0.6069472541864886,-0.010097504762308827,0.27459333142190134,-0.33253828913637135,0.9038449610280411,0.2402632203841659,0.12147492586170522
47.88958263397217,0.6064536300330804,-0.01039487725147329,0.27446890346448277,-0.332050514180277,0.9039323280596447,0.24087487098852434,0.12094667770364945
47.90963578224182,0.6060190009137805,-0.010649320237919216,0.2743760703551016,-0.33163951665384017,0.9039889854305563,0.24147003200314138,0.12046314315278656
47.934561252593994,0.605530573232887,-0.010957283316297549,0.2742870524635501,-0.3311832421947513,0.9040479561571829,0.24215793945361974,0.11989364210406192
47.9545693397522,0.6052045027265163,-0.01114914786411391,0.274244899767613,-0.3308969414397612,0.90406176188343,0.2426908018132645,0.11950196467539488
47.974610567092896,0.6049098825582758,-0.011310388056976706,0.27421848498819157,-0.3306578168118901,0.9040506893398976,0.2432410452766812,0.11912830552795949
47.99956202507019,0.6045994408868332,-0.011491672887299548,0.2742309413066224,-0.330424909788501,0.9040171582376583,0.24388455630380984,0.11871259326488874
48.02453088760376,0.6043494398767433,-0.011675330243989979,0.27427647592511756,-0.3302310233206336,0.9039944296198944,0.24439515963165417,0.11837461045948383
48.04461216926575,0.6041813364018058,-0.011834100107372368,0.274336593359314,-0.3300918667073837,0.9039886915162684,0.24471353929157322,0.11814858793792225
48.06462574005127,0.604044151017106,-0.011955471354599137,0.2743864274592892,-0.3299860927161955,0.9039746277421858,0.2450003850882095,0.11795703590248262
48.089621782302856,0.6039208991746599,-0.012089652617152107,0.27443725135547475,-0.32987742212729987,0.9039781152936823,0.2452143613429019,0.11778951749592868
48.11450266838074,0.6038785274445975,-0.012194857076030408,0.2745066741034269,-0.3298392235252745,0.9039860038280345,0.24527617308300834,0.11770722333409493
48.14450550079346,0.6039077079740934,-0.0123089232768447,0.27464885776192954,-0.3298549623883572,0.9039993589122748,0.24519836454249067,0.11772266094369531
48.169498443603516,0.6039319221548503,-0.012427738277937597,0.27475809258427086,-0.32983646234676284,0.9040489317921115,0.2450177504437245,0.11776985607365537
48.194677114486694,0.6039284180425772,-0.01259532714080596,0.27486240268361223,-0.3297653039252877,0.9041265464258776,0.2448105032853425,0.11780428623890986
48.21958518028259,0.6039351228133425,-0.012736125126055098,0.2749617953107384,-0.3297146880225916,0.9041890331550998,0.24462851232727656,0.1178444219331276
48.24461221694946,0.6039598944346427,-0.012843210343330774,0.2750543124988415,-0.3296982125986721,0.9042339169153619,0.24446397305901096,0.11788756501579052
48.2695517539978,0.6040076565434389,-0.01293295781931321,0.2751733544268507,-0.3297169235588314,0.9042669629589017,0.24428539677433203,0.11795191792756926
48.29452872276306,0.6040396783620819,-0.013055423669800066,0.2753043587461933,-0.3297036207640809,0.9043138167819396,0.24409738956828314,0.11801909861669109
48.31952881813049,0.6040417921295949,-0.01324945877336623,0.2754391346106472,-0.32963436496970383,0.9043932005503188,0.24387923031995115,0.11805526353333318
48.33960270881653,0.6040331951434855,-0.013408481628664037,0.2755256452528301,-0.3295698291781518,0.9044596632295656,0.243718641858036,0.11805790484767163
48.36452913284302,0.6040203226295437,-0.013612971684596221,0.27559320772706797,-0.329476148042571,0.9045619151662205,0.24347198820415722,0.11804490866515323
48.3845694065094,0.6039944548274967,-0.013776604167762177,0.27562247834024867,-0.32938429012404086,0.9046497470866078,0.24328409195919576,0.11801557149467386
48.409502029418945,0.6039209895957153,-0.013984045875906098,0.27560609637577815,-0.32922619405249565,0.904771381042653,0.24308722722476248,0.11792989933025946
48.42955207824707,0.6038618939109275,-0.014160325137641872,0.27556947349756844,-0.32910690011943416,0.9048672481447151,0.24294852022015226,0.11781310645096076
48.44958257675171,0.603807153390948,-0.014319141061172817,0.2755362251451585,-0.32902286363276084,0.9049296632819154,0.24290771461153252,0.11765246236937722
48.47459530830383,0.6036898365771974,-0.014503861107628621,0.27548779754165464,-0.32891513496922026,0.904963818029468,0.24307066318977136,0.11735405720376574
48.49957060813904,0.603434092116209,-0.014728787276507109,0.27537094605190093,-0.3286615519176393,0.9050256561545147,0.24337914181438516,0.11694759220644349
48.524484395980835,0.6030820755877558,-0.015088994005400001,0.2752749826775512,-0.3282297630002103,0.9051898558989078,0.24353516897865704,0.11656401215247826
48.54450726509094,0.602923644314395,-0.015488547347136339,0.2755289863836666,-0.3279697411024698,0.9053211614212642,0.24342991841414197,0.11649600175509285
48.564579486846924,0.6028866567479596,-0.016053631034548224,0.2760443333457768,-0.32778112944222265,0.9054935283445261,0.24300372567176093,0.116576972929478
48.58459711074829,0.6029330664565857,-0.016855207295302682,0.27687008271831504,-0.3275869312734543,0.9057352942949947,0.24223929596745422,0.11683536543517747
48.60948133468628,0.603008112262178,-0.018302081753443257,0.27824733657108564,-0.3271738634818623,0.906229337771507,0.24070985580918713,0.11732184678433015
48.62952756881714,0.6030804070169452,-0.019799861249234947,0.2796111019351312,-0.3267198346144889,0.9067731219966276,0.2390289813740376,0.11782105481309717
48.64953684806824,0.603124452152478,-0.02142033638191973,0.2810539497226049,-0.3262232842412449,0.9073473221242321,0.2373020014352698,0.118266503996888
48.67447805404663,0.6031373356659722,-0.023565563503098692,0.28292833901055936,-0.32554385890111315,0.908094109359198,0.235117686146663,0.118768506515569
48.694514751434326,0.6031330733306907,-0.02531591549056389,0.284415477328409,-0.3249915572249126,0.9087048047611135,0.23334563278678971,0.1191044969593277
48.71953082084656,0.6030959715557868,-0.027380312109450453,0.28617682383969056,-0.3243684462491852,0.9094008126665009,0.23135479374604,0.11937433731806728
48.744529247283936,0.6029743865080935,-0.02939388001580575,0.28781785573423757,-0.3236960482265916,0.9100589003918134,0.22963347824593722,0.11950787358498324
48.76952600479126,0.6028695538416361,-0.0314758886361419,0.2895574327077408,-0.32301046805606876,0.9107397727379712,0.22778864234910917,0.11970646722773935
48.78958201408386,0.6028764313021208,-0.03311505127459506,0.29107386741375707,-0.32256385719132813,0.9112798738779143,0.22610276879091856,0.11999619762300721
48.80961346626282,0.6029196993389924,-0.03467493472530782,0.29268153287980025,-0.32219282362150253,0.9117906931172509,0.22435762060115996,0.1203876008140228
48.83448839187622,0.6030077324667333,-0.03661431229240169,0.29488240167044594,-0.32177495204029377,0.9123898915733004,0.22216177396795336,0.12103599539695137
48.85451102256775,0.6030614315496885,-0.03819426351552264,0.29674918023295915,-0.32143370123051707,0.912853433763011,0.2204424603439112,0.12158990853625389
48.87948560714722,0.6030565815418925,-0.04005622477913872,0.29894560507390694,-0.32096569762808047,0.9134222596545772,0.2184031474576142,0.1222328175829123
48.89962339401245,0.6030322755645742,-0.04152518866714877,0.30064533759294243,-0.3205239842540363,0.9138952394399121,0.21673610036198462,0.12282234994851306
48.92458653450012,0.6029987719701706,-0.043456044782294014,0.30266816024340826,-0.31981091162766934,0.9146127569308176,0.21425311749131623,0.1236935216919265
48.94951152801514,0.6030836058615384,-0.04513288945981607,0.3045384406159907,-0.3192813724794149,0.9152474962787421,0.211785471105809,0.12461276006757674
48.97457408905029,0.6031944320727963,-0.04635590998729648,0.3061312200667132,-0.31893307482299654,0.9156918482292322,0.20985776210873203,0.12549841653667845
48.999518156051636,0.603295217672308,-0.04721616473497013,0.3074020469761072,-0.31852216765938274,0.9159913781328936,0.2085358610249386,0.1265551996654357
49.01957821846008,0.6034139890602966,-0.04777327768433061,0.30829963556431966,-0.3180847065798441,0.9161650529794059,0.20775470634995122,0.12767809964402566
49.04455018043518,0.6036497997455391,-0.04820811259065378,0.3092762770220563,-0.31737180057627695,0.9162359079784694,0.20733684263210359,0.12960839022686754
49.06953144073486,0.6039550152356359,-0.04835137914214993,0.31005305257716004,-0.31647358694890326,0.9161592757474217,0.20750886867039767,0.13204817169802543
49.08955669403076,0.6042481097855105,-0.048356448742945674,0.31059560260179386,-0.31563134121187025,0.9160481632836946,0.20782875593616196,0.1343124238311265
49.1145498752594,0.6047482825231251,-0.048258961212186195,0.31118280216865346,-0.3143891932029658,0.9159069270906407,0.2081150430749383,0.1377028138800761
49.139554262161255,0.6053918670478741,-0.04815508307367378,0.31164751887426845,-0.31280797402308197,0.9158492738417948,0.20801512216555776,0.14177795294575124
49.159629106521606,0.6059690119782947,-0.04810858544606322,0.31192979242452457,-0.3113273018218517,0.9158613092681264,0.20771773861066017,0.14535031610724242
49.17963218688965,0.6065942009045332,-0.048077302928124684,0.31214980250668684,-0.3096897603693638,0.915909777271629,0.207252261231138,0.1491577434636775
49.20454931259155,0.607405185543783,-0.048058965588236656,0.3123787365727625,-0.30743661543055295,0.9159922683047887,0.20656418969817794,0.15418212423233107
49.224645376205444,0.6080135344700248,-0.048111640303980185,0.3125336814576694,-0.3054870572291201,0.9160962832693053,0.20592850786804062,0.15823623887371735
49.24959635734558,0.6087809187471069,-0.0482296342199283,0.3127241889774089,-0.3029590399497311,0.9162597328406407,0.20493449755287396,0.1633578091193826
49.26962089538574,0.6094172060622252,-0.04835437112494279,0.3128738683823294,-0.30084933636019895,0.9164194095225089,0.20393598973911828,0.16755672099669675
49.294705390930176,0.6102147122463237,-0.048558681440326365,0.3130632438140325,-0.2981088051932568,0.9166635320283556,0.20242133185941832,0.17287195759812662
49.31966543197632,0.6111076336083324,-0.048759842090628155,0.3132900423663204,-0.2954230710618637,0.916911140819887,0.20058548808197707,0.17822634736666573
49.34457349777222,0.612081345669655,-0.048951873402558,0.31353248432421393,-0.2927920786181134,0.9171524376592285,0.19850481784396787,0.18357571213795174
49.36954379081726,0.6130512434515611,-0.049154796911316266,0.31377708785960445,-0.29012540124856717,0.9173865425203863,0.19634387204740275,0.18888691606958366
49.39454174041748,0.6140211225077313,-0.049388549590415644,0.31403282409514366,-0.2874171996607613,0.917622353831243,0.19406400586438183,0.19416418494729187
49.41456151008606,0.6148025925053312,-0.04955951421456603,0.31423864518208394,-0.2851981332121509,0.917774025862831,0.19230454292955937,0.19842334800241632
49.43955588340759,0.6157905922519177,-0.04975696236066719,0.31447645182338196,-0.28231373207353255,0.9179169034619643,0.1902029425552728,0.20383904352412852
49.46452879905701,0.6168193310762841,-0.049969045791815346,0.314732931496327,-0.27924663199605937,0.9180309653309077,0.18803706726495348,0.20948156612660274
49.48461556434631,0.6176772874236452,-0.05008589818657142,0.31494858501042905,-0.2766683053194405,0.918051466706021,0.18642909596747156,0.21419697824045858
49.50462365150452,0.6185512185642269,-0.05006654607280538,0.315098411393598,-0.27397504301231823,0.9179656562156957,0.18516034580112903,0.21907162335111185
49.52947998046875,0.6196652901021982,-0.0497841117812122,0.31511338057129723,-0.2704389946578999,0.9176919895526408,0.18415792094467737,0.22536641860018378
49.54951882362366,0.6206013116683988,-0.04932664599884212,0.31500901022323935,-0.2674209717400453,0.9173087392416726,0.18387925033500224,0.23069270053623242
49.57447957992554,0.6218402544618967,-0.048430375081080786,0.31474695519183843,-0.2634363215803598,0.9165768068151646,0.18433270328987902,0.2377177237367271
49.594486951828,0.6228373525080421,-0.047505264305669606,0.31444631333727974,-0.26014254167148926,0.9158126737332234,0.1853231358198107,0.24345089848306328
49.6144905090332,0.6237993561537019,-0.0464450959315076,0.3140273455286684,-0.2567316563442402,0.9149369483495225,0.18677616958128754,0.24918647566059474
49.639514446258545,0.6249330845596788,-0.04508161024129434,0.3134358726323664,-0.25224641343989257,0.9137692991548364,0.18887089956370143,0.25636926127519244
49.664475202560425,0.6259807789917082,-0.04371174058023627,0.3127636018392208,-0.24762416670309012,0.9125764621558601,0.191086906018963,0.2633861559228106
49.68451952934265,0.6268245723323917,-0.0425192566323531,0.31220338991488633,-0.24411481665007942,0.9115599222996124,0.19301090488694586,0.26872524061528874
49.704530477523804,0.6276746993389644,-0.04122390282886994,0.3115905613449344,-0.24077924257958017,0.910492049019396,0.19508963847539573,0.27380580339869254
49.724538803100586,0.6285063840650085,-0.03992801486913771,0.3109921288049617,-0.23752076039299094,0.9094229685470001,0.19712926159790625,0.27870020969379117
49.744556188583374,0.629324290933971,-0.03866372712656065,0.31040173188800213,-0.23433121355311992,0.9083953721603543,0.19898124079185675,0.28339582919532635
49.769513845443726,0.6302968627836749,-0.03717836702151311,0.30971321983910466,-0.23057664794957847,0.9072132266833097,0.20095844862536774,0.2888152916264661
49.789551973342896,0.6309885512003476,-0.03611734676460721,0.3091903803680997,-0.22785380214549322,0.9063968543701797,0.20224297579677286,0.292617781374531
49.814489126205444,0.6317532228014479,-0.03496296205393303,0.3085420278780281,-0.22478225646026556,0.905578248506261,0.20336823532470458,0.29671928463428454
49.83452558517456,0.6323155845778149,-0.034259761112816645,0.3080756916889712,-0.22254874275797895,0.9051619676451084,0.2035323488903114,0.2995470787386676
49.85454225540161,0.6328247174753181,-0.03378356004410021,0.3076986382235203,-0.22056333310819598,0.9049764183892735,0.20298485894170368,0.30193814811636677
49.87952136993408,0.6333639880678539,-0.03347764760400834,0.30737437033338794,-0.2184779045151935,0.9050103199859201,0.2015427569093279,0.304309452851898
49.89964008331299,0.633721880462349,-0.03342346963596758,0.30715492670538913,-0.2171557903517991,0.9052534160436141,0.1998281911562425,0.3056604480093508
49.9247043132782,0.634095825584302,-0.0334252331688366,0.3068308037937419,-0.2159530765639498,0.9057750502496021,0.19719246816604194,0.3066772857035229
49.94958472251892,0.6344317392188006,-0.033440412687576616,0.3064720595714275,-0.21484764519683805,0.9063721519693392,0.19438252149702934,0.30748243335888215
49.96965193748474,0.6347051811842341,-0.0334696466399905,0.3061140393483341,-0.21389707862248392,0.9068873638887306,0.1920078769053015,0.30811738701676056
49.994574308395386,0.6350675166996078,-0.033440269350891234,0.3055079897098954,-0.2126468823589873,0.9075845435199925,0.18886905909924603,0.308869030984939
50.014692544937134,0.6353671040770414,-0.03333283596917802,0.3048949260183379,-0.21159095960789184,0.9081658333914804,0.18630125342741455,0.30944454728423393
50.039602518081665,0.6357533276656362,-0.03315967781415975,0.30400252377497816,-0.21016562889167725,0.9089331100914505,0.18295285020909063,0.31016006256837647
50.059614181518555,0.6360749875771825,-0.03298620983157546,0.3032002701876759,-0.20896281594291913,0.9095756704807203,0.18015392635088545,0.310726896233835
50.084569692611694,0.6364758527942669,-0.0327062608995234,0.30202186294781547,-0.2074059972066831,0.9104156935396687,0.1765904136097819,0.3113548507740168
50.10467457771301,0.6367926298133864,-0.03247392283486341,0.3009663562529023,-0.20613250416062584,0.9111227751245176,0.17364934261405632,0.3117861209027306
50.12468504905701,0.6371115678793491,-0.032325514625355864,0.29995359651680087,-0.20482068265203435,0.9118527376427932,0.17051849725005494,0.31224431925478124
50.14964962005615,0.6374992085434641,-0.032289767653887864,0.29883390592475456,-0.2031643553819084,0.9127577303272782,0.16645731997739804,0.31287302705090064
50.174469232559204,0.6378574287226604,-0.032423765856356236,0.29785333242975165,-0.20153807574816665,0.9136424485401262,0.16235067818415433,0.31349982064185217
50.19447898864746,0.6381175456428817,-0.03263953944105345,0.29720139390017847,-0.20034179707284136,0.9142995605938148,0.1591969353417148,0.31396785443956987
50.21448636054993,0.6383461335631535,-0.03293630687277314,0.2966670992213722,-0.19926212951304398,0.9149008249147275,0.15623931189050916,0.3143888702423442
50.239548444747925,0.6385822884276566,-0.03337644933703331,0.2961826870296607,-0.19811461600495,0.9155435141045586,0.15297359155132578,0.3148487779778965
50.25959324836731,0.6387340698011638,-0.03370908425397227,0.29587661703556556,-0.19738458588912833,0.9159639781452046,0.15081294846295515,0.31512659451353614
50.28451728820801,0.6388540177864256,-0.03403077295371226,0.2954854151170322,-0.19670873012589166,0.9163839351798009,0.14880154547882107,0.31528440954122
50.309550523757935,0.638860182066912,-0.03430497901849699,0.295055908413241,-0.19618178546360493,0.916738597406252,0.14741020169027394,0.3152352827897929
50.3295521736145,0.638756483548272,-0.03455684519140229,0.29469575379244706,-0.19572995923370817,0.9170254183782016,0.14651963689199848,0.3150970661743659
50.3496310710907,0.6385757267096499,-0.03486419528750169,0.2943278363625354,-0.1952489944303399,0.9173263549000975,0.14572891678588273,0.3148861248007823
50.37456965446472,0.6382582164106612,-0.03532753913845122,0.29381365400330195,-0.1945595633116492,0.9177501212170219,0.1447395238456064,0.31453419777039876
50.3996148109436,0.6378288359866152,-0.03583555417458808,0.29320955775416463,-0.19371838737645694,0.918232787452189,0.14374411933905434,0.3141008796477454
50.42447757720947,0.6373007789694426,-0.036385125418934,0.29253408408918247,-0.19273533697491912,0.9187723265651841,0.1426965633389182,0.31360515402401323
50.4494788646698,0.6366504097013765,-0.03702913914393706,0.29173700360298416,-0.19157635766739944,0.9194010643599474,0.1415401775290117,0.3129961025024823
50.46949553489685,0.636030537299996,-0.037638526729538435,0.2910473888684428,-0.19048793312991494,0.919967312813325,0.14052080008320936,0.3124554295109913
50.49450969696045,0.6351008322895664,-0.03848637319782984,0.29011194239419985,-0.18896727239262662,0.9207357284288611,0.1392942812073224,0.31166358719298665
50.51452088356018,0.6342661209258569,-0.03919518155642939,0.28933062095909384,-0.18771307186988725,0.9213638425187326,0.13845187454513805,0.3109397864269297
50.53949570655823,0.6330909274771948,-0.040080133436738635,0.28825369866019096,-0.18614217826243787,0.9221588118637808,0.13772198489715815,0.30984975399325704
50.55959391593933,0.6320160744908575,-0.040800419418909696,0.28732856734404405,-0.18483573891573155,0.9228075678211234,0.13740260190140322,0.30884052095258363
50.58456110954285,0.6306188472397649,-0.0417030554446188,0.286157964082944,-0.18317118122125187,0.9236218548124019,0.13707831686546296,0.30753946531825943
50.604594469070435,0.6295727493673839,-0.04239251676374654,0.2852848958340933,-0.1819198008772303,0.9242335276589531,0.13679998207680544,0.30656701926929647
50.62950563430786,0.6284029087696442,-0.04319233527620373,0.28430480124872326,-0.18049997162820944,0.9249307739780471,0.13639882744912243,0.30548025052544725
50.654502391815186,0.6274787258259137,-0.04384244806757296,0.28352360869227894,-0.17933750556452588,0.9254882922307167,0.1360227325513826,0.3046428995906838
50.67454123497009,0.6270341111608754,-0.04421799325305508,0.2831785939961061,-0.1787670883080583,0.9257729352614659,0.1357236338108582,0.3042464390924001
50.69459009170532,0.6267135492508304,-0.044534224735200634,0.28294428521933657,-0.17835876858911642,0.9259887073274548,0.13544371572088224,0.3039540482394068
50.71949577331543,0.6263928521804982,-0.04484199149519697,0.28270455976426245,-0.17795447256975108,0.9262020039433962,0.13518055057429562,0.3036581504423845
50.739503622055054,0.6262444365850147,-0.044994627180517464,0.28254594818300877,-0.17776058125254926,0.9263197563445377,0.1350079384350595,0.30348927710558055
50.76448583602905,0.6262176925666543,-0.04509162156452791,0.28241402349961864,-0.17770792538040378,0.9263980899567175,0.1347924910199783,0.30337675676651027
50.78452205657959,0.6262080540358439,-0.04515771200846566,0.28230924579231526,-0.17767320656875996,0.9264609667337125,0.1345871748519144,0.30329622673516626
50.80951452255249,0.6261931925090547,-0.04525931552056628,0.2821723797743049,-0.1775957688759427,0.9265521007474448,0.13426869528112706,0.3032043287048582
50.829527854919434,0.6261905760009226,-0.045337747265355596,0.2820927525505494,-0.1775441813082827,0.9266135677160938,0.13402496534321415,0.3031545290322652
50.84954023361206,0.6261978580553853,-0.04532629781812046,0.2820193614669429,-0.17755779599397759,0.9266403466086837,0.13393463102476094,0.30310462175783626
50.874529123306274,0.6261998965510511,-0.04526323719719146,0.28197335995428563,-0.1775967806477548,0.9266409342626434,0.13395967416213017,0.30306891650379586
50.89456224441528,0.6261978986091304,-0.04523415719757022,0.2819669190497991,-0.17761923288291,0.9266347391422618,0.13399927968237382,0.3030571915817949
50.91461420059204,0.6261868145290432,-0.04522281501717269,0.28196053983883096,-0.17762413807603916,0.9266351468847361,0.13402248058734165,0.303042810223021
50.93959140777588,0.6261702658716882,-0.045219461806959085,0.2819563106680363,-0.17763646865920474,0.9266307634340918,0.13409077582343493,0.3030187735090158
50.96454191207886,0.6261666042656563,-0.045235342519752676,0.28197639832069465,-0.17764311780027714,0.9266280138719283,0.13409642022924617,0.30302078590034803
50.989577770233154,0.6261632353181538,-0.04527881042914103,0.28201124333992245,-0.17763772293517235,0.9266321156605004,0.13404890661773555,0.30303242772274885
51.01451349258423,0.6261590373184815,-0.04534171689982838,0.2820751264533407,-0.17764555537698326,0.9266300991842705,0.1340126645521636,0.30305003164524064
51.03451585769653,0.6261614606055067,-0.045405299276819897,0.28215597050835495,-0.1776484613180716,0.9266245746548396,0.1339574135553717,0.303089645469145
51.05955171585083,0.6262358440252423,-0.045520273507900846,0.2824438167048674,-0.17751275185484222,0.9265546815569651,0.13379875823724627,0.3034526936904053
51.08454656600952,0.6263646160411236,-0.045532058982057755,0.2828570118137691,-0.17714423649323172,0.9263586926707249,0.13389914105159717,0.30422115642449543
51.1046187877655,0.6264368579837873,-0.04544477926786235,0.2830288568707605,-0.17695006426180845,0.9262378698640409,0.13404488985597607,0.3046375726842726
51.1295382976532,0.6264043122455354,-0.045315035227826664,0.2828707454612235,-0.17695208617524325,0.9262528893440599,0.1341618845044468,0.30453921410259244
51.14961075782776,0.6263021151855861,-0.04533781507190389,0.2825764429387468,-0.1768274392429575,0.9263650819393254,0.1340711301019354,0.3043102426266871
51.17459225654602,0.6262926707833244,-0.045436533749852806,0.2825511751794135,-0.17682997926929905,0.9264052314410477,0.1339245763301726,0.3042510697517103
51.199525117874146,0.6263410036116747,-0.045478965377753415,0.2826335651723127,-0.17689443373292832,0.926391923157471,0.13382666940003374,0.3042972010719171
51.21961307525635,0.6263035574408393,-0.045534304623111546,0.2825815555531238,-0.17695199445861962,0.9264103631373921,0.13390405124769492,0.30417352907216855
51.244515895843506,0.6262383723392778,-0.045591394411110764,0.28252602136248284,-0.1772355557327636,0.9263822821867121,0.13438787949769937,0.30388044175094703
51.26457476615906,0.6262271354868104,-0.04559124087570038,0.282585369888516,-0.17765407651941303,0.9262874903484549,0.13501635835034245,0.303646335887338
51.28967094421387,0.626499828872547,-0.04563803959656701,0.28295108771857874,-0.17846203346742043,0.9260651447761532,0.13552214935558865,0.30362542264348713
51.31454014778137,0.6269725301349593,-0.04575748824784427,0.283462076588644,-0.17933237481834746,0.9258280887908513,0.13554477008090682,0.3038253851336384
51.334558725357056,0.6274873150581586,-0.04594264085049915,0.28409513917765034,-0.18006884510229496,0.9256138744918555,0.1351731516520502,0.30420779977534124
51.3595404624939,0.6283666423912838,-0.0462595953287582,0.28516413203121266,-0.1812149000613002,0.9252800063055675,0.13432814269709475,0.3049164147868935
51.384631633758545,0.6294116931730941,-0.04662566201032625,0.28644954964333136,-0.18258697815450586,0.9248711316802335,0.1333547106944854,0.3057644621739422
51.4096155166626,0.6305555094705982,-0.04692645757811642,0.2878288874644964,-0.184098038990631,0.9244044748663037,0.13237777346111002,0.3066926865454034
51.43454718589783,0.6318755921130503,-0.0470983513991821,0.2893570921518396,-0.18587838071992077,0.9238284331198309,0.13147278652876404,0.30774203505966335
51.459527015686035,0.6333128863385983,-0.047197099071380304,0.29091839151486804,-0.18778381837237973,0.9231951674166855,0.1305748155414897,0.3088658899300325
51.47953772544861,0.6345245275116421,-0.04721521122750931,0.2922042352149835,-0.189366268817628,0.9226526610656658,0.12984795492532641,0.30982574435357296
51.50452899932861,0.6360436182420779,-0.04720906379807886,0.29383959572236085,-0.19140261050141533,0.9219493091102485,0.12901370907424647,0.3110144289181555
51.52457618713379,0.6372003891776937,-0.04724467837182468,0.2951121035876096,-0.19301019358435398,0.921416159184743,0.12833910002315618,0.31187882610240314
51.54460096359253,0.6382569567777804,-0.04736076138514472,0.29633345917391085,-0.19450138000121645,0.9209414175510149,0.12759465011530124,0.31265911769641475
51.5694694519043,0.6394119697631656,-0.04756912790439109,0.29771165092548646,-0.19618735343602633,0.920437285309681,0.12666741873773904,0.3134662520811894
51.58948302268982,0.640198656086019,-0.04778715180792288,0.29867757568556247,-0.19774874410408458,0.9201766948485799,0.12575782882309203,0.3136164105280568
51.61446142196655,0.6409531106723738,-0.0481517183428886,0.29968712817632626,-0.20082732404822037,0.9202342572059558,0.12389880490075694,0.31222809598817025
51.63446831703186,0.6413639108872023,-0.0485493241643563,0.3003721646997122,-0.20412326026256525,0.9205701290716809,0.12182993779651609,0.30990611213272945
51.65453481674194,0.6416433796490817,-0.04905016832202469,0.30094170495323097,-0.20810591908760334,0.9211364658879153,0.11919653629147965,0.3065806963726512
51.67951846122742,0.6418167767398842,-0.04976214455647006,0.3015291598016332,-0.21403235611015123,0.9220927422808981,0.1152893205518056,0.30107058597201575
51.69957208633423,0.6418385075247603,-0.050305521728979535,0.30192854256784873,-0.21955270360538068,0.9229365714903821,0.11210772205751253,0.2956629060268134
51.71962594985962,0.6418121393771274,-0.050810387416028585,0.3022412157349681,-0.2256165085989396,0.9238016949925384,0.1088687897243005,0.28954309869258116
51.74450445175171,0.6417392026010307,-0.05144608754770279,0.3024474396348413,-0.23378459183125866,0.9249060152469484,0.10458897377914078,0.28098892174982953
51.769503593444824,0.6417083473447788,-0.05199316885208431,0.3025737178582767,-0.2426065784358905,0.9258819795334595,0.10044337788188026,0.2716537058729519
51.78953409194946,0.641715142410954,-0.05224082883531478,0.3025655851151766,-0.2501281399649294,0.9264917489753162,0.09767278529725557,0.2636455569332062
51.81452298164368,0.6417235172769031,-0.05225011749767084,0.30237537603484727,-0.2599713336615892,0.9269921812367931,0.09527691747844097,0.2530270945884573
51.839489698410034,0.6417077666711662,-0.0519951717209409,0.3020061915864939,-0.27008233153037337,0.9272273481475949,0.09388593060341695,0.24184790897799383
51.859535694122314,0.6417171299267576,-0.051599555812599326,0.3016232186400677,-0.27826117253581284,0.9272050967532063,0.09343776654520208,0.23266029355460252
51.87954020500183,0.64180428731274,-0.050945278796972186,0.3011647187110727,-0.28654321604362726,0.9269413429645886,0.09375517666121704,0.22334435048060314
51.899548292160034,0.6419955077073798,-0.05003629841536586,0.3006816441689508,-0.2948719811068272,0.9264199260175211,0.09483837303616804,0.21401476219101512
51.92452788352966,0.642203027079634,-0.04870505090291116,0.2998904834241672,-0.3050239201858723,0.9255472736211592,0.09704002229940903,0.20225203702067976
51.94950985908508,0.6423923780453634,-0.04729340528833992,0.2989752951514666,-0.31469973686699715,0.9244988783083986,0.09965821055571278,0.19061516385426447
51.974528312683105,0.64274172154671,-0.04589561232913999,0.29807409445270294,-0.32379722778388903,0.9233140022207443,0.10199336538654352,0.17956603799079485
51.994545459747314,0.6430591266014991,-0.04493838076289956,0.29729670355348053,-0.330438383830137,0.9223963763674151,0.10336056364321015,0.17120745672822504
52.01458430290222,0.6434210487061868,-0.04413758148489459,0.29652189223583153,-0.33651046279432417,0.9215272107321816,0.10418625758630973,0.16338155354957964
52.03951692581177,0.643977648178745,-0.04330326358467913,0.29555379073819643,-0.3434010482047144,0.9205057222088754,0.10443786932108841,0.15439451714451588
52.05960154533386,0.6444360856557171,-0.04285098679559467,0.2947065657712908,-0.34824855328078597,0.9198181073409389,0.10394815836245014,0.1478254880547535
52.084587812423706,0.6451113096860589,-0.042497188766650804,0.2936136006391834,-0.3536388908667079,0.9190846943560854,0.10245776108091086,0.14044666838778966
52.10954475402832,0.6459530754348896,-0.042229809179440636,0.29255767353408024,-0.3584540818960249,0.9184081662058519,0.10032297091900456,0.13406122826702677
52.13449954986572,0.6468216974710624,-0.04205570743625736,0.2914756270626342,-0.36276515426702427,0.917805703185964,0.09780151683974227,0.12833159140597739
52.15944862365723,0.6476898967136456,-0.041860630027316464,0.29026737830883503,-0.3666421667401976,0.9172319342652608,0.0953629946989388,0.12314625278145626
52.179482221603394,0.6483513035799864,-0.04172604987285346,0.2892017808376482,-0.3693801478483617,0.9168195228303783,0.09354166445910872,0.11937431022969758
52.204456090927124,0.64910843423567,-0.04166142729990296,0.28776991667236385,-0.3722764215486638,0.9164153696519926,0.09125511671810278,0.11517655966948338
52.22446918487549,0.6496976540173715,-0.0416777968375533,0.28663171990402353,-0.37426474416160976,0.9161564862549185,0.08935859160679485,0.11224186418955946
52.24456167221069,0.6502489476790103,-0.04174807761551519,0.2854791748202707,-0.3759919513629287,0.9159514352810203,0.08748671624661836,0.10958601734404139
52.26946187019348,0.6508970308393973,-0.04184998579141938,0.28402897443855757,-0.37786295917601387,0.9157320524444954,0.0853859398858448,0.10660034464461711
52.29452705383301,0.6514794204985777,-0.041996986974272274,0.2826292144914456,-0.37946719507854326,0.9155489116874671,0.08360163545452545,0.10385376601958808
52.319602489471436,0.6519858299985938,-0.04225236088150498,0.28129444310354956,-0.380768268891897,0.9154430014769878,0.0818632536556008,0.10138068924999176
52.34459638595581,0.6523736617326117,-0.04271149178059444,0.2800040021773287,-0.38171025771344613,0.9154679787628237,0.0799398497622744,0.09912254756730744
52.36959886550903,0.652693371329505,-0.04329605743691882,0.2788053493476408,-0.38228769944936725,0.9155897424218441,0.07806695555062652,0.09724756486759016
52.394551038742065,0.6529506111181638,-0.04396178305545587,0.2776754079810573,-0.38259646268815434,0.9157786188237301,0.07630537510451063,0.09563972905632677
52.41457796096802,0.6530799241416982,-0.04456861511550837,0.2768218723546754,-0.38271211207066014,0.9159732136941665,0.0749418039723863,0.09438345769551092
52.439459562301636,0.653176765742441,-0.04541300931306158,0.2758658084707042,-0.38277812650577725,0.9162448860231228,0.07325673531962293,0.09278828285678029
52.46446967124939,0.6532343314350535,-0.04639534180984299,0.27515152895825,-0.38271159093560314,0.916560104668872,0.07148787604218856,0.09131755730366214
52.48458290100098,0.6532401935005518,-0.04728991886655641,0.2747106116280159,-0.3825614106355361,0.9168534903197442,0.06993953977675017,0.09019370907585346
52.509456157684326,0.653205601124277,-0.04854107859238927,0.27429054162035643,-0.3822483710286577,0.9172763990470391,0.06775150627977353,0.08888151660529504
52.52950406074524,0.653134030668337,-0.049567017534305764,0.27397810264019207,-0.38193930114166624,0.917631887812817,0.06601245532835234,0.08784329487226077
52.55454969406128,0.6530397463764134,-0.05086560004402526,0.27368365603992145,-0.3815374170476863,0.9180726803950835,0.06381580279507248,0.08659847699808161
52.5795259475708,0.6529528366826142,-0.05218516312859716,0.27350001275962066,-0.38112156412521536,0.9185082023260327,0.06157886521349117,0.08542294175201437
52.60446357727051,0.6528768353502782,-0.05352858547001994,0.2734376770986069,-0.3807005394043456,0.9189366245176397,0.059282249672740595,0.08431010788220808
52.62448692321777,0.6528051511906493,-0.0546067868553052,0.2733991153036576,-0.3803516149543688,0.9192788375109049,0.05744851981334003,0.08341903546240657
52.649476051330566,0.6526967618280489,-0.05591979556921233,0.27329836387123996,-0.3799263840380006,0.9196941653597875,0.05526262633039584,0.08224735282078104
52.6695032119751,0.6526000787497181,-0.0569584216163942,0.273256362063765,-0.3796056750093044,0.9200114376779472,0.053617201102380274,0.08126304072837391
52.6946656703949,0.6524518116124185,-0.05823207470592631,0.2732288521917279,-0.37922607618780496,0.9203895600977339,0.05178429780840399,0.07993139122271033
52.71955990791321,0.6522627815176305,-0.05945534453324566,0.27317363235115416,-0.37887211027043943,0.9207471286127251,0.050233801429189415,0.07846791958903909
52.744479179382324,0.6520289421763223,-0.06059538445379741,0.27309052399556033,-0.37853292031676355,0.921082003311933,0.048998755976740915,0.07694084301644813
52.76947021484375,0.6518167069539397,-0.061500342138289824,0.27320426662086283,-0.37827539616649647,0.9213322054582378,0.04823164542985983,0.07568619570087236
52.78955101966858,0.6516963843422865,-0.062041317404516974,0.27342311429078886,-0.3781555507453717,0.9214590108864166,0.04799455304407386,0.07488787334947211
52.814470052719116,0.6515002799264215,-0.06257317630255399,0.2736639183364396,-0.37805324337599866,0.9215750530822574,0.04823678924105058,0.07381313482734687
52.8394660949707,0.6512355577550935,-0.06291245002313804,0.2738146520535838,-0.37803089161450504,0.9216325209739545,0.04919694956531835,0.07256584197702588
52.85949492454529,0.6510026639336273,-0.06305017208351629,0.2739839152958283,-0.3780416612905599,0.9216374769290506,0.050360662302679236,0.07164263493853416
52.88445687294006,0.6506954361059356,-0.06307597312864512,0.27420190312360276,-0.3780737096740157,0.9216001631727558,0.05225036813443232,0.07059255147033232
52.904478549957275,0.6504325117129733,-0.06290875662757585,0.2743755746477358,-0.3781801573337813,0.9215021122408407,0.054297605880386554,0.069752388707086
52.924500703811646,0.6501601286355323,-0.0625994127600791,0.27457794813862424,-0.3783624213991738,0.9213429614458823,0.05677131902720851,0.0688915292543912
52.9445276260376,0.6498825525999941,-0.06214174141066542,0.2747748933211229,-0.3785921968835888,0.9211285167584973,0.05960103026836495,0.06810228530755777
52.964648962020874,0.6496061816742645,-0.06152769301409942,0.27497279437723104,-0.37885398334828985,0.9208596590516275,0.0627295808111791,0.0674696029608992
52.989487171173096,0.6492657423699176,-0.06058318324373871,0.275118324396064,-0.3792167731561658,0.9204577059736514,0.06696898712828026,0.06683865074775143
53.00952172279358,0.6490548490371902,-0.059729922602780205,0.2752473766399997,-0.37954487116101,0.9200901874386451,0.07032702485951908,0.06658714086742762
53.02960681915283,0.6489093541069194,-0.05874891346046162,0.2753855894327758,-0.37992322729540895,0.919679000550331,0.07356023835031178,0.06661657933332414
53.04962229728699,0.648838619319967,-0.057639444300663166,0.2756027525573871,-0.3803470845861755,0.9192228412680423,0.07665374923934166,0.06700497045348756
53.074506521224976,0.6488364186720604,-0.056010021691063394,0.27593786717732827,-0.3809645919407506,0.9185603818532174,0.08060973393081915,0.06793287402053289
53.09459924697876,0.6488573487780184,-0.0544832215485616,0.27611613032720345,-0.3815315488229896,0.9179487400897035,0.08403630431462787,0.06885991125168776
53.119566917419434,0.6489216217958798,-0.052360787817074504,0.27627840408447546,-0.38229957393602787,0.9171054972647514,0.08845153732489162,0.07029130956189279
53.14456796646118,0.649019800483722,-0.05016497637794673,0.2764778691286347,-0.38302270752506457,0.9162276997657612,0.09287312370297456,0.0720762831711354
53.16953706741333,0.6490789662837295,-0.048334467266530595,0.27646220941545324,-0.3833724677763049,0.915423242293898,0.09771345173865853,0.0740129702724831
53.189544439315796,0.6491199608129039,-0.04714862905221161,0.27636952297270834,-0.3833967455000334,0.9148194127817554,0.10187862994564675,0.07571738438451987
53.21448373794556,0.6491473342464108,-0.04590770400509005,0.2760850818223751,-0.3831422251361013,0.9141082377147813,0.10732654874172755,0.07803317880826421
53.2345507144928,0.6491776903805713,-0.0448014507046639,0.27557260991630295,-0.3829216238478207,0.9134817274719396,0.11194694241563115,0.07993776109222435
53.259477853775024,0.6491642058634864,-0.04350834696890038,0.27481403903263735,-0.38244005520527585,0.9126763896040214,0.11818147733489207,0.08242906313250592
53.279497385025024,0.649126523057406,-0.04280910267741855,0.27414975691218824,-0.3817693636710049,0.9120835842574422,0.12336036035268318,0.08448615143306112
53.29956102371216,0.6490248797593557,-0.04230347717188343,0.27317809585165614,-0.38082981268814875,0.9115133510069745,0.12894864635873954,0.0865119142441286
53.324533462524414,0.6488662451059864,-0.0422107111819715,0.2718651630810104,-0.3791982267697797,0.9108982657354213,0.13610845899998109,0.08914898588038209
53.34950637817383,0.6486629179725278,-0.04232413364989306,0.2703505381529414,-0.3773005768637955,0.9102880525470252,0.14350375910710453,0.09179655336947085
53.36954402923584,0.6484873757541094,-0.04253056612752397,0.26907527297798983,-0.3756345734624355,0.9097875449554373,0.149520708184109,0.09396195021269889
53.389612674713135,0.6483259087202079,-0.04274967458407282,0.26781359676933403,-0.37390157587234757,0.9092229807695723,0.15572589879691318,0.0962321528626357
53.41457009315491,0.6480853400031601,-0.0435393716401419,0.26631011014275385,-0.3713159810014263,0.9086172580929099,0.1633905870065277,0.09921006313037448
53.43956255912781,0.6478719685629892,-0.04466462487413425,0.26510919602829414,-0.36848481774146447,0.9080208961470217,0.17092426407359707,0.10247871586483287
53.464489459991455,0.6476407568627166,-0.04587018783065933,0.26393998682858744,-0.3655373056635699,0.9073790425922806,0.1784655575418937,0.10581018856324284
53.48947858810425,0.647430996687924,-0.04689529940709067,0.26267960127076545,-0.3626811776360407,0.9065978432162564,0.18613197429459816,0.10907613033736382
53.509541511535645,0.6472579827794064,-0.04770167303748295,0.2616971999879334,-0.3603640384950176,0.9059243107975437,0.19224773636008957,0.11171262565162751
53.5344672203064,0.6470417377995813,-0.048918909937053535,0.2606946852922073,-0.3573273601642218,0.9050811254698253,0.1997181292871592,0.1151433143104651
53.55947160720825,0.6468120311950827,-0.050434219192146454,0.25984137684245,-0.3541101397488485,0.9042721526676805,0.20693704277682376,0.11863786563992615
53.58446717262268,0.6465744439806076,-0.05224795228101533,0.259076049032191,-0.35072637645213567,0.903507935816036,0.21387578807403143,0.12215386221444835
53.60961961746216,0.6463594986898098,-0.054073552999878045,0.25846628097413726,-0.3473809501967199,0.9027084905972087,0.2205481050378559,0.12570755668752254
53.63452434539795,0.6461747548629577,-0.05593044506201397,0.25808393211634,-0.34409277566367,0.9018923866906993,0.22685868816968716,0.12932679601444586
53.654536485672,0.6460463913079761,-0.057338334637834526,0.2578187501154679,-0.3415403851679912,0.9011867693363297,0.23180716998047812,0.1322044175437942
53.67949867248535,0.6458692331585157,-0.05943400192472085,0.2576845840759154,-0.3381915433769027,0.9003638797404788,0.23771716955215316,0.13587461627226735
53.699501752853394,0.6457037027604837,-0.061337137124161875,0.2576627081506426,-0.33541550846432305,0.8997673926960864,0.24217696592315804,0.13879983032685206
53.719520807266235,0.6455393503984543,-0.06322194343615722,0.2576960588435162,-0.3326734741398738,0.8991421306483924,0.2465486242713527,0.1417235490900418
53.7444806098938,0.6453643867519685,-0.06560509995487912,0.2579632696621449,-0.3293224764819779,0.898337019437896,0.2517562438806999,0.14545136526791871
53.764501333236694,0.6452189766799393,-0.06749636181640915,0.25818633040918204,-0.3266934194027531,0.8976868750481497,0.2557687940109343,0.14836444350119762
53.784501791000366,0.6450987755231752,-0.06931934501092069,0.25848470993236006,-0.32414204364961163,0.8969952688889611,0.25968820232185486,0.15130585152039094
53.80450773239136,0.6449508763003818,-0.07139167409107425,0.25887007169062415,-0.3214836827790526,0.8963820382124909,0.263349904282862,0.1542540475678027
53.82949995994568,0.6447607660361154,-0.07413693328665444,0.2594626494872885,-0.318118510995842,0.8956387987208471,0.2677178769897824,0.15798383945121972
53.85452580451965,0.64456392517051,-0.07701367257300676,0.2601785497548772,-0.31478433797794125,0.8949120106645808,0.27185178143792393,0.16167845453583582
53.87951445579529,0.6443473513089784,-0.07965595863034076,0.2608332175253483,-0.31165440856287835,0.8940957490679127,0.27601821258284154,0.16516133762048096
53.904508113861084,0.6441456545436699,-0.08213242167484897,0.26161677127652727,-0.3087257953422635,0.8932021740735662,0.2800992749117251,0.1685902005291714
53.92452573776245,0.64397068088954,-0.08407357523920986,0.26224226916532983,-0.30644856016671784,0.8924699565648923,0.2832992625902616,0.17125473545751546
53.94958567619324,0.6437545830017662,-0.08667803730522755,0.26319170032392747,-0.30357428048396573,0.8915948951261392,0.28703616933044745,0.17467523210161873
53.96959114074707,0.6435652015797844,-0.08877144887402871,0.26390903512634795,-0.3012891600682085,0.8909227885618661,0.28987938145745856,0.1773453440392101
53.99447751045227,0.6433331482735711,-0.0914018741376317,0.2649010994488491,-0.29850299805028585,0.8901074478448929,0.2931895278545504,0.18067814533713838
54.01453709602356,0.6431693432921699,-0.09323204681435018,0.26565168461353195,-0.29648435957863545,0.8893730760244534,0.29587697593482465,0.1832194620658871
54.03944706916809,0.6429975165653059,-0.0954396911176694,0.26669920996244506,-0.29408944789549035,0.888446936821443,0.2990390340804422,0.1864110865408904
54.05952787399292,0.6428801964484907,-0.09713602681588923,0.2675490377942689,-0.2922335980175868,0.8877042351437116,0.30144912709456617,0.1889686187480247
54.08445739746094,0.6427470319392079,-0.09930472282332181,0.26873337754629206,-0.28995568298425217,0.8868063377525709,0.30423120813717014,0.19220716225575712
54.10945224761963,0.6425669944361948,-0.10154694245469024,0.26981909201075577,-0.287678512134077,0.885958193759227,0.3069009030819917,0.19527157564446534
54.12946653366089,0.6424387966590949,-0.10310132004183084,0.2705927499623266,-0.28604260249096347,0.8852482937492592,0.30901968800939117,0.1975396679069866
54.15444755554199,0.6422256035291017,-0.10511422974977996,0.2714736727818109,-0.28398880662543013,0.8844823801804899,0.31138891649950423,0.20019545335243288
54.174453020095825,0.6421009244006498,-0.10635340416328001,0.2720327189778674,-0.2825984788844963,0.883813083286553,0.31331378265666543,0.20210642528395162
54.194581747055054,0.6419488360538427,-0.1076694390365892,0.2725423954877575,-0.28120185906224304,0.8832215909692264,0.3150661040600805,0.203908032647394
54.219449520111084,0.6417274774035648,-0.10939950567011204,0.27308572313915186,-0.2794707127709919,0.8825800478326641,0.31705121550307336,0.20597841299269692
54.239487648010254,0.6415665527769984,-0.11056888713198953,0.273410095991567,-0.27823617076765733,0.8820464905264442,0.3186496756858053,0.20746326424662345
54.25955414772034,0.6413976345123539,-0.11170807926243395,0.2736551624502893,-0.2770433084441139,0.8815604650980582,0.3201435636620277,0.2088210963198213
54.279574394226074,0.641262629640099,-0.11265800075495286,0.27383382263660927,-0.27596235128837177,0.8810634490338821,0.3216127096106839,0.21008865858200684
54.30448770523071,0.6410902554855356,-0.1137482657333995,0.27391305275787325,-0.27461804162124187,0.8804826418984812,0.323393912347075,0.21154580116002988
54.32449531555176,0.64096165643748,-0.11450295913090963,0.27387454087161156,-0.2735970137032127,0.8800313935280756,0.3247929576342151,0.21260045900452845
54.34449815750122,0.6408230481040322,-0.11518629326473925,0.2736888284091818,-0.2726288710826998,0.8796148967167761,0.326157488957376,0.21347698827537157
54.36449909210205,0.6406905615142231,-0.11580032150996152,0.27340651502967,-0.2717401591197837,0.8792296575064164,0.3274584601357913,0.21420423004273956
54.384581565856934,0.6405736918965317,-0.11620303089509151,0.2730086910197219,-0.27096803220061233,0.8788328337742828,0.32878443481422354,0.2147788891615774
54.40952396392822,0.6404505753374242,-0.11646422132015577,0.27242619878807484,-0.27014188999001837,0.8783273584683209,0.33043620996653145,0.2153516235871859
54.42954874038696,0.6404030297716028,-0.11639718568309756,0.2719272280709478,-0.2696649381387454,0.8778762457622373,0.3317872332660036,0.21571126559990833
54.45446801185608,0.6403768665157834,-0.11619529757143207,0.27129834458942903,-0.2691706761425063,0.8773179190886131,0.33341061695189156,0.21609668311839617
54.474499464035034,0.6403648856994593,-0.11599276212730364,0.2707890122144744,-0.26882721399281917,0.8768974195935131,0.3346310807664891,0.21634436510375862
54.499494791030884,0.6403789289180775,-0.11565000190220698,0.2701823585037508,-0.2684959653131309,0.8763855472483528,0.33606511177862713,0.21660685545475364
54.524428367614746,0.6404232751556457,-0.11508004716198598,0.2695616288441387,-0.26834073998508456,0.875873246010483,0.3374385710372389,0.2167360490635277
54.54447913169861,0.6404790442016429,-0.11444330373961266,0.2690536009609428,-0.2683508971818407,0.8754605619058332,0.338499636443396,0.21673623752597387
54.564504623413086,0.6405443955374364,-0.11371254362757349,0.26856811901540384,-0.2684437946589586,0.8750573068054861,0.33950241576181256,0.2166812142464619
54.5894501209259,0.6406383648477979,-0.11280288753855183,0.2680336887549656,-0.268631176092977,0.874594082337591,0.3406095944033169,0.2165815933346595
54.609530210494995,0.6407133172915122,-0.1121341413132086,0.2676422237836349,-0.26878599377506784,0.8742725179118956,0.341371890859275,0.2164876118984843
54.63444900512695,0.6408042929553216,-0.11137744604673866,0.26716423998871053,-0.2689535386259778,0.8739248203933315,0.3422092532956256,0.21636133970720892
54.65447211265564,0.6408735274076115,-0.11077109274184462,0.2667836059393783,-0.26910239456787044,0.8736720446757358,0.3428215820908145,0.21622770970139235
54.67943716049194,0.6409607433252335,-0.10998791958701822,0.26632495086138885,-0.26933500147273143,0.8733789992612928,0.3435179774698512,0.2160166192357637
54.6994731426239,0.6410421892216013,-0.10938087003208447,0.2659990238167933,-0.26954016866119196,0.8731561830451829,0.344019789265709,0.21586283163537
54.71952295303345,0.6411138431638022,-0.10885118940352678,0.26569435296196403,-0.26971647023502165,0.8729617325357603,0.3444652683031394,0.21571860871276943
54.74450969696045,0.6411774038093079,-0.10836500734549612,0.2653206992763565,-0.26983938022066434,0.872788565261136,0.3449106158034968,0.21555392907018034
54.769489765167236,0.641219910505475,-0.10798995069585009,0.26497347228896245,-0.2699137221391393,0.8726686968825998,0.3452574421477752,0.2153908696388893
54.794490575790405,0.6412635169238797,-0.10760669550707008,0.26464311203121943,-0.2700126241487045,0.8725632959829225,0.3455596697887821,0.2152091817725699
54.819437980651855,0.6413084669922999,-0.10719477334000281,0.26432846239930974,-0.27015111176220297,0.8724710823370053,0.3458169397651164,0.21499588710212894
54.83949947357178,0.6413343507228958,-0.10691915722957554,0.2640666097324527,-0.2702355375367272,0.8724205559254447,0.3459911011010207,0.21481453817159876
54.86447739601135,0.6413497440069587,-0.10671193484793529,0.263753578798697,-0.2702720140665847,0.8724022633191939,0.34613657877339915,0.21460847654038356
54.88951563835144,0.641339684483243,-0.10663074742966545,0.2634578701660289,-0.2702344708343746,0.8724214397570527,0.34623121221583714,0.21442506829344293
54.91446876525879,0.6413287060060219,-0.10656141700985786,0.2631500828445858,-0.27018894611565125,0.8724489648034561,0.34631353846967644,0.21423741569321095
54.93447518348694,0.6413160954144878,-0.10647129348152272,0.262879585777724,-0.27016625152784546,0.8724698488358118,0.346389944567021,0.2140573888252047
54.95448637008667,0.64130033168293,-0.10634914844471967,0.26259648580234884,-0.2701696172314578,0.8724892356984066,0.34647023240527325,0.21384407771190822
54.979496717453,0.6412816585845033,-0.1062180374198772,0.26225418284757834,-0.2701943984321079,0.8725215144473095,0.3465432009438117,0.21356264598965133
55.00448822975159,0.6412904007045351,-0.10611242119957778,0.2619453323372227,-0.2702568891935428,0.8725495709877763,0.3465839531102707,0.2133026569429776
55.0245635509491,0.6413137063365244,-0.10596071045810747,0.26168426249188853,-0.2703521174287154,0.8725550386451358,0.346635608824421,0.2130755542799762
55.04951190948486,0.641483192319304,-0.1056575516271718,0.26149903403869634,-0.2708635266716899,0.8725161261100634,0.34655106535386065,0.21272263325505364
55.06956100463867,0.6419195817845108,-0.10531904024674213,0.26163810624360073,-0.27183487937791884,0.8723866940438161,0.34623521063772555,0.21252866471029858
55.08959078788757,0.6426218254188261,-0.10489027756668139,0.26204153526830576,-0.2733328663289204,0.8721569942452432,0.345711602169465,0.2124024710283272
55.114481925964355,0.6436352098952207,-0.10441283483073327,0.26268531522990496,-0.27590887499560945,0.8719126498062827,0.34463358772123015,0.21182614102333006
55.134493589401245,0.6443682216263473,-0.10430752920094374,0.2631108883131101,-0.27844117778257,0.8719406190498076,0.34324838442457295,0.21064333351904047
55.15450716018677,0.6449577933709087,-0.10447442012471518,0.26345576686574357,-0.28139569784532853,0.8721924549813963,0.3413735147632991,0.20871249633362002
55.17950677871704,0.6455201180084681,-0.10493818969184293,0.26384634714341865,-0.28576619341777726,0.8727467177658226,0.3383985421300468,0.20527366127381771
55.204488039016724,0.6460547524809733,-0.10555014450995918,0.26426743943804387,-0.29091209190614425,0.8734036210514766,0.3348807888479666,0.2009754382443908
55.22450304031372,0.6465065112994435,-0.10600150408873665,0.26458480797949996,-0.29549961167517286,0.8739223875861754,0.33182088769576973,0.19706480777726876
55.24950337409973,0.6471269918394136,-0.10654342894019136,0.2650328836702934,-0.30168422511798043,0.8745454192396824,0.32768396957344315,0.19178152696868078
55.27449297904968,0.6477798308490419,-0.10702256101403308,0.2655533314102439,-0.3081818077653613,0.8751043840814834,0.3233208032138877,0.18622553136712527
55.29456353187561,0.6483096531038899,-0.10743859740898215,0.26599940779556536,-0.3135158839237171,0.8755290671283458,0.31965308197951103,0.18159997335323955
55.3195378780365,0.6488960409317543,-0.10800828319381162,0.26644472532127933,-0.32016379322506866,0.8760510484548677,0.3149719504443813,0.17556302697928222
55.34451985359192,0.6493979493973112,-0.10865847782960181,0.2668157141477101,-0.3267034593902237,0.8765545100045303,0.3102157166634038,0.1693612994405268
55.36952352523804,0.6498883160722544,-0.10930150757199131,0.2672175270608129,-0.3332197075392283,0.8769806761139451,0.30539094731694705,0.16311311880735796
55.39450740814209,0.650368268887571,-0.10997524343926296,0.2676329829944513,-0.33969497426998246,0.8773517476057561,0.30045633046452275,0.15680315338867795
55.41451048851013,0.6507203733547694,-0.11055983078363024,0.2679349036227779,-0.3448539950310107,0.8776216253920717,0.29641900591867076,0.15163039828976557
55.43454647064209,0.6510353663364017,-0.11120890491042298,0.2682181189621642,-0.349973315885687,0.8778730296384574,0.29230013565992796,0.14634976151179083
55.45459747314453,0.6513373485985464,-0.1118823912948024,0.26851662372924895,-0.3551149206132472,0.8780744342073826,0.28810897173477584,0.14096773231907347
55.47960376739502,0.6517804731021642,-0.11268428013727308,0.26900803391739164,-0.3617110124762565,0.8782105584207145,0.2826923062265372,0.13415073064317157
55.50454139709473,0.652261083072651,-0.11350476626518824,0.2695819479098541,-0.36843037739002926,0.8782508526025692,0.2770580647189561,0.12717439087051674
55.529449462890625,0.6527851467559478,-0.11431279184785623,0.2702650284470298,-0.3752207841320041,0.8781833720941755,0.2712353203815393,0.12014461748317311
55.54945635795593,0.6532394612997329,-0.1149721500696434,0.27089328738667284,-0.3806497862075635,0.8780601045042233,0.2664497824068075,0.11454565287922547
55.57443594932556,0.6538574704961165,-0.11573579988540077,0.2717804131390107,-0.3875247767294954,0.8777808715664651,0.260329661215546,0.1074884013471095
55.59443974494934,0.6543670196257361,-0.1163566550533348,0.272549418545638,-0.39306158499909155,0.8774790321419886,0.2553006937040136,0.10175801857062904
55.614442348480225,0.6549068445977559,-0.11700213338708268,0.2733801177229286,-0.3985974797637767,0.8771136507307693,0.25014734297882063,0.09601041416610719
55.63451862335205,0.6554993253820444,-0.11762231525506092,0.2742654390381999,-0.4041414169129515,0.8766650477943934,0.2449031329982305,0.09028047717477972
55.65456986427307,0.6560988971254565,-0.11825488464896647,0.27516899193699973,-0.40956149449705226,0.8761652689756602,0.23964663242463893,0.08463625247897684
55.674575090408325,0.6566672296836416,-0.11897113437864706,0.2760652769055753,-0.4147377605610816,0.8756587187420818,0.23442489290593954,0.07911616675362768
55.69950270652771,0.6573812883646758,-0.11998792651968711,0.27725319434284307,-0.420877243762152,0.8750004670881085,0.22798875219262982,0.07250970384999914
55.719574213027954,0.6579622278748564,-0.1208454833252475,0.2782290790800842,-0.42554144093628593,0.8744533075902948,0.22292464523407501,0.06745737496778276
55.744500398635864,0.6586301586490525,-0.12197548563160997,0.27941431028608693,-0.43111134469190454,0.8737593313012987,0.2166562228355824,0.06121862909677121
55.76455235481262,0.6590723934247112,-0.12289879894598674,0.28030095400698896,-0.4353650086018676,0.8731728810181489,0.2118156691007396,0.056218782119119876
55.78946590423584,0.6595627020849025,-0.12406659007803097,0.2813816046372869,-0.4404633583769362,0.872402360780281,0.20592266568985312,0.050020061850240466
55.8094756603241,0.6599463216680331,-0.12494554698515231,0.28222374771574865,-0.44439619910509015,0.8717406047612389,0.2013458042684343,0.04516861006278449
55.829489946365356,0.6603164849264657,-0.1258180062826476,0.2830518494575363,-0.4481611817739868,0.8710738002554969,0.1968409589890282,0.04044287976428268
55.84951066970825,0.6606390689565725,-0.12670964233807797,0.283810742375692,-0.4517396499118976,0.8704188340350092,0.1924078124303797,0.035799102926934806
55.87452936172485,0.6610020603027982,-0.12789119661905418,0.28471926156296695,-0.45600639515706864,0.8696024608909916,0.18693474378971375,0.030085364424782813
55.899495124816895,0.6614056586308132,-0.12905722560565602,0.285659062271647,-0.46022337285699494,0.8687205983274249,0.18144568027806157,0.024422002908981957
55.91949987411499,0.6617830434017449,-0.12994921312137314,0.2865045160256886,-0.4636294110334915,0.8679489130910883,0.1769617408924956,0.019924752163582558
55.93955874443054,0.6621954062717352,-0.13083873171877342,0.2874282349499942,-0.46704360890658114,0.8671383545569866,0.17234396233175614,0.015456392956478554
55.96450877189636,0.6627340360511923,-0.13191451244726166,0.2886273982223933,-0.4712977722725875,0.8660486823353104,0.16655440871601326,0.009885272617977432
55.98455786705017,0.6631630320577104,-0.13277517683366669,0.2895827888810965,-0.4746414600932946,0.8651330146954802,0.16195991551509073,0.0054163653933584415
56.004599809646606,0.6636023373825146,-0.13361746418698775,0.2905529054024716,-0.47795340133939573,0.8641735792070832,0.1573647716318387,0.0009486041153712655
56.029540061950684,0.6641901109445538,-0.13465169919825384,0.2917890055323411,0.4820430644436148,-0.862924198727535,-0.15157638496884687,0.004572832284472485
56.04958987236023,0.664682851118964,-0.13545593899148295,0.29275756788716406,0.48524069102738976,-0.8618936352253308,-0.1469733548114483,0.008925598318050159
56.07454514503479,0.665291748367891,-0.13639024639655473,0.2938947603199654,0.489095198829813,-0.8605766696779673,-0.14138955917403698,0.014236384513506565
56.099451303482056,0.6658386590433972,-0.13730400013242808,0.29493988883055194,0.49269541486587487,-0.8592871340470023,-0.1360208314839466,0.019369636917073853
56.119515895843506,0.666242487875256,-0.13799144146235812,0.29574351000422155,0.4953830964092959,-0.8582742872846817,-0.1319797679055357,0.023284682550965972
56.14442682266235,0.6667296146446074,-0.1388238778330351,0.2967137545816095,0.49848706495961553,-0.8570532541831762,-0.12725023153035925,0.027888064428767383
56.164432525634766,0.6671371164564838,-0.13943917038279297,0.2975150990043126,0.5008074025384096,-0.8561058732042129,-0.12367622717937915,0.0312869023514205
56.184439182281494,0.6675500919171656,-0.1400069975495611,0.2983013592805165,0.5029804635953578,-0.855196529670438,-0.12026614592867303,0.03443258666555253
56.209473609924316,0.6680839689082688,-0.14058245635608066,0.29924248933963704,0.5054923951746534,-0.8541131235424021,-0.11631880211594153,0.03792290716241248
56.234476804733276,0.6685212404308596,-0.1410661058307495,0.30001139473486615,0.5077108840515097,-0.8531120238790874,-0.11286685813981387,0.041116970489166516
56.25448989868164,0.6688020441615228,-0.14139178840024705,0.30050395621445836,0.5092848765015577,-0.852369874780831,-0.110482017282023,0.04345382595691983
56.274502754211426,0.6690483235638621,-0.14169656240239248,0.3009450829499224,0.51066521938813,-0.85170439479063,-0.10838431242524244,0.0455356829497366
56.294580936431885,0.6692627456573089,-0.14199309983579916,0.30133797499857884,0.5118480831575237,-0.8511267231237062,-0.10654776033675381,0.047354152087593575
56.31467390060425,0.669453555248937,-0.14226532195769598,0.3017072328269056,0.5128519278315196,-0.8506331793007402,-0.10495519493131525,0.04889275456683227
56.33945822715759,0.6696814672087638,-0.14255192518582127,0.30213287888294754,0.5138942320879568,-0.8501213952841916,-0.10326145012780406,0.05043217647845218
56.35946273803711,0.6698505936531381,-0.1427518898854647,0.302430523264087,0.514573434406638,-0.8497882482770102,-0.10213389625771313,0.051407985065186415
56.3794903755188,0.6699965031731768,-0.1429386475807462,0.3026953933410728,0.5151108491682639,-0.8495273826808111,-0.10120248892654533,0.05217370391044868
56.4044771194458,0.6701604716581615,-0.14314408724128833,0.30298426627140496,0.515612159379578,-0.849290247475611,-0.10027985163395434,0.052859511907085543
56.42456650733948,0.670264266120704,-0.14328121556325202,0.30317556260420897,0.5158722906172583,-0.8491719842541214,-0.09975656575656415,0.053210417398217975
56.44948101043701,0.6703725174569369,-0.14339302988068797,0.30336275364451215,0.5160386390702719,-0.8491042412934436,-0.09937982869173702,0.05338314390508292
56.474480390548706,0.6704151128799842,-0.14346988538709268,0.3034631030504633,0.5160403197501314,-0.8491120784076851,-0.09929601777175892,0.05339819799421693
56.4994592666626,0.6702702018339476,-0.1435871321872056,0.3032648344016296,0.5158582538668461,-0.8491676107342071,-0.09964942163555891,0.053615516085599085
56.524436950683594,0.670173216712445,-0.1438492180078797,0.3031032522522501,0.5156212067281243,-0.8492837387637205,-0.0998330513135795,0.05371465451004999
56.54943037033081,0.6701122548943554,-0.14411280973772042,0.3028977946617375,0.5153692558427748,-0.8494239477035712,-0.09994873784151609,0.05370043764891798
56.56946134567261,0.6700661494459629,-0.14428968626058766,0.30271751825694576,0.5151948390049593,-0.8495166266943505,-0.10004815671577431,0.053722855194936
56.59443688392639,0.6700489779229525,-0.1443927497132949,0.3025417209908171,0.515068553702756,-0.8495836305296152,-0.10013077383530834,0.05372027414114392
56.6145703792572,0.6700693924613045,-0.14440581236822508,0.30251497377151954,0.5150293550082696,-0.8496165050723054,-0.10010323821165709,0.05362741358722235
56.63945746421814,0.670085061932921,-0.1443854328656432,0.3025277782826723,0.5149943272782554,-0.8496431576007809,-0.10011511628465232,0.053519259194121885
56.664446115493774,0.6701115902000839,-0.14431565609766342,0.30252129861439997,0.5149887006189112,-0.8496544557042408,-0.10012033887865322,0.053384097629056396
56.684531450271606,0.6701263736362469,-0.1442578481690093,0.3025117503962929,0.5149863570675758,-0.8496576567813028,-0.10014882588302555,0.05330226056606714
56.70954966545105,0.6701627182662258,-0.1441479828317475,0.30250772828034045,0.515005262416891,-0.8496506247909477,-0.10017973088155113,0.05317346138561327
56.734527826309204,0.6701955301448498,-0.14402285082694738,0.3023548451681646,0.5150703264967051,-0.8496477941628969,-0.09994695440858607,0.05302632309666873
56.75956416130066,0.6703520977643861,-0.14391042808823257,0.3019393729505834,0.5152772856633103,-0.849687117340799,-0.09876041485941195,0.05260705239171607
56.78447484970093,0.6706020045265222,-0.14385842907347632,0.30156242298502756,0.515569111079202,-0.8497481728089895,-0.0970252503917605,0.05198687618222716
56.804486989974976,0.6708594122463174,-0.14382844036834103,0.3012153027155514,0.5158835187334928,-0.849784644612129,-0.0953157903196521,0.05143105089672746
56.829450607299805,0.6712610449726799,-0.14375877369241646,0.300718549044448,0.5163158911882187,-0.8498467476670506,-0.09290022689649732,0.05047726051248457
56.84955430030823,0.6716386087229134,-0.1437041748161227,0.3002879381483496,0.5166532040305757,-0.8499512492456147,-0.09064094065407156,0.04936152902927016
56.874526023864746,0.6722821958005806,-0.1436191970283123,0.2996787187498966,0.5170716285423547,-0.8501938126917101,-0.08706965773705934,0.04718354076180041
56.89953327178955,0.6731299624191668,-0.14343872957913992,0.2989587002370322,0.5176034737649113,-0.8504672954102844,-0.08266233292769169,0.0442601637931565
56.92446041107178,0.6739011749804167,-0.14328017215703745,0.29809284529056235,0.5180946317732374,-0.8507323331604488,-0.07823318946747605,0.04137653814570258
56.949451208114624,0.6742717596268702,-0.1431885765567651,0.2969664569601549,0.5182837892462008,-0.8510725190575263,-0.07445581799297929,0.03890774057515385
56.969451904296875,0.6744210946196394,-0.14305358914499852,0.29602018879101066,0.5183145382956944,-0.851377576966209,-0.0717180001659807,0.03691597598100998
56.98946142196655,0.6744920614258596,-0.14281662099761144,0.2949785396125529,0.5183473945781549,-0.851652032575047,-0.06915262681017618,0.03496724395919468
57.00946569442749,0.6744389261396107,-0.1424991385347557,0.29385853740261825,0.5183496553060325,-0.8518964301995722,-0.0669588611783773,0.033205691786053856
57.029515981674194,0.6741824604556484,-0.1421142606750143,0.2925951397401213,0.5182653969537433,-0.8521233749971773,-0.06540209607108875,0.0317694496862196
57.04955863952637,0.6736808495601486,-0.1416568939070777,0.29116887526092256,0.5180975930274434,-0.8523209472792194,-0.06462582283470274,0.030779700311474305
57.06959128379822,0.6730200475742362,-0.14106270714272542,0.28964952677059375,0.5179177109955636,-0.8524607791684204,-0.0645308213057719,0.030127026374469127
57.0945839881897,0.6720484501316422,-0.1400525113276447,0.2876503029316121,0.5177552592645718,-0.8525280957334582,-0.06516256867144687,0.029650921285962903
57.1195855140686,0.6708222116548537,-0.13887216562870916,0.2854736402870298,0.5175194337151902,-0.8525565310289943,-0.0666657954551473,0.02960859407881373
57.144569873809814,0.6693756103860913,-0.13757073970445932,0.2831180969971859,0.5172123696870099,-0.8525671277990052,-0.0687891819254519,0.029811167191131725
57.16952109336853,0.6678397087199587,-0.136077815380394,0.2806809646802041,0.5169668400558524,-0.8525103404536959,-0.07120493122263839,0.03002105047869918
57.18956899642944,0.6665837351292377,-0.13475367735697885,0.27871797185336666,0.516820304819323,-0.8524257135484281,-0.0731949688949365,0.03016076816849039
57.214553117752075,0.664923579628,-0.13309834920141722,0.27621435434590336,0.516555854149909,-0.8523581318144311,-0.07574078697906493,0.030314977503766546
57.23456835746765,0.6635723875006655,-0.1317948201585183,0.27426657569743695,0.5161754177906401,-0.8524066784001104,-0.07773285744654272,0.030387424383292592
57.259467363357544,0.6619496092531866,-0.1301620336204923,0.27199130539277006,0.5143708304622662,-0.8532928287122978,-0.07993155725556776,0.030412882017923873
57.284448862075806,0.6605483359893052,-0.12856609926597998,0.26995062910087014,0.5108014959032224,-0.8553149950548325,-0.0812867329002879,0.030175454787874804
57.30450916290283,0.6596546065697926,-0.12740876313264995,0.2685789313444372,0.506902900518691,-0.8576301624078154,-0.08152877083840676,0.029546801851942348
57.32451128959656,0.6588581184451062,-0.12643001480068028,0.26733986887184236,0.5022169686584775,-0.860439557064231,-0.08121005503307946,0.028754338664256005
57.34958553314209,0.6579184541367092,-0.12547559140996156,0.2660753016540277,0.49541343084213724,-0.864489070883247,-0.08035449949623233,0.02770078113506005
57.37451171875,0.6570661241056462,-0.12474697943889301,0.2651443904738715,0.4877729873821462,-0.8689615702853104,-0.0791956469776197,0.026671176338344527
57.39950752258301,0.656376328325888,-0.12402795815563986,0.2644538884264625,0.47947918998065,-0.873716973460876,-0.07785983268876914,0.02561646181048338
57.419530391693115,0.6559463231157049,-0.12346186643668881,0.26406528484536024,0.4724960187110648,-0.8776471310697747,-0.07663748970659,0.02469252515996768
57.44445204734802,0.6554916279471773,-0.12276347009417934,0.26376495359831964,0.4633252244308809,-0.8826904476899763,-0.07507892302558755,0.023461996513297605
57.464470624923706,0.6551775164852862,-0.12218967962271561,0.26362495495497296,0.4556861640013554,-0.886780762989802,-0.0739264824086985,0.02246939090647306
57.48447561264038,0.6549473631339456,-0.1215287469925675,0.26356528276359736,0.4479032105132963,-0.8908461641783162,-0.07290031286001697,0.021479528989236874
57.50454092025757,0.6547673270149607,-0.12074847094438271,0.26354365760808474,0.4400508796663343,-0.8948350245124098,-0.07212175471509245,0.020590160456065734
57.52943181991577,0.6545333892626527,-0.11967567846620442,0.2635176754002196,0.4301103590956458,-0.8997214407053313,-0.07154446719566519,0.019692570877727078
57.55441617965698,0.6543507584330751,-0.1185200329316369,0.26351763243247106,0.420244024075913,-0.9044188899310434,-0.07117984406109241,0.01883776961526929
57.57443046569824,0.6542561253729122,-0.11756502085151414,0.26345328661600825,0.41257357981591897,-0.9079769442135532,-0.07092985286205912,0.01816221317720726
57.59942817687988,0.6541456617487278,-0.11629366122622531,0.26328033885679847,0.40331341358719053,-0.9121542983989641,-0.07077959322037625,0.01740906421216468
57.61948537826538,0.6540591315447754,-0.11519806961410554,0.26307101922433807,0.3960298864410438,-0.9153486425995047,-0.07080043280524222,0.016866838819055038
57.64446187019348,0.6539796058661071,-0.11376404183297278,0.26269964886420627,0.38696589790540625,-0.9192161895477456,-0.07096909080492397,0.016198113500359428
57.66449570655823,0.6539657612546461,-0.1125543829342786,0.2623419087379316,0.3797168830804752,-0.9222268318079112,-0.0711867540566895,0.015659037152128578
57.68467116355896,0.6539415430266408,-0.11128780877820335,0.2618575688289362,0.3724694445768102,-0.9251600960845737,-0.07151480572539495,0.015196776997582803
57.70954084396362,0.6539215438057696,-0.10962832906772615,0.2611626136347073,0.3635819279678412,-0.9286627431754987,-0.07197113325228882,0.014623510921198617
57.734474658966064,0.6538961255596839,-0.10787549737404115,0.2602735588214675,0.3550648539079097,-0.9319147500821231,-0.07255213770317176,0.014143387629713339
57.754526138305664,0.6539145739974781,-0.1063952517251528,0.25945973115537546,0.3485503023749955,-0.9343405928170032,-0.07302804772060337,0.01368384357621774
57.77946424484253,0.6539991335143872,-0.10449315724806142,0.25836875965938016,0.34088752822129004,-0.9371440679829557,-0.07342686817590924,0.01285239191931756
57.79946684837341,0.6541128951492362,-0.10293371116633263,0.257439794884582,0.33537622399695616,-0.9391315397431659,-0.07355421875477519,0.012021494929502118
57.81964945793152,0.6542197845727794,-0.10137017291443651,0.2564207283174919,0.33047276950826926,-0.9408765817436685,-0.07358483813552853,0.01114801046047688
57.84451079368591,0.6543733290907116,-0.09942866178853546,0.25504274214274825,0.32508918610299986,-0.9427733717976448,-0.07347896270699095,0.009809818929161841
57.869468450546265,0.6545960488218426,-0.09743206355831723,0.2535939750301718,0.3207156829229459,-0.9443162493054427,-0.07309555632318401,0.008081563646288687
57.88959336280823,0.6547439748438977,-0.0958255079065602,0.2524090919596891,0.3180110399525296,-0.9452726263412398,-0.07268911932292393,0.006703155211187984
57.91452646255493,0.6547513571561753,-0.0938161822016652,0.2508839409264409,0.3157173994926847,-0.946078435109857,-0.07231349825244829,0.005373662562379053
57.93456292152405,0.6546518575922462,-0.09227690194280104,0.2496493447144276,0.3147232416198271,-0.9464380159634237,-0.071995071513092,0.004590512051412937
57.95948338508606,0.6545229416044012,-0.09046791573550257,0.2481018444151381,0.31449729075482913,-0.9465669648364677,-0.07134381847564257,0.0035347923519028586
57.97950100898743,0.6544676204296834,-0.08911193674200658,0.24688313243212867,0.3150948140662133,-0.9464337299537054,-0.07051546681972111,0.00245395311233384
57.99951648712158,0.6543969600646274,-0.08777932786729753,0.24565884795558374,0.31618641632216493,-0.946147092430472,-0.06949909547332239,0.00130592521887394
58.02444553375244,0.6541509996035701,-0.08616051310903576,0.24407797150988814,0.3177510029595339,-0.9457166895547255,-0.06822172396662626,0.0001944047808169406
58.04448485374451,0.6537941437982455,-0.08491723187083278,0.24272760179035113,-0.3190196619825563,0.9453531958800118,0.06733280087847951,0.0002902266145832378
58.06454801559448,0.6533773336332223,-0.0836943988922172,0.24134700122445724,-0.320295951251235,0.9449798057138263,0.06650755335866797,0.0006446247152470824
58.08943247795105,0.652892603642859,-0.08216430407343545,0.23962908131758684,-0.32191256850605177,0.9445102860903161,0.06535304068356194,0.0012640726471213049
58.10947513580322,0.6525295411159178,-0.08087970730239952,0.23829743044198037,-0.32325960735747417,0.9441131652012965,0.0644222713203694,0.0018244232526681034
58.13442373275757,0.6520434060133028,-0.07919063509003631,0.23666445508325426,-0.32496355278769645,0.9435900910029065,0.063487764624301,0.002394424899902141
58.15941071510315,0.6515424195804728,-0.07766162103934915,0.23512220521254293,-0.3266258692938211,0.9430796649296063,0.0625153488779869,0.0028492563917462033
58.17942190170288,0.6511873775764434,-0.07653356633385493,0.23394931151228515,-0.32800592601233675,0.9426647578956013,0.06151878474114189,0.00327198048274493
58.199432134628296,0.6509221723171683,-0.07541784088361275,0.2328626074736796,-0.32949823659228944,0.9422223762110224,0.06027402907921962,0.0038661693959961487
58.21951413154602,0.6507167349487669,-0.074296105416498,0.23187946531528958,-0.3311554295990886,0.9417272216452856,0.05887216978520784,0.004470914294367532
58.24444937705994,0.6504947600944196,-0.07283921585414704,0.23075122344072796,-0.3334393101262359,0.9410272760018157,0.057095848550150104,0.005094738824626261
58.26447772979736,0.650398509660072,-0.07163102625126523,0.22995809657164468,-0.33540310606253454,0.9404108777151575,0.055682284829458494,0.005623226489185262
58.28456711769104,0.6503890118966477,-0.07038040336938185,0.22926886532831325,-0.33743677456399557,0.9397570756935447,0.05435522746983471,0.006210563625518527
58.309505224227905,0.6504243577046354,-0.06875996690947561,0.2285361545385218,-0.33999720995129745,0.9389049359687359,0.05304071769270187,0.006789750603229863
58.33446192741394,0.6504790213053289,-0.06715047409139854,0.22795860699684256,-0.34254853179725536,0.9380245287805691,0.052168563957066164,0.006994833864458365
58.354567527770996,0.6505622388493089,-0.06580365433712577,0.22760246826529332,-0.34462035311871975,0.9372874236459381,0.051775787242893744,0.006954534311455749
58.37956666946411,0.6506744654016522,-0.06411545392571398,0.2272740157968558,-0.34716078092675556,0.9363623763158101,0.05156941577901103,0.006744461497820229
58.40454602241516,0.650743333512051,-0.06235899034001993,0.227045946310037,-0.34962243112957053,0.9354378005076723,0.05177019796139665,0.006334321899417722
58.42944669723511,0.65079793236515,-0.06059215350126143,0.22688040948793314,-0.35195504261405636,0.9345436203249275,0.05215957184053564,0.005937066156881447
58.45443344116211,0.6508535237634825,-0.05894354076812003,0.2267620463119065,-0.3541078024648592,0.9337112840808403,0.052529119990611196,0.005620833167518746
58.47443723678589,0.650905435843111,-0.057691316667623525,0.22669277952346661,-0.35571280850769654,0.9330854371004978,0.052824205844932685,0.00543766626700659
58.494516372680664,0.6509592987742023,-0.056483653845358445,0.226637317709651,-0.3572120620933404,0.9324952732005592,0.053140935276464143,0.0053055773073859905
58.519439697265625,0.6510115055521838,-0.05511569271570566,0.22654392081260835,-0.3588901859648089,0.9318276808150564,0.05355801929093998,0.0051523051218926716
58.53948974609375,0.6510486370485672,-0.05410331065605729,0.22643770561570256,-0.3600883229232005,0.9313455140452429,0.05391045779330048,0.005059219278288937
58.564475297927856,0.6510945147012229,-0.052911762779166496,0.2262507412970179,-0.3614047924015382,0.9308080348720248,0.05438506089377385,0.005024281199806201
58.58950591087341,0.6511346969373106,-0.05187661681768939,0.22602788918248545,-0.36251614231999885,0.9303513210453427,0.054798142307682866,0.005062566806740911
58.60954427719116,0.6511343354349824,-0.05119821292267084,0.2258153536673128,-0.36326187426620543,0.930043731049632,0.05508325888994085,0.005030271438510981
58.63451385498047,0.6511110974395147,-0.050582886452323554,0.22553358952713012,-0.3639856292917543,0.9297473711277262,0.05531783597271896,0.004921846805015085
58.65454411506653,0.6510911334513684,-0.050217148840860884,0.22526750491768227,-0.36444885049160414,0.9295612584800768,0.055404634570003976,0.004819603253525602
58.67948126792908,0.6510882158966261,-0.049926565570362666,0.22485822379387663,-0.364894654941474,0.9293955324380052,0.0552512183768311,0.004810191928011881
58.69960331916809,0.6511047043212265,-0.049810758563129914,0.22450809158246843,-0.3651829793805317,0.9293037777715017,0.05487671819948568,0.004942265611906058
58.72456765174866,0.6511383373372233,-0.049775686764067455,0.22407950056818937,-0.3654810486722454,0.9292261311349272,0.05417483006998314,0.005242905391762005
58.74953818321228,0.6512105807674204,-0.04986323487723365,0.22370469706451485,-0.3656898878806264,0.92919447140813,0.05325448653632493,0.005700865828044196
58.77455163002014,0.6513049405707829,-0.049991278033895865,0.22331886526475794,-0.3658052501004299,0.9292009398818566,0.052274066804783824,0.006289217822547298
58.79944086074829,0.651408258488899,-0.05010290506865319,0.22293058161573975,-0.3658261102511796,0.9292396952274201,0.05134000087759585,0.00700358335820457
58.82444429397583,0.6515265169472286,-0.05020803226261564,0.22253818182317125,-0.36577171142104664,0.9293054152393481,0.050407902152975435,0.007844981053440897
58.84945774078369,0.6516778792317284,-0.05033987795220245,0.22214108720872439,-0.3656770230641266,0.9293897446696883,0.04936629396256442,0.008830986605155569
58.8744056224823,0.6518262626409398,-0.050470418471895144,0.22171241209805118,-0.3655789508743524,0.9294741802735638,0.04830083667085873,0.009839108646867588
58.89440655708313,0.6519058646410679,-0.0505627872674088,0.22135962562224187,-0.3655024078921844,0.9295349927849434,0.047562148225717894,0.010513280569390701
58.91941022872925,0.6519577176088569,-0.05067858498446765,0.22089613618562298,-0.3654048944636754,0.929605311082217,0.04678378259904024,0.011158243378725587
58.93952441215515,0.651981282774407,-0.050780295631625415,0.2205109130081522,-0.36532082762412293,0.9296616240441146,0.04621307473120776,0.011589193575435062
58.96444797515869,0.6519274703707815,-0.050871105812145316,0.219992576564207,-0.36521948016113037,0.929721827833698,0.04572762117921863,0.011875976670854478
58.984479665756226,0.6518085447141947,-0.05090767787730446,0.21955252794777153,-0.36513462509755407,0.9297642069440166,0.04553411653804725,0.011910888738553
59.009451389312744,0.6516229191453193,-0.05093785783210912,0.21897980812289605,-0.3650198960210649,0.9298146417245412,0.04546049987231363,0.011770747398699273
59.03443479537964,0.6514159345867617,-0.05098336582405878,0.2183936811927354,-0.36487901822779173,0.9298759344155488,0.045391562306732185,0.011560913580461627
59.05447840690613,0.6512133673205478,-0.05102408555731062,0.21791262377584142,-0.36455734628098846,0.9300050794405174,0.04538746740854322,0.011334517616513641
59.0794415473938,0.6509511565980466,-0.05108181013435098,0.21730404556726274,-0.36386456016474333,0.9302805109926751,0.04537652381389172,0.011032851449020453
59.099483489990234,0.6507500299310046,-0.051146037125749354,0.21680178171698125,-0.3628615350986452,0.9306764998224435,0.04534724404795463,0.010788256691193808
59.124459743499756,0.6505080641079272,-0.05121216121312687,0.21619741908086537,-0.3611950053413031,0.9313323542749686,0.045239883954281614,0.010562523201779856
59.14448857307434,0.6503099314651996,-0.05127521616986258,0.215703831256303,-0.35962139639814045,0.9319496574052182,0.04510556824961833,0.010381475211005
59.169501304626465,0.6500491605781438,-0.0513926831910581,0.21505122742503316,-0.3572553052671161,0.93287081455365,0.04493521150122526,0.01007556355258134
59.1944637298584,0.6497846246653393,-0.05152388058573003,0.21445333029987762,-0.35460098659540246,0.9338938589143244,0.044787722044150886,0.009719081355392211
59.219462871551514,0.6495363061592867,-0.05166398747890817,0.21388717051204392,-0.35183923037254106,0.9349485712484779,0.04464373078929484,0.00934143417724478
59.2395441532135,0.6493867384358175,-0.05179767128040239,0.2134435276031292,-0.34966546914707497,0.9357766554473976,0.0444299705032861,0.009060271935716027
59.26444602012634,0.6492606751969033,-0.051966507899412574,0.21293628436593384,-0.3471381933957786,0.936738719633983,0.0440267995395761,0.008791288045904054
59.28455686569214,0.6491989525565427,-0.052113965848070334,0.21259456716140285,-0.34542218077991643,0.9373958400909584,0.04357204667695433,0.008604228735856348
59.30956768989563,0.6491606223268366,-0.05234407666878745,0.21219140356938387,-0.3437204131540184,0.9380596546691562,0.04279028355148665,0.008327874499065214
59.33451008796692,0.6491437607044807,-0.052608925096201964,0.2117777537530434,-0.3424639471186067,0.9385680183418944,0.041746964341399385,0.008106222120748307
59.359405517578125,0.6491376813437674,-0.05286649055646806,0.21137639113110412,-0.3418072265025969,0.9388642916276914,0.0404883018753325,0.007896785711244761
59.37944293022156,0.6491405277291252,-0.05305654983530073,0.21104462396095153,-0.34175146313678084,0.9389336202846494,0.03936856984736003,0.00772721483732068
59.399494647979736,0.6491545028901928,-0.053228162298994915,0.21067998745942396,-0.342099032490352,0.93885920889662,0.038128558117045214,0.007605977654124792
59.424572706222534,0.6491740051792813,-0.053426565561224465,0.21021505487868905,-0.3430730201322223,0.9385711737922817,0.036459246244535747,0.007468463409422849
59.44949769973755,0.6491777133036968,-0.05363616496638482,0.20977394312564682,-0.3442595407444988,0.9382022297559917,0.03478041363226522,0.007229627531855292
59.47447919845581,0.6491637133013796,-0.05377982128263583,0.20931754354278284,-0.3454740382955611,0.9378125251798001,0.0332887402265627,0.006871408453290657
59.49950098991394,0.6491386384750738,-0.05382548657529806,0.20887858671805118,-0.34665533583121366,0.9374229471937846,0.03203407657910393,0.006489541766788936
59.52445697784424,0.64912185014519,-0.0537483905266713,0.20847337873932392,-0.3477335375723129,0.9370580277989707,0.03107101247118712,0.006183168149899704
59.549468994140625,0.6491151770209,-0.05356367063769293,0.20809243568627034,-0.3486695567149127,0.9367336878605118,0.030394352189968027,0.005976755197733429
59.56946921348572,0.6490944459022532,-0.053394464713411256,0.20779324248454523,-0.34927847117996513,0.9365185787423816,0.030066361366158176,0.005789227207269795
59.594399213790894,0.6490491046399715,-0.05317816617827076,0.20744118440153264,-0.3498986937036506,0.9362956669015362,0.029845239519019674,0.005530819365538036
59.61440634727478,0.64901306407449,-0.05305501846502362,0.20719142413726946,-0.3502422541820102,0.9361714645853171,0.029743038468196974,0.005357606154503187
59.6394100189209,0.6489812874035993,-0.05300590959116538,0.2069469184322266,-0.35051166074589024,0.9360766898611033,0.029575776132649268,0.005223011010759303
59.65957283973694,0.648958712135659,-0.05305358855580953,0.20679840560481533,-0.35057298381568375,0.9360578639844984,0.029456634995173772,0.005154119122020121
59.684526681900024,0.6489526313601981,-0.053139389087447204,0.20670419822154404,-0.35052075167611035,0.936080212669104,0.02936192871130741,0.005187988902702343
59.709527015686035,0.6489697661890076,-0.05324451454505389,0.20668439142552372,-0.3504442191145177,0.9361124438192375,0.029225012282427056,0.005314175989449193
59.729554176330566,0.6489858812310046,-0.05333374290196584,0.20669424598641992,-0.35039350722056306,0.9361348434550604,0.029098850144874525,0.005403877128427045
59.75446343421936,0.6489993699917539,-0.05353432008376947,0.20671781249952026,-0.35027971800316854,0.9361839332959613,0.028871717359160033,0.005494190578916968
59.779401540756226,0.6490125245212943,-0.05379364238782991,0.20674603411030906,-0.350134345905682,0.9362457338971373,0.02861237715647556,0.005585468164439447
59.79944705963135,0.6490306872642304,-0.0540232386062678,0.2067801891907139,-0.35000873235404817,0.9362988244975794,0.028391548638302684,0.005684935033260664
59.81945180892944,0.6490310894956843,-0.05426695614794861,0.20680690522365378,-0.34987104157514903,0.9363556004796246,0.02820743788063821,0.005725745843806687
59.839452505111694,0.6490162788558619,-0.05456970602245883,0.20682670203053943,-0.3496918262204279,0.9364279800556227,0.028025907595242813,0.005728293283564815
59.85946607589722,0.6489929242003575,-0.05495203297858271,0.20684690004555398,-0.3494801388302979,0.9365131924663502,0.02782573818452179,0.0056922047720040815
59.87947082519531,0.6489674343889845,-0.0553652484098653,0.20686839466730875,-0.34929514480692264,0.936589171141296,0.02760183940641736,0.005636024899900593
59.90449523925781,0.6489278894170802,-0.0559192166516719,0.20688078087822911,-0.3491043499703837,0.9366706573425666,0.027269827148093978,0.005530734918998266
59.92453980445862,0.6488875013286735,-0.0563515507834459,0.20686862829852665,-0.34900937081278227,0.9367153759453196,0.02697418193839185,0.005399727490797211
59.94455051422119,0.6488335112291913,-0.05682777938099142,0.20682152938571946,-0.3489162966709888,0.9367601513672041,0.026656737357481176,0.005220639784181407
59.964616775512695,0.6487757682322618,-0.05730795627912124,0.20673722959189195,-0.34880736188064193,0.9368101433614249,0.026357376896258812,0.005046610666379024
59.989583253860474,0.6486967791594335,-0.05785640384474213,0.2065911161458754,-0.3486633073471073,0.9368738832080282,0.026040933037418768,0.004805712679536069
60.01442790031433,0.6486148523477733,-0.058367875703878774,0.20643338562338878,-0.34851961829625383,0.9369357983578662,0.025778403959161793,0.004567198776225745
60.03942108154297,0.6485322150097048,-0.05887954957378476,0.20626220506691728,-0.34836611051549893,0.9370004612564716,0.025539224312731215,0.004351628150688438
60.059430837631226,0.6484611232301649,-0.059327633516993133,0.206109202510411,-0.3482045208383948,0.93706660504425,0.025344358954897412,0.004177661085048085
60.079489946365356,0.64838921500655,-0.05976846811645201,0.20594337968438242,-0.3480181667155569,0.9371410988569743,0.025176833195389277,0.004005437736205679
60.104466676712036,0.6482947974129705,-0.06030772267015263,0.20574335785663578,-0.3477794593765043,0.9372354049053861,0.024998722962580655,0.0037824955344044377
60.12942600250244,0.6481975477871713,-0.06086091749194665,0.2055635135306607,-0.34755154572329877,0.9373253638195838,0.024829471984596372,0.0035472125796707312
60.149428606033325,0.6481200215793285,-0.06132448675995982,0.20543458359843886,-0.34740178572651803,0.9373865852553569,0.024642631031014994,0.003336134068213033
60.174399614334106,0.648025184761373,-0.06189775092737366,0.20528911246639914,-0.34732919626896447,0.9374233275577019,0.024306468699113515,0.003021576570372573
60.19940519332886,0.6479330494887311,-0.06246460176674294,0.2051731851065833,-0.3473988779090649,0.9374095242991062,0.023882447740909737,0.0026518018719592753
60.22438907623291,0.6478380764114522,-0.06306471791331916,0.20508297099347644,-0.3475452962988198,0.9373687951321682,0.023387709029321267,0.0022414214247235015
60.24445676803589,0.6477571710359448,-0.06355013312056546,0.20501402366964877,-0.34777679883380685,0.9372958060225561,0.022901069143161104,0.0018469525039215874
60.2644624710083,0.6476687205804765,-0.06405274738951595,0.20493763310709712,-0.3481241215685666,0.9371815853192045,0.022324326355042917,0.0013771551527196324
60.28944277763367,0.6475767888453554,-0.06462778425562912,0.20487619941509722,-0.34872704577894187,0.9369756336445962,0.02157459536191907,0.0008038946268054339
60.31444787979126,0.6474848503659132,-0.0652200043807901,0.20485486021174765,-0.35083592258019813,0.9362091855905931,0.020651596278876475,0.000172085115052744
60.33446025848389,0.6474056423742215,-0.06571427072828728,0.20484623466283536,0.35429855265321847,-0.9349222352784957,-0.019819478706900914,0.0003706212382432663
60.3594446182251,0.6473208691885982,-0.06620961167134484,0.2048521647317792,0.3598572637735497,-0.9328154653558329,-0.018898232978341926,0.0009561023157980335
60.379448890686035,0.6472736768601874,-0.0664642084459431,0.2048547692039967,0.36456171817644556,-0.9309969347260313,-0.018380284496991174,0.0012752781947188427
60.404417276382446,0.6472315288553743,-0.06665915639948684,0.2048498835558611,0.37077122947160407,-0.9285493919365966,-0.01795625150485747,0.0015149874659620948
60.424460887908936,0.6471883016850093,-0.06678873987451504,0.2048350610029242,0.37606084878757534,-0.9264239096343904,-0.017723541601529762,0.0016893016262854673
60.449392318725586,0.6471206500506135,-0.06693965362153477,0.2048257771796928,0.38248776794903677,-0.9237885445136826,-0.01772726630067844,0.001891146499885584
60.46943163871765,0.6470105661480727,-0.06697973171552044,0.2048151884592842,0.38693387167495796,-0.9219249207970031,-0.018207482785301345,0.002259864322853928
60.49441313743591,0.646831396186234,-0.06700205796042026,0.20481451738340714,0.39128106734688445,-0.9200688921702612,-0.01907202951138284,0.002935589556808283
60.51443123817444,0.6466930552765338,-0.06704919956040002,0.20479654823979726,0.3937451976014268,-0.9190015719842429,-0.019721561729441388,0.0034481965278002707
60.534451484680176,0.6466084966806828,-0.06715177370332552,0.20475462297578376,0.3952476397817086,-0.9183456221053681,-0.020182397832635104,0.003645875594559788
60.55941128730774,0.6465537476274725,-0.06740987138748601,0.204688688200851,0.3960109041098976,-0.9180112564133944,-0.020434286089030123,0.003624483033208068
60.579432249069214,0.6465102125498917,-0.0677410121360913,0.20462699587489086,0.3958182355994236,-0.9180926789407196,-0.020516223201239404,0.0035835484091382703
60.599507570266724,0.6464478091930316,-0.0681879901009979,0.20456437687321935,0.3953442217539933,-0.9182952129631617,-0.020591056248481922,0.0035856066773856826
60.62444996833801,0.6463494795798332,-0.0688650012828986,0.20448797704878452,0.3946501364862392,-0.9185900748204409,-0.02074756463664131,0.0036170114317675027
60.649476051330566,0.646246348462125,-0.06960074465068869,0.20443179765966407,0.39394233682208774,-0.9188906142859965,-0.02088264208370112,0.0036591638599173
60.67442965507507,0.646136939797791,-0.07039595311347913,0.20439669664634488,0.3931838061849317,-0.919211716962435,-0.021037291667035055,0.0037076001261851605
60.69939947128296,0.6460205867156571,-0.07118049705903051,0.20440577226193787,0.39241046494972115,-0.9195362680260852,-0.02127759140109581,0.0037871992312105713
60.71947741508484,0.645924257038615,-0.07184155937221952,0.2044228732606731,0.39175329722839863,-0.9198104600759393,-0.02152640776368431,0.003832155001748611
60.739511013031006,0.6458155375516076,-0.07248429487849943,0.20443402321124726,0.39111432250491474,-0.9200748326512795,-0.021828588273293346,0.003924509867308042
60.75954008102417,0.6457051564483931,-0.07312191443216311,0.2044360413114164,0.39048645844469826,-0.9203335807529774,-0.022144257157667803,0.004007216449066696
60.78445816040039,0.6455770867214781,-0.07382256829346896,0.20443699469664472,0.38978676959033143,-0.9206198780918662,-0.022547722203829012,0.004112728454363986
60.80455160140991,0.64548608999342,-0.07431474561618757,0.2044325902629766,0.3892749570644408,-0.9208282998263424,-0.022867186540767692,0.00416435107578792
60.82951378822327,0.6453915423927279,-0.07488977936670857,0.20442833392629328,0.3886750755313765,-0.9210738437796288,-0.023178298563637505,0.004174498714821493
60.854418992996216,0.6453040759405477,-0.07547778720923061,0.20442531235773653,0.38807910498140674,-0.9213188189838304,-0.023430584086897865,0.004153287535874526
60.87445020675659,0.645227730409689,-0.07595676437413744,0.20442538338274874,0.38759734371999477,-0.921516182377805,-0.023640270322916598,0.004166817650174978
60.89449191093445,0.645132458747566,-0.07647865056409033,0.2044271673465315,0.38708162344157093,-0.9217253523415774,-0.023919676024405215,0.0042474396136995525
60.91945767402649,0.6450137478016653,-0.07706787845967872,0.20443275656231064,0.38650148069701656,-0.9219589791977829,-0.0242677865846173,0.0043955230237301005
60.944403409957886,0.644888503328366,-0.07774125030577556,0.20443565356674526,0.3858789468936532,-0.9222110510665407,-0.024571277205544088,0.004524153545437547
60.964412689208984,0.6447937234457437,-0.07824114616341717,0.2044406755092658,0.3854053345779063,-0.9224022089264068,-0.024809375136179344,0.004624710074285195
60.9894015789032,0.6446457278958425,-0.07895970396495841,0.20445316512345993,0.3847337670190741,-0.9226709934103526,-0.025193979455908674,0.004840437590699331
61.0094518661499,0.644529237269572,-0.07945119718036547,0.2044593852464684,0.38424997089465407,-0.9228614277739811,-0.025560244741217777,0.005041714473512837
61.02950048446655,0.644404146160473,-0.07996996931688856,0.20446168137025256,0.38375313715500853,-0.9230567753847794,-0.025924911888587615,0.005255290939206083
61.04952430725098,0.6442784660552822,-0.0804410375556503,0.20446260554572726,0.38328957049124496,-0.9232368260009102,-0.026318400568187,0.005496367711486325
61.06962299346924,0.64416478420527,-0.08087397864712861,0.20446722948756768,0.38285821471153136,-0.9234040108092931,-0.026683044961498537,0.005712736430049242
61.094563245773315,0.6440285402486059,-0.08142867851403604,0.20446889791648024,0.3823256825452143,-0.9236112057913153,-0.027092194524057162,0.005951974308472773
61.119483947753906,0.6439180198446021,-0.0819384280372412,0.20445091852675043,0.38184419305282147,-0.9238010001119368,-0.027378516072829602,0.006094364954587956
61.1395378112793,0.6438490112957597,-0.08236492556499816,0.20443338454307802,0.3814409407269256,-0.9239630261329833,-0.027529131009818963,0.006105900534131961
61.164480686187744,0.6438103613310318,-0.08280630569791239,0.20443664015629676,0.3809826465975594,-0.9241493614375839,-0.02764592582175662,0.005990286796130412
61.18947100639343,0.643784856770948,-0.08324050257827585,0.20444926140172082,0.3805101798771121,-0.92434134816904,-0.027766881102040102,0.005837412690921051
61.214449405670166,0.6437584758750633,-0.08360710556309835,0.20445194858901014,0.38007163089678386,-0.924518567364032,-0.0279031458062078,0.005691084019970806
61.23944664001465,0.6437212369643293,-0.08396746934607288,0.20445463392248525,0.37963686598346746,-0.9246938780982678,-0.028039256333841595,0.005557147781380963
61.2644317150116,0.6436894326124858,-0.08427223330754705,0.20445032871267088,0.37925454058604263,-0.9248475212813084,-0.028169045728070673,0.005436973828915605
61.28446912765503,0.6436690779699965,-0.08449171714551014,0.20443477789980163,0.378968661445558,-0.9249620827497329,-0.028271973222609787,0.005347396753735209
61.30945825576782,0.6436637241159439,-0.08464734360149,0.20442309019583343,0.3786811409615046,-0.9250762439252831,-0.028413370139544435,0.005216972241051793
61.33447623252869,0.6436599361959006,-0.08471310559555012,0.20440350083257605,0.3784286148089364,-0.9251752160350426,-0.028578713756282105,0.005085297348867873
61.35949993133545,0.6436565052978679,-0.08474402873858398,0.20435476953236853,0.3781793048040431,-0.9252720909325362,-0.02876391660629113,0.004960670723403411
61.38444256782532,0.6436725305647649,-0.08474435204212147,0.20431130885606505,0.3779608550676163,-0.9253565386731814,-0.028941499637985122,0.004822651500074338
61.40945315361023,0.643700155520442,-0.08473178239278219,0.20429088256765532,0.3777972420700307,-0.9254200808443439,-0.029066808746391278,0.004694515194504565
61.42945718765259,0.643705333949064,-0.08477293160273215,0.2042680802693299,0.37766850188278,-0.9254716149334257,-0.02910635754383609,0.004648934138056837
61.449524879455566,0.6436937587543499,-0.0848765364082585,0.20424202811361125,0.3775132935140579,-0.9255354361423715,-0.029090672494129284,0.004647842636063564
61.47443604469299,0.6436716232626345,-0.08502284294510538,0.20419976398010134,0.3772807468749509,-0.9256304000109791,-0.029086700160603312,0.004643757979177365
61.49444222450256,0.643661891583885,-0.0851628282769879,0.20417536403043918,0.37704873574253484,-0.9257246977852901,-0.029100214304806884,0.004605681913903126
61.51938056945801,0.6436496750606701,-0.08533773811142828,0.20414148883730654,0.3767435203473966,-0.9258481061646996,-0.029136605771699426,0.004545590314312972
61.53942823410034,0.6436267874458673,-0.0855155417913866,0.2041035294242424,0.376486156501897,-0.9259525381091641,-0.029147892824800042,0.004524541012006255
61.56438326835632,0.6435919146872517,-0.08577586431034061,0.20404657149078576,0.3761449725761477,-0.9260909909042914,-0.029156776313112413,0.004507611135231708
61.58441972732544,0.643571413004575,-0.08600929310367263,0.20401592451481998,0.3758496230636839,-0.9262104352065883,-0.029177771389470114,0.004466342706105997
61.6093966960907,0.6435516369497011,-0.0863141452518596,0.20399407889457102,0.3754588605572109,-0.926368259505703,-0.029210007761385742,0.004389447471949139
61.63457274436951,0.6435121267554702,-0.08661711141511437,0.2039611463402771,0.37505098503400225,-0.9265322269951873,-0.029258226581996186,0.004329796595419522
61.659517765045166,0.643461529775864,-0.08694359391124291,0.20390798398453264,0.3745655211444881,-0.9267258972465163,-0.02935453966611121,0.004253557440364431
61.67952609062195,0.6434403587415578,-0.08715019310845891,0.20386946148449397,0.37397230303319184,-0.9269575442467661,-0.02963571618834866,0.004018962449655675
61.70453143119812,0.6434335132348915,-0.08734499566315417,0.20381086212836663,0.37282614285470145,-0.927398298448408,-0.030350827623818664,0.003448259896656932
61.72944760322571,0.6434329073751824,-0.087516755977106,0.203743952442223,0.37140113161859034,-0.9279404145435054,-0.03131291957944133,0.0026995454287476596
61.74944877624512,0.6434043853532009,-0.08777179858948597,0.20367943261528132,0.3701531629480583,-0.9284132081572912,-0.03210814070870432,0.0021489918475444333
61.77441453933716,0.643351885808088,-0.08817379336087462,0.2036182254286781,0.3684671960755808,-0.9290449102270991,-0.03324552106930326,0.0014884671703774307
61.794443130493164,0.6433243615627661,-0.08850400372067073,0.2035997906905451,0.3670294410731252,-0.929579959230644,-0.03420202696049433,0.0008426987539165254
61.81446027755737,0.643301414002503,-0.08887213703771331,0.20359570945797514,0.3655257731444599,-0.930136926857507,-0.035159389938185764,0.00014045746161237634
61.83446288108826,0.6432753848870083,-0.08926955026222456,0.20360670919590745,-0.36400700689479115,0.9306957168915859,0.036111656461094294,0.0005741551695979584
61.85940718650818,0.6432366184660028,-0.0898406445026097,0.20363639040986786,-0.3621947592646157,0.9313606791976784,0.03715225362987055,0.0013970135919069762
61.8794379234314,0.6432026356472915,-0.0904359199556107,0.20367907680729588,-0.3608064101752003,0.9318728820393943,0.037784691370885456,0.0019957907670573724
61.899446964263916,0.6431798407212448,-0.09105829391542909,0.20372986722415648,-0.3595768251556552,0.9323275902171575,0.03825324075520788,0.002541830516673677
61.91954588890076,0.6431290934127847,-0.09177914355298791,0.2037725198344617,-0.3585509730931923,0.9327119283186821,0.0384870697327686,0.0028989500028848
61.944464683532715,0.643029490500515,-0.09263995947884762,0.20378052312336514,-0.3577296386204256,0.9330267762921555,0.038489858665913965,0.0030118337575443326
61.964532136917114,0.6429509311363554,-0.09322088299086895,0.2037743214886404,-0.3573450514031418,0.9331797836874773,0.03835693881092035,0.0029581778372999123
61.98946285247803,0.6428527984656424,-0.09389711031842259,0.20373430305401927,-0.35707221467035183,0.9332971778676249,0.038055950449360054,0.0027488017053040486
62.01447534561157,0.6427707436426588,-0.0944679651282304,0.20368756099156254,-0.35716267608978003,0.9332850131077702,0.03752893087104331,0.0023423163611070415
62.03944182395935,0.6426906077698089,-0.09498668702150997,0.20366147809573687,-0.35754046000504597,0.9331704866486872,0.036803541755432295,0.001778076731292354
62.06450176239014,0.6426338042143669,-0.09532362539450714,0.20365656536846566,-0.35823860053645407,0.9329375592407433,0.03593637826187213,0.0010919692916658101
62.08946371078491,0.6425905152485686,-0.09558874718309475,0.20367764050141202,-0.359080489265565,0.9326495223936618,0.035013327589324385,0.00036955142426572745
62.11437678337097,0.6425560294131174,-0.09582008758622147,0.20371892685330092,0.3599770668486896,-0.932339398343372,-0.03405325864863923,0.00036391173236918485
62.134499073028564,0.6425238718181829,-0.09603324238226656,0.20375775406666113,0.36065506952266974,-0.9321044588980791,-0.03329134666766658,0.0009407318183519189
62.15947890281677,0.6424714730918033,-0.0963479034169889,0.20379278552705155,0.36140450263962304,-0.9318448951016183,-0.032391517207412276,0.0016329647476954383
62.184391021728516,0.6424244960865161,-0.0967154843135847,0.2038236628347192,0.3619852777179631,-0.9316466119970899,-0.031563367274418865,0.0022367235462893817
62.20939326286316,0.6423747492722538,-0.09717518372403054,0.20385005652982718,0.3623338151627049,-0.931534169456091,-0.030835305099211077,0.0027352273404434415
62.2343807220459,0.6423293672615491,-0.0977109830651238,0.20387116290392868,0.3624197814051908,-0.9315179643092321,-0.03027706997446101,0.003079487030160021
62.254435300827026,0.6423057000557958,-0.09818357750675077,0.20389641463692587,0.36228271353463604,-0.9315813805112081,-0.02995108467157463,0.0032092819137947716
62.27449107170105,0.6422893321107527,-0.09867823452461236,0.2039189870523518,0.3620152972395247,-0.9316936951751184,-0.029686113638117004,0.003243085208148985
62.299397706985474,0.6422538998833538,-0.09938086764024444,0.20394232257915196,0.3615826298783335,-0.931871609276408,-0.02936998776514558,0.0032725222466932725
62.319498777389526,0.6422040944706104,-0.09996725408068387,0.20393781605078026,0.3611956994152216,-0.9320275222805879,-0.02917899045701754,0.0033092183997437403
62.344438552856445,0.6421017664416789,-0.10072920004963255,0.20388200391990682,0.3606871100036088,-0.9322299567498884,-0.02899152434943417,0.0034070413525531264
62.36460041999817,0.6420101261042386,-0.10131476780888848,0.2038063326836701,0.3602458468952597,-0.9324030984642175,-0.028902530118024312,0.0034692232980080085
62.38954162597656,0.6418909673106664,-0.10202479402300979,0.2036756560972623,0.3596610398691008,-0.9326303702230749,-0.028844216766040487,0.0035411986863957776
62.409552574157715,0.6418108821111821,-0.10249278139504994,0.20356775594153864,0.35926264950773046,-0.9327846009700161,-0.02881504415002584,0.0035958437537423086
62.43445634841919,0.6417105316938704,-0.10305863400139204,0.2034461060832289,0.3587849711932876,-0.9329695237314372,-0.02877047307231685,0.003670438075068191
62.459545612335205,0.64164619956042,-0.10360368948276849,0.20336656678174428,0.35833795209033303,-0.9331444351070071,-0.028667556921118612,0.0036805577877111213
62.484445571899414,0.6416198356826547,-0.10416534859316423,0.20335721823655561,0.35791319688238593,-0.9333138583416832,-0.028464639142381325,0.0036262444304560903
62.50943899154663,0.6415975060691426,-0.10471830846857125,0.20339415852544762,0.3575403809695621,-0.9334647431858593,-0.028203070244561406,0.003610542631192866
62.5344877243042,0.6415839706248982,-0.10519877418441388,0.2034554611033923,0.357213226896795,-0.9335968570287345,-0.027978741876982793,0.0035789754519316695
62.554492235183716,0.6415851006625328,-0.10556796144288982,0.20351425100500348,0.35696665506428615,-0.9336972954407708,-0.02778181272354457,0.003512625915745878
62.57947826385498,0.6416086251242329,-0.10603154162283474,0.2035986645628194,0.35667425156168653,-0.9338184941922825,-0.027477323288153707,0.003390410122776839
62.60447955131531,0.6418155062415829,-0.1064858173825805,0.20378803352712646,0.35645351803891395,-0.9339148331342139,-0.02709637296326452,0.0031241786243994354
62.62944316864014,0.6423761632185367,-0.10702430818744244,0.20405928845036525,0.35634051352497936,-0.9339773762462956,-0.026473831377806293,0.002614444745124724
62.65441632270813,0.6432608419726062,-0.10765706763481,0.2044606771333191,0.35631514319357244,-0.9340132001043427,-0.02560449393240652,0.001808480576227659
62.679412841796875,0.6443898066236554,-0.10840771785080115,0.20493699560012324,0.35631218459015107,-0.9340439771578104,-0.02455342708315569,0.0007778137483386969
62.6994252204895,0.6454341245957319,-0.10908392702227787,0.2052188815418399,-0.35636336989782985,0.9340491901142886,0.023606413567265786,7.25728565532481e-05
62.72438073158264,0.6467226148483989,-0.11006274205173538,0.20532574917115137,-0.3563934353995494,0.934063911531546,0.022526846504114902,0.0009324723947766028
62.744380712509155,0.647507852909924,-0.11083515080282848,0.2050986185947501,-0.3564691703147502,0.9340432819584947,0.022185918257255504,0.0008141133198735943
62.76447153091431,0.6479459596807869,-0.11162482483744245,0.20454995370332701,0.3566052122731532,-0.9339803856729568,-0.022651161386483015,0.0005352138084160709
62.78450584411621,0.6480462569678499,-0.11233704755241647,0.20382496265415234,0.35682206615636103,-0.9338566547374657,-0.02407770555551726,0.003166322547699633
62.809380769729614,0.647820577140896,-0.11303384315821637,0.2028699694823558,0.3569375737993301,-0.9336977327118474,-0.027298182618292668,0.007676038371954389
62.829407691955566,0.6476997214037071,-0.11331416812325144,0.20243569686151447,0.3569467455380826,-0.9335556575515183,-0.030543761373329148,0.011398848386543313
62.85438108444214,0.6479266272799616,-0.1134796164378698,0.20250140275142675,0.3570507026131686,-0.9333272344862145,-0.03435114128156164,0.015331934708189082
62.87443947792053,0.6483969724431439,-0.1136164690688724,0.20288916818294317,0.3572324164011893,-0.9331287708209902,-0.03665555490135936,0.01766544744574329
62.899449586868286,0.6493286399746511,-0.11390260236899533,0.20372325347274645,0.35743355694273404,-0.9329555597721237,-0.03833037613013493,0.019130032076514904
62.919506549835205,0.6501878713749127,-0.11422694705404679,0.20443548092614694,0.35751910929812863,-0.9328910054226425,-0.03892622008662456,0.019473260591249344
62.94437050819397,0.6512119509942603,-0.11476985615914542,0.2052725491520242,0.3575014138878877,-0.9328882128811945,-0.0391819709426691,0.019418920897046985
62.96438407897949,0.6519123022159914,-0.11527093171601473,0.2058204335087094,0.35742593831976,-0.9329272890480469,-0.03906620745133644,0.019162552052203966
62.98441481590271,0.6524280887671943,-0.11581653286984181,0.20615021910074424,0.35731002352835256,-0.9329917129032749,-0.038719702228045626,0.018889028532968744
63.00937533378601,0.6527790234765642,-0.11649473653752351,0.20624094904101437,0.35707777655280576,-0.9331084536724624,-0.03817146537129569,0.018628322730612
63.02941560745239,0.6527689167394289,-0.11688764125106076,0.20604714132677837,0.35689007518379834,-0.9331847466784905,-0.03798363808822604,0.0187868581602416
63.049466609954834,0.652594088035351,-0.1171808251370528,0.20573008552024735,0.35674456941645344,-0.9332359414797763,-0.03789374160433219,0.019184735326529378
63.074413537979126,0.652162351362145,-0.11751195980792077,0.2051304563704552,0.35664734304287066,-0.9332580857038303,-0.03780951625035123,0.02006137207711265
63.09441590309143,0.6516094900293697,-0.11779366005949393,0.20454640239138133,0.3565692886822147,-0.9332678533638494,-0.03777382881466499,0.021037920592671264
63.11443018913269,0.6510121043075892,-0.1180143009354178,0.2039229377680224,0.3564678141165089,-0.933281712432977,-0.03783947074638121,0.02200266326082443
63.13942623138428,0.650359856164915,-0.11821870657704098,0.20320215618252008,0.35623562346747395,-0.9333424868482745,-0.03798739004372476,0.022911591263117526
63.16451025009155,0.6498626836640065,-0.11840120258482144,0.20276772787249805,0.35598617343893485,-0.933417790882741,-0.038093321140132155,0.023536585742977505
63.18942880630493,0.6494151548896894,-0.11867425645887236,0.20266091690492896,0.355695750136549,-0.9335161847408686,-0.03809890778472234,0.024011234606143874
63.20943880081177,0.6490819517815988,-0.11894473820933378,0.20280299266526502,0.35543034130402623,-0.9336162001415469,-0.03798441762764419,0.024233186566252715
63.23441958427429,0.6485591998365018,-0.11937577565241085,0.20316481926727556,0.3549814826598933,-0.933787790628605,-0.03782586666365185,0.024448166658243866
63.25442314147949,0.6480009470304038,-0.11976240348673832,0.2034912629596098,0.3545341861454782,-0.9339537894465975,-0.03777195520303406,0.024680142476501306
63.27450752258301,0.647341885811875,-0.12015112493450156,0.20380400301360752,0.35404790068067776,-0.9341305356914452,-0.03776134235376381,0.024986142874838156
63.294522762298584,0.6466102595141432,-0.12053364835721049,0.20403128632781342,0.3535393824802247,-0.9343161012083911,-0.037730705257638726,0.02529272501684545
63.31946611404419,0.6457076878960958,-0.12098277038401176,0.2042376665794977,0.3529273580825667,-0.934566854100395,-0.037263726149797824,0.02526835663712268
63.339521408081055,0.6450465637668853,-0.1213491385567866,0.2043842886529083,0.3524511895907583,-0.9347878401958454,-0.036497188793967385,0.024855743562827638
63.36447739601135,0.6443501473813841,-0.12179454515517446,0.20452856823086507,0.351905679187201,-0.9350669624578478,-0.035192880612679646,0.023950570550430924
63.38943886756897,0.6438478657872342,-0.12220793016585713,0.20462057416789636,0.3514438946034636,-0.9353335352717203,-0.03356039024644588,0.022628896319472236
63.40946555137634,0.6436005551654361,-0.12254448334733781,0.2046725544807706,0.3511245340419071,-0.935541561735096,-0.03196769300492013,0.021251222647569998
63.43443489074707,0.6434431423540756,-0.12297314169978818,0.2047543164064033,0.35077942310815835,-0.9357855930550975,-0.029771546150410434,0.019307387035871416
63.454442501068115,0.6433278077878342,-0.12330484076746877,0.20471207790839108,0.35052411749806844,-0.9359605832834538,-0.028114016855691672,0.017895017420819444
63.47943687438965,0.6431670244466291,-0.12368618940267971,0.20462092604517876,0.3502384689815483,-0.9361423385403399,-0.02640486283424933,0.016532394141408648
63.49946141242981,0.6429473520999035,-0.12396915653152979,0.20448352468310338,0.35000333769428943,-0.936266011624995,-0.025479357677801497,0.015950592796860195
63.51954460144043,0.6426966259250213,-0.12420001663227001,0.20432963344177696,0.34978061623933454,-0.9363666106312807,-0.02496628327285387,0.01574089252852931
63.54441785812378,0.6423796743458111,-0.12441301440438697,0.2041239139780597,0.3495308139289861,-0.9364608203709348,-0.024821331535563592,0.015913627021784928
63.569387435913086,0.6421413530195402,-0.12458184278475123,0.2039695442037758,0.34935248433068394,-0.93652138432037,-0.024840834527833724,0.016231800342388376
63.589436769485474,0.642070268886063,-0.12470763463730479,0.20389827529573562,0.3492031106030514,-0.9365760650522564,-0.024819950928252826,0.016322743391488478
63.61436676979065,0.6420250526328957,-0.12489925052852263,0.20383502928467506,0.3490138326043825,-0.936646466544039,-0.024766206202896827,0.01641268993324085
63.63937449455261,0.6419562985110849,-0.1251454311236631,0.2037863925200329,0.34876153192988796,-0.9367386269903164,-0.02475791452729705,0.01652828541491894
63.65938401222229,0.6418883285859187,-0.1253709258951574,0.20377750812930034,0.3485531930896106,-0.9368126658926331,-0.024800955974556345,0.016661728395116964
63.67945313453674,0.6417956257108735,-0.12568695939402222,0.20378210406966613,0.3483078611872484,-0.9368995653067498,-0.0248302931475528,0.016861047000074795
63.69947862625122,0.6416750641115334,-0.12607839155473885,0.20378234263638306,0.34804358372392924,-0.9369917788367175,-0.024859080053053997,0.017149237886796752
63.7195405960083,0.6415394869832227,-0.1265339642137429,0.2037803279871397,0.34776073529687684,-0.9370908259024938,-0.024869450152489404,0.017457532600522664
63.7445113658905,0.641360837820985,-0.12714360874913513,0.20377841281370418,0.3473791744679481,-0.9372242236629189,-0.024899087006746836,0.017846545648860932
63.76451539993286,0.6412215436105179,-0.12764134180207062,0.20378195857636447,0.3470890392847588,-0.937326166743059,-0.02490502449684461,0.018127208875099502
63.78943634033203,0.6410513345851307,-0.12832173123924734,0.20376981310671227,0.3467058047702797,-0.9374645567461567,-0.02481480355906049,0.018425941163144024
63.81437683105469,0.6409089945593868,-0.12903581778929613,0.20375375772559406,0.346346046732972,-0.9375992460065228,-0.024635089311438527,0.018579078948912545
63.8343939781189,0.6407983580389383,-0.1296002171843746,0.20374384921949562,0.34615106566805176,-0.9376737471125285,-0.0244354009770797,0.01871616659148029
63.85442328453064,0.6407001283045709,-0.1301314426421311,0.2037356925830083,0.34606924040216025,-0.9377070440513215,-0.02419307652182055,0.018875259792522303
63.87947487831116,0.6405780152108347,-0.13085240447119417,0.20373561011793523,0.3466824755288221,-0.9374864311497857,-0.023739332385332323,0.0191545469579225
63.904446601867676,0.6404119572955389,-0.13173186661016673,0.20372039896627364,0.34903277799021193,-0.9366221849087148,-0.023006506341044845,0.019639330213135138
63.92444849014282,0.6402582401965176,-0.13249907097001154,0.20369851515909648,0.351848087821104,-0.9355738692714523,-0.022365446906083174,0.020105845352550635
63.949424505233765,0.6400615242501166,-0.13338942628499553,0.2036554064005594,0.3560022722341752,-0.9340049628868838,-0.02162220709622666,0.020726592270888654
63.97443461418152,0.6398777711797087,-0.13416327544589673,0.20359060721337074,0.3601415762917837,-0.9324200027487866,-0.02095268388786154,0.021259551686462087
63.99449586868286,0.639742731333022,-0.13468731105199783,0.20353198508059553,0.36316956419489854,-0.9312454232021184,-0.020567524976572143,0.021605701183840396
64.0145161151886,0.6396208970959084,-0.135124936105027,0.20346065711197728,0.3656782476523849,-0.9302618026802321,-0.0203478725625631,0.021871482585114656
64.03947830200195,0.6394812554511197,-0.13565331180791,0.20336812832969683,0.36784127750615675,-0.9294067955034488,-0.020243107748038898,0.022045852738866327
64.05950355529785,0.6393800279364062,-0.13605884298156104,0.2032914316069122,0.36885728967880776,-0.92900310612855,-0.020217754941253795,0.022108166805345737
64.08442044258118,0.6392462624330627,-0.13661864325354442,0.20321470195235058,0.369379074747065,-0.9287951189952232,-0.020187864217455644,0.02216249552967406
64.10946583747864,0.639122584282248,-0.1371911563757548,0.20317724351671745,0.36936903759499573,-0.9287999384574622,-0.02016904967359627,0.022144927700614558
64.13447427749634,0.6390164354722309,-0.1377776761067906,0.20319155561476565,0.36896956642408746,-0.9289626332951061,-0.02005851792115245,0.022080327279018014
64.15936636924744,0.6388948199609836,-0.13846168891791297,0.20323792106315575,0.3684284710159898,-0.9291816203889804,-0.019921143375062244,0.02202557883095729
64.17940354347229,0.6387723174157152,-0.13910679090885647,0.20327565234662645,0.36793861221329827,-0.929378614920792,-0.019815373968031538,0.021998152761517075
64.20436453819275,0.6385884147166394,-0.14006817580360278,0.2033165906935398,0.3672251173028096,-0.9296653142651827,-0.019668713127477276,0.02193760237393879
64.22437691688538,0.6384327710900863,-0.1408957683733765,0.20333434427631433,0.3666476433319295,-0.9298980914925659,-0.019521393821744448,0.021862302273345027
64.24937629699707,0.6382233357179947,-0.14201086203586216,0.20333476046427035,0.3659139391679448,-0.930194541788913,-0.019313371077927882,0.021727798935356174
64.27445554733276,0.6379784366647062,-0.1432218191707427,0.20329291737907634,0.36518383851114355,-0.9304870608780107,-0.01916728244466823,0.02161501589795484
64.29467463493347,0.6377747500754608,-0.1442075685903828,0.2032490378195232,0.36465273368046147,-0.9306984556406358,-0.019101416100232485,0.02153843984490692
64.31942009925842,0.637504536837738,-0.14551722545590204,0.20317697292259426,0.3639667603335269,-0.9309702546782065,-0.019048567942994768,0.021441416365716465
64.33942866325378,0.6372897706260273,-0.1465790598369972,0.20311100544607272,0.363592713535302,-0.9311190884584879,-0.019023815101891932,0.02134657422404283
64.36438083648682,0.6370231685738046,-0.14794366317780394,0.20302738924006358,0.3632576804220246,-0.9312546250412332,-0.018953294244448363,0.021200320541279575
64.38442254066467,0.6368204656504295,-0.14903249414660946,0.20296703615665632,0.3630636947690455,-0.9313347406605437,-0.01890551643483919,0.02104604066975209
64.40442538261414,0.6366425139551971,-0.1500630268856551,0.20293044567522361,0.36299660703899855,-0.9313655913041713,-0.01888224941869556,0.02085807445303695
64.42445707321167,0.6364594764584551,-0.1511375150605998,0.2029068925799967,0.36304202942079117,-0.9313538100269643,-0.018829193452379857,0.0206404189870633
64.44939541816711,0.6361866276172958,-0.1526104314830962,0.20289630146471888,0.36327030446378944,-0.9312709756334662,-0.018783941770203903,0.02040145508125604
64.46939587593079,0.6359268581627253,-0.15390009669954552,0.2029061665319858,0.36351366654785616,-0.9311802296116097,-0.01875022292813687,0.02023915396308498
64.48948192596436,0.6356491876838464,-0.15526358359424247,0.2029386055300419,0.363732230498054,-0.9310990052119312,-0.01874341415026613,0.020054710575519403
64.51436400413513,0.6353112650864124,-0.15695358299193107,0.20299675391197003,0.36396846852944004,-0.9310127903695,-0.018740777822125142,0.019771730605952085
64.53442358970642,0.6350483746300706,-0.1582799566294949,0.2030489384010149,0.3641576467311875,-0.9309435819528094,-0.018748184349676445,0.019538708536807024
64.55940580368042,0.6347024061130048,-0.16000955715769005,0.20312367213888732,0.36435344173181144,-0.930873258263551,-0.01869685139004883,0.0192866351648489
64.58436942100525,0.6343243339267818,-0.16185403093271788,0.20319994947112613,0.3643915446042958,-0.93086493269171,-0.01860967418150305,0.01905149160405781
64.60443353652954,0.6340204664859506,-0.16331760179856097,0.2032528511866234,0.36415703396286087,-0.9309611105745995,-0.018604506186595596,0.018839786687536525
64.6293876171112,0.6336941498432721,-0.16499174715481674,0.20332810793074635,0.363557068075948,-0.9312002601027604,-0.018704750608945744,0.018505840738408007
64.65442657470703,0.633612702827256,-0.16650931037024383,0.20354000625587276,0.3628978902299259,-0.9314694945270092,-0.0186425262361084,0.01794876730198322
64.67442798614502,0.6337993014244161,-0.16766709333650023,0.2037987781505471,0.36262066014125083,-0.9315932384537376,-0.018435678205060986,0.017332647666628172
64.69935250282288,0.6342614202004773,-0.16915680932794835,0.20423867185804906,0.3623168111958709,-0.9317370304280649,-0.017974227076483905,0.016418331677454698
64.719398021698,0.6347008887820401,-0.17036770285456954,0.20459761309621444,0.36217851255992556,-0.9318109474310288,-0.01754641779735834,0.015722802243479543
64.74440741539001,0.6352587691842996,-0.17192376238167734,0.20510133154084448,0.36200675395161597,-0.9318937354065331,-0.01723046396265535,0.015109173218140112
64.76441097259521,0.635770606145399,-0.17317771771397944,0.20554701425904337,0.36191974865448046,-0.9319381377394129,-0.017035030650192993,0.014670061056398495
64.78949332237244,0.6365050647444569,-0.17481731810218273,0.20618132017307095,0.3618275664659182,-0.9319894357221609,-0.016718578848981442,0.014035418375805549
64.81446719169617,0.6372633497275362,-0.17653457040280512,0.20689335704023964,0.3616688401869119,-0.9320672943611953,-0.016348879407300107,0.01337620877322227
64.83940887451172,0.637942802456892,-0.1782834661524055,0.20753775886308384,0.36154904129773974,-0.9321228980738098,-0.016143391876758714,0.012984010238205597
64.86438965797424,0.6383499709324688,-0.1800109559025676,0.20802853611072059,0.36124222287154867,-0.9322330743895733,-0.016459980399684306,0.013214404046667365
64.88442063331604,0.6383246660630402,-0.18132416351116107,0.20825022470604967,0.36075043091177234,-0.9323913456108183,-0.01750342961182031,0.01411152645054422
64.90939593315125,0.6379614727858534,-0.1828261665206707,0.20833348591594458,0.35988956331657224,-0.932647463591189,-0.01981500419058016,0.015986759573931163
64.9294741153717,0.6374384660727035,-0.1838676528974163,0.20822062770508326,0.35911109688948184,-0.9328569306191367,-0.022296707134147428,0.017889212884930273
64.9544734954834,0.6365141494981736,-0.18507046947517375,0.20785568150693584,0.3581021463174524,-0.9331026408672313,-0.025716878079084453,0.02051722668557976
64.97940516471863,0.6354651482988473,-0.1863200607162179,0.20737408545528638,0.35706465720126573,-0.9333488440889249,-0.028860342861021793,0.02306179579338903
65.00441908836365,0.6344540193932743,-0.18750521566813003,0.2068156867450991,0.35629249011452285,-0.9334958143857393,-0.03154856060825955,0.025414844793300497
65.0293755531311,0.6335690543643975,-0.18871046398251898,0.20626831138780802,0.35637426245964565,-0.9333402376187038,-0.03349737079913204,0.027410072011020564
65.04943084716797,0.6330890036691221,-0.18974678113954618,0.20593250742577046,0.3571824196465866,-0.932986038584652,-0.034048523861912865,0.028257192431922214
65.06946778297424,0.6328554951760259,-0.1908974914186094,0.20569291843976686,0.35854782663801643,-0.9324712095073878,-0.03371807410313753,0.02835473385209858
65.08952116966248,0.6328361744301235,-0.19209061654358248,0.20554973508176266,0.3603405121581591,-0.9318170268795316,-0.03295704136339036,0.028028149057948006
65.10956001281738,0.6329369551744463,-0.19326513690010327,0.20546840204441102,0.3622963812462261,-0.9311132739511716,-0.03194801693235093,0.02736288401964496
65.13448810577393,0.6331189330316019,-0.19468029379898388,0.2054448349721365,0.3647863760785505,-0.9302162188800536,-0.03056332782891,0.026354676088433716
65.15451216697693,0.6332610198065663,-0.1957211756203666,0.2054120122910589,0.36682380068980963,-0.9294693685174522,-0.029478735863193283,0.02565143986462855
65.17451548576355,0.633413979007295,-0.19661027402638254,0.20535907191516026,0.36884461597795404,-0.9287147078395871,-0.028551650452574243,0.025048831564837993
65.19943284988403,0.633507895551606,-0.1975599360691421,0.20525380603220178,0.37116305211727485,-0.9278245571151215,-0.027824111254429584,0.024604852976652984
65.21944880485535,0.6334704717695386,-0.1982691396583327,0.20514531481838322,0.372780268739445,-0.9271853125676492,-0.027578970176619484,0.02452891765412954
65.24441361427307,0.633336153402322,-0.19909132638167373,0.20492954051820259,0.37453704295701973,-0.9264768647373868,-0.027553534672027837,0.02456471629273326
65.2694320678711,0.6332279026480016,-0.1998997894096449,0.2047092211186019,0.3762102144560276,-0.9257997072090121,-0.02757238673214635,0.02450592092219065
65.29442024230957,0.6331701395791125,-0.20063980265689046,0.20453584957329002,0.37795426803081505,-0.9250923181258935,-0.02754539425595907,0.02441363301344505
65.31944108009338,0.6331512385517338,-0.20127395767695982,0.2043846072758182,0.3795463196904973,-0.9244435949535569,-0.027523510466550608,0.024312287643743276
65.3444173336029,0.6331287299589052,-0.20179801516502416,0.2042257641935832,0.38081642344394545,-0.9239126823261873,-0.027758785249868863,0.024365075698267343
65.36443448066711,0.6330725836301482,-0.20224153072007467,0.20414998124853256,0.3815615677421958,-0.9235883158353599,-0.02811629804324205,0.024594037061277073
65.38942623138428,0.6329755882570521,-0.2027833080074053,0.20407721637182447,0.38219099771058634,-0.9233025797676944,-0.028631629502055854,0.02495229960067033
65.41441059112549,0.6329279581839486,-0.2033123675642047,0.20403680326647028,0.3825624288137049,-0.9231256549198215,-0.029098034967854732,0.02526494903868742
65.43444514274597,0.6329461932562221,-0.20365139187012526,0.20399467477724015,0.3827674215252092,-0.9230221166534812,-0.029463587558078225,0.025518036671112666
65.45946145057678,0.6329941546765258,-0.20403012361647274,0.2039725468851109,0.38296495274947495,-0.9229201801122763,-0.02982932643236493,0.025814673963106816
65.48441243171692,0.6330656222366373,-0.2043556072177413,0.2039694440254391,0.38319792456424373,-0.9228056638147244,-0.03015105175838226,0.026076263514498266
65.50938940048218,0.6331319290831965,-0.20470711576121908,0.20395352970117425,0.383532227955372,-0.9226495746293943,-0.030418525553156998,0.026372445072978246
65.53439474105835,0.6331961144198779,-0.2050690261505625,0.20390923360721425,0.3839439901384203,-0.9224626501309242,-0.030623239157167734,0.026681243852056495
65.5593512058258,0.6332608516366136,-0.20536063719029732,0.20387097351982048,0.38442800561543705,-0.9222453893696919,-0.030829651200633707,0.026983011168304854
65.57936692237854,0.6333050699513225,-0.20553191545568053,0.20384012558277553,0.3848497495864947,-0.922055419749827,-0.031015624015567022,0.02724893061800157
65.60437059402466,0.6333364195055905,-0.20577947455034973,0.2037623611420239,0.3851278045444835,-0.921921323610475,-0.03124824503497358,0.02758975210599913
65.62446165084839,0.6333339208025294,-0.2060044248208716,0.2036721511416292,0.38508219734759586,-0.9219230906156322,-0.031546953093038364,0.027826354885553753
65.64946365356445,0.6333299986053137,-0.20636875882039163,0.203575366432919,0.38484292853423396,-0.9220067966826142,-0.03181895214633207,0.028052477833912008
65.66948580741882,0.6333792439933971,-0.20665517292818858,0.20354143969920174,0.384667090709894,-0.9220754587578531,-0.03190007503707821,0.0281151719507469
65.6944227218628,0.6334704999451005,-0.2069701375493781,0.20352826850428898,0.38448205130151536,-0.922150243734041,-0.03192507644329865,0.02816504398068615
65.71935677528381,0.6334805790110286,-0.20725604099945422,0.20349279823674457,0.3842682903795807,-0.9222257179531382,-0.03212306224248027,0.028385119811829347
65.7394015789032,0.6334318142408708,-0.20751507025046426,0.20347931483707374,0.38405322397008407,-0.9222989884875782,-0.032354086901184284,0.028651527947990023
65.75945234298706,0.6333870403804893,-0.20782040008511868,0.2034770919711466,0.38381087943970477,-0.9223894112133038,-0.03248864009166053,0.02883524180886581
65.78437662124634,0.633352048415641,-0.20830148772788135,0.20350839297779616,0.3834472215622554,-0.922539380732553,-0.03246304493108912,0.02890449770667529
65.80438208580017,0.6333165474238996,-0.20875248821329595,0.2035459196346923,0.3831107918592525,-0.9226828828011557,-0.032363597028129354,0.02889665264444935
65.82938170433044,0.6332234948465221,-0.20939859821875975,0.2035718262598609,0.3826085444017534,-0.9228964593028214,-0.032237518690257407,0.028871604489914663
65.84938669204712,0.6331388414718703,-0.20991769223334608,0.20356873001863407,0.38220113366693337,-0.9230700619020263,-0.03213217542318384,0.028835352372895216
65.86938691139221,0.6330274148668442,-0.21047413318512365,0.20355631838293398,0.38177231825498925,-0.9232517533731038,-0.03202876322460629,0.028814149892241507
65.8943521976471,0.6328319792369687,-0.2113099061074402,0.20353972331155895,0.3811543453868824,-0.9235120848312637,-0.03186917667146136,0.028829667733208848
65.9144697189331,0.6326601352100716,-0.21203530226107245,0.20352947193141252,0.38062898020048364,-0.9237330146929742,-0.03172862608944675,0.028847725806984834
65.9345383644104,0.6324393204691849,-0.2128728465815857,0.20352017326171906,0.38002341731134187,-0.9239861149074866,-0.03159182079269823,0.02887591750929052
65.95948767662048,0.6321798822751922,-0.21385984010534168,0.20351688356865677,0.37928447118165354,-0.9242940921603133,-0.03149253629668347,0.028843392235009577
65.98434686660767,0.6319007400385459,-0.2149178202664292,0.20351710928970804,0.3784692131982293,-0.9246330892466275,-0.03141321947422151,0.028773504714984747
66.00437545776367,0.63169561283119,-0.21575213663438858,0.20352744421356117,0.3778344405139978,-0.924897466120208,-0.031335472819053495,0.02870367344286252
66.02450037002563,0.6314605063199231,-0.21667551822078826,0.20352512456226124,0.37713341640310905,-0.925188048626001,-0.031257261461123946,0.02864340268782703
66.04936075210571,0.631160082208941,-0.2178721226129137,0.20353213492289934,0.3762136371821229,-0.9255685968309436,-0.031181357763581906,0.02852708689492712
66.07434844970703,0.6308370883849388,-0.21910984958762345,0.2035257619551305,0.37524377642298007,-0.9259679416877022,-0.031119199950485014,0.028409058713396457
66.09435200691223,0.630598608045456,-0.22008317999533072,0.20351745045673503,0.3744900183113269,-0.9262780491019244,-0.031076319335373814,0.028292478042724428
66.11447238922119,0.6303850189916701,-0.22104331785468845,0.20351808637755575,0.3737895016891283,-0.9265672483883753,-0.030976158628840757,0.02819610323369422
66.1393792629242,0.6301321418835976,-0.22224504892670616,0.2035121933529881,0.37299047989272555,-0.9268978767723921,-0.030769309896566854,0.02813676443332698
66.1593930721283,0.6299695262645203,-0.22315621217726966,0.20350357450006684,0.3724383025457726,-0.9271273528889977,-0.03057484142051481,0.028102693713997155
66.17946815490723,0.6297940038788521,-0.22407652683862328,0.20348026986119017,0.3718997001799802,-0.9273499179052537,-0.030375148251820194,0.028108595409150748
66.19947624206543,0.629617278703199,-0.22495687849889281,0.20346953912158572,0.3713826907983269,-0.9275630514458216,-0.03018789275076522,0.02811358566843783
66.2244701385498,0.6293611060358252,-0.22605189498260006,0.20342407106408422,0.3707545886029171,-0.9278193331769009,-0.029955350666956402,0.028195690794357582
66.24947619438171,0.6291417756107986,-0.22703628430872122,0.2033397513403758,0.3702717210504408,-0.928015736941935,-0.029702932219741573,0.028343965778992335
66.27440881729126,0.6290074823105409,-0.22787127104552143,0.20325079467391013,0.3699769584126485,-0.9281376382325341,-0.029385092652172262,0.02853228118567325
66.29444169998169,0.6289205290787554,-0.22847639367170286,0.20318426050626115,0.36984889532625814,-0.9281917249061902,-0.029082430306153265,0.028742454472541878
66.31448292732239,0.6288447784635848,-0.2290509321741445,0.20311990530233526,0.3698351963984277,-0.9281995426279469,-0.02871704125151998,0.02903219095933546
66.33942079544067,0.6288288926679138,-0.22966496695005312,0.20304579110974214,0.3699902793918391,-0.928141378654854,-0.028175656095394023,0.029443280857887635
66.35951805114746,0.6288643829305255,-0.230082096977138,0.20299637951873667,0.37017973718772995,-0.9280683373159495,-0.027738007899010826,0.029777950987818103
66.38447976112366,0.6289480181336731,-0.230468658921308,0.20296040482245006,0.3705440592035745,-0.9279197238199698,-0.027254364657144908,0.0303197285908152
66.4094591140747,0.6289915614574115,-0.23081037374292998,0.20292968258499144,0.37089144049704054,-0.9277667287088888,-0.026982781283704578,0.030989772201275575
66.4343945980072,0.6290437838769894,-0.23108060447377435,0.20288833924027894,0.37129890346610167,-0.9275867098719106,-0.02673202646572963,0.03170833825434026
66.45442056655884,0.6291348961639801,-0.23121904765560625,0.20283086953550727,0.37164874247177754,-0.9274366104852793,-0.02649987751526602,0.03219164864554927
66.47942018508911,0.6292904678471009,-0.2312209629444359,0.20273412271858016,0.3720408157050926,-0.9272647226302133,-0.026465118259248382,0.03263990089667527
66.49946689605713,0.6294347204752748,-0.23112495852842418,0.2026500349751356,0.3723132113584429,-0.9271409461793776,-0.026615957613709815,0.03292611981192501
66.52439427375793,0.6296052060573619,-0.23100554868765813,0.2025469099197259,0.3726027758152347,-0.9270056630513069,-0.026841370211780482,0.033274809851463555
66.54445910453796,0.6297124608652267,-0.2309533871471949,0.2024594683555016,0.37278250684452807,-0.9269165918026023,-0.027040246621747484,0.03358064166255979
66.56946277618408,0.6298314222775035,-0.23096611192937308,0.2023975550633874,0.3729100501753586,-0.9268465125342599,-0.027287010912499896,0.033897724358947307
66.58949542045593,0.6299092456845061,-0.23101423567953067,0.2023959069702969,0.3729373309236875,-0.9268232533534028,-0.027454748388783774,0.03409752245965187
66.61445021629333,0.6299520635539344,-0.2311101956580586,0.20246056043716676,0.37291060114941915,-0.9268194135331279,-0.02763849380461159,0.03434489640015704
66.63939785957336,0.6299292345475728,-0.23118612610794004,0.20254564158982974,0.37282700179855016,-0.9268376014795348,-0.0278766134116033,0.03456850645376356
66.65942311286926,0.6299224223129536,-0.23121518677101252,0.20261136593615703,0.3727135690701796,-0.9268751047232243,-0.028072907528065235,0.03462726581990133
66.67942953109741,0.6299327353478356,-0.23122373065575005,0.20266182045345077,0.3726221836916172,-0.9269082763191537,-0.028205497986158887,0.03461510357251416
66.70436763763428,0.6299541724968057,-0.2312349019678227,0.20273259527082843,0.37251211896403835,-0.9269537888750081,-0.028283784982887975,0.03451698165058384
66.7243959903717,0.6299422229456572,-0.2312523051900725,0.20280177180694325,0.37240770132355167,-0.9269922131367819,-0.02841067866891795,0.03450759505221578
66.74440598487854,0.6299393141991889,-0.2312688905389512,0.20290098688925698,0.37230626160227337,-0.9270294856874435,-0.02854289548615524,0.03449178677635776
66.76935482025146,0.629913257108603,-0.23130077112470857,0.20304249526120954,0.37218759516708394,-0.9270690646522244,-0.028739126370794097,0.03454570861991823
66.7894217967987,0.6298655163280971,-0.23135195208831608,0.20312595680718287,0.37205827705982436,-0.9271091364906278,-0.028963572507278077,0.03467562507330578
66.80948448181152,0.6298858634884763,-0.23139219052627544,0.2032500969782094,0.3719387063888766,-0.9271572446091699,-0.029033888742042428,0.034613231039103784
66.83440566062927,0.6299526220146953,-0.23137326471129832,0.20341231034333482,0.3718536983233421,-0.9271961328242234,-0.02909174025983345,0.034435867458116255
66.85936641693115,0.6300070938202801,-0.23135640433823043,0.20351917328979913,0.37178361141222355,-0.9272289107780025,-0.029133717719686068,0.03427418554193019
66.8843605518341,0.6300488043341853,-0.2313401971487226,0.20360590084158048,0.3717225226290097,-0.927258101228753,-0.02915570990591684,0.03412805965340862
66.90438294410706,0.6300777850538726,-0.23133169440340845,0.20367032187963463,0.37166659084939313,-0.9272838720458167,-0.029180125251188183,0.03401596948971959
66.92443609237671,0.6301082669277612,-0.2313181217927987,0.2037159496257646,0.3716180600505082,-0.9273054364946631,-0.029220122470740094,0.03392387558224482
66.94939684867859,0.630145921495144,-0.2312922179324387,0.20374571302665573,0.3715546939135006,-0.9273323257694835,-0.02929254464194001,0.03382031700355297
66.96944284439087,0.6301680365827472,-0.23128581642473917,0.20376821041780982,0.37148176700880686,-0.9273630001487564,-0.029351218216358627,0.03372934514976436
66.98951196670532,0.6301853984998721,-0.23128778317667328,0.20379251921926145,0.3713938521967703,-0.927399132485406,-0.029418528451243625,0.033645293867373326
67.01441979408264,0.6301971040266489,-0.23130214393543239,0.20382294798707,0.3712687272570399,-0.9274478891109879,-0.029535111093172958,0.033580088701008454
67.034494638443,0.630192188352154,-0.23132401069913133,0.20384000753461345,0.3711607045579379,-0.9274886076038082,-0.029640069803217366,0.033557121736194434
67.05940222740173,0.6301723833277245,-0.23138531384319755,0.2038715210516095,0.3710103315265871,-0.9275459514472169,-0.02973534798425615,0.03355072182092547
67.07950901985168,0.6301453312671529,-0.2314420908096956,0.203898311377798,0.3708862035103055,-0.9275909326194335,-0.029837892624211146,0.03358847915125649
67.10443329811096,0.6301201452303492,-0.231502622699231,0.20391323963403823,0.3707494041481745,-0.9276407100142633,-0.02994941812324,0.03362476471386119
67.12945985794067,0.6301105209370983,-0.2315413307964535,0.2039126107753005,0.37063677656167326,-0.9276834534114577,-0.030028806919873537,0.03361637817487938
67.15439963340759,0.630107999455442,-0.23156068188118858,0.20391730014304257,0.37052969472407654,-0.9277241373819399,-0.030127072586088568,0.03358615405112015
67.17449307441711,0.6301102951684096,-0.23156935983067142,0.20392325224200836,0.37044189324191246,-0.9277570203344152,-0.030225220933883683,0.033558172938880804
67.19944024085999,0.6301219222853721,-0.23156730685822696,0.20391717540361493,0.37032804643314093,-0.9278013460730128,-0.030341378377123595,0.033484339745814204
67.22445774078369,0.6301427645743052,-0.23156729278001345,0.20392079085859113,0.37020512766131686,-0.9278527386270738,-0.0304130378718557,0.03335425014643892
67.24940919876099,0.6301644746231826,-0.23156943503576424,0.2039368971853392,0.3700742217105147,-0.9279077678391943,-0.03048277379744738,0.03321212595806436
67.27441620826721,0.6301716542652046,-0.23159022197121365,0.203951311714416,0.36994159267710736,-0.9279620422842625,-0.030549374031885165,0.03311195906882317
67.29448175430298,0.6301642785730391,-0.23162209357631375,0.20395813425262654,0.36983479830556704,-0.9280049835625698,-0.030591922662818582,0.033062164374589406
67.31450200080872,0.6301542791411098,-0.23166423607728767,0.203973050081468,0.36973258887948895,-0.9280461749878051,-0.030618102731590366,0.03302486330158543
67.33945369720459,0.630135708242217,-0.2317223777464027,0.20400307521041403,0.3696080731186873,-0.9280936396985089,-0.03068277565262882,0.03302477122992462
67.36441040039062,0.6301088517797344,-0.23175447057548396,0.20402086218784604,0.3694892312399822,-0.9281333771807515,-0.03085154547712091,0.03308057288367029
67.3894407749176,0.6300859306692326,-0.231770349641294,0.20401935888205677,0.3693684641638615,-0.9281742973181054,-0.031031523801789633,0.03311277713593343
67.41439509391785,0.6300887811343492,-0.23178660513244806,0.20401923656939278,0.3692498890237273,-0.9282212371794637,-0.031112694998098996,0.03304322191943284
67.43449902534485,0.6300957334249573,-0.23180329401086505,0.20402135043073683,0.3691475716955845,-0.9282630100354102,-0.03116204519455036,0.03296636847591023
67.45940089225769,0.6300929097604413,-0.23182124294065323,0.20401778247606722,0.3690099049795516,-0.92831607768757,-0.03127541400175539,0.0329059023976399
67.47940397262573,0.6300820461333163,-0.2318401949968015,0.20401729809969832,0.3688906658680845,-0.9283607408764819,-0.031386698541515844,0.03287683970946533
67.49943208694458,0.6300705245382205,-0.23186435697326507,0.2040232776339177,0.3687724881437705,-0.9284051394315032,-0.03149002072892797,0.03285007853684379
67.51945614814758,0.6300583862754313,-0.23189327465106718,0.2040282495468707,0.36866602064549725,-0.9284449333679609,-0.03157688668838725,0.03283703932789824
67.54433393478394,0.6300394541318701,-0.23192622662629428,0.2040243761239688,0.36854647111136557,-0.9284873758336497,-0.03170458709470379,0.03285590823737311
67.56433868408203,0.6300259268862889,-0.23196105963312935,0.20401691094501956,0.3684503528204338,-0.9285230227255263,-0.03177586446843434,0.03285769639644026
67.58434700965881,0.6300134193272942,-0.23199716512066149,0.20400912740591887,0.36835013423939417,-0.9285609221278694,-0.03184005560269803,0.032848186588909
67.60934972763062,0.630011178345224,-0.2320189278832393,0.20399332648991958,0.3682343175863426,-0.9286056467228128,-0.031922668086274586,0.032802187249425394
67.63433504104614,0.6300362492769644,-0.23201224868108072,0.2039925839277412,0.3681437051531254,-0.9286435427323501,-0.03197840000468415,0.032691968904934386
67.65446496009827,0.6300612790972423,-0.23199912259381,0.20400544244166663,0.36807540693554,-0.9286726317606311,-0.03202621625013012,0.03258771702284255
67.67935729026794,0.630093018512413,-0.23198421635016603,0.20402601701582546,0.3679882731551713,-0.9287098167708812,-0.03208180015429752,0.032457127914473506
67.69942378997803,0.6301131812290893,-0.2319701312975475,0.20403492682674515,0.3679161723361155,-0.9287399974172137,-0.03213506792057677,0.03235807071995822
67.72446417808533,0.6301273620973146,-0.23196273136495799,0.20404148606419892,0.3678142602491217,-0.9287818513957097,-0.03220551479414417,0.03224511268597613
67.74936771392822,0.6301222503105455,-0.2319898883228753,0.20405117735778716,0.3677011352947386,-0.9288269172013255,-0.03226168673514757,0.032180996785766476
67.76937580108643,0.630097903398462,-0.23202675143761528,0.2040560829492733,0.36760611994005066,-0.9288605081858669,-0.03234944103779496,0.0322088587171265
67.78939867019653,0.6300632720746429,-0.23207265484609288,0.20405214005257075,0.3675087880566833,-0.9288927449684998,-0.03245873283693936,0.03227986537444837
67.81439161300659,0.6300182379171513,-0.23213385479165685,0.20403262027646762,0.36738611067267035,-0.9289334401753501,-0.03258778630202186,0.032375076721488406
67.83938694000244,0.629987087040298,-0.2321916942817438,0.20400599594354782,0.3672610903199932,-0.9289776925628124,-0.032686274753942604,0.03242446145113456
67.85945177078247,0.6299713347321326,-0.2322213780743665,0.20397998551719904,0.3671637281649191,-0.9290126039987714,-0.03277480918262712,0.03243748163002109
67.8843948841095,0.6299518771704808,-0.23223517578190173,0.20393352536775117,0.3670430843934577,-0.9290545139383432,-0.032927561369641284,0.03244780473289054
67.90441918373108,0.6299405101393095,-0.23224189067729972,0.20390635413069924,0.36695433369422176,-0.9290856685792367,-0.03304071066824683,0.03244455057602649
67.92938375473022,0.6299345069966452,-0.23225228140059564,0.20388823720891164,0.3668496052294909,-0.9291249707250172,-0.03313575492523021,0.03240644478534497
67.9494149684906,0.629932822851738,-0.23226930631912782,0.2038806863113814,0.36675961839504595,-0.9291603239387943,-0.03318729703411833,0.032358585385129306
67.96942138671875,0.6299268816461236,-0.2322992433899037,0.2038794228999145,0.36665455776837985,-0.9292019941842438,-0.033230659307600725,0.03230808805112398
67.99446201324463,0.6299184198751555,-0.23234558613007503,0.2038914699931444,0.3665190999956359,-0.9292559568610387,-0.03327609990189317,0.032246195930063226
68.01935863494873,0.629913135272924,-0.2323891175136247,0.20391241482253672,0.3663957717469559,-0.9293055805540295,-0.03330921114033527,0.03218342508587247
68.03937530517578,0.6299061417558287,-0.23242014798530064,0.2039259058466974,0.36630869049476134,-0.9293400696801765,-0.03333886130192928,0.032148071199144125
68.05942106246948,0.6298900674942015,-0.23245672648898746,0.20393083225889208,0.3662175594427866,-0.9293748342763485,-0.033382575419350795,0.032135964713249296
68.08432960510254,0.6298657553324254,-0.23251345954939184,0.2039414181074199,0.36609405916640203,-0.9294216961718748,-0.033437250275790455,0.03213099472659321
68.10433435440063,0.6298544876893537,-0.23254946909790494,0.20394810228764204,0.3660065700816959,-0.9294560085887161,-0.03346367350865847,0.032107651899632605
68.1243486404419,0.6298485651254757,-0.23256900480684778,0.20394899365295932,0.3659306683799625,-0.9294855795937165,-0.03350255160929488,0.03207619525426177
68.14934659004211,0.6298285245073527,-0.2325901070866176,0.20394109876031652,0.3658216961049453,-0.9295244629343418,-0.03361568440843286,0.03207405847804971
68.17433595657349,0.6297762771292265,-0.23265500387196417,0.2039321958621076,0.3656672534966121,-0.9295758754029297,-0.033794071194301105,0.03215761715659849
68.19433617591858,0.6297308661281826,-0.2327287601540824,0.20392639005811516,0.3655366571728304,-0.9296201182819944,-0.03391104467897229,0.03224017675324161
68.21438264846802,0.6296978219171777,-0.2327997259446691,0.20391832139388633,0.3654188021165688,-0.9296619464916542,-0.033981276723490834,0.0322960854807156
68.2344298362732,0.6296725228194808,-0.23287714540937268,0.2039213898619533,0.36530182641783415,-0.9297055187519286,-0.03401564924122311,0.03232892860167061
68.25937962532043,0.6296358899410098,-0.23299849439712464,0.20393664327718342,0.3651398485839176,-0.9297677156617378,-0.03402957711493598,0.032355428765952834
68.27940273284912,0.6295932875708922,-0.23314187433713465,0.20396686282001475,0.3649846440725136,-0.929828040634823,-0.03402670759726674,0.032376034509209575
68.30454444885254,0.6295335513313589,-0.23334161239263895,0.2040104147423515,0.364795182299171,-0.9299006989830374,-0.03401911110611092,0.032432469558825956
68.32937502861023,0.6294673224887265,-0.2335529569013198,0.20404828151530585,0.3646252348814024,-0.9299642258344111,-0.03401771221520105,0.032523407135178165
68.34938764572144,0.6294090033691808,-0.2337613898462175,0.20407657121087286,0.36448220768517203,-0.9300181964593861,-0.03398808096421023,0.032614182310772635
68.36947321891785,0.6293431785432643,-0.23401403156733086,0.20411426842249977,0.36431733458924237,-0.9300816310359307,-0.033930675237404284,0.03270701156177603
68.39438533782959,0.629255016442373,-0.23438247071500032,0.2041703258022428,0.364095561381537,-0.930169702334509,-0.033805032371090914,0.032801933289203826
68.4193365573883,0.6291885675094212,-0.23471901185233338,0.20423017614178227,0.363904591382083,-0.9302491735522126,-0.03363284067119018,0.032844413602038595
68.44435453414917,0.6291237114564637,-0.23501622233537756,0.20427069504684267,0.3637408757934903,-0.9303163679549138,-0.03347163879073343,0.03291929812160663
68.46939730644226,0.6290542017475645,-0.23529510007487933,0.20428828764969503,0.3635819917153434,-0.9303788894102348,-0.03335926497865882,0.03302146090323211
68.48947048187256,0.6289720453873805,-0.23555961055780844,0.20429261179780384,0.36341976624081423,-0.930441187087652,-0.033283601013911174,0.03312812672038287
68.51440930366516,0.6288715688392457,-0.23590090005841863,0.20430134720505602,0.36321262923589015,-0.9305225731871195,-0.033158830831882785,0.033238813015783644
68.53934574127197,0.6287920811581107,-0.23618025416920022,0.20430648820795172,0.36304611662050457,-0.9305885718906532,-0.03304194708639513,0.03332651806150237
68.55935573577881,0.6287554144195532,-0.2363080355717507,0.20430183233337518,0.3629761802983103,-0.9306142345407074,-0.03299677263389011,0.03341634333757945
68.57940578460693,0.6287139726283368,-0.23640747073886303,0.2042835981629224,0.3629218421543452,-0.9306289069247852,-0.03301280424055227,0.033581674157238256
68.60437798500061,0.6286428854828467,-0.2365341031228738,0.20426804272539523,0.36284235129661924,-0.9306437689387274,-0.033151096557599055,0.03389112329182831
68.62937307357788,0.628571326477308,-0.23666826377318861,0.20425872990870225,0.36274881670725934,-0.9306643854098118,-0.03329587264805091,0.034183074346649384
68.64941477775574,0.6285232636391967,-0.23678293357474695,0.20426202240001418,0.3626656501827647,-0.9306875343885199,-0.0333582784437673,0.0343738966463157
68.67436623573303,0.6284753956920841,-0.23691264122265604,0.2042771471315564,0.3625537478045768,-0.9307214693783592,-0.033432591613672846,0.03456281540806586
68.69937634468079,0.6284234559517399,-0.23703605462054902,0.20429750999320567,0.36241497956183644,-0.9307627809967568,-0.033581583226714104,0.03476068710819647
68.71942448616028,0.6284011727521452,-0.23713329335674432,0.20432535132701934,0.3623079096775906,-0.9307979694677646,-0.03365071376371928,0.03486757925294029
68.73942637443542,0.6283930659197539,-0.2372306845088518,0.2043676490178856,0.3622196212820328,-0.9308266370649486,-0.03370067448761873,0.0349711628031183
68.7643301486969,0.6284117627843022,-0.23734220117977628,0.20443979277157895,0.36216887780488766,-0.9308402810671801,-0.03372896138462177,0.03510601453188737
68.78437042236328,0.6284316071686716,-0.23743631034991017,0.20450622901341808,0.3621470678184178,-0.9308406830365769,-0.03378120212833372,0.03526973854851681
68.80939364433289,0.6284637808441739,-0.23754439408995062,0.20458607168991982,0.36213104894574777,-0.9308324190823017,-0.033914439836629166,0.035523537906294235
68.829430103302,0.6284828065904919,-0.23761999132556555,0.20463072189390036,0.36212461087600856,-0.9308170122041942,-0.0341127756114892,0.035801878849542834
68.85436367988586,0.6285309481621109,-0.23769465234449225,0.2046451202993514,0.3621456577120947,-0.9307851861560856,-0.03437605739250962,0.03616277797396086
68.87936449050903,0.6286089004363395,-0.2377752463441524,0.20461783522813964,0.3621807381875826,-0.930744691159909,-0.034675863432859375,0.03656524659709639
68.90433287620544,0.6286864178291061,-0.2378532823534747,0.20458500194010892,0.3622107815074165,-0.9307021743413504,-0.03503450759386978,0.03700534709536053
68.92934823036194,0.6287849135292649,-0.23789431363469213,0.20452991587532307,0.36226697990923296,-0.9306467604134425,-0.035451301670570916,0.03744926980877197
68.94936561584473,0.6288746245117613,-0.23789590752919135,0.20444147018901704,0.36233225535597585,-0.9305907698227125,-0.03585003579478718,0.0378276457485048
68.96937274932861,0.6289795065891204,-0.23790160173607572,0.20435805344231556,0.36240322611565,-0.9305331760343342,-0.036235828034039824,0.03819521916543384
68.9894015789032,0.6290876675466506,-0.23793308422695425,0.2042948345929691,0.36246454437936204,-0.9304810167342694,-0.03657989745201007,0.038554411775395994
69.01437830924988,0.6292076637930496,-0.23798563272096177,0.20423530418412222,0.3625279055763964,-0.9304188911697338,-0.037022565324938625,0.039032477369239406
69.0344135761261,0.6293275359165742,-0.2380360784713723,0.204186126750307,0.3625890757155592,-0.9303675475336014,-0.037332000298161035,0.039391755758122406
69.05447626113892,0.6294512208273819,-0.23808087485438892,0.20414657387706825,0.3626536391290966,-0.930313992727939,-0.037655686188495276,0.03975251260821312
69.07936954498291,0.6295845771625006,-0.2381486350639399,0.2041057172448481,0.3627182476683906,-0.9302516024575715,-0.03806792347300075,0.040227629011123846
69.09941267967224,0.6296872804637442,-0.23819969050276488,0.2040487580977557,0.36277181521344437,-0.9302014426551599,-0.03838459943547523,0.04060183118000616
69.11946988105774,0.6297892910719646,-0.23824253354885128,0.20397970243058855,0.3628293403874809,-0.9301491951559571,-0.03871002695881965,0.04097411765313363
69.13951659202576,0.6298747231419471,-0.2382928920627873,0.20390307433859753,0.3628743010505577,-0.9301011108662801,-0.03903469654194756,0.04135767967650697
69.15957188606262,0.6299646796298219,-0.23834667534239912,0.20384626704849312,0.3629201119906704,-0.9300539969526296,-0.039337864423003924,0.041726340454489926
69.18448114395142,0.6301027216221982,-0.23841391184324975,0.20377798266488645,0.3629943410111606,-0.9299889522298983,-0.0397047816857343,0.042180415307416626
69.20949816703796,0.6302453488836385,-0.23848125611707574,0.20372535335387104,0.36307250034257965,-0.9299236087505655,-0.040052587954807095,0.04261726858202445
69.23448896408081,0.6303599907540662,-0.238552025647915,0.20367249273174975,0.36313458447475255,-0.9298588485092496,-0.04045994043550953,0.04311367100232559
69.25947141647339,0.6304850574521118,-0.23861459113495337,0.20360726884593722,0.36320691771631897,-0.9297865391098808,-0.04090638220472083,0.043639368785507934
69.28436732292175,0.6306354051250164,-0.23864393056394306,0.2035549896111991,0.36330583029146385,-0.9297012118304706,-0.0414069672458303,0.04415873028803937
69.30939793586731,0.6307443414945504,-0.2386781471110794,0.20346984025283374,0.363380615177048,-0.9296236724414635,-0.041910204092101874,0.04469777335538046
69.3294050693512,0.6308366995960967,-0.23872460688385802,0.20338668445774102,0.3634313118130192,-0.9295668302527458,-0.04227665569217855,0.04512066124520429
69.35438966751099,0.630935729452089,-0.23879710118763597,0.2032594120851636,0.3634774577769013,-0.9295070753752103,-0.04266748056515751,0.045609435621200414
69.37934851646423,0.6310421388913554,-0.23887324824097536,0.20312927356707983,0.3635233648390967,-0.9294590433658734,-0.04291851995693801,0.04598532990172724
69.39935755729675,0.6311236054071455,-0.2389456542568994,0.20299690328504583,0.3635576565809829,-0.9294266675512609,-0.04304453369178336,0.04625006059676367
69.41946792602539,0.6312019113404624,-0.23902643008250235,0.20288075813266288,0.36358538410321367,-0.9293985005188635,-0.04314764339643988,0.04650136093824571
69.44446039199829,0.6313012336405764,-0.23909429686534228,0.20274773166020754,0.36362529865814963,-0.9293581325503794,-0.04334408409533914,0.04681232756594613
69.46938991546631,0.6314221151072283,-0.23913939526171468,0.20261989312070144,0.36366174994267586,-0.9293186931575653,-0.043580487590339,0.047091817526093746
69.4894323348999,0.6315225412303014,-0.23918331904951262,0.2025355468781728,0.3636893512354939,-0.9292841238978482,-0.043805178320755485,0.04735165489790481
69.51434826850891,0.6316177651215198,-0.23924401351021546,0.202447665073404,0.3637060274967956,-0.9292439391125265,-0.04412474905989111,0.04771408288493563
69.53444075584412,0.6317017234984128,-0.2392962455147053,0.20240923895072618,0.3637068285754622,-0.929214553708064,-0.04441524634350358,0.04800981063213661
69.55932426452637,0.6318373671583758,-0.2393524667705941,0.20235602927676954,0.36371722357767916,-0.9291707126992789,-0.04482831275177528,0.048394114422067966
69.57933807373047,0.6319615005558885,-0.23940503111002445,0.20233927629096504,0.36373718943106237,-0.9291330259130511,-0.04512765242745033,0.048688521941743945
69.59934186935425,0.6320649544712594,-0.23945911178099538,0.2023163512226239,0.36375149621922814,-0.9290986109494418,-0.04540586473854985,0.04897884826624507
69.62433218955994,0.63219835788209,-0.23950274132998456,0.2022882979201424,0.3637944344193211,-0.9290398721618427,-0.045820602662755026,0.04938621053100772
69.64437007904053,0.6323153046482881,-0.23955030988940226,0.20226252568794334,0.36384768339392054,-0.9289854894959468,-0.04612287528378558,0.04973433391967598
69.66939163208008,0.6324828868327502,-0.23961627711972366,0.20225291755067698,0.3639271547700759,-0.9289177565399914,-0.046434956385922335,0.05012606538624367
69.69437336921692,0.6326045595969929,-0.2396776544848628,0.2022593821135156,0.363981957433234,-0.9288513685936571,-0.04683623650367102,0.05058296822976393
69.71437764167786,0.6327046031333382,-0.23972583967839334,0.20225159027859174,0.36402770040681276,-0.928796202600636,-0.047166840939276096,0.05095818371009201
69.73440217971802,0.6328005442603148,-0.23977516379578837,0.20222406781075905,0.3640718179149102,-0.9287420253643589,-0.047487190683165995,0.05133155407059107
69.75941133499146,0.6329350598262028,-0.2398463406717736,0.20220113393934402,0.3641296148785403,-0.9286790614946379,-0.04782030698614334,0.05174980724219059
69.78433728218079,0.6330460744029778,-0.2398877303873549,0.20217866408988108,0.3641823670649251,-0.9286162071525459,-0.04819562462654395,0.052156735897595716
69.80434083938599,0.6331390557744794,-0.23991421111582614,0.2021600649398304,0.36422676298717854,-0.9285629460985132,-0.048521847265281165,0.05249143353634821
69.82938146591187,0.6332743329446253,-0.23996547252976377,0.2021233052689424,0.36428442551292034,-0.9285042978401032,-0.04882560125768835,0.05284587858132019
69.84938216209412,0.6333851554412921,-0.24000529196148226,0.20209400278715645,0.3643315097890721,-0.9284620978201754,-0.049019411185162044,0.05308277699312264
69.86938333511353,0.6335016339574484,-0.24003030949732823,0.20207450360221263,0.36439292100584975,-0.9284146336250297,-0.04921445259387386,0.053310457207902735
69.88940334320068,0.6335988498954334,-0.24003680173734923,0.2020597963107123,0.3644528386533435,-0.9283631316550937,-0.04946524344051317,0.05356504338101626
69.90940642356873,0.633679217022704,-0.2400463433983194,0.20204448728346314,0.36450198889088964,-0.9283179686525906,-0.04969607773704794,0.05379915453671168
69.92944431304932,0.633740526052569,-0.24006872121631795,0.20204803954656275,0.3645353160892394,-0.9282794753939138,-0.0499133102421732,0.05403591719222927
69.94948744773865,0.633763463946361,-0.24009415438888826,0.20204729338505478,0.36454521859210426,-0.9282495350082322,-0.05013209645057,0.054280357995453075
69.97437858581543,0.6337640540186857,-0.24013165537263112,0.20203391191502282,0.3645361253524936,-0.928228449660085,-0.050327145538494565,0.05452097739952836
69.99935102462769,0.6337734085928759,-0.24017542553457313,0.20204458379875617,0.36452258408687543,-0.9282243465585636,-0.050383110751703764,0.05462957347025302
70.0193521976471,0.6338014227512612,-0.24019828382319935,0.20207929675100222,0.36452392083703705,-0.9282210897615231,-0.05039903154679658,0.054661295984001955
70.03942346572876,0.6338316565629176,-0.2402015739319418,0.20212538487067233,0.3645326957103079,-0.9282129465355508,-0.050451684699688554,0.054692478029041564
70.06431555747986,0.6338553680111974,-0.2401926977514935,0.2021683908947362,0.36454271291483287,-0.9282014852292396,-0.050540231484459144,0.054738453398433494
70.08432579040527,0.6338751877798748,-0.2401923898164792,0.20219696554367153,0.3645515890754351,-0.9281958216868246,-0.050566223958156895,0.05475136984883363
70.10938501358032,0.6339189766137282,-0.24019483011904702,0.2022343672717392,0.3645727474362627,-0.9281919205840233,-0.050529097270322766,0.05471088299747486
70.13432240486145,0.6339655634388922,-0.24019171771512965,0.20227458681504465,0.3645982999980158,-0.9281848960106319,-0.05050781971000859,0.05467941664296829
70.15432405471802,0.6339948999543306,-0.24018841683842934,0.2023035234998281,0.3646145751096377,-0.928178115473488,-0.05051869762857776,0.05467594318882314
70.17932891845703,0.6340217046353247,-0.24018395841951087,0.20232409321993974,0.36462998884365916,-0.9281701643356157,-0.05054370638621808,0.054685016391748935
70.19932913780212,0.6340356621331813,-0.24017918698107382,0.20233238036122742,0.3646391718766594,-0.9281622228894243,-0.05059016204582709,0.05471560872611623
70.2243242263794,0.6340353627143558,-0.2401817816393231,0.20233141957733008,0.3646388407596678,-0.928153709257447,-0.05066912286004527,0.054789121088821974
70.24938797950745,0.6340334679121732,-0.24019323164714682,0.20232307188372142,0.36463504308995875,-0.9281508888339186,-0.05069752854204804,0.05483587792083217
70.27434468269348,0.6340439647330914,-0.24021185001765347,0.20233729393900557,0.3646326852148778,-0.9281539547827198,-0.05066485590200981,0.054829859297537885
70.29438853263855,0.6340557968542607,-0.24022768583583953,0.2023567897791057,0.3646316084462967,-0.9281565772016511,-0.050635142269617656,0.05482007557915825
70.3144257068634,0.6340744792183687,-0.24023228433946342,0.20237582317812183,0.3646390373758392,-0.928155890488739,-0.05061367629588658,0.05480210894194785
70.3344841003418,0.6341008101721493,-0.24023042781510628,0.20240050991576425,0.364653060316294,-0.9281532679622102,-0.0505902475919507,0.05477484478850122
70.35942792892456,0.6341472025359179,-0.24022318408647333,0.20245313756240224,0.3646806338874061,-0.9281477024416219,-0.050546891320874074,0.05472558357485438
70.37948942184448,0.634178820107957,-0.24022305919312056,0.20250621820641226,0.36469597010143534,-0.9281448014579899,-0.05052497971568828,0.05469280887854858
70.40444540977478,0.634203188457704,-0.24022065060125228,0.20256743906055502,0.3647090211124938,-0.9281386502582436,-0.05054552033717436,0.0546911893254632
70.4294421672821,0.634235142577298,-0.24021863220097148,0.20264262620868811,0.3647320165626552,-0.9281319761386104,-0.05052734250018755,0.05466789389583833
70.44944524765015,0.6342665838928067,-0.24021723327091288,0.20271350963187124,0.36475685401692504,-0.9281272507001994,-0.050478596897795255,0.054627421782668495
70.47432017326355,0.6342993990959964,-0.24022142961336843,0.20280158908478618,0.36476717585655855,-0.928129113266924,-0.05043582861284665,0.05456632401150755
70.49438714981079,0.6343153386567218,-0.24022094580033473,0.2028473297347623,0.36477291360596736,-0.9281275127733465,-0.050438644211832,0.05455258658080398
70.51936721801758,0.6343182637770927,-0.24021383919555,0.20287391823737588,0.36477571518118274,-0.9281185647030332,-0.05052305207271153,0.054607954337347005
70.53938031196594,0.6343087010510763,-0.24020647379332752,0.20288484449756913,0.36477269358078374,-0.9281081802898138,-0.050640345908323746,0.054695914502347585
70.559401512146,0.6342923869127723,-0.24019982992871183,0.20288987831888955,0.3647661856924442,-0.9280953518585374,-0.05079264277094527,0.054815646254157475
70.58435869216919,0.6342848175534415,-0.24019941068537057,0.2028685850551983,0.36476490547222323,-0.9280834409408307,-0.05090407524361218,0.05492235893357057
70.6093213558197,0.634283918044862,-0.24021013280835576,0.2028099292108519,0.36476570640141953,-0.9280777047237888,-0.05093495377549865,0.054985306327608126
70.62943696975708,0.6342866019018434,-0.24021597865271352,0.20274550419039328,0.36476956541089234,-0.9280736009886266,-0.050942565546548364,0.055021907577846585
70.65432786941528,0.6342964214276121,-0.24021978731691906,0.20267459879710034,0.3647787285012003,-0.9280680221254753,-0.05094486860867821,0.05505311892713785
70.67432951927185,0.6343065241162144,-0.24021938473444346,0.20263372528039963,0.3647878812940775,-0.9280635755578862,-0.05094526967202324,0.05506705804523348
70.69435620307922,0.6343248220258525,-0.24022182847321888,0.2026266622379404,0.36479856802559235,-0.9280605603935891,-0.05093022198056135,0.05506099796929356
70.714435338974,0.6343486469570002,-0.24022635686033775,0.20264548763417622,0.3648107992372035,-0.9280583545923362,-0.05090400633319585,0.055041378711926076
70.73936748504639,0.6343845062260864,-0.24022845218092775,0.20268261971106993,0.36482912960032043,-0.9280532172277046,-0.05088814091445778,0.05502117140384195
70.75943899154663,0.6344090629673984,-0.2402251558200828,0.20271116020709865,0.3648422546847133,-0.9280467997480506,-0.05090735526325197,0.05502461134852203
70.7843074798584,0.6344327246512225,-0.24021804826839388,0.2027436595551257,0.36485880674020965,-0.9280359254959181,-0.05095696800123199,0.05505233460229046
70.80430817604065,0.634447981965051,-0.24021215546079994,0.20276355701700682,0.3648819639667781,-0.9280212516919202,-0.05100471493218375,0.05510197668464087
70.82432270050049,0.6344735635422148,-0.24021408625453955,0.20277488252488218,0.364929080137349,-0.9280017453670658,-0.05098271633231695,0.05513882208728593
70.84939646720886,0.6345189129603754,-0.24022343533078624,0.2028016002744446,0.36502938311465905,-0.9279654098728315,-0.050874874255341464,0.05518600105092325
70.87432885169983,0.6345521650900656,-0.2402384797753175,0.20283324038142753,0.3651850658705293,-0.9279041103739885,-0.05073235903302061,0.05531778523390645
70.8943395614624,0.6345616003893877,-0.24024285248119434,0.20283941781542691,0.3653389455095689,-0.9278373985471495,-0.05064505427822768,0.05550040746098127
70.91932034492493,0.6345635175887898,-0.24023558327847822,0.20282462822199113,0.3655207930305083,-0.9277524003669663,-0.05060512069607437,0.05575979945306113
70.93936514854431,0.6345600405694983,-0.24023312469098917,0.2028054755092667,0.36562609292998277,-0.9276987803548677,-0.05061809246205177,0.05594945765906648
70.96431756019592,0.6345579747606557,-0.24022169937926433,0.20275282614736698,0.3657066871860748,-0.9276511738121448,-0.05069682973445477,0.05614045000907563
70.98432636260986,0.6345659593510126,-0.2402111413884339,0.20268211241227135,0.36574220384665257,-0.927630060876709,-0.050738238753437685,0.05622047324081294
71.00435328483582,0.6345826531454084,-0.24020273036384687,0.2026024113963926,0.3657685111218277,-0.9276168438654918,-0.05074713147415452,0.05625936273999331
71.02938532829285,0.6346111740301604,-0.24019153011580754,0.20251546358309994,0.3658209713098217,-0.9275926674926614,-0.05074100997139123,0.05632237628950187
71.0543622970581,0.6346340967320716,-0.24017480665096905,0.20245110701578656,0.36591985182025183,-0.9275458050332058,-0.05073118393324428,0.05646050465464872
71.07438087463379,0.6346513569776344,-0.24016368751548234,0.20241038115555554,0.36602565092355077,-0.9275005311609897,-0.050666531943195474,0.056576409420457385
71.0994520187378,0.6346776205049866,-0.240158290700512,0.20240192801470297,0.36616026719034794,-0.9274466214487357,-0.05055020141976814,0.05669303511772824
71.12438869476318,0.6347130690692586,-0.24015381996485013,0.20243375645151063,0.36628520958179656,-0.9273990007780095,-0.05042887177848069,0.05677294680376274
71.1493616104126,0.6347554999880448,-0.2401368804654711,0.2024684046628276,0.366412508398592,-0.9273503523241126,-0.05031642354330386,0.056845890398082285
71.16941475868225,0.6347769370709713,-0.24011931251507979,0.202484979351523,0.36648917525985075,-0.9273185147263519,-0.05027467332649096,0.056907942196301194
71.18945050239563,0.6347951723592387,-0.2401078869769671,0.20249996511188836,0.3665217134718264,-0.9273027813306135,-0.05028798042055637,0.0569429918025595
71.21436262130737,0.6348179356873273,-0.24010207473833045,0.2025280753011241,0.3665320150408686,-0.9272931270712638,-0.05035360563543436,0.056975896974075034
71.23442530632019,0.6348333271104079,-0.2400940359964771,0.2025481956989995,0.36653921138878676,-0.9272823431107425,-0.05044155112126125,0.05702729688512606
71.25443148612976,0.6348476700848661,-0.24008588208589787,0.2025537784430202,0.3665476025425914,-0.927273348155419,-0.050503340020754336,0.057064923706922795
71.2744550704956,0.6348667526181264,-0.2400839378577345,0.20255264766261988,0.3665567961439327,-0.9272697324766492,-0.050506646195774677,0.0570616957637978
71.29940795898438,0.6348917623661761,-0.24008545179262056,0.20254762665721832,0.3665687887374794,-0.927266788187823,-0.05049016734883256,0.05704708273409616
71.31943154335022,0.6349125212077714,-0.24008724317816219,0.2025465119508144,0.36657917925348765,-0.9272628757790241,-0.05048831372268202,0.0570455494958748
71.33943343162537,0.6349254349085113,-0.2400887547192656,0.2025423905844862,0.36658548196589,-0.9272560804836538,-0.050528636421886916,0.05707979081332609
71.3643708229065,0.6349380345243723,-0.2400956585284673,0.2025406562877093,0.3665885982913947,-0.9272489504300028,-0.050580864804795234,0.057129323860816004
71.38937187194824,0.6349552812743062,-0.24010104847421085,0.20254140655961836,0.36659198936645937,-0.9272442339627969,-0.0506120927308885,0.05715645181822074
71.41438245773315,0.634961411468164,-0.2400984450383475,0.20254108114857694,0.36657305289216296,-0.9272431702270123,-0.05071584728233551,0.05720317294635879
71.43934607505798,0.6349727272039714,-0.2400955167656452,0.20252710934400003,0.3665422880320452,-0.9272484006324813,-0.05081652652601438,0.057226176183303966
71.45938038825989,0.6349839964112545,-0.24009996329748,0.20251251956191874,0.36651322029093863,-0.9272561748479262,-0.05087620298663457,0.05723336027190599
71.48435878753662,0.6349937410323461,-0.24011428782585148,0.20248528450747505,0.366460937949455,-0.9272712414153008,-0.05096212416077427,0.05724759997034849
71.5044436454773,0.6349960566523254,-0.24013274179388125,0.20245518003599985,0.36640121892908295,-0.9272893273228373,-0.051044111437164086,0.057263853241072
71.5293242931366,0.6349938231776053,-0.24015158011508436,0.20243046208919735,0.366317167128253,-0.9273122409807947,-0.05118604694728122,0.05730383400975762
71.54933667182922,0.6349893329614064,-0.24017373055020003,0.20243820243278465,0.3662471968972166,-0.9273313295700302,-0.05129778378433504,0.0573422474413589
71.57431411743164,0.6349916582821712,-0.24020562206003698,0.20247612807222815,0.36617448781927303,-0.927352887794096,-0.051394874999122694,0.0573710100487225
71.59431648254395,0.6349943413428916,-0.24022777878686444,0.20250586140453763,0.3661317806745284,-0.9273653379671708,-0.051451066212655494,0.05739195851911802
71.61930751800537,0.635008966684547,-0.2402453644397291,0.2025344412981572,0.36608128557878855,-0.9273838669800264,-0.05149914442076946,0.05737154118632999
71.63932037353516,0.6350293162822231,-0.2402588521247699,0.20254972814952388,0.3660215815568993,-0.9274105686840619,-0.0515250637523716,0.05729752815807983
71.65939021110535,0.6350456820468434,-0.24028005607790665,0.20255782626196864,0.36595109553102106,-0.9274402416741797,-0.0515652583708417,0.05723126708479366
71.68431448936462,0.6350615602791254,-0.24031387898235304,0.20254151268932608,0.36586949416034575,-0.9274715654910679,-0.05162858329043123,0.05718826659233416
71.70433568954468,0.6350727238133624,-0.24034530171035093,0.20251072912241297,0.36579981715510296,-0.9274979288036753,-0.05167868023426995,0.05716117426573271
71.7243583202362,0.6350902895277364,-0.240373390456326,0.20248300117989443,0.3657375426153699,-0.9275234361236508,-0.051704734186980066,0.057122200812409436
71.74940156936646,0.6351201857180209,-0.24039617984560713,0.20247164728091602,0.36566887120921,-0.9275510048036312,-0.051748197411855754,0.05707481214134773
71.7743730545044,0.6351430726400303,-0.24040487512004077,0.20247442206293176,0.36559958256306296,-0.9275710256571598,-0.05187599188481824,0.05707730772411962
71.79940676689148,0.6351579614418391,-0.24041930093828462,0.20248232475171526,0.3655206449481732,-0.9275929815980369,-0.05201943134339341,0.05709551093956982
71.82435393333435,0.635165700446473,-0.2404394351149216,0.20249871358285057,0.36542591333452495,-0.9276218516230357,-0.05216135510620176,0.057103373705842043
71.84437704086304,0.6351706419080803,-0.24045404954818833,0.2025098353996292,0.365350538463133,-0.9276444447766602,-0.05227861647896739,0.057111420738256195
71.86938309669495,0.635164495688153,-0.2404635108072584,0.20250942854172227,0.3652548959246071,-0.9276671948248182,-0.052482949287913805,0.057166219772013964
71.88944816589355,0.6351704892852873,-0.24047474861184237,0.20251788840662593,0.365188629904738,-0.9276861345212589,-0.052595886182784726,0.057178432663910726
71.91435194015503,0.635187444062451,-0.2404987504314118,0.20254446660886377,0.3651113763986717,-0.9277144310251613,-0.052666230953270096,0.05714792567663419
71.93933463096619,0.6351912152130608,-0.2405347195363442,0.20258107934049885,0.3650510587230922,-0.927732784639447,-0.0527292676417126,0.05717717345457606
71.96431732177734,0.6351686043090217,-0.24055650424670527,0.2025977322023173,0.3650207626437041,-0.9277279211260249,-0.052869683767618185,0.05731966277346184
71.98437166213989,0.6351616861658778,-0.24056246419678964,0.2026063892313789,0.3650091397480245,-0.9277237512936429,-0.0529485011678578,0.057388373475241033
72.0093457698822,0.6351787697442937,-0.24056295244997192,0.2026184348512291,0.3650108319924889,-0.9277226635522814,-0.0529594980627393,0.0573850470467149
72.03429961204529,0.6351956427807188,-0.2405612221190281,0.2026186783167398,0.36501922107188006,-0.9277198200997121,-0.052958202841909545,0.05737884970990264
72.0543782711029,0.6352039652777116,-0.24055955745411212,0.20260589956146227,0.36502554632261613,-0.9277162838781057,-0.052966507719045104,0.05738811914777947
72.07935500144958,0.6352208699752164,-0.2405571488023185,0.2025934065257647,0.3650376965832945,-0.9277116627096553,-0.05296291523948409,0.05738885392647962
72.10430932044983,0.6352487613103672,-0.2405522122862535,0.20258642022973378,0.3650576139555046,-0.9277049498628427,-0.052950557216624006,0.05738207894081358
72.12437605857849,0.6352699399393894,-0.2405505461129157,0.20258165165272765,0.3650715279499219,-0.9276990084046536,-0.05295439941141286,0.05738606859047204
72.14444184303284,0.6352847572343983,-0.24055041038448322,0.20256319140659718,0.36508172910212494,-0.9276917495953754,-0.05298181784837064,0.05741320219234778
72.16931462287903,0.6353041503424849,-0.2405517811427184,0.20253660514761762,0.3650969553645622,-0.9276816188067708,-0.05301035197269006,0.057453719594621824
72.1943006515503,0.6353263635645119,-0.24054726154252667,0.2025074069626544,0.3651209049491672,-0.9276666293206884,-0.053050909304132116,0.05750609216308689
72.21430706977844,0.6353372745305634,-0.24054605818932628,0.20248197218743888,0.365138717482758,-0.9276533316795796,-0.05309457842997589,0.057567169116963475
72.23430824279785,0.6353440211387399,-0.24054909259393148,0.2024562919385956,0.3651449707046613,-0.9276443982473535,-0.05314279871046483,0.05762693566895993
72.2544047832489,0.6353520519164519,-0.24055631615705705,0.20243978227305504,0.36514902151054784,-0.9276368548799394,-0.053185272241123106,0.05768348442090382
72.2744562625885,0.6353663043380217,-0.2405645977292123,0.20244006306261353,0.3651548251627815,-0.9276307899618528,-0.05321091021867658,0.05772062204106718
72.29932117462158,0.6353900362720386,-0.2405616928168176,0.20246581758293997,0.36516780666015386,-0.9276192937174328,-0.05327355293575891,0.05776545212949145
72.3193416595459,0.6354022167279988,-0.24054925842929353,0.20249670889016924,0.3651775668733525,-0.9276053108750119,-0.053378241641270925,0.057831610803807096
72.3394091129303,0.6354177580145783,-0.2405431191270793,0.20252762720020887,0.3651870687210305,-0.9275952944026489,-0.05344317036741975,0.05787229200611406
72.35943651199341,0.6354439215123584,-0.24054165414021703,0.2025547595994312,0.3652012692605135,-0.9275902869194118,-0.0534417725048215,0.05786423329515722
72.38445401191711,0.6354766879715495,-0.2405389085009438,0.20258652104630928,0.36522702225066117,-0.927581206461529,-0.05343063913749054,0.057857535711978936
72.40936779975891,0.6354903019266958,-0.24053537591019103,0.20260784997488868,0.3652465052927192,-0.9275688401804055,-0.05346822408447453,0.05789806655730101
72.4293839931488,0.635495384563581,-0.2405316276476718,0.2026187955250593,0.3652592362213444,-0.9275591037701716,-0.0535065985587818,0.057938271278208
72.45442152023315,0.6355020282065775,-0.24052798766133088,0.20262952228164963,0.36527239886102075,-0.9275487776228263,-0.05354896194522212,0.05798144906139062
72.47943210601807,0.6355021553816542,-0.24053510698951003,0.20264083332917748,0.3652754982990685,-0.9275399981091974,-0.053607699572205174,0.05804805592371338
72.50430989265442,0.6354940759314901,-0.2405522230765125,0.2026456104883323,0.3652660023313188,-0.927535876320124,-0.053661985852630344,0.05812346302768847
72.52433681488037,0.6354980158619116,-0.24056412824234402,0.20265039232091508,0.36526303148845507,-0.9275357194289939,-0.053664737221305533,0.05814209310056888
72.54434967041016,0.6355106483945234,-0.240574321248965,0.20266143693597738,0.36526458269042994,-0.9275369427892618,-0.05364303127590981,0.05813286152107799
72.56437397003174,0.635520543057619,-0.24058113816628915,0.20266678337086974,0.36526643966423666,-0.9275375110023573,-0.053627400905424685,0.05812654824347386
72.58930468559265,0.6355286847838151,-0.24059093786421265,0.20266419140380723,0.3652673971816332,-0.9275380579174017,-0.053610869489408776,0.05812705345646551
72.60935282707214,0.6355336306941305,-0.24060424551499487,0.20266435376174133,0.36526546297524076,-0.9275397829445513,-0.05359099750996251,0.05813000600881386
72.63433980941772,0.6355466487376091,-0.2406249265967771,0.20266963169784954,0.36526488561611503,-0.9275421051912918,-0.05355605717775819,0.05812878093237626
72.65434503555298,0.6355735336150937,-0.24062956354743256,0.20267082507512402,0.36527803355100963,-0.9275395217449349,-0.05352942043561022,0.05811191748748185
72.67438292503357,0.6356097694157699,-0.24062713408207181,0.20266566172319767,0.3652996628826486,-0.927533747450284,-0.05350556327493726,0.05809008811555582
72.6993362903595,0.6356648383666927,-0.24062322146665394,0.20266006650723387,0.365329713347693,-0.9275263269643206,-0.05346888870951917,0.058053348512521065
72.71937727928162,0.6357066436780523,-0.24061455208620824,0.20264034665024927,0.36535082829282994,-0.927520852580703,-0.053449852079702244,0.05802545653762563
72.74430394172668,0.6357614208697856,-0.2405821118381492,0.20258101100126444,0.3653592732545004,-0.9275202982246109,-0.05345987825516978,0.05797188322991834
72.76933813095093,0.635789999680566,-0.24056914585845732,0.20247330940290553,0.3653840144196343,-0.9275091097159404,-0.05346011038081755,0.057994741128630636
72.79435801506042,0.6357955771512305,-0.24056364843822095,0.20233412333876638,0.36539412034231966,-0.9275002048820602,-0.05348805541916606,0.05804769324015785
72.81935787200928,0.6357985999226305,-0.2405570543312608,0.2021742750240222,0.3654010718123381,-0.9274927113043636,-0.0535141117954954,0.058099630243312064
72.83940720558167,0.6358148059157537,-0.24055214267342226,0.20204738622169421,0.3654165349100989,-0.9274864806019377,-0.05349810737940151,0.05811657957697285
72.86431527137756,0.635857369014145,-0.2405329177727197,0.20191228687306562,0.36545865389842314,-0.9274753574880811,-0.053423019775416455,0.05809831754178861
72.8893609046936,0.6358930132815394,-0.2405067109342698,0.20176923261970042,0.36549979729305554,-0.9274641877287972,-0.05335090881520051,0.058084070001033994
72.90945816040039,0.6359003858342578,-0.24049587498483593,0.20160376405544936,0.3655213488595975,-0.9274573999571404,-0.05330354985009433,0.05810031295919868
72.92949175834656,0.6358958891932504,-0.24049713587019442,0.20139844032644583,0.36553534441832897,-0.927452314273467,-0.05325846443296834,0.05813478043295358
72.95434141159058,0.6359271516266277,-0.24049131494720966,0.20120449140243513,0.36556857917784646,-0.9274471043459622,-0.05314942756489431,0.0581086990707394
72.97438621520996,0.6359897149892156,-0.2404560994638806,0.20112960786957196,0.3656182019145681,-0.9274407222803167,-0.05301912465547592,0.058017320738789395
72.9993360042572,0.6360927743068467,-0.24038189508018107,0.20111506622099112,0.3657106190018011,-0.9274251366086028,-0.05281935324843847,0.05786600952449524
73.02442455291748,0.6361983436309563,-0.2403015675985828,0.20113358989297792,0.365835034931089,-0.9273978209475209,-0.052582820441564426,0.057732624340011036
73.04942584037781,0.6363092549158051,-0.24022096238507526,0.201138965495055,0.365986808130516,-0.9273670043251311,-0.052245109807531054,0.05757207712633661
73.06946206092834,0.6364753034174617,-0.24021893085917836,0.20109500157171156,0.3661634330224919,-0.9273765244272183,-0.051375455130868324,0.05707613221457688
73.09444808959961,0.6368368078609218,-0.24028754284511747,0.2009687890650792,0.3665285271340416,-0.9274195291757125,-0.049289783399684414,0.05586029853924552
73.11944603919983,0.6373298816271953,-0.2403463617208369,0.20081814202794024,0.36700040526125877,-0.927472170405443,-0.04656170176552338,0.054204092005826814
73.14433217048645,0.637857342974258,-0.24039608736836857,0.20067068807917393,0.3674635566511882,-0.9275296627400402,-0.043733041924470965,0.05240878089235192
73.16437435150146,0.6383052982053049,-0.2404346531232616,0.20057965984061987,0.36777017897667025,-0.9276015917975599,-0.041466150829734406,0.0508029594165393
73.18945455551147,0.6388175677694194,-0.24049402210420795,0.20050661673191345,0.36808673944000275,-0.9276893905244202,-0.03884939302632965,0.048941512219164894
73.21439552307129,0.6390515559126765,-0.240436340504098,0.2004366531679076,0.3683873273169761,-0.9276575817525012,-0.037596102313204406,0.048256825218394174
73.23943495750427,0.6389752131349161,-0.2401925078679088,0.2002478461796824,0.36875422877565883,-0.9274647057875041,-0.037843439599420055,0.04896337772139343
73.26439619064331,0.6387766421596625,-0.24001872420949996,0.19999010259958533,0.36915369303644946,-0.927215593147,-0.03842416170789991,0.05020337179621024
73.28440523147583,0.6386608318321523,-0.23995657367976284,0.1998924526018596,0.36941638519429193,-0.9270549631023596,-0.03874840671167578,0.050982258821049065
73.304443359375,0.6386132411339628,-0.2399067754406224,0.19992246260742244,0.3695702940283348,-0.9269584762543884,-0.038996187323712246,0.05143032613309212
73.32938504219055,0.638553944589673,-0.23984802850362977,0.20001558838822203,0.36960203219942184,-0.9268999514043158,-0.03950954633404703,0.05186341320395424
73.35434007644653,0.6384854478897443,-0.23984802336929897,0.20007257140267704,0.369551175893354,-0.926889387333168,-0.039887546849113394,0.05212461655851953
73.37435126304626,0.6384656806848787,-0.23993563056553874,0.20013603070596597,0.3694724448598528,-0.9269236472896176,-0.039877714768191325,0.05208101813005316
73.39438033103943,0.6384598654163377,-0.24002508216533208,0.20021358901335523,0.36940524881858194,-0.9269581093240984,-0.03982133250829886,0.0519873752062075
73.41444158554077,0.6384854407741297,-0.24005070317246857,0.20029362187522987,0.3693917687957,-0.9269738714480129,-0.03973060970220518,0.051871393381592294
73.43944025039673,0.6385507847588464,-0.24001362984790098,0.20036889694705967,0.36944435187324864,-0.926971912045926,-0.03952052378953492,0.05169210139183967
73.46435475349426,0.6386183372230154,-0.23990179474004616,0.20039534445991902,0.3695383229019242,-0.9269476319527207,-0.03936568047343494,0.05157381821181339
73.4844057559967,0.6386549810356633,-0.2398366151000247,0.20040840719600983,0.36959633586199114,-0.9269309985427188,-0.03928202610717752,0.05152081989766437
73.50941777229309,0.6386814827169931,-0.23979420628371845,0.2003981276209177,0.369660061292171,-0.926912157547084,-0.03917015569929772,0.051487767278913354
73.53435230255127,0.6386817953349924,-0.2397676364248759,0.20035776046477413,0.36969567380030705,-0.9269028712506859,-0.039080195630113355,0.05146760486058673
73.55930066108704,0.6386504039914918,-0.2397795400543734,0.20032532446075627,0.3696750662725968,-0.9269119316353792,-0.039060305651064844,0.051467551823636944
73.57931208610535,0.6386032175380187,-0.23982677400775881,0.20028618691658423,0.3696275896007011,-0.926931018691143,-0.039048647029556405,0.05147363168968598
73.60428714752197,0.6385304073167091,-0.23990803031686328,0.20021294275938706,0.3695397251565149,-0.9269677810254917,-0.039024826501095004,0.05146054205357509
73.62428951263428,0.6384792396503287,-0.23997208059633812,0.20015771575762684,0.3694383489894357,-0.9270145678723539,-0.03899058535190383,0.05137150476952238
73.64440131187439,0.6384310826087624,-0.2400545058590722,0.20011230535337388,0.36928721405880166,-0.9270849694701198,-0.038959053401661864,0.05121137640458324
73.66440534591675,0.6383808679493926,-0.24013948689721623,0.20007497240654018,0.369125608146014,-0.9271568017999838,-0.038968637693848625,0.05106853789862735
73.68933749198914,0.638339737179894,-0.24017477312395083,0.20003938708503113,0.368976901281866,-0.9272220543976811,-0.03902845945569979,0.050912547682130195
73.7093608379364,0.6383389693585164,-0.24013039628026464,0.20004220067386352,0.36891209915744955,-0.9272547014756971,-0.03907058450652275,0.0507550107161476
73.72939944267273,0.6383503405062902,-0.24006287412148816,0.20008496470701043,0.36887294021050154,-0.9272788412060853,-0.03910406291924151,0.050572491486199064
73.75429964065552,0.6380965944294092,-0.23997810661015156,0.19999961854682222,0.3686774670097767,-0.9273547898813294,-0.03925163367918626,0.05049087300615962
73.77434515953064,0.6377542834315323,-0.2399438286594869,0.19985102928005022,0.36841852425983707,-0.9275080962698703,-0.03871431722250413,0.049977234597645935
73.79435801506042,0.6373971801250277,-0.23989296433813925,0.19970784331090272,0.3681434419307178,-0.9277316002621177,-0.03739582254137754,0.048847072531904664
73.81438493728638,0.6368789175225021,-0.23980967321294214,0.19960116837294806,0.3677654952028188,-0.9280073447672916,-0.0359589496548248,0.04751697103086529
73.83938312530518,0.6361198902230217,-0.23959010809911788,0.19965882564396714,0.367236477681797,-0.9283848013894914,-0.03412249356052181,0.04554871504316927
73.85938596725464,0.6355164769168132,-0.23930584370595914,0.19975970696304352,0.3668540749731696,-0.9286983103624195,-0.032294830375722894,0.04352677264149376
73.88435006141663,0.6346361949412305,-0.23886925861054073,0.199774401660278,0.3663810572343035,-0.9291077375150959,-0.02954327893494213,0.040631609113268095
73.90437150001526,0.633815966117772,-0.23843904887541326,0.19972555870772085,0.36601264307190956,-0.9294265169059055,-0.02720314680574691,0.03822412311050804
73.92437314987183,0.6329932081271568,-0.23794593422769134,0.1996939303913618,0.365704728640655,-0.9297136169602904,-0.02479051089943632,0.03575013926831893
73.94935464859009,0.6319717103638876,-0.23724671371398173,0.19958381325814015,0.3654122920192501,-0.9300057456098094,-0.02201569531070876,0.03284020605901569
73.96938800811768,0.6312066220627366,-0.23671732268709397,0.1995501057107727,0.3651448466989795,-0.9302359261095836,-0.019943410624271463,0.030538878122486467
73.99436378479004,0.630316989771496,-0.23622956975811424,0.19970023323600497,0.3647507093893238,-0.9305308649987506,-0.017349633215099938,0.027716773120590395
74.01935124397278,0.629497530044626,-0.23580737215736738,0.19999953804737575,0.36451406789978225,-0.9307161188300548,-0.015451558456543144,0.025656379214348272
74.03938508033752,0.6288887259509478,-0.23548811898786284,0.2002279740186434,0.36463606457519915,-0.9307041668136085,-0.014515567944564411,0.024891616546578208
74.0594048500061,0.6283708341898332,-0.23520360511906416,0.20038405785935587,0.36497760062607487,-0.9305970485308465,-0.013574922296568873,0.02441732563740061
74.07942700386047,0.6279482007999244,-0.23498966570555416,0.2004673232030921,0.36543541008617514,-0.9304505013926009,-0.012252472322625827,0.023847482788459554
74.1043267250061,0.6275325303153135,-0.2347911019348447,0.20041388378703853,0.3660803880439444,-0.9302455013838359,-0.010144855665984501,0.02292462755133498
74.12929344177246,0.6272418290281715,-0.23445652249246918,0.20025369805331725,0.366859813306314,-0.9299682519938752,-0.008580371918478397,0.022345131064538084
74.14929604530334,0.6271056994269836,-0.2341734715050516,0.2002174352563491,0.3675102366166952,-0.92971878800004,-0.00794465838137078,0.022272934806400073
74.17428398132324,0.6270606911513772,-0.23395325632762326,0.200315387724331,0.3681848145887768,-0.9294517560516825,-0.007601293009482085,0.022396335035300502
74.19429039955139,0.6271023212424718,-0.23392238340739252,0.20041424653243012,0.3685212430589788,-0.9293163301237737,-0.007561162764201579,0.02249623962099989
74.21431827545166,0.6271119032870955,-0.2339617326474635,0.20046952312278488,0.368739718498427,-0.9292204398375858,-0.007811228597736678,0.02278988586218006
74.23437523841858,0.6272363780923034,-0.2340045529177688,0.20060439058412213,0.3688928796743551,-0.9291454663035688,-0.008375767677548284,0.023164461763974003
74.25445103645325,0.6274901767965624,-0.23410877885789147,0.2007983577153458,0.36900856899426565,-0.9290819791501606,-0.009088280145856928,0.0235956604278677
74.27943801879883,0.627858463941386,-0.23428206425433323,0.20107615885820845,0.36916246282129433,-0.9289943499879587,-0.010034549746402903,0.024246268688500754
74.30439877510071,0.6281276437912539,-0.23448343233998303,0.20125648450207187,0.3693081596932427,-0.9289042785292327,-0.011013417163112868,0.02504055023754857
74.32942867279053,0.6282994320786792,-0.2346774441105966,0.20135207039781017,0.36951513134879993,-0.9287736718065884,-0.012259071854574583,0.026224977034209302
74.35438704490662,0.6283467716257152,-0.23484000701507024,0.20141115035622448,0.3697578999227963,-0.9286074727237881,-0.013866037766426547,0.02783864297274384
74.37446594238281,0.6283649703637747,-0.23488862042952663,0.20141979748335573,0.3699027200786907,-0.928486640349153,-0.015351562248886732,0.02913530346491495
74.39929604530334,0.6284892600587177,-0.23488134921270204,0.20141279956000213,0.36999999278993,-0.9283782565289836,-0.01706904841131666,0.03037212086975676
74.41935014724731,0.6286239059040989,-0.2349094851859944,0.20136963204708846,0.37004340732193886,-0.9283196885680715,-0.018085929732469735,0.031037584638538906
74.43943619728088,0.6288465485428495,-0.2350242890170828,0.20131880189050205,0.37007968664723934,-0.928289488692341,-0.018510302634066708,0.0312573097158252
74.45948934555054,0.6291211540154313,-0.23516221558774797,0.20120820171912301,0.3701451492088656,-0.9282733463537567,-0.01833274110377303,0.031065633259353187
74.48430132865906,0.6292851344159445,-0.23520031189704949,0.2009055832756534,0.370219821595586,-0.9282495167485026,-0.018213772217559713,0.03095766230388317
74.50433564186096,0.629334262805231,-0.23518680461777505,0.20064434381346505,0.37027434726812636,-0.9282282298194987,-0.01814715825954698,0.03098292704839124
74.52932691574097,0.6294183218631849,-0.2352252913164899,0.2004316531651734,0.370327542935698,-0.9282081422836328,-0.018016233739595912,0.03102532615896212
74.55429935455322,0.6295479387523579,-0.23537457270053072,0.20035169627152466,0.3703484528429739,-0.9282021110174627,-0.01781113468427706,0.031074556486444
74.57432293891907,0.6296226651698696,-0.23548746037423374,0.2002776081423347,0.37035603409476686,-0.9281925268797998,-0.017827706905398567,0.031260420993037955
74.59929203987122,0.6296503911509476,-0.23555682248499682,0.20015531147702248,0.37033948527080734,-0.928173190383291,-0.018283667156134283,0.0317632148642094
74.61931467056274,0.6297595636913748,-0.235609837945718,0.2001606005252932,0.37031326504549905,-0.9281657673287346,-0.018660511369544545,0.03206523671869067
74.63934898376465,0.6299309368426659,-0.23563707392316657,0.2002482067768419,0.3703418087738777,-0.9281367563988563,-0.01904883724272942,0.03234575544338418
74.66428565979004,0.6301424427262715,-0.23565485935664218,0.20042007588649283,0.37043000644461904,-0.928075625276613,-0.019561526778672633,0.032780951222753
74.68932509422302,0.6303109791761176,-0.23567817882876302,0.20058446677745212,0.3705235080305664,-0.9280166697391,-0.019916188321424153,0.03317734356363541
74.7093596458435,0.630410659004283,-0.23572019635524036,0.20067684769264155,0.37057406590758096,-0.9279861922867625,-0.02003119282806912,0.03339520797416691
74.73434233665466,0.630479965794909,-0.2357718493640158,0.200735025268226,0.3706046219123357,-0.9279642553065374,-0.02011161343671892,0.033616634209744485
74.75932383537292,0.6304932006248549,-0.23582066070147703,0.20075783818286635,0.37061052978814296,-0.927951295852047,-0.020197944134611002,0.03385662105855402
74.77933955192566,0.6304985890080028,-0.23585695853876684,0.20078314848921064,0.3706115301605117,-0.9279433607664612,-0.02025522068082725,0.03402850212278639
74.80433106422424,0.6304876568861848,-0.2358944631713191,0.2008416994062931,0.3705986602243596,-0.9279330833018187,-0.02048563126729957,0.03430983628012021
74.82931208610535,0.6304627195259903,-0.23595067912379866,0.20092490298738877,0.3705484060253069,-0.9279347178193955,-0.020802996330204278,0.03461608876267712
74.849356174469,0.6304748070960735,-0.23600851775636786,0.2010119215649138,0.3704569755174916,-0.9279631861436153,-0.020989556955960446,0.03471876944167646
74.86936473846436,0.6305159377519487,-0.23607192130813545,0.20110477374110916,0.37035532393717324,-0.9280007176326626,-0.021101533215212416,0.03473222423888775
74.88939332962036,0.630541736810538,-0.23612723526639426,0.20117299265273175,0.37024857236690106,-0.9280389404979191,-0.021238567490259503,0.03476554085082115
74.91437578201294,0.6305560464503162,-0.23616480466315926,0.2012117703754164,0.3701119206409018,-0.9280859014492719,-0.021468770137515098,0.034825531428926394
74.93439674377441,0.6305636908980617,-0.23618038821772916,0.2012220118240278,0.37000256357716405,-0.9281215599813699,-0.021703602199517707,0.03489163933795259
74.95934891700745,0.630562999408026,-0.236229002832393,0.20120912643254835,0.36985640960881433,-0.9281715280004917,-0.02193629277455755,0.03496641159213453
74.98436498641968,0.6305596803151157,-0.23630296860189212,0.2011867635236585,0.36970832773942913,-0.9282226815924053,-0.022131646864164297,0.03505133356285753
75.00931429862976,0.6305760846378092,-0.23634559868519378,0.20115571751941336,0.3695936046890794,-0.9282644418199271,-0.022264087717388716,0.03507141034882325
75.02932286262512,0.6305923788943005,-0.23635546906510863,0.20113830807898186,0.36953487190754974,-0.9282858031697686,-0.022344782985938713,0.03507359050734556
75.04932641983032,0.6306012532557905,-0.23637646213703947,0.2011422868969045,0.3695040045868634,-0.9282954919368673,-0.022394040705436102,0.035110926857885943
75.06938242912292,0.6306050886722375,-0.23640383152034872,0.20115867351808195,0.3694986408545765,-0.9282924286489505,-0.02245547685628428,0.03520898860789487
75.08943581581116,0.6306289804125371,-0.23643358995716993,0.2011937822311579,0.36950257855114793,-0.9282879820930561,-0.02247123733409325,0.03527478190264148
75.1143410205841,0.6306843058572265,-0.23641007637921743,0.2012088286647593,0.3695487953773753,-0.9282671783390664,-0.022502690161208164,0.035318017910656405
75.13940501213074,0.6307336459543285,-0.23637489411051982,0.20119359874869663,0.3696041524988118,-0.9282398777651143,-0.02259159030941824,0.03539943261512838
75.15945434570312,0.6307487702006372,-0.23637966250304088,0.2011412809208004,0.3696215413035531,-0.9282264178026972,-0.022686273272481905,0.03551009015164928
75.18433904647827,0.6307753128703726,-0.2364086369473654,0.2010510038371168,0.36963400118547673,-0.9282182834896023,-0.02269552347088238,0.03558702822175463
75.20942258834839,0.6308087200690893,-0.23642447871909225,0.20099887324270277,0.3696488506928603,-0.9282126180156667,-0.022668966937651032,0.03559748412434607
75.2344217300415,0.6308462341520366,-0.23642080972123705,0.20100624042861936,0.3696694045775816,-0.9282039622838545,-0.02268347052345631,0.035600503997806746
75.25940990447998,0.63087515131872,-0.2364073600933595,0.20105209046045874,0.36968981087966996,-0.9281897048293569,-0.02280975635920198,0.03567955430319076
75.28440809249878,0.6309112106860968,-0.23643001456350687,0.20111182905095032,0.36969821313162626,-0.9281846765709675,-0.022830472812241088,0.03571003916759846
75.30938982963562,0.6309395192761864,-0.23648499827942646,0.20116832810387286,0.3696898288265917,-0.9281895042767991,-0.02276368976177016,0.03571398942952801
75.33431935310364,0.630958431835504,-0.23650787238204882,0.20121190210277654,0.36969742729485955,-0.9281844414001826,-0.02277630338026716,0.03575884503714672
75.35434436798096,0.630969417774725,-0.23650692742656737,0.2012421878892786,0.3697122449217945,-0.9281743450854,-0.022846130006707318,0.03582311298248262
75.37444019317627,0.6309853670293579,-0.2365012372559731,0.20127074919460108,0.3697215169476382,-0.9281669288794947,-0.022924136070134854,0.035869709027923705
75.3993570804596,0.6310146800355942,-0.23649797778592027,0.2013087036150431,0.3697338593633159,-0.9281589178543044,-0.022995976429506636,0.035903781358701876
75.41936349868774,0.6310423172436704,-0.2364874272966338,0.20133544557350755,0.36975118491041237,-0.9281478929919131,-0.023082613395306435,0.03595473474780427
75.44447445869446,0.6310720979629909,-0.23646630033753985,0.20135658061119244,0.36977887935201814,-0.928128452571619,-0.023244619174152225,0.03606720936876162
75.46936869621277,0.6310918793795919,-0.23646488733098878,0.20134923942942196,0.3698259226868959,-0.9281035488544859,-0.023315003502906325,0.036180106745284095
75.48937797546387,0.6311013182553972,-0.2364848781533696,0.20133595602530385,0.3698674853513712,-0.9280831016402132,-0.023319987565087165,0.036276409823883214
75.51435089111328,0.6310975208026194,-0.23650429434653944,0.2013032271261026,0.3698923998245593,-0.9280644712671687,-0.023415487088612748,0.03643713336692654
75.53928136825562,0.6310989790567241,-0.236521355869255,0.20126488005234505,0.369893901929172,-0.9280557335646233,-0.023527024045454335,0.03657233726552737
75.564284324646,0.6311140440404412,-0.23653776648753913,0.20122699223059995,0.369898580190924,-0.9280494882408361,-0.02357793893806476,0.03665062815319058
75.58929133415222,0.6311449056031504,-0.2365379338025559,0.20121101526851465,0.36991281691683564,-0.9280399478917496,-0.02364355822409913,0.03670620045857974
75.60944032669067,0.6311765109548205,-0.23653321508527592,0.20121659193023805,0.3699316032971857,-0.9280292337596497,-0.023703350899395268,0.036749167684565195
75.63440108299255,0.631206318558184,-0.2365273988015273,0.20122294229164878,0.3699494744399294,-0.9280191228456232,-0.02376078674345182,0.03678748439057677
75.65443897247314,0.6312334417588882,-0.23652901566532422,0.2012371025982893,0.3699618426591026,-0.9280148339546447,-0.023752882571663133,0.036776398763245594
75.67942523956299,0.6312619770883738,-0.23653399544285247,0.20125968982526338,0.36997286675756,-0.928011933782527,-0.02372889755793406,0.03675415678618643
75.7043342590332,0.6312828955391385,-0.2365412098475197,0.2012820403809428,0.36997974895603736,-0.9280084831958396,-0.023739749065119473,0.03676499412802223
75.7244963645935,0.6312863946647362,-0.236555173100748,0.2012953292347478,0.3699767494674056,-0.928005794572198,-0.023793689073785134,0.03682812042713779
75.74450325965881,0.6312785434220308,-0.23657064138946113,0.20130410372480198,0.36996865863164946,-0.9280018256578972,-0.02389810019870119,0.036941629806521076
75.76929068565369,0.6312878515189128,-0.23658695072379143,0.20130498502873184,0.3699551980418541,-0.9280006590104446,-0.02400587718799699,0.03703574190386664
75.78934049606323,0.6313040035402923,-0.23659828312498893,0.2012959336364372,0.3699362746659836,-0.9280049125132369,-0.024077759286145573,0.03707150584086996
75.81434321403503,0.631309438142971,-0.23661749672667456,0.2012720285000542,0.3698875083506122,-0.9280188533486743,-0.024201074009889332,0.03712878953611548
75.83934473991394,0.6313192918828415,-0.23665452405975063,0.20125164416888575,0.369811098014425,-0.9280472588938573,-0.024273437693336796,0.03713269809014874
75.85937237739563,0.6313299571628838,-0.2366891044056335,0.2012427267510046,0.36972976063043655,-0.9280786531198855,-0.02433544936228286,0.03711743029460946
75.88429713249207,0.6313354686359811,-0.23672376585183488,0.2012467101983811,0.3696238369430697,-0.9281162972662769,-0.024475327223033378,0.037139147398539206
75.90432095527649,0.6313397027982391,-0.23674572705879485,0.2012632249197449,0.3695337369599507,-0.9281474390705735,-0.024621596984570046,0.03716080673257063
75.92436337471008,0.631351594610434,-0.2367687241020627,0.2012920514834021,0.36943704678369166,-0.9281829927997177,-0.02475119594037207,0.037148063753223985
75.94439506530762,0.6313772397248656,-0.23679524701753835,0.2013312071679747,0.3693381612803297,-0.9282226702432143,-0.024835192626659886,0.037083827686106734
75.96935820579529,0.6314028810218715,-0.23682283698976353,0.20137005486898635,0.36920757490961537,-0.9282730649605117,-0.024978474786430286,0.037026467499741686
75.99433708190918,0.6314075546839368,-0.23684963386107896,0.2013860208625521,0.36907141833045015,-0.928321216537807,-0.02518268857069495,0.037038348958458506
76.01938271522522,0.6314074399884438,-0.23689366527923994,0.20138890085373165,0.3689412817663744,-0.9283688440101225,-0.02531767948415979,0.03704909156020952
76.04428291320801,0.6314124394701599,-0.23693190216736945,0.20137516252139054,0.3688304159601175,-0.9284094724728801,-0.025427843934350405,0.037059417671429874
76.06930351257324,0.631420594818953,-0.2369576870876207,0.2013469045773848,0.368739632474216,-0.9284407049791081,-0.025558021358899813,0.03709081186523521
76.0894193649292,0.631440516685599,-0.23698047514336584,0.20133192480280737,0.36867900960159633,-0.9284628007825488,-0.025626591667788072,0.037093034946747
76.11437606811523,0.6314716930292736,-0.2370071321638109,0.20131486905674617,0.36860766879828194,-0.9284892965271044,-0.025700921523319157,0.03708740177590768
76.13935160636902,0.6314894265312304,-0.23702212465976688,0.20129300732752625,0.3685635800850256,-0.92850108437095,-0.025816039072231272,0.037150449304777844
76.16433525085449,0.6314926942911241,-0.23703302628906278,0.20126157330841002,0.36855988089506775,-0.9284921425879067,-0.02596932744105282,0.03730347677431341
76.18929147720337,0.6315169857307881,-0.23703808521013373,0.20123931196102307,0.36857533336348597,-0.928479807267206,-0.026056317417113995,0.03739705143162102
76.21426916122437,0.6315509158850667,-0.23704204829591247,0.20123687434095372,0.36859370375553935,-0.9284693260843756,-0.026101894868503374,0.03744440086904697
76.23427319526672,0.631570094336896,-0.23704352661702505,0.2012448335299047,0.36860491247361227,-0.9284596864011353,-0.026183649450416107,0.03751593967478046
76.25427412986755,0.6315858238516283,-0.2370550911276114,0.20125475795797204,0.3686103939794195,-0.9284513710971649,-0.026272258460295867,0.03760581595363441
76.27437090873718,0.6316042550805372,-0.2370784177764802,0.2012605971209333,0.3686129397666148,-0.9284468879130016,-0.026305828309749802,0.03766802832863452
76.29438519477844,0.6316197644168295,-0.23709731289200914,0.2012546144781251,0.3686166570112879,-0.9284422888155405,-0.026335057912256914,0.03772454423324432
76.31447505950928,0.6316290213911816,-0.23709679414820548,0.2012227535778357,0.3686289033257419,-0.9284321506303905,-0.026407020474766525,0.03780400214629293
76.33449006080627,0.6316462267734445,-0.2370905703438906,0.2011848427856836,0.3686514668816737,-0.9284189769325052,-0.026462533559539626,0.0378686355054283
76.35449051856995,0.6316722608457783,-0.23708667836311978,0.20114382771316944,0.36868093865659135,-0.9284053846217636,-0.026473990541919106,0.037906926825249994
76.3794207572937,0.631714486880312,-0.2370777122162261,0.2011170168540623,0.3687125387059751,-0.9283907147828498,-0.026501198017605174,0.037939834075838376
76.40435600280762,0.6317525291990406,-0.23707556881125355,0.2011175046982358,0.3687372515253001,-0.9283747017264125,-0.02659692423166189,0.03802441522750969
76.42444062232971,0.6317663396757489,-0.23708843500485247,0.20112336583638357,0.36875349669139174,-0.9283598051986439,-0.026706550981704064,0.03815351758453193
76.44932103157043,0.6317919417679942,-0.23712436510035698,0.20113274826800834,0.36877648748360076,-0.928343458024329,-0.02676807092098895,0.038285723211913814
76.46933937072754,0.6318171890971445,-0.23713963000480415,0.2011253638196155,0.36879043264586303,-0.928333689744436,-0.026813811109295826,0.038356183441078356
76.49427556991577,0.6318488691560512,-0.23712638167941716,0.2011212987547245,0.368818714859277,-0.9283134470711262,-0.02695854878541584,0.03847253830838459
76.51430201530457,0.631884573065524,-0.2371161382511491,0.2011152686495073,0.36886556955382394,-0.9282889140733916,-0.02703527289014022,0.038561348858896026
76.53929567337036,0.631927653407704,-0.2371125483917755,0.2011037688897352,0.36895812554408264,-0.9282474189163308,-0.027041516969588557,0.038670237007631336
76.56426405906677,0.6319513299306078,-0.23710240024998622,0.20108131409355573,0.36907487528292254,-0.9281941800406739,-0.027046428593953883,0.03883028809921834
76.58427572250366,0.631976415706194,-0.23709113989823705,0.2010724716698637,0.36917360883521494,-0.9281496716631761,-0.027047607977125916,0.0389545945143429
76.60429692268372,0.6320120432853428,-0.23708679113105607,0.20107060984776332,0.369262731161356,-0.9281096410379593,-0.027051760590048546,0.03906061746397535
76.62939667701721,0.6320588202951432,-0.2370894181042361,0.20107195512826714,0.3693465112741127,-0.9280688196131605,-0.027111254802383078,0.039196945474099396
76.65435934066772,0.6321149077586805,-0.2371103129672966,0.2010872434530527,0.3693960793660859,-0.9280416909614856,-0.02718783104658826,0.03931892965445371
76.67930054664612,0.6321712818739607,-0.2371373073104806,0.20110630119408845,0.3694259995644068,-0.9280223309454351,-0.02727214449873144,0.039436204772592666
76.7042727470398,0.6322177582390488,-0.23714593767663306,0.20112331303528458,0.36945504077323943,-0.9279983332074664,-0.02744789654069634,0.03960655737283259
76.72930145263672,0.6322613970764012,-0.23716214777045524,0.2011373440509111,0.36948074964048616,-0.9279767553257616,-0.027597141153804537,0.03976826649971437
76.74941205978394,0.6323030288256676,-0.23717721575983255,0.20115030418210664,0.3695019663259954,-0.9279616983888384,-0.02768028814751054,0.039864581429312845
76.77428460121155,0.6323692651618346,-0.2371846925885159,0.20116911102129917,0.3695422224315974,-0.927937921014274,-0.027785061522601785,0.03997187686659913
76.79430937767029,0.6324025236689765,-0.23717959880230444,0.20117147486087777,0.36958104081135373,-0.9279115426035613,-0.027933042718125526,0.04012192044693165
76.81933116912842,0.6324499209944087,-0.23718438361248131,0.20119035511266042,0.36965238200164274,-0.9278716530643485,-0.02805505652555968,0.04030168388039032
76.83936738967896,0.6324905030084796,-0.23719738286233225,0.20121023479859612,0.3697161186596315,-0.9278409449192027,-0.02808013348904482,0.04040641827684938
76.86433148384094,0.6325344936720534,-0.2372123744169338,0.20121792855178816,0.3698165956089902,-0.927797870306046,-0.028029859121240015,0.040510794430456375
76.88932752609253,0.6325602838133566,-0.2372264280662639,0.20120030759881197,0.36992330586124006,-0.9277519222597006,-0.02796813648338392,0.04063129170643498
76.91428065299988,0.6325696581549362,-0.2372479477811051,0.20118874646123708,0.369970018942533,-0.9277271360978198,-0.027998248237790627,0.040751001545353605
76.93930244445801,0.6325724639080932,-0.2372590302241873,0.20120649527357665,0.369965552601748,-0.9277177893922743,-0.028160705511670395,0.04089214836859011
76.96425652503967,0.6325999160433223,-0.2372741068746982,0.20124758990055516,0.3699671502883409,-0.9277095757437701,-0.028272302889683975,0.040986920720185366
76.98428440093994,0.6326368690915785,-0.2372856201296849,0.20129043107593036,0.3699776882716196,-0.9277021327951513,-0.028320715320150944,0.04102682137608206
77.00927901268005,0.6326730808630647,-0.23729798496459437,0.2013246835973685,0.3699909637974062,-0.9276917105796695,-0.028389450636926356,0.041095205590871375
77.02928400039673,0.6326992448944632,-0.2373155523897147,0.20133362017469494,0.3699968255645174,-0.9276862224829604,-0.028420321426694945,0.04114495130031875
77.04936003684998,0.632725674389995,-0.23734958595856728,0.20132092795984677,0.3699957216728069,-0.9276871887595031,-0.028384423232707075,0.04115787012400034
77.0693907737732,0.6327309807735094,-0.23742482372183427,0.20127836051013848,0.36996896764230947,-0.9276980913938021,-0.028321595485896744,0.04119589099841826
77.08941555023193,0.6327147785009106,-0.23752000365515472,0.20121173754498867,0.36991718020751985,-0.9277174627025374,-0.02827813057631888,0.041254533267640996
77.11439633369446,0.632706275206237,-0.23756577268043144,0.20109793619760152,0.3698207782774182,-0.9277532325044868,-0.028355902743348822,0.04126105078026885
77.13935780525208,0.6327157601757444,-0.23755644744814314,0.20104761600309712,0.36974023223211305,-0.9277787763602189,-0.028547828571363988,0.04127619517713079
77.1642997264862,0.6327405169147163,-0.2375459955224615,0.20110218925027837,0.36967453988873294,-0.9277958245200956,-0.028772109370348947,0.04132563712207657
77.18442869186401,0.6327700439862638,-0.23754839534704236,0.201173150118962,0.3696156265305475,-0.9278137982579797,-0.02892396154539873,0.041343062720511435
77.20935344696045,0.6328015082477363,-0.23755124896264598,0.20127204728029507,0.3695395991914656,-0.92783697861155,-0.029121461196462143,0.041363827774894946
77.22942209243774,0.6328259247836807,-0.23756547661136238,0.20135130984093547,0.3694765018383525,-0.92785728218068,-0.02925994639610087,0.041374316073015116
77.25437617301941,0.6328507687684561,-0.23759033755573858,0.20142846694217495,0.36939146291424296,-0.9278826692386316,-0.02946436794540751,0.041419201757151115
77.2743911743164,0.632866016712209,-0.23760852676107413,0.20146736811998317,0.3693283824739569,-0.9279002658653944,-0.029632819574062427,0.041467318579060046
77.29442763328552,0.6328655907037374,-0.23763343463854766,0.20148044066048354,0.3692541548600135,-0.927919322089404,-0.02983920207565592,0.0415538545888307
77.31443071365356,0.6328678742412177,-0.2376735381098419,0.20146380397047348,0.36916706156954865,-0.9279468418448269,-0.029995064529976436,0.041600907035691324
77.33937358856201,0.6329051533826722,-0.23773456112791466,0.20142654098408977,0.3690662052713079,-0.9279896022756909,-0.030024630412831554,0.04152054628054055
77.36436772346497,0.63295637285318,-0.23775260776509666,0.2014013184224934,0.36898422337123554,-0.9280266379896401,-0.03005615354410204,0.041398426526715555
77.38934254646301,0.6330034408075702,-0.23775512954562783,0.20139507888787353,0.36890529304208747,-0.928062089745683,-0.030095787695331208,0.04127815288243729
77.41431260108948,0.6330234542822609,-0.23776488253628117,0.20137937817469848,0.368815214724908,-0.9280973477849213,-0.030180464215286907,0.041228509574223415
77.43930077552795,0.6330011904156791,-0.2377794263334092,0.2013483493048681,0.3687009884500708,-0.9281310063419722,-0.030416055542777716,0.041319241858711615
77.4643132686615,0.632975042452265,-0.2378261787940131,0.20133117986524915,0.3685727488470534,-0.9281700873194129,-0.03062888407782145,0.04142812176529896
77.48933362960815,0.6329464180874085,-0.23788527995420297,0.20132743615545637,0.3684519218287119,-0.9282047228338929,-0.030837811576674364,0.04157166326621832
77.50934362411499,0.6329409713936798,-0.23792057432348548,0.20132648946483864,0.36837663058406783,-0.9282273797493946,-0.030958775161259666,0.04164305180466558
77.52941679954529,0.6329513217894216,-0.23794942444174147,0.20133690160169865,0.3683162637976326,-0.9282466482826237,-0.03104865759173277,0.041680578641850985
77.54948019981384,0.6329665370909174,-0.23798163402820172,0.2013565674503574,0.3682664492333502,-0.9282625968859104,-0.03111565012964452,0.04171558352371535
77.57429027557373,0.6329833628116665,-0.2380136240918866,0.20137800683294418,0.3682090473166181,-0.9282770001424722,-0.03125341554305279,0.0417987140661118
77.59925580024719,0.6329978213131847,-0.23801711220295096,0.20137436227638925,0.36815417249995236,-0.9282875818060106,-0.031458343807111516,0.041893237408190995
77.6192638874054,0.6330215671738204,-0.23801637872505374,0.20136326424356263,0.36812604331319143,-0.9282946792284145,-0.03155129519870213,0.04191324995731992
77.63927221298218,0.6330537476739723,-0.2380234055231439,0.20134603956554428,0.3681123343653165,-0.9283002507897014,-0.031567621280152995,0.04189795888328754
77.65947580337524,0.6330732649170168,-0.238032463692289,0.20130715068895177,0.3681066240348644,-0.9283015751861081,-0.03157926241427808,0.04191001114285717
77.68428111076355,0.6330892887267041,-0.23804695023304032,0.20125047214320765,0.36810115681165534,-0.9283018955857105,-0.03159265543159302,0.04194082889822691
77.70429968833923,0.6330961729369812,-0.238062258273494,0.20122582825023083,0.36808375582081193,-0.9283055304434755,-0.031634966172531025,0.04198118345276214
77.724369764328,0.633096345370885,-0.23808529045166402,0.20123826560527003,0.36804459709652454,-0.9283136809387155,-0.03174624606727786,0.04206019722718474
77.74939632415771,0.6330973591979854,-0.23812432171588857,0.20129908777965605,0.3679607531395449,-0.928334601359612,-0.03195255996238581,0.04217565624099884
77.77436232566833,0.6330957711978146,-0.2381624807058838,0.20135601765074146,0.3678513609946117,-0.9283663850831413,-0.03217560588615309,0.04226063946436724
77.7993323802948,0.6331139716596573,-0.2382038247001552,0.20139566876103365,0.36774981408663254,-0.9284043662474166,-0.03227420029923774,0.04223485488316382
77.81933999061584,0.63313807568039,-0.23821410890489,0.20139726147691844,0.36769099651707765,-0.9284283951892361,-0.03231740423140239,0.04218567849782747
77.84426641464233,0.6331825358214574,-0.2381985902638813,0.20137190418148193,0.3676488407673639,-0.928447396596649,-0.032354867371540336,0.04210610635877178
77.86437010765076,0.633215687867958,-0.23819198296900707,0.2013445350374793,0.36765351479697045,-0.9284467116231271,-0.03235389777132522,0.04208113630420137
77.88929915428162,0.6332613663358111,-0.23819828271202037,0.2013289747034091,0.3676777041587458,-0.9284379121035484,-0.03233629738659347,0.042077465520886495
77.90932989120483,0.633282731816551,-0.23819487287487398,0.20131313099572196,0.3676939575881483,-0.9284264801999109,-0.03240167887776892,0.042137342377613504
77.92935991287231,0.6332957429457121,-0.2381920591586865,0.20129508224892823,0.3677070173759204,-0.9284146716982072,-0.03248655797019717,0.042218127615175356
77.95431232452393,0.6333038475901313,-0.2382146980358364,0.20128817689933032,0.3677090860514468,-0.9284056091467966,-0.03257225267708221,0.04233321739979548
77.97445178031921,0.633299974635092,-0.2382454958726543,0.2012997460047611,0.3676989728494471,-0.9284004549183417,-0.0326653139461295,0.042462194216880855
77.99936151504517,0.6332957800770543,-0.23828650857079195,0.2013045029848176,0.36768451123977863,-0.9283963033029219,-0.03275815666253345,0.04260642416163523
78.02431130409241,0.6333039312076477,-0.23831007974548699,0.20129103962232686,0.3676803309288355,-0.9283925275062245,-0.032808000598112785,0.042686346943476366
78.0493152141571,0.6333285373554384,-0.23831195813266082,0.20128437999055665,0.36769039473550985,-0.9283842797740819,-0.032865000723670316,0.042735166023751
78.0743043422699,0.6333592669018,-0.23830721662353113,0.20128966367476192,0.36770301985947557,-0.9283741540827873,-0.03294336769781385,0.04278613960132242
78.09431290626526,0.6333867145203089,-0.23830481277242194,0.20129632957304622,0.3677141086196723,-0.9283669895887356,-0.03298788781747477,0.04281198688742515
78.11935782432556,0.6334179437194456,-0.23830271225284708,0.20130185789921173,0.367727613117486,-0.928360149085225,-0.0330145090935782,0.0428238056537985
78.14439105987549,0.6334455510084073,-0.23830038402351555,0.20131067981138565,0.3677422403488982,-0.9283526550231671,-0.03304193129504591,0.0428395068938914
78.1694324016571,0.6334666461970117,-0.2382990927187641,0.20132075733180793,0.36775468244983467,-0.9283429072220681,-0.033108022117609076,0.042892878408450116
78.19437789916992,0.6334815293613398,-0.23831509439507503,0.20132144022913306,0.36775823529338814,-0.9283360845727503,-0.03316624089868332,0.04296504298551887
78.21939873695374,0.6334978279412055,-0.2383444568227822,0.20131755872011767,0.3677579939421459,-0.928331622232952,-0.03320149212687752,0.043036240246369546
78.24425506591797,0.6335038273010574,-0.23835840943811845,0.201296002821349,0.36776043785867657,-0.9283221553777596,-0.033293398816983864,0.043148415683814834
78.26426935195923,0.6335023649114508,-0.23836518729542208,0.20126748171711034,0.3677618594264375,-0.9283126013531203,-0.033396748199366895,0.043261832253244877
78.2892701625824,0.6335100784978203,-0.23838283092606016,0.2012402094748574,0.3677565055638748,-0.9283067827225238,-0.033485471705936874,0.043363497914516935
78.31437039375305,0.6335386157282136,-0.23839914199840728,0.20124672913889213,0.3677321680183842,-0.9283139077192651,-0.03353688136172679,0.04337763165457245
78.33442902565002,0.6335617776676564,-0.238397949011559,0.20126189780131942,0.36770668480848256,-0.9283208733011706,-0.033615443046085026,0.04338377726007921
78.35940861701965,0.6335834005945656,-0.23839296919152242,0.2012773416472179,0.36769064016401953,-0.928321977125308,-0.033716043366867045,0.04341806469187227
78.3843846321106,0.6336199445271439,-0.23839570959365336,0.2012898985306299,0.36770517482252907,-0.928317073303301,-0.03370656542320943,0.04340717993287616
78.40440630912781,0.6336478882657921,-0.2384014703582923,0.2012971780938727,0.3677179626765587,-0.9283129675891295,-0.03369049852338618,0.04339912948524837
78.42928385734558,0.6336657125464915,-0.2384097492375731,0.20129438866631755,0.36772662710924875,-0.9283062211770344,-0.033724275333560746,0.043443764709464365
78.44939494132996,0.6336686209105862,-0.2384142468978277,0.2012809984096118,0.36772936195108274,-0.9282988678273544,-0.03379722339405012,0.04352098390881679
78.46940422058105,0.6336657027928093,-0.23842416582325596,0.20125696877168886,0.36772727909754116,-0.9282937288715655,-0.03386101386519019,0.04359854223681754
78.49431490898132,0.6336678148290384,-0.2384434996029805,0.20122927522355782,0.36772301709702715,-0.9282899427002594,-0.03391257690684048,0.0436749597148288
78.514395236969,0.6336726372208143,-0.23845340211508695,0.20121878950965527,0.3677168785177288,-0.9282863152866917,-0.03398748468666081,0.043745456783858175
78.53444957733154,0.6336873331979758,-0.23846196017772658,0.20121661253762557,0.36770803891109843,-0.9282848097370751,-0.03405761450425306,0.04379713490445257
78.55940961837769,0.6337226789212125,-0.23847821857681278,0.2012261689571208,0.36769359232745974,-0.9282893483959411,-0.034084937084709194,0.04380096893719947
78.58425188064575,0.633760750151446,-0.23848878023973363,0.20123911281334744,0.3676776010023701,-0.9282943213431958,-0.03412377188481086,0.04379957620152994
78.60428094863892,0.633770818276396,-0.23849878893534546,0.20123944386454645,0.3676500871074856,-0.9283000454647117,-0.03421159829242474,0.04384068409965189
78.6243166923523,0.6337790556405094,-0.23851954802359834,0.2012502282164248,0.3676150165988114,-0.9283085050209802,-0.034294755930707056,0.04389064584131263
78.6493935585022,0.6337891309736151,-0.2385468504712237,0.201238905245996,0.36756362991573766,-0.9283229633480751,-0.03438832050904232,0.04394197419784268
78.67435598373413,0.6338060856639128,-0.23856852807507012,0.20121890341112236,0.36749589603919386,-0.9283473641443174,-0.034460424167296534,0.043936511546027644
78.69435715675354,0.6338235716547739,-0.2385791739923571,0.20120660485969,0.3674334895106796,-0.9283714679237992,-0.03451941589938445,0.04390282743780574
78.7143726348877,0.6338261291360551,-0.23859656562001025,0.2012001815337569,0.3673545685095718,-0.928398389274783,-0.034632153705833155,0.043905190089325086
78.73924827575684,0.6338222662390409,-0.23862978891076533,0.2012086700091386,0.36724451603133096,-0.9284338963598964,-0.034807370686850365,0.04393645958445169
78.759286403656,0.6338281568216267,-0.23867050079878166,0.20122408523638818,0.36715232471599407,-0.9284680503658699,-0.0348950740916972,0.04391564310841181
78.78424882888794,0.6338361571372558,-0.2387226333233847,0.20124536728024006,0.3670297280871688,-0.928514012968016,-0.035007210207780214,0.04387939898996673
78.8042619228363,0.6338446111860924,-0.23874717552890318,0.2012646492259569,0.36693563136185614,-0.928548510898041,-0.0351151035065952,0.04385014084225059
78.82928824424744,0.6338549043963836,-0.23877606331803655,0.20128649319360004,0.3668198955332066,-0.9285925380607278,-0.03522033958196927,0.04380171433418521
78.84935283660889,0.6338608472180429,-0.238795923652146,0.20129835349217667,0.3667351464029845,-0.9286256181759392,-0.03528177126697498,0.04376060187454358
78.87433099746704,0.6338621095659986,-0.2388199478267663,0.20130851026234192,0.3666387559469137,-0.9286613260904582,-0.03537256029459804,0.04373723859327993
78.89434695243835,0.6338624937122445,-0.23883161878145673,0.2013114374692993,0.3665713709732275,-0.9286846112068424,-0.03546371988647608,0.04373382514881745
78.91932964324951,0.6338601560603414,-0.23884631691185826,0.20131021628875312,0.3664811132025031,-0.9287155280236877,-0.03558917933759056,0.04373181893783839
78.9393744468689,0.6338626555137408,-0.23886755621596922,0.20131286797546752,0.36640632581797017,-0.9287432582076328,-0.03565783019318284,0.04371365782350928
78.95941090583801,0.6338745653017532,-0.23889106698586113,0.2013225285882172,0.3663338032772527,-0.9287732098601542,-0.035685013929365496,0.04366290191127193
78.98426365852356,0.6338915817335391,-0.2389071098100524,0.20133819428026384,0.36625016372620056,-0.9288066726985434,-0.03574228078185475,0.04360586756057866
79.0042793750763,0.6339094989524082,-0.23890707972093744,0.20135368425458583,0.36618977435077577,-0.9288291712126105,-0.03582260146129727,0.04356789058463837
79.02931666374207,0.6339350084845841,-0.23891861078907436,0.20138098361684656,0.3661139702069518,-0.9288585078130996,-0.03589897407418134,0.04351662834952704
79.05434894561768,0.6339603276876707,-0.23894509150460153,0.20141794526325452,0.366037019835158,-0.9288890029480068,-0.03595066656997901,0.04347033339682486
79.07932329177856,0.6339681758576066,-0.23897423475471008,0.20145325985608897,0.3659735557637337,-0.9289094336243655,-0.03603790716374352,0.043495860178029255
79.10430574417114,0.6339691406857226,-0.23900470394452386,0.20147845134917358,0.36592927737817976,-0.9289198252594537,-0.03613174528563655,0.043568557240371356
79.1243908405304,0.6339808950802347,-0.2390248556982712,0.2014911780212819,0.3659050107942056,-0.928927221060794,-0.03616189538020928,0.04358965898572775
79.14439105987549,0.634000131080765,-0.2390345703334947,0.20149992741787792,0.36588693299913044,-0.9289340183329512,-0.036179197310504535,0.043582192765316295
79.16439914703369,0.6340187329053887,-0.23903428582982242,0.20150399264025876,0.36588117654902935,-0.9289352369768105,-0.03620694687394426,0.04358150006568428
79.18935132026672,0.634029752546251,-0.23903270402815294,0.2015026084408776,0.3658823231100127,-0.9289289237378396,-0.03628744075880243,0.043639453732073806
79.21428728103638,0.6340317766068775,-0.2390435664109224,0.2015006745787743,0.36587712516691445,-0.9289242575327686,-0.036365629661707206,0.0437172051496794
79.23432850837708,0.634044036626691,-0.23906016750971204,0.20150037312443786,0.36587384263302647,-0.9289248947548251,-0.03636361669829148,0.04373280876294607
79.25931692123413,0.6340656704176449,-0.23906675199119956,0.2014930095766977,0.36587775595579564,-0.9289229263123745,-0.03636708663392021,0.04373899493359552
79.27938652038574,0.6340801437956199,-0.23906347678430867,0.20147993540055242,0.3658829022552361,-0.928917973755997,-0.03640870150770892,0.0437664977452946
79.29942727088928,0.6340923219719508,-0.2390647981304637,0.2014611644083253,0.36588391572970574,-0.9289150536931461,-0.03644196433996537,0.043792310598956816
79.32438778877258,0.634100650751656,-0.23907500652742888,0.20143356915831068,0.36586725368253903,-0.9289189326563915,-0.036481780323940415,0.043816080833887085
79.34935307502747,0.6341017616509609,-0.2390891633057557,0.20140812457021318,0.36583226447775896,-0.9289284086857464,-0.03655078633047171,0.04384980983226611
79.37432599067688,0.6340953945228047,-0.23910628967532974,0.20138345888709452,0.3657965581271217,-0.9289374684902539,-0.03661822357949548,0.04389946923574524
79.3992919921875,0.6340868974413215,-0.2391367927227748,0.2013664041094181,0.36575735648955104,-0.9289493313340202,-0.03665699873840159,0.04394269485720667
79.41930365562439,0.6340814974091386,-0.23917375678944397,0.20135472573149898,0.3657122193635729,-0.9289663861344779,-0.036663046561614995,0.0439527821322876
79.44427847862244,0.6340774773831228,-0.23921748017631586,0.20134516564741714,0.3656436928959897,-0.9289925493701506,-0.03667931801628359,0.043956349825656514
79.4643063545227,0.6340792860252462,-0.23924187940800024,0.20133900876274263,0.3655826336499456,-0.9290163406738586,-0.036704628579709665,0.04394026599080482
79.48930430412292,0.634094844493801,-0.23925349027260934,0.20133044612012727,0.3655016641125655,-0.9290497007465494,-0.03674759706097866,0.04387255615853461
79.50939679145813,0.6341115308608787,-0.23925644672341284,0.20133501196712214,0.3654357135997795,-0.9290766952904024,-0.03679822879651533,0.04380780582854176
79.53427910804749,0.6341271836579867,-0.23925770128337537,0.2013496391753306,0.3653520511347929,-0.9291068925364868,-0.03691516580938095,0.04376678542121505
79.55437755584717,0.6341397470217934,-0.23926665915662365,0.20136123312995538,0.3652821090220085,-0.9291314762562733,-0.03701253370480725,0.043746462794408816
79.57925724983215,0.634157950439243,-0.23929208067458024,0.20136574450885344,0.36518596734997644,-0.9291690219425016,-0.037084356199752117,0.043690827851984734
79.60425233840942,0.6341718583514769,-0.2393280592007459,0.20135766020253068,0.3650843608983877,-0.9292094968114301,-0.03713105287795838,0.04363949329470876
79.62924718856812,0.6341767999616871,-0.23935449384593052,0.20134925638839785,0.36498054326053986,-0.9292466778176528,-0.037233424200853585,0.04362896891295265
79.64940094947815,0.6341818427327031,-0.2393631507908076,0.20134104733900549,0.3649000888365599,-0.9292742796376209,-0.037343004335854094,0.043620389707308284
79.67432069778442,0.6341948592832123,-0.2393760535407175,0.20132890692248656,0.364799202356194,-0.9293130267019362,-0.03743356829528684,0.04356108730306825
79.69927740097046,0.6342034639467105,-0.23939626317152365,0.20130890506066532,0.36469796423643597,-0.9293516889634788,-0.03751558721691144,0.04351337516641121
79.71939778327942,0.6342057697865746,-0.23941883307464373,0.20129700047735327,0.36461180544993627,-0.929383937599211,-0.03758316784084276,0.04348831284607869
79.74436450004578,0.6342036238541126,-0.23945375861070425,0.2012899613609404,0.36450216214231823,-0.9294241359021002,-0.03766672018579736,0.043476057624507375
79.76931190490723,0.63420359490782,-0.2394758601458558,0.20128205047506154,0.3643978608022375,-0.9294626974224544,-0.03775349423210454,0.043450740110927435
79.79425525665283,0.6342087778812103,-0.2394904527582803,0.20128426720437825,0.36429388096548365,-0.9295032144980782,-0.03783199252574987,0.04338758889876911
79.81428074836731,0.6342112947156786,-0.23950596923044098,0.20129313031182994,0.36420817779223147,-0.929537050695076,-0.037888756168592566,0.043332629395753934
79.834303855896,0.6342121256289162,-0.23951939216413792,0.20130254675566805,0.3641206631029465,-0.9295710552813862,-0.03795513315372601,0.04328052393165785
79.85435461997986,0.6342067477986882,-0.23954114079638825,0.20131148452906455,0.3640273109230835,-0.929606583963809,-0.03802508208614865,0.0432412891302863
79.8792974948883,0.6341875296437299,-0.23958418404905546,0.20132008682953606,0.3639048934739397,-0.9296510433252673,-0.038123190485882454,0.04322948643189189
79.89930534362793,0.634169757048055,-0.23962525554171177,0.2013190265945623,0.36380282074859677,-0.9296879948132285,-0.03819974856718158,0.04322637071196878
79.91935753822327,0.634157360212595,-0.23965477360377893,0.20129954833117555,0.36370957393968034,-0.929722359470404,-0.03826682864186265,0.04321261333330376
79.93936371803284,0.6341574455819284,-0.23967431018716817,0.20127900623150585,0.3636229024692227,-0.9297569256371987,-0.03830758417885641,0.04316217121453688
79.96439242362976,0.6341659525780963,-0.23968296742450965,0.20126152954586896,0.3635165299518877,-0.9298000424314312,-0.03836962181126398,0.043074187957777094
79.9894061088562,0.6341701922828882,-0.23969897659319772,0.20125347208737884,0.36339754071162716,-0.929847152942112,-0.038445165473642545,0.04299382306644736
80.00949048995972,0.6341641267160145,-0.23971989429623564,0.2012498400987021,0.3632931786995846,-0.9298862072096074,-0.03852887784697187,0.04295618143470262
80.03431034088135,0.6341505598642387,-0.23976139924766351,0.20124762423732115,0.36314762791701755,-0.9299403953748394,-0.038633679286072316,0.04291969493319476
80.0592622756958,0.634146066524166,-0.2398138248507164,0.20125497584752822,0.3630058674191456,-0.9299967174075437,-0.03868223660023791,0.04285475938610635
80.07938504219055,0.6341480653360343,-0.23984997092343147,0.20126837663691882,0.36290306374417874,-0.9300388827349753,-0.03870563831343671,0.04278920995952814
80.10431337356567,0.6341468475501176,-0.23988293818879813,0.2012857146046528,0.36278847848217394,-0.9300845830833357,-0.038753565389822754,0.042724107490007476
80.12944293022156,0.6341385585738827,-0.2399100159925105,0.2013040832912597,0.3626801968923174,-0.9301249931722926,-0.03883400976922722,0.042690649369735136
80.15437841415405,0.6341234949710524,-0.2399382635524389,0.2013125871702127,0.36255061314035264,-0.9301719559683271,-0.038950121330002835,0.04266231697780077
80.17923855781555,0.6341032923707661,-0.23997035766942204,0.2013111800587883,0.36239514337979234,-0.930227566683229,-0.039099778259309284,0.042633807916171725
80.19924426078796,0.6340852302062967,-0.2399938245512225,0.20130719593165797,0.3622623024393962,-0.9302743974209368,-0.039242020145893876,0.04261025216214165
80.21924805641174,0.6340734034630349,-0.2400089450618205,0.201295839614812,0.3621403568417202,-0.9303182003659667,-0.03936940624963898,0.04257297107290745
80.24438428878784,0.6340684054124404,-0.240025584321974,0.20126618257286197,0.36199971444413703,-0.9303724298285178,-0.03947068906817535,0.042490154881010635
80.26930236816406,0.6340605349069123,-0.24005179539174668,0.20123615484881252,0.3618509173480126,-0.9304309609843854,-0.03955715635401267,0.042395422361027155
80.29429054260254,0.6340468670019226,-0.24009772948925923,0.20123115229247576,0.36169690628228207,-0.9304911790706532,-0.039638692651365603,0.0423117915294622
80.3192868232727,0.634036326718833,-0.24011677933908937,0.20123055371532642,0.361574999451317,-0.9305367274531954,-0.03974083890765427,0.0422561753514313
80.33931469917297,0.634033124734638,-0.2401240343816305,0.2012216209461109,0.3614847323560105,-0.9305718391072747,-0.03980395210382116,0.04219580466077357
80.35931897163391,0.6340295631755237,-0.2401392518718146,0.20120891917810774,0.3613788242060074,-0.9306141604036767,-0.03985789353414413,0.04211862052252179
80.37933588027954,0.6340181488309476,-0.24018660308815784,0.2012108323358898,0.3612431194762311,-0.9306689472643246,-0.03989438101541668,0.042037573579308624
80.4042420387268,0.6340134350562382,-0.2402283848301467,0.20122416771597246,0.36107894351032277,-0.9307357878091316,-0.03994497684339825,0.04192002707277146
80.42428398132324,0.6340127865331904,-0.240248577041636,0.20122884739228541,0.36095876759823664,-0.9307844795419584,-0.039994360271466245,0.0418266886586232
80.44431924819946,0.6340086328219458,-0.24027369040946434,0.2012293134007159,0.3608398653830552,-0.930832293956617,-0.04004152032289955,0.04174336747341437
80.46934628486633,0.6340005744286725,-0.24030079790809183,0.20123084391143292,0.36069630398755204,-0.9308883891717856,-0.04012221497989078,0.04165562458961224
80.48934745788574,0.6339842704475891,-0.24032577728754756,0.20123054305007898,0.36058612017448644,-0.9309284444914064,-0.04021357519865089,0.041626308317162936
80.51428484916687,0.6339648200311824,-0.24033284611762104,0.20121933742055015,0.36046477668492516,-0.9309694961738628,-0.040372490263518065,0.04160533611419628
80.53432154655457,0.6339457797597731,-0.2403546527125395,0.2012046636651923,0.36035210091262254,-0.9310095720067461,-0.04049235917781895,0.04156812538270111
80.55931544303894,0.6339085363710809,-0.24044382462721905,0.2012022339653494,0.36015690221525726,-0.9310835381549656,-0.04061054213454762,0.041487764836094856
80.58426761627197,0.6338688439601321,-0.24054593298996768,0.20120073049353335,0.3599350011359909,-0.931168357829791,-0.04073059462284377,0.0413920644015532
80.60927510261536,0.6338347382433213,-0.24063432686158692,0.20118957303512458,0.3597128792402265,-0.9312539725370533,-0.04084564655832629,0.04128336589848868
80.62930035591125,0.633823714791369,-0.24066615235964672,0.20118474588278987,0.3595745927818015,-0.9313075627731435,-0.040931409510553046,0.04119411927427473
80.6493558883667,0.6338240324949149,-0.2406641572716156,0.20118034044183894,0.35947413713377624,-0.931345917094856,-0.041023201475415466,0.0411123385780771
80.67424416542053,0.6338320365447461,-0.24063574720530365,0.2011713899112895,0.3593813882172618,-0.9313802991017408,-0.041145720334744326,0.04102177405162608
80.69425058364868,0.6338328939479858,-0.2406303596364714,0.20116605718423955,0.35929707434288477,-0.9314122185467355,-0.04123248087908248,0.040948431361801554
80.71430802345276,0.6338135326449937,-0.2406886696409135,0.20116758805023302,0.35916469616315677,-0.931463831253702,-0.0412965475952651,0.04087110535479574
80.73923969268799,0.6337788411483699,-0.24079628221643035,0.2011736526045721,0.3589706411480796,-0.9315401365627487,-0.041362074415436115,0.04077047419958099
80.75928473472595,0.6337582818004237,-0.24085609265822613,0.2011718924265426,0.3588198276608803,-0.9315986424955672,-0.04143685960717052,0.04068522144188169
80.78426051139832,0.6337510528566901,-0.2408663928649534,0.20116291207772935,0.35866805676227254,-0.9316556919805201,-0.0415642343342571,0.04058708024575366
80.80934190750122,0.6337407052333031,-0.24087509115118874,0.20115525575308885,0.35851627320966745,-0.9317112120527001,-0.04170826596331953,0.040505798713245285
80.83429670333862,0.6337123852101922,-0.24092531098497635,0.20115386730294546,0.3583554854798932,-0.9317692342219899,-0.04182975101322669,0.040468655945786865
80.8543312549591,0.6336914518185556,-0.2409721645315789,0.20115346182609561,0.35824035494871587,-0.9318120708877999,-0.041886638979764336,0.04044282518452986
80.87929224967957,0.6336819495753852,-0.24101424463505453,0.2011574988940885,0.35811605520222745,-0.9318616613980671,-0.04191349157937104,0.04037318722141962
80.90430188179016,0.6336845258616483,-0.2410264609047538,0.2011627124417713,0.35800542051584977,-0.9319060278602043,-0.041962682081075314,0.040279119051828405
80.92927956581116,0.6336889429415271,-0.2410261582718829,0.2011569589949475,0.35789373994163926,-0.9319500798940326,-0.04203818894488524,0.04017350079799217
80.95423126220703,0.6336816701340436,-0.24104504427486023,0.20114813366524223,0.3577648057232405,-0.9319993169490691,-0.042124229573843784,0.040089478358934415
80.97429037094116,0.6336645040648449,-0.24108888599281417,0.2011507042015983,0.3576390993692905,-0.9320468616166988,-0.04218671407647553,0.04004002382916655
80.99926686286926,0.633648259973918,-0.24115032216055202,0.20116151585108932,0.3574814075869375,-0.9321090032792292,-0.04222594821404834,0.03996021187314977
81.01926970481873,0.633638444348263,-0.24119034709979678,0.2011682513918767,0.3573647332787675,-0.9321550640478754,-0.04225346858299377,0.039900230214331894
81.0442488193512,0.6336189223444546,-0.24122188207154724,0.20115837615201754,0.35723444425144374,-0.9322022841013803,-0.04233975189151444,0.03987228067554118
81.06433486938477,0.6335906697954672,-0.24123687641940592,0.20113094242135388,0.35713394152027034,-0.9322334072975549,-0.042478191845083724,0.03989768602485152
81.08929634094238,0.6335546221123756,-0.24126071990490913,0.2010879507384727,0.35700103347725914,-0.9322750673712762,-0.04265999652847393,0.0399197388555164
81.10934925079346,0.6335212486763573,-0.2413165366189255,0.2010699486320764,0.3568594840254486,-0.9323232219143689,-0.04280147214382656,0.039909303709970645
81.12934923171997,0.6334899838022303,-0.24139232473299713,0.20106549340816537,0.35669839538806963,-0.9323809719611288,-0.04293242926135581,0.03985955807687928
81.14941787719727,0.6334717329073196,-0.2414626350667367,0.20106852152098414,0.35654507837653127,-0.9324402634292144,-0.043012411294800906,0.03975795135707686
81.17429661750793,0.6334660759236925,-0.2415005209886899,0.20107245684815547,0.356396534597446,-0.9324987069644586,-0.04309891599976037,0.0396251823495735
81.19430255889893,0.6334780307095327,-0.24148328146064604,0.20107288274718893,0.35631356077073484,-0.9325313848397525,-0.04317369447278349,0.03952081483614281
81.21930646896362,0.633486724947695,-0.24146715661337098,0.20106978465820807,0.3561994224747521,-0.9325748910089962,-0.04328319930341893,0.03940315655160629
81.23941898345947,0.6334796365809418,-0.24149345621930854,0.2010757416885468,0.3560804068675375,-0.9326203765809703,-0.04335702793457115,0.03932105237238341
81.25944304466248,0.6334618235334003,-0.2415580710092937,0.20108755327968147,0.3559408158722086,-0.9326750120471813,-0.0434019667446495,0.03923935246284863
81.28433656692505,0.6334418948726099,-0.2416345395156041,0.20110397556186488,0.3557821352092857,-0.9327375179873859,-0.043439796860463946,0.03915071970472295
81.30439734458923,0.6334348211673185,-0.24165634354576263,0.2011087760489551,0.355682256680677,-0.9327752531910548,-0.04349675529777868,0.03909592811733804
81.32930636405945,0.6334320375983814,-0.24165278264326115,0.20110914860008133,0.3555728094295264,-0.93281454912455,-0.043609355148012584,0.039028429120283654
81.34931325912476,0.6334307155566985,-0.24165378210246793,0.2011125485477619,0.35548281320843356,-0.9328475803407755,-0.043693416378840104,0.038964685689113876
81.36932373046875,0.6334169156004926,-0.2416822261271718,0.20112429973090187,0.3553712293616527,-0.9328878577722671,-0.04377813880275752,0.03892311300544667
81.39428329467773,0.6333912187743471,-0.2417324529376103,0.2011416685869222,0.35522058460227357,-0.9329413339062708,-0.04388724832846633,0.03889361384781177
81.41436767578125,0.6333757195470742,-0.24177026685966174,0.2011540310172003,0.35510097146413755,-0.9329853516092218,-0.043955464467008945,0.03885293928728854
81.43935060501099,0.6333651328304452,-0.2418098182330912,0.20116884583093228,0.35496757886138147,-0.9330363724404496,-0.04400943209510725,0.03878550692095671
81.45936012268066,0.6333650240103456,-0.24181750679196634,0.2011746635762222,0.3548784218201062,-0.9330701052511924,-0.044070385830557876,0.03872060828138677
81.47941756248474,0.6333685769134696,-0.241809652317573,0.20117579840315933,0.354805729608284,-0.9330967801690151,-0.044146021745260805,0.0386577526433737
81.5043044090271,0.6333751360648721,-0.24180417608744273,0.2011799153347156,0.3547228346744546,-0.9331286877871429,-0.04421207222218414,0.038572726881720636
81.52433133125305,0.6333756524972998,-0.24181620349237598,0.201187340787075,0.35465318141481267,-0.9331561307745441,-0.044241615289077545,0.038515399346320305
81.54923868179321,0.633369128408296,-0.24184717926271318,0.20120146692275878,0.3545557477776056,-0.9331938569700866,-0.044273843349800085,0.03846132897035093
81.5742437839508,0.6333560612579354,-0.2418865090534771,0.20122025856391243,0.3544459904679724,-0.9332347886056467,-0.04432222406033631,0.03842407619689468
81.59924411773682,0.6333405503276357,-0.24193160178093923,0.20124107986246334,0.3543267167691454,-0.9332792029941481,-0.04437247330453804,0.03838737624642175
81.62424230575562,0.6333271303481197,-0.24197257282163376,0.20125990670657545,0.35419991104405446,-0.9333266319250529,-0.04443132722185041,0.038336383725170585
81.64428043365479,0.6333210236530138,-0.2419956626225293,0.20127044843664305,0.35410045742356433,-0.933364211913674,-0.044483374456206856,0.03827980365930265
81.66939496994019,0.6333143697282037,-0.24202125483574213,0.2012813249332364,0.3539772883993315,-0.9334106730893973,-0.04455321619968676,0.03820478486398136
81.69431352615356,0.633304731266383,-0.2420478029678413,0.20128732378065284,0.353850482051464,-0.933457743257795,-0.04463314385966845,0.038136077056371835
81.71930360794067,0.633293212224961,-0.24207398136406386,0.2012872982940267,0.353722657338845,-0.9335047199940282,-0.044715766506648894,0.03807518430342752
81.74425530433655,0.633280910949165,-0.24210698861755056,0.2012832393605853,0.35358978067175123,-0.9335544947326003,-0.04478235168356549,0.038010700424566043
81.76931285858154,0.6332730116353139,-0.24214208229640738,0.20129043076963307,0.35345535558278574,-0.9336061825950673,-0.04483483389154289,0.037929475347418765
81.79428839683533,0.6332649500188995,-0.2421700649484677,0.20130004979242244,0.35332709024499737,-0.933654308690369,-0.04490461464575314,0.03785729449553346
81.8144006729126,0.6332557645836798,-0.24218587971626693,0.20130507899794503,0.35322689228784726,-0.9336900454960498,-0.0449859967773231,0.03781430417359906
81.83935165405273,0.6332411389531526,-0.24221151814661585,0.2013089107137458,0.3530947699664257,-0.9337370837928061,-0.04508932190377717,0.037763670672685615
81.8643000125885,0.6332288011442869,-0.24224875856971473,0.2013133413606939,0.3529647840927487,-0.9337858826832269,-0.04514748751198689,0.03770266387468529
81.88930106163025,0.6332174932660334,-0.24227446324491023,0.20131064569790563,0.3528488344322039,-0.933828321008266,-0.04521846372143227,0.03765179227408194
81.90931463241577,0.6332113484236052,-0.24228460559920345,0.20130667234485738,0.3527666158302723,-0.933857940427835,-0.04528293174967825,0.03761007774250931
81.93429517745972,0.6332057636683986,-0.2422978434796339,0.201303713024677,0.3526634555020637,-0.9338958245657959,-0.04535593941412128,0.03754883182944177
81.95435500144958,0.6332004659372654,-0.2423148353334039,0.201305119238339,0.3525709611439322,-0.9339303045683295,-0.045411072801740636,0.03749317316239929
81.97925519943237,0.6331934024320166,-0.24234300069072182,0.20130943924885572,0.35243903400287613,-0.9339801684930455,-0.04547634671810535,0.03741221808265321
81.9993212223053,0.6331870794087205,-0.24236693651533034,0.20131194347055814,0.35232748648551804,-0.9340222890881018,-0.04553077572771512,0.037345069488137456
82.02422952651978,0.633176997274777,-0.24239622728150195,0.20131433395597437,0.352186728558174,-0.9340745252842333,-0.04561021876457586,0.03726925524923566
82.04426574707031,0.6331688227345237,-0.2424151383036549,0.20131576078887803,0.3520794188217443,-0.9341136394748066,-0.04568223200186696,0.037214581396067495
82.06930780410767,0.6331610411660175,-0.24243436104738775,0.20131687305091325,0.3519535880074096,-0.9341596838745031,-0.045767902688833045,0.03714372081010068
82.09426426887512,0.6331540070854563,-0.24245103043618607,0.20131418473001939,0.3518381988720444,-0.9342019325081447,-0.045846553021572166,0.03707727995069398
82.11428713798523,0.6331457748436936,-0.2424684501544649,0.20130875117046004,0.35175188078561265,-0.9342333905658785,-0.045900603204068205,0.037036751221841864
82.13434767723083,0.633139402968799,-0.24248269447644127,0.2013033074607064,0.35166989067973703,-0.9342634278888954,-0.04595239463660009,0.0369934146255196
82.15922594070435,0.6331337360951855,-0.2425028817711543,0.20130390610447244,0.3515605802305779,-0.9343042875551213,-0.04601212838963445,0.036926152318607616
82.1792483329773,0.6331304043448506,-0.2425214419994502,0.20131228993834266,0.3514602089041488,-0.9343420841617828,-0.04606489345526935,0.03685942094191546
82.20422530174255,0.6331255727108758,-0.24254699811200028,0.20132637665937628,0.35131988193659475,-0.9343946782268151,-0.04614223581450423,0.03676710393262534
82.22424244880676,0.6331189030693547,-0.2425750665788407,0.20133797242289164,0.35120045608695616,-0.9344395107560828,-0.04619982799185706,0.0366962705977351
82.24931812286377,0.6331075217630454,-0.24261650228086376,0.2013518505962213,0.3510556871625986,-0.9344938215370291,-0.04626105998915615,0.03662125542018934
82.26945281028748,0.633098570363398,-0.24264552251288563,0.20135715866239856,0.3509470116695893,-0.9345343226063794,-0.046311187421503114,0.03656595124383577
82.29437184333801,0.6330872105771119,-0.2426749741724911,0.20135587096471602,0.35081807726071756,-0.9345816704791838,-0.04638203086384753,0.03650322019069554
82.31437468528748,0.6330803229972434,-0.24269401578763375,0.201352535212069,0.35072102639208885,-0.934617505586337,-0.04643638827111498,0.03644916655275001
82.33935356140137,0.6330720419034223,-0.24271682947411402,0.20134918858075024,0.35060822992764623,-0.9346590822967814,-0.046500125471173236,0.03638691135888823
82.35937094688416,0.6330600440537206,-0.24274000930090578,0.20134814096008388,0.3505213626421998,-0.93468988934598,-0.046556781916363706,0.03636002122278459
82.38428258895874,0.633045863193874,-0.24276212636925182,0.20134598116493319,0.350409522983849,-0.93472880166214,-0.04664540295044129,0.03632409570650031
82.40924382209778,0.6330356281604308,-0.2427822369118362,0.20134372222485714,0.35028307478369847,-0.9347740664694107,-0.04673650245863389,0.03626170865071019
82.42932176589966,0.6330314755214059,-0.24280068578190953,0.20134243372568889,0.3501700217532381,-0.9348163594316963,-0.04679685490357716,0.03618541661096709
82.45425200462341,0.6330241852668806,-0.24283321199346408,0.2013425743027965,0.3500156021964517,-0.9348745758613396,-0.046866667374688385,0.0360849153573208
82.47427487373352,0.6330156917922236,-0.24286098570758247,0.20134316058952706,0.3498921669577946,-0.934920376194535,-0.046928452179954734,0.03601502538844721
82.49929356575012,0.6330054161105222,-0.2428846306652535,0.2013409199592823,0.3497497051420316,-0.9349718185497685,-0.047023757186787446,0.03593895561681438
82.5242292881012,0.6329944591242513,-0.24290374225854272,0.2013369871866545,0.34962162403328845,-0.9350171673837842,-0.0471214183443531,0.035877411265327286
82.54929947853088,0.6329818014553888,-0.2429271477104399,0.20133489960527978,0.34950400719775726,-0.9350586810862941,-0.04720714602292897,0.03582872091346613
82.57429814338684,0.6329668663581868,-0.2429605229819972,0.20134215815050888,0.349382140722951,-0.9351020455737047,-0.04728262090018927,0.035786001013374626
82.59927797317505,0.6329549240443609,-0.24299809491761443,0.20135300880894075,0.3492465076905019,-0.9351519205784061,-0.04734736101168225,0.03572099816183542
82.61929059028625,0.6329479938810032,-0.24302773774164851,0.20136095438661045,0.3491263940384825,-0.9351968820815947,-0.04739945796273443,0.03564890061914716
82.6442518234253,0.6329407413484746,-0.24306065105971328,0.20136867069263165,0.3489637042178356,-0.935257467872483,-0.04748033641115998,0.035544613961097836
82.66922664642334,0.6329315668623495,-0.2430898529677339,0.20137223430701634,0.34879973912157664,-0.9353173654674665,-0.047577888696520215,0.03544731796653591
82.68923354148865,0.6329197466348153,-0.24311867345560687,0.2013688719960599,0.3486779288726432,-0.9353614773089759,-0.047645376739655076,0.035391054784682664
82.70934534072876,0.6329051575538758,-0.24315155442756622,0.20136463664699283,0.3485645825851726,-0.9354022465967583,-0.047704370374401575,0.03535055694161531
82.73436236381531,0.632889538946752,-0.24319197956261265,0.20136094021612103,0.34843364651446124,-0.9354500750245576,-0.04776223087695587,0.035297597861848946
82.75935649871826,0.6328780657678358,-0.24322173535507907,0.20135723449033313,0.34831081992470203,-0.9354947534634163,-0.047826481690774345,0.03523870904178662
82.78425741195679,0.632868209970514,-0.24324819674431447,0.20135682671145017,0.3481807050216924,-0.9355418967606398,-0.04790242663621322,0.03516978217676289
82.80426144599915,0.6328606058352049,-0.24327053052264078,0.20136011618052907,0.34806570955118066,-0.9355835976464993,-0.0479705718732643,0.03510580982772324
82.82921147346497,0.632849841520777,-0.24330159330723478,0.20136588522219728,0.347904820886111,-0.9356417504601405,-0.04806806323894126,0.035017305672055916
82.84927701950073,0.6328383752412299,-0.24332449433431422,0.20136613586792126,0.3477695906745517,-0.9356893962481403,-0.0481665019760184,0.03495216213741799
82.86928629875183,0.6328258837877456,-0.24334695379203283,0.20136384159817894,0.34763450158111125,-0.9357366128750013,-0.04827011244425723,0.03488897935077817
82.8942391872406,0.6328081536911753,-0.24338005568798077,0.20135893506730346,0.34748042563212994,-0.935790464783285,-0.04838059462699994,0.03482639640817223
82.91435313224792,0.6327939070917037,-0.2434172456471351,0.20135573378189298,0.34736471331004953,-0.9358325329852183,-0.048433135128534636,0.0347772565788573
82.9392683506012,0.6327738489308689,-0.2434740076436559,0.20135249965047136,0.3472174930496053,-0.9358868996333716,-0.04847762319532691,0.03472237987666775
82.96421837806702,0.6327553300619145,-0.24352418834449677,0.20135114977948507,0.3470654970920828,-0.9359423560721704,-0.04853794011924216,0.03466287938579151
82.98422980308533,0.6327442344303031,-0.2435476269145143,0.20134978354993516,0.3469467919977383,-0.935984278994589,-0.04861659864526772,0.03460894875174217
83.00423073768616,0.6327367521547732,-0.24355902173830213,0.2013459493680432,0.3468312988643065,-0.9360244344662441,-0.04871157808932824,0.03454692996715937
83.02427506446838,0.6327303250471525,-0.2435742097678113,0.20134181990884092,0.3467123601640706,-0.936066799339579,-0.04879454999765042,0.03447576502510369
83.04429769515991,0.6327207451422417,-0.24360202396812491,0.20133947178068434,0.3465824136224857,-0.9361139135521458,-0.04886415513569975,0.034404443967858224
83.0643081665039,0.6327062580405579,-0.2436350665775302,0.20133721756418754,0.3464492521298585,-0.9361611940649357,-0.0489417754622106,0.03434875602321957
83.08930850028992,0.6326873266644463,-0.24367333521841839,0.20133395986553562,0.3463009745379118,-0.9362130426628696,-0.04903483985215845,0.03429807957695929
83.11427307128906,0.6326722963005701,-0.24370466979828817,0.20133204530033091,0.3461700653799938,-0.9362589104516111,-0.04911845447368673,0.03424785927551277
83.13439178466797,0.6326612233460172,-0.24372605909014408,0.20133333481159282,0.3460653237215363,-0.9362951149392869,-0.04919505698267701,0.034206663485007914
83.15932130813599,0.6326453687713047,-0.24375435431579023,0.2013378121263753,0.34593117002956236,-0.9363407294318677,-0.04930038782008656,0.03416336882831905
83.17936730384827,0.6326352119626503,-0.243778430325532,0.20133993506502917,0.34582240826406196,-0.9363787087211884,-0.049373344712858085,0.03411815686521295
83.20427680015564,0.6326269956315617,-0.24380887054491124,0.20134156406677042,0.34569416281797233,-0.936425364390026,-0.04943665673947581,0.03404555317515583
83.22429633140564,0.6326232365292618,-0.24382759726125716,0.20134178021368632,0.3455908850840058,-0.9364631792935585,-0.04949102332679847,0.03397488166740064
83.24926686286926,0.6326188481845763,-0.24384613520584772,0.2013405963790429,0.3454582163402316,-0.9365110362427542,-0.04957311370476387,0.033885190808913286
83.2693350315094,0.632610847209288,-0.24386823336140304,0.2013396472826155,0.3453491527828793,-0.9365499371938297,-0.049638047521379174,0.03382664707854576
83.29424595832825,0.6325927099259608,-0.24391643437582594,0.20134131055324428,0.3452076442817234,-0.9366007385904355,-0.049698094563352564,0.03377629639306751
83.31429481506348,0.6325752864368898,-0.2439577228031017,0.2013431040854622,0.3451005086858148,-0.9366384128463693,-0.04974719151829288,0.03375410229096752
83.33928370475769,0.6325559811399718,-0.2440005454397512,0.20134175274912125,0.3449682573677497,-0.9366841965314399,-0.049823740505823035,0.033722577882347456
83.35928869247437,0.6325426170926834,-0.24402680598489476,0.2013374215045456,0.344864540701562,-0.9367196761287522,-0.049895955389921566,0.033691104993625924
83.37933158874512,0.6325313600092121,-0.24404972380084738,0.2013337513408171,0.34475802783517284,-0.9367562461672142,-0.049972465691620116,0.033651005670184586
83.40427422523499,0.6325193074856937,-0.24408058157010484,0.20133219998240176,0.34461765904962616,-0.9368053381958727,-0.050063468062039415,0.033586851064982506
83.42428255081177,0.632510206307558,-0.24410104608153468,0.2013277260060575,0.3445079527771818,-0.9368430360209338,-0.05014492636936621,0.03353927088841201
83.4492735862732,0.6324999588032427,-0.24412230619644318,0.20132213994540937,0.34437572788342447,-0.9368881306897512,-0.05024966127711901,0.03348074310531261
83.4742968082428,0.6324940839046848,-0.24414385024255836,0.20131915599994782,0.3442502715655808,-0.9369321809836129,-0.05033418264664754,0.033411208023478724
83.49436521530151,0.632489781973102,-0.2441633604279356,0.2013165654805702,0.3441547438816439,-0.9369660793249592,-0.050391417704171354,0.033358409430695936
83.51929712295532,0.6324801529567022,-0.24418956232287045,0.20131445184159852,0.3440437666182636,-0.9370041479227196,-0.05046923472556068,0.03331620886072272
83.5442202091217,0.6324696666966642,-0.24421601407148957,0.20131663047662052,0.3439359409504523,-0.9370402903527492,-0.05055374839666007,0.033284850925853635
83.5693519115448,0.6324654319500661,-0.2442386463171858,0.20132168029302477,0.34383060113739217,-0.9370767275470437,-0.050627493239240755,0.03323524243169079
83.59422039985657,0.6324626189583017,-0.24426017941086797,0.2013239334315136,0.34372521953552215,-0.9371129585278622,-0.05070609435959781,0.033183857660404284
83.61422061920166,0.632461043234433,-0.24427797617249492,0.20132836203627916,0.34363842075332185,-0.9371422929002345,-0.050779320292596235,0.03314240894235936
83.63922381401062,0.6324578874779414,-0.24430268603562597,0.2013347943370027,0.34352475805731014,-0.9371794910934177,-0.05088934017796431,0.03310010773353119
83.6642255783081,0.6324562277613176,-0.24432629622379196,0.20134142449250114,0.3434132588783592,-0.9372152251101546,-0.051005828260498015,0.033066008704655044
83.68425512313843,0.6324621800763495,-0.2443528885567898,0.20134719757560127,0.34332378276444975,-0.9372466717617023,-0.05106076133624882,0.033019011368096735
83.70926213264465,0.6324722678733278,-0.24439321808926318,0.20135138259715107,0.3432078247560201,-0.9372877855631894,-0.05112298794626032,0.032961131105201776
83.72928500175476,0.632478855800108,-0.24442638634735167,0.2013510021951707,0.343113073801703,-0.9373200201152012,-0.051188958447161835,0.032928544011933854
83.74928879737854,0.6324851950331102,-0.24445394861137304,0.20134653885453718,0.3430204933427533,-0.9373494205233275,-0.051281370527126516,0.03291239931189815
83.76936268806458,0.6324922486718395,-0.24447296828852969,0.20133424828384403,0.3429296406283025,-0.9373775082789179,-0.05138695766741396,0.03289451524258547
83.79429626464844,0.6324979769854376,-0.2444990972765238,0.20132525180587313,0.3428110741766158,-0.9374135530089116,-0.0515305299803411,0.03287860302849074
83.81931686401367,0.632504637912075,-0.24453982745309222,0.20131935851670357,0.34268922972611526,-0.9374532275725826,-0.05163636184653903,0.032851546062874395
83.84424209594727,0.6325045261122734,-0.2445779927926599,0.2013140896307269,0.34256435381945394,-0.9374909612216217,-0.05178066819449714,0.03285001554292309
83.86425471305847,0.6325000815082025,-0.24460619047377902,0.20130726576400976,0.3424622948240653,-0.9375206934189197,-0.051912112087401985,0.032858159621433444
83.88426494598389,0.6324949691767491,-0.2446374561010548,0.20130255661870733,0.342361711957997,-0.9375499218255514,-0.052039100759566886,0.03287148098693019
83.90926027297974,0.6324933429789831,-0.2446823007864152,0.20129557275818466,0.34224108197323544,-0.9375887949928003,-0.05213865600764276,0.032861129978059164
83.93426537513733,0.6325035153976872,-0.24471894906929745,0.2012869733783914,0.3421313157348691,-0.9376262328097814,-0.052211824614808944,0.03281974574553543
83.954270362854,0.632510815220969,-0.24473630008591074,0.20127999038197436,0.3420451080371619,-0.9376536567939127,-0.05230313779651486,0.032789415143517284
83.97427701950073,0.6325178090416391,-0.24475000459119145,0.20127876461681382,0.34195527053371855,-0.9376809417866314,-0.052418970352143095,0.03276119520762946
83.99434781074524,0.6325240517296442,-0.24476095800339223,0.20128479992892834,0.3418581882472194,-0.9377101441884956,-0.0525490227657731,0.03273018210719268
84.0192928314209,0.6325268907846169,-0.24478528525894885,0.20129338390795687,0.34172433518971085,-0.9377521287345681,-0.05269828056280973,0.032685088627896215
84.04431819915771,0.6325187254268835,-0.24483023671825566,0.20130183508173294,0.34157183027392635,-0.9378012204172953,-0.05283507397355254,0.032649819379964355
84.0693416595459,0.6325057192882607,-0.24488763250170642,0.20130504988655212,0.3414106821790668,-0.9378548810423807,-0.05294765671480038,0.03261156002949867
84.08940887451172,0.6324952230979382,-0.24492287029915916,0.2013046846409622,0.3412897467488478,-0.93789280137045,-0.05306348745587211,0.032598592003460006
84.11444520950317,0.632490983080512,-0.24495199095573517,0.2012974062605532,0.34116003641954307,-0.9379335284994034,-0.053193481427530706,0.03257267567294368
84.1393346786499,0.6324971948396767,-0.24497903530434373,0.20128695794054607,0.3410390955301554,-0.9379738641795787,-0.053290355781580916,0.03251927761526921
84.16420555114746,0.6325076965142769,-0.24500715296400213,0.2012775902347536,0.34090204944192715,-0.9380190495466877,-0.05341275799251221,0.03245200544252014
84.18420910835266,0.6325202427197733,-0.2450312115302436,0.20128001666730588,0.34078100923209953,-0.9380577627755187,-0.053538756765517614,0.03239658882166703
84.20422387123108,0.6325303876692026,-0.24506098243912372,0.20128377555212346,0.3406569534947432,-0.9380948174273964,-0.053694033320546994,0.03237135056266822
84.22922039031982,0.6325364165247194,-0.24511873190432493,0.20128985511429404,0.3405008155395178,-0.9381411137239841,-0.05387144468507718,0.032377659044168804
84.24925565719604,0.6325330532263028,-0.24516839848795421,0.2012811914181409,0.34037221108329896,-0.9381794319686368,-0.05400561610491679,0.03239606121678973
84.2692620754242,0.6325331040930787,-0.2452022614877044,0.20126756911160368,0.3402550741581282,-0.9382128360883715,-0.05415484367512191,0.03241005423149992
84.28929948806763,0.6325373666514003,-0.24522928480556588,0.20124539024143415,0.3401520559724812,-0.9382427730015215,-0.05428367278194532,0.03240926715324448
84.30934548377991,0.6325402639700848,-0.24525939323456142,0.20122665563877956,0.34005374501239405,-0.9382723957650798,-0.05439045192756787,0.03240432976455595
84.33433938026428,0.6325351023834422,-0.24529444936028416,0.20120440569060272,0.339924168103549,-0.9383098056052827,-0.054547474478875486,0.03241668816997825
84.3592586517334,0.6325373376008475,-0.24532524248490348,0.2011902631958576,0.3397812919139992,-0.938353831135043,-0.05469741528349765,0.03238755965842254
84.37926292419434,0.6325489808466572,-0.245345783225557,0.20118490766086228,0.3396633447990809,-0.9383932331027852,-0.05479342331751941,0.03232078322096318
84.39928436279297,0.6325587417753018,-0.24536780847759454,0.20117223597130598,0.33954451087132986,-0.9384333975999112,-0.05488203585239197,0.032252837812434834
84.41947913169861,0.6325644762974933,-0.24539007236400806,0.20115799843974,0.3394292679166775,-0.9384709385045833,-0.05498165786415997,0.0322038345925716
84.44421076774597,0.6325666034976991,-0.24540425064208934,0.2011261939470592,0.33930369334605315,-0.9385069765697107,-0.05515036927008676,0.032188435517466724
84.46427989006042,0.6325670742074454,-0.24541757527985142,0.2010963598779404,0.3392198904185658,-0.9385297843628901,-0.05527310199869795,0.03219617995235596
84.48923921585083,0.632571843622628,-0.2454476130888883,0.20106394442947628,0.33912482312413644,-0.9385601391509164,-0.0553499219911159,0.03218082773360154
84.50925254821777,0.6325797113411891,-0.24547294108638337,0.2010508090923892,0.33905158053596096,-0.9385845652849854,-0.0553978954434892,0.03215762312858692
84.53424191474915,0.632587544952563,-0.2455005333258196,0.20104782534895035,0.3389537085878538,-0.9386143187422454,-0.055501647774455105,0.032142046929406996
84.55931735038757,0.6325955924011556,-0.24551589927359688,0.20105417733441516,0.3388481925361572,-0.9386408541198951,-0.05568896387371173,0.03215569459228923
84.57941722869873,0.6326149783953401,-0.24553617180096793,0.20106041120381157,0.33876251614416003,-0.9386648402064715,-0.05581197322742898,0.03214496944120793
84.6043028831482,0.6326418530488833,-0.24556832647468496,0.20104469289974108,0.33865029719686135,-0.938697482255805,-0.05595224867454473,0.03213034209803999
84.62927675247192,0.6326558181659885,-0.24560661923599988,0.2010019693995392,0.3385399657332542,-0.9387292741851461,-0.056080331117537754,0.03214090619125768
84.65427899360657,0.6326645579774351,-0.24564360853371903,0.20095800558858432,0.3384444587849088,-0.9387542062819815,-0.05621282977597144,0.03218705134401765
84.67921018600464,0.6326779943348325,-0.24565840129327637,0.2009257550787349,0.33837236555239236,-0.9387694500912737,-0.056364106925270524,0.03223583807322838
84.69925570487976,0.6326838053308131,-0.2456662134258562,0.20090975411160183,0.33833522672982136,-0.9387730797429603,-0.05649151487719101,0.03229687059847258
84.71927285194397,0.6326964611958048,-0.24568218787476762,0.20090694289623404,0.3383466897100441,-0.9387632852143446,-0.05654267125998446,0.0323718739425914
84.73929572105408,0.6327205877635553,-0.24569323580598817,0.2009162715194914,0.33837306232048153,-0.93875045049818,-0.05656774111354385,0.032424574794822046
84.76420068740845,0.632748351057121,-0.24569535597028766,0.20092422319265857,0.3384112842115249,-0.9387315316516396,-0.056614222999583984,0.032492213767930954
84.78426003456116,0.6327646993218567,-0.2456928383238314,0.2009213930496891,0.338428814265763,-0.9387199165204634,-0.05667233907171021,0.03254384713954045
84.80924201011658,0.6327763145576559,-0.2457005648198591,0.20091472357531395,0.33846750160261746,-0.9386994052175365,-0.056722662128280164,0.03264531519553175
84.83426690101624,0.6327998615500293,-0.24570903779721695,0.20090606741632866,0.3385337290222906,-0.9386722784316486,-0.05672274826179274,0.03273832384086315
84.85932922363281,0.6328340270056096,-0.24570444141385264,0.2008955497256214,0.33864022035857194,-0.9386291241868524,-0.05672705905808015,0.032866535477207456
84.88424348831177,0.6328683925112458,-0.24569715992391272,0.20087391693305548,0.3387759419923082,-0.9385724251551355,-0.056747060718587525,0.03305200395379672
84.90426707267761,0.6328872081149174,-0.24569296159929346,0.20085177543346294,0.3388905111239964,-0.938524294210996,-0.05676075732179378,0.03322028106685608
84.92924499511719,0.6329178648492667,-0.2456884037924767,0.20081843316817338,0.3390392952999616,-0.9384675683223412,-0.056710194279327955,0.033390617162734816
84.94927787780762,0.6329393816997856,-0.24568057178446642,0.2007906926228718,0.33917265217027404,-0.9384181271946533,-0.05664628391574915,0.033533999026756335
84.96931648254395,0.6329583712448983,-0.24566398882832632,0.20076695795102306,0.339325667938496,-0.9383598997318195,-0.05659051584504065,0.03370909624798164
84.99424004554749,0.6329951762823534,-0.24563363737127322,0.20075701688330427,0.33953225510225976,-0.9382843324418864,-0.05648814932883069,0.033903513456972616
85.01426982879639,0.6330343190649832,-0.2456055812525179,0.20076779327441913,0.33969218398716916,-0.9382278557142721,-0.05639172119412742,0.03402476569607765
85.03427171707153,0.6330721751515369,-0.24557289708367866,0.2007793395389071,0.3398407774411369,-0.9381735404785816,-0.05632605468106286,0.034147174086714714
85.05435419082642,0.6331041511886893,-0.24553664904831787,0.20078057186213014,0.3399865822121142,-0.9381172903647056,-0.05629334911973989,0.034294785019456764
85.07929730415344,0.6331335200040709,-0.2454954663808175,0.200760408996727,0.34016199988130286,-0.9380480533898883,-0.05626435602806582,0.03449616803466992
85.10424160957336,0.6331684815566029,-0.24547643885046347,0.20073869698286848,0.3403078957368189,-0.9379958170351758,-0.056176028226492696,0.034621339899390834
85.12429094314575,0.6331975674749755,-0.245470200906886,0.2007250845725742,0.34040904018391627,-0.9379597649710993,-0.05611336373214663,0.03470525993524508
85.14933705329895,0.6332330688575659,-0.24545407362975608,0.20070379463777394,0.3405514809644754,-0.9379046973866434,-0.056075332438663854,0.034857201907663664
85.17426443099976,0.6332711223521612,-0.24543253785817676,0.20067778646085582,0.34072044524918854,-0.9378379741234026,-0.056045845460416736,0.03504819093723533
85.19427037239075,0.6332932013347758,-0.24541625397438477,0.2006589457274126,0.34084901913713395,-0.9377859110968674,-0.056034979473812405,0.03520812657364497
85.21434211730957,0.6333077574537707,-0.24540423258564745,0.2006375401869629,0.34094217760271356,-0.9377449972968275,-0.05606381002473319,0.03534969280976526
85.2393012046814,0.6333355124654568,-0.2454051958281383,0.20062344136822735,0.34102293525630806,-0.9377108523910205,-0.056076131981288226,0.03545676746677258
85.25935578346252,0.63336000018466,-0.24540440323314677,0.20061857581150253,0.341073087330341,-0.9376906362620163,-0.056076720674898745,0.03550804365071071
85.28434085845947,0.6333915014566696,-0.2453991776697546,0.20061912617251584,0.34113327862645365,-0.9376691899460416,-0.0560483654637853,0.03554092244598263
85.30928063392639,0.6334203171933414,-0.24538139308366397,0.2006149571570773,0.3412110838278591,-0.937639764893714,-0.05602885290651692,0.03560105623668434
85.33423900604248,0.6334418816473677,-0.24537097317457976,0.20060235723407033,0.34130068374516564,-0.937602479497864,-0.05603372935494742,0.03571631124753406
85.35424184799194,0.6334629655739066,-0.24536380049777926,0.20059260474052368,0.3413811343792392,-0.9375706915617948,-0.056019325853758996,0.03580439281786023
85.37426710128784,0.633485109684254,-0.24535011975844845,0.20057548033636957,0.34146337350361317,-0.9375396214592131,-0.055991471174164885,0.03587726167548348
85.39923691749573,0.6334962298619102,-0.24534119699163817,0.2005251102561572,0.3415638225796695,-0.9375017219402606,-0.05594219584327485,0.03598815343916282
85.41938591003418,0.6335045184334266,-0.24533294566820252,0.2004760108472186,0.34167018329666116,-0.9374622587297491,-0.05587733477169166,0.03610710126950385
85.44425344467163,0.6335331852724815,-0.2452999890304654,0.20043987990087858,0.3418662716403838,-0.937391582527685,-0.055748353274483145,0.036284906339876646
85.46427035331726,0.6335614808854588,-0.24525187811031496,0.20041929956429597,0.3420691832790365,-0.9373183032887914,-0.05562503338051906,0.03645446244295942
85.48926067352295,0.6336074801204445,-0.24516343043468836,0.2004000202495215,0.3423621544701905,-0.9372123862431627,-0.05546057442411509,0.036677281025906144
85.50934767723083,0.6336465612283144,-0.2450991654285869,0.2003820382192919,0.34259766616278237,-0.9371274967325441,-0.05531980929834734,0.03685936389484945
85.53425359725952,0.6336894282682949,-0.24505670086599773,0.20037089280477016,0.3428862022202997,-0.9370246294115907,-0.05511054740742273,0.037104228430276824
85.5592291355133,0.6337271548115802,-0.24503231981147383,0.20036255879103876,0.34314849923296986,-0.9369306115600639,-0.05492298826344097,0.03733097850297248
85.57930636405945,0.6337554882297047,-0.24498174453156815,0.20035507371588532,0.34335528476674854,-0.9368523785242807,-0.05484188140608072,0.03751182906746937
85.60420203208923,0.6337855909483575,-0.24493001743935194,0.20034048696173695,0.34355283418268656,-0.9367777993614826,-0.05477173137159965,0.03766778718010965
85.62423300743103,0.6338017253281236,-0.244927633375963,0.20033629285391835,0.34364191259416,-0.9367459111044066,-0.05471577491867188,0.03772953634491318
85.64920830726624,0.6338252477622783,-0.24493455972497033,0.20034774574798234,0.34373824138798376,-0.936712664679599,-0.054635457793279385,0.0377938088578923
85.66930031776428,0.6338429033080422,-0.24492894130683907,0.2003567382708502,0.3438140243501965,-0.9366845448397721,-0.054600967255544294,0.03785121521305605
85.68931579589844,0.6338541659283713,-0.2449121963297397,0.20035611384508198,0.34386910982486274,-0.9366617058649908,-0.05461361852048817,0.037897714265571224
85.70936036109924,0.6338622054421085,-0.244905826340447,0.20034899753667765,0.34388383947673856,-0.9366547033920649,-0.05463487080022907,0.03790649618426662
85.7293632030487,0.6338661942468078,-0.2449176358469067,0.20034483762172012,0.3438802420118586,-0.936654534013939,-0.054654081344056915,0.03791562286821786
85.74942326545715,0.633871958196248,-0.2449217132457131,0.2003498509741682,0.3438813539397833,-0.9366507967609947,-0.05469497748544069,0.0379388821325213
85.7743513584137,0.633883290480083,-0.2449281424079899,0.20036460142380613,0.34388271351701233,-0.9366470315813363,-0.0547379660124018,0.037957511125939286
85.79923892021179,0.6338902168396563,-0.24494177802112052,0.2003620545636085,0.3438754297028959,-0.9366492751936949,-0.05474773858885882,0.03795404122501246
85.82422423362732,0.6338956597423896,-0.2449537018092071,0.20034088760155905,0.34387336330505514,-0.9366498054867112,-0.05474898140757522,0.03795788357918518
85.84922695159912,0.6339114493346515,-0.24494276089491784,0.20032181192836912,0.34389034482348385,-0.9366415292739463,-0.05477019804179775,0.03797764846624095
85.86925721168518,0.6339230335686971,-0.24493413607499817,0.2003134142058868,0.34390338041466806,-0.936632695775047,-0.054816158154587624,0.03801114243972202
85.89427280426025,0.6339357584916921,-0.2449287550715866,0.2003078460427269,0.34391517962758195,-0.9366239929662289,-0.05486678173256618,0.038045778792988205
85.91925239562988,0.6339494507695007,-0.24492611335257958,0.20029976221381524,0.3439258219400034,-0.9366182118135847,-0.05488808255052664,0.03806117044761251
85.94425463676453,0.6339639800074837,-0.24492244375395947,0.2002892435207194,0.34393882827254796,-0.9366104092255938,-0.0549215163703126,0.038087409682997994
85.96927428245544,0.6339755318999594,-0.24492198082646013,0.20028395980245528,0.34394791955324,-0.93660468175541,-0.054948130324888204,0.03810776459749351
85.98933458328247,0.6339834142181051,-0.2449208026639404,0.2002771277389221,0.34395535347008915,-0.9366009771017415,-0.054957970975900994,0.03811752795556965
86.01426148414612,0.6339878042518929,-0.24492036793161817,0.20025834902383266,0.3439619051986426,-0.936597148343327,-0.0549702983756574,0.03813470576453982
86.03434371948242,0.6339890106380832,-0.24492420720826358,0.2002459801098805,0.3439645227073754,-0.9365935737605312,-0.054997112611880436,0.03816021899237238
86.0543532371521,0.6339885161671841,-0.24493273923915193,0.20024244710878458,0.34396233686515254,-0.9365906100377321,-0.05503945181674488,0.03819160576623609
86.07925176620483,0.633991805351949,-0.24494985592607849,0.20024544616397105,0.34395678377110306,-0.9365904329051201,-0.05506647069323122,0.0382070110563685
86.09931230545044,0.6339973738584218,-0.24495531273776278,0.2002433411227727,0.3439579965305921,-0.9365881443550467,-0.05508851132666757,0.03822041857554394
86.11936163902283,0.6340003400331741,-0.2449563680958894,0.2002304110272834,0.34396122025462106,-0.9365824169109206,-0.05513913511198908,0.03825873852295892
86.14425230026245,0.6340171060092119,-0.2449594810845725,0.20023220487183416,0.3439746052369071,-0.9365724555647078,-0.0551960575535429,0.038300152220987885
86.16922926902771,0.6340487716896183,-0.24496142532088355,0.2002503473350764,0.3440009346918389,-0.9365623773029044,-0.05519912813541754,0.03830569938038373
86.18930077552795,0.6340674578872934,-0.2449677585471604,0.20025295854892194,0.34403207025547805,-0.9365518871160148,-0.055172553103008795,0.038320839750981446
86.21421647071838,0.6340767440170778,-0.24497396371702299,0.20022703014542317,0.34409430215129944,-0.9365268815178858,-0.0551502150330755,0.03840527572060104
86.23918676376343,0.6340860163957429,-0.24497650345798208,0.20019836363508642,0.34418430430172564,-0.9364901435522965,-0.055125435698124406,0.03853001480286776
86.25919771194458,0.6341009290844304,-0.2449731900339112,0.20018389300881118,0.34427352447744475,-0.9364558217165394,-0.05508424457517421,0.03862590214563762
86.27920746803284,0.634119539974434,-0.2449654162966712,0.20017960395277337,0.3443630219897609,-0.9364224401334279,-0.055039442011535544,0.038701195377886646
86.29932022094727,0.6341352565514149,-0.24495752712009647,0.2001801286517645,0.34445621965759654,-0.9363864884129899,-0.05500835594905562,0.03878579421032502
86.31935143470764,0.6341449768770809,-0.24494275326729173,0.20017631061859703,0.34456258838907056,-0.9363427332936296,-0.05500174464958722,0.03890651071848193
86.34422945976257,0.6341655655107257,-0.24492540279529929,0.2001769219262033,0.3446922282815411,-0.9362922226835432,-0.05496736062643005,0.03902218305547974
86.3692409992218,0.6341892034453794,-0.24490579276089586,0.20017765826925885,0.34479902976614785,-0.9362525241642486,-0.054927212080526415,0.03908761237934301
86.38934373855591,0.6342033188579077,-0.24488477965441424,0.20017617778506344,0.34488431779807704,-0.93621867730842,-0.05492025155461552,0.03915560706955019
86.41423106193542,0.6342178907973695,-0.24486320952797078,0.20017309244461323,0.34499210251857093,-0.936173888302702,-0.054927064163468216,0.03926725967654295
86.43426895141602,0.6342315149667886,-0.2448596168085479,0.20016850119541285,0.34505005573968855,-0.9361520829221062,-0.05490310919638171,0.039311388619996654
86.45430135726929,0.6342467795023353,-0.2448572733167865,0.20016564679795473,0.3450752914196232,-0.9361435229763221,-0.05488928868457888,0.039313021111117445
86.47921967506409,0.6342679538553182,-0.24485460284333216,0.20016979000410376,0.34509144993172014,-0.9361388922805445,-0.0548778225779238,0.03929745707816064
86.49922394752502,0.6342813767779578,-0.24485240564360783,0.20016960352313434,0.3451208240424128,-0.9361283754585045,-0.054860580860948076,0.03931409596235428
86.51922535896301,0.6342902671837841,-0.24484816792973643,0.20016253556684382,0.34519471175006605,-0.9361008112959888,-0.05481502003584611,0.039385221204061745
86.53924751281738,0.6343015813257002,-0.24483982081098313,0.20015874477483553,0.3453133597269903,-0.9360571199966791,-0.054740082193177296,0.03948765755226424
86.55928254127502,0.6343179522797355,-0.2448192080964882,0.20015941310553942,0.34546027295617043,-0.9360025332948906,-0.054664920107042665,0.039600555352761385
86.58428478240967,0.6343405375203337,-0.24477754933513532,0.20015813809617083,0.34568172580877254,-0.9359195501220684,-0.05456658063260387,0.03976466294751263
86.60925626754761,0.6343653764767636,-0.2447194551432105,0.20015179708733835,0.345931588752911,-0.9358261627330682,-0.054454554387483776,0.03994284108166392
86.63422298431396,0.6343825908916442,-0.24468040752287443,0.20014844720252012,0.3461810685305565,-0.935733161943561,-0.054322760442227225,0.04013919690367267
86.65423274040222,0.6343983785140345,-0.24465161304339852,0.20014971560519107,0.34639426165429754,-0.9356539479363418,-0.054203144401912054,0.04030786946835112
86.67931580543518,0.6344243545744189,-0.2445952454831421,0.20014936209904777,0.3466964626414648,-0.9355412668083555,-0.05404221791030514,0.040540591680478154
86.70419979095459,0.6344523800161989,-0.24453178109938195,0.20014482936415184,0.3469587433080048,-0.9354429109173128,-0.05392357940546022,0.040723929584422405
86.72421431541443,0.6344731849888738,-0.24449669501949808,0.20014260558026065,0.34712017051578453,-0.9353824025289496,-0.053858918179756035,0.04082358622973855
86.7442352771759,0.6344942607306047,-0.24447358518805148,0.20014488226007876,0.3472613171740396,-0.9353299902768789,-0.05379525054436804,0.04090791979549038
86.76921033859253,0.6345242882538499,-0.2444608160098863,0.20016236785303276,0.34740529041180235,-0.935278085622911,-0.053706873750704986,0.04098827221583737
86.78923916816711,0.6345474825615776,-0.24445898972266897,0.20018126813220377,0.3474848483278724,-0.9352503886084508,-0.05364547903783779,0.04102625219381373
86.81422233581543,0.6345669132959608,-0.24446846533499492,0.20019826021091586,0.3475249603592266,-0.9352373619285157,-0.05360638012041947,0.04103455605603362
86.8343358039856,0.6345871191390349,-0.2444689605626698,0.20021306672259123,0.3475396160626745,-0.9352333834582104,-0.05359391005031038,0.0410173931131442
86.85440802574158,0.6346042897014766,-0.24446226965932152,0.20022808199500286,0.3475514304987964,-0.9352275743165605,-0.05361737733759964,0.04101907170593383
86.87932062149048,0.6346005698054951,-0.24446563934772522,0.2002374047747253,0.34754725457800933,-0.9352213219510047,-0.0537103088141355,0.041075388380008196
86.89938259124756,0.6345990705777449,-0.24447679480139684,0.20023644079389424,0.3475413374060068,-0.9352192830473475,-0.05376025703303851,0.041106522282097
86.92422914505005,0.6346116196038742,-0.24448393625031586,0.20022480217262495,0.34754925261912456,-0.9352159374872723,-0.05376218444022348,0.04111319493638462
86.9492199420929,0.634623455414833,-0.24448450436934138,0.20019759899849712,0.34756814911552075,-0.9352083311685011,-0.053756123793214254,0.04113439179244242
86.97419381141663,0.6346343020867526,-0.24448690343961313,0.2001778239215336,0.34759653701859733,-0.9351963210792718,-0.053751558484246134,0.04117351640297557
86.99424505233765,0.6346471353373028,-0.24448636970757257,0.2001757554803756,0.34763137616403084,-0.9351818677890673,-0.05374743453503133,0.04121302883493449
87.01428318023682,0.634661054135807,-0.24448310399541576,0.20017670679610383,0.34767399821982287,-0.9351650251627404,-0.05373372807413208,0.04125352277590249
87.03926301002502,0.6346788006542957,-0.24448182833368506,0.20018281336816723,0.3477514833351789,-0.9351370972549419,-0.05367311688419677,0.04131236739364821
87.05927968025208,0.6346952378556728,-0.24447702296395737,0.20019165799173055,0.3478350525195769,-0.935106905496899,-0.05361200427988044,0.04137154248682396
87.08421516418457,0.6347146470731517,-0.2444566730118591,0.2001955674904151,0.3479666791259903,-0.9350574872459014,-0.05354274295009841,0.04147120013626577
87.10423517227173,0.634727942479727,-0.24443209920135256,0.20019028662964367,0.348077205673672,-0.9350153048695122,-0.05349510001508163,0.04155614063523013
87.12435388565063,0.6347427092226978,-0.24440950428400476,0.20018940280662834,0.3481811103423174,-0.9349763270613255,-0.05344746579652795,0.041623919032426564
87.1493182182312,0.6347645465953176,-0.24438792176215993,0.20019584992651046,0.3483109340686391,-0.934928271265432,-0.05338128909358301,0.041702023590474764
87.16936492919922,0.6347825147651486,-0.24436953832184893,0.20020145925648283,0.3484310408136278,-0.9348833848102949,-0.053321938858951944,0.04178082621686034
87.19424843788147,0.634802896821982,-0.24434167303796184,0.20020431429352886,0.34862428387758454,-0.9348108043398471,-0.053220863984398896,0.04192145533073093
87.21926927566528,0.634832941842183,-0.24430774039929393,0.20021434408471694,0.34886365596930097,-0.9347217029612609,-0.053083194295212834,0.042091115931633866
87.23930215835571,0.6348625072947798,-0.24427058855461875,0.20022283417298326,0.3490704487961047,-0.9346447075282792,-0.052966430639830184,0.042233277068068294
87.26423931121826,0.6349006142667936,-0.24421519561303578,0.20023119325421246,0.3493097991882643,-0.9345552775026058,-0.05284294817343321,0.04238773774794133
87.28432035446167,0.6349227200084899,-0.24418012300733352,0.2002333382012751,0.3494777639121526,-0.9344919175929516,-0.05276112551981681,0.042501907230317985
87.30925965309143,0.6349347621326029,-0.2441553370956906,0.20022953882096317,0.34964746326041096,-0.9344271114924618,-0.052679867549408115,0.042631634948986113
87.33428454399109,0.6349433218971859,-0.24413776436801382,0.20022574915609714,0.3497798379169454,-0.9343764825548456,-0.052616653445543504,0.04273337823495959
87.35922050476074,0.6349570744260954,-0.24411759575117295,0.20022780457482636,0.34988553991457905,-0.9343358956420864,-0.0525749241744238,0.04280678008712333
87.37926864624023,0.6349653294897863,-0.24410504840375188,0.20023158756819673,0.34994208949120603,-0.93431309365439,-0.05256761185080039,0.04285117516313654
87.39932227134705,0.6349670690888566,-0.24410152401690188,0.20023586057785445,0.34997076976025776,-0.9343000747524236,-0.052578933951886196,0.04288690167760377
87.42423510551453,0.6349666205880385,-0.2441062683062987,0.20023851243965113,0.3499780227774263,-0.9342961617778025,-0.05258840438111869,0.04290134478957202
87.44423937797546,0.6349727101040364,-0.2441092661312764,0.20024387744536726,0.3499907395067563,-0.9342920383114794,-0.05257397150360141,0.04290509209415071
87.46923661231995,0.6349876394996778,-0.24410396996755782,0.20025541292260016,0.35004086299714987,-0.9342744325829679,-0.05253092102272749,0.04293228610792507
87.48925185203552,0.6349946046258365,-0.2440992397496775,0.20025936122612586,0.35010733859886,-0.9342497083687967,-0.05248504408005783,0.04298434621992204
87.50939154624939,0.6350046073398097,-0.24407898733086597,0.20025768535470662,0.35019503717309236,-0.9342163566979667,-0.05244451043050024,0.043044257955222626
87.53432297706604,0.6350215486440608,-0.24403977672171223,0.2002519606273004,0.35033508855886525,-0.9341627316550883,-0.052390065754814065,0.04313464409599678
87.55917978286743,0.6350427069372291,-0.2439997764878383,0.20024955273170447,0.3505106407696458,-0.9340958774052746,-0.0523103674803286,0.04325283777732335
87.57919430732727,0.6350567126979779,-0.24398602797881086,0.20025395600986445,0.3506490683914822,-0.9340436649394336,-0.05222796748826304,0.04335783936899851
87.60418224334717,0.6350738836705911,-0.243967835738585,0.20025751454645013,0.350817179739677,-0.933980077503029,-0.0521328021210095,0.04348209022099241
87.62433505058289,0.6350939156652383,-0.2439465572857101,0.20026232711189706,0.3509558352738362,-0.9339278824377878,-0.05205891561533931,0.04357271391058495
87.64932250976562,0.6351273618154237,-0.24391330929356822,0.20027243149842738,0.3511362235256292,-0.9338605159671619,-0.05196213362477596,0.04367866658672322
87.67432594299316,0.6351616662505992,-0.24388544932162276,0.2002858543753912,0.35130477193861886,-0.9337978955619741,-0.05186753332880741,0.04377449535583005
87.69433045387268,0.6351873839174953,-0.24386614325177075,0.20029464656226723,0.3514195667070253,-0.9337552744792798,-0.051807101423949266,0.04383377418887342
87.71929597854614,0.6352114030684397,-0.2438419314646783,0.20029789165702078,0.3515364376605052,-0.9337111594944606,-0.0517572935901044,0.043895172772624884
87.73930168151855,0.6352246761049083,-0.2438287862015317,0.20029936989112096,0.35159809249105073,-0.9336875782612105,-0.05173659365700928,0.043927354053344365
87.76420378684998,0.6352295201047186,-0.24382185309783563,0.20029710940802847,0.3516365114073117,-0.9336691420323204,-0.05176009738250203,0.04398396731605099
87.78421139717102,0.635235508485014,-0.24382535468629746,0.2003006307044895,0.3516614109246168,-0.9336562538319773,-0.05178000100407999,0.04403502291288196
87.80421447753906,0.6352464564289179,-0.24382788702693686,0.20030772309878195,0.3516873426419338,-0.9336451472047649,-0.05177800409722756,0.04406575107876042
87.8242199420929,0.635255908327283,-0.24383141944218617,0.20031219685212345,0.3517015412493148,-0.9336396019659954,-0.051771784802392876,0.044077225661658254
87.844233751297,0.6352639244282814,-0.2438383323338609,0.20031794198667846,0.351704205385994,-0.9336382723670337,-0.05177429630552062,0.04408118110281273
87.86423993110657,0.6352662228205715,-0.24384435569908897,0.2003202784163132,0.3517027094001904,-0.933636087978505,-0.05180396717759053,0.04410451688210489
87.88927125930786,0.6352613270197774,-0.24385329439367398,0.20031561105173473,0.3516937102042204,-0.9336338957222524,-0.05186816419854471,0.04414721399984201
87.91424584388733,0.6352570159628879,-0.2438729219309428,0.2003105953611862,0.3516748040820097,-0.9336374772649854,-0.05191476654268981,0.044167298253102484
87.9342474937439,0.6352585622970772,-0.24388931564744845,0.20031557360045235,0.35165697721923345,-0.9336429750255283,-0.05193967561163453,0.044163736888052786
87.95425963401794,0.6352622817137015,-0.24389707419647594,0.20032451497463616,0.351645606947032,-0.9336450809220551,-0.05197480945282845,0.04416841820997974
87.97426176071167,0.6352651506394629,-0.2438980445868677,0.20033501176224686,0.35164512245000146,-0.9336415345646223,-0.05202024832581453,0.04419373888965728
87.99433469772339,0.6352676753988697,-0.24389946634949447,0.2003388143423893,0.3516446256580381,-0.9336397497332378,-0.05204458725041931,0.044206740456483484
88.01923751831055,0.6352689854470867,-0.24390684028009973,0.20033543135059378,0.3516400704136987,-0.933641140364176,-0.05204989981076215,0.044207350391512204
88.0392382144928,0.6352702364494703,-0.24391127602421786,0.20033277191635016,0.351637989145129,-0.9336414704340289,-0.05205560614607081,0.04421021538521311
88.05924916267395,0.6352723665986293,-0.24391167192368762,0.20033214766232516,0.3516310606508612,-0.9336428057102454,-0.05207699433499265,0.044211934950283256
88.08423614501953,0.6352698088555842,-0.24392406597713198,0.20033555528646393,0.35158941567097457,-0.9336565008062208,-0.052125714738089954,0.04419650612184879
88.10918378829956,0.6352606901540264,-0.24395334124062415,0.20033955422352612,0.35151721953810966,-0.9336819170143101,-0.05218441555568742,0.04416456703977133
88.1291937828064,0.6352563053610879,-0.2439691733427539,0.20033824129079236,0.3514468259323848,-0.9337065492443286,-0.052253355232414055,0.044122503411167524
88.15417718887329,0.6352530890980722,-0.2439827613221605,0.2003382194853442,0.35136174993473845,-0.9337348837134094,-0.0523551691096822,0.0440797446334406
88.17423009872437,0.6352527357106765,-0.24399601333362483,0.20034491627082646,0.35129808832845527,-0.9337566168058103,-0.052422791454923706,0.04404639195504352
88.19931697845459,0.6352546092806328,-0.24401080103193912,0.2003548629438143,0.351227762779507,-0.9337819714654223,-0.05248185139005766,0.043999360151253206
88.22423958778381,0.6352578831405264,-0.24401625927058124,0.20035771484857062,0.35118342252295276,-0.9337976635475312,-0.052522982802186896,0.04397116755191825
88.24941492080688,0.6352606175130564,-0.2440238333985158,0.20036046148810627,0.3511646050577646,-0.9338040901622217,-0.052537060965365735,0.043968154112692295
88.27425289154053,0.6352625802306238,-0.2440300022208824,0.20036535074474082,0.3511615711401535,-0.9338032452089996,-0.052553856117229326,0.04399025345102597
88.29432582855225,0.6352659497583938,-0.24402906107291647,0.20037232955383874,0.3511623549072502,-0.9337999068205228,-0.05258795102000188,0.044014110526624496
88.3143355846405,0.6352715388650267,-0.24402573803557986,0.2003783084606008,0.3511638465510523,-0.9337969570089987,-0.052618755711070164,0.044027974103112426
88.33931994438171,0.6352787917907093,-0.24402440787077284,0.20038245279632294,0.3511667724619874,-0.9337940986603627,-0.05264141007821835,0.04403817855777491
88.36418652534485,0.6352818982036428,-0.24402783386381804,0.2003832444262134,0.35116787407762146,-0.9337919392724021,-0.052658307631848415,0.044054977051654176
88.38422727584839,0.6352837437734463,-0.24403657675087753,0.20038735902363125,0.351166178796233,-0.933791870960808,-0.052659784864676804,0.04406817054504258
88.40430927276611,0.6352848767060596,-0.24404275269257222,0.2003886860687168,0.35116487222715326,-0.9337918652547441,-0.052660028504899585,0.04407841076598542
88.4292266368866,0.6352869900985554,-0.24404367884837552,0.20038498088167206,0.35116213271344876,-0.9337920680185443,-0.052670409949859366,0.04408353626392019
88.44924139976501,0.6352891426277181,-0.24404302949653722,0.20038356910230865,0.35115683542127807,-0.9337930520791373,-0.05268703658042494,0.04408502015442738
88.46930694580078,0.6352916025178985,-0.24404476638370526,0.20038717396498748,0.351135152823735,-0.9337999715241938,-0.05271838659773444,0.04407368089278374
88.49422717094421,0.6352890731344458,-0.24405771434729895,0.20039612160030884,0.3510971639982287,-0.9338122698693455,-0.05276131744230658,0.04406437853311112
88.51427817344666,0.6352860580839303,-0.2440713627724698,0.20040143750220554,0.35106140867128094,-0.9338249681053552,-0.052788766168516944,0.04404727518487736
88.53430366516113,0.6352841276289908,-0.2440791777502984,0.2004027974893426,0.3510258977989428,-0.9338376316356279,-0.05282019040085214,0.04402413317198745
88.55933117866516,0.6352780074968333,-0.2440874493062795,0.20039849429434392,0.35098308135046385,-0.9338514058918007,-0.052871983305685516,0.044011154279253666
88.57937932014465,0.6352718866799033,-0.2440965989506534,0.20039432268753105,0.3509450241120968,-0.9338637082875207,-0.05291540027236063,0.04400141825481717
88.60417366027832,0.6352682447275732,-0.2441069547828454,0.20039168421755843,0.3508987829297791,-0.9338802620865806,-0.052953662087516125,0.04397283132824338
88.62422060966492,0.635268761377527,-0.24411047999625704,0.2003919255376606,0.3508657684917906,-0.9338924079129315,-0.05298239663164516,0.04394369796017983
88.64422631263733,0.6352681943439576,-0.24411456590464098,0.20039370071868973,0.35084105177010516,-0.9339011384402608,-0.05300603970716479,0.0439269822242876
88.6692886352539,0.6352653317625637,-0.24412572026778448,0.20039756190263167,0.35081637567171775,-0.9339102085505676,-0.053017460747313734,0.04391744279270828
88.69417572021484,0.635265297570295,-0.24413278693800508,0.20040118226128129,0.35078600355963935,-0.93392215685705,-0.05302875817440352,0.04389231646478617
88.71423101425171,0.6352672731908302,-0.24413436527178337,0.2004035869845285,0.3507527124302435,-0.9339351192967716,-0.05304894118965383,0.04385815209945769
88.7391927242279,0.6352680675591693,-0.24413673998384788,0.20040643231135816,0.35070133853185176,-0.9339542526629836,-0.053089411270471065,0.043812549522926604
88.7592556476593,0.6352661515176736,-0.24414375944993255,0.20040900615952292,0.3506460297909271,-0.9339744741789172,-0.053133799594836995,0.0437703405821084
88.77927684783936,0.6352611842345378,-0.24416000849276046,0.20041390118513508,0.350578735383771,-0.9339992322591762,-0.05318024945312492,0.04372465556249682
88.79930639266968,0.6352531644644177,-0.2441819979572217,0.2004208383717032,0.3505019659466037,-0.9340270004954586,-0.05323473918370197,0.043680622213909316
88.8241937160492,0.6352395289446927,-0.24420121811898576,0.20043138074712968,0.35041200707941117,-0.9340561956489773,-0.05333493938431693,0.043655846174580314
88.84926247596741,0.6352296442158322,-0.24421263576905666,0.20044056098464705,0.35032544704702767,-0.9340845584728361,-0.05343348323631242,0.04362317781993666
88.86931133270264,0.6352231101329359,-0.24423516111505345,0.2004470809525078,0.350247031817917,-0.9341136600357735,-0.05348104824234013,0.04357137037307466
88.89423179626465,0.6352046403986539,-0.24428630805253956,0.20045624856001562,0.350134579240395,-0.9341548152995425,-0.05354400153158906,0.043515484287127607
88.91917657852173,0.6351850250050386,-0.24432376616678722,0.20046374935357783,0.3500143617901011,-0.9341956094967883,-0.05366106101153523,0.04346263071534536
88.9441876411438,0.6351770734375938,-0.2443478831014935,0.200469765702396,0.3499140361729629,-0.9342317520671438,-0.053743689318026915,0.04339143437627946
88.964195728302,0.6351750118544081,-0.24436597296393914,0.20047703032383696,0.3498357760177853,-0.9342614649946696,-0.053789350623027365,0.04332609610409992
88.98429727554321,0.6351683439868342,-0.2443890827857837,0.20049126288815625,0.34974933503990324,-0.9342923113877294,-0.05385257503551246,0.043280245874070554
89.00934052467346,0.6351543596761509,-0.24441869269024283,0.20051792663106488,0.3496331546344741,-0.9343300656187992,-0.05397069477010285,0.04325678868241504
89.03423833847046,0.6351433934220513,-0.2444485020241721,0.20054199831734665,0.34949693122227793,-0.9343773949339682,-0.0540814235147995,0.043196973658448407
89.05920672416687,0.6351379857114847,-0.24448636456623038,0.2005599556678766,0.34934920088625815,-0.9344338560938823,-0.05414695907890937,0.04308841199456502
89.07927346229553,0.6351337980195969,-0.24452091032745296,0.2005741182540539,0.34922672549709993,-0.9344813949849067,-0.05419169274395804,0.04299391890921655
89.09931302070618,0.6351295593697333,-0.2445480629963496,0.2005878756340989,0.34911598194809307,-0.9345234267776307,-0.054241983325858285,0.042916234657408237
89.12429094314575,0.6351251528348224,-0.2445701315716535,0.20060297146352846,0.34900354173124676,-0.9345650696326682,-0.05430497814994084,0.04284422749504751
89.14435458183289,0.6351251128656134,-0.24458089220834975,0.20061086197882516,0.34892629392633023,-0.9345942552451768,-0.054348596915202156,0.04278141515738465
89.16436719894409,0.6351259584017661,-0.24459313461163493,0.20061798513305623,0.34885424383317515,-0.934622223547449,-0.05438018590283772,0.04271780883774947
89.1843934059143,0.635127161366517,-0.244604697967211,0.20062562357189473,0.34878481428264807,-0.9346492369784803,-0.054409078505818345,0.042656878900411775
89.20931100845337,0.6351281037249478,-0.2446182269634199,0.20063458786390415,0.3486973644090783,-0.934682893777734,-0.05444980058542089,0.04258233612198317
89.23426651954651,0.6351253816101786,-0.24464359261556337,0.20064599225281202,0.34859818262383174,-0.934721258471677,-0.0544837788795077,0.04250875052838209
89.25921869277954,0.6351186955100617,-0.24468003428362134,0.20066239325549629,0.3484887451589231,-0.9347633429021077,-0.054513699193108105,0.042442241509139854
89.27932238578796,0.635111623053159,-0.24470577807611413,0.20067646788356092,0.3483991505809562,-0.9347963714796603,-0.05455422569731362,0.04239825705702624
89.3042984008789,0.6351063616229116,-0.24471767429263974,0.20068814443039767,0.3482930493238827,-0.9348335503890702,-0.054640895700524106,0.04233860385907816
89.3292396068573,0.6351036066103224,-0.24473231022438574,0.2006975903533558,0.34818314590712046,-0.9348736653844132,-0.054716528677449666,0.04225906016968139
89.35422873497009,0.6350994853832802,-0.24475720086891156,0.20070756987873292,0.3480707240678686,-0.9349158834902482,-0.05477419248351053,0.042176411443524624
89.37424850463867,0.6350931922244258,-0.24477896749111588,0.2007182456811064,0.3479886910486387,-0.9349457692952162,-0.05482072379106311,0.042130364610869435
89.39924597740173,0.635082857225237,-0.24479998427034175,0.20073192013125232,0.34789771496619354,-0.9349768786373345,-0.05489350590010235,0.04209654789795905
89.42422604560852,0.6350749311237882,-0.24482209180059364,0.20074654074072268,0.34780357766137815,-0.9350102724223295,-0.054955109809844215,0.0420523214154173
89.4442355632782,0.6350734241985937,-0.2448348035953273,0.2007569585877925,0.34773049973993775,-0.935037417496187,-0.05499360657918544,0.042002745959069894
89.46424722671509,0.6350746199886897,-0.24484154234107092,0.20076612870833066,0.34766151927768074,-0.9350631388381129,-0.05503456584891581,0.041947478607984666
89.48924279212952,0.6350758066788568,-0.24484896409666132,0.2007779308828013,0.3475748856154184,-0.9350950986052331,-0.05509109048171968,0.04187872017360957
89.51420783996582,0.635076949620347,-0.24484804976534094,0.20078779020925772,0.3474921438130738,-0.9351241069878996,-0.0551706157251294,0.04181288890695638
89.53422975540161,0.6350769553655197,-0.24484161952963815,0.20079280955937462,0.3474386352412798,-0.935141531506949,-0.055239681271099614,0.041776649046541256
89.55424666404724,0.6350740067777341,-0.24483880239067063,0.20079770330215813,0.3474084016001507,-0.9351501781718383,-0.05528765538754166,0.04177106563834243
89.57920432090759,0.6350714489606919,-0.2448457324105673,0.20081165326943187,0.3473886402499453,-0.9351564925071798,-0.055304323665034655,0.04177198739484201
89.60417795181274,0.6350710444596976,-0.24484328524503227,0.20082336953641128,0.34737392669298406,-0.9351603687430258,-0.05533171198808802,0.041771299173600666
89.62917637825012,0.6350707624703663,-0.2448263092585491,0.2008295046496248,0.3473543706782404,-0.9351632875908804,-0.055403376192861044,0.04177358757988262
89.64927220344543,0.6350715785918252,-0.2448190279333875,0.20083908161877748,0.3473293301587414,-0.9351696282815809,-0.055461214501728404,0.0417630989888044
89.67420101165771,0.6350811401475631,-0.24481684252030939,0.20087481081832576,0.34729874838470043,-0.9351798476293647,-0.05550613470202474,0.04172889848582166
89.69422316551208,0.6350892892571739,-0.24481776206092973,0.20091639013809837,0.34728253795334807,-0.9351850808930361,-0.05553293282326983,0.04171087004395013
89.71922779083252,0.6350998983968077,-0.2448198881082146,0.2009653674450549,0.34728024385131273,-0.9351857092334692,-0.055543162913504814,0.04170226048541629
89.73923206329346,0.6351155813406503,-0.24480897633497747,0.20100499903652275,0.34729287060482444,-0.9351816497664641,-0.05554187877717381,0.04168985091149582
89.76416850090027,0.6351384384334566,-0.24477894877916245,0.2010548666797068,0.3473200514972579,-0.9351712976034641,-0.05555143652060909,0.04168289657723165
89.78419137001038,0.6351434111735486,-0.24477049186768265,0.20108758082634265,0.3473295987607678,-0.9351643062492271,-0.05558966190601386,0.04170922717057723
89.80421423912048,0.6351517569415054,-0.2447672042463375,0.2011228118983176,0.3473400673191075,-0.935158107831946,-0.055611728202504256,0.0417316028604194
89.82422518730164,0.6351583913457394,-0.24479746706232464,0.20117680498144475,0.3473339608779443,-0.9351621538738163,-0.05557946809320287,0.04173473744302184
89.84918665885925,0.635182803383178,-0.2448184330739577,0.20127436042335892,0.34733828163869296,-0.9351645903165581,-0.05552625288741347,0.04171501368332743
89.8742265701294,0.635213156222678,-0.24480276821416966,0.2013831833118735,0.3473627448582852,-0.9351548715688995,-0.055530314635815536,0.04172378005179136
89.89424061775208,0.6352391915294034,-0.24479192116237988,0.20147471809351372,0.3473821859931356,-0.9351467404571081,-0.05553854155569789,0.04173321301950282
89.91939306259155,0.6352734950443902,-0.24479421791439945,0.20159854171041988,0.347398765787622,-0.9351403284937048,-0.05554132895627789,0.04173516900262754
89.9442789554596,0.6353090663646844,-0.24482313969458017,0.20175210671596383,0.3474009731711208,-0.9351379576266685,-0.055563630225859174,0.041740232890750795
89.96430325508118,0.6353396175514465,-0.24484529907432115,0.20189486793261452,0.3474050263642531,-0.9351304738909963,-0.05563298532965601,0.041781759184891215
89.98936176300049,0.6353964218372327,-0.24487242514474122,0.20210841075854835,0.34741861563211746,-0.9351222066476144,-0.055678233453246795,0.041793521821600996
90.01419377326965,0.6354747183268954,-0.24489148817615305,0.2023675086889476,0.34744234963984594,-0.9351161443938847,-0.055673488054359795,0.04173814680198882
90.03428387641907,0.6355423194923561,-0.24491952052747729,0.20261339302348247,0.34745458851239797,-0.9351172799364641,-0.055635182264656954,0.0416618312161252
90.05429363250732,0.6356067759343237,-0.2449662054902789,0.2028801373366344,0.34745461574504277,-0.935124975391382,-0.0555715017477476,0.04157377286449202
90.07921743392944,0.6356818139349061,-0.24504943528605586,0.20322557558695326,0.34743708177595584,-0.9351445218507021,-0.055445844967863096,0.04144822958180466
90.09928631782532,0.6357441806428025,-0.24511908070749383,0.2035218347616396,0.3474063490944781,-0.9351684283636899,-0.055336391213250194,0.04131250425815244
90.12416958808899,0.6358374720093777,-0.2452016581843397,0.20392750341881183,0.34735991398997884,-0.9352041530693087,-0.05518767701567537,0.04109260931616778
90.1441764831543,0.6359174043635528,-0.24526866962331056,0.20424921454588021,0.3473221408316322,-0.9352350470521666,-0.055046772458773666,0.04089731158966551
90.16917586326599,0.6360146571215818,-0.24536703081305086,0.2046543740825042,0.3472672999062884,-0.9352797337199769,-0.05482768737520084,0.040634551868651426
90.19416356086731,0.6361003274933468,-0.24547428222856293,0.20506589926398378,0.3472030682203515,-0.9353279543635032,-0.05460008739829077,0.040379173599801386
90.21417498588562,0.6361682437469814,-0.24555880814529682,0.2054114757730689,0.3471551030193765,-0.9353658661256475,-0.054410484235301614,0.04016877070415726
90.23423171043396,0.636245630337797,-0.24562564716738106,0.20575242242178834,0.3471264425785407,-0.9353962907801063,-0.054225277675803485,0.03995786929506633
90.25425410270691,0.6363287359035201,-0.2456759662051403,0.20609264135704697,0.3471169189153317,-0.9354189510570201,-0.05404777884932178,0.03975007179171044
90.27920246124268,0.6364284383919357,-0.2457291664794447,0.20651252706804743,0.3471148746003417,-0.9354425197707295,-0.05383816110245922,0.0394969422262822
90.2992856502533,0.6365128081492184,-0.24577124574027273,0.20685142028147363,0.3471189441621592,-0.93545950778355,-0.05366919783961286,0.03928823111660022
90.32429480552673,0.6366231133904295,-0.24582481288201943,0.20724592085791166,0.34713005334776237,-0.935480034391314,-0.053436705941424335,0.03901730098455836
90.34924173355103,0.6367400841347408,-0.245879121663403,0.2076259176509846,0.34714753292692935,-0.9354981081459359,-0.053198708919790776,0.03875277289962264
90.37422513961792,0.6368695559362403,-0.24592099015521932,0.2079846972527719,0.34717811666232307,-0.9355130295185724,-0.05294281036974046,0.038467983336156905
90.39425110816956,0.6369827680607691,-0.24595148119494573,0.2082448565696553,0.34721096419654723,-0.935523496862099,-0.052717148688309866,0.03822610880962857
90.41921520233154,0.6371201851046522,-0.24598076149783143,0.2085413973267501,0.34725429726699175,-0.935535838662485,-0.05243250202627045,0.03792071121315228
90.43924355506897,0.6372159665098815,-0.2460047884532595,0.20874248391582134,0.3472824601760882,-0.935545411822928,-0.05223106117243203,0.03770399872627201
90.45927667617798,0.6373004846819713,-0.246029155969741,0.208915422791846,0.34730680337960584,-0.9355537422694465,-0.05205316996693904,0.03751862401940482
90.47927832603455,0.6373727649672113,-0.24604569517422362,0.20905624525454658,0.34733007629255647,-0.9355592833960493,-0.051907804663847736,0.037366096518481655
90.50417113304138,0.6374514510864736,-0.24605747492778954,0.20918538178488133,0.3473588889505718,-0.9355645460747454,-0.0517421049725194,0.037195926766379
90.52920794487,0.6375127742507614,-0.24605963627238572,0.20928167825156346,0.3473849550868361,-0.9355663656822558,-0.051623361804341544,0.037071510617648275
90.54921674728394,0.6375494353481702,-0.2460594534552962,0.20933338990718298,0.34740182602313757,-0.9355657068161478,-0.05156656586737209,0.037009036599961846
90.57415986061096,0.6375892976815046,-0.24606610556913774,0.20936634999512974,0.34741835099627716,-0.9355667716450712,-0.05148754093658122,0.03693695050922869
90.59419631958008,0.6376182652162085,-0.24607229861236554,0.2093829918922472,0.3474302346730914,-0.935567612511342,-0.05142865322632148,0.03688587917031171
90.61420845985413,0.6376432265766662,-0.24607589900691582,0.2093959028744264,0.34744135585761393,-0.9355675867324253,-0.051382813634947656,0.03684564232693611
90.63918972015381,0.6376769330995492,-0.24607708597881864,0.20941377276991618,0.3474582062781354,-0.9355663380657504,-0.05132729779547332,0.03679579417928884
90.65921950340271,0.6377039140995877,-0.24607662814351672,0.20942781080430628,0.34747253900267866,-0.9355650312092803,-0.05128258113631631,0.036756004807019974
90.6841688156128,0.6377311881320806,-0.24608020402310363,0.20944059496364378,0.34748498023781427,-0.935564996457086,-0.0512307086613311,0.03671158404958203
90.70917963981628,0.6377564000794511,-0.2460850287854325,0.2094522196130642,0.3474956270550473,-0.9355655742566107,-0.05117915851098942,0.036667958458924337
90.72921013832092,0.637772159994616,-0.2460894548668318,0.20945620946010987,0.3475016797189198,-0.9355664754778,-0.05114257504412572,0.0366386349680213
90.74922227859497,0.6377904380122852,-0.24609445742134065,0.20945634212070668,0.3475091046944545,-0.9355681335280092,-0.051089911771954266,0.03659932508259397
90.76922416687012,0.6378133178014549,-0.2461005142074641,0.20945559240138645,0.3475183174615367,-0.935570614425511,-0.051019227566583975,0.03654699537085452
90.78931188583374,0.6378389709316078,-0.24610784082642193,0.20945213902174944,0.34752860497697063,-0.9355739656785161,-0.05093257584184141,0.036484190897328024
90.81416153907776,0.6378734932366765,-0.24611927254060587,0.20944880869595522,0.34754142090896345,-0.9355792557242187,-0.05081103107791748,0.0363958257485035
90.83424282073975,0.6379019773258486,-0.24612752191218087,0.20945089663662586,0.34755255588144085,-0.9355819565715164,-0.05072916848126451,0.0363342111962741
90.85918402671814,0.6379410695909334,-0.24613703997114816,0.20945846749858776,0.34756900462322005,-0.9355837170697583,-0.05063604902261877,0.03626135571699168
90.87919735908508,0.6379822043482019,-0.24614656728083562,0.2094674455084883,0.34758656960775003,-0.9355856508250782,-0.050535522965257894,0.036183249123775185
90.8992018699646,0.6380350881514191,-0.2461560025625005,0.20948473902225911,0.34761034056365575,-0.9355865965453665,-0.050420681599610245,0.036090530127742985
90.91922354698181,0.6380913952163242,-0.2461636156508935,0.20950877367152576,0.34763687566344764,-0.9355856164177527,-0.05031809681679507,0.03600341877894718
90.94420313835144,0.6381607913407888,-0.24617191443193165,0.20954651212912895,0.34766958744481347,-0.935583945248394,-0.05019831303512016,0.035898032366787826
90.96423411369324,0.6382133488806535,-0.24617906149639668,0.20957851646386227,0.34769343799883257,-0.9355833847215795,-0.05010357296676789,0.03581389927713627
90.98918318748474,0.6382764408670606,-0.24618851316137763,0.20961953938484312,0.3477217192806526,-0.9355827877992083,-0.049990485196111524,0.0357128058848304
91.00921273231506,0.638325597057687,-0.24619693386861732,0.2096509335284778,0.34774298081457844,-0.935583263489604,-0.0498938255609637,0.03562839518033648
91.02922129631042,0.6383740152298477,-0.24620752366527968,0.20967675704687977,0.3477628465242318,-0.9355860936250904,-0.04977293259664338,0.035529131334850014
91.05421352386475,0.638430504229519,-0.24622199647013185,0.20970257197686604,0.3477844634187835,-0.9355915508172868,-0.0496109650389913,0.03540012982681426
91.0743179321289,0.6384660506134845,-0.2462299819161438,0.2097212399934098,0.3477987990417189,-0.9355937824210079,-0.04952090496992556,0.03532633084737694
91.09929609298706,0.6385064187261192,-0.24623771222857022,0.20974536615128303,0.3478156273882163,-0.9355949821655571,-0.04943330703658961,0.035251480060474356
91.12419891357422,0.6385446794865577,-0.24624401311660907,0.2097712956767241,0.34783227087977175,-0.9355947377262045,-0.049364845083070014,0.035189631193824025
91.14421224594116,0.6385809465526657,-0.2462499386525794,0.20979487706415884,0.3478480181230989,-0.9355946810111088,-0.04929755524960248,0.035129762282004415
91.16923713684082,0.6386292831937981,-0.24625896161523625,0.2098231399604243,0.3478685477642657,-0.9355960531951707,-0.049190870925921525,0.03503936271692284
91.19421529769897,0.638674302380276,-0.2462661451793396,0.20985117347277277,0.3478882026634846,-0.9355964428364756,-0.049100262948699444,0.03496081774883278
91.21919822692871,0.6387112711995353,-0.2462713669048787,0.20987496654659576,0.34790469394008555,-0.9355962831688767,-0.04903037368333192,0.034899015909553646
91.23923659324646,0.6387349961705034,-0.24627329915087579,0.2098922137381587,0.34791603388084874,-0.9355950812270767,-0.04899626997508303,0.03486607062545687
91.25933694839478,0.6387538845270765,-0.24627394772750066,0.20990838183695032,0.3479255920404283,-0.9355930117992026,-0.04898120247377022,0.03484738842563433
91.28431010246277,0.6387775595840052,-0.24627496502275012,0.20992944114789647,0.3479373347614262,-0.9355902830565249,-0.048965308007428106,0.03482573676216266
91.30928444862366,0.6388046075875163,-0.24627528017020694,0.20995249034916477,0.3479513084804953,-0.9355871663278116,-0.04894426663847325,0.03479942373820929
91.33421850204468,0.6388380521904444,-0.24627568513155176,0.2099792092937565,0.347968489843833,-0.9355835520716134,-0.048915455900657684,0.03476528934111705
91.35422611236572,0.638868989194666,-0.24627664636554242,0.21000477241041055,0.347984279058232,-0.9355803063519147,-0.04888797301168172,0.03473324041245842
91.3742287158966,0.6389064038972899,-0.24627758145249498,0.21003528464084356,0.34800349422040555,-0.9355763145218435,-0.04885493590036287,0.03469471075331861
91.39424061775208,0.6389497117303093,-0.24627879844522893,0.2100693456533484,0.34802563727565017,-0.9355716912490634,-0.04881695610709282,0.03465070170522539
91.41430139541626,0.6389954504055617,-0.2462798086497726,0.21010719852400628,0.34804917304395316,-0.9355665701922733,-0.048779413069439594,0.03460541493032205
91.43931865692139,0.6390431343762791,-0.24627871049101477,0.21014966177226296,0.3480746689546635,-0.9355600401242933,-0.04875148803321108,0.0345648458601663
91.4642333984375,0.6390836588163443,-0.2462766856291005,0.21018729903163014,0.3480967555491817,-0.9355537004631003,-0.048736274535990914,0.03453545816042036
91.48431921005249,0.6391101373514776,-0.246274250313678,0.21021409928784007,0.3481118375314793,-0.9355484818922826,-0.04873744121446119,0.0345231577833131
91.50929546356201,0.6391369221430402,-0.2462695376373072,0.21024342486638287,0.3481281914983616,-0.9355418246458044,-0.04875149349000177,0.03451881378430619
91.53420495986938,0.6391570200721899,-0.24626476704256936,0.21026689532878,0.34814112096197963,-0.9355359439596754,-0.04877062229315261,0.03452077426670927
91.55918407440186,0.6391749410360014,-0.2462613904915805,0.2102887386738133,0.348151817317993,-0.9355308275988868,-0.04879027321703841,0.03452378817179082
91.58417820930481,0.6391881290772069,-0.2462560910873889,0.2103086174543098,0.34816139827122494,-0.9355248616904248,-0.04882554920369705,0.034538958553793624
91.60916304588318,0.6392028043376006,-0.24625282705640505,0.21032584829273362,0.3481704102511433,-0.9355206622787264,-0.04884050540272917,0.03454071376072938
91.63415336608887,0.6392244295229544,-0.24625288806612083,0.21034468860217642,0.3481814022059269,-0.9355181163717543,-0.048825403267124506,0.03452021283253144
91.6542546749115,0.6392431013669051,-0.2462533246375436,0.2103601653499707,0.3481906359662784,-0.9355162547018331,-0.04880906246456155,0.03450063239105963
91.67918705940247,0.6392664415935463,-0.2462539807090629,0.21037977449027223,0.34820211846766924,-0.9355139736496,-0.04878845153053219,0.03447574217169087
91.69922947883606,0.6392887635400993,-0.2462547528016807,0.2103981521404478,0.34821314761465866,-0.9355117675626012,-0.048768673989892986,0.03445218450940721
91.71927785873413,0.6393130277513326,-0.24625554511571252,0.2104173274243372,0.34822529657170476,-0.9355092811672269,-0.0487473394429122,0.03442709071048605
91.74423575401306,0.6393441638540042,-0.2462562447595307,0.2104431864253116,0.3482410319788039,-0.9355060905750423,-0.048719452261553844,0.03439408545860202
91.7692244052887,0.6393760504500524,-0.2462569638110623,0.2104695740584369,0.3482569929795884,-0.9355028645226804,-0.048691109245551215,0.03436034328965579
91.79416394233704,0.6394065136656637,-0.24625748505711986,0.21049470291420608,0.3482722240788663,-0.9354997901955644,-0.04866396564049589,0.03432810695755995
91.81420350074768,0.6394290347823143,-0.24625755920369558,0.2105134009233683,0.3482838012524044,-0.9354973975684363,-0.04864394909079945,0.03430421468034729
91.83420467376709,0.639450362467966,-0.24625807088990775,0.21053094704466768,0.3482942603399304,-0.93549531719216,-0.04862503935842922,0.03428155879017134
91.859201669693,0.6394759624456494,-0.24625914503938545,0.21055241194431198,0.34830666824976836,-0.9354929085640351,-0.04860196322303083,0.03425393480962353
91.88419103622437,0.6395031590704158,-0.24625981218319482,0.2105747669808583,0.3483201777545912,-0.9354902006873833,-0.04857770859886328,0.03422490926392166
91.90423130989075,0.6395303311650579,-0.24626077380243971,0.21059615215819508,0.3483336668793623,-0.935487458520901,-0.048553735262703186,0.03419658258573206
91.929194688797,0.6395707484002888,-0.24626204002527816,0.2106288548611794,0.34835384462098024,-0.9354833693680092,-0.04851765016306232,0.03415409486708642
91.94920635223389,0.6396119821143,-0.24626290409386925,0.2106614763499121,0.34837477386374177,-0.9354790173173836,-0.04848122475711377,0.034111522104508414
91.9692440032959,0.6396596673792581,-0.24626411434744505,0.21069901140506053,0.3483991157041583,-0.9354739305224141,-0.0484390164091895,0.03406234253230172
91.98928761482239,0.6397064513388636,-0.2462650007944473,0.2107371701573016,0.3484229215500948,-0.9354689938355744,-0.0483974360312981,0.03401348991695118
92.01420211791992,0.6397564606613733,-0.2462656390786293,0.21077912856521008,0.34844833851786605,-0.935463735155566,-0.048353004160558266,0.03396089783274433
92.03426480293274,0.63979008869167,-0.24626610277497937,0.21080714861654712,0.34846524156595376,-0.9354602546911581,-0.048323464918645385,0.03392536001158719
92.05430173873901,0.6398216363213178,-0.24626715854547312,0.21083370854466532,0.3484807587374729,-0.9354571351165688,-0.04829562747330963,0.03389161424654586
92.07922840118408,0.6398586708772008,-0.2462676402927249,0.21086473536225814,0.3484989954500349,-0.9354534352330853,-0.04826335584966714,0.03385216629951516
92.10416841506958,0.6398940557656455,-0.24626805308060565,0.2108942540792243,0.3485161733721665,-0.9354499842935691,-0.04823285394520672,0.03381413289620226
92.124187707901,0.6399193344337207,-0.24626863351662118,0.21091538556212086,0.348527498773958,-0.9354478883213121,-0.04821149642729364,0.033785832026930494
92.14921951293945,0.6399540533813828,-0.24625976047689546,0.2109391958060911,0.348498859950428,-0.9354608879820013,-0.0482276265813483,0.03369818546309047
92.16926789283752,0.6399930973054468,-0.2462384056006629,0.21095899976196122,0.34840566819632995,-0.9354975055740186,-0.04830646136827058,0.033531973151341835
92.19430875778198,0.6400430693427199,-0.24621010543590138,0.2109843373259876,0.34829758546528333,-0.9355401459578224,-0.0483990585537339,0.03333104245952578
92.21916079521179,0.6401004254308722,-0.2461792900315631,0.21101432536953973,0.3481832705494051,-0.9355854747149381,-0.048496324573405004,0.033110966685739054
92.24416589736938,0.6401592977245463,-0.24614904238870763,0.21104414278060002,0.34806645758171906,-0.9356317398767254,-0.048594852026802096,0.03288660514829992
92.26916432380676,0.6402201252401887,-0.246118842437404,0.2110776366245996,0.347953721419412,-0.935676639066794,-0.0486884925278289,0.03266290786726194
92.29415464401245,0.6402752175001369,-0.24609003419825848,0.21110739702450093,0.34784864177987396,-0.9357182734217924,-0.04877699651982078,0.03245673746627096
92.31429719924927,0.640310931345802,-0.24606924927624746,0.21112546289313766,0.3477705133415562,-0.9357488039057525,-0.04884447149554546,0.03231197368601063
92.33928418159485,0.6403532387752157,-0.24604444017930954,0.21114640189338243,0.34767155394099536,-0.9357872363632443,-0.04893024824735027,0.032133621745485
92.36420750617981,0.6403952628263611,-0.24601849586251273,0.2111666325456127,0.34756769428796813,-0.935827346110686,-0.049021043352542176,0.031950171634916626
92.38428163528442,0.6404282307991722,-0.24599680861626666,0.21118178097162676,0.3474837385647939,-0.9358596025535285,-0.049095730131870574,0.03180353791785629
92.4092915058136,0.6404744688115648,-0.24596949313773453,0.21120437489399788,0.3473738504296957,-0.9359020519205599,-0.049191164861329274,0.031606748456912276
92.43424010276794,0.6405266714688497,-0.24594261623732008,0.2112322392363998,0.34726805765639457,-0.9359434373335261,-0.04927995781348993,0.031404840418888864
92.45920753479004,0.6405862857816782,-0.24591386634812915,0.2112652010080458,0.34716241414988125,-0.9359851774183179,-0.04936718019296217,0.03119114256682814
92.48420834541321,0.6406528857530734,-0.24588612419078776,0.21130253935015708,0.3470631269873589,-0.9360250720376256,-0.04944560321821489,0.030973903936231815
92.5091905593872,0.6407221680211694,-0.245855983780078,0.21134313467342067,0.34695227712889437,-0.93606924497052,-0.049534100767041796,0.03073855683704567
92.53415155410767,0.6407808175299244,-0.24582584897209547,0.21137519219066186,0.34683966779840336,-0.936113174328519,-0.049628539646519435,0.030518481981980587
92.5541923046112,0.6408249579504035,-0.24580217201580246,0.21139849701969154,0.34674978128629347,-0.93614798787835,-0.049705047183049356,0.030347030393866714
92.5791871547699,0.6408768131221407,-0.2457733598241786,0.21142529332411875,0.34663716262177513,-0.9361913146513355,-0.04980148913469219,0.03013820732636244
92.6041967868805,0.6409308208200307,-0.24574665183730846,0.21145506802412817,0.3465356283270773,-0.9362308229095548,-0.04988604634117048,0.02993805127974359
92.62921524047852,0.6409821009063256,-0.24571976496127748,0.2114826283733986,0.3464338437599306,-0.936270159425094,-0.04997199524028968,0.029741892332490857
92.65419435501099,0.6410330835102873,-0.24568970772503326,0.2115081205270125,0.34631637812336624,-0.9363149029585931,-0.050074067089058615,0.02952891034865341
92.67918634414673,0.6410841800944884,-0.2456572404901199,0.2115323176439325,0.3461863117063338,-0.9363639966299003,-0.05018864116695523,0.029301940212981683
92.70413875579834,0.6411332859930817,-0.24562429717346893,0.21155466894592923,0.34605488273905655,-0.9364133209167721,-0.0503056992271281,0.029076574203611642
92.72414660453796,0.6411740798694514,-0.24559846036639246,0.2115739721907586,0.3459525951865159,-0.9364518311775407,-0.05039580993420249,0.02889692213570744
92.74917960166931,0.6412272208312055,-0.2455682026041952,0.21160068235022503,0.3458344224496085,-0.9364966995481177,-0.05049720337165343,0.02867954734335783
92.76921534538269,0.6412735168744359,-0.24554466906671385,0.21162584086144695,0.3457444971930337,-0.936531205190288,-0.050572100522284995,0.028504508663885382
92.79415488243103,0.6413378576031181,-0.24551177846647823,0.21165996554840222,0.3456157820872207,-0.9365804054705699,-0.05067932976359723,0.028257402491928752
92.81418657302856,0.6413925457324404,-0.24548176713161182,0.2116883367543666,0.3454980212845482,-0.9366250489359039,-0.05077916017965579,0.02803768688636424
92.83913135528564,0.6414585267142808,-0.24544493468127798,0.2117222741978414,0.3453567740810044,-0.9366784704064016,-0.05089968460749615,0.027773436595493292
92.85920429229736,0.6415045373313722,-0.24541664342925565,0.21174466117596175,0.3452451388667199,-0.9367202335861466,-0.05099646384840059,0.027574603430371793
92.87925457954407,0.641548448233303,-0.24539043263811983,0.2117662844571258,0.3451421826963116,-0.9367588123314017,-0.05108493972403177,0.02738850445795721
92.9041805267334,0.6415980831435945,-0.24536001618399647,0.21179035328304247,0.34502530523485697,-0.936802455360281,-0.05118647349151643,0.027177993117861912
92.92917990684509,0.6416521498879475,-0.24532749341063342,0.2118168111930386,0.3448949112054393,-0.9368510388952348,-0.05129896462328659,0.026945266265435024
92.95416355133057,0.6417167008344523,-0.24529057794631257,0.21184928014949275,0.3447457604122268,-0.9369066604110079,-0.05142681298359895,0.02667495570154686
92.97416925430298,0.6417719907315539,-0.2452603477828073,0.21187801538755796,0.3446279483385295,-0.9369507720203749,-0.05152659470803473,0.026454452786616733
92.99417042732239,0.6418329240545826,-0.24523142055680572,0.21191198387627896,0.3445176762998775,-0.9369926049435975,-0.05161652576943246,0.026232866129386908
93.01426148414612,0.6418943352068375,-0.2452051146940176,0.21194736008415377,0.3444213188164839,-0.9370296004153881,-0.05169253429247444,0.026026236534914843
93.03914713859558,0.6419687646821464,-0.24517455152801604,0.21199203287153712,0.34431299488365985,-0.937071483347131,-0.05177592668068659,0.02578468669939865
93.05915474891663,0.6420266745349994,-0.24514847498486217,0.2120258304026505,0.3442170644469087,-0.9371079873856591,-0.05185268592644681,0.025583812918514397
93.07927322387695,0.642085378525929,-0.2451194388974694,0.21205819603259174,0.34410519501301634,-0.93714992032347,-0.051945134401420276,0.02536423889378631
93.1041853427887,0.6421601914286306,-0.24508151564103992,0.21209907352186083,0.34395706183219243,-0.9372051530713922,-0.05206842368330636,0.025078276001556224
93.124196767807,0.6422149631154259,-0.245053516435639,0.2121289155839215,0.34384844628874817,-0.9372455619639295,-0.052158904459244496,0.024868680087955192
93.1442928314209,0.6422666121314634,-0.24502813709319884,0.2121577730758492,0.34375217038250977,-0.9372814843176132,-0.05223852964807724,0.02467793615460109
93.16922330856323,0.6423280432804201,-0.24499782275431,0.2121921825706427,0.34363862738569995,-0.9373237866921937,-0.05233269915326429,0.02445201972763073
93.1892478466034,0.6423787143995033,-0.2449721097597586,0.21222034907142706,0.34354333952321126,-0.9373591422993967,-0.05241244983614774,0.024264115872042902
93.21423149108887,0.6424437388919183,-0.24493736238857716,0.21225504568397235,0.3434070361721915,-0.9374091984480835,-0.05252844571907246,0.02400759386067235
93.23919105529785,0.6425136812791588,-0.24490064228251066,0.2122927004512919,0.3432613941100999,-0.9374626183257767,-0.05265163236677362,0.02373310271098114
93.2641990184784,0.6425811688086054,-0.24486562039608467,0.21232983576029502,0.34312948450289127,-0.9375110914514779,-0.05276294839874443,0.02347725594031808
93.2892861366272,0.6426389663046134,-0.24483595958955923,0.21236154199486507,0.3430173721005145,-0.9375522358033274,-0.05285732863220517,0.023259200055047786
93.30938005447388,0.6426787245024563,-0.24481231861016858,0.21238171279052526,0.3429223378891059,-0.9375865471856205,-0.05293973245168864,0.023089422714104416
93.33420133590698,0.642726429041942,-0.244780059498234,0.21240365859905525,0.3427955343609067,-0.9376318402221385,-0.053053170314198685,0.02287170617835279
93.35423350334167,0.6427643915580297,-0.24475320018801033,0.21242043741706285,0.3426884545125196,-0.9376699051215358,-0.05314942394204011,0.02269164841497592
93.37922215461731,0.6428102496705843,-0.24471896847697758,0.2124395292242831,0.34254428847164775,-0.9377208027910061,-0.053279864678716274,0.02245801568084016
93.39923048019409,0.6428449730216934,-0.24469251241709583,0.21245362991927813,0.3424323886373622,-0.9377601881738061,-0.05338133487797183,0.022278280338721784
93.42418718338013,0.6428897400145601,-0.24466343093649742,0.2124748042782198,0.3423156652733612,-0.9378016677654674,-0.05348492538134293,0.02207668456404651
93.44420194625854,0.6429263403318226,-0.24464169600202254,0.212493443961917,0.34223140927794915,-0.9378317980440389,-0.053558529809887116,0.021924072737946398
93.46921634674072,0.6429767005842233,-0.24461352731577118,0.2125199539760914,0.3421225967527195,-0.9378708446939357,-0.05365219953970895,0.021722084354624933
93.48927736282349,0.6430226509260073,-0.24459135452610292,0.21254584091754752,0.34203711209598514,-0.9379018485899178,-0.05372337535670974,0.021553081003280104
93.51419687271118,0.6430875008913726,-0.2445641262806439,0.2125847176858859,0.3419360495403022,-0.9379390459233479,-0.05380386227246192,0.02133608590084894
93.53425908088684,0.6431431871685173,-0.24454058419874342,0.21261763401556458,0.3418504748166522,-0.9379705009835918,-0.05387224780509207,0.02115119543338857
93.5592029094696,0.6432089691257245,-0.24450978364993908,0.2126555312514625,0.341732755473136,-0.9380131358272156,-0.05396915084265979,0.020914387626157546
93.58415293693542,0.6432727672672064,-0.2444814265626204,0.21269330627728417,0.34162940712068113,-0.9380507838219219,-0.05405311275578875,0.020696283784972593
93.60917520523071,0.6433378615510369,-0.24445460589774795,0.21273328264337654,0.3415357418985065,-0.9380852372023571,-0.05412687068397445,0.020486742504137987
93.63413691520691,0.6434049900679046,-0.24442717025447333,0.21277452722966278,0.3414375627247568,-0.9381212496257393,-0.05420404949476634,0.02026901032447396
93.65414214134216,0.643458585658249,-0.24440470607869252,0.21280698362319214,0.34135443903268886,-0.9381515295939257,-0.0542701573300302,0.02008991031087367
93.6743152141571,0.6435095546292501,-0.24438220907368863,0.2128373731425071,0.341269723947708,-0.938182140987142,-0.054338721779006,0.019913542244830898
93.69917798042297,0.6435733916165685,-0.24435433172859655,0.21287549208769552,0.34116617224289625,-0.9382195607541317,-0.054422400284551045,0.019695204554351475
93.71929430961609,0.6436251107068202,-0.24433293862879682,0.21290706144280547,0.34108830825808467,-0.9382478451771346,-0.054484112873201776,0.019525071947246727
93.74419951438904,0.6436924908116353,-0.24430862146486496,0.21295022581251416,0.34100453249862295,-0.938278859615656,-0.05454655946428624,0.019322610183514707
93.76921105384827,0.6437575157984091,-0.2442855583204693,0.21299244336523565,0.3409281616505919,-0.9383072435169258,-0.05460284025373566,0.019132046238427604
93.78927731513977,0.6438044670000845,-0.24426674049248506,0.2130217560660476,0.340863410056297,-0.938330851397998,-0.054653127084302665,0.0189838009660767
93.81417727470398,0.64385456530487,-0.24424294227568538,0.21305077001490716,0.3407717745710918,-0.9383633870407335,-0.05472903147068202,0.01880118696638348
93.83419370651245,0.6438901039266464,-0.2442231257613364,0.21306961159438642,0.3406917282917594,-0.9383913377805179,-0.05479806779077393,0.01865516600697748
93.85419631004333,0.6439252168746304,-0.2442024340518818,0.21308756785247152,0.3406078210273926,-0.9384204841886639,-0.05487126746463481,0.018505434796023672
93.87420701980591,0.6439628313288325,-0.24418098749539888,0.21310733309228588,0.3405249977385004,-0.9384493290489815,-0.054943222159465496,0.018352794377205
93.89421272277832,0.6440045498533872,-0.2441591571835279,0.21313027825354597,0.3404418347874756,-0.9384784601134563,-0.05501405990663947,0.018193137225439533
93.9191722869873,0.6440640905549279,-0.24413245757534466,0.2131655454174718,0.34034027824840957,-0.9385144677581919,-0.05509677158826725,0.0179842867800583
93.9392774105072,0.6441216629525517,-0.24411064491616383,0.21320141570242748,0.3402613116173138,-0.9385429667745049,-0.055157766453192425,0.0178033742614013
93.96427512168884,0.6442024120164067,-0.24408303238789514,0.21325374110806072,0.34016445843305154,-0.938578403299185,-0.055228568202402906,0.017564946166949705
93.98919773101807,0.6442799448700522,-0.24405501112967887,0.21330380686215508,0.3400679718205421,-0.9386134479697126,-0.05530078093823311,0.017331862580600058
94.00930905342102,0.6443401252121547,-0.24403264700959887,0.21334238037592312,0.33999150744452833,-0.9386410916961555,-0.0553586842739183,0.017149108453885547
94.03420066833496,0.6444135673548529,-0.2440057825886894,0.21338962323697347,0.3398987400853172,-0.9386745950521318,-0.05542869511984481,0.016926631361165217
94.05429673194885,0.6444679053654742,-0.24398583171031551,0.21342477459148468,0.3398314884821519,-0.9386988960115296,-0.05547906462958307,0.016763515473637965
94.0792064666748,0.6445302691693543,-0.243960963229202,0.21346380114393365,0.3397437550273734,-0.9387301228230126,-0.05554765446796787,0.016564887800816247
94.10424017906189,0.6445861514766744,-0.24393472272135322,0.2134964589746422,0.339641213849972,-0.9387657705479044,-0.0556327214557814,0.01636075196728975
94.12918949127197,0.6446438834519287,-0.24390448703136583,0.21352836791821755,0.33952282365428854,-0.9388065039279537,-0.055733495200980074,0.01613622983293097
94.14924168586731,0.6446908838007621,-0.2438800146157743,0.2135545249930426,0.3394283657463342,-0.9388389728156513,-0.05581389781617197,0.015955452327024756
94.17417812347412,0.6447515947857771,-0.24384956152194734,0.2135890068330169,0.33931229199926843,-0.9388789333358317,-0.05591180886023241,0.01572853031941523
94.19918489456177,0.6448061900796693,-0.24381954757126548,0.2136187564480402,0.3391966608778697,-0.9389183850536035,-0.05601130660737502,0.015512091715610323
94.2241804599762,0.6448538748204397,-0.24379118949926856,0.2136434921062442,0.3390866571963937,-0.9389556191805648,-0.05610787824589829,0.015313070211391933
94.2491569519043,0.6448947230828453,-0.24376281504038838,0.2136623043817876,0.33896778232717806,-0.9389953639255985,-0.05621443680614175,0.015115758835705326
94.26917862892151,0.6449261246887414,-0.24373570552235294,0.21367376019853787,0.3388533040432096,-0.9390331675030643,-0.056320315501040594,0.01493889990552985
94.28919553756714,0.6449544456783729,-0.24370679158462574,0.2136814145787012,0.3387290706887459,-0.9390738406192654,-0.05643742938443913,0.01475652733612689
94.30923819541931,0.6449831145396194,-0.2436793201092746,0.21369048733546472,0.33860979322223295,-0.9391129350906482,-0.05654868097584484,0.014579086382062555
94.33416795730591,0.6450180110863478,-0.24364570032428798,0.21370125840264717,0.3384690908231128,-0.9391589499163517,-0.05668076799987393,0.014367737744183427
94.35427784919739,0.6450425690938791,-0.2436207329880039,0.2137081205657655,0.33836410677874074,-0.9391931633502574,-0.05677970600045012,0.014212605213772808
94.3792405128479,0.6450723945249506,-0.24359370676370704,0.21371830615759407,0.33824534438828974,-0.9392319653160514,-0.05688983752577694,0.014033841735387178
94.39924955368042,0.6450964962401947,-0.2435690896478721,0.2137249712494031,0.33814043403758753,-0.9392660440287058,-0.05698862762032771,0.013879543389004123
94.4241738319397,0.6451304470970143,-0.24353370714365868,0.21373395990187927,0.3379864286986906,-0.9393159466040998,-0.0571336241625934,0.013655601801184167
94.4442880153656,0.6451593242870537,-0.24350392242036742,0.21374173212508926,0.3378554686323273,-0.9393583090742322,-0.05725676264517693,0.013465237460663639
94.46920943260193,0.6451964884150646,-0.24346803429902908,0.2137533072211099,0.33770292794702356,-0.9394076719852843,-0.057399741874460855,0.013237367740275788
94.4892246723175,0.645226979238855,-0.24344197307414756,0.2137646974755047,0.3375949780767798,-0.9394427126163517,-0.0574996478106004,0.013069467910649037
94.51413464546204,0.645265808508946,-0.24341265566654507,0.21378127027031896,0.33747425002313003,-0.9394820497052995,-0.05760965650896093,0.012873862284594573
94.53415393829346,0.6453003136752234,-0.24338871763570938,0.21379722530221146,0.3373753390028269,-0.939514353556302,-0.05769870312446536,0.012709042159386256
94.55425333976746,0.645339981758883,-0.2433613539924044,0.2138155457166504,0.337261641633964,-0.9395514474589266,-0.05780064174142389,0.012519923121746115
94.57925176620483,0.6453978648741271,-0.24332397332137295,0.2138436475390909,0.3371077128657939,-0.9396017153498659,-0.0579376701614552,0.012256949637690936
94.60412693023682,0.6454661471347878,-0.24328856604047663,0.2138813573954129,0.33696946098995456,-0.9396474191558792,-0.05805560314688416,0.01199403926988344
94.6241295337677,0.6455255097202894,-0.24326337767685036,0.21391770127397647,0.3368778083869079,-0.9396782291071709,-0.05812929849349769,0.011796296697579351
94.64413285255432,0.6455827564046471,-0.24324005902019044,0.21395358928684166,0.3367949745416533,-0.9397061585800541,-0.058194962101157315,0.01161150447966053
94.66413640975952,0.6456394159307736,-0.24321636780694675,0.2139888109638568,0.3367100524044474,-0.9397346673037558,-0.05826285522630359,0.01142520802581437
94.68919944763184,0.645710529403713,-0.24318420263052526,0.21403158063443803,0.3365902201722456,-0.9397744681612348,-0.05836126913671176,0.011177430046267488
94.71417760848999,0.645784506558753,-0.24314894132824513,0.21407494725154802,0.33645304740707777,-0.9398196612091917,-0.05847575053252857,0.010905865179205573
94.7341878414154,0.6458412989476229,-0.24311922741748396,0.21410694955142817,0.33633665382938616,-0.9398576558842067,-0.05857527955444594,0.01068543826543066
94.75916624069214,0.6459061445552065,-0.24308562395432987,0.21414372333947979,0.3362091483543938,-0.9398992678426997,-0.058683855153211124,0.010439349394600722
94.7841284275055,0.6459640020914651,-0.24305574859482157,0.21417656321741277,0.3360944914675691,-0.9399365927748479,-0.05878149902688712,0.01021908713991589
94.80413818359375,0.6460108157515578,-0.24303128032167726,0.21420288150850436,0.335998828008832,-0.9399676293738662,-0.05886331815151422,0.010037583551880037
94.8241515159607,0.646058919478106,-0.24300555001192814,0.21422960169695937,0.33589733421797696,-0.940000454811896,-0.05895039107772217,0.009847700748873965
94.84416151046753,0.6461095465416846,-0.24297857663649092,0.2142578304984395,0.3357913171778015,-0.9400346828242665,-0.05904139588827676,0.009648832486558175
94.86915564537048,0.6461685419891783,-0.2429437813990218,0.21428880675085837,0.3356507127158998,-0.9400796876437312,-0.05916460807384319,0.00939835535258722
94.88916063308716,0.6462127644691292,-0.2429176727220271,0.21431214765448459,0.33554624899232205,-0.9401130560768333,-0.059256232783582205,0.009211702197084821
94.90920209884644,0.6462519705799495,-0.242894580820939,0.21433279120482515,0.33545527671779113,-0.9401420839032707,-0.0593359383976583,0.009047972631516524
94.93412971496582,0.6462953582277011,-0.24286671225143325,0.21435469478795846,0.33534474811020326,-0.9401771274001428,-0.05943433710662567,0.008855992433817904
94.95416188240051,0.6463281779564495,-0.24284343220751775,0.21436978634897574,0.3352501569079688,-0.9402069102204188,-0.05951997157864301,0.008698922393049415
94.97416973114014,0.6463605354765039,-0.2428199065659435,0.2143843794898901,0.3351511662559382,-0.9402379972576443,-0.05960963821091377,0.008537874698973715
94.9941816329956,0.6463925195161584,-0.24279659349902843,0.2143986644109211,0.335051790191909,-0.9402691464801218,-0.0596996908707694,0.00837717005357854
95.01419401168823,0.6464254035480317,-0.2427717329192461,0.21441284744907144,0.33494534340064175,-0.9403024259624697,-0.059796346897537773,0.008207409035842243
95.03419804573059,0.6464584462136648,-0.2427458396041784,0.2144266202451669,0.3348353817143273,-0.9403366776191375,-0.05989711210691878,0.008033419944978283
95.05915784835815,0.6465012030149035,-0.2427159035826828,0.21444645393577044,0.33471240188331813,-0.9403751126943777,-0.06000800615005363,0.007829089977564988
95.07918930053711,0.6465393527530391,-0.24269349147859062,0.21446671049581573,0.33462306456998325,-0.9404032178013617,-0.06008641118148328,0.007669145825903954
95.10422468185425,0.6465938729550332,-0.24266515538543715,0.21449762084073187,0.33451430764265017,-0.9404376453618144,-0.06017930597653619,0.007460851258445033
95.12921595573425,0.6466587290091278,-0.24263680164315005,0.2145373011402466,0.33440682200826033,-0.9404719885589577,-0.06026725129427884,0.007237026506932867
95.14929103851318,0.646719101564423,-0.24261478214984164,0.2145764696294671,0.33432568875968605,-0.9404982751553151,-0.06032941331668909,0.007049124389580319
95.16932559013367,0.6467821779746723,-0.24259297379759004,0.21461832977133025,0.3342475755899783,-0.9405236917848928,-0.060387789568794335,0.006859903009610591
95.19418549537659,0.6468552398815204,-0.24256469737835085,0.21466566365495593,0.3341516549452533,-0.9405545942340297,-0.06046247389744777,0.006634456604146004
95.21425032615662,0.6469084363014667,-0.24254438488005753,0.21470011344494683,0.33408255568370315,-0.9405768285880892,-0.06051610246732049,0.00647123252752165
95.23911476135254,0.6469716092685323,-0.2425212791935077,0.2147416402843697,0.33400288625762725,-0.9406025074241509,-0.060576869501639284,0.006279958756041124
95.25917172431946,0.6470184000485887,-0.24250267320282004,0.21477167633766792,0.3339368064177489,-0.9406235975361891,-0.06062896951796389,0.006130671393431659
95.27920341491699,0.6470614605361619,-0.24248353897769373,0.2147980124099397,0.3338645898205441,-0.940646376714105,-0.06068821258253284,0.0059808436953591995
95.29925394058228,0.6471002319939588,-0.2424636240723616,0.21482018073568832,0.33378530453666383,-0.9406710925650899,-0.06075581676114828,0.005830678794821524
95.31926369667053,0.6471362818897233,-0.24244268384824877,0.21483957443183901,0.3337003123799999,-0.9406973676986307,-0.06083021222545976,0.005678838045079232
95.34420347213745,0.6471785803351051,-0.24241543872240187,0.21486071371723262,0.33358858295202715,-0.9407316849386829,-0.060929790962981276,0.005487699714160365
95.36922812461853,0.6472199118467455,-0.24238794649599046,0.21488093282085458,0.33347684250018567,-0.9407658948702735,-0.06102996120111629,0.00529815088209274
95.3941810131073,0.6472598882288734,-0.24236076017743233,0.2149002594261851,0.3333669369645376,-0.9407994576467118,-0.06112875620895168,0.0051128269697321505
95.41922307014465,0.6473021525532836,-0.2423334918197319,0.2149213460071907,0.33325412755169115,-0.940833897913547,-0.061229498128547534,0.004920525119703774
95.44417762756348,0.6473471541154413,-0.24230617296315965,0.21494465304250135,0.3331388221395872,-0.9408691421757982,-0.061331012240318034,0.004721167358316165
95.46422505378723,0.6473824218044582,-0.24228351222489874,0.2149624495116893,0.3330469955666504,-0.9408970956384826,-0.061412788838021086,0.004563280870815697
95.48919773101807,0.6474262594569428,-0.24225528392416276,0.21498449969012123,0.33293350560421686,-0.9409315612222866,-0.061514232605297384,0.0043677370447315015
95.51417303085327,0.6474690987099687,-0.24222909188139982,0.21500683520050312,0.33282819043036793,-0.9409635828081956,-0.06160711709393875,0.0041826562613306315
95.53917217254639,0.6475078286349777,-0.2422039894049093,0.2150264466466187,0.3327282341966879,-0.9409938279557332,-0.061696487303812705,0.004010157111356425
95.56412243843079,0.6475410970607343,-0.2421786239704472,0.2150409951627048,0.3326225517563838,-0.9410255604159289,-0.06179305733816717,0.0038406724693480073
95.58912801742554,0.647575146837283,-0.2421496278170593,0.2150540809808386,0.33249486297924813,-0.9410637235882218,-0.06191072948265197,0.003646342376283141
95.60912823677063,0.6476033803499011,-0.24212514071591648,0.21506466104119623,0.3323878687404359,-0.9410956147003843,-0.062009770385873283,0.003483831382625242
95.62913227081299,0.6476324172660479,-0.2420999001600704,0.21507568969145502,0.33227982876672224,-0.9411277670467223,-0.06210979912579669,0.0033187862696858867
95.64922714233398,0.647661784653774,-0.24207490204617543,0.2150871030219349,0.33217419904372886,-0.9411591622757352,-0.062207486526313416,0.003156166033976916
95.67412304878235,0.6476978548061815,-0.2420439796447883,0.21510111553989725,0.33204511779944823,-0.9411974335915645,-0.06232726986721978,0.0029567176184466604
95.69415998458862,0.6477261875616688,-0.2420216963420959,0.2151131458226326,0.33195031418018134,-0.941225583334175,-0.06241400975542454,0.0028074138136340927
95.71417737007141,0.647757088218939,-0.24199857851181422,0.21512678531788004,0.33185128011045195,-0.9412549809124576,-0.06250416482937975,0.002649182163594665
95.73418021202087,0.6477939970197708,-0.24197225530808364,0.21514391586629525,0.33173810120924224,-0.9412885801580745,-0.06260639987854955,0.0024657178285496183
95.75424909591675,0.6478364927260379,-0.24194367242050166,0.21516455923095668,0.3316184297165922,-0.9413240926908678,-0.06271390878029011,0.0022661067830625206
95.77918863296509,0.6478971718220063,-0.24190875392424818,0.21519745061569023,0.3314783553267318,-0.9413658403672382,-0.06283627608842018,0.0020141906078247618
95.80421423912048,0.6479699951054463,-0.2418764316264969,0.21524195651998812,0.33135551936024193,-0.9414028299745959,-0.06293752653028656,0.0017604790101335172
95.8292007446289,0.6480503929105196,-0.24184722293068228,0.21529502720650007,0.3312542354637753,-0.9414336987576793,-0.0630152344910943,0.0015174332076843737
95.854168176651,0.6481257159906157,-0.24181936302150245,0.21534491921660298,0.33116013880813777,-0.9414623063665154,-0.06308742879469989,0.0012901537174609772
95.8741762638092,0.6481850903511622,-0.24179436328783804,0.21538232551787428,0.3310663925134126,-0.9414904358834884,-0.06316339314981348,0.0010902414674990788
95.89915657043457,0.6482594039575249,-0.24175885052369378,0.21542677156336248,0.33092612696663176,-0.9415321062294378,-0.0632813294925811,0.000815289488776003
95.91919898986816,0.6483174839854162,-0.24172925840809165,0.21546068502712007,0.33081161816328647,-0.9415659413056097,-0.06337899828395724,0.0005949573467431183
95.93923616409302,0.6483699251699471,-0.24170054904551855,0.21549022866862508,0.3306998152221691,-0.9415987959885724,-0.06347590385928406,0.0003870355965836083
95.96418237686157,0.6484250464540129,-0.24166844816445193,0.21552025918593615,0.33057276703060856,-0.9416359486365449,-0.06358744772498615,0.00015829115660123778
95.9892098903656,0.6484729772656114,-0.24163829685198968,0.21554522216498573,-0.33045161251339095,0.941671167428868,0.06369519753951948,5.215992133638298e-05
96.01417469978333,0.6485224807861831,-0.24160569449959313,0.21556977857539023,-0.3303142084555491,0.9417110443473349,0.06381811726182408,0.0002824393417045001
96.03419852256775,0.648564563822054,-0.24157676895357677,0.215590114634021,-0.33019084512016245,0.9417466954813934,0.06392911795157508,0.00048532336798748994
96.05918622016907,0.6486219648529151,-0.2415403219469848,0.21561940737662555,-0.3300395321542732,0.9417904115255059,0.06406383378306814,0.000743806079822268
96.07919502258301,0.6486692747895109,-0.24151415225246017,0.21564576821589898,-0.32993555303324035,0.9418205132883996,0.06415433035459032,0.0009346062220371768
96.10414481163025,0.6487255926133642,-0.24148444002559558,0.21567827090714,-0.32981918097825885,0.9418542143176964,0.06425430553570342,0.0011537241632593193
96.12420582771301,0.6487693794928108,-0.2414608392508505,0.2157032628622276,-0.3297278618082462,0.941880561119763,0.06433342917337471,0.001325017968498271
96.14913702011108,0.6488216644122485,-0.24142927153734425,0.21573109261921775,-0.3295997474750576,0.9419173199938679,0.06444661225362834,0.0015501464963340486
96.16914057731628,0.6488630373145372,-0.24140106936064026,0.21575141114574484,-0.3294804463766355,0.941951376427742,0.06455375243108846,0.001747282427805742
96.18926215171814,0.6489032070426666,-0.24137103574530683,0.21576952750612227,-0.32935222966408856,0.9419878102248751,0.06467042528678398,0.0019519922349318201
96.2141227722168,0.6489515618973603,-0.2413364162775946,0.215792219628063,-0.3292058381562196,0.9420293301261862,0.0648032508453554,0.002189979247649317
96.2341365814209,0.6489869070666107,-0.24131254243904254,0.21580971575395336,-0.32910717081213703,0.9420573032636772,0.06489192454089396,0.002354912973206057
96.25911903381348,0.6490332254583179,-0.24128300937271155,0.2158335826616714,-0.32898673784740534,0.942091426097817,0.06499930726564833,0.002561492091900497
96.27912855148315,0.6490758810867069,-0.24125877367494022,0.215857016579229,-0.3288866323686091,0.9421198409806845,0.06508671329445839,0.002740079289722183
96.29920172691345,0.6491229675394692,-0.24123325741903526,0.21588372145509854,-0.3287844640683498,0.942148811496867,0.06517528121534406,0.002928464882915322
96.32423973083496,0.6491900158287277,-0.2411998301883991,0.21592337895093866,-0.32865337224687013,0.9421860011780309,0.06528690604805357,0.0031811944017399356
96.34916353225708,0.6492644076501346,-0.24116758630351173,0.21596991693514292,-0.3285277946614573,0.9422217212836429,0.06539022032595392,0.003440227984151774
96.36918640136719,0.649324499345865,-0.24114505045592757,0.2160097653212964,-0.32844854520973155,0.942244361578734,0.06545203811442916,0.0036258703948700483
96.38921618461609,0.6493764641231626,-0.24112385543265968,0.21604366070498016,-0.3283769643321222,0.9422646727615116,0.06550948047784769,0.003789951250682889
96.4142096042633,0.6494366208509696,-0.24109739629922053,0.21608136658062507,-0.32827928802378886,0.9422922654298417,0.06558987957141096,0.003995405046860391
96.4392740726471,0.64949152285408,-0.24107001432739306,0.21611404251157318,-0.328171069586221,0.9423226339047575,0.06568207282881292,0.004203334452778647
96.45929169654846,0.6495329698052628,-0.24104867670127506,0.2161383409396632,-0.3280870524911844,0.942346132998516,0.06575422244067225,0.004362778905306025
96.4841799736023,0.649580426059911,-0.24102093508122083,0.21616425616718976,-0.3279717674759343,0.9423782319880223,0.0658554609908622,0.004565727220263672
96.50420713424683,0.6496167316334662,-0.24099640530959635,0.2161821884885026,-0.3278667259199799,0.9424073283822162,0.0659498261258571,0.004738974130964701
96.52925968170166,0.6496602118355885,-0.24096567123402218,0.2162030480858656,-0.3277383276453672,0.9424427591821927,0.06606617803504317,0.004949178867895862
96.55415415763855,0.6496990315089823,-0.24093737463370085,0.21622138543529204,-0.32762120293896596,0.9424749924146152,0.0661726556624404,0.00513962082872685
96.57417750358582,0.6497284244678325,-0.24091435404812664,0.21623432498686918,-0.3275240402011329,0.9425016349182672,0.0662620284970563,0.005292905440002167
96.59915399551392,0.6497651472778666,-0.2408851059269886,0.21624995182408685,-0.32739707281734204,0.9425364359535509,0.06637832502956927,0.0054901340783662855
96.62412691116333,0.6498037345554929,-0.24085673683023215,0.21626774936758267,-0.3272726910763847,0.9425704968911709,0.06649131376164763,0.005687640637996764
96.6491367816925,0.6498433737277525,-0.24082871392515806,0.21628668942304996,-0.3271520148393432,0.9426034990945986,0.06660024849956733,0.005882990780394326
96.66914772987366,0.6498754728349634,-0.2408064289666731,0.21630235657136615,-0.32706079978207636,0.9426283567343243,0.06668282487627514,0.006034500163557113
96.69413113594055,0.6499141372659237,-0.24078140802257422,0.21632244110846505,-0.32695876772655813,0.9426561522641187,0.0667742460226173,0.006208290755322767
96.71416902542114,0.6499474846059126,-0.24076284043202217,0.21634115061146275,-0.32688394305337015,0.9426765694795447,0.06683953716597107,0.00634424130698546
96.73916912078857,0.6499925451285549,-0.24073906449844348,0.2163672658475475,-0.32678779450309087,0.9427027979791615,0.06692255532093636,0.006522548512108779
96.76418352127075,0.650039571512717,-0.24071401135010845,0.2163945182744123,-0.3266878611806143,0.9427299843135416,0.06700907003036354,0.0067083953600280515
96.78419733047485,0.650077742960761,-0.24069321919090625,0.2164162505798803,-0.32660353026737016,0.9427528849616366,0.06708233114826301,0.006862416544397111
96.80918765068054,0.6501254855228349,-0.2406671746645832,0.21644343305722544,-0.3264965577594897,0.9427818944731693,0.06717514517484766,0.007056705841407903
96.83418989181519,0.650170308794653,-0.2406395684106123,0.21646756050948668,-0.326386204465396,0.9428116422511971,0.06727326530745789,0.00724986514048841
96.85916590690613,0.650213353089623,-0.2406118595859758,0.21648987828915314,-0.3262731969166236,0.9428420343317828,0.06737435555569045,0.0074428143546104684
96.87922716140747,0.6502476917936977,-0.24058964944276862,0.2165076320956923,-0.3261797004992537,0.9428671567163616,0.06745787059798497,0.007600227811480966
96.90410661697388,0.6502902411594982,-0.24056177070419285,0.21652930707744394,-0.3260604747698307,0.9428991337761903,0.06756454223293962,0.007798906951628556
96.92411923408508,0.6503249035186401,-0.24054008563256038,0.21654752357557525,-0.3259696260310707,0.9429234489289959,0.06764545136697292,0.007953947084708502
96.94412064552307,0.6503632108818307,-0.24051847154629627,0.21656891269269823,-0.3258811649422627,0.9429471249859023,0.0677227631921589,0.008112531172186712
96.9691514968872,0.6504170628845275,-0.24049194963851625,0.21660133070688503,-0.32577693512217337,0.9429749929660902,0.06781167199458657,0.008314344599774313
96.99415445327759,0.6504775597698718,-0.24046710159236265,0.21664063384356846,-0.3256870051517924,0.9429990549060748,0.0678844957742428,0.008511894964301174
97.01915574073792,0.6505476511340217,-0.24044385795039422,0.21668891988381223,-0.32560683903393295,0.9430205654716652,0.06794442700779998,0.008715177069224504
97.04411935806274,0.6506220812360425,-0.24041930316406737,0.21674057634823446,-0.3255230532544161,0.9430430039341999,0.06800653927171561,0.008930013949193004
97.06912803649902,0.6506886212991025,-0.24039011524803713,0.21678309173152766,-0.3254142478096699,0.9430718757619968,0.06809649884767768,0.009158128270814306
97.08915638923645,0.650736411710144,-0.24036597024477804,0.21681164467451475,-0.32531931917725254,0.9430969669469887,0.06817787225211108,0.009339659587334988
97.10918641090393,0.6507820932277651,-0.24034191761205745,0.21683826948399162,-0.3252226330535988,0.9431224733183708,0.06826138065164992,0.009519620993929934
97.129225730896,0.6508282095711316,-0.2403177218214505,0.2168655269151466,-0.325128425215219,0.9431472305167362,0.06834298853676642,0.009697659733453372
97.15420269966125,0.6508792678721673,-0.24028919445838845,0.2168947257839356,-0.3250144395285766,0.9431771417099096,0.06844253744925957,0.009905176520635422
97.17920351028442,0.6509280391874855,-0.24026251410281302,0.21692268493812,-0.3249062814458164,0.9432054756971822,0.0685367275442542,0.010102270533738173
97.20422005653381,0.6509769941806146,-0.2402321084513967,0.21694881756372733,-0.3247782603668041,0.9432389244887883,0.06865049186156813,0.010320992756462142
97.22917008399963,0.6510258749789323,-0.24019689969790853,0.216972299148938,-0.32462778239124335,0.9432780889603598,0.06878710508680942,0.010563330925321798
97.24927067756653,0.6510643725103787,-0.24016980446060132,0.21699093222307203,-0.3245122748383576,0.943308083165741,0.06889164166597127,0.010751066108050853
97.27418303489685,0.6511127781230454,-0.2401381781568586,0.21701605091431908,-0.32438042936112343,0.9433422360581591,0.06900984913558005,0.010972850112333907
97.29917049407959,0.651161177049833,-0.24010893646245046,0.2170424227650118,-0.3242618120026755,0.9433728757545192,0.06911505091248385,0.011180532362379604
97.32414388656616,0.6512121555797135,-0.24008295200349059,0.2170727794328056,-0.32415603800011067,0.943400187711007,0.06920600474602845,0.01137882955699941
97.34414458274841,0.6512564154222047,-0.24006002545531827,0.21709890629086076,-0.3240625402483759,0.9434242823010284,0.06928654527966595,0.011552844477582484
97.36417078971863,0.6513035243306937,-0.24003328413377015,0.21712561641884878,-0.32395332685065553,0.9434523410188509,0.06938226767368137,0.011748326747023806
97.38418364524841,0.651352065054293,-0.24000388506539586,0.2171520031594367,-0.3238325644161131,0.9434832662783106,0.06948949249601413,0.011958549630840224
97.40918231010437,0.6514052603711298,-0.23996864203980744,0.21717946277898598,-0.3236849993913891,0.943520979095344,0.06962197567445133,0.012205067777824699
97.42923307418823,0.6514421041036109,-0.23994211105128962,0.21719746771858567,-0.32357554514954123,0.9435488399806649,0.0697215992832726,0.012383527199003446
97.4541449546814,0.6514829518956894,-0.23991242056842346,0.21721695290532064,-0.323450202891677,0.9435806964329998,0.06983580370102674,0.012585550849337363
97.47417259216309,0.651515471392276,-0.2398893985722161,0.2172327586193727,-0.3233490337447809,0.9436064295639912,0.06992715833119587,0.01274758761673815
97.49421262741089,0.6515484144939089,-0.23986397691934183,0.21724775028462223,-0.323237961130656,0.9436346116391632,0.07002848436561827,0.012920974359240028
97.51914072036743,0.6515904433394681,-0.23982826805569954,0.21726489804951904,-0.3230793784894079,0.9436747358595552,0.07017495456769073,0.013159933380327763
97.53918528556824,0.6516262670147113,-0.23979911641418855,0.21728014637393106,-0.322948422678079,0.9437078197791426,0.07029509680076905,0.013359137058969475
97.5641393661499,0.6516721657972127,-0.23976573085622213,0.2173021513993979,-0.3228076617814654,0.9437431811687457,0.07042332122766168,0.013585923598538706
97.58413982391357,0.6517094582975194,-0.23974197371607628,0.21732201080968014,-0.3227103408895317,0.9437675427867457,0.07051058716822961,0.013752023954737161
97.60914015769958,0.6517596403191254,-0.2397128919600271,0.21735016690090664,-0.32259027510718596,0.9437975849038197,0.07061615612318804,0.0139639403461582
97.62916016578674,0.65180557854248,-0.23968813959082524,0.21737691164791684,-0.32248937199537153,0.9438227392474149,0.07070404940901334,0.014148470837099397
97.64921474456787,0.6518579808466142,-0.23966074664830542,0.21740786978695834,-0.3223772927952226,0.9438506320775987,0.0708010148244574,0.0143555465608039
97.67419648170471,0.6519277930844232,-0.23962461789737696,0.21744951680843405,-0.3222311987980202,0.9438868678892701,0.0709270340623187,0.014628430751139773
97.69919013977051,0.6519891172785282,-0.23958953395782862,0.21748448231911718,-0.3220916028764444,0.9439213428898672,0.0710498514258462,0.014880067411644868
97.71919131278992,0.6520290897839229,-0.23956442318663124,0.217506150020773,-0.32199028070423547,0.9439463165859172,0.0711404043360766,0.015055012683678638
97.73924231529236,0.6520669073543537,-0.2395395761432913,0.2175258186486264,-0.3218859743966736,0.9439720187133459,0.07123421683831704,0.01522937046018584
97.75927710533142,0.6521043368620821,-0.23951348514165435,0.21754452558349796,-0.3217733704462523,0.9439997700819027,0.07133591969232636,0.015411642309621611
97.78412246704102,0.6521537877442979,-0.23947918592192274,0.21756917208607565,-0.3216266699975955,0.9440358069420611,0.07146848736323178,0.015650420812269226
97.8041398525238,0.652194296150195,-0.23945139538286286,0.2175894431192562,-0.3215051527606523,0.9440656184955611,0.07157798228944058,0.015847308126317607
97.82419323921204,0.6522345211185571,-0.23942498675134613,0.21761034933782553,-0.32138988188639606,0.9440938168703803,0.071681354905735,0.01603721070268462
97.84916591644287,0.6522796859468083,-0.23939589717393175,0.21763431915875395,-0.32126939699966944,0.9441231440982474,0.0717892266206336,0.016241005845501005
97.86921691894531,0.6523126834014158,-0.23937342633080907,0.21765122889949268,-0.3211765919228393,0.944145674587407,0.07187314211251561,0.016394919998800887
97.88927674293518,0.6523466630916962,-0.23934994336285548,0.21766831539403536,-0.3210771240131301,0.9441698205887982,0.07196305319520764,0.016557454506008134
97.91421246528625,0.652389329069499,-0.23932008403713498,0.2176896123913341,-0.3209489629516953,0.944200884317264,0.07207903817015592,0.01676500792090099
97.9391565322876,0.6524300618440381,-0.2392902011931404,0.2177091822988121,-0.3208180256848877,0.9442325882337451,0.07219805016421094,0.016972190956933232
97.95917439460754,0.6524619409545623,-0.23926467721837805,0.21772308969090873,-0.32070236094979965,0.944260593725073,0.07230400153234204,0.0171481247393469
97.97935056686401,0.6524938580412648,-0.23923906040741238,0.21773722230742432,-0.3205886551369011,0.9442880277206553,0.07240841709961449,0.017322125555835944
98.00417685508728,0.6525339829013588,-0.2392099257165473,0.21775672192047893,-0.32046565614654526,0.9443175372898548,0.07252040298929166,0.01751979301977469
98.02917265892029,0.6525771384241981,-0.23918179047887117,0.2177794173546791,-0.32034642268744556,0.9443460703349874,0.07262726539399596,0.017718612689457833
98.04919934272766,0.6526129632451432,-0.23915867348408207,0.21779844373380405,-0.32024980915426304,0.9443691122124344,0.07271383217355848,0.017881226084446533
98.07418942451477,0.6526623034193928,-0.2391295517849827,0.21782613071803594,-0.32012853288962684,0.9443979205431107,0.07282126810977169,0.018092899570110933
98.09917783737183,0.6527152900483048,-0.23910163456266387,0.2178574802746453,-0.3200106261647211,0.9444258826047602,0.0729233296974803,0.01830681275312257
98.12412524223328,0.652766986957189,-0.2390739556303038,0.21788810236567857,-0.31989857937104227,0.9444522963857302,0.07302078270775947,0.018512808026542493
98.14915657043457,0.6528154944248855,-0.23904825491081663,0.2179171585064819,-0.3197996518356152,0.9444754577853672,0.07310692863894369,0.018699446834472624
98.17410039901733,0.6528598836740093,-0.2390245208827588,0.21794361050665412,-0.319704580247723,0.9444977363855364,0.07318976903749011,0.018874984493759853
98.19411563873291,0.6528918109158148,-0.23900477890396196,0.21796113468816353,-0.31962263655923573,0.9445170101076272,0.073262550872571,0.019015426774275864
98.2191071510315,0.6529293710219569,-0.23897961437960727,0.21798051123422027,-0.31951359664670037,0.9445426902942123,0.07336047885712049,0.019193955070921444
98.23915719985962,0.6529597368883945,-0.2389589069040187,0.21799596032180615,-0.31942185181578153,0.9445642632983493,0.07344331420812986,0.019341992662854832
98.26410388946533,0.652998188386481,-0.23893197658290924,0.2180151437471226,-0.31930382672017393,0.9445919831505878,0.0735498207174322,0.01953139732614488
98.28410744667053,0.6530283841742671,-0.23891026335476234,0.21803006490711446,-0.31921047168048083,0.9446138222483771,0.07363464220426591,0.019680982043462823
98.3041512966156,0.6530595134570971,-0.23888834955624602,0.21804563335555943,-0.3191171944794037,0.9446355788558373,0.07371930043262265,0.01983189579113821
98.32417607307434,0.6530936458857731,-0.23886628058422285,0.21806366143585085,-0.31902476208550623,0.9446570586641151,0.073802152549791,0.019987120131293428
98.3491542339325,0.6531406984061656,-0.23883821962836582,0.21808994587181024,-0.3189065814248501,0.9446844352843409,0.07390686994230135,0.020191201814877862
98.37415671348572,0.6531902068653304,-0.23881063363183225,0.21811876598569113,-0.3187911080208614,0.9447110775899082,0.07400797198242313,0.020396798987878276
98.39416599273682,0.6532329867385308,-0.23878926978461756,0.2181448277249759,-0.3187034293667226,0.9447311839178506,0.0740832868165707,0.020561635576549397
98.41425013542175,0.6532800087818945,-0.23876783952813718,0.21817471471509456,-0.31861911431158335,0.9447503637500942,0.07415435132364594,0.02073022838863977
98.43922424316406,0.653340161689877,-0.23874204407430197,0.21821412772469456,-0.31852225743095475,0.9447722125038083,0.07423467377631897,0.020934450346452443
98.46411180496216,0.6533977102420712,-0.2387172535797494,0.2182518066169657,-0.3184305896061033,0.9447928176483373,0.07431060737806024,0.021128770759994017
98.48413467407227,0.6534402187585372,-0.23869748852979458,0.21827888168647458,-0.31835457145266155,0.9448099396361872,0.0743751345126305,0.02128107530524804
98.50913739204407,0.653493988182143,-0.23867039405409685,0.21831176773994249,-0.31824467430487674,0.9448348266586324,0.07446974837379884,0.02148800099454738
