{
  "loglik": {
    "true_tau": [
      -2788.3670850073545,
      -2788.3670850073545,
      -2788.3670850073545
    ],
    "heuristic": [
      -2783.9112140129487,
      -3340.982560615529,
      -4331.697837888211,
      -2877.7250314511207,
      -3542.8726631940544,
      -2789.3874073718002,
      -3896.784839933882,
      -3056.8910031728137,
      -4500.681488412538,
      -3693.5871623004036,
      -3097.140821860233,
      -2990.9305677219,
      -3633.284457230829,
      -4343.3864441266605,
      -2892.468642580572
    ],
    "random": [
      -2794.8284492425455,
      -4336.515101461611,
      -2788.653929850099,
      -3141.9938164818386,
      -2792.690323593088,
      -4338.288426775273,
      -4501.935424664692,
      -2788.814271033321,
      -4501.6270479543045,
      -4329.105642359102,
      -4329.105642359102,
      -3556.400010076747,
      -4329.105642359102,
      -2788.2643076155855,
      -4340.369287280526
    ]
  },
  "tau_mae": {
    "true_tau": [
      0.4166666666666667,
      0.4166666666666667,
      0.4166666666666667
    ],
    "heuristic": [
      0.4166666666666667,
      7.166666666666667,
      27.666666666666668,
      1.1666666666666667,
      9.333333333333334,
      0.4166666666666667,
      11.916666666666666,
      4.166666666666667,
      30.416666666666668,
      10.25,
      4.75,
      2.8333333333333335,
      9.75,
      29.416666666666668,
      1.4166666666666667
    ],
    "random": [
      0.4166666666666667,
      25.083333333333332,
      0.4166666666666667,
      5.166666666666667,
      0.4166666666666667,
      25.0,
      30.416666666666668,
      0.4166666666666667,
      30.416666666666668,
      27.416666666666668,
      27.416666666666668,
      9.416666666666666,
      27.416666666666668,
      0.4166666666666667,
      25.5
    ]
  },
  "tau_nmae": {
    "true_tau": [
      0.00837001467253568,
      0.00837001467253568,
      0.00837001467253568
    ],
    "heuristic": [
      0.00837001467253568,
      0.145186922595125,
      0.5619898575372178,
      0.023274643190609578,
      0.1893754567044209,
      0.00837001467253568,
      0.24186456104180798,
      0.08430533082798336,
      0.6178048393270351,
      0.20795975999095292,
      0.09610938578329882,
      0.057114084764340524,
      0.1978890650463084,
      0.5974844249293921,
      0.02830999066293184
    ],
    "random": [
      0.00837001467253568,
      0.5094919634520475,
      0.00837001467253568,
      0.10447940045583452,
      0.00837001467253568,
      0.5077912831799387,
      0.6178048393270351,
      0.00837001467253568,
      0.6178048393270351,
      0.5568435961341057,
      0.5568435961341057,
      0.19107613697652978,
      0.5568435961341057,
      0.00837001467253568,
      0.5180055717939349
    ]
  },
  "g1_err": {
    "true_tau": [
      0.01716496985058059,
      0.01716496985058059,
      0.01716496985058059
    ],
    "heuristic": [
      0.020571310210966164,
      0.146154125560725,
      1.656794326647284,
      0.0011086625000938206,
      0.24273454868262212,
      0.01719249250673795,
      0.4322051721656931,
      0.04189678695131575,
      0.5740701046254796,
      0.3167734760719297,
      0.05398933609620384,
      0.022324611243273826,
      0.28862402967048856,
      1.8723089436713274,
      0.003274850373444479
    ],
    "random": [
      0.01734431559723064,
      1.3919996226198623,
      0.01717260503737736,
      0.07143456570780733,
      0.017284097437944696,
      1.3819404819262602,
      0.9481898941115832,
      0.0171770454728687,
      0.8401857525045829,
      1.5585299068549248,
      1.5585299068549248,
      0.2531342601290998,
      1.5585299068549248,
      0.017162032162838334,
      1.375475083170395
    ]
  },
  "g2_err": {
    "true_tau": [
      0.053473144504850134,
      0.053473144504850134,
      0.053473144504850134
    ],
    "heuristic": [
      0.05353926067933084,
      0.05135687286804107,
      0.0380816381399814,
      0.05151146048692285,
      0.05227027097224995,
      0.0532715856113735,
      0.05235092213089154,
      0.05098719123571865,
      0.03690055758775638,
      0.052610611862255935,
      0.050989542144458506,
      0.0511159612683113,
      0.052352699502771265,
      0.03719486287123878,
      0.05128222067776112
    ],
    "random": [
      0.052536506059813144,
      0.03795520757082851,
      0.0534073444116208,
      0.050941928740159334,
      0.05280480336935277,
      0.038018327619283955,
      0.03690055758775638,
      0.05339317986735085,
      0.03690055758775638,
      0.038419529779402405,
      0.038419529779402405,
      0.05234021864677403,
      0.038419529779402405,
      0.05346797607793613,
      0.038194082311750734
    ]
  },
  "d_relerr": {
    "true_tau": [
      0.022752075902155732,
      0.022752075902155732,
      0.022752075902155732
    ],
    "heuristic": [
      0.02221829391185423,
      0.12085773595808669,
      0.7960821096341708,
      0.03713972143947495,
      0.15511079993640703,
      0.02277607167435699,
      0.20560828445489232,
      0.07546113427063392,
      1.3779516235802507,
      0.17255679197428822,
      0.08344267734803547,
      0.06132811351332273,
      0.1650817484323212,
      1.1454998023328473,
      0.04102744366254237
    ],
    "random": [
      0.022908211915808326,
      0.28754655291892306,
      0.022758809466483943,
      0.09027381126787393,
      0.02285548191675007,
      0.2942703256495046,
      1.3779516235802507,
      0.02276265201562526,
      1.3779516235802507,
      0.6733886564121478,
      0.6733886564121478,
      0.15730168549701862,
      0.6733886564121478,
      0.022749562280686766,
      0.36510863662299287
    ]
  },
  "v_relerr": {
    "true_tau": [
      0.001337936929600635,
      0.001337936929600635,
      0.001337936929600635
    ],
    "heuristic": [
      0.001369691682276877,
      0.05504937320556184,
      0.8837090626803391,
      0.005188919132753573,
      0.03644129128839854,
      0.0013302466476083528,
      0.07584757318525426,
      0.033767907510832945,
      0.952982733505174,
      0.00410068793866882,
      0.04060120544895581,
      0.022774564190269322,
      0.022131465445624814,
      0.9301528652653339,
      0.007922302463292794
    ],
    "random": [
      0.0012865184821567177,
      0.8114043837026096,
      0.001335784395192692,
      0.044961091997953284,
      0.0013042400939722709,
      0.8131263976285166,
      0.952982733505174,
      0.0013345558386808902,
      0.952982733505174,
      0.8682447031452319,
      0.8682447031452319,
      0.034721325277707285,
      0.8682447031452319,
      0.0013387358918521225,
      0.8256127761070315
    ]
  }
}