{
  "loglik": {
    "true_tau": [
      -2711.714183187766,
      -2711.714183187766,
      -2711.714183187766
    ],
    "heuristic": [
      -2889.1569592940436,
      -3290.269827728849,
      -2894.325562053915,
      -2809.969133632249,
      -2679.077231089615,
      -2728.01425552557,
      -2704.309471959743,
      -2753.720363087298,
      -3418.2179683434265,
      -2904.1772051739986,
      -2700.4159871405577,
      -3267.612595135646,
      -3309.123116479057,
      -2731.694561330004,
      -2893.6308196947284,
      -2750.203409164664,
      -2997.7121220244053,
      -4092.3671614664054,
      -2694.684865140216,
      -2710.577237855361,
      -2704.940192361804,
      -3322.541800664486,
      -3169.235021301205,
      -3130.0728230742593,
      -2773.7560068907546
    ],
    "random": [
      -2738.932812420902,
      -3908.565866061581,
      -2709.30979064521,
      -3019.790504628475,
      -2730.7462102041236,
      -3904.8555682383603,
      -4092.528371833645,
      -2709.6572686370923,
      -4092.4628811759158,
      -3941.5830803984813,
      -3948.287703557256,
      -3162.555862669211,
      -3938.460693337486,
      -2704.509029747052,
      -3903.153486479699,
      -2687.873054754524,
      -3045.2967091572477,
      -3939.995645797341,
      -2962.7559465410136,
      -3045.2967091572477,
      -3350.6169445968703,
      -2725.905139554255,
      -3939.995645797341,
      -4092.4125825789397,
      -2730.7462102041236
    ]
  },
  "tau_mae": {
    "true_tau": [
      1.4166666666666667,
      1.4166666666666667,
      1.4166666666666667
    ],
    "heuristic": [
      1.3333333333333333,
      2.1666666666666665,
      4.583333333333333,
      1.0,
      1.0,
      1.5,
      1.4166666666666667,
      0.5,
      2.3333333333333335,
      1.4166666666666667,
      1.4166666666666667,
      2.0833333333333335,
      2.25,
      1.5,
      1.4166666666666667,
      0.5,
      1.4166666666666667,
      30.666666666666668,
      1.4166666666666667,
      1.0,
      1.4166666666666667,
      2.25,
      2.0,
      1.5833333333333333,
      0.5833333333333334
    ],
    "random": [
      1.9166666666666667,
      26.666666666666668,
      1.4166666666666667,
      6.666666666666667,
      1.5833333333333333,
      26.416666666666668,
      30.666666666666668,
      1.4166666666666667,
      30.666666666666668,
      29.166666666666668,
      29.583333333333332,
      2.0,
      29.166666666666668,
      1.4166666666666667,
      26.333333333333332,
      1.4166666666666667,
      1.4166666666666667,
      30.666666666666668,
      1.4166666666666667,
      1.4166666666666667,
      2.25,
      1.5,
      30.666666666666668,
      30.666666666666668,
      1.5833333333333333
    ]
  },
  "tau_nmae": {
    "true_tau": [
      0.028380935707616378,
      0.028380935707616378,
      0.028380935707616378
    ],
    "heuristic": [
      0.026885837668400688,
      0.04376483926904095,
      0.09229416766706683,
      0.02011296185140723,
      0.020078948245965053,
      0.030014922635720958,
      0.028380935707616378,
      0.01020966720021342,
      0.0470328131252501,
      0.0286219487795118,
      0.028380935707616378,
      0.04213085234093638,
      0.045398826197145525,
      0.030014922635720958,
      0.0286219487795118,
      0.01020966720021342,
      0.0286219487795118,
      0.6197926670668267,
      0.028380935707616378,
      0.02018107242897159,
      0.028380935707616378,
      0.045398826197145525,
      0.04043017206882753,
      0.03195661597972522,
      0.011876333866880084
    ],
    "random": [
      0.03848706149126317,
      0.5389323229291717,
      0.028380935707616378,
      0.13452714419100972,
      0.031751033746832066,
      0.5337934340402827,
      0.6197926670668267,
      0.028380935707616378,
      0.6197926670668267,
      0.5894346071762039,
      0.5979435941043084,
      0.04043017206882753,
      0.5894346071762039,
      0.028380935707616378,
      0.5321594471121781,
      0.028380935707616378,
      0.0286219487795118,
      0.6197926670668267,
      0.0286219487795118,
      0.0286219487795118,
      0.045398826197145525,
      0.030014922635720958,
      0.6197926670668267,
      0.6197926670668267,
      0.031751033746832066
    ]
  },
  "g1_err": {
    "true_tau": [
      0.024673694429725144,
      0.024673694429725144,
      0.024673694429725144
    ],
    "heuristic": [
      0.10638861021944979,
      0.24990383751475032,
      0.04576430424092919,
      0.0810070960210148,
      0.03517802705558055,
      0.01993121905338833,
      0.02666764334829899,
      0.06342995538326511,
      0.30013898651896886,
      0.10896657934750956,
      0.02790875484392525,
      0.2557065869805051,
      0.2709546155679966,
      0.020743900576617208,
      0.10617688186171492,
      0.07255912919908428,
      0.1520505877123195,
      0.26421028794765045,
      0.028655980635311346,
      0.05056400406674028,
      0.02640457297182784,
      0.2752316557682456,
      0.21270052416886123,
      0.1875749575481328,
      0.06885285004214405
    ],
    "random": [
      0.017948451300435823,
      1.4028505966021658,
      0.025245785100577723,
      0.10631624849901049,
      0.01954784718366152,
      1.368823958768297,
      0.9572950933720527,
      0.025188330118986538,
      0.8190969687152607,
      1.70304583088214,
      1.7479066011867905,
      0.2041815744035628,
      1.6795278829812499,
      0.026419203792479806,
      1.352180953912707,
      0.029575604489219903,
      0.15877332955015422,
      1.8046218658436608,
      0.1286879689536195,
      0.15877332955015422,
      0.28512707767233253,
      0.02051658089669254,
      1.8046218658436608,
      0.6445248943837733,
      0.01954784718366152
    ]
  },
  "g2_err": {
    "true_tau": [
      0.04600004174747153,
      0.04600004174747153,
      0.04600004174747153
    ],
    "heuristic": [
      0.049113338643863226,
      0.050248583752858754,
      0.046009602726714255,
      0.048959348893537646,
      0.047115382947643815,
      0.04590730494129738,
      0.046039838487849226,
      0.048706550039245795,
      0.05059310816968775,
      0.04928715482769043,
      0.04603875513538663,
      0.05023553220227501,
      0.050329522858947796,
      0.045533845898557114,
      0.04926285105846388,
      0.04852749328538661,
      0.049492710960054344,
      0.042181077614246866,
      0.046230496640439024,
      0.04822717900749707,
      0.04606058636641133,
      0.0504299568790924,
      0.050053804205569374,
      0.0498802533071462,
      0.048793949634296056
    ],
    "random": [
      0.045508729881751434,
      0.04391976999439326,
      0.046022401068803585,
      0.04704528155953067,
      0.045754443747379886,
      0.04400612146756707,
      0.042181077614246866,
      0.046008517805722,
      0.042181077614246866,
      0.04274003671793783,
      0.04251305610245978,
      0.05003130573691479,
      0.04282384161487585,
      0.04610806235504609,
      0.04404389307319145,
      0.046695943303073514,
      0.04969708730409455,
      0.04218117113126819,
      0.049443664924950725,
      0.04969708730409455,
      0.050560009541513025,
      0.045920390059870655,
      0.04218117113126819,
      0.042181077614246866,
      0.045754443747379886
    ]
  },
  "d_relerr": {
    "true_tau": [
      0.03768716219318244,
      0.03768716219318244,
      0.03768716219318244
    ],