{
  "loglik": {
    "true_tau": [
      -2711.714183187766,
      -2711.714183187766,
      -2711.714183187766,
      -2711.714183187766,
      -2711.714183187766
    ],
    "heuristic": [
      -2839.5999929590253,
      -2787.625806456364,
      -2941.9691095762064,
      -3199.385848547001,
      -2710.577237855361
    ],
    "random": [
      -2738.932812420902,
      -3908.565866061581,
      -2709.30979064521,
      -3019.790504628475,
      -2730.7462102041236
    ]
  },
  "tau_mae": {
    "true_tau": [
      1.4166666666666667,
      1.4166666666666667,
      1.4166666666666667,
      1.4166666666666667,
      1.4166666666666667
    ],
    "heuristic": [
      1.3333333333333333,
      2.4166666666666665,
      1.4166666666666667,
      2.0,
      1.0
    ],
    "random": [
      1.9166666666666667,
      26.666666666666668,
      1.4166666666666667,
      6.666666666666667,
      1.5833333333333333
    ]
  },
  "tau_nmae": {
    "true_tau": [
      0.028380935707616378,
      0.028380935707616378,
      0.028380935707616378,
      0.028380935707616378,
      0.028380935707616378
    ],
    "heuristic": [
      0.026885837668400688,
      0.04852791116446578,
      0.0286219487795118,
      0.04043017206882753,
      0.02018107242897159
    ],
    "random": [
      0.03848706149126317,
      0.5389323229291717,
      0.028380935707616378,
      0.13452714419100972,
      0.031751033746832066
    ]
  },
  "g1_err": {
    "true_tau": [
      0.024673694429725144,
      0.024673694429725144,
      0.024673694429725144,
      0.024673694429725144,
      0.024673694429725144
    ],
    "heuristic": [
      0.08529977317806757,
      0.01551393433305409,
      0.11797117270027278,
      0.2245562387457476,
      0.05056400406674028
    ],
    "random": [
      0.017948451300435823,
      1.4028505966021658,
      0.025245785100577723,
      0.10631624849901049,
      0.01954784718366152
    ]
  },
  "g2_err": {
    "true_tau": [
      0.04600004174747153,
      0.04600004174747153,
      0.04600004174747153,
      0.04600004174747153,
      0.04600004174747153
    ],
    "heuristic": [
      0.049110522282839845,
      0.04550569810485407,
      0.049405668566815254,
      0.050103128765613306,
      0.04822717900749707
    ],
    "random": [
      0.045508729881751434,
      0.04391976999439326,
      0.046022401068803585,
      0.04704528155953067,
      0.045754443747379886
    ]
  },
  "d_relerr": {
    "true_tau": [
      0.03768716219318244,
      0.03768716219318244,
      0.03768716219318244,
      0.03768716219318244,
      0.03768716219318244
    ],
    "heuristic": [
      0.0023115906592146088,
      0.05524747877016831,
      0.00701230082669636,
      0.01780531588403168,
      0.028769513970514107
    ],
    "random": [
      0.04342456161558832,
      0.5268132177149037,
      0.03742658197673645,
      0.11141709897525483,
      0.04099222978718016
    ]
  },
  "v_relerr": {
    "true_tau": [
      0.00996002705816389,
      0.00996002705816389,
      0.00996002705816389,
      0.00996002705816389,
      0.00996002705816389
    ],
    "heuristic": [
      0.005217764013637233,
      0.004221835757599909,
      0.00794258768925288,
      0.008465686182182667,
      0.009839261556305373
    ],
    "random": [
      0.008776586380308246,
      0.7227792374353094,
      0.010046434769684125,
      0.030071674064769613,
      0.009224618602901146
    ]
  }
}