{
  "loglik": {
    "true_tau": [
      -2788.3670850073545,
      -2788.3670850073545,
      -2788.3670850073545,
      -2788.3670850073545,
      -2788.3670850073545,
      -2788.3670850073545,
      -2788.3670850073545,
      -2788.3670850073545,
      -2788.3670850073545,
      -2788.3670850073545,
      -2788.3670850073545,
      -2788.3670850073545,
      -2788.3670850073545,
      -2788.3670850073545,
      -2788.3670850073545
    ],
    "heuristic": [
      -2783.9112140129487,
      -3340.982560615529,
      -4502.479835831366,
      -2974.5498531259063,
      -4500.718676681136,
      -3747.3811271983336,
      -3896.784839933882,
      -3056.8910031728137,
      -3678.3908760999475,
      -2788.8237618006665,
      -3826.6415262180503,
      -4162.859544480106,
      -4345.377143044446,
      -2789.9641639314623,
      -4500.693962599678
    ],
    "random": [
      -2794.8284492425455,
      -4336.515101461611,
      -2788.653929850099,
      -3141.9938164818386,
      -2792.690323593088,
      -4338.288426775273,
      -4501.935424664692,
      -2788.814271033321,
      -4501.6270479543045,
      -4329.105642359102,
      -4329.105642359102,
      -3556.400010076747,
      -4329.105642359102,
      -2788.2643076155855,
      -4340.369287280526
    ]
  },
  "tau_mae": {
    "true_tau": [
      0.4166666666666667,
      0.4166666666666667,
      0.4166666666666667,
      0.4166666666666667,
      0.4166666666666667,
      0.4166666666666667,
      0.4166666666666667,
      0.4166666666666667,
      0.4166666666666667,
      0.4166666666666667,
      0.4166666666666667,
      0.4166666666666667,
      0.4166666666666667,
      0.4166666666666667,
      0.4166666666666667
    ],
    "heuristic": [
      0.4166666666666667,
      7.166666666666667,
      30.416666666666668,
      2.5833333333333335,
      30.416666666666668,
      10.333333333333334,
      11.916666666666666,
      4.166666666666667,
      10.25,
      0.4166666666666667,
      10.833333333333334,
      15.25,
      29.416666666666668,
      0.4166666666666667,
      30.416666666666668
    ],
    "random": [
      0.4166666666666667,
      25.083333333333332,
      0.4166666666666667,
      5.166666666666667,
      0.4166666666666667,
      25.0,
      30.416666666666668,
      0.4166666666666667,
      30.416666666666668,
      27.416666666666668,
      27.416666666666668,
      9.416666666666666,
      27.416666666666668,
      0.4166666666666667,
      25.5
    ]
  },
  "tau_nmae": {
    "true_tau": [
      0.00837001467253568,
      0.00837001467253568,
      0.00837001467253568,
      0.00837001467253568,
      0.00837001467253568,
      0.00837001467253568,
      0.00837001467253568,
      0.00837001467253568,
      0.00837001467253568,
      0.00837001467253568,
      0.00837001467253568,
      0.00837001467253568,
      0.00837001467253568,
      0.00837001467253568,
      0.00837001467253568
    ],
    "heuristic": [
      0.00837001467253568,
      0.145186922595125,
      0.6178048393270351,
      0.05203451670523281,
      0.6178048393270351,
      0.20966044026306177,
      0.24186456104180798,
      0.08430533082798336,
      0.20795975999095292,
      0.00837001467253568,
      0.21991015971606034,
      0.3095618319791685,
      0.5974844249293921,
      0.00837001467253568,
      0.6178048393270351
    ],
    "random": [
      0.00837001467253568,
      0.5094919634520475,
      0.00837001467253568,
      0.10447940045583452,
      0.00837001467253568,
      0.5077912831799387,
      0.6178048393270351,
      0.00837001467253568,
      0.6178048393270351,
      0.5568435961341057,
      0.5568435961341057,
      0.19107613697652978,
      0.5568435961341057,
      0.00837001467253568,
      0.5180055717939349
    ]
  },
  "g1_err": {
    "true_tau": [
      0.01716496985058059,
      0.01716496985058059,
      0.01716496985058059,
      0.01716496985058059,
      0.01716496985058059,
      0.01716496985058059,
      0.01716496985058059,
      0.01716496985058059,
      0.01716496985058059,
      0.01716496985058059,
      0.01716496985058059,
      0.01716496985058059,
      0.01716496985058059,
      0.01716496985058059,
      0.01716496985058059
    ],
    "heuristic": [
      0.020571310210966164,
      0.146154125560725,
      0.7603431904119514,
      0.018579513357958512,
      0.3445961718789045,
      0.33744502322164655,
      0.4322051721656931,
      0.04189678695131575,
      0.3144577937498449,
      0.017180621685550877,
      0.378321776045314,
      0.6672986609205378,
      1.8470646693577883,
      0.01727286648584042,
      0.33835715966154106
    ],
    "random": [
      0.01734431559723064,
      1.3919996226198623,
      0.01717260503737736,
      0.07143456570780733,
      0.017284097437944696,
      1.3819404819262602,
      0.9481898941115832,
      0.0171770454728687,
      0.8401857525045829,
      1.5585299068549248,
      1.5585299068549248,
      0.2531342601290998,
      1.5585299068549248,
      0.017162032162838334,
      1.375475083170395
    ]
  },
  "g2_err": {
    "true_tau": [
      0.053473144504850134,
      0.053473144504850134,
      0.053473144504850134,
      0.053473144504850134,
      0.053473144504850134,
      0.053473144504850134,
      0.053473144504850134,
      0.053473144504850134,
      0.053473144504850134,
      0.053473144504850134,
      0.053473144504850134,
      0.053473144504850134,
      0.053473144504850134,
      0.053473144504850134,
      0.053473144504850134
    ],
    "heuristic": [
      0.05353926067933084,
      0.05135687286804107,
      0.03690055758775638,
      0.05141990620705485,
      0.03690055758775638,
      0.05248891237141166,
      0.05235092213089154,
      0.05098719123571865,
      0.05254764934449634,
      0.05356847217260621,
      0.05248185034517951,
      0.047177273439400355,
      0.03722615904417112,
      0.05362971561453584,
      0.03690055758775638
    ],
    "random": [
      0.052536506059813144,
      0.03795520757082851,
      0.0534073444116208,
      0.050941928740159334,
      0.05280480336935277,
      0.038018327619283955,
      0.03690055758775638,
      0.05339317986735085,
      0.03690055758775638,
      0.038419529779402405,
      0.038419529779402405,
      0.05234021864677403,
      0.038419529779402405,
      0.05346797607793613,
      0.038194082311750734
    ]
  },
  "d_relerr": {
    "true_tau": [
      0.022752075902155732,
      0.022752075902155732,
      0.022752075902155732,
      0.022752075902155732,
      0.022752075902155732,
      0.022752075902155732,
      0.022752075902155732,
      0.022752075902155732,
      0.022752075902155732,
      0.022752075902155732,
      0.022752075902155732,
      0.022752075902155732,
      0.022752075902155732,
      0.022752075902155732,
      0.022752075902155732
    ],
    "heuristic": [
      0.02221829391185423,
      0.12085773595808669,
      1.3779516235802507,
      0.05463426316096089,
      1.3779516235802507,
      0.17561627410997602,
      0.20560828445489232,
      0.07546113427063392,
      0.17313025013323113,
      0.022762101782715996,
      0.18523237628602734,
      0.2133824255565195,
      1.1487605487127452,
      0.022764362927755206,
      1.3779516235802507
    ],
    "random": [
      0.022908211915808326,
      0.28754655291892306,
      0.022758809466483943,
      0.09027381126787393,
      0.02285548191675007,
      0.2942703256495046,
      1.3779516235802507,
      0.02276265201562526,
      1.3779516235802507,
      0.6733886564121478,
      0.6733886564121478,
      0.15730168549701862,
      0.6733886564121478,
      0.022749562280686766,
      0.36510863662299287
    ]
  },