{
  "loglik": {
    "true_tau": [
      -2788.3670850073545,
      -2788.3670850073545,
      -2788.3670850073545,
      -2788.3670850073545,
      -2788.3670850073545,
      -2788.3670850073545,
      -2788.3670850073545,
      -2788.3670850073545,
      -2788.3670850073545,
      -2788.3670850073545,
      -2788.3670850073545,
      -2788.3670850073545,
      -2788.3670850073545,
      -2788.3670850073545,
      -2788.3670850073545
    ],
    "heuristic": [
      -4331.578312997333,
      -4343.400099516546,
      -4331.938234729482,
      -4331.938234729482,
      -4335.533711443784,
      -4343.886393591697,
      -4331.938234729482,
      -4335.604378391945,
      -4334.504638439919,
      -4335.604378391945,
      -4345.377143044446,
      -4334.504638439919,
      -4331.218567274656,
      -4345.216770849584,
      -4331.685582021335
    ],
    "random": [
      -2794.8284492425455,
      -4336.515101461611,
      -2788.653929850099,
      -3141.9938164818386,
      -2792.690323593088,
      -4338.288426775273,
      -4501.935424664692,
      -2788.814271033321,
      -4501.6270479543045,
      -4329.105642359102,
      -4329.105642359102,
      -3556.400010076747,
      -4329.105642359102,
      -2788.2643076155855,
      -4340.369287280526
    ]
  },
  "tau_mae": {
    "true_tau": [
      0.4166666666666667,
      0.4166666666666667,
      0.4166666666666667,
      0.4166666666666667,
      0.4166666666666667,
      0.4166666666666667,
      0.4166666666666667,
      0.4166666666666667,
      0.4166666666666667,
      0.4166666666666667,
      0.4166666666666667,
      0.4166666666666667,
      0.4166666666666667,
      0.4166666666666667,
      0.4166666666666667
    ],
    "heuristic": [
      27.666666666666668,
      29.416666666666668,
      27.666666666666668,
      27.666666666666668,
      30.416666666666668,
      29.416666666666668,
      27.666666666666668,
      30.416666666666668,
      28.166666666666668,
      30.416666666666668,
      29.416666666666668,
      28.166666666666668,
      27.666666666666668,
      29.416666666666668,
      27.666666666666668
    ],
    "random": [
      0.4166666666666667,
      25.083333333333332,
      0.4166666666666667,
      5.166666666666667,
      0.4166666666666667,
      25.0,
      30.416666666666668,
      0.4166666666666667,
      30.416666666666668,
      27.416666666666668,
      27.416666666666668,
      9.416666666666666,
      27.416666666666668,
      0.4166666666666667,
      25.5
    ]
  },
  "tau_nmae": {
    "true_tau": [
      0.00837001467253568,
      0.00837001467253568,
      0.00837001467253568,
      0.00837001467253568,
      0.00837001467253568,
      0.00837001467253568,
      0.00837001467253568,
      0.00837001467253568,
      0.00837001467253568,
      0.00837001467253568,
      0.00837001467253568,
      0.00837001467253568,
      0.00837001467253568,
      0.00837001467253568,
      0.00837001467253568
    ],
    "heuristic": [
      0.5619898575372178,
      0.5974844249293921,
      0.5619898575372178,
      0.5619898575372178,
      0.6178048393270351,
      0.5974844249293921,
      0.5619898575372178,
      0.6178048393270351,
      0.5721286630594267,
      0.6178048393270351,
      0.5974844249293921,
      0.5721286630594267,
      0.5619898575372178,
      0.5974844249293921,
      0.5619898575372178
    ],
    "random": [
      0.00837001467253568,
      0.5094919634520475,
      0.00837001467253568,
      0.10447940045583452,
      0.00837001467253568,
      0.5077912831799387,
      0.6178048393270351,
      0.00837001467253568,
      0.6178048393270351,
      0.5568435961341057,
      0.5568435961341057,
      0.19107613697652978,
      0.5568435961341057,
      0.00837001467253568,
      0.5180055717939349
    ]
  },
  "g1_err": {
    "true_tau": [
      0.01716496985058059,
      0.01716496985058059,
      0.01716496985058059,
      0.01716496985058059,
      0.01716496985058059,
      0.01716496985058059,
      0.01716496985058059,
      0.01716496985058059,
      0.01716496985058059,
      0.01716496985058059,
      0.01716496985058059,
      0.01716496985058059,
      0.01716496985058059,
      0.01716496985058059,
      0.01716496985058059
    ],
    "heuristic": [
      1.6552641718563827,
      1.8722856768456915,
      1.6594985722780282,
      1.6594985722780282,
      1.9454424732947506,
      1.871583341312496,
      1.6594985722780282,
      1.9384489963682656,
      1.674631966144343,
      1.9384489963682656,
      1.8470646693577883,
      1.674631966144343,
      1.648980668660246,
      1.8567361759887242,
      1.659137019811861
    ],
    "random": [
      0.01734431559723064,
      1.3919996226198623,
      0.01717260503737736,
      0.07143456570780733,
      0.017284097437944696,
      1.3819404819262602,
      0.9481898941115832,
      0.0171770454728687,
      0.8401857525045829,
      1.5585299068549248,
      1.5585299068549248,
      0.2531342601290998,
      1.5585299068549248,
      0.017162032162838334,
      1.375475083170395
    ]
  },
  "g2_err": {
    "true_tau": [
      0.053473144504850134,
      0.053473144504850134,
      0.053473144504850134,
      0.053473144504850134,
      0.053473144504850134,
      0.053473144504850134,
      0.053473144504850134,
      0.053473144504850134,
      0.053473144504850134,
      0.053473144504850134,
      0.053473144504850134,
      0.053473144504850134,
      0.053473144504850134,
      0.053473144504850134,
      0.053473144504850134
    ],
    "heuristic": [
      0.0380814825644134,
      0.03719432389157678,
      0.03806305343367249,
      0.03806305343367249,
      0.036900558821713086,
      0.0371804460993681,
      0.03806305343367249,
      0.0369010106397028,
      0.03782378181903632,
      0.0369010106397028,
      0.03722615904417112,
      0.03782378181903632,
      0.03810083672066074,
      0.037227422377245356,
      0.03804946653687299
    ],
    "random": [
      0.052536506059813144,
      0.03795520757082851,
      0.0534073444116208,
      0.050941928740159334,
      0.05280480336935277,
      0.038018327619283955,
      0.03690055758775638,
      0.05339317986735085,
      0.03690055758775638,
      0.038419529779402405,
      0.038419529779402405,
      0.05234021864677403,
      0.038419529779402405,
      0.05346797607793613,
      0.038194082311750734
    ]
  },
  "d_relerr": {
    "true_tau": [
      0.022752075902155732,
      0.022752075902155732,
      0.022752075902155732,
      0.022752075902155732,
      0.022752075902155732,
      0.022752075902155732,
      0.022752075902155732,
      0.022752075902155732,
      0.022752075902155732,
      0.022752075902155732,
      0.022752075902155732,
      0.022752075902155732,
      0.022752075902155732,
      0.022752075902155732,
      0.022752075902155732
    ],
    "heuristic": [
      0.7942700259511525,
      1.145525097546443,
      0.8002030491065544,
      0.8002030491065544,
      1.3779516235802507,
      1.1464042904309417,
      0.8002030491065544,
      1.3779516235802507,
      0.8569384477082225,
      1.3779516235802507,
      1.1487605487127452,
      0.8569384477082225,
      0.7889763920237879,
      1.1487501374367688,
      0.7969580976412289
    ],
    "random": [
      0.022908211915808326,
      0.28754655291892306,
      0.022758809466483943,
      0.09027381126787393,
      0.02285548191675007,
      0.2942703256495046,
      1.3779516235802507,
      0.02276265201562526,
      1.3779516235802507,
      0.6733886564121478,
      0.6733886564121478,
      0.15730168549701862,
      0.6733886564121478,
      0.022749562280686766,
      0.36510863662299287
    ]
  },