{
  "loglik": {
    "true_tau": [
      -2711.714183187766,
      -2711.714183187766,
      -2711.714183187766
    ],
    "heuristic": [
      -2889.1569592940436,
      -3290.269827728849,
      -2894.325562053915,
      -2809.969133632249,
      -2679.077231089615,
      -2728.01425552557,
      -2704.309471959743,
      -2753.720363087298,
      -3418.2179683434265,
      -2904.1772051739986,
      -2700.4159871405577,
      -3267.612595135646,
      -3309.123116479057,
      -2731.694561330004,
      -2893.6308196947284
    ],
    "random": [
      -2738.932812420902,
      -3908.565866061581,
      -2709.30979064521,
      -3019.790504628475,
      -2730.7462102041236,
      -3904.8555682383603,
      -4092.528371833645,
      -2709.6572686370923,
      -4092.4628811759158,
      -3923.830297857459,
      -3923.830297857459,
      -3045.2967091572477,
      -3923.830297857459,
      -2704.509029747052,
      -3903.153486479699
    ]
  },
  "tau_mae": {
    "true_tau": [
      1.4166666666666667,
      1.4166666666666667,
      1.4166666666666667
    ],
    "heuristic": [
      1.3333333333333333,
      2.1666666666666665,
      4.583333333333333,
      1.0,
      1.0,
      1.5,
      1.4166666666666667,
      0.5,
      2.3333333333333335,
      1.4166666666666667,
      1.4166666666666667,
      2.0833333333333335,
      2.25,
      1.5,
      1.4166666666666667
    ],
    "random": [
      1.9166666666666667,
      26.666666666666668,
      1.4166666666666667,
      6.666666666666667,
      1.5833333333333333,
      26.416666666666668,
      30.666666666666668,
      1.4166666666666667,
      30.666666666666668,
      28.0,
      28.0,
      1.4166666666666667,
      28.0,
      1.4166666666666667,
      26.333333333333332
    ]
  },
  "tau_nmae": {
    "true_tau": [
      0.028380935707616378,
      0.028380935707616378,
      0.028380935707616378
    ],
    "heuristic": [
      0.026885837668400688,
      0.04376483926904095,
      0.09229416766706683,
      0.02011296185140723,
      0.020078948245965053,
      0.030014922635720958,
      0.028380935707616378,
      0.01020966720021342,
      0.0470328131252501,
      0.0286219487795118,
      0.028380935707616378,
      0.04213085234093638,
      0.045398826197145525,
      0.030014922635720958,
      0.0286219487795118
    ],
    "random": [
      0.03848706149126317,
      0.5389323229291717,
      0.028380935707616378,
      0.13452714419100972,
      0.031751033746832066,
      0.5337934340402827,
      0.6197926670668267,
      0.028380935707616378,
      0.6197926670668267,
      0.5658167433640122,
      0.5658167433640122,
      0.0286219487795118,
      0.5658167433640122,
      0.028380935707616378,
      0.5321594471121781
    ]
  },
  "g1_err": {
    "true_tau": [
      0.024673694429725144,
      0.024673694429725144,
      0.024673694429725144
    ],
    "heuristic": [
      0.10638861021944979,
      0.24990383751475032,
      0.04576430424092919,
      0.0810070960210148,
      0.03517802705558055,
      0.01993121905338833,
      0.02666764334829899,
      0.06342995538326511,
      0.30013898651896886,
      0.10896657934750956,
      0.02790875484392525,
      0.2557065869805051,
      0.2709546155679966,
      0.020743900576617208,
      0.10617688186171492
    ],
    "random": [
      0.017948451300435823,
      1.4028505966021658,
      0.025245785100577723,
      0.10631624849901049,
      0.01954784718366152,
      1.368823958768297,
      0.9572950933720527,
      0.025188330118986538,
      0.8190969687152607,
      1.5487746255497614,
      1.5487746255497614,
      0.15877332955015422,
      1.5487746255497614,
      0.026419203792479806,
      1.352180953912707
    ]
  },
  "g2_err": {
    "true_tau": [
      0.04600004174747153,
      0.04600004174747153,
      0.04600004174747153
    ],
    "heuristic": [
      0.049113338643863226,
      0.050248583752858754,
      0.046009602726714255,
      0.048959348893537646,
      0.047115382947643815,
      0.04590730494129738,
      0.046039838487849226,
      0.048706550039245795,
      0.05059310816968775,
      0.04928715482769043,
      0.04603875513538663,
      0.05023553220227501,
      0.050329522858947796,
      0.045533845898557114,
      0.04926285105846388
    ],
    "random": [
      0.045508729881751434,
      0.04391976999439326,
      0.046022401068803585,
      0.04704528155953067,
      0.045754443747379886,
      0.04400612146756707,
      0.042181077614246866,
      0.046008517805722,
      0.042181077614246866,
      0.04335764037097423,
      0.04335764037097423,
      0.04969708730409455,
      0.04335764037097423,
      0.04610806235504609,
      0.04404389307319145
    ]
  },
  "d_relerr": {
    "true_tau": [
      0.03768716219318244,
      0.03768716219318244,
      0.03768716219318244
    ],
    "heuristic": [
      0.0032192017596676887,
      0.020464643336732414,
      0.08133537711619195,
      0.0031009459040358717,
      0.031446530654509516,
      0.04030661309958902,
      0.03691032390629816,
      0.021443318828459578,
      0.023773321611833327,
      0.005779001424979395,
      0.03653608091480262,
      0.019914339079415377,
      0.020835113675768582,
      0.04052334480603817,
      0.005496925265841876
    ],
    "random": [
      0.04342456161558832,
      0.5268132177149037,
      0.03742658197673645,
      0.11141709897525483,
      0.04099222978718016,
      0.477902226339731,
      1.381892295237002,
      0.03745724109349365,
      1.381892295237002,
      0.7743424891886469,
      0.7743424891886469,
      0.010188330560423923,
      0.7743424891886469,
      0.03695900873602092,
      0.46108528447201347
    ]
  },
  "v_relerr": {
    "true_tau": [
      0.00996002705816389,
      0.00996002705816389,
      0.00996002705816389
    ],
    "heuristic": [
      0.0059321699866110855,
      0.008539648069549674,
      0.011816781302697012,
      0.0011891804779911037,
      0.010754217227148845,
      0.009322187236853663,
      0.01021630466047954,
      0.006639335728337498,
      0.008596485328867946,
      0.007569843596906866,
      0.010306318989737722,
      0.008561302491728841,
      0.008584139368378482,
      0.00929997874452244,
      0.007455813707474781
    ],
    "random": [
      0.008776586380308246,
      0.7227792374353094,
      0.010046434769684125,
      0.030071674064769613,
      0.009224618602901146,
      0.7163498689516682,
      0.8158806614716565,
      0.010036844623665627,
      0.8158806614716565,
      0.7551247975076111,
      0.7551247975076111,
      0.008061528097025365,
      0.7551247975076111,
      0.010196803930914091,
      0.7140648027350517
    ]
  }
}