{
  "loglik": {
    "true_tau": [
      -2711.714183187766,
      -2711.714183187766,
      -2711.714183187766,
      -2711.714183187766,
      -2711.714183187766,
      -2711.714183187766,
      -2711.714183187766,
      -2711.714183187766,
      -2711.714183187766,
      -2711.714183187766,
      -2711.714183187766,
      -2711.714183187766,
      -2711.714183187766,
      -2711.714183187766,
      -2711.714183187766
    ],
    "heuristic": [
      -3147.6019001259688,
      -2698.801426181813,
      -2894.325562053915,
      -2686.512468716866,
      -3911.8334566887797,
      -2923.941627556447,
      -4092.3852259159344,
      -2750.203409164664,
      -3948.074677784318,
      -2698.7178388087777,
      -2700.4159871405577,
      -2711.0569545401067,
      -3941.294386718359,
      -4093.773758439316,
      -2681.077786801695
    ],
    "random": [
      -2738.932812420902,
      -3908.565866061581,
      -2709.30979064521,
      -3019.790504628475,
      -2730.7462102041236,
      -3904.8555682383603,
      -4092.528371833645,
      -2709.6572686370923,
      -4092.4628811759158,
      -3923.830297857459,
      -3923.830297857459,
      -3045.2967091572477,
      -3923.830297857459,
      -2704.509029747052,
      -3903.153486479699
    ]
  },
  "tau_mae": {
    "true_tau": [
      1.4166666666666667,
      1.4166666666666667,
      1.4166666666666667,
      1.4166666666666667,
      1.4166666666666667,
      1.4166666666666667,
      1.4166666666666667,
      1.4166666666666667,
      1.4166666666666667,
      1.4166666666666667,
      1.4166666666666667,
      1.4166666666666667,
      1.4166666666666667,
      1.4166666666666667,
      1.4166666666666667
    ],
    "heuristic": [
      8.583333333333334,
      1.4166666666666667,
      4.583333333333333,
      1.3333333333333333,
      26.666666666666668,
      1.4166666666666667,
      30.666666666666668,
      0.5,
      29.583333333333332,
      1.4166666666666667,
      1.4166666666666667,
      1.4166666666666667,
      25.25,
      30.666666666666668,
      1.0833333333333333
    ],
    "random": [
      1.9166666666666667,
      26.666666666666668,
      1.4166666666666667,
      6.666666666666667,
      1.5833333333333333,
      26.416666666666668,
      30.666666666666668,
      1.4166666666666667,
      30.666666666666668,
      28.0,
      28.0,
      1.4166666666666667,
      28.0,
      1.4166666666666667,
      26.333333333333332
    ]
  },
  "tau_nmae": {
    "true_tau": [
      0.028380935707616378,
      0.028380935707616378,
      0.028380935707616378,
      0.028380935707616378,
      0.028380935707616378,
      0.028380935707616378,
      0.028380935707616378,
      0.028380935707616378,
      0.028380935707616378,
      0.028380935707616378,
      0.028380935707616378,
      0.028380935707616378,
      0.028380935707616378,
      0.028380935707616378,
      0.028380935707616378
    ],
    "heuristic": [
      0.17329064959317061,
      0.028380935707616378,
      0.09229416766706683,
      0.026746948779511805,
      0.5389323229291717,
      0.0286219487795118,
      0.6197926670668267,
      0.01020966720021342,
      0.5979435941043084,
      0.028380935707616378,
      0.028380935707616378,
      0.028380935707616378,
      0.5104437608376685,
      0.6197926670668267,
      0.021712935174069633
    ],
    "random": [
      0.03848706149126317,
      0.5389323229291717,
      0.028380935707616378,
      0.13452714419100972,
      0.031751033746832066,
      0.5337934340402827,
      0.6197926670668267,
      0.028380935707616378,
      0.6197926670668267,
      0.5658167433640122,
      0.5658167433640122,
      0.0286219487795118,
      0.5658167433640122,
      0.028380935707616378,
      0.5321594471121781
    ]
  },
  "g1_err": {
    "true_tau": [
      0.024673694429725144,
      0.024673694429725144,
      0.024673694429725144,
      0.024673694429725144,
      0.024673694429725144,
      0.024673694429725144,
      0.024673694429725144,
      0.024673694429725144,
      0.024673694429725144,
      0.024673694429725144,
      0.024673694429725144,
      0.024673694429725144,
      0.024673694429725144,
      0.024673694429725144,
      0.024673694429725144
    ],
    "heuristic": [
      0.19282525310222937,
      0.02808168549787986,
      0.04576430424092919,
      0.0342044359549167,
      1.4204712577768985,
      0.12099833863339024,
      0.3274874195344969,
      0.07255912919908428,
      1.7465874780975288,
      0.02810077952400883,
      0.02790875484392525,
      0.02500950009779363,
      1.2188477285438528,
      0.7086848846120147,
      0.03206365703247653
    ],
    "random": [
      0.017948451300435823,
      1.4028505966021658,
      0.025245785100577723,
      0.10631624849901049,
      0.01954784718366152,
      1.368823958768297,
      0.9572950933720527,
      0.025188330118986538,
      0.8190969687152607,
      1.5487746255497614,
      1.5487746255497614,
      0.15877332955015422,
      1.5487746255497614,
      0.026419203792479806,
      1.352180953912707
    ]
  },
  "g2_err": {
    "true_tau": [
      0.04600004174747153,
      0.04600004174747153,
      0.04600004174747153,
      0.04600004174747153,
      0.04600004174747153,
      0.04600004174747153,
      0.04600004174747153,
      0.04600004174747153,
      0.04600004174747153,
      0.04600004174747153,
      0.04600004174747153,
      0.04600004174747153,
      0.04600004174747153,
      0.04600004174747153,
      0.04600004174747153
    ],
    "heuristic": [
      0.04835789509716447,
      0.0459744879429176,
      0.046009602726714255,
      0.04625597784811391,
      0.0439205533268998,
      0.049300428399152246,
      0.042181077614246866,
      0.04852749328538661,
      0.042488347003640146,
      0.04596886426293455,
      0.04603875513538663,
      0.04590179639955786,
      0.0442022777518717,
      0.042181077614246866,
      0.0472162143565385
    ],
    "random": [
      0.045508729881751434,
      0.04391976999439326,
      0.046022401068803585,
      0.04704528155953067,
      0.045754443747379886,
      0.04400612146756707,
      0.042181077614246866,
      0.046008517805722,
      0.042181077614246866,
      0.04335764037097423,
      0.04335764037097423,
      0.04969708730409455,
      0.04335764037097423,
      0.04610806235504609,
      0.04404389307319145
    ]
  },
  "d_relerr": {
    "true_tau": [
      0.03768716219318244,
      0.03768716219318244,
      0.03768716219318244,
      0.03768716219318244,
      0.03768716219318244,
      0.03768716219318244,
      0.03768716219318244,
      0.03768716219318244,
      0.03768716219318244,
      0.03768716219318244,
      0.03768716219318244,
      0.03768716219318244,
      0.03768716219318244,
      0.03768716219318244,
      0.03768716219318244
    ],
    "heuristic": [
      0.14191033061151082,
      0.0363886231556526,
      0.08133537711619195,
      0.0350417789016335,
      0.5265602004492737,
      0.0059201173459573824,
      1.381892295237002,
      0.022104498442594017,
      1.1106779471003307,
      0.0363789868096686,
      0.03653608091480262,
      0.0375711375620748,
      0.22563673307206636,
      1.381892295237002,
      0.03198185163556909
    ],
    "random": [
      0.04342456161558832,
      0.5268132177149037,
      0.03742658197673645,
      0.11141709897525483,
      0.04099222978718016,
      0.477902226339731,
      1.381892295237002,
      0.03745724109349365,
      1.381892295237002,
      0.7743424891886469,
      0.7743424891886469,
      0.010188330560423923,
      0.7743424891886469,
      0.03695900873602092,
      0.46108528447201347
    ]
  },