{
  "loglik": {
    "true_tau": [
      -2711.714183187766,
      -2711.714183187766,
      -2711.714183187766,
      -2711.714183187766,
      -2711.714183187766,
      -2711.714183187766,
      -2711.714183187766,
      -2711.714183187766,
      -2711.714183187766,
      -2711.714183187766,
      -2711.714183187766,
      -2711.714183187766,
      -2711.714183187766,
      -2711.714183187766,
      -2711.714183187766
    ],
    "heuristic": [
      -2839.5999929590253,
      -2787.625806456364,
      -2941.9691095762064,
      -3199.385848547001,
      -2710.577237855361,
      -2941.9691095762064,
      -2876.616163536229,
      -2743.0177714014494,
      -2913.143988998144,
      -3201.3577785228563,
      -2712.1989314881757,
      -2876.616163536229,
      -3175.63623857812,
      -2817.6545989853134,
      -3130.4556551675432
    ],
    "random": [
      -2738.932812420902,
      -3908.565866061581,
      -2709.30979064521,
      -3019.790504628475,
      -2730.7462102041236,
      -3904.8555682383603,
      -4092.528371833645,
      -2709.6572686370923,
      -4092.4628811759158,
      -3923.830297857459,
      -3923.830297857459,
      -3045.2967091572477,
      -3923.830297857459,
      -2704.509029747052,
      -3903.153486479699
    ]
  },
  "tau_mae": {
    "true_tau": [
      1.4166666666666667,
      1.4166666666666667,
      1.4166666666666667,
      1.4166666666666667,
      1.4166666666666667,
      1.4166666666666667,
      1.4166666666666667,
      1.4166666666666667,
      1.4166666666666667,
      1.4166666666666667,
      1.4166666666666667,
      1.4166666666666667,
      1.4166666666666667,
      1.4166666666666667,
      1.4166666666666667
    ],
    "heuristic": [
      1.3333333333333333,
      2.4166666666666665,
      1.4166666666666667,
      2.0,
      1.0,
      1.4166666666666667,
      1.3333333333333333,
      2.0,
      1.4166666666666667,
      2.0,
      1.0,
      1.3333333333333333,
      2.0,
      3.4166666666666665,
      1.75
    ],
    "random": [
      1.9166666666666667,
      26.666666666666668,
      1.4166666666666667,
      6.666666666666667,
      1.5833333333333333,
      26.416666666666668,
      30.666666666666668,
      1.4166666666666667,
      30.666666666666668,
      28.0,
      28.0,
      1.4166666666666667,
      28.0,
      1.4166666666666667,
      26.333333333333332
    ]
  },
  "tau_nmae": {
    "true_tau": [
      0.028380935707616378,
      0.028380935707616378,
      0.028380935707616378,
      0.028380935707616378,
      0.028380935707616378,
      0.028380935707616378,
      0.028380935707616378,
      0.028380935707616378,
      0.028380935707616378,
      0.028380935707616378,
      0.028380935707616378,
      0.028380935707616378,
      0.028380935707616378,
      0.028380935707616378,
      0.028380935707616378
    ],
    "heuristic": [
      0.026885837668400688,
      0.04852791116446578,
      0.0286219487795118,
      0.04043017206882753,
      0.02018107242897159,
      0.0286219487795118,
      0.026885837668400688,
      0.04012104841936775,
      0.0286219487795118,
      0.04043017206882753,
      0.02018107242897159,
      0.026885837668400688,
      0.04043017206882753,
      0.06874299719887955,
      0.03529128317993863
    ],
    "random": [
      0.03848706149126317,
      0.5389323229291717,
      0.028380935707616378,
      0.13452714419100972,
      0.031751033746832066,
      0.5337934340402827,
      0.6197926670668267,
      0.028380935707616378,
      0.6197926670668267,
      0.5658167433640122,
      0.5658167433640122,
      0.0286219487795118,
      0.5658167433640122,
      0.028380935707616378,
      0.5321594471121781
    ]
  },
  "g1_err": {
    "true_tau": [
      0.024673694429725144,
      0.024673694429725144,
      0.024673694429725144,
      0.024673694429725144,
      0.024673694429725144,
      0.024673694429725144,
      0.024673694429725144,
      0.024673694429725144,
      0.024673694429725144,
      0.024673694429725144,
      0.024673694429725144,
      0.024673694429725144,
      0.024673694429725144,
      0.024673694429725144,
      0.024673694429725144
    ],
    "heuristic": [
      0.08529977317806757,
      0.01551393433305409,
      0.11797117270027278,
      0.2245562387457476,
      0.05056400406674028,
      0.11797117270027278,
      0.09957596635441361,
      0.016856482792967396,
      0.11148157951260877,
      0.21969509066945525,
      0.049825299258063664,
      0.09957596635441361,
      0.2119025118969086,
      0.02125322290772583,
      0.19068744001356253
    ],
    "random": [
      0.017948451300435823,
      1.4028505966021658,
      0.025245785100577723,
      0.10631624849901049,
      0.01954784718366152,
      1.368823958768297,
      0.9572950933720527,
      0.025188330118986538,
      0.8190969687152607,
      1.5487746255497614,
      1.5487746255497614,
      0.15877332955015422,
      1.5487746255497614,
      0.026419203792479806,
      1.352180953912707
    ]
  },
  "g2_err": {
    "true_tau": [
      0.04600004174747153,
      0.04600004174747153,
      0.04600004174747153,
      0.04600004174747153,
      0.04600004174747153,
      0.04600004174747153,
      0.04600004174747153,
      0.04600004174747153,
      0.04600004174747153,
      0.04600004174747153,
      0.04600004174747153,
      0.04600004174747153,
      0.04600004174747153,
      0.04600004174747153,
      0.04600004174747153
    ],
    "heuristic": [
      0.049110522282839845,
      0.04550569810485407,
      0.049405668566815254,
      0.050103128765613306,
      0.04822717900749707,
      0.049405668566815254,
      0.04915016864545834,
      0.045466729429677506,
      0.04930756855194435,
      0.05011017622970758,
      0.048270903734332404,
      0.04915016864545834,
      0.05008105947093489,
      0.04556488872703044,
      0.04995983658669417
    ],
    "random": [
      0.045508729881751434,
      0.04391976999439326,
      0.046022401068803585,
      0.04704528155953067,
      0.045754443747379886,
      0.04400612146756707,
      0.042181077614246866,
      0.046008517805722,
      0.042181077614246866,
      0.04335764037097423,
      0.04335764037097423,
      0.04969708730409455,
      0.04335764037097423,
      0.04610806235504609,
      0.04404389307319145
    ]
  },
  "d_relerr": {
    "true_tau": [
      0.03768716219318244,
      0.03768716219318244,
      0.03768716219318244,
      0.03768716219318244,
      0.03768716219318244,
      0.03768716219318244,
      0.03768716219318244,
      0.03768716219318244,
      0.03768716219318244,
      0.03768716219318244,
      0.03768716219318244,
      0.03768716219318244,
      0.03768716219318244,
      0.03768716219318244,
      0.03768716219318244
    ],
    "heuristic": [
      0.0023115906592146088,
      0.05524747877016831,
      0.00701230082669636,
      0.01780531588403168,
      0.028769513970514107,
      0.00701230082669636,
      0.003710432797515945,
      0.04470909447008763,
      0.005992570076926759,
      0.0181385286329198,
      0.029140627050530794,
      0.003710432797515945,
      0.017004235314532982,
      0.06544020282429114,
      0.01465511399310027
    ],
    "random": [
      0.04342456161558832,
      0.5268132177149037,
      0.03742658197673645,
      0.11141709897525483,
      0.04099222978718016,
      0.477902226339731,
      1.381892295237002,
      0.03745724109349365,
      1.381892295237002,
      0.7743424891886469,
      0.7743424891886469,
      0.010188330560423923,
      0.7743424891886469,
      0.03695900873602092,
      0.46108528447201347
    ]
  },