{
  "ModelObjectiveFinal": -1438.5336835869837,
  "TrainingLogLikelihoodFinal": -1438.5336835869837
}
