{
  "ModelObjectiveFinal": 1078.0225691654807,
  "SegmentationLogLikelihoodFinal": 1078.0225691654807,
  "PosthocObjectiveFinal": -4166666960.075322,
  "PosthocFeatureObjectiveFinal": -4166666960.075322
}
