method,dataset,dataset_seed,method_seed,ConstraintErrorMatrix,ConstraintErrorMatrixRaw,ConstraintFeatureNames,ConstraintFeatureScales,ConstraintLearnedRawValueMatrix,ConstraintLearnedSemanticsMatrix,ConstraintLearnedValueMatrix,ConstraintLearnedValuePerDemo,ConstraintPredictedActiveMask,ConstraintSemanticsMatrix,ConstraintTargetMatrix,ConstraintTrueActiveMask,MeanAbsCutpointError,MeanConstraintError,MeanConstraintErrorRaw,MeanStageSubgoalError,ModelObjectiveFinal,PosthocFeatureObjectiveFinal,PosthocObjectiveFinal,SegmentationLogLikelihoodFinal,SegmentationObjectiveFinal,TrainingLogLikelihoodFinal,TrainingTotalCostFinal
arhsmm,S3ObsAvoid,0,0,"[[0.005249171714233969, nan, nan, nan, nan, nan], [nan, 0.048523958313510106, nan, nan, nan, nan], [nan, 0.006739614372399668, 0.0002940282578561796, nan, nan, nan]]","[[0.005306385530202684, nan, nan, nan, nan, nan], [nan, 0.01181069021560733, nan, nan, nan, nan], [nan, 0.001640416410606492, 0.0004274707786298959, nan, nan, nan]]","['obs_dist', 'speed', 'arc_dist', 'heading', 'line_dist', 'noise']","[1.0108995893225536, 0.24339915015381136, 1.4538425039371152, 6.387025952852821, 0.7053944830250763, 0.7518907301580552]","[[0.39469361446979734, 0.0850436913081423, 0.4029400435323084, -2.06720148757222, 0.8788553249746032, 0.0010656367376668517], [1.0759495368040901, 0.04318930978439267, 0.4029400435323084, -2.06720148757222, 0.8788553249746032, 0.0010656367376668517], [1.0759495368040901, 0.043359583589393506, 0.19957252922137012, -2.06720148757222, 0.8788553249746032, 0.0010656367376668517]]",,"[[0.39469361446979734, nan, nan, nan, nan, nan], [nan, 0.04318930978439267, nan, nan, nan, nan], [nan, 0.043359583589393506, 0.19957252922137012, nan, nan, nan]]",[],"[[1, 0, 0, 0, 0, 0], [0, 1, 0, 0, 0, 0], [0, 1, 1, 0, 0, 0]]","[['lower_bound', '', '', '', '', ''], ['', 'target_value', '', '', '', ''], ['', 'target_value', 'target_value', '', '', '']]","[[0.4, nan, nan, nan, nan, nan], [nan, 0.055, nan, nan, nan, nan], [nan, 0.045, 0.2, nan, nan, nan]]","[[1, 0, 0, 0, 0, 0], [0, 1, 0, 0, 0, 0], [0, 1, 1, 0, 0, 0]]",26.35,0.015201693164499982,0.0047962407337616,0.2306352967168542,1196.9000200486098,-4999999460.357618,-4999999460.357618,1196.9000200486098,,,
arhsmm,S3ObsAvoid,0,1,"[[0.014710851861884191, nan, nan, nan, nan, nan], [nan, 0.04569596107862972, nan, nan, nan, nan], [nan, 0.008102679600960174, 0.0003376572215318369, nan, nan, nan]]","[[0.014871194105763652, nan, nan, nan, nan, nan], [nan, 0.011122358092000115, nan, nan, nan, nan], [nan, 0.0019721853288423297, 0.000490900420424295, nan, nan, nan]]","['obs_dist', 'speed', 'arc_dist', 'heading', 'line_dist', 'noise']","[1.0108995893225536, 0.24339915015381136, 1.4538425039371152, 6.387025952852821, 0.7053944830250763, 0.7518907301580552]","[[0.38512880589423637, 0.0850436913081423, 0.4029400435323084, -2.06720148757222, 0.8788553249746032, 0.0010656367376668517], [1.0759495368040901, 0.043877641907999886, 0.4029400435323084, -2.06720148757222, 0.8788553249746032, 0.0010656367376668517], [1.0759495368040901, 0.04302781467115767, 0.19950909957957572, -2.06720148757222, 0.8788553249746032, 0.0010656367376668517]]",,"[[0.38512880589423637, nan, nan, nan, nan, nan], [nan, 0.043877641907999886, nan, nan, nan, nan], [nan, 0.04302781467115767, 0.19950909957957572, nan, nan, nan]]",[],"[[1, 0, 0, 0, 0, 0], [0, 1, 0, 0, 0, 0], [0, 1, 1, 0, 0, 0]]","[['lower_bound', '', '', '', '', ''], ['', 'target_value', '', '', '', ''], ['', 'target_value', 'target_value', '', '', '']]","[[0.4, nan, nan, nan, nan, nan], [nan, 0.055, nan, nan, nan, nan], [nan, 0.045, 0.2, nan, nan, nan]]","[[1, 0, 0, 0, 0, 0], [0, 1, 0, 0, 0, 0], [0, 1, 1, 0, 0, 0]]",52.15,0.017211787440751483,0.007114159486757598,0.16565567365497244,754.3245646617208,-1000000874.6092489,-1000000874.6092489,754.3245646617208,,,
arhsmm,S3ObsAvoid,0,2,"[[0.010160193026095648, nan, nan, nan, nan, nan], [nan, 0.045094425769917124, nan, nan, nan, nan], [nan, 0.008404916000126796, 0.0003708056900886457, nan, nan, nan]]","[[0.010270934957517963, nan, nan, nan, nan, nan], [nan, 0.010975944909071958, nan, nan, nan, nan], [nan, 0.0020457494115450336, 0.0005390930729526067, nan, nan, nan]]","['obs_dist', 'speed', 'arc_dist', 'heading', 'line_dist', 'noise']","[1.0108995893225536, 0.24339915015381136, 1.4538425039371152, 6.387025952852821, 0.7053944830250763, 0.7518907301580552]","[[0.38972906504248206, 0.0850436913081423, 0.4029400435323084, -2.06720148757222, 0.8788553249746032, 0.0010656367376668517], [1.0759495368040901, 0.04402405509092804, 0.4029400435323084, -2.06720148757222, 0.8788553249746032, 0.0010656367376668517], [1.0759495368040901, 0.042954250588454965, 0.1994609069270474, -2.06720148757222, 0.8788553249746032, 0.0010656367376668517]]",,"[[0.38972906504248206, nan, nan, nan, nan, nan], [nan, 0.04402405509092804, nan, nan, nan, nan], [nan, 0.042954250588454965, 0.1994609069270474, nan, nan, nan]]",[],"[[1, 0, 0, 0, 0, 0], [0, 1, 0, 0, 0, 0], [0, 1, 1, 0, 0, 0]]","[['lower_bound', '', '', '', '', ''], ['', 'target_value', '', '', '', ''], ['', 'target_value', 'target_value', '', '', '']]","[[0.4, nan, nan, nan, nan, nan], [nan, 0.055, nan, nan, nan, nan], [nan, 0.045, 0.2, nan, nan, nan]]","[[1, 0, 0, 0, 0, 0], [0, 1, 0, 0, 0, 0], [0, 1, 1, 0, 0, 0]]",37.2,0.016007585121557054,0.00595793058777189,0.24250023166873685,1068.8045149732388,-2999999956.7165895,-2999999956.7165895,1068.8045149732388,,,
arhsmm,S3ObsAvoid,0,3,"[[0.004802669905712365, nan, nan, nan, nan, nan], [nan, 0.1808267724857615, nan, nan, nan, nan], [nan, 0.005155573204080662, 0.00022105346557390687, nan, nan, nan]]","[[0.0048550170353364175, nan, nan, nan, nan, nan], [nan, 0.04401308274809095, nan, nan, nan, nan], [nan, 0.0012548621364289955, 0.0003213769238939457, nan, nan, nan]]","['obs_dist', 'speed', 'arc_dist', 'heading', 'line_dist', 'noise']","[1.0108995893225536, 0.24339915015381136, 1.4538425039371152, 6.387025952852821, 0.7053944830250763, 0.7518907301580552]","[[0.3951449829646636, 0.0850436913081423, 0.4029400435323084, -2.06720148757222, 0.8788553249746032, 0.0010656367376668517], [1.0759495368040901, 0.09901308274809095, 0.4029400435323084, -2.06720148757222, 0.8788553249746032, 0.0010656367376668517], [1.0759495368040901, 0.043745137863571, 0.19967862307610607, -2.06720148757222, 0.8788553249746032, 0.0010656367376668517]]",,"[[0.3951449829646636, nan, nan, nan, nan, nan], [nan, 0.09901308274809095, nan, nan, nan, nan], [nan, 0.043745137863571, 0.19967862307610607, nan, nan, nan]]",[],"[[1, 0, 0, 0, 0, 0], [0, 1, 0, 0, 0, 0], [0, 1, 1, 0, 0, 0]]","[['lower_bound', '', '', '', '', ''], ['', 'target_value', '', '', '', ''], ['', 'target_value', 'target_value', '', '', '']]","[[0.4, nan, nan, nan, nan, nan], [nan, 0.055, nan, nan, nan, nan], [nan, 0.045, 0.2, nan, nan, nan]]","[[1, 0, 0, 0, 0, 0], [0, 1, 0, 0, 0, 0], [0, 1, 1, 0, 0, 0]]",5.95,0.047751517265282116,0.012611084710937578,0.14813114538391892,1111.3035847619703,-5999999272.686973,-5999999272.686973,1111.3035847619703,,,
arhsmm,S3ObsAvoid,0,4,"[[0.005249171714233969, nan, nan, nan, nan, nan], [nan, 0.04714447769265741, nan, nan, nan, nan], [nan, 0.008282229447276714, 0.0003831107105683009, nan, nan, nan]]","[[0.005306385530202684, nan, nan, nan, nan, nan], [nan, 0.01147492580483813, nan, nan, nan, nan], [nan, 0.002015887608846023, 0.000556982634737746, nan, nan, nan]]","['obs_dist', 'speed', 'arc_dist', 'heading', 'line_dist', 'noise']","[1.0108995893225536, 0.24339915015381136, 1.4538425039371152, 6.387025952852821, 0.7053944830250763, 0.7518907301580552]","[[0.39469361446979734, 0.0850436913081423, 0.4029400435323084, -2.06720148757222, 0.8788553249746032, 0.0010656367376668517], [1.0759495368040901, 0.04352507419516187, 0.4029400435323084, -2.06720148757222, 0.8788553249746032, 0.0010656367376668517], [1.0759495368040901, 0.042984112391153975, 0.19944301736526227, -2.06720148757222, 0.8788553249746032, 0.0010656367376668517]]",,"[[0.39469361446979734, nan, nan, nan, nan, nan], [nan, 0.04352507419516187, nan, nan, nan, nan], [nan, 0.042984112391153975, 0.19944301736526227, nan, nan, nan]]",[],"[[1, 0, 0, 0, 0, 0], [0, 1, 0, 0, 0, 0], [0, 1, 1, 0, 0, 0]]","[['lower_bound', '', '', '', '', ''], ['', 'target_value', '', '', '', ''], ['', 'target_value', 'target_value', '', '', '']]","[[0.4, nan, nan, nan, nan, nan], [nan, 0.055, nan, nan, nan, nan], [nan, 0.045, 0.2, nan, nan, nan]]","[[1, 0, 0, 0, 0, 0], [0, 1, 0, 0, 0, 0], [0, 1, 1, 0, 0, 0]]",31.3,0.015264747391184096,0.004838545394656146,0.17851146017476047,1177.8443177270506,-4999999549.949433,-4999999549.949433,1177.8443177270506,,,
arhsmm,S3ObsAvoid,0,5,"[[0.004802669905712365, nan, nan, nan, nan, nan], [nan, 0.003478524769392802, nan, nan, nan, nan], [nan, 0.00682473025186461, 0.0002860764747618473, nan, nan, nan]]","[[0.0048550170353364175, nan, nan, nan, nan, nan], [nan, 0.0008466699726591906, nan, nan, nan, nan], [nan, 0.001661133543332853, 0.000415910138385267, nan, nan, nan]]","['obs_dist', 'speed', 'arc_dist', 'heading', 'line_dist', 'noise']","[1.0108995893225536, 0.24339915015381136, 1.4538425039371152, 6.387025952852821, 0.7053944830250763, 0.7518907301580552]","[[0.3951449829646636, 0.0850436913081423, 0.4029400435323084, -2.06720148757222, 0.8788553249746032, 0.0010656367376668517], [1.0759495368040901, 0.05415333002734081, 0.4029400435323084, -2.06720148757222, 0.8788553249746032, 0.0010656367376668517], [1.0759495368040901, 0.043338866456667145, 0.19958408986161474, -2.06720148757222, 0.8788553249746032, 0.0010656367376668517]]",,"[[0.3951449829646636, nan, nan, nan, nan, nan], [nan, 0.05415333002734081, nan, nan, nan, nan], [nan, 0.043338866456667145, 0.19958408986161474, nan, nan, nan]]",[],"[[1, 0, 0, 0, 0, 0], [0, 1, 0, 0, 0, 0], [0, 1, 1, 0, 0, 0]]","[['lower_bound', '', '', '', '', ''], ['', 'target_value', '', '', '', ''], ['', 'target_value', 'target_value', '', '', '']]","[[0.4, nan, nan, nan, nan, nan], [nan, 0.055, nan, nan, nan, nan], [nan, 0.045, 0.2, nan, nan, nan]]","[[1, 0, 0, 0, 0, 0], [0, 1, 0, 0, 0, 0], [0, 1, 1, 0, 0, 0]]",0.0,0.003848000350432906,0.001944682672428432,0.06596144777425623,1312.1824133470568,-5999999413.654017,-5999999413.654017,1312.1824133470568,,,
arhsmm,S3ObsAvoid,0,6,"[[0.010160193026095648, nan, nan, nan, nan, nan], [nan, 0.0460439709475761, nan, nan, nan, nan], [nan, 0.008730687087469735, 0.0001911730648029999, nan, nan, nan]]","[[0.010270934957517963, nan, nan, nan, nan, nan], [nan, 0.011207063398346803, nan, nan, nan, nan], [nan, 0.0021250418173489882, 0.00027793552721852577, nan, nan, nan]]","['obs_dist', 'speed', 'arc_dist', 'heading', 'line_dist', 'noise']","[1.0108995893225536, 0.24339915015381136, 1.4538425039371152, 6.387025952852821, 0.7053944830250763, 0.7518907301580552]","[[0.38972906504248206, 0.0850436913081423, 0.4029400435323084, -2.06720148757222, 0.8788553249746032, 0.0010656367376668517], [1.0759495368040901, 0.0437929366016532, 0.4029400435323084, -2.06720148757222, 0.8788553249746032, 0.0010656367376668517], [1.0759495368040901, 0.04287495818265101, 0.19972206447278149, -2.06720148757222, 0.8788553249746032, 0.0010656367376668517]]",,"[[0.38972906504248206, nan, nan, nan, nan, nan], [nan, 0.0437929366016532, nan, nan, nan, nan], [nan, 0.04287495818265101, 0.19972206447278149, nan, nan, nan]]",[],"[[1, 0, 0, 0, 0, 0], [0, 1, 0, 0, 0, 0], [0, 1, 1, 0, 0, 0]]","[['lower_bound', '', '', '', '', ''], ['', 'target_value', '', '', '', ''], ['', 'target_value', 'target_value', '', '', '']]","[[0.4, nan, nan, nan, nan, nan], [nan, 0.055, nan, nan, nan, nan], [nan, 0.045, 0.2, nan, nan, nan]]","[[1, 0, 0, 0, 0, 0], [0, 1, 0, 0, 0, 0], [0, 1, 1, 0, 0, 0]]",40.25,0.01628150603148612,0.00597024392510807,0.20275707541862448,1033.0569123180655,-3000000054.222044,-3000000054.222044,1033.0569123180655,,,
arhsmm,S3ObsAvoid,0,7,"[[0.004802669905712365, nan, nan, nan, nan, nan], [nan, 0.03748158759338076, nan, nan, nan, nan], [nan, 0.005981714417981039, 0.00024836005615822275, nan, nan, nan]]","[[0.0048550170353364175, nan, nan, nan, nan, nan], [nan, 0.009122986566644516, nan, nan, nan, nan], [nan, 0.0014559442057993852, 0.00036107640592303314, nan, nan, nan]]","['obs_dist', 'speed', 'arc_dist', 'heading', 'line_dist', 'noise']","[1.0108995893225536, 0.24339915015381136, 1.4538425039371152, 6.387025952852821, 0.7053944830250763, 0.7518907301580552]","[[0.3951449829646636, 0.0850436913081423, 0.4029400435323084, -2.06720148757222, 0.8788553249746032, 0.0010656367376668517], [1.0759495368040901, 0.045877013433355485, 0.4029400435323084, -2.06720148757222, 0.8788553249746032, 0.0010656367376668517], [1.0759495368040901, 0.04354405579420061, 0.19963892359407698, -2.06720148757222, 0.8788553249746032, 0.0010656367376668517]]",,"[[0.3951449829646636, nan, nan, nan, nan, nan], [nan, 0.045877013433355485, nan, nan, nan, nan], [nan, 0.04354405579420061, 0.19963892359407698, nan, nan, nan]]",[],"[[1, 0, 0, 0, 0, 0], [0, 1, 0, 0, 0, 0], [0, 1, 1, 0, 0, 0]]","[['lower_bound', '', '', '', '', ''], ['', 'target_value', '', '', '', ''], ['', 'target_value', 'target_value', '', '', '']]","[[0.4, nan, nan, nan, nan, nan], [nan, 0.055, nan, nan, nan, nan], [nan, 0.045, 0.2, nan, nan, nan]]","[[1, 0, 0, 0, 0, 0], [0, 1, 0, 0, 0, 0], [0, 1, 1, 0, 0, 0]]",17.55,0.012128582993308094,0.003948756053425838,0.18486876789758247,1267.2517124448334,-5999999055.557216,-5999999055.557216,1267.2517124448334,,,
arhsmm,S3ObsAvoid,0,8,"[[0.005249171714233969, nan, nan, nan, nan, nan], [nan, 0.04714447769265741, nan, nan, nan, nan], [nan, 0.008282229447276714, 0.0003831107105683009, nan, nan, nan]]","[[0.005306385530202684, nan, nan, nan, nan, nan], [nan, 0.01147492580483813, nan, nan, nan, nan], [nan, 0.002015887608846023, 0.000556982634737746, nan, nan, nan]]","['obs_dist', 'speed', 'arc_dist', 'heading', 'line_dist', 'noise']","[1.0108995893225536, 0.24339915015381136, 1.4538425039371152, 6.387025952852821, 0.7053944830250763, 0.7518907301580552]","[[0.39469361446979734, 0.0850436913081423, 0.4029400435323084, -2.06720148757222, 0.8788553249746032, 0.0010656367376668517], [1.0759495368040901, 0.04352507419516187, 0.4029400435323084, -2.06720148757222, 0.8788553249746032, 0.0010656367376668517], [1.0759495368040901, 0.042984112391153975, 0.19944301736526227, -2.06720148757222, 0.8788553249746032, 0.0010656367376668517]]",,"[[0.39469361446979734, nan, nan, nan, nan, nan], [nan, 0.04352507419516187, nan, nan, nan, nan], [nan, 0.042984112391153975, 0.19944301736526227, nan, nan, nan]]",[],"[[1, 0, 0, 0, 0, 0], [0, 1, 0, 0, 0, 0], [0, 1, 1, 0, 0, 0]]","[['lower_bound', '', '', '', '', ''], ['', 'target_value', '', '', '', ''], ['', 'target_value', 'target_value', '', '', '']]","[[0.4, nan, nan, nan, nan, nan], [nan, 0.055, nan, nan, nan, nan], [nan, 0.045, 0.2, nan, nan, nan]]","[[1, 0, 0, 0, 0, 0], [0, 1, 0, 0, 0, 0], [0, 1, 1, 0, 0, 0]]",31.3,0.015264747391184096,0.004838545394656146,0.17851146017476047,1177.8443177270506,-4999999549.949433,-4999999549.949433,1177.8443177270506,,,
arhsmm,S3ObsAvoid,0,9,"[[0.07874442653800386, nan, nan, nan, nan, nan], [nan, 0.8340692278169087, nan, nan, nan, nan], [nan, 0.0029788803755539067, 0.00022404551232539432, nan, nan, nan]]","[[0.07960270844870809, nan, nan, nan, nan, nan], [nan, 0.20301174122008125, nan, nan, nan, nan], [nan, 0.0007250569518196873, 0.0003257268886350251, nan, nan, nan]]","['obs_dist', 'speed', 'arc_dist', 'heading', 'line_dist', 'noise']","[1.0108995893225536, 0.24339915015381136, 1.4538425039371152, 6.387025952852821, 0.7053944830250763, 0.7518907301580552]","[[0.4796027084487081, 0.0850436913081423, 0.4029400435323084, -2.06720148757222, 0.8788553249746032, 0.0010656367376668517], [1.0759495368040901, 0.25801174122008125, 0.4029400435323084, -2.06720148757222, 0.8788553249746032, 0.0010656367376668517], [1.0759495368040901, 0.04427494304818031, 0.19967427311136499, -2.06720148757222, 0.8788553249746032, 0.0010656367376668517]]",,"[[0.4796027084487081, nan, nan, nan, nan, nan], [nan, 0.25801174122008125, nan, nan, nan, nan], [nan, 0.04427494304818031, 0.19967427311136499, nan, nan, nan]]",[],"[[1, 0, 0, 0, 0, 0], [0, 1, 0, 0, 0, 0], [0, 1, 1, 0, 0, 0]]","[['lower_bound', '', '', '', '', ''], ['', 'target_value', '', '', '', ''], ['', 'target_value', 'target_value', '', '', '']]","[[0.4, nan, nan, nan, nan, nan], [nan, 0.055, nan, nan, nan, nan], [nan, 0.045, 0.2, nan, nan, nan]]","[[1, 0, 0, 0, 0, 0], [0, 1, 0, 0, 0, 0], [0, 1, 1, 0, 0, 0]]",13.0,0.22900414506069797,0.07091630837731101,0.5731004608859772,1166.326435070946,-7999999053.335606,-7999999053.335606,1166.326435070946,,,
cluster,S3ObsAvoid,0,0,"[[0.00475297839217011, nan, nan, nan, nan, nan], [nan, 0.030903617217017336, nan, nan, nan, nan], [nan, 0.005482894217487776, 0.0004486887343084605, nan, nan, nan]]","[[0.0048047839047037355, nan, nan, nan, nan, nan], [nan, 0.0075219141673007126, nan, nan, nan, nan], [nan, 0.0013345317929197714, 0.0006523227529753872, nan, nan, nan]]","['obs_dist', 'speed', 'arc_dist', 'heading', 'line_dist', 'noise']","[1.0108995893225536, 0.24339915015381136, 1.4538425039371152, 6.387025952852821, 0.7053944830250763, 0.7518907301580552]","[[0.3951952160952963, 0.0850436913081423, 0.4029400435323084, -2.06720148757222, 0.8788553249746032, 0.0010656367376668517], [1.0759495368040901, 0.04747808583269929, 0.4029400435323084, -2.06720148757222, 0.8788553249746032, 0.0010656367376668517], [1.0759495368040901, 0.04366546820708023, 0.19934767724702462, -2.06720148757222, 0.8788553249746032, 0.0010656367376668517]]",,"[[0.3951952160952963, nan, nan, nan, nan, nan], [nan, 0.04747808583269929, nan, nan, nan, nan], [nan, 0.04366546820708023, 0.19934767724702462, nan, nan, nan]]",[],"[[1, 0, 0, 0, 0, 0], [0, 1, 0, 0, 0, 0], [0, 1, 1, 0, 0, 0]]","[['lower_bound', '', '', '', '', ''], ['', 'target_value', '', '', '', ''], ['', 'target_value', 'target_value', '', '', '']]","[[0.4, nan, nan, nan, nan, nan], [nan, 0.055, nan, nan, nan, nan], [nan, 0.045, 0.2, nan, nan, nan]]","[[1, 0, 0, 0, 0, 0], [0, 1, 0, 0, 0, 0], [0, 1, 1, 0, 0, 0]]",9.75,0.010397044640245923,0.0035783881544749017,0.17765904527283988,2350.1090519961663,-5999998970.042557,-5999998970.042557,,2350.1090519961663,,
cluster,S3ObsAvoid,0,1,"[[0.00475297839217011, nan, nan, nan, nan, nan], [nan, 0.030903617217017336, nan, nan, nan, nan], [nan, 0.005482894217487776, 0.0004486887343084605, nan, nan, nan]]","[[0.0048047839047037355, nan, nan, nan, nan, nan], [nan, 0.0075219141673007126, nan, nan, nan, nan], [nan, 0.0013345317929197714, 0.0006523227529753872, nan, nan, nan]]","['obs_dist', 'speed', 'arc_dist', 'heading', 'line_dist', 'noise']","[1.0108995893225536, 0.24339915015381136, 1.4538425039371152, 6.387025952852821, 0.7053944830250763, 0.7518907301580552]","[[0.3951952160952963, 0.0850436913081423, 0.4029400435323084, -2.06720148757222, 0.8788553249746032, 0.0010656367376668517], [1.0759495368040901, 0.04747808583269929, 0.4029400435323084, -2.06720148757222, 0.8788553249746032, 0.0010656367376668517], [1.0759495368040901, 0.04366546820708023, 0.19934767724702462, -2.06720148757222, 0.8788553249746032, 0.0010656367376668517]]",,"[[0.3951952160952963, nan, nan, nan, nan, nan], [nan, 0.04747808583269929, nan, nan, nan, nan], [nan, 0.04366546820708023, 0.19934767724702462, nan, nan, nan]]",[],"[[1, 0, 0, 0, 0, 0], [0, 1, 0, 0, 0, 0], [0, 1, 1, 0, 0, 0]]","[['lower_bound', '', '', '', '', ''], ['', 'target_value', '', '', '', ''], ['', 'target_value', 'target_value', '', '', '']]","[[0.4, nan, nan, nan, nan, nan], [nan, 0.055, nan, nan, nan, nan], [nan, 0.045, 0.2, nan, nan, nan]]","[[1, 0, 0, 0, 0, 0], [0, 1, 0, 0, 0, 0], [0, 1, 1, 0, 0, 0]]",9.75,0.010397044640245923,0.0035783881544749017,0.17765904527283988,2350.1090519961663,-5999998970.042557,-5999998970.042557,,2350.1090519961663,,
cluster,S3ObsAvoid,0,2,"[[0.00475297839217011, nan, nan, nan, nan, nan], [nan, 0.030903617217017336, nan, nan, nan, nan], [nan, 0.005482894217487776, 0.0004486887343084605, nan, nan, nan]]","[[0.0048047839047037355, nan, nan, nan, nan, nan], [nan, 0.0075219141673007126, nan, nan, nan, nan], [nan, 0.0013345317929197714, 0.0006523227529753872, nan, nan, nan]]","['obs_dist', 'speed', 'arc_dist', 'heading', 'line_dist', 'noise']","[1.0108995893225536, 0.24339915015381136, 1.4538425039371152, 6.387025952852821, 0.7053944830250763, 0.7518907301580552]","[[0.3951952160952963, 0.0850436913081423, 0.4029400435323084, -2.06720148757222, 0.8788553249746032, 0.0010656367376668517], [1.0759495368040901, 0.04747808583269929, 0.4029400435323084, -2.06720148757222, 0.8788553249746032, 0.0010656367376668517], [1.0759495368040901, 0.04366546820708023, 0.19934767724702462, -2.06720148757222, 0.8788553249746032, 0.0010656367376668517]]",,"[[0.3951952160952963, nan, nan, nan, nan, nan], [nan, 0.04747808583269929, nan, nan, nan, nan], [nan, 0.04366546820708023, 0.19934767724702462, nan, nan, nan]]",[],"[[1, 0, 0, 0, 0, 0], [0, 1, 0, 0, 0, 0], [0, 1, 1, 0, 0, 0]]","[['lower_bound', '', '', '', '', ''], ['', 'target_value', '', '', '', ''], ['', 'target_value', 'target_value', '', '', '']]","[[0.4, nan, nan, nan, nan, nan], [nan, 0.055, nan, nan, nan, nan], [nan, 0.045, 0.2, nan, nan, nan]]","[[1, 0, 0, 0, 0, 0], [0, 1, 0, 0, 0, 0], [0, 1, 1, 0, 0, 0]]",9.75,0.010397044640245923,0.0035783881544749017,0.17765904527283988,2350.1090519961663,-5999998970.042557,-5999998970.042557,,2350.1090519961663,,
cluster,S3ObsAvoid,0,3,"[[0.00475297839217011, nan, nan, nan, nan, nan], [nan, 0.030903617217017336, nan, nan, nan, nan], [nan, 0.005482894217487776, 0.0004486887343084605, nan, nan, nan]]","[[0.0048047839047037355, nan, nan, nan, nan, nan], [nan, 0.0075219141673007126, nan, nan, nan, nan], [nan, 0.0013345317929197714, 0.0006523227529753872, nan, nan, nan]]","['obs_dist', 'speed', 'arc_dist', 'heading', 'line_dist', 'noise']","[1.0108995893225536, 0.24339915015381136, 1.4538425039371152, 6.387025952852821, 0.7053944830250763, 0.7518907301580552]","[[0.3951952160952963, 0.0850436913081423, 0.4029400435323084, -2.06720148757222, 0.8788553249746032, 0.0010656367376668517], [1.0759495368040901, 0.04747808583269929, 0.4029400435323084, -2.06720148757222, 0.8788553249746032, 0.0010656367376668517], [1.0759495368040901, 0.04366546820708023, 0.19934767724702462, -2.06720148757222, 0.8788553249746032, 0.0010656367376668517]]",,"[[0.3951952160952963, nan, nan, nan, nan, nan], [nan, 0.04747808583269929, nan, nan, nan, nan], [nan, 0.04366546820708023, 0.19934767724702462, nan, nan, nan]]",[],"[[1, 0, 0, 0, 0, 0], [0, 1, 0, 0, 0, 0], [0, 1, 1, 0, 0, 0]]","[['lower_bound', '', '', '', '', ''], ['', 'target_value', '', '', '', ''], ['', 'target_value', 'target_value', '', '', '']]","[[0.4, nan, nan, nan, nan, nan], [nan, 0.055, nan, nan, nan, nan], [nan, 0.045, 0.2, nan, nan, nan]]","[[1, 0, 0, 0, 0, 0], [0, 1, 0, 0, 0, 0], [0, 1, 1, 0, 0, 0]]",9.75,0.010397044640245923,0.0035783881544749017,0.17765904527283988,2350.1090519961663,-5999998970.042557,-5999998970.042557,,2350.1090519961663,,
cluster,S3ObsAvoid,0,4,"[[0.00475297839217011, nan, nan, nan, nan, nan], [nan, 0.030903617217017336, nan, nan, nan, nan], [nan, 0.005482894217487776, 0.0004486887343084605, nan, nan, nan]]","[[0.0048047839047037355, nan, nan, nan, nan, nan], [nan, 0.0075219141673007126, nan, nan, nan, nan], [nan, 0.0013345317929197714, 0.0006523227529753872, nan, nan, nan]]","['obs_dist', 'speed', 'arc_dist', 'heading', 'line_dist', 'noise']","[1.0108995893225536, 0.24339915015381136, 1.4538425039371152, 6.387025952852821, 0.7053944830250763, 0.7518907301580552]","[[0.3951952160952963, 0.0850436913081423, 0.4029400435323084, -2.06720148757222, 0.8788553249746032, 0.0010656367376668517], [1.0759495368040901, 0.04747808583269929, 0.4029400435323084, -2.06720148757222, 0.8788553249746032, 0.0010656367376668517], [1.0759495368040901, 0.04366546820708023, 0.19934767724702462, -2.06720148757222, 0.8788553249746032, 0.0010656367376668517]]",,"[[0.3951952160952963, nan, nan, nan, nan, nan], [nan, 0.04747808583269929, nan, nan, nan, nan], [nan, 0.04366546820708023, 0.19934767724702462, nan, nan, nan]]",[],"[[1, 0, 0, 0, 0, 0], [0, 1, 0, 0, 0, 0], [0, 1, 1, 0, 0, 0]]","[['lower_bound', '', '', '', '', ''], ['', 'target_value', '', '', '', ''], ['', 'target_value', 'target_value', '', '', '']]","[[0.4, nan, nan, nan, nan, nan], [nan, 0.055, nan, nan, nan, nan], [nan, 0.045, 0.2, nan, nan, nan]]","[[1, 0, 0, 0, 0, 0], [0, 1, 0, 0, 0, 0], [0, 1, 1, 0, 0, 0]]",9.75,0.010397044640245923,0.0035783881544749017,0.17765904527283988,2350.1090519961663,-5999998970.042557,-5999998970.042557,,2350.1090519961663,,
cluster,S3ObsAvoid,0,5,"[[0.00475297839217011, nan, nan, nan, nan, nan], [nan, 0.030903617217017336, nan, nan, nan, nan], [nan, 0.005482894217487776, 0.0004486887343084605, nan, nan, nan]]","[[0.0048047839047037355, nan, nan, nan, nan, nan], [nan, 0.0075219141673007126, nan, nan, nan, nan], [nan, 0.0013345317929197714, 0.0006523227529753872, nan, nan, nan]]","['obs_dist', 'speed', 'arc_dist', 'heading', 'line_dist', 'noise']","[1.0108995893225536, 0.24339915015381136, 1.4538425039371152, 6.387025952852821, 0.7053944830250763, 0.7518907301580552]","[[0.3951952160952963, 0.0850436913081423, 0.4029400435323084, -2.06720148757222, 0.8788553249746032, 0.0010656367376668517], [1.0759495368040901, 0.04747808583269929, 0.4029400435323084, -2.06720148757222, 0.8788553249746032, 0.0010656367376668517], [1.0759495368040901, 0.04366546820708023, 0.19934767724702462, -2.06720148757222, 0.8788553249746032, 0.0010656367376668517]]",,"[[0.3951952160952963, nan, nan, nan, nan, nan], [nan, 0.04747808583269929, nan, nan, nan, nan], [nan, 0.04366546820708023, 0.19934767724702462, nan, nan, nan]]",[],"[[1, 0, 0, 0, 0, 0], [0, 1, 0, 0, 0, 0], [0, 1, 1, 0, 0, 0]]","[['lower_bound', '', '', '', '', ''], ['', 'target_value', '', '', '', ''], ['', 'target_value', 'target_value', '', '', '']]","[[0.4, nan, nan, nan, nan, nan], [nan, 0.055, nan, nan, nan, nan], [nan, 0.045, 0.2, nan, nan, nan]]","[[1, 0, 0, 0, 0, 0], [0, 1, 0, 0, 0, 0], [0, 1, 1, 0, 0, 0]]",9.75,0.010397044640245923,0.0035783881544749017,0.17765904527283988,2350.1090519961663,-5999998970.042557,-5999998970.042557,,2350.1090519961663,,
cluster,S3ObsAvoid,0,6,"[[0.00475297839217011, nan, nan, nan, nan, nan], [nan, 0.030903617217017336, nan, nan, nan, nan], [nan, 0.005482894217487776, 0.0004486887343084605, nan, nan, nan]]","[[0.0048047839047037355, nan, nan, nan, nan, nan], [nan, 0.0075219141673007126, nan, nan, nan, nan], [nan, 0.0013345317929197714, 0.0006523227529753872, nan, nan, nan]]","['obs_dist', 'speed', 'arc_dist', 'heading', 'line_dist', 'noise']","[1.0108995893225536, 0.24339915015381136, 1.4538425039371152, 6.387025952852821, 0.7053944830250763, 0.7518907301580552]","[[0.3951952160952963, 0.0850436913081423, 0.4029400435323084, -2.06720148757222, 0.8788553249746032, 0.0010656367376668517], [1.0759495368040901, 0.04747808583269929, 0.4029400435323084, -2.06720148757222, 0.8788553249746032, 0.0010656367376668517], [1.0759495368040901, 0.04366546820708023, 0.19934767724702462, -2.06720148757222, 0.8788553249746032, 0.0010656367376668517]]",,"[[0.3951952160952963, nan, nan, nan, nan, nan], [nan, 0.04747808583269929, nan, nan, nan, nan], [nan, 0.04366546820708023, 0.19934767724702462, nan, nan, nan]]",[],"[[1, 0, 0, 0, 0, 0], [0, 1, 0, 0, 0, 0], [0, 1, 1, 0, 0, 0]]","[['lower_bound', '', '', '', '', ''], ['', 'target_value', '', '', '', ''], ['', 'target_value', 'target_value', '', '', '']]","[[0.4, nan, nan, nan, nan, nan], [nan, 0.055, nan, nan, nan, nan], [nan, 0.045, 0.2, nan, nan, nan]]","[[1, 0, 0, 0, 0, 0], [0, 1, 0, 0, 0, 0], [0, 1, 1, 0, 0, 0]]",9.75,0.010397044640245923,0.0035783881544749017,0.17765904527283988,2350.1090519961663,-5999998970.042557,-5999998970.042557,,2350.1090519961663,,
cluster,S3ObsAvoid,0,7,"[[0.00475297839217011, nan, nan, nan, nan, nan], [nan, 0.030903617217017336, nan, nan, nan, nan], [nan, 0.005482894217487776, 0.0004486887343084605, nan, nan, nan]]","[[0.0048047839047037355, nan, nan, nan, nan, nan], [nan, 0.0075219141673007126, nan, nan, nan, nan], [nan, 0.0013345317929197714, 0.0006523227529753872, nan, nan, nan]]","['obs_dist', 'speed', 'arc_dist', 'heading', 'line_dist', 'noise']","[1.0108995893225536, 0.24339915015381136, 1.4538425039371152, 6.387025952852821, 0.7053944830250763, 0.7518907301580552]","[[0.3951952160952963, 0.0850436913081423, 0.4029400435323084, -2.06720148757222, 0.8788553249746032, 0.0010656367376668517], [1.0759495368040901, 0.04747808583269929, 0.4029400435323084, -2.06720148757222, 0.8788553249746032, 0.0010656367376668517], [1.0759495368040901, 0.04366546820708023, 0.19934767724702462, -2.06720148757222, 0.8788553249746032, 0.0010656367376668517]]",,"[[0.3951952160952963, nan, nan, nan, nan, nan], [nan, 0.04747808583269929, nan, nan, nan, nan], [nan, 0.04366546820708023, 0.19934767724702462, nan, nan, nan]]",[],"[[1, 0, 0, 0, 0, 0], [0, 1, 0, 0, 0, 0], [0, 1, 1, 0, 0, 0]]","[['lower_bound', '', '', '', '', ''], ['', 'target_value', '', '', '', ''], ['', 'target_value', 'target_value', '', '', '']]","[[0.4, nan, nan, nan, nan, nan], [nan, 0.055, nan, nan, nan, nan], [nan, 0.045, 0.2, nan, nan, nan]]","[[1, 0, 0, 0, 0, 0], [0, 1, 0, 0, 0, 0], [0, 1, 1, 0, 0, 0]]",9.75,0.010397044640245923,0.0035783881544749017,0.17765904527283988,2350.1090519961663,-5999998970.042557,-5999998970.042557,,2350.1090519961663,,
cluster,S3ObsAvoid,0,8,"[[0.00475297839217011, nan, nan, nan, nan, nan], [nan, 0.030903617217017336, nan, nan, nan, nan], [nan, 0.005482894217487776, 0.0004486887343084605, nan, nan, nan]]","[[0.0048047839047037355, nan, nan, nan, nan, nan], [nan, 0.0075219141673007126, nan, nan, nan, nan], [nan, 0.0013345317929197714, 0.0006523227529753872, nan, nan, nan]]","['obs_dist', 'speed', 'arc_dist', 'heading', 'line_dist', 'noise']","[1.0108995893225536, 0.24339915015381136, 1.4538425039371152, 6.387025952852821, 0.7053944830250763, 0.7518907301580552]","[[0.3951952160952963, 0.0850436913081423, 0.4029400435323084, -2.06720148757222, 0.8788553249746032, 0.0010656367376668517], [1.0759495368040901, 0.04747808583269929, 0.4029400435323084, -2.06720148757222, 0.8788553249746032, 0.0010656367376668517], [1.0759495368040901, 0.04366546820708023, 0.19934767724702462, -2.06720148757222, 0.8788553249746032, 0.0010656367376668517]]",,"[[0.3951952160952963, nan, nan, nan, nan, nan], [nan, 0.04747808583269929, nan, nan, nan, nan], [nan, 0.04366546820708023, 0.19934767724702462, nan, nan, nan]]",[],"[[1, 0, 0, 0, 0, 0], [0, 1, 0, 0, 0, 0], [0, 1, 1, 0, 0, 0]]","[['lower_bound', '', '', '', '', ''], ['', 'target_value', '', '', '', ''], ['', 'target_value', 'target_value', '', '', '']]","[[0.4, nan, nan, nan, nan, nan], [nan, 0.055, nan, nan, nan, nan], [nan, 0.045, 0.2, nan, nan, nan]]","[[1, 0, 0, 0, 0, 0], [0, 1, 0, 0, 0, 0], [0, 1, 1, 0, 0, 0]]",9.75,0.010397044640245923,0.0035783881544749017,0.17765904527283988,2350.1090519961663,-5999998970.042557,-5999998970.042557,,2350.1090519961663,,
cluster,S3ObsAvoid,0,9,"[[0.00475297839217011, nan, nan, nan, nan, nan], [nan, 0.030903617217017336, nan, nan, nan, nan], [nan, 0.005482894217487776, 0.0004486887343084605, nan, nan, nan]]","[[0.0048047839047037355, nan, nan, nan, nan, nan], [nan, 0.0075219141673007126, nan, nan, nan, nan], [nan, 0.0013345317929197714, 0.0006523227529753872, nan, nan, nan]]","['obs_dist', 'speed', 'arc_dist', 'heading', 'line_dist', 'noise']","[1.0108995893225536, 0.24339915015381136, 1.4538425039371152, 6.387025952852821, 0.7053944830250763, 0.7518907301580552]","[[0.3951952160952963, 0.0850436913081423, 0.4029400435323084, -2.06720148757222, 0.8788553249746032, 0.0010656367376668517], [1.0759495368040901, 0.04747808583269929, 0.4029400435323084, -2.06720148757222, 0.8788553249746032, 0.0010656367376668517], [1.0759495368040901, 0.04366546820708023, 0.19934767724702462, -2.06720148757222, 0.8788553249746032, 0.0010656367376668517]]",,"[[0.3951952160952963, nan, nan, nan, nan, nan], [nan, 0.04747808583269929, nan, nan, nan, nan], [nan, 0.04366546820708023, 0.19934767724702462, nan, nan, nan]]",[],"[[1, 0, 0, 0, 0, 0], [0, 1, 0, 0, 0, 0], [0, 1, 1, 0, 0, 0]]","[['lower_bound', '', '', '', '', ''], ['', 'target_value', '', '', '', ''], ['', 'target_value', 'target_value', '', '', '']]","[[0.4, nan, nan, nan, nan, nan], [nan, 0.055, nan, nan, nan, nan], [nan, 0.045, 0.2, nan, nan, nan]]","[[1, 0, 0, 0, 0, 0], [0, 1, 0, 0, 0, 0], [0, 1, 1, 0, 0, 0]]",9.75,0.010397044640245923,0.0035783881544749017,0.17765904527283988,2350.1090519961663,-5999998970.042557,-5999998970.042557,,2350.1090519961663,,
fchmm,S3ObsAvoid,0,0,"[[0.018338917792860746, nan, nan, nan, nan, nan], [nan, 0.04531539131761181, nan, nan, nan, nan], [nan, 0.004746539153450865, 0.00041569290829665035, nan, nan, nan]]","[[0.018538804465422998, nan, nan, nan, nan, nan], [nan, 0.011029727735594116, nan, nan, nan, nan], [nan, 0.0011553035961217317, 0.0006043520186669038, nan, nan, nan]]","['obs_dist', 'speed', 'arc_dist', 'heading', 'line_dist', 'noise']","[1.0108995893225536, 0.24339915015381136, 1.4538425039371152, 6.387025952852821, 0.7053944830250763, 0.7518907301580552]","[[0.381461195534577, 0.21315394783679853, 0.8593404921769764, 0.025415269992737244, 0.9249977274530202, 0.08521472907129672], [1.0285694138245667, 0.043970272264405884, 0.19994045586020917, -0.8911662902642294, 0.7266768738794065, -0.04016605891004017], [1.010001689729238, 0.04384469640387827, 0.1993956479813331, -4.371691024955771, 0.9395710628054476, -0.018834578537481023]]",,"[[0.381461195534577, 0.21315394783679853, 0.8593404921769764, 0.025415269992737244, 0.9249977274530202, 0.08521472907129672], [1.0285694138245667, 0.043970272264405884, 0.19994045586020917, -0.8911662902642294, 0.7266768738794065, -0.04016605891004017], [1.010001689729238, 0.04384469640387827, 0.1993956479813331, -4.371691024955771, 0.9395710628054476, -0.018834578537481023]]",[],"[[1, 1, 1, 1, 1, 1], [1, 1, 1, 1, 1, 1], [1, 1, 1, 1, 1, 1]]","[['lower_bound', '', '', '', '', ''], ['', 'target_value', '', '', '', ''], ['', 'target_value', 'target_value', '', '', '']]","[[0.4, nan, nan, nan, nan, nan], [nan, 0.055, nan, nan, nan, nan], [nan, 0.045, 0.2, nan, nan, nan]]","[[1, 0, 0, 0, 0, 0], [0, 1, 0, 0, 0, 0], [0, 1, 1, 0, 0, 0]]",14.9,0.01720413529305502,0.007832046953951437,0.2042589159125963,-767.2901980503507,,,,,-767.2901980503507,
fchmm,S3ObsAvoid,0,1,"[[0.01828117482606615, nan, nan, nan, nan, nan], [nan, 0.04308144347998314, nan, nan, nan, nan], [nan, 0.006671200399031389, 0.0002812252493824741, nan, nan, nan]]","[[0.018480432124004076, nan, nan, nan, nan, nan], [nan, 0.010485986730427353, nan, nan, nan, nan], [nan, 0.0016237645076300072, 0.0004088572207325558, nan, nan, nan]]","['obs_dist', 'speed', 'arc_dist', 'heading', 'line_dist', 'noise']","[1.0108995893225536, 0.24339915015381136, 1.4538425039371152, 6.387025952852821, 0.7053944830250763, 0.7518907301580552]","[[0.38151956787599595, 0.21968426558020282, 0.8914527433411807, -0.006543246102421296, 0.9339213202617278, 0.07776420166201749], [1.006751671007042, 0.04451401326957265, 0.19963634255647683, -1.471664169311743, 0.8138373348720398, 0.02323831168295759], [1.0121556822399906, 0.04337623549236999, 0.19959114277926746, -5.011805198590281, 0.8585176393220478, -0.10252459195752671]]",,"[[0.38151956787599595, 0.21968426558020282, 0.8914527433411807, -0.006543246102421296, 0.9339213202617278, 0.07776420166201749], [1.006751671007042, 0.04451401326957265, 0.19963634255647683, -1.471664169311743, 0.8138373348720398, 0.02323831168295759], [1.0121556822399906, 0.04337623549236999, 0.19959114277926746, -5.011805198590281, 0.8585176393220478, -0.10252459195752671]]",[],"[[1, 1, 1, 1, 1, 1], [1, 1, 1, 1, 1, 1], [1, 1, 1, 1, 1, 1]]","[['lower_bound', '', '', '', '', ''], ['', 'target_value', '', '', '', ''], ['', 'target_value', 'target_value', '', '', '']]","[[0.4, nan, nan, nan, nan, nan], [nan, 0.055, nan, nan, nan, nan], [nan, 0.045, 0.2, nan, nan, nan]]","[[1, 0, 0, 0, 0, 0], [0, 1, 0, 0, 0, 0], [0, 1, 1, 0, 0, 0]]",20.85,0.01707876098861579,0.007749760145698498,0.19524214371187315,-824.8883308216383,,,,,-824.8883308216383,
fchmm,S3ObsAvoid,0,2,"[[0.01763175734394983, nan, nan, nan, nan, nan], [nan, 0.044079358976081076, nan, nan, nan, nan], [nan, 0.009076655791822362, 0.0003159726752828458, nan, nan, nan]]","[[0.0178239362580338, nan, nan, nan, nan, nan], [nan, 0.01072887851410291, nan, nan, nan, nan], [nan, 0.002209250305968233, 0.00045937450540892155, nan, nan, nan]]","['obs_dist', 'speed', 'arc_dist', 'heading', 'line_dist', 'noise']","[1.0108995893225536, 0.24339915015381136, 1.4538425039371152, 6.387025952852821, 0.7053944830250763, 0.7518907301580552]","[[0.3821760637419662, 0.2185420164020892, 0.8857474620733503, -0.010522693587454945, 0.9311682573533969, 0.07658699512310634], [1.007678755392396, 0.04427112148589709, 0.1996186227170564, -2.2218909571830694, 0.8663613753130247, 0.027026000583551216], [1.0323136723417445, 0.042790749694031766, 0.1995406254945911, -5.764038514175358, 0.7205338436135523, -0.2295614130014487]]",,"[[0.3821760637419662, 0.2185420164020892, 0.8857474620733503, -0.010522693587454945, 0.9311682573533969, 0.07658699512310634], [1.007678755392396, 0.04427112148589709, 0.1996186227170564, -2.2218909571830694, 0.8663613753130247, 0.027026000583551216], [1.0323136723417445, 0.042790749694031766, 0.1995406254945911, -5.764038514175358, 0.7205338436135523, -0.2295614130014487]]",[],"[[1, 1, 1, 1, 1, 1], [1, 1, 1, 1, 1, 1], [1, 1, 1, 1, 1, 1]]","[['lower_bound', '', '', '', '', ''], ['', 'target_value', '', '', '', ''], ['', 'target_value', 'target_value', '', '', '']]","[[0.4, nan, nan, nan, nan, nan], [nan, 0.055, nan, nan, nan, nan], [nan, 0.045, 0.2, nan, nan, nan]]","[[1, 0, 0, 0, 0, 0], [0, 1, 0, 0, 0, 0], [0, 1, 1, 0, 0, 0]]",27.85,0.017775936196784026,0.0078053598958784665,0.14518024944129757,-912.0620104032439,,,,,-912.0620104032439,
fchmm,S3ObsAvoid,0,3,"[[0.017774573428273484, nan, nan, nan, nan, nan], [nan, 0.0055832380679449725, nan, nan, nan, nan], [nan, 0.00639962484815424, 0.000265044055872293, nan, nan, nan]]","[[0.017968308979025238, nan, nan, nan, nan, nan], [nan, 0.001358955400844214, nan, nan, nan, nan], [nan, 0.001557663249343956, 0.00038533231384302313, nan, nan, nan]]","['obs_dist', 'speed', 'arc_dist', 'heading', 'line_dist', 'noise']","[1.0108995893225536, 0.24339915015381136, 1.4538425039371152, 6.387025952852821, 0.7053944830250763, 0.7518907301580552]","[[0.3820316910209748, 0.2548897146433834, 1.2161922511591237, 0.05470938435699679, 1.0861397501055274, 0.051578200070800884], [0.5106298655454065, 0.053641044599155786, 0.251795909629024, 0.08789813511872824, 0.7186320652091631, 0.06651517619772289], [0.9932005341338849, 0.04344233675065604, 0.199614667686157, -3.0920931451127522, 0.8522555239883102, -0.024915194044398695]]",,"[[0.3820316910209748, 0.2548897146433834, 1.2161922511591237, 0.05470938435699679, 1.0861397501055274, 0.051578200070800884], [0.5106298655454065, 0.053641044599155786, 0.251795909629024, 0.08789813511872824, 0.7186320652091631, 0.06651517619772289], [0.9932005341338849, 0.04344233675065604, 0.199614667686157, -3.0920931451127522, 0.8522555239883102, -0.024915194044398695]]",[],"[[1, 1, 1, 1, 1, 1], [1, 1, 1, 1, 1, 1], [1, 1, 1, 1, 1, 1]]","[['lower_bound', '', '', '', '', ''], ['', 'target_value', '', '', '', ''], ['', 'target_value', 'target_value', '', '', '']]","[[0.4, nan, nan, nan, nan, nan], [nan, 0.055, nan, nan, nan, nan], [nan, 0.045, 0.2, nan, nan, nan]]","[[1, 0, 0, 0, 0, 0], [0, 1, 0, 0, 0, 0], [0, 1, 1, 0, 0, 0]]",0.25,0.007505620100061248,0.005317564985764108,0.06769838392533915,-734.4200304197832,,,,,-734.4200304197832,
fchmm,S3ObsAvoid,0,4,"[[0.01763175734394983, nan, nan, nan, nan, nan], [nan, 0.04408263224555946, nan, nan, nan, nan], [nan, 0.009077906228653874, 0.0003160348353735539, nan, nan, nan]]","[[0.0178239362580338, nan, nan, nan, nan, nan], [nan, 0.010729675225112173, nan, nan, nan, nan], [nan, 0.0022095546612303438, 0.00045946487639084155, nan, nan, nan]]","['obs_dist', 'speed', 'arc_dist', 'heading', 'line_dist', 'noise']","[1.0108995893225536, 0.24339915015381136, 1.4538425039371152, 6.387025952852821, 0.7053944830250763, 0.7518907301580552]","[[0.3821760637419662, 0.2184881954975933, 0.8854814191531875, -0.010430122063799452, 0.9310621528324682, 0.07659776822594015], [1.007678755392396, 0.04427032477488783, 0.19961852576573907, -2.222373950762495, 0.8663782640062422, 0.02700653390189433], [1.0323136723417445, 0.042790445338769655, 0.19954053512360917, -5.764171177556026, 0.7205112835300845, -0.2296197306436955]]",,"[[0.3821760637419662, 0.2184881954975933, 0.8854814191531875, -0.010430122063799452, 0.9310621528324682, 0.07659776822594015], [1.007678755392396, 0.04427032477488783, 0.19961852576573907, -2.222373950762495, 0.8663782640062422, 0.02700653390189433], [1.0323136723417445, 0.042790445338769655, 0.19954053512360917, -5.764171177556026, 0.7205112835300845, -0.2296197306436955]]",[],"[[1, 1, 1, 1, 1, 1], [1, 1, 1, 1, 1, 1], [1, 1, 1, 1, 1, 1]]","[['lower_bound', '', '', '', '', ''], ['', 'target_value', '', '', '', ''], ['', 'target_value', 'target_value', '', '', '']]","[[0.4, nan, nan, nan, nan, nan], [nan, 0.055, nan, nan, nan, nan], [nan, 0.045, 0.2, nan, nan, nan]]","[[1, 0, 0, 0, 0, 0], [0, 1, 0, 0, 0, 0], [0, 1, 1, 0, 0, 0]]",27.85,0.017777082663384177,0.00780565775519179,0.14518024944129757,-919.6193285065938,,,,,-919.6193285065938,
fchmm,S3ObsAvoid,0,5,"[[0.017774573428273484, nan, nan, nan, nan, nan], [nan, 0.005674261925256299, nan, nan, nan, nan], [nan, 0.006400305363338769, 0.00026545093546774155, nan, nan, nan]]","[[0.017968308979025238, nan, nan, nan, nan, nan], [nan, 0.0013811105303575127, nan, nan, nan, nan], [nan, 0.0015578288861615372, 0.000385923852692871, nan, nan, nan]]","['obs_dist', 'speed', 'arc_dist', 'heading', 'line_dist', 'noise']","[1.0108995893225536, 0.24339915015381136, 1.4538425039371152, 6.387025952852821, 0.7053944830250763, 0.7518907301580552]","[[0.3820316910209748, 0.2548751812926002, 1.2161580577939983, 0.054522858556180775, 1.086112650568801, 0.0516020988395495], [0.5107560472343394, 0.05361888946964249, 0.25148004392053436, 0.08758845218480493, 0.7184144941063819, 0.06660469541100748], [1.0091388916944801, 0.04344217111383846, 0.19961407614730714, -3.093968608194573, 0.8524100746407243, -0.02499748088833271]]",,"[[0.3820316910209748, 0.2548751812926002, 1.2161580577939983, 0.054522858556180775, 1.086112650568801, 0.0516020988395495], [0.5107560472343394, 0.05361888946964249, 0.25148004392053436, 0.08758845218480493, 0.7184144941063819, 0.06660469541100748], [1.0091388916944801, 0.04344217111383846, 0.19961407614730714, -3.093968608194573, 0.8524100746407243, -0.02499748088833271]]",[],"[[1, 1, 1, 1, 1, 1], [1, 1, 1, 1, 1, 1], [1, 1, 1, 1, 1, 1]]","[['lower_bound', '', '', '', '', ''], ['', 'target_value', '', '', '', ''], ['', 'target_value', 'target_value', '', '', '']]","[[0.4, nan, nan, nan, nan, nan], [nan, 0.055, nan, nan, nan, nan], [nan, 0.045, 0.2, nan, nan, nan]]","[[1, 0, 0, 0, 0, 0], [0, 1, 0, 0, 0, 0], [0, 1, 1, 0, 0, 0]]",0.25,0.007528647913084074,0.00532329306205929,0.06769838392533915,-736.84442166824,,,,,-736.84442166824,
fchmm,S3ObsAvoid,0,6,"[[0.017598657971684546, nan, nan, nan, nan, nan], [nan, 0.044987855126497, nan, nan, nan, nan], [nan, 0.009133653524683455, 0.00024153484580436625, nan, nan, nan]]","[[0.01779047611620399, nan, nan, nan, nan, nan], [nan, 0.010950005705032156, nan, nan, nan, nan], [nan, 0.0022231235057073168, 0.00035115362501228486, nan, nan, nan]]","['obs_dist', 'speed', 'arc_dist', 'heading', 'line_dist', 'noise']","[1.0108995893225536, 0.24339915015381136, 1.4538425039371152, 6.387025952852821, 0.7053944830250763, 0.7518907301580552]","[[0.38220952388379603, 0.21628706224853755, 0.8746460505479082, -0.008865259805175274, 0.9267160009819184, 0.07753384085026305], [1.0091519082690832, 0.044049994294967844, 0.19959907104794566, -2.5618568457815627, 0.8472183603931162, -0.01730751395167441], [1.1324067935781468, 0.04277687649429268, 0.19964884637498773, -6.074342394793224, 0.6800697733825001, -0.09133840374196925]]",,"[[0.38220952388379603, 0.21628706224853755, 0.8746460505479082, -0.008865259805175274, 0.9267160009819184, 0.07753384085026305], [1.0091519082690832, 0.044049994294967844, 0.19959907104794566, -2.5618568457815627, 0.8472183603931162, -0.01730751395167441], [1.1324067935781468, 0.04277687649429268, 0.19964884637498773, -6.074342394793224, 0.6800697733825001, -0.09133840374196925]]",[],"[[1, 1, 1, 1, 1, 1], [1, 1, 1, 1, 1, 1], [1, 1, 1, 1, 1, 1]]","[['lower_bound', '', '', '', '', ''], ['', 'target_value', '', '', '', ''], ['', 'target_value', 'target_value', '', '', '']]","[[0.4, nan, nan, nan, nan, nan], [nan, 0.055, nan, nan, nan, nan], [nan, 0.045, 0.2, nan, nan, nan]]","[[1, 0, 0, 0, 0, 0], [0, 1, 0, 0, 0, 0], [0, 1, 1, 0, 0, 0]]",30.95,0.017990425367167343,0.007828689737988937,0.10611106747124047,-1038.6326034099545,,,,,-1038.6326034099545,
fchmm,S3ObsAvoid,0,7,"[[0.0005547214732854041, nan, nan, nan, nan, nan], [nan, 0.31495165643251327, nan, nan, nan, nan], [nan, 0.005543476143021015, 0.0002592389558481805, nan, nan, nan]]","[[0.0005607677095326169, nan, nan, nan, nan, nan], [nan, 0.0766589655152089, nan, nan, nan, nan], [nan, 0.001349277382109243, 0.00037689261268836205, nan, nan, nan]]","['obs_dist', 'speed', 'arc_dist', 'heading', 'line_dist', 'noise']","[1.0108995893225536, 0.24339915015381136, 1.4538425039371152, 6.387025952852821, 0.7053944830250763, 0.7518907301580552]","[[0.3994392322904674, 0.2489132776123597, 1.6446503446730258, 0.15022381892947223, 1.264461039574886, 0.2677383947424239], [0.37928806017129957, 0.1316589655152089, 0.4398916542969557, 0.0013311276054106536, 0.7644447582671912, -0.04279117024701597], [1.0081251899901922, 0.043650722617890755, 0.19962310738731165, -2.9378508584758785, 0.8414522690082332, -0.028051798146923088]]",,"[[0.3994392322904674, 0.2489132776123597, 1.6446503446730258, 0.15022381892947223, 1.264461039574886, 0.2677383947424239], [0.37928806017129957, 0.1316589655152089, 0.4398916542969557, 0.0013311276054106536, 0.7644447582671912, -0.04279117024701597], [1.0081251899901922, 0.043650722617890755, 0.19962310738731165, -2.9378508584758785, 0.8414522690082332, -0.028051798146923088]]",[],"[[1, 1, 1, 1, 1, 1], [1, 1, 1, 1, 1, 1], [1, 1, 1, 1, 1, 1]]","[['lower_bound', '', '', '', '', ''], ['', 'target_value', '', '', '', ''], ['', 'target_value', 'target_value', '', '', '']]","[[0.4, nan, nan, nan, nan, nan], [nan, 0.055, nan, nan, nan, nan], [nan, 0.045, 0.2, nan, nan, nan]]","[[1, 0, 0, 0, 0, 0], [0, 1, 0, 0, 0, 0], [0, 1, 1, 0, 0, 0]]",5.45,0.08032727325116697,0.01973647580488478,0.32844077814378025,-1027.0203648164434,,,,,-1027.0203648164434,
fchmm,S3ObsAvoid,0,8,"[[0.01763175734394983, nan, nan, nan, nan, nan], [nan, 0.04425033997107879, nan, nan, nan, nan], [nan, 0.009096595827810451, 0.00032489414863399595, nan, nan, nan]]","[[0.0178239362580338, nan, nan, nan, nan, nan], [nan, 0.010770495142977808, nan, nan, nan, nan], [nan, 0.00221410369378177, 0.00047234492256456595, nan, nan, nan]]","['obs_dist', 'speed', 'arc_dist', 'heading', 'line_dist', 'noise']","[1.0108995893225536, 0.24339915015381136, 1.4538425039371152, 6.387025952852821, 0.7053944830250763, 0.7518907301580552]","[[0.3821760637419662, 0.21826966012889942, 0.8843980785319614, -0.010767299839927524, 0.9305731148253671, 0.076510919371709], [1.0079260552299532, 0.04422950485702219, 0.19961811838843999, -2.275497980206188, 0.8642231082305115, 0.024184522139702194], [1.0483589552414339, 0.04278589630621823, 0.19952765507743545, -5.81296761569171, 0.7129084264823831, -0.2531640458435099]]",,"[[0.3821760637419662, 0.21826966012889942, 0.8843980785319614, -0.010767299839927524, 0.9305731148253671, 0.076510919371709], [1.0079260552299532, 0.04422950485702219, 0.19961811838843999, -2.275497980206188, 0.8642231082305115, 0.024184522139702194], [1.0483589552414339, 0.04278589630621823, 0.19952765507743545, -5.81296761569171, 0.7129084264823831, -0.2531640458435099]]",[],"[[1, 1, 1, 1, 1, 1], [1, 1, 1, 1, 1, 1], [1, 1, 1, 1, 1, 1]]","[['lower_bound', '', '', '', '', ''], ['', 'target_value', '', '', '', ''], ['', 'target_value', 'target_value', '', '', '']]","[[0.4, nan, nan, nan, nan, nan], [nan, 0.055, nan, nan, nan, nan], [nan, 0.045, 0.2, nan, nan, nan]]","[[1, 0, 0, 0, 0, 0], [0, 1, 0, 0, 0, 0], [0, 1, 1, 0, 0, 0]]",28.3,0.01782589682286827,0.007820220004339486,0.13951887438231095,-931.9879572401037,,,,,-931.9879572401037,
fchmm,S3ObsAvoid,0,9,"[[0.0005547214732854041, nan, nan, nan, nan, nan], [nan, 0.32113931835918597, nan, nan, nan, nan], [nan, 0.005508298991714587, 0.00025773588227830097, nan, nan, nan]]","[[0.0005607677095326169, nan, nan, nan, nan, nan], [nan, 0.07816503716960013, nan, nan, nan, nan], [nan, 0.0013407152933764266, 0.00037470738044592666, nan, nan, nan]]","['obs_dist', 'speed', 'arc_dist', 'heading', 'line_dist', 'noise']","[1.0108995893225536, 0.24339915015381136, 1.4538425039371152, 6.387025952852821, 0.7053944830250763, 0.7518907301580552]","[[0.3994392322904674, 0.24891667448687532, 1.6472485592326616, 0.1464579335011118, 1.266260874802082, 0.2687142954580434], [0.37928806017129957, 0.13316503716960013, 0.4431855945108253, 0.0006590393905918646, 0.7652101845205188, -0.04124823600068812], [0.8355616808303366, 0.04365928470662357, 0.19962529261955408, -2.9323012988157897, 0.8411993042317705, -0.028558691094330263]]",,"[[0.3994392322904674, 0.24891667448687532, 1.6472485592326616, 0.1464579335011118, 1.266260874802082, 0.2687142954580434], [0.37928806017129957, 0.13316503716960013, 0.4431855945108253, 0.0006590393905918646, 0.7652101845205188, -0.04124823600068812], [0.8355616808303366, 0.04365928470662357, 0.19962529261955408, -2.9323012988157897, 0.8411993042317705, -0.028558691094330263]]",[],"[[1, 1, 1, 1, 1, 1], [1, 1, 1, 1, 1, 1], [1, 1, 1, 1, 1, 1]]","[['lower_bound', '', '', '', '', ''], ['', 'target_value', '', '', '', ''], ['', 'target_value', 'target_value', '', '', '']]","[[0.4, nan, nan, nan, nan, nan], [nan, 0.055, nan, nan, nan, nan], [nan, 0.045, 0.2, nan, nan, nan]]","[[1, 0, 0, 0, 0, 0], [0, 1, 0, 0, 0, 0], [0, 1, 1, 0, 0, 0]]",5.45,0.08186501867661605,0.020110306888238776,0.32844077814378025,-1090.0086020464378,,,,,-1090.0086020464378,
swcl,S3ObsAvoid,0,0,"[[0.00791197195777384, nan, nan, nan, nan, nan], [nan, 0.0016742640450804033, nan, nan, nan, nan], [nan, 0.0011421927255337266, 0.0002417054328200308, nan, nan, nan]]","[[0.007990301998020977, nan, nan, nan, nan, nan], [nan, 0.0003917939435865922, nan, nan, nan, nan], [nan, 0.00026728412020057823, 0.0003697242334727846, nan, nan, nan]]","['obs_dist', 'speed', 'arc_dist', 'heading', 'line_dist', 'noise']","[1.0099001918441046, 0.23400965023278456, 1.5296480064975375, 6.3271107859210876, 0.7801270192468435, 0.7509006094170386]","[[0.39200969800197905, 0.0871280375624544, 0.44878861607549564, -1.9233363624021396, 0.9081373989151309, 0.0009495591566612824], [1.0476006803161357, 0.05539179394358659, 0.44878861607549564, -1.9233363624021396, 0.9081373989151309, 0.0009495591566612824], [1.0476006803161357, 0.04526728412020058, 0.19963027576652723, -1.9233363624021396, 0.9081373989151309, 0.0009495591566612824]]","[['lower_bound', '', '', '', '', ''], ['', 'target_value', '', '', '', ''], ['', 'target_value', 'target_value', '', '', '']]","[[0.39200969800197905, nan, nan, nan, nan, nan], [nan, 0.05539179394358659, nan, nan, nan, nan], [nan, 0.04526728412020058, 0.19963027576652723, nan, nan, nan]]",[],"[[1, 0, 0, 0, 0, 0], [0, 1, 0, 0, 0, 0], [0, 1, 1, 0, 0, 0]]","[['lower_bound', '', '', '', '', ''], ['', 'target_value', '', '', '', ''], ['', 'target_value', 'target_value', '', '', '']]","[[0.4, nan, nan, nan, nan, nan], [nan, 0.055, nan, nan, nan, nan], [nan, 0.045, 0.2, nan, nan, nan]]","[[1, 0, 0, 0, 0, 0], [0, 1, 0, 0, 0, 0], [0, 1, 1, 0, 0, 0]]",1.9,0.0027425335403020003,0.002254776073820233,0.1003051229864567,-18.418368404948957,,,,,,-18.418368404948957
arhsmm,S4SlideInsert,0,0,"[[nan, nan, nan, nan, nan, nan, nan], [0.01750548198353864, 0.008857553136805474, nan, nan, 0.003106893204975524, nan, nan], [0.010478760339389291, 0.013464371205336424, 0.011793433008098684, 0.012053260415366371, 0.0, nan, nan], [0.007308474647227749, 0.0070403466853614025, 0.08648517539272277, 0.01707293369974393, 0.0, nan, nan]]","[[nan, nan, nan, nan, nan, nan, nan], [0.000822425996624191, 0.0002504443493581421, nan, nan, 0.003104053171717469, nan, nan], [0.0004923032067104616, 0.0003807005878435116, 0.003000000000000058, 0.00014396756089394593, 0.0, nan, nan], [0.00034335984300238546, 0.00019906344535992274, 0.022000000000000193, 0.00020392396226025407, 0.0, nan, nan]]","['surf_dist', 'centerline_dist', 'orient_err', 'speed', 'normal_load', 'start_dist', 'insertion_err']","[0.046981054129075855, 0.028274665191392375, 0.25437885626177925, 0.011944283615610398, 0.999085892861233, 0.35645552283983406, 0.18251968503937008]","[[0.0077217949509275265, 0.0041120163263863715, 0.09553820187614892, 0.006476192296243526, 0.5679300155645604, 0.22859836971998052, 0.1297652432868962], [0.000822425996624191, 0.0002504443493581421, 0.09553820187614892, 0.006476192296243526, 0.39689594682828255, 0.22859836971998052, 0.1297652432868962], [0.0004923032067104616, 0.0003807005878435116, 0.05699999999999994, 0.007056032439106054, 0.72, 0.22859836971998052, 0.1297652432868962], [0.00034335984300238546, 0.00019906344535992274, 0.037999999999999805, 0.002676076037739746, 1.0, 0.22859836971998052, 0.1297652432868962]]",,"[[nan, nan, nan, nan, nan, nan, nan], [0.000822425996624191, 0.0002504443493581421, nan, nan, 0.39689594682828255, nan, nan], [0.0004923032067104616, 0.0003807005878435116, 0.05699999999999994, 0.007056032439106054, 0.72, nan, nan], [0.00034335984300238546, 0.00019906344535992274, 0.037999999999999805, 0.002676076037739746, 1.0, nan, nan]]",[],"[[0, 0, 0, 0, 0, 0, 0], [1, 1, 0, 0, 1, 0, 0], [1, 1, 1, 1, 1, 0, 0], [1, 1, 1, 1, 1, 0, 0]]","[['', '', '', '', '', '', ''], ['target_value', 'target_value', '', '', 'lower_bound', '', ''], ['target_value', 'target_value', 'upper_bound', 'upper_bound', 'lower_bound', '', ''], ['target_value', 'target_value', 'upper_bound', 'upper_bound', 'lower_bound', '', '']]","[[nan, nan, nan, nan, nan, nan, nan], [0.0, 0.0, nan, nan, 0.4, nan, nan], [0.0, 0.0, 0.06, 0.0072, 0.72, nan, nan], [0.0, 0.0, 0.06, 0.00288, 1.0, nan, nan]]","[[0, 0, 0, 0, 0, 0, 0], [1, 1, 0, 0, 1, 0, 0], [1, 1, 1, 1, 1, 0, 0], [1, 1, 1, 1, 1, 0, 0]]",13.6,0.015012821824505097,0.002380018624905426,0.05938411638262271,4876.885040748643,-24999997629.702747,-24999997629.702747,4876.885040748643,,,
arhsmm,S4SlideInsert,0,1,"[[nan, nan, nan, nan, nan, nan, nan], [0.013579935929854745, 0.018361601675737894, nan, nan, 0.3202927819184472, nan, nan], [0.008644359814759793, 0.008726798365752454, 0.011793433008098684, 0.012077049308704823, 0.0, nan, nan], [0.007308474647227749, 0.0070403466853614025, 0.08648517539272277, 0.01707293369974393, 0.0, nan, nan]]","[[nan, nan, nan, nan, nan, nan, nan], [0.0006379997049898879, 0.0005191681397591981, nan, nan, 0.31999999999999995, nan, nan], [0.000406121136368438, 0.0002467473019844408, 0.003000000000000058, 0.0001442517021828819, 0.0, nan, nan], [0.00034335984300238546, 0.00019906344535992274, 0.022000000000000193, 0.00020392396226025407, 0.0, nan, nan]]","['surf_dist', 'centerline_dist', 'orient_err', 'speed', 'normal_load', 'start_dist', 'insertion_err']","[0.046981054129075855, 0.028274665191392375, 0.25437885626177925, 0.011944283615610398, 0.999085892861233, 0.35645552283983406, 0.18251968503937008]","[[0.0077217949509275265, 0.0041120163263863715, 0.09553820187614892, 0.006476192296243526, 0.5679300155645604, 0.22859836971998052, 0.1297652432868962], [0.0006379997049898879, 0.0005191681397591981, 0.09553820187614892, 0.006476192296243526, 0.72, 0.22859836971998052, 0.1297652432868962], [0.000406121136368438, 0.0002467473019844408, 0.05699999999999994, 0.007055748297817118, 0.72, 0.22859836971998052, 0.1297652432868962], [0.00034335984300238546, 0.00019906344535992274, 0.037999999999999805, 0.002676076037739746, 1.0, 0.22859836971998052, 0.1297652432868962]]",,"[[nan, nan, nan, nan, nan, nan, nan], [0.0006379997049898879, 0.0005191681397591981, nan, nan, 0.72, nan, nan], [0.000406121136368438, 0.0002467473019844408, 0.05699999999999994, 0.007055748297817118, 0.72, nan, nan], [0.00034335984300238546, 0.00019906344535992274, 0.037999999999999805, 0.002676076037739746, 1.0, nan, nan]]",[],"[[0, 0, 0, 0, 0, 0, 0], [1, 1, 0, 0, 1, 0, 0], [1, 1, 1, 1, 1, 0, 0], [1, 1, 1, 1, 1, 0, 0]]","[['', '', '', '', '', '', ''], ['target_value', 'target_value', '', '', 'lower_bound', '', ''], ['target_value', 'target_value', 'upper_bound', 'upper_bound', 'lower_bound', '', ''], ['target_value', 'target_value', 'upper_bound', 'upper_bound', 'lower_bound', '', '']]","[[nan, nan, nan, nan, nan, nan, nan], [0.0, 0.0, nan, nan, 0.4, nan, nan], [0.0, 0.0, 0.06, 0.0072, 0.72, nan, nan], [0.0, 0.0, 0.06, 0.00288, 1.0, nan, nan]]","[[0, 0, 0, 0, 0, 0, 0], [1, 1, 0, 0, 1, 0, 0], [1, 1, 1, 1, 1, 0, 0], [1, 1, 1, 1, 1, 0, 0]]",39.766666666666666,0.03933714541895472,0.02674620271045443,0.10106708423415174,4429.895731076964,-22199998740.68473,-22199998740.68473,4429.895731076964,,,
arhsmm,S4SlideInsert,0,2,"[[nan, nan, nan, nan, nan, nan, nan], [0.015822223256015826, 0.015070919376841907, nan, nan, 0.3202927819184472, nan, nan], [0.009528419109451906, 0.0009585664521618545, 0.01205911447700124, 0.022314535434742912, 0.027749915239689168, nan, nan], [0.007308474647227749, 0.007998027391500481, 0.08648517539272277, 0.01707293369974393, 0.0, nan, nan]]","[[nan, nan, nan, nan, nan, nan, nan], [0.0007433447272332024, 0.00042612519950667276, nan, nan, 0.31999999999999995, nan, nan], [0.0004476551739456807, 2.7103145498577272e-05, 0.0030675837481894397, 0.0002665311399831574, 0.027724548844068386, nan, nan], [0.00034335984300238546, 0.00022614154668626138, 0.022000000000000193, 0.00020392396226025407, 0.0, nan, nan]]","['surf_dist', 'centerline_dist', 'orient_err', 'speed', 'normal_load', 'start_dist', 'insertion_err']","[0.046981054129075855, 0.028274665191392375, 0.25437885626177925, 0.011944283615610398, 0.999085892861233, 0.35645552283983406, 0.18251968503937008]","[[0.0077217949509275265, 0.0041120163263863715, 0.09553820187614892, 0.006476192296243526, 0.5679300155645604, 0.22859836971998052, 0.1297652432868962], [0.0007433447272332024, 0.00042612519950667276, 0.09553820187614892, 0.006476192296243526, 0.72, 0.22859836971998052, 0.1297652432868962], [0.0004476551739456807, 2.7103145498577272e-05, 0.05693241625181056, 0.006933468860016842, 0.7477245488440684, 0.22859836971998052, 0.1297652432868962], [0.00034335984300238546, 0.00022614154668626138, 0.037999999999999805, 0.002676076037739746, 1.0, 0.22859836971998052, 0.1297652432868962]]",,"[[nan, nan, nan, nan, nan, nan, nan], [0.0007433447272332024, 0.00042612519950667276, nan, nan, 0.72, nan, nan], [0.0004476551739456807, 2.7103145498577272e-05, 0.05693241625181056, 0.006933468860016842, 0.7477245488440684, nan, nan], [0.00034335984300238546, 0.00022614154668626138, 0.037999999999999805, 0.002676076037739746, 1.0, nan, nan]]",[],"[[0, 0, 0, 0, 0, 0, 0], [1, 1, 0, 0, 1, 0, 0], [1, 1, 1, 1, 1, 0, 0], [1, 1, 1, 1, 1, 0, 0]]","[['', '', '', '', '', '', ''], ['target_value', 'target_value', '', '', 'lower_bound', '', ''], ['target_value', 'target_value', 'upper_bound', 'upper_bound', 'lower_bound', '', ''], ['target_value', 'target_value', 'upper_bound', 'upper_bound', 'lower_bound', '', '']]","[[nan, nan, nan, nan, nan, nan, nan], [0.0, 0.0, nan, nan, 0.4, nan, nan], [0.0, 0.0, 0.06, 0.0072, 0.72, nan, nan], [0.0, 0.0, 0.06, 0.00288, 1.0, nan, nan]]","[[0, 0, 0, 0, 0, 0, 0], [1, 1, 0, 0, 1, 0, 0], [1, 1, 1, 1, 1, 0, 0], [1, 1, 1, 1, 1, 0, 0]]",30.56666666666667,0.041743160491965144,0.028882793640798012,0.09437309626963847,4782.193838568182,-16199998380.721292,-16199998380.721292,4782.193838568182,,,
arhsmm,S4SlideInsert,0,3,"[[nan, nan, nan, nan, nan, nan, nan], [0.13331957551167836, 0.06284026486833681, nan, nan, 0.3898832631208156, nan, nan], [0.014503863074597292, 0.010399115323853573, 0.21886272517004624, 0.011390636469977787, 0.3225067172282159, nan, nan], [0.004829734869893715, 0.005153510142777998, 0.08648517539272277, 0.017467439084844105, 0.0, nan, nan]]","[[nan, nan, nan, nan, nan, nan, nan], [0.006263494193579577, 0.00177678744969064, nan, nan, 0.3895268680467111, nan, nan], [0.00068140677618836, 0.0002940315040686377, 0.055674049707092485, 0.00013605299255972994, 0.3222119115356972, nan, nan], [0.00022690603535156176, 0.0001457137738474926, 0.022000000000000193, 0.00020863604646777613, 0.0, nan, nan]]","['surf_dist', 'centerline_dist', 'orient_err', 'speed', 'normal_load', 'start_dist', 'insertion_err']","[0.046981054129075855, 0.028274665191392375, 0.25437885626177925, 0.011944283615610398, 0.999085892861233, 0.35645552283983406, 0.18251968503937008]","[[0.0077217949509275265, 0.0041120163263863715, 0.09553820187614892, 0.006476192296243526, 0.5679300155645604, 0.22859836971998052, 0.1297652432868962], [0.006263494193579577, 0.00177678744969064, 0.09553820187614892, 0.006476192296243526, 0.010473131953288917, 0.22859836971998052, 0.1297652432868962], [0.00068140677618836, 0.0002940315040686377, 0.11567404970709248, 0.00706394700744027, 0.39778808846430275, 0.22859836971998052, 0.1297652432868962], [0.00022690603535156176, 0.0001457137738474926, 0.037999999999999805, 0.002671363953532224, 1.0, 0.22859836971998052, 0.1297652432868962]]",,"[[nan, nan, nan, nan, nan, nan, nan], [0.006263494193579577, 0.00177678744969064, nan, nan, 0.010473131953288917, nan, nan], [0.00068140677618836, 0.0002940315040686377, 0.11567404970709248, 0.00706394700744027, 0.39778808846430275, nan, nan], [0.00022690603535156176, 0.0001457137738474926, 0.037999999999999805, 0.002671363953532224, 1.0, nan, nan]]",[],"[[0, 0, 0, 0, 0, 0, 0], [1, 1, 0, 0, 1, 0, 0], [1, 1, 1, 1, 1, 0, 0], [1, 1, 1, 1, 1, 0, 0]]","[['', '', '', '', '', '', ''], ['target_value', 'target_value', '', '', 'lower_bound', '', ''], ['target_value', 'target_value', 'upper_bound', 'upper_bound', 'lower_bound', '', ''], ['target_value', 'target_value', 'upper_bound', 'upper_bound', 'lower_bound', '', '']]","[[nan, nan, nan, nan, nan, nan, nan], [0.0, 0.0, nan, nan, 0.4, nan, nan], [0.0, 0.0, 0.06, 0.0072, 0.72, nan, nan], [0.0, 0.0, 0.06, 0.00288, 1.0, nan, nan]]","[[0, 0, 0, 0, 0, 0, 0], [1, 1, 0, 0, 1, 0, 0], [1, 1, 1, 1, 1, 0, 0], [1, 1, 1, 1, 1, 0, 0]]",13.033333333333335,0.09828015540444308,0.06147275831240424,0.06473187054477052,4658.444597308881,-50933332590.21885,-50933332590.21885,4658.444597308881,,,
arhsmm,S4SlideInsert,0,4,"[[nan, nan, nan, nan, nan, nan, nan], [0.015402062458471776, 0.014415448912002589, nan, nan, 0.3202927819184472, nan, nan], [0.008689553903615978, 0.009789782178495568, 0.08642633656504357, 0.37897730379882943, 0.28025618417864134, nan, nan], [0.004829734869893715, 0.005058470509563754, 0.08648517539272277, 0.018130803163410817, 0.0, nan, nan]]","[[nan, nan, nan, nan, nan, nan, nan], [0.0007236051300608696, 0.00040759199157049467, nan, nan, 0.31999999999999995, nan, nan], [0.0004082444023033047, 0.000276802813393622, 0.021985032646311374, 0.004526612400452563, 0.28, nan, nan], [0.00022690603535156176, 0.00014302656003844713, 0.022000000000000193, 0.000216559455162585, 0.0, nan, nan]]","['surf_dist', 'centerline_dist', 'orient_err', 'speed', 'normal_load', 'start_dist', 'insertion_err']","[0.046981054129075855, 0.028274665191392375, 0.25437885626177925, 0.011944283615610398, 0.999085892861233, 0.35645552283983406, 0.18251968503937008]","[[0.0077217949509275265, 0.0041120163263863715, 0.09553820187614892, 0.006476192296243526, 0.5679300155645604, 0.22859836971998052, 0.1297652432868962], [0.0007236051300608696, 0.00040759199157049467, 0.09553820187614892, 0.006476192296243526, 0.72, 0.22859836971998052, 0.1297652432868962], [0.0004082444023033047, 0.000276802813393622, 0.038014967353688624, 0.0026733875995474375, 1.0, 0.22859836971998052, 0.1297652432868962], [0.00022690603535156176, 0.00014302656003844713, 0.037999999999999805, 0.002663440544837415, 1.0, 0.22859836971998052, 0.1297652432868962]]",,"[[nan, nan, nan, nan, nan, nan, nan], [0.0007236051300608696, 0.00040759199157049467, nan, nan, 0.72, nan, nan], [0.0004082444023033047, 0.000276802813393622, 0.038014967353688624, 0.0026733875995474375, 1.0, nan, nan], [0.00022690603535156176, 0.00014302656003844713, 0.037999999999999805, 0.002663440544837415, 1.0, nan, nan]]",[],"[[0, 0, 0, 0, 0, 0, 0], [1, 1, 0, 0, 1, 0, 0], [1, 1, 1, 1, 1, 0, 0], [1, 1, 1, 1, 1, 0, 0]]","[['', '', '', '', '', '', ''], ['target_value', 'target_value', '', '', 'lower_bound', '', ''], ['target_value', 'target_value', 'upper_bound', 'upper_bound', 'lower_bound', '', ''], ['target_value', 'target_value', 'upper_bound', 'upper_bound', 'lower_bound', '', '']]","[[nan, nan, nan, nan, nan, nan, nan], [0.0, 0.0, nan, nan, 0.4, nan, nan], [0.0, 0.0, 0.06, 0.0072, 0.72, nan, nan], [0.0, 0.0, 0.06, 0.00288, 1.0, nan, nan]]","[[0, 0, 0, 0, 0, 0, 0], [1, 1, 0, 0, 1, 0, 0], [1, 1, 1, 1, 1, 0, 0], [1, 1, 1, 1, 1, 0, 0]]",36.766666666666666,0.09451951060377989,0.050070337033434234,0.10352184435875,4554.534378479171,-11599998170.502605,-11599998170.502605,4554.534378479171,,,
arhsmm,S4SlideInsert,0,5,"[[nan, nan, nan, nan, nan, nan, nan], [0.38292870435677806, 0.3608533362137915, nan, nan, 0.39279904126242915, nan, nan], [0.015055421588282974, 0.003000193747972384, 0.25219373551174873, 0.5133241232125667, 0.3202927819184472, nan, nan], [0.012674025484822967, 0.011562525115199477, 0.011793433008098684, 0.35015132574464314, 0.28025618417864134, nan, nan]]","[[nan, nan, nan, nan, nan, nan, nan], [0.017990394186962674, 0.0102030072646419, nan, nan, 0.3924399808547103, nan, nan], [0.0007073195765751796, 8.48294737332278e-05, 0.0641527539958643, 0.006131288914385434, 0.31999999999999995, nan, nan], [0.0005954390773357547, 0.00032692652639933076, 0.003000000000000058, 0.004182306743076, 0.28, nan, nan]]","['surf_dist', 'centerline_dist', 'orient_err', 'speed', 'normal_load', 'start_dist', 'insertion_err']","[0.046981054129075855, 0.028274665191392375, 0.25437885626177925, 0.011944283615610398, 0.999085892861233, 0.35645552283983406, 0.18251968503937008]","[[0.0077217949509275265, 0.0041120163263863715, 0.09553820187614892, 0.006476192296243526, 0.5679300155645604, 0.22859836971998052, 0.1297652432868962], [0.017990394186962674, 0.0102030072646419, 0.09553820187614892, 0.006476192296243526, 0.007560019145289698, 0.22859836971998052, 0.1297652432868962], [0.0007073195765751796, 8.48294737332278e-05, 0.1241527539958643, 0.0010687110856145658, 0.4, 0.22859836971998052, 0.1297652432868962], [0.0005954390773357547, 0.00032692652639933076, 0.05699999999999994, 0.007062306743076001, 0.72, 0.22859836971998052, 0.1297652432868962]]",,"[[nan, nan, nan, nan, nan, nan, nan], [0.017990394186962674, 0.0102030072646419, nan, nan, 0.007560019145289698, nan, nan], [0.0007073195765751796, 8.48294737332278e-05, 0.1241527539958643, 0.0010687110856145658, 0.4, nan, nan], [0.0005954390773357547, 0.00032692652639933076, 0.05699999999999994, 0.007062306743076001, 0.72, nan, nan]]",[],"[[0, 0, 0, 0, 0, 0, 0], [1, 1, 0, 0, 1, 0, 0], [1, 1, 1, 1, 1, 0, 0], [1, 1, 1, 1, 1, 0, 0]]","[['', '', '', '', '', '', ''], ['target_value', 'target_value', '', '', 'lower_bound', '', ''], ['target_value', 'target_value', 'upper_bound', 'upper_bound', 'lower_bound', '', ''], ['target_value', 'target_value', 'upper_bound', 'upper_bound', 'lower_bound', '', '']]","[[nan, nan, nan, nan, nan, nan, nan], [0.0, 0.0, nan, nan, 0.4, nan, nan], [0.0, 0.0, 0.06, 0.0072, 0.72, nan, nan], [0.0, 0.0, 0.06, 0.00288, 1.0, nan, nan]]","[[0, 0, 0, 0, 0, 0, 0], [1, 1, 0, 0, 1, 0, 0], [1, 1, 1, 1, 1, 0, 0], [1, 1, 1, 1, 1, 0, 0]]",39.166666666666664,0.22360652548795554,0.0846010958933603,0.1260780599709031,4784.052872091694,-51266665507.696655,-51266665507.696655,4784.052872091694,,,
arhsmm,S4SlideInsert,0,6,"[[nan, nan, nan, nan, nan, nan, nan], [0.015613887257775317, 0.014745986715333337, nan, nan, 0.3202927819184472, nan, nan], [0.009813579781513551, 0.0026503336589236443, 0.08648517539272277, 0.37973767358693356, 0.28025618417864134, nan, nan], [0.007517079512734073, 0.007742210815756768, 0.08648517539272277, 0.017104394410427125, 0.0, nan, nan]]","[[nan, nan, nan, nan, nan, nan, nan], [0.0007335568824228299, 0.0004169378372927699, nan, nan, 0.31999999999999995, nan, nan], [0.0004610523229152926, 7.493729685154396e-05, 0.022000000000000193, 0.0045356944728544195, 0.28, nan, nan], [0.0003531603194803267, 0.00021890841865669945, 0.022000000000000193, 0.0002042997379114028, 0.0, nan, nan]]","['surf_dist', 'centerline_dist', 'orient_err', 'speed', 'normal_load', 'start_dist', 'insertion_err']","[0.046981054129075855, 0.028274665191392375, 0.25437885626177925, 0.011944283615610398, 0.999085892861233, 0.35645552283983406, 0.18251968503937008]","[[0.0077217949509275265, 0.0041120163263863715, 0.09553820187614892, 0.006476192296243526, 0.5679300155645604, 0.22859836971998052, 0.1297652432868962], [0.0007335568824228299, 0.0004169378372927699, 0.09553820187614892, 0.006476192296243526, 0.72, 0.22859836971998052, 0.1297652432868962], [0.0004610523229152926, 7.493729685154396e-05, 0.037999999999999805, 0.0026643055271455803, 1.0, 0.22859836971998052, 0.1297652432868962], [0.0003531603194803267, 0.00021890841865669945, 0.037999999999999805, 0.0026757002620885974, 1.0, 0.22859836971998052, 0.1297652432868962]]",,"[[nan, nan, nan, nan, nan, nan, nan], [0.0007335568824228299, 0.0004169378372927699, nan, nan, 0.72, nan, nan], [0.0004610523229152926, 7.493729685154396e-05, 0.037999999999999805, 0.0026643055271455803, 1.0, nan, nan], [0.0003531603194803267, 0.00021890841865669945, 0.037999999999999805, 0.0026757002620885974, 1.0, nan, nan]]",[],"[[0, 0, 0, 0, 0, 0, 0], [1, 1, 0, 0, 1, 0, 0], [1, 1, 1, 1, 1, 0, 0], [1, 1, 1, 1, 1, 0, 0]]","[['', '', '', '', '', '', ''], ['target_value', 'target_value', '', '', 'lower_bound', '', ''], ['target_value', 'target_value', 'upper_bound', 'upper_bound', 'lower_bound', '', ''], ['target_value', 'target_value', 'upper_bound', 'upper_bound', 'lower_bound', '', '']]","[[nan, nan, nan, nan, nan, nan, nan], [0.0, 0.0, nan, nan, 0.4, nan, nan], [0.0, 0.0, 0.06, 0.0072, 0.72, nan, nan], [0.0, 0.0, 0.06, 0.00288, 1.0, nan, nan]]","[[0, 0, 0, 0, 0, 0, 0], [1, 1, 0, 0, 1, 0, 0], [1, 1, 1, 1, 1, 0, 0], [1, 1, 1, 1, 1, 0, 0]]",32.733333333333334,0.09449572789399473,0.05007681132987581,0.0966711261439966,4827.444114869245,-14199998451.06673,-14199998451.06673,4827.444114869245,,,
arhsmm,S4SlideInsert,0,7,"[[nan, nan, nan, nan, nan, nan, nan], [0.38292870435677806, 0.3677703374526386, nan, nan, 0.39279904126242915, nan, nan], [0.014834007156805745, 0.0028887320203742337, 0.252688482971293, 0.5130089286746222, 0.3202927819184472, nan, nan], [0.012567149014227794, 0.011562525115199477, 0.011793433008098684, 0.3501335881806666, 0.28025618417864134, nan, nan]]","[[nan, nan, nan, nan, nan, nan, nan], [0.017990394186962674, 0.010398583158798748, nan, nan, 0.3924399808547103, nan, nan], [0.0006969172931849893, 8.167793070373592e-05, 0.06427860728876159, 0.006127524141430133, 0.31999999999999995, nan, nan], [0.0005904179080855982, 0.00032692652639933076, 0.003000000000000058, 0.004182094880581215, 0.28, nan, nan]]","['surf_dist', 'centerline_dist', 'orient_err', 'speed', 'normal_load', 'start_dist', 'insertion_err']","[0.046981054129075855, 0.028274665191392375, 0.25437885626177925, 0.011944283615610398, 0.999085892861233, 0.35645552283983406, 0.18251968503937008]","[[0.0077217949509275265, 0.0041120163263863715, 0.09553820187614892, 0.006476192296243526, 0.5679300155645604, 0.22859836971998052, 0.1297652432868962], [0.017990394186962674, 0.010398583158798748, 0.09553820187614892, 0.006476192296243526, 0.007560019145289698, 0.22859836971998052, 0.1297652432868962], [0.0006969172931849893, 8.167793070373592e-05, 0.12427860728876158, 0.001072475858569867, 0.4, 0.22859836971998052, 0.1297652432868962], [0.0005904179080855982, 0.00032692652639933076, 0.05699999999999994, 0.007062094880581214, 0.72, 0.22859836971998052, 0.1297652432868962]]",,"[[nan, nan, nan, nan, nan, nan, nan], [0.017990394186962674, 0.010398583158798748, nan, nan, 0.007560019145289698, nan, nan], [0.0006969172931849893, 8.167793070373592e-05, 0.12427860728876158, 0.001072475858569867, 0.4, nan, nan], [0.0005904179080855982, 0.00032692652639933076, 0.05699999999999994, 0.007062094880581214, 0.72, nan, nan]]",[],"[[0, 0, 0, 0, 0, 0, 0], [1, 1, 0, 0, 1, 0, 0], [1, 1, 1, 1, 1, 0, 0], [1, 1, 1, 1, 1, 0, 0]]","[['', '', '', '', '', '', ''], ['target_value', 'target_value', '', '', 'lower_bound', '', ''], ['target_value', 'target_value', 'upper_bound', 'upper_bound', 'lower_bound', '', ''], ['target_value', 'target_value', 'upper_bound', 'upper_bound', 'lower_bound', '', '']]","[[nan, nan, nan, nan, nan, nan, nan], [0.0, 0.0, nan, nan, 0.4, nan, nan], [0.0, 0.0, 0.06, 0.0072, 0.72, nan, nan], [0.0, 0.0, 0.06, 0.00288, 1.0, nan, nan]]","[[0, 0, 0, 0, 0, 0, 0], [1, 1, 0, 0, 1, 0, 0], [1, 1, 1, 1, 1, 0, 0], [1, 1, 1, 1, 1, 0, 0]]",39.0,0.2241172227161709,0.08462408647458604,0.12556778872588853,4789.249233708863,-51066665513.54866,-51066665513.54866,4789.249233708863,,,
arhsmm,S4SlideInsert,0,8,"[[nan, nan, nan, nan, nan, nan, nan], [0.015468904424852199, 0.01464550098318083, nan, nan, 0.3202927819184472, nan, nan], [0.010224614919760691, 0.0038457672851194874, 0.08648517539272277, 0.3789411967513239, 0.28025618417864134, nan, nan], [0.006258106805278771, 0.00860147839545394, 0.08648517539272277, 0.01710600454940101, 0.0, nan, nan]]","[[nan, nan, nan, nan, nan, nan, nan], [0.0007267454361014822, 0.00041409663685964583, nan, nan, 0.31999999999999995, nan, nan], [0.0004803631869942336, 0.00010873778239076353, 0.022000000000000193, 0.0045261811276366345, 0.28, nan, nan], [0.0002940124545643399, 0.00024320392178245505, 0.022000000000000193, 0.0002043189698679674, 0.0, nan, nan]]","['surf_dist', 'centerline_dist', 'orient_err', 'speed', 'normal_load', 'start_dist', 'insertion_err']","[0.046981054129075855, 0.028274665191392375, 0.25437885626177925, 0.011944283615610398, 0.999085892861233, 0.35645552283983406, 0.18251968503937008]","[[0.0077217949509275265, 0.0041120163263863715, 0.09553820187614892, 0.006476192296243526, 0.5679300155645604, 0.22859836971998052, 0.1297652432868962], [0.0007267454361014822, 0.00041409663685964583, 0.09553820187614892, 0.006476192296243526, 0.72, 0.22859836971998052, 0.1297652432868962], [0.0004803631869942336, 0.00010873778239076353, 0.037999999999999805, 0.0026738188723633653, 1.0, 0.22859836971998052, 0.1297652432868962], [0.0002940124545643399, 0.00024320392178245505, 0.037999999999999805, 0.002675681030132033, 1.0, 0.22859836971998052, 0.1297652432868962]]",,"[[nan, nan, nan, nan, nan, nan, nan], [0.0007267454361014822, 0.00041409663685964583, nan, nan, 0.72, nan, nan], [0.0004803631869942336, 0.00010873778239076353, 0.037999999999999805, 0.0026738188723633653, 1.0, nan, nan], [0.0002940124545643399, 0.00024320392178245505, 0.037999999999999805, 0.002675681030132033, 1.0, nan, nan]]",[],"[[0, 0, 0, 0, 0, 0, 0], [1, 1, 0, 0, 1, 0, 0], [1, 1, 1, 1, 1, 0, 0], [1, 1, 1, 1, 1, 0, 0]]","[['', '', '', '', '', '', ''], ['target_value', 'target_value', '', '', 'lower_bound', '', ''], ['target_value', 'target_value', 'upper_bound', 'upper_bound', 'lower_bound', '', ''], ['target_value', 'target_value', 'upper_bound', 'upper_bound', 'lower_bound', '', '']]","[[nan, nan, nan, nan, nan, nan, nan], [0.0, 0.0, nan, nan, 0.4, nan, nan], [0.0, 0.0, 0.06, 0.0072, 0.72, nan, nan], [0.0, 0.0, 0.06, 0.00288, 1.0, nan, nan]]","[[0, 0, 0, 0, 0, 0, 0], [1, 1, 0, 0, 1, 0, 0], [1, 1, 1, 1, 1, 0, 0], [1, 1, 1, 1, 1, 0, 0]]",33.766666666666666,0.09450853007668497,0.05007674303970752,0.09784882907763819,4827.482740057573,-13399998206.960417,-13399998206.960417,4827.482740057573,,,
arhsmm,S4SlideInsert,0,9,"[[nan, nan, nan, nan, nan, nan, nan], [0.38292870435677806, 0.3677703374526386, nan, nan, 0.39279904126242915, nan, nan], [0.014714922646203069, 0.010034835282924596, 0.255261168749787, 0.011390636469977787, 0.3225067172282159, nan, nan], [0.005979346800250859, 0.005504465701538712, 0.08648517539272277, 0.01709405781803001, 0.0, nan, nan]]","[[nan, nan, nan, nan, nan, nan, nan], [0.017990394186962674, 0.010398583158798748, nan, nan, 0.3924399808547103, nan, nan], [0.0006913225773464305, 0.0002837316078754641, 0.06493304415461584, 0.00013605299255972994, 0.3222119115356972, nan, nan], [0.0002809160156791021, 0.00015563692476850983, 0.022000000000000193, 0.0002041762747201927, 0.0, nan, nan]]","['surf_dist', 'centerline_dist', 'orient_err', 'speed', 'normal_load', 'start_dist', 'insertion_err']","[0.046981054129075855, 0.028274665191392375, 0.25437885626177925, 0.011944283615610398, 0.999085892861233, 0.35645552283983406, 0.18251968503937008]","[[0.0077217949509275265, 0.0041120163263863715, 0.09553820187614892, 0.006476192296243526, 0.5679300155645604, 0.22859836971998052, 0.1297652432868962], [0.017990394186962674, 0.010398583158798748, 0.09553820187614892, 0.006476192296243526, 0.007560019145289698, 0.22859836971998052, 0.1297652432868962], [0.0006913225773464305, 0.0002837316078754641, 0.12493304415461584, 0.00706394700744027, 0.39778808846430275, 0.22859836971998052, 0.1297652432868962], [0.0002809160156791021, 0.00015563692476850983, 0.037999999999999805, 0.0026758237252798075, 1.0, 0.22859836971998052, 0.1297652432868962]]",,"[[nan, nan, nan, nan, nan, nan, nan], [0.017990394186962674, 0.010398583158798748, nan, nan, 0.007560019145289698, nan, nan], [0.0006913225773464305, 0.0002837316078754641, 0.12493304415461584, 0.00706394700744027, 0.39778808846430275, nan, nan], [0.0002809160156791021, 0.00015563692476850983, 0.037999999999999805, 0.0026758237252798075, 1.0, nan, nan]]",[],"[[0, 0, 0, 0, 0, 0, 0], [1, 1, 0, 0, 1, 0, 0], [1, 1, 1, 1, 1, 0, 0], [1, 1, 1, 1, 1, 0, 0]]","[['', '', '', '', '', '', ''], ['target_value', 'target_value', '', '', 'lower_bound', '', ''], ['target_value', 'target_value', 'upper_bound', 'upper_bound', 'lower_bound', '', ''], ['target_value', 'target_value', 'upper_bound', 'upper_bound', 'lower_bound', '', '']]","[[nan, nan, nan, nan, nan, nan, nan], [0.0, 0.0, nan, nan, 0.4, nan, nan], [0.0, 0.0, 0.06, 0.0072, 0.72, nan, nan], [0.0, 0.0, 0.06, 0.00288, 1.0, nan, nan]]","[[0, 0, 0, 0, 0, 0, 0], [1, 1, 0, 0, 1, 0, 0], [1, 1, 1, 1, 1, 0, 0], [1, 1, 1, 1, 1, 0, 0]]",17.3,0.14403610839703818,0.06397890386797958,0.08512130470160936,4667.047213845034,-53866665824.68597,-53866665824.68597,4667.047213845034,,,
cluster,S4SlideInsert,0,0,"[[nan, nan, nan, nan, nan, nan, nan], [0.2878869791494726, 0.3249448728131676, nan, nan, 0.3927782990455739, nan, nan], [0.01843566778100391, 0.009000128030980277, 0.3027227918428303, 0.011988788555712204, 0.7042397099654603, nan, nan], [0.008605619474218971, 0.009367847626379369, 0.011793433008098684, 0.35022522501990455, 0.28025618417864134, nan, nan]]","[[nan, nan, nan, nan, nan, nan, nan], [0.013525233750477504, 0.009187707484451892, nan, nan, 0.3924192575984635, nan, nan], [0.0008661271059250044, 0.0002544756067556328, 0.07700627755335185, 0.00014319749071701072, 0.7035959594191776, nan, nan], [0.00040430107433251077, 0.0002648727551998564, 0.003000000000000058, 0.004183189416978711, 0.28, nan, nan]]","['surf_dist', 'centerline_dist', 'orient_err', 'speed', 'normal_load', 'start_dist', 'insertion_err']","[0.046981054129075855, 0.028274665191392375, 0.25437885626177925, 0.011944283615610398, 0.999085892861233, 0.35645552283983406, 0.18251968503937008]","[[0.0077217949509275265, 0.0041120163263863715, 0.09553820187614892, 0.006476192296243526, 0.5679300155645604, 0.22859836971998052, 0.1297652432868962], [0.013525233750477504, 0.009187707484451892, 0.09553820187614892, 0.006476192296243526, 0.0075807424015365, 0.22859836971998052, 0.1297652432868962], [0.0008661271059250044, 0.0002544756067556328, 0.13700627755335185, 0.007056802509282989, 0.016404040580822343, 0.22859836971998052, 0.1297652432868962], [0.00040430107433251077, 0.0002648727551998564, 0.05699999999999994, 0.007063189416978711, 0.72, 0.22859836971998052, 0.1297652432868962]]",,"[[nan, nan, nan, nan, nan, nan, nan], [0.013525233750477504, 0.009187707484451892, nan, nan, 0.0075807424015365, nan, nan], [0.0008661271059250044, 0.0002544756067556328, 0.13700627755335185, 0.007056802509282989, 0.016404040580822343, nan, nan], [0.00040430107433251077, 0.0002648727551998564, 0.05699999999999994, 0.007063189416978711, 0.72, nan, nan]]",[],"[[0, 0, 0, 0, 0, 0, 0], [1, 1, 0, 0, 1, 0, 0], [1, 1, 1, 1, 1, 0, 0], [1, 1, 1, 1, 1, 0, 0]]","[['', '', '', '', '', '', ''], ['target_value', 'target_value', '', '', 'lower_bound', '', ''], ['target_value', 'target_value', 'upper_bound', 'upper_bound', 'lower_bound', '', ''], ['target_value', 'target_value', 'upper_bound', 'upper_bound', 'lower_bound', '', '']]","[[nan, nan, nan, nan, nan, nan, nan], [0.0, 0.0, nan, nan, 0.4, nan, nan], [0.0, 0.0, 0.06, 0.0072, 0.72, nan, nan], [0.0, 0.0, 0.06, 0.00288, 1.0, nan, nan]]","[[0, 0, 0, 0, 0, 0, 0], [1, 1, 0, 0, 1, 0, 0], [1, 1, 1, 1, 1, 0, 0], [1, 1, 1, 1, 1, 0, 0]]",22.1,0.20863427280703412,0.11421927686583319,0.09244782038824208,1079.7144856071595,-44599999140.73824,-44599999140.73824,,1079.7144856071595,,
cluster,S4SlideInsert,0,1,"[[nan, nan, nan, nan, nan, nan, nan], [0.02201121176617771, 0.009184754774571036, nan, nan, 0.3937717327334169, nan, nan], [0.011603618688654987, 0.015717563792386608, 0.011793433008098684, 0.011613895114917174, 0.0, nan, nan], [0.007578049443199556, 0.00577878556499813, 0.03050885333003007, 0.012959033832403008, 0.18860630034129616, nan, nan]]","[[nan, nan, nan, nan, nan, nan, nan], [0.0010341099314333463, 0.0002596958661160386, nan, nan, 0.3934117831814806, nan, nan], [0.0005451502377048561, 0.0004444088538540828, 0.003000000000000058, 0.00013871965713452283, 0.0, nan, nan], [0.0003560247510837715, 0.00016339322706317334, 0.007760807215951425, 0.00015478637547851207, 0.18843389397573773, nan, nan]]","['surf_dist', 'centerline_dist', 'orient_err', 'speed', 'normal_load', 'start_dist', 'insertion_err']","[0.046981054129075855, 0.028274665191392375, 0.25437885626177925, 0.011944283615610398, 0.999085892861233, 0.35645552283983406, 0.18251968503937008]","[[0.0077217949509275265, 0.0041120163263863715, 0.09553820187614892, 0.006476192296243526, 0.5679300155645604, 0.22859836971998052, 0.1297652432868962], [0.0010341099314333463, 0.0002596958661160386, 0.09553820187614892, 0.006476192296243526, 0.006588216818519399, 0.22859836971998052, 0.1297652432868962], [0.0005451502377048561, 0.0004444088538540828, 0.05699999999999994, 0.007061280342865477, 0.72, 0.22859836971998052, 0.1297652432868962], [0.0003560247510837715, 0.00016339322706317334, 0.05223919278404857, 0.002725213624521488, 0.8115661060242623, 0.22859836971998052, 0.1297652432868962]]",,"[[nan, nan, nan, nan, nan, nan, nan], [0.0010341099314333463, 0.0002596958661160386, nan, nan, 0.006588216818519399, nan, nan], [0.0005451502377048561, 0.0004444088538540828, 0.05699999999999994, 0.007061280342865477, 0.72, nan, nan], [0.0003560247510837715, 0.00016339322706317334, 0.05223919278404857, 0.002725213624521488, 0.8115661060242623, nan, nan]]",[],"[[0, 0, 0, 0, 0, 0, 0], [1, 1, 0, 0, 1, 0, 0], [1, 1, 1, 1, 1, 0, 0], [1, 1, 1, 1, 1, 0, 0]]","[['', '', '', '', '', '', ''], ['target_value', 'target_value', '', '', 'lower_bound', '', ''], ['target_value', 'target_value', 'upper_bound', 'upper_bound', 'lower_bound', '', ''], ['target_value', 'target_value', 'upper_bound', 'upper_bound', 'lower_bound', '', '']]","[[nan, nan, nan, nan, nan, nan, nan], [0.0, 0.0, nan, nan, 0.4, nan, nan], [0.0, 0.0, 0.06, 0.0072, 0.72, nan, nan], [0.0, 0.0, 0.06, 0.00288, 1.0, nan, nan]]","[[0, 0, 0, 0, 0, 0, 0], [1, 1, 0, 0, 1, 0, 0], [1, 1, 1, 1, 1, 0, 0], [1, 1, 1, 1, 1, 0, 0]]",13.466666666666669,0.05547132556847308,0.04582329025177216,0.05901491610135495,1200.2724811073986,-27199998690.541847,-27199998690.541847,,1200.2724811073986,,
cluster,S4SlideInsert,0,2,"[[nan, nan, nan, nan, nan, nan, nan], [0.06759130352971737, 0.060986491587469195, nan, nan, 0.3921787734973703, nan, nan], [0.01878480781840508, 0.014905104842703402, 0.011793433008098684, 0.011979843140785757, 0.2106246168367998, nan, nan], [0.007815200953373614, 0.008853992297303227, 0.011793433008098684, 0.3500594351299562, 0.2803021633522295, nan, nan]]","[[nan, nan, nan, nan, nan, nan, nan], [0.0031755106897844478, 0.0017243726308333591, nan, nan, 0.39182028008084346, nan, nan], [0.0008825300729207765, 0.00042143684907003983, 0.003000000000000058, 0.0001430906441440699, 0.2104320833709492, nan, nan], [0.00036716637902005096, 0.00025034366781341577, 0.003000000000000058, 0.004181209175512566, 0.2800459371436974, nan, nan]]","['surf_dist', 'centerline_dist', 'orient_err', 'speed', 'normal_load', 'start_dist', 'insertion_err']","[0.046981054129075855, 0.028274665191392375, 0.25437885626177925, 0.011944283615610398, 0.999085892861233, 0.35645552283983406, 0.18251968503937008]","[[0.0077217949509275265, 0.0041120163263863715, 0.09553820187614892, 0.006476192296243526, 0.5679300155645604, 0.22859836971998052, 0.1297652432868962], [0.0031755106897844478, 0.0017243726308333591, 0.09553820187614892, 0.006476192296243526, 0.008179719919156558, 0.22859836971998052, 0.1297652432868962], [0.0008825300729207765, 0.00042143684907003983, 0.05699999999999994, 0.00705690935585593, 0.5095679166290508, 0.22859836971998052, 0.1297652432868962], [0.00036716637902005096, 0.00025034366781341577, 0.05699999999999994, 0.007061209175512566, 0.7199540628563026, 0.22859836971998052, 0.1297652432868962]]",,"[[nan, nan, nan, nan, nan, nan, nan], [0.0031755106897844478, 0.0017243726308333591, nan, nan, 0.008179719919156558, nan, nan], [0.0008825300729207765, 0.00042143684907003983, 0.05699999999999994, 0.00705690935585593, 0.5095679166290508, nan, nan], [0.00036716637902005096, 0.00025034366781341577, 0.05699999999999994, 0.007061209175512566, 0.7199540628563026, nan, nan]]",[],"[[0, 0, 0, 0, 0, 0, 0], [1, 1, 0, 0, 1, 0, 0], [1, 1, 1, 1, 1, 0, 0], [1, 1, 1, 1, 1, 0, 0]]","[['', '', '', '', '', '', ''], ['target_value', 'target_value', '', '', 'lower_bound', '', ''], ['target_value', 'target_value', 'upper_bound', 'upper_bound', 'lower_bound', '', ''], ['target_value', 'target_value', 'upper_bound', 'upper_bound', 'lower_bound', '', '']]","[[nan, nan, nan, nan, nan, nan, nan], [0.0, 0.0, nan, nan, 0.4, nan, nan], [0.0, 0.0, 0.06, 0.0072, 0.72, nan, nan], [0.0, 0.0, 0.06, 0.00288, 1.0, nan, nan]]","[[0, 0, 0, 0, 0, 0, 0], [1, 1, 0, 0, 1, 0, 0], [1, 1, 1, 1, 1, 0, 0], [1, 1, 1, 1, 1, 0, 0]]",13.333333333333334,0.11135912300017775,0.06918799697727607,0.06305250672946425,1118.5796306774525,-43733332335.76055,-43733332335.76055,,1118.5796306774525,,
cluster,S4SlideInsert,0,3,"[[nan, nan, nan, nan, nan, nan, nan], [0.2878869791494726, 0.34089262125608677, nan, nan, 0.3927782990455739, nan, nan], [0.01843566778100391, 0.009000128030980277, 0.3027227918428303, 0.011988788555712204, 0.7042397099654603, nan, nan], [0.008605619474218971, 0.009367847626379369, 0.011793433008098684, 0.35022522501990455, 0.28025618417864134, nan, nan]]","[[nan, nan, nan, nan, nan, nan, nan], [0.013525233750477504, 0.009638624732231982, nan, nan, 0.3924192575984635, nan, nan], [0.0008661271059250044, 0.0002544756067556328, 0.07700627755335185, 0.00014319749071701072, 0.7035959594191776, nan, nan], [0.00040430107433251077, 0.0002648727551998564, 0.003000000000000058, 0.004183189416978711, 0.28, nan, nan]]","['surf_dist', 'centerline_dist', 'orient_err', 'speed', 'normal_load', 'start_dist', 'insertion_err']","[0.046981054129075855, 0.028274665191392375, 0.25437885626177925, 0.011944283615610398, 0.999085892861233, 0.35645552283983406, 0.18251968503937008]","[[0.0077217949509275265, 0.0041120163263863715, 0.09553820187614892, 0.006476192296243526, 0.5679300155645604, 0.22859836971998052, 0.1297652432868962], [0.013525233750477504, 0.009638624732231982, 0.09553820187614892, 0.006476192296243526, 0.0075807424015365, 0.22859836971998052, 0.1297652432868962], [0.0008661271059250044, 0.0002544756067556328, 0.13700627755335185, 0.007056802509282989, 0.016404040580822343, 0.22859836971998052, 0.1297652432868962], [0.00040430107433251077, 0.0002648727551998564, 0.05699999999999994, 0.007063189416978711, 0.72, 0.22859836971998052, 0.1297652432868962]]",,"[[nan, nan, nan, nan, nan, nan, nan], [0.013525233750477504, 0.009638624732231982, nan, nan, 0.0075807424015365, nan, nan], [0.0008661271059250044, 0.0002544756067556328, 0.13700627755335185, 0.007056802509282989, 0.016404040580822343, nan, nan], [0.00040430107433251077, 0.0002648727551998564, 0.05699999999999994, 0.007063189416978711, 0.72, nan, nan]]",[],"[[0, 0, 0, 0, 0, 0, 0], [1, 1, 0, 0, 1, 0, 0], [1, 1, 1, 1, 1, 0, 0], [1, 1, 1, 1, 1, 0, 0]]","[['', '', '', '', '', '', ''], ['target_value', 'target_value', '', '', 'lower_bound', '', ''], ['target_value', 'target_value', 'upper_bound', 'upper_bound', 'lower_bound', '', ''], ['target_value', 'target_value', 'upper_bound', 'upper_bound', 'lower_bound', '', '']]","[[nan, nan, nan, nan, nan, nan, nan], [0.0, 0.0, nan, nan, 0.4, nan, nan], [0.0, 0.0, 0.06, 0.0072, 0.72, nan, nan], [0.0, 0.0, 0.06, 0.00288, 1.0, nan, nan]]","[[0, 0, 0, 0, 0, 0, 0], [1, 1, 0, 0, 1, 0, 0], [1, 1, 1, 1, 1, 0, 0], [1, 1, 1, 1, 1, 0, 0]]",22.233333333333334,0.20986102268725867,0.11425396280797011,0.09299625332022118,1079.6815845222789,-44933332479.286156,-44933332479.286156,,1079.6815845222789,,
cluster,S4SlideInsert,0,4,"[[nan, nan, nan, nan, nan, nan, nan], [0.2878869791494726, 0.34089262125608677, nan, nan, 0.3927782990455739, nan, nan], [0.01843566778100391, 0.009000128030980277, 0.3027227918428303, 0.011988788555712204, 0.7042397099654603, nan, nan], [0.008605619474218971, 0.009367847626379369, 0.011793433008098684, 0.35022522501990455, 0.28025618417864134, nan, nan]]","[[nan, nan, nan, nan, nan, nan, nan], [0.013525233750477504, 0.009638624732231982, nan, nan, 0.3924192575984635, nan, nan], [0.0008661271059250044, 0.0002544756067556328, 0.07700627755335185, 0.00014319749071701072, 0.7035959594191776, nan, nan], [0.00040430107433251077, 0.0002648727551998564, 0.003000000000000058, 0.004183189416978711, 0.28, nan, nan]]","['surf_dist', 'centerline_dist', 'orient_err', 'speed', 'normal_load', 'start_dist', 'insertion_err']","[0.046981054129075855, 0.028274665191392375, 0.25437885626177925, 0.011944283615610398, 0.999085892861233, 0.35645552283983406, 0.18251968503937008]","[[0.0077217949509275265, 0.0041120163263863715, 0.09553820187614892, 0.006476192296243526, 0.5679300155645604, 0.22859836971998052, 0.1297652432868962], [0.013525233750477504, 0.009638624732231982, 0.09553820187614892, 0.006476192296243526, 0.0075807424015365, 0.22859836971998052, 0.1297652432868962], [0.0008661271059250044, 0.0002544756067556328, 0.13700627755335185, 0.007056802509282989, 0.016404040580822343, 0.22859836971998052, 0.1297652432868962], [0.00040430107433251077, 0.0002648727551998564, 0.05699999999999994, 0.007063189416978711, 0.72, 0.22859836971998052, 0.1297652432868962]]",,"[[nan, nan, nan, nan, nan, nan, nan], [0.013525233750477504, 0.009638624732231982, nan, nan, 0.0075807424015365, nan, nan], [0.0008661271059250044, 0.0002544756067556328, 0.13700627755335185, 0.007056802509282989, 0.016404040580822343, nan, nan], [0.00040430107433251077, 0.0002648727551998564, 0.05699999999999994, 0.007063189416978711, 0.72, nan, nan]]",[],"[[0, 0, 0, 0, 0, 0, 0], [1, 1, 0, 0, 1, 0, 0], [1, 1, 1, 1, 1, 0, 0], [1, 1, 1, 1, 1, 0, 0]]","[['', '', '', '', '', '', ''], ['target_value', 'target_value', '', '', 'lower_bound', '', ''], ['target_value', 'target_value', 'upper_bound', 'upper_bound', 'lower_bound', '', ''], ['target_value', 'target_value', 'upper_bound', 'upper_bound', 'lower_bound', '', '']]","[[nan, nan, nan, nan, nan, nan, nan], [0.0, 0.0, nan, nan, 0.4, nan, nan], [0.0, 0.0, 0.06, 0.0072, 0.72, nan, nan], [0.0, 0.0, 0.06, 0.00288, 1.0, nan, nan]]","[[0, 0, 0, 0, 0, 0, 0], [1, 1, 0, 0, 1, 0, 0], [1, 1, 1, 1, 1, 0, 0], [1, 1, 1, 1, 1, 0, 0]]",22.233333333333334,0.20986102268725867,0.11425396280797011,0.09299625332022118,1079.6815845222789,-44933332479.286156,-44933332479.286156,,1079.6815845222789,,
cluster,S4SlideInsert,0,5,"[[nan, nan, nan, nan, nan, nan, nan], [0.2878869791494726, 0.3249448728131676, nan, nan, 0.3927782990455739, nan, nan], [0.018392478633531814, 0.00898123054041473, 0.3027227918428303, 0.011988788555712204, 0.7042397099654603, nan, nan], [0.008472629298199474, 0.009367847626379369, 0.011793433008098684, 0.35022522501990455, 0.28025618417864134, nan, nan]]","[[nan, nan, nan, nan, nan, nan, nan], [0.013525233750477504, 0.009187707484451892, nan, nan, 0.3924192575984635, nan, nan], [0.0008640980342498293, 0.0002539412865369345, 0.07700627755335185, 0.00014319749071701072, 0.7035959594191776, nan, nan], [0.0003980530556743035, 0.0002648727551998564, 0.003000000000000058, 0.004183189416978711, 0.28, nan, nan]]","['surf_dist', 'centerline_dist', 'orient_err', 'speed', 'normal_load', 'start_dist', 'insertion_err']","[0.046981054129075855, 0.028274665191392375, 0.25437885626177925, 0.011944283615610398, 0.999085892861233, 0.35645552283983406, 0.18251968503937008]","[[0.0077217949509275265, 0.0041120163263863715, 0.09553820187614892, 0.006476192296243526, 0.5679300155645604, 0.22859836971998052, 0.1297652432868962], [0.013525233750477504, 0.009187707484451892, 0.09553820187614892, 0.006476192296243526, 0.0075807424015365, 0.22859836971998052, 0.1297652432868962], [0.0008640980342498293, 0.0002539412865369345, 0.13700627755335185, 0.007056802509282989, 0.016404040580822343, 0.22859836971998052, 0.1297652432868962], [0.0003980530556743035, 0.0002648727551998564, 0.05699999999999994, 0.007063189416978711, 0.72, 0.22859836971998052, 0.1297652432868962]]",,"[[nan, nan, nan, nan, nan, nan, nan], [0.013525233750477504, 0.009187707484451892, nan, nan, 0.0075807424015365, nan, nan], [0.0008640980342498293, 0.0002539412865369345, 0.13700627755335185, 0.007056802509282989, 0.016404040580822343, nan, nan], [0.0003980530556743035, 0.0002648727551998564, 0.05699999999999994, 0.007063189416978711, 0.72, nan, nan]]",[],"[[0, 0, 0, 0, 0, 0, 0], [1, 1, 0, 0, 1, 0, 0], [1, 1, 1, 1, 1, 0, 0], [1, 1, 1, 1, 1, 0, 0]]","[['', '', '', '', '', '', ''], ['target_value', 'target_value', '', '', 'lower_bound', '', ''], ['target_value', 'target_value', 'upper_bound', 'upper_bound', 'lower_bound', '', ''], ['target_value', 'target_value', 'upper_bound', 'upper_bound', 'lower_bound', '', '']]","[[nan, nan, nan, nan, nan, nan, nan], [0.0, 0.0, nan, nan, 0.4, nan, nan], [0.0, 0.0, 0.06, 0.0072, 0.72, nan, nan], [0.0, 0.0, 0.06, 0.00288, 1.0, nan, nan]]","[[0, 0, 0, 0, 0, 0, 0], [1, 1, 0, 0, 1, 0, 0], [1, 1, 1, 1, 1, 0, 0], [1, 1, 1, 1, 1, 0, 0]]",21.900000000000002,0.20861926689826052,0.11421859906502146,0.0921324893210814,1079.7015799107508,-44599999140.7283,-44599999140.7283,,1079.7015799107508,,
cluster,S4SlideInsert,0,6,"[[nan, nan, nan, nan, nan, nan, nan], [0.06759130352971737, 0.060986491587469195, nan, nan, 0.3921787734973703, nan, nan], [0.01878480781840508, 0.014905104842703402, 0.011793433008098684, 0.011979843140785757, 0.2106246168367998, nan, nan], [0.007815200953373614, 0.008853992297303227, 0.011793433008098684, 0.3500594351299562, 0.2803021633522295, nan, nan]]","[[nan, nan, nan, nan, nan, nan, nan], [0.0031755106897844478, 0.0017243726308333591, nan, nan, 0.39182028008084346, nan, nan], [0.0008825300729207765, 0.00042143684907003983, 0.003000000000000058, 0.0001430906441440699, 0.2104320833709492, nan, nan], [0.00036716637902005096, 0.00025034366781341577, 0.003000000000000058, 0.004181209175512566, 0.2800459371436974, nan, nan]]","['surf_dist', 'centerline_dist', 'orient_err', 'speed', 'normal_load', 'start_dist', 'insertion_err']","[0.046981054129075855, 0.028274665191392375, 0.25437885626177925, 0.011944283615610398, 0.999085892861233, 0.35645552283983406, 0.18251968503937008]","[[0.0077217949509275265, 0.0041120163263863715, 0.09553820187614892, 0.006476192296243526, 0.5679300155645604, 0.22859836971998052, 0.1297652432868962], [0.0031755106897844478, 0.0017243726308333591, 0.09553820187614892, 0.006476192296243526, 0.008179719919156558, 0.22859836971998052, 0.1297652432868962], [0.0008825300729207765, 0.00042143684907003983, 0.05699999999999994, 0.00705690935585593, 0.5095679166290508, 0.22859836971998052, 0.1297652432868962], [0.00036716637902005096, 0.00025034366781341577, 0.05699999999999994, 0.007061209175512566, 0.7199540628563026, 0.22859836971998052, 0.1297652432868962]]",,"[[nan, nan, nan, nan, nan, nan, nan], [0.0031755106897844478, 0.0017243726308333591, nan, nan, 0.008179719919156558, nan, nan], [0.0008825300729207765, 0.00042143684907003983, 0.05699999999999994, 0.00705690935585593, 0.5095679166290508, nan, nan], [0.00036716637902005096, 0.00025034366781341577, 0.05699999999999994, 0.007061209175512566, 0.7199540628563026, nan, nan]]",[],"[[0, 0, 0, 0, 0, 0, 0], [1, 1, 0, 0, 1, 0, 0], [1, 1, 1, 1, 1, 0, 0], [1, 1, 1, 1, 1, 0, 0]]","[['', '', '', '', '', '', ''], ['target_value', 'target_value', '', '', 'lower_bound', '', ''], ['target_value', 'target_value', 'upper_bound', 'upper_bound', 'lower_bound', '', ''], ['target_value', 'target_value', 'upper_bound', 'upper_bound', 'lower_bound', '', '']]","[[nan, nan, nan, nan, nan, nan, nan], [0.0, 0.0, nan, nan, 0.4, nan, nan], [0.0, 0.0, 0.06, 0.0072, 0.72, nan, nan], [0.0, 0.0, 0.06, 0.00288, 1.0, nan, nan]]","[[0, 0, 0, 0, 0, 0, 0], [1, 1, 0, 0, 1, 0, 0], [1, 1, 1, 1, 1, 0, 0], [1, 1, 1, 1, 1, 0, 0]]",13.333333333333334,0.11135912300017775,0.06918799697727607,0.06305250672946425,1118.5796306774525,-43733332335.76055,-43733332335.76055,,1118.5796306774525,,
cluster,S4SlideInsert,0,7,"[[nan, nan, nan, nan, nan, nan, nan], [0.2878869791494726, 0.34089262125608677, nan, nan, 0.3927782990455739, nan, nan], [0.01843566778100391, 0.009000128030980277, 0.3027227918428303, 0.011988788555712204, 0.7042397099654603, nan, nan], [0.008605619474218971, 0.009367847626379369, 0.011793433008098684, 0.35022522501990455, 0.28025618417864134, nan, nan]]","[[nan, nan, nan, nan, nan, nan, nan], [0.013525233750477504, 0.009638624732231982, nan, nan, 0.3924192575984635, nan, nan], [0.0008661271059250044, 0.0002544756067556328, 0.07700627755335185, 0.00014319749071701072, 0.7035959594191776, nan, nan], [0.00040430107433251077, 0.0002648727551998564, 0.003000000000000058, 0.004183189416978711, 0.28, nan, nan]]","['surf_dist', 'centerline_dist', 'orient_err', 'speed', 'normal_load', 'start_dist', 'insertion_err']","[0.046981054129075855, 0.028274665191392375, 0.25437885626177925, 0.011944283615610398, 0.999085892861233, 0.35645552283983406, 0.18251968503937008]","[[0.0077217949509275265, 0.0041120163263863715, 0.09553820187614892, 0.006476192296243526, 0.5679300155645604, 0.22859836971998052, 0.1297652432868962], [0.013525233750477504, 0.009638624732231982, 0.09553820187614892, 0.006476192296243526, 0.0075807424015365, 0.22859836971998052, 0.1297652432868962], [0.0008661271059250044, 0.0002544756067556328, 0.13700627755335185, 0.007056802509282989, 0.016404040580822343, 0.22859836971998052, 0.1297652432868962], [0.00040430107433251077, 0.0002648727551998564, 0.05699999999999994, 0.007063189416978711, 0.72, 0.22859836971998052, 0.1297652432868962]]",,"[[nan, nan, nan, nan, nan, nan, nan], [0.013525233750477504, 0.009638624732231982, nan, nan, 0.0075807424015365, nan, nan], [0.0008661271059250044, 0.0002544756067556328, 0.13700627755335185, 0.007056802509282989, 0.016404040580822343, nan, nan], [0.00040430107433251077, 0.0002648727551998564, 0.05699999999999994, 0.007063189416978711, 0.72, nan, nan]]",[],"[[0, 0, 0, 0, 0, 0, 0], [1, 1, 0, 0, 1, 0, 0], [1, 1, 1, 1, 1, 0, 0], [1, 1, 1, 1, 1, 0, 0]]","[['', '', '', '', '', '', ''], ['target_value', 'target_value', '', '', 'lower_bound', '', ''], ['target_value', 'target_value', 'upper_bound', 'upper_bound', 'lower_bound', '', ''], ['target_value', 'target_value', 'upper_bound', 'upper_bound', 'lower_bound', '', '']]","[[nan, nan, nan, nan, nan, nan, nan], [0.0, 0.0, nan, nan, 0.4, nan, nan], [0.0, 0.0, 0.06, 0.0072, 0.72, nan, nan], [0.0, 0.0, 0.06, 0.00288, 1.0, nan, nan]]","[[0, 0, 0, 0, 0, 0, 0], [1, 1, 0, 0, 1, 0, 0], [1, 1, 1, 1, 1, 0, 0], [1, 1, 1, 1, 1, 0, 0]]",22.233333333333334,0.20986102268725867,0.11425396280797011,0.09299625332022118,1079.6815845222789,-44933332479.286156,-44933332479.286156,,1079.6815845222789,,
cluster,S4SlideInsert,0,8,"[[nan, nan, nan, nan, nan, nan, nan], [0.2878869791494726, 0.34089262125608677, nan, nan, 0.3927782990455739, nan, nan], [0.01843566778100391, 0.009000128030980277, 0.3027227918428303, 0.011988788555712204, 0.7042397099654603, nan, nan], [0.008605619474218971, 0.009367847626379369, 0.011793433008098684, 0.35022522501990455, 0.28025618417864134, nan, nan]]","[[nan, nan, nan, nan, nan, nan, nan], [0.013525233750477504, 0.009638624732231982, nan, nan, 0.3924192575984635, nan, nan], [0.0008661271059250044, 0.0002544756067556328, 0.07700627755335185, 0.00014319749071701072, 0.7035959594191776, nan, nan], [0.00040430107433251077, 0.0002648727551998564, 0.003000000000000058, 0.004183189416978711, 0.28, nan, nan]]","['surf_dist', 'centerline_dist', 'orient_err', 'speed', 'normal_load', 'start_dist', 'insertion_err']","[0.046981054129075855, 0.028274665191392375, 0.25437885626177925, 0.011944283615610398, 0.999085892861233, 0.35645552283983406, 0.18251968503937008]","[[0.0077217949509275265, 0.0041120163263863715, 0.09553820187614892, 0.006476192296243526, 0.5679300155645604, 0.22859836971998052, 0.1297652432868962], [0.013525233750477504, 0.009638624732231982, 0.09553820187614892, 0.006476192296243526, 0.0075807424015365, 0.22859836971998052, 0.1297652432868962], [0.0008661271059250044, 0.0002544756067556328, 0.13700627755335185, 0.007056802509282989, 0.016404040580822343, 0.22859836971998052, 0.1297652432868962], [0.00040430107433251077, 0.0002648727551998564, 0.05699999999999994, 0.007063189416978711, 0.72, 0.22859836971998052, 0.1297652432868962]]",,"[[nan, nan, nan, nan, nan, nan, nan], [0.013525233750477504, 0.009638624732231982, nan, nan, 0.0075807424015365, nan, nan], [0.0008661271059250044, 0.0002544756067556328, 0.13700627755335185, 0.007056802509282989, 0.016404040580822343, nan, nan], [0.00040430107433251077, 0.0002648727551998564, 0.05699999999999994, 0.007063189416978711, 0.72, nan, nan]]",[],"[[0, 0, 0, 0, 0, 0, 0], [1, 1, 0, 0, 1, 0, 0], [1, 1, 1, 1, 1, 0, 0], [1, 1, 1, 1, 1, 0, 0]]","[['', '', '', '', '', '', ''], ['target_value', 'target_value', '', '', 'lower_bound', '', ''], ['target_value', 'target_value', 'upper_bound', 'upper_bound', 'lower_bound', '', ''], ['target_value', 'target_value', 'upper_bound', 'upper_bound', 'lower_bound', '', '']]","[[nan, nan, nan, nan, nan, nan, nan], [0.0, 0.0, nan, nan, 0.4, nan, nan], [0.0, 0.0, 0.06, 0.0072, 0.72, nan, nan], [0.0, 0.0, 0.06, 0.00288, 1.0, nan, nan]]","[[0, 0, 0, 0, 0, 0, 0], [1, 1, 0, 0, 1, 0, 0], [1, 1, 1, 1, 1, 0, 0], [1, 1, 1, 1, 1, 0, 0]]",22.233333333333334,0.20986102268725867,0.11425396280797011,0.09299625332022118,1079.6815845222789,-44933332479.286156,-44933332479.286156,,1079.6815845222789,,
cluster,S4SlideInsert,0,9,"[[nan, nan, nan, nan, nan, nan, nan], [0.2878869791494726, 0.34089262125608677, nan, nan, 0.3927782990455739, nan, nan], [0.01843566778100391, 0.009000128030980277, 0.3027227918428303, 0.011988788555712204, 0.7042397099654603, nan, nan], [0.008605619474218971, 0.009367847626379369, 0.011793433008098684, 0.35022522501990455, 0.28025618417864134, nan, nan]]","[[nan, nan, nan, nan, nan, nan, nan], [0.013525233750477504, 0.009638624732231982, nan, nan, 0.3924192575984635, nan, nan], [0.0008661271059250044, 0.0002544756067556328, 0.07700627755335185, 0.00014319749071701072, 0.7035959594191776, nan, nan], [0.00040430107433251077, 0.0002648727551998564, 0.003000000000000058, 0.004183189416978711, 0.28, nan, nan]]","['surf_dist', 'centerline_dist', 'orient_err', 'speed', 'normal_load', 'start_dist', 'insertion_err']","[0.046981054129075855, 0.028274665191392375, 0.25437885626177925, 0.011944283615610398, 0.999085892861233, 0.35645552283983406, 0.18251968503937008]","[[0.0077217949509275265, 0.0041120163263863715, 0.09553820187614892, 0.006476192296243526, 0.5679300155645604, 0.22859836971998052, 0.1297652432868962], [0.013525233750477504, 0.009638624732231982, 0.09553820187614892, 0.006476192296243526, 0.0075807424015365, 0.22859836971998052, 0.1297652432868962], [0.0008661271059250044, 0.0002544756067556328, 0.13700627755335185, 0.007056802509282989, 0.016404040580822343, 0.22859836971998052, 0.1297652432868962], [0.00040430107433251077, 0.0002648727551998564, 0.05699999999999994, 0.007063189416978711, 0.72, 0.22859836971998052, 0.1297652432868962]]",,"[[nan, nan, nan, nan, nan, nan, nan], [0.013525233750477504, 0.009638624732231982, nan, nan, 0.0075807424015365, nan, nan], [0.0008661271059250044, 0.0002544756067556328, 0.13700627755335185, 0.007056802509282989, 0.016404040580822343, nan, nan], [0.00040430107433251077, 0.0002648727551998564, 0.05699999999999994, 0.007063189416978711, 0.72, nan, nan]]",[],"[[0, 0, 0, 0, 0, 0, 0], [1, 1, 0, 0, 1, 0, 0], [1, 1, 1, 1, 1, 0, 0], [1, 1, 1, 1, 1, 0, 0]]","[['', '', '', '', '', '', ''], ['target_value', 'target_value', '', '', 'lower_bound', '', ''], ['target_value', 'target_value', 'upper_bound', 'upper_bound', 'lower_bound', '', ''], ['target_value', 'target_value', 'upper_bound', 'upper_bound', 'lower_bound', '', '']]","[[nan, nan, nan, nan, nan, nan, nan], [0.0, 0.0, nan, nan, 0.4, nan, nan], [0.0, 0.0, 0.06, 0.0072, 0.72, nan, nan], [0.0, 0.0, 0.06, 0.00288, 1.0, nan, nan]]","[[0, 0, 0, 0, 0, 0, 0], [1, 1, 0, 0, 1, 0, 0], [1, 1, 1, 1, 1, 0, 0], [1, 1, 1, 1, 1, 0, 0]]",22.233333333333334,0.20986102268725867,0.11425396280797011,0.09299625332022118,1079.6815845222789,-44933332479.286156,-44933332479.286156,,1079.6815845222789,,
fchmm,S4SlideInsert,0,0,"[[nan, nan, nan, nan, nan, nan, nan], [0.019043795299667075, 0.014312179195855363, nan, nan, 0.0032525488944666423, nan, nan], [0.011501534096024519, 0.013511135230865263, 0.011793433008098684, 0.00822679652184501, 0.0, nan, nan], [0.007832853232212408, 0.005759987195765782, 0.011048135377485167, 0.3724396903782653, 0.2831018276374789, nan, nan]]","[[nan, nan, nan, nan, nan, nan, nan], [0.0008946975777966992, 0.00040467207492202173, nan, nan, 0.0032495757163030214, nan, nan], [0.0005403541959327395, 0.00038202282500834125, 0.003000000000000058, 9.826319090483395e-05, 0.0, nan, nan], [0.0003679957016876779, 0.00016286170946698455, 0.0028104120411499775, 0.0044485252915881235, 0.28284304223583745, nan, nan]]","['surf_dist', 'centerline_dist', 'orient_err', 'speed', 'angular_speed', 'normal_load', 'noise']","[0.046981054129075855, 0.028274665191392375, 0.25437885626177925, 0.011944283615610398, 0.999085892861233, 0.35645552283983406, 0.18251968503937008]","[[0.017647883680734694, 0.007492572117077913, 0.3928688850719665, 0.028699700483153817, 0.005601750702489583, -0.0008981848216952915, 0.19], [0.0008946975777966992, 0.00040467207492202173, 0.1515695151442443, 0.007301056526558336, 0.396750424283697, 0.12108370488318529, 0.08875830660834556], [0.0005403541959327395, 0.00038202282500834125, 0.05699999999999994, 0.007298263190904834, 0.72, 0.24428205554761795, 0.028352550658725537], [0.0003679957016876779, 0.00016286170946698455, 0.05718958795885002, 0.007328525291588123, 0.7171569577641626, 0.32541991727275515, -5.1960144730966995e-05]]",,"[[0.017647883680734694, 0.007492572117077913, 0.3928688850719665, 0.028699700483153817, 0.005601750702489583, -0.0008981848216952915, 0.19], [0.0008946975777966992, 0.00040467207492202173, 0.1515695151442443, 0.007301056526558336, 0.396750424283697, 0.12108370488318529, 0.08875830660834556], [0.0005403541959327395, 0.00038202282500834125, 0.05699999999999994, 0.007298263190904834, 0.72, 0.24428205554761795, 0.028352550658725537], [0.0003679957016876779, 0.00016286170946698455, 0.05718958795885002, 0.007328525291588123, 0.7171569577641626, 0.32541991727275515, -5.1960144730966995e-05]]",[],"[[1, 1, 1, 1, 1, 1, 1], [1, 1, 1, 1, 1, 1, 1], [1, 1, 1, 1, 1, 1, 1], [1, 1, 1, 1, 1, 1, 1]]","[['', '', '', '', '', '', ''], ['target_value', 'target_value', '', '', 'lower_bound', '', ''], ['target_value', 'target_value', 'upper_bound', 'upper_bound', 'lower_bound', '', ''], ['target_value', 'target_value', 'upper_bound', 'upper_bound', 'lower_bound', '', '']]","[[nan, nan, nan, nan, nan, nan, nan], [0.0, 0.0, nan, nan, 0.4, nan, nan], [0.0, 0.0, 0.06, 0.0072, 0.72, nan, nan], [0.0, 0.0, 0.06, 0.00288, 1.0, nan, nan]]","[[0, 0, 0, 0, 0, 0, 0], [1, 1, 0, 0, 1, 0, 0], [1, 1, 1, 1, 1, 0, 0], [1, 1, 1, 1, 1, 0, 0]]",18.666666666666668,0.05860183969754077,0.02301557096619984,0.07848941564999812,951.3043706858223,,,,,951.3043706858223,
fchmm,S4SlideInsert,0,1,"[[nan, nan, nan, nan, nan, nan, nan], [0.011591267870450644, 0.017314425484971658, nan, nan, 0.3202927819184472, nan, nan], [0.009204514205592436, 0.007637103232384588, 0.011793433008098684, 0.00846767873981745, 0.0, nan, nan], [0.007652985854423941, 0.006129784465267117, 0.011048135377485167, 0.3686544978199415, 0.2831018276374789, nan, nan]]","[[nan, nan, nan, nan, nan, nan, nan], [0.0005445699832462595, 0.0004895595835688851, nan, nan, 0.31999999999999995, nan, nan], [0.0004324377801247859, 0.00021593653692777472, 0.003000000000000058, 0.00010114035643425407, 0.0, nan, nan], [0.000359545342675743, 0.00017331760345082586, 0.0028104120411499775, 0.004403313878131806, 0.28284304223583745, nan, nan]]","['surf_dist', 'centerline_dist', 'orient_err', 'speed', 'angular_speed', 'normal_load', 'noise']","[0.046981054129075855, 0.028274665191392375, 0.25437885626177925, 0.011944283615610398, 0.999085892861233, 0.35645552283983406, 0.18251968503937008]","[[0.00395421038115375, 0.0011582495043864932, 0.3908858965903396, 0.02863971034095554, 0.0052677347104672645, -3.9996298945188524e-05, 0.06377786280018521], [0.0005445699832462595, 0.0004895595835688851, 0.05699999999999994, 0.00716347310029309, 0.72, 0.2827074037191313, 0.056822536532315226], [0.0004324377801247859, 0.00021593653692777472, 0.05699999999999994, 0.007301140356434254, 0.72, 0.29010302318861614, 0.022278899788714973], [0.000359545342675743, 0.00017331760345082586, 0.05718958795885002, 0.0072833138781318064, 0.7171569577641626, 0.337090308626387, -9.403564164608968e-05]]",,"[[0.00395421038115375, 0.0011582495043864932, 0.3908858965903396, 0.02863971034095554, 0.0052677347104672645, -3.9996298945188524e-05, 0.06377786280018521], [0.0005445699832462595, 0.0004895595835688851, 0.05699999999999994, 0.00716347310029309, 0.72, 0.2827074037191313, 0.056822536532315226], [0.0004324377801247859, 0.00021593653692777472, 0.05699999999999994, 0.007301140356434254, 0.72, 0.29010302318861614, 0.022278899788714973], [0.000359545342675743, 0.00017331760345082586, 0.05718958795885002, 0.0072833138781318064, 0.7171569577641626, 0.337090308626387, -9.403564164608968e-05]]",[],"[[1, 1, 1, 1, 1, 1, 1], [1, 1, 1, 1, 1, 1, 1], [1, 1, 1, 1, 1, 1, 1], [1, 1, 1, 1, 1, 1, 1]]","[['', '', '', '', '', '', ''], ['target_value', 'target_value', '', '', 'lower_bound', '', ''], ['target_value', 'target_value', 'upper_bound', 'upper_bound', 'lower_bound', '', ''], ['target_value', 'target_value', 'upper_bound', 'upper_bound', 'lower_bound', '', '']]","[[nan, nan, nan, nan, nan, nan, nan], [0.0, 0.0, nan, nan, 0.4, nan, nan], [0.0, 0.0, 0.06, 0.0072, 0.72, nan, nan], [0.0, 0.0, 0.06, 0.00288, 1.0, nan, nan]]","[[0, 0, 0, 0, 0, 0, 0], [1, 1, 0, 0, 1, 0, 0], [1, 1, 1, 1, 1, 0, 0], [1, 1, 1, 1, 1, 0, 0]]",41.06666666666666,0.08176064889341224,0.047336405795503675,0.10723854503381651,-423.10412494807,,,,,-423.10412494807,
fchmm,S4SlideInsert,0,2,"[[nan, nan, nan, nan, nan, nan, nan], [0.017693983459741273, 0.017212051330906815, nan, nan, 0.3202927819184472, nan, nan], [0.009136100306102565, 0.01017400336802087, 0.011793433008098684, 0.008391982625404927, 0.0, nan, nan], [0.007658881026087177, 0.006122025441770211, 0.011048135377485167, 0.3686544978199415, 0.2831018276374789, nan, nan]]","[[nan, nan, nan, nan, nan, nan, nan], [0.0008312819946810776, 0.0004866649886384497, nan, nan, 0.31999999999999995, nan, nan], [0.00042922362300967104, 0.00028766653888688846, 0.003000000000000058, 0.0001002362205751112, 0.0, nan, nan], [0.0003598223040547537, 0.00017309821965923872, 0.0028104120411499775, 0.004403313878131806, 0.28284304223583745, nan, nan]]","['surf_dist', 'centerline_dist', 'orient_err', 'speed', 'angular_speed', 'normal_load', 'noise']","[0.046981054129075855, 0.028274665191392375, 0.25437885626177925, 0.011944283615610398, 0.999085892861233, 0.35645552283983406, 0.18251968503937008]","[[0.014220600877688155, 0.005734793128051041, 0.3925880568977334, 0.028688818749385163, 0.005599981810003096, -0.0007239622656846911, 0.16868179980805922], [0.0008312819946810776, 0.0004866649886384497, 0.05699999999999994, 0.007301874888091615, 0.72, 0.17841954836328283, 0.04457748322580812], [0.00042922362300967104, 0.00028766653888688846, 0.05699999999999994, 0.007300236220575111, 0.72, 0.30303733580304637, 0.022395499835533003], [0.0003598223040547537, 0.00017309821965923872, 0.05718958795885002, 0.0072833138781318064, 0.7171569577641626, 0.3397855354166207, -6.901058795963366e-05]]",,"[[0.014220600877688155, 0.005734793128051041, 0.3925880568977334, 0.028688818749385163, 0.005599981810003096, -0.0007239622656846911, 0.16868179980805922], [0.0008312819946810776, 0.0004866649886384497, 0.05699999999999994, 0.007301874888091615, 0.72, 0.17841954836328283, 0.04457748322580812], [0.00042922362300967104, 0.00028766653888688846, 0.05699999999999994, 0.007300236220575111, 0.72, 0.30303733580304637, 0.022395499835533003], [0.0003598223040547537, 0.00017309821965923872, 0.05718958795885002, 0.0072833138781318064, 0.7171569577641626, 0.3397855354166207, -6.901058795963366e-05]]",[],"[[1, 1, 1, 1, 1, 1, 1], [1, 1, 1, 1, 1, 1, 1], [1, 1, 1, 1, 1, 1, 1], [1, 1, 1, 1, 1, 1, 1]]","[['', '', '', '', '', '', ''], ['target_value', 'target_value', '', '', 'lower_bound', '', ''], ['target_value', 'target_value', 'upper_bound', 'upper_bound', 'lower_bound', '', ''], ['target_value', 'target_value', 'upper_bound', 'upper_bound', 'lower_bound', '', '']]","[[nan, nan, nan, nan, nan, nan, nan], [0.0, 0.0, nan, nan, 0.4, nan, nan], [0.0, 0.0, 0.06, 0.0072, 0.72, nan, nan], [0.0, 0.0, 0.06, 0.00288, 1.0, nan, nan]]","[[0, 0, 0, 0, 0, 0, 0], [1, 1, 0, 0, 1, 0, 0], [1, 1, 1, 1, 1, 0, 0], [1, 1, 1, 1, 1, 0, 0]]",26.46666666666667,0.08240613102457578,0.04736344323420188,0.09005921238420847,620.6504961303995,,,,,620.6504961303995,
fchmm,S4SlideInsert,0,3,"[[nan, nan, nan, nan, nan, nan, nan], [0.01671349653139569, 0.003569091974690627, nan, nan, 0.3963673843316502, nan, nan], [0.014221048943366763, 0.013997621896801517, 0.20164566662225775, 0.008556164813163332, 0.32259742087152227, nan, nan], [0.006412043124940034, 0.0068402894775676125, 0.08648517539272271, 0.00849365599155403, 0.0, nan, nan]]","[[nan, nan, nan, nan, nan, nan, nan], [0.0007852176852276224, 0.00010091488062166296, nan, nan, 0.39600506207605823, nan, nan], [0.0006681198701805509, 0.00039577807260776556, 0.05129439404551396, 0.00010219725919032897, 0.3223025322661558, nan, nan], [0.00030124454513077645, 0.00019340689479042852, 0.02200000000000018, 0.00010145063609654989, 0.0, nan, nan]]","['surf_dist', 'centerline_dist', 'orient_err', 'speed', 'angular_speed', 'normal_load', 'noise']","[0.046981054129075855, 0.028274665191392375, 0.25437885626177925, 0.011944283615610398, 0.999085892861233, 0.35645552283983406, 0.18251968503937008]","[[0.03035143152432047, 0.014796723335298467, 0.3909792500227419, 0.028725542430759206, 0.0055747779624233385, -0.0005197651990164198, 0.19], [0.0007852176852276224, 0.00010091488062166296, 0.2227545028559923, 0.017925816660760478, 0.003994937923941788, 0.09903763210377492, 0.19], [0.0006681198701805509, 0.00039577807260776556, 0.11129439404551396, 0.007302197259190329, 0.3976974677338442, 0.13763764443029158, 0.001028814460307198], [0.00030124454513077645, 0.00019340689479042852, 0.03799999999999982, 0.0027785493639034503, 1.0, 0.36307059809492415, -3.9275061252702637e-05]]",,"[[0.03035143152432047, 0.014796723335298467, 0.3909792500227419, 0.028725542430759206, 0.0055747779624233385, -0.0005197651990164198, 0.19], [0.0007852176852276224, 0.00010091488062166296, 0.2227545028559923, 0.017925816660760478, 0.003994937923941788, 0.09903763210377492, 0.19], [0.0006681198701805509, 0.00039577807260776556, 0.11129439404551396, 0.007302197259190329, 0.3976974677338442, 0.13763764443029158, 0.001028814460307198], [0.00030124454513077645, 0.00019340689479042852, 0.03799999999999982, 0.0027785493639034503, 1.0, 0.36307059809492415, -3.9275061252702637e-05]]",[],"[[1, 1, 1, 1, 1, 1, 1], [1, 1, 1, 1, 1, 1, 1], [1, 1, 1, 1, 1, 1, 1], [1, 1, 1, 1, 1, 1, 1]]","[['', '', '', '', '', '', ''], ['target_value', 'target_value', '', '', 'lower_bound', '', ''], ['target_value', 'target_value', 'upper_bound', 'upper_bound', 'lower_bound', '', ''], ['target_value', 'target_value', 'upper_bound', 'upper_bound', 'lower_bound', '', '']]","[[nan, nan, nan, nan, nan, nan, nan], [0.0, 0.0, nan, nan, 0.4, nan, nan], [0.0, 0.0, 0.06, 0.0072, 0.72, nan, nan], [0.0, 0.0, 0.06, 0.00288, 1.0, nan, nan]]","[[0, 0, 0, 0, 0, 0, 0], [1, 1, 0, 0, 1, 0, 0], [1, 1, 1, 1, 1, 0, 0], [1, 1, 1, 1, 1, 0, 0]]",8.1,0.0835306969208948,0.061096178325505686,0.04597874544990572,1126.8738956546033,,,,,1126.8738956546033,
fchmm,S4SlideInsert,0,4,"[[nan, nan, nan, nan, nan, nan, nan], [0.014703490146886104, 0.013474246961124642, nan, nan, 0.3202927819184472, nan, nan], [0.009503837526337624, 0.007513649017355236, 0.08648517539272271, 0.3701042493056442, 0.28025618417864134, nan, nan], [0.005363657442275032, 0.006423734997482119, 0.08648517539272271, 0.00847134641136457, 0.0, nan, nan]]","[[nan, nan, nan, nan, nan, nan, nan], [0.0006907854664771895, 0.0003809798215319354, nan, nan, 0.31999999999999995, nan, nan], [0.00044650030525881026, 0.0002124459103313536, 0.02200000000000018, 0.0044206301210491915, 0.28, nan, nan], [0.0002519902806253438, 0.00018162895633203665, 0.02200000000000018, 0.00010118416414342177, 0.0, nan, nan]]","['surf_dist', 'centerline_dist', 'orient_err', 'speed', 'angular_speed', 'normal_load', 'noise']","[0.046981054129075855, 0.028274665191392375, 0.25437885626177925, 0.011944283615610398, 0.999085892861233, 0.35645552283983406, 0.18251968503937008]","[[0.016345960462194865, 0.006817880173878049, 0.39278970281872466, 0.028696073990688634, 0.005365961871937941, -0.0010390420751465734, 0.16868179980805922], [0.0006907854664771895, 0.0003809798215319354, 0.05699999999999994, 0.007298227672874376, 0.72, 0.15740766237071707, 0.013698743068327829], [0.00044650030525881026, 0.0002124459103313536, 0.03799999999999982, 0.0027793698789508087, 1.0, 0.3501820798723315, 0.0014344764034676938], [0.0002519902806253438, 0.00018162895633203665, 0.03799999999999982, 0.0027788158358565784, 1.0, 0.3629296570239995, -6.465181645951001e-05]]",,"[[0.016345960462194865, 0.006817880173878049, 0.39278970281872466, 0.028696073990688634, 0.005365961871937941, -0.0010390420751465734, 0.16868179980805922], [0.0006907854664771895, 0.0003809798215319354, 0.05699999999999994, 0.007298227672874376, 0.72, 0.15740766237071707, 0.013698743068327829], [0.00044650030525881026, 0.0002124459103313536, 0.03799999999999982, 0.0027793698789508087, 1.0, 0.3501820798723315, 0.0014344764034676938], [0.0002519902806253438, 0.00018162895633203665, 0.03799999999999982, 0.0027788158358565784, 1.0, 0.3629296570239995, -6.465181645951001e-05]]",[],"[[1, 1, 1, 1, 1, 1, 1], [1, 1, 1, 1, 1, 1, 1], [1, 1, 1, 1, 1, 1, 1], [1, 1, 1, 1, 1, 1, 1]]","[['', '', '', '', '', '', ''], ['target_value', 'target_value', '', '', 'lower_bound', '', ''], ['target_value', 'target_value', 'upper_bound', 'upper_bound', 'lower_bound', '', ''], ['target_value', 'target_value', 'upper_bound', 'upper_bound', 'lower_bound', '', '']]","[[nan, nan, nan, nan, nan, nan, nan], [0.0, 0.0, nan, nan, 0.4, nan, nan], [0.0, 0.0, 0.06, 0.0072, 0.72, nan, nan], [0.0, 0.0, 0.06, 0.00288, 1.0, nan, nan]]","[[0, 0, 0, 0, 0, 0, 0], [1, 1, 0, 0, 1, 0, 0], [1, 1, 1, 1, 1, 0, 0], [1, 1, 1, 1, 1, 0, 0]]",37.1,0.0930059637454618,0.05005278038659612,0.10557720610543526,556.7023358119891,,,,,556.7023358119891,
fchmm,S4SlideInsert,0,5,"[[nan, nan, nan, nan, nan, nan, nan], [0.01725652901692375, 0.004094226053843209, nan, nan, 0.39689477100352366, nan, nan], [0.026008617892884816, 0.016602867908477786, 0.16514541946558678, 0.00856625634802965, 0.3235453308129138, nan, nan], [0.011920471271685149, 0.011963176067034023, 0.13091824278179415, 0.37037506316317675, 0.6028690222700848, nan, nan]]","[[nan, nan, nan, nan, nan, nan, nan], [0.0008107299238240629, 0.00011576287089029233, nan, nan, 0.39653196666001, nan, nan], [0.0012219122850480723, 0.0004694405313291224, 0.04200950292052774, 0.00010231779534488911, 0.323249575716303, nan, nan], [0.0005600363060591336, 0.00033825479792106523, 0.03330283286263473, 0.004423864798570598, 0.6023179353930862, nan, nan]]","['surf_dist', 'centerline_dist', 'orient_err', 'speed', 'angular_speed', 'normal_load', 'noise']","[0.046981054129075855, 0.028274665191392375, 0.25437885626177925, 0.011944283615610398, 0.999085892861233, 0.35645552283983406, 0.18251968503937008]","[[0.03271743395294958, 0.015129290793713036, 0.3913250720176767, 0.028731423276500915, 0.006127725603541689, -0.0008261702019621842, 0.19], [0.0008107299238240629, 0.00011576287089029233, 0.23689148184085557, 0.019813380485072078, 0.0034680333399900176, 0.03223981185242872, 0.19], [0.0012219122850480723, 0.0004694405313291224, 0.10200950292052774, 0.007302317795344889, 0.396750424283697, 0.13639357785387501, 0.18398735342836792], [0.0005600363060591336, 0.00033825479792106523, 0.09330283286263473, 0.007303864798570599, 0.3976820646069138, 0.14528222197021773, -0.00019377756662133927]]",,"[[0.03271743395294958, 0.015129290793713036, 0.3913250720176767, 0.028731423276500915, 0.006127725603541689, -0.0008261702019621842, 0.19], [0.0008107299238240629, 0.00011576287089029233, 0.23689148184085557, 0.019813380485072078, 0.0034680333399900176, 0.03223981185242872, 0.19], [0.0012219122850480723, 0.0004694405313291224, 0.10200950292052774, 0.007302317795344889, 0.396750424283697, 0.13639357785387501, 0.18398735342836792], [0.0005600363060591336, 0.00033825479792106523, 0.09330283286263473, 0.007303864798570599, 0.3976820646069138, 0.14528222197021773, -0.00019377756662133927]]",[],"[[1, 1, 1, 1, 1, 1, 1], [1, 1, 1, 1, 1, 1, 1], [1, 1, 1, 1, 1, 1, 1], [1, 1, 1, 1, 1, 1, 1]]","[['', '', '', '', '', '', ''], ['target_value', 'target_value', '', '', 'lower_bound', '', ''], ['target_value', 'target_value', 'upper_bound', 'upper_bound', 'lower_bound', '', ''], ['target_value', 'target_value', 'upper_bound', 'upper_bound', 'lower_bound', '', '']]","[[nan, nan, nan, nan, nan, nan, nan], [0.0, 0.0, nan, nan, 0.4, nan, nan], [0.0, 0.0, 0.06, 0.0072, 0.72, nan, nan], [0.0, 0.0, 0.06, 0.00288, 1.0, nan, nan]]","[[0, 0, 0, 0, 0, 0, 0], [1, 1, 0, 0, 1, 0, 0], [1, 1, 1, 1, 1, 0, 0], [1, 1, 1, 1, 1, 0, 0]]",27.3,0.1604738456966122,0.1081118563739653,0.07762359532001877,784.8462182815115,,,,,784.8462182815115,
fchmm,S4SlideInsert,0,6,"[[nan, nan, nan, nan, nan, nan, nan], [0.014104807390245335, 0.015161042360277339, nan, nan, 0.3202927819184472, nan, nan], [0.012369201183110023, 0.00044901936690001107, 0.010790824111853859, 0.006926766323758257, 0.025595716053754106, nan, nan], [0.007039330244244995, 0.0071829678549810965, 0.08648517539272271, 0.008558378143378032, 0.0, nan, nan]]","[[nan, nan, nan, nan, nan, nan, nan], [0.0006626587194813053, 0.00042867339668935895, nan, nan, 0.31999999999999995, nan, nan], [0.0005811181103171211, 1.2695872263548784e-05, 0.0027449574956954145, 8.273526151002762e-05, 0.025572318826987517, nan, nan], [0.00033071515523731485, 0.00020309601118012437, 0.02200000000000018, 0.00010222369583414836, 0.0, nan, nan]]","['surf_dist', 'centerline_dist', 'orient_err', 'speed', 'angular_speed', 'normal_load', 'noise']","[0.046981054129075855, 0.028274665191392375, 0.25437885626177925, 0.011944283615610398, 0.999085892861233, 0.35645552283983406, 0.18251968503937008]","[[0.011944624434635722, 0.0046012602397085, 0.39237519884764854, 0.02868110957835981, 0.005438232496519313, -0.0005091282864667923, 0.14470997446804493], [0.0006626587194813053, 0.00042867339668935895, 0.05699999999999994, 0.007296616068242695, 0.72, 0.19711473907019408, 0.017633481604186957], [0.0005811181103171211, 1.2695872263548784e-05, 0.05725504250430458, 0.007282735261510027, 0.7455723188269875, 0.3462894479912445, 0.01332409701907257], [0.00033071515523731485, 0.00020309601118012437, 0.03799999999999982, 0.002777776304165852, 1.0, 0.3499520242724499, -3.9275061252702637e-05]]",,"[[0.011944624434635722, 0.0046012602397085, 0.39237519884764854, 0.02868110957835981, 0.005438232496519313, -0.0005091282864667923, 0.14470997446804493], [0.0006626587194813053, 0.00042867339668935895, 0.05699999999999994, 0.007296616068242695, 0.72, 0.19711473907019408, 0.017633481604186957], [0.0005811181103171211, 1.2695872263548784e-05, 0.05725504250430458, 0.007282735261510027, 0.7455723188269875, 0.3462894479912445, 0.01332409701907257], [0.00033071515523731485, 0.00020309601118012437, 0.03799999999999982, 0.002777776304165852, 1.0, 0.3499520242724499, -3.9275061252702637e-05]]",[],"[[1, 1, 1, 1, 1, 1, 1], [1, 1, 1, 1, 1, 1, 1], [1, 1, 1, 1, 1, 1, 1], [1, 1, 1, 1, 1, 1, 1]]","[['', '', '', '', '', '', ''], ['target_value', 'target_value', '', '', 'lower_bound', '', ''], ['target_value', 'target_value', 'upper_bound', 'upper_bound', 'lower_bound', '', ''], ['target_value', 'target_value', 'upper_bound', 'upper_bound', 'lower_bound', '', '']]","[[nan, nan, nan, nan, nan, nan, nan], [0.0, 0.0, nan, nan, 0.4, nan, nan], [0.0, 0.0, 0.06, 0.0072, 0.72, nan, nan], [0.0, 0.0, 0.06, 0.00288, 1.0, nan, nan]]","[[0, 0, 0, 0, 0, 0, 0], [1, 1, 0, 0, 1, 0, 0], [1, 1, 1, 1, 1, 0, 0], [1, 1, 1, 1, 1, 0, 0]]",36.03333333333333,0.03961200079566714,0.02867086096501508,0.1066905309291849,258.84971191899575,,,,,258.84971191899575,
fchmm,S4SlideInsert,0,7,"[[nan, nan, nan, nan, nan, nan, nan], [0.017640236986701703, 0.004410491752715294, nan, nan, 0.39689477100352366, nan, nan], [0.02755465151819513, 0.01731589171859045, 0.17943811494194403, 0.008656498491216073, 0.3235453308129138, nan, nan], [0.011262787385183924, 0.01165800766136772, 0.011793433008098684, 0.37029022100843095, 0.28025618417864134, nan, nan]]","[[nan, nan, nan, nan, nan, nan, nan], [0.0008287569287219586, 0.00012470517763742226, nan, nan, 0.39653196666001, nan, nan], [0.0012945465744841475, 0.0004896010408335489, 0.0456452624487014, 0.00010339567309718828, 0.323249575716303, nan, nan], [0.0005291376237875987, 0.0003296262634238595, 0.003000000000000058, 0.004422851419811755, 0.28, nan, nan]]","['surf_dist', 'centerline_dist', 'orient_err', 'speed', 'angular_speed', 'normal_load', 'noise']","[0.046981054129075855, 0.028274665191392375, 0.25437885626177925, 0.011944283615610398, 0.999085892861233, 0.35645552283983406, 0.18251968503937008]","[[0.03355169379019991, 0.015149453705986717, 0.39134827362627267, 0.028728140627594045, 0.006642518941431974, -0.0008628179632030886, 0.19], [0.0008287569287219586, 0.00012470517763742226, 0.2809231864012628, 0.02660468952222543, 0.0034680333399900176, 0.012367422493362257, 0.19], [0.0012945465744841475, 0.0004896010408335489, 0.1056452624487014, 0.007303395673097188, 0.396750424283697, 0.12721754699385415, 0.16899570761320282], [0.0005291376237875987, 0.0003296262634238595, 0.05699999999999994, 0.007302851419811755, 0.72, 0.1504569132090417, -0.00038418558380101664]]",,"[[0.03355169379019991, 0.015149453705986717, 0.39134827362627267, 0.028728140627594045, 0.006642518941431974, -0.0008628179632030886, 0.19], [0.0008287569287219586, 0.00012470517763742226, 0.2809231864012628, 0.02660468952222543, 0.0034680333399900176, 0.012367422493362257, 0.19], [0.0012945465744841475, 0.0004896010408335489, 0.1056452624487014, 0.007303395673097188, 0.396750424283697, 0.12721754699385415, 0.16899570761320282], [0.0005291376237875987, 0.0003296262634238595, 0.05699999999999994, 0.007302851419811755, 0.72, 0.1504569132090417, -0.00038418558380101664]]",[],"[[1, 1, 1, 1, 1, 1, 1], [1, 1, 1, 1, 1, 1, 1], [1, 1, 1, 1, 1, 1, 1], [1, 1, 1, 1, 1, 1, 1]]","[['', '', '', '', '', '', ''], ['target_value', 'target_value', '', '', 'lower_bound', '', ''], ['target_value', 'target_value', 'upper_bound', 'upper_bound', 'lower_bound', '', ''], ['target_value', 'target_value', 'upper_bound', 'upper_bound', 'lower_bound', '', '']]","[[nan, nan, nan, nan, nan, nan, nan], [0.0, 0.0, nan, nan, 0.4, nan, nan], [0.0, 0.0, 0.06, 0.0072, 0.72, nan, nan], [0.0, 0.0, 0.06, 0.00288, 1.0, nan, nan]]","[[0, 0, 0, 0, 0, 0, 0], [1, 1, 0, 0, 1, 0, 0], [1, 1, 1, 1, 1, 0, 0], [1, 1, 1, 1, 1, 0, 0]]",26.0,0.1277474323436556,0.0812730327328317,0.07590467770817658,888.0352730176955,,,,,888.0352730176955,
fchmm,S4SlideInsert,0,8,"[[nan, nan, nan, nan, nan, nan, nan], [0.015257333525597059, 0.015065900777364522, nan, nan, 0.3202927819184472, nan, nan], [0.011043782356752059, 0.001866998727386795, 0.011793433008098684, 0.008579210317533129, 0.0, nan, nan], [0.006958274854851884, 0.007073466313070589, 0.08648517539272271, 0.008508615951201687, 0.0, nan, nan]]","[[nan, nan, nan, nan, nan, nan, nan], [0.0007168056122314392, 0.00042598330028672, nan, nan, 0.31999999999999995, nan, nan], [0.0005188485366923014, 5.2788763929617274e-05, 0.003000000000000058, 0.00010247252123058662, 0.0, nan, nan], [0.0003269070876007838, 0.00019999989174466354, 0.02200000000000018, 0.0001016293220974596, 0.0, nan, nan]]","['surf_dist', 'centerline_dist', 'orient_err', 'speed', 'angular_speed', 'normal_load', 'noise']","[0.046981054129075855, 0.028274665191392375, 0.25437885626177925, 0.011944283615610398, 0.999085892861233, 0.35645552283983406, 0.18251968503937008]","[[0.016784065437665672, 0.007043857138479628, 0.3928040078759056, 0.02869633857630236, 0.005270450213313627, -0.0010471497678129216, 0.16868179980805922], [0.0007168056122314392, 0.00042598330028672, 0.05699999999999994, 0.007303104498138045, 0.72, 0.15256968686050965, 0.02459062567391118], [0.0005188485366923014, 5.2788763929617274e-05, 0.05699999999999994, 0.007302472521230586, 0.72, 0.3308512566633881, 0.011713430926868149], [0.0003269070876007838, 0.00019999989174466354, 0.03799999999999982, 0.0027783706779025406, 1.0, 0.3520444331217513, -3.9275061252702637e-05]]",,"[[0.016784065437665672, 0.007043857138479628, 0.3928040078759056, 0.02869633857630236, 0.005270450213313627, -0.0010471497678129216, 0.16868179980805922], [0.0007168056122314392, 0.00042598330028672, 0.05699999999999994, 0.007303104498138045, 0.72, 0.15256968686050965, 0.02459062567391118], [0.0005188485366923014, 5.2788763929617274e-05, 0.05699999999999994, 0.007302472521230586, 0.72, 0.3308512566633881, 0.011713430926868149], [0.0003269070876007838, 0.00019999989174466354, 0.03799999999999982, 0.0027783706779025406, 1.0, 0.3520444331217513, -3.9275061252702637e-05]]",[],"[[1, 1, 1, 1, 1, 1, 1], [1, 1, 1, 1, 1, 1, 1], [1, 1, 1, 1, 1, 1, 1], [1, 1, 1, 1, 1, 1, 1]]","[['', '', '', '', '', '', ''], ['target_value', 'target_value', '', '', 'lower_bound', '', ''], ['target_value', 'target_value', 'upper_bound', 'upper_bound', 'lower_bound', '', ''], ['target_value', 'target_value', 'upper_bound', 'upper_bound', 'lower_bound', '', '']]","[[nan, nan, nan, nan, nan, nan, nan], [0.0, 0.0, nan, nan, 0.4, nan, nan], [0.0, 0.0, 0.06, 0.0072, 0.72, nan, nan], [0.0, 0.0, 0.06, 0.00288, 1.0, nan, nan]]","[[0, 0, 0, 0, 0, 0, 0], [1, 1, 0, 0, 1, 0, 0], [1, 1, 1, 1, 1, 0, 0], [1, 1, 1, 1, 1, 0, 0]]",30.4,0.037917305626386635,0.026726571925831832,0.10035710148914645,670.8255094223229,,,,,670.8255094223229,
fchmm,S4SlideInsert,0,9,"[[nan, nan, nan, nan, nan, nan, nan], [0.02278329742194923, 0.00873540172183366, nan, nan, 0.395250052978667, nan, nan], [0.01431033696952525, 0.014365527813434342, 0.2506151355648884, 0.008794308659576096, 0.32259742087152227, nan, nan], [0.006701241548538352, 0.00672480145943603, 0.08648517539272271, 0.008482544974268948, 0.0, nan, nan]]","[[nan, nan, nan, nan, nan, nan, nan], [0.0010703833294194312, 0.0002469905589971592, nan, nan, 0.39488875208364116, nan, nan], [0.0006723147157705811, 0.000406180489222491, 0.06375119154688706, 0.0001050417168331954, 0.3223025322661558, nan, nan], [0.00031483139192389244, 0.00019014150974414057, 0.02200000000000018, 0.00010131792295483893, 0.0, nan, nan]]","['surf_dist', 'centerline_dist', 'orient_err', 'speed', 'angular_speed', 'normal_load', 'noise']","[0.046981054129075855, 0.028274665191392375, 0.25437885626177925, 0.011944283615610398, 0.999085892861233, 0.35645552283983406, 0.18251968503937008]","[[0.03764296557128179, 0.017331643335237273, 0.39172681148445376, 0.028736082703478872, 0.0072441443714358345, -0.0003659850964443101, 0.19], [0.0010703833294194312, 0.0002469905589971592, 0.3243853931103404, 0.027193146896597443, 0.005111247916358863, 0.01090394554186716, 0.19], [0.0006723147157705811, 0.000406180489222491, 0.12375119154688706, 0.007305041716833195, 0.3976974677338442, 0.1261361157915259, 0.004159122262740983], [0.00031483139192389244, 0.00019014150974414057, 0.03799999999999982, 0.0027786820770451613, 1.0, 0.3592872178661666, -3.9275061252702637e-05]]",,"[[0.03764296557128179, 0.017331643335237273, 0.39172681148445376, 0.028736082703478872, 0.0072441443714358345, -0.0003659850964443101, 0.19], [0.0010703833294194312, 0.0002469905589971592, 0.3243853931103404, 0.027193146896597443, 0.005111247916358863, 0.01090394554186716, 0.19], [0.0006723147157705811, 0.000406180489222491, 0.12375119154688706, 0.007305041716833195, 0.3976974677338442, 0.1261361157915259, 0.004159122262740983], [0.00031483139192389244, 0.00019014150974414057, 0.03799999999999982, 0.0027786820770451613, 1.0, 0.3592872178661666, -3.9275061252702637e-05]]",[],"[[1, 1, 1, 1, 1, 1, 1], [1, 1, 1, 1, 1, 1, 1], [1, 1, 1, 1, 1, 1, 1], [1, 1, 1, 1, 1, 1, 1]]","[['', '', '', '', '', '', ''], ['target_value', 'target_value', '', '', 'lower_bound', '', ''], ['target_value', 'target_value', 'upper_bound', 'upper_bound', 'lower_bound', '', ''], ['target_value', 'target_value', 'upper_bound', 'upper_bound', 'lower_bound', '', '']]","[[nan, nan, nan, nan, nan, nan, nan], [0.0, 0.0, nan, nan, 0.4, nan, nan], [0.0, 0.0, 0.06, 0.0072, 0.72, nan, nan], [0.0, 0.0, 0.06, 0.00288, 1.0, nan, nan]]","[[0, 0, 0, 0, 0, 0, 0], [1, 1, 0, 0, 1, 0, 0], [1, 1, 1, 1, 1, 0, 0], [1, 1, 1, 1, 1, 0, 0]]",11.266666666666666,0.08814194195202787,0.06200382134858076,0.05456301518109563,956.9369415714975,,,,,956.9369415714975,
swcl,S4SlideInsert,0,0,"[[nan, nan, nan, nan, nan, nan, nan], [0.013310168105175971, 0.0032507958398349914, nan, nan, 0.0, nan, nan], [0.013562252822494014, 0.0230965062167453, 0.011573413656988553, 0.00959728114491481, 0.0, nan, nan], [0.006912299742887909, 0.013521453290769788, 0.007715609104659616, 0.012018050693474737, 0.0, nan, nan]]","[[nan, nan, nan, nan, nan, nan, nan], [0.000599495576899662, 5.374105653620405e-05, nan, nan, 0.0, nan, nan], [0.0006108495787305931, 0.0003818236233641488, 0.003000000000000058, 0.00016240077974804916, 0.0, nan, nan], [0.0003113328914647233, 0.00022353208923381242, 0.002000000000000189, 0.00020336392924219212, 0.0, nan, nan]]","['surf_dist', 'center_dist', 'orient_err', 'speed', 'normal_force', 'start_dist', 'insert_err']","[0.04504042113987532, 0.016531661532743908, 0.2592147908053491, 0.016921540308746544, 10.084718070106007, 0.3422378234631881, 0.3338864451292424]","[[0.0073846196186389485, 0.0027713173895587374, 0.0889411106581908, 0.007111564140409176, 0.14121986702436828, 0.23125838106731644, 0.15758606143389087], [0.000599495576899662, 5.374105653620405e-05, 0.0889411106581908, 0.0011017801420532547, 4.0, 0.23125838106731644, 0.15758606143389087], [0.0006108495787305931, 0.0003818236233641488, 0.05699999999999994, 0.007037599220251951, 7.199999999999999, 0.23125838106731644, 0.15758606143389087], [0.0003113328914647233, 0.00022353208923381242, 0.03799999999999981, 0.002676636070757808, 10.0, 0.23125838106731644, 0.15758606143389087]]","[['', '', '', '', '', '', ''], ['target_value', 'target_value', '', 'upper_bound', 'lower_bound', '', ''], ['target_value', 'target_value', 'upper_bound', 'upper_bound', 'lower_bound', '', ''], ['target_value', 'target_value', 'upper_bound', 'upper_bound', 'lower_bound', '', '']]","[[nan, nan, nan, nan, nan, nan, nan], [0.000599495576899662, 5.374105653620405e-05, nan, 0.0011017801420532547, 4.0, nan, nan], [0.0006108495787305931, 0.0003818236233641488, 0.05699999999999994, 0.007037599220251951, 7.199999999999999, nan, nan], [0.0003113328914647233, 0.00022353208923381242, 0.03799999999999981, 0.002676636070757808, 10.0, nan, nan]]",[],"[[0, 0, 0, 0, 0, 0, 0], [1, 1, 0, 1, 1, 0, 0], [1, 1, 1, 1, 1, 0, 0], [1, 1, 1, 1, 1, 0, 0]]","[['', '', '', '', '', '', ''], ['target_value', 'target_value', '', '', 'lower_bound', '', ''], ['target_value', 'target_value', 'upper_bound', 'upper_bound', 'lower_bound', '', ''], ['target_value', 'target_value', 'upper_bound', 'upper_bound', 'lower_bound', '', '']]","[[nan, nan, nan, nan, nan, nan, nan], [0.0, 0.0, nan, nan, 4.0, nan, nan], [0.0, 0.0, 0.06, 0.0072, 7.199999999999999, nan, nan], [0.0, 0.0, 0.04, 0.00288, 10.0, nan, nan]]","[[0, 0, 0, 0, 0, 0, 0], [1, 1, 0, 0, 1, 0, 0], [1, 1, 1, 1, 1, 0, 0], [1, 1, 1, 1, 1, 0, 0]]",1.0666666666666667,0.008812140816765053,0.00058050304040151,0.038494722442803206,-222.66263498710597,,,,,,-222.66263498710597
swcl,S4SlideInsert,0,1,"[[nan, nan, nan, nan, nan, nan, nan], [0.011147459788630649, 0.004402790498108556, nan, nan, 0.0, nan, nan], [0.014945792379927497, 0.02341096699505906, 0.011573413656988553, 0.009273485808111031, 0.0, nan, nan], [0.008612857354941227, 0.01278364209165841, 0.08487170015124847, 0.0117800584441186, 0.0, nan, nan]]","[[nan, nan, nan, nan, nan, nan, nan], [0.0005020862835197499, 7.27854423143116e-05, nan, nan, 0.0, nan, nan], [0.0006731647830610739, 0.00038702218251655514, 0.003000000000000058, 0.00015692166390453982, 0.0, nan, nan], [0.00038792672248422547, 0.0002113348442150352, 0.022000000000000186, 0.000199336733801543, 0.0, nan, nan]]","['surf_dist', 'centerline_dist', 'orient_err', 'speed', 'normal_load', 'start_dist', 'insertion_err']","[0.04504042113987532, 0.016531661532743908, 0.2592147908053491, 0.016921540308746544, 1.0084718070106007, 0.3422378234631881, 0.3338864451292424]","[[0.0073846196186389485, 0.0027713173895587374, 0.0889411106581908, 0.007111564140409176, 0.0102378327413164, 0.23125838106731644, 0.15758606143389087], [0.0005020862835197499, 7.27854423143116e-05, 0.0889411106581908, 0.0010916761306255535, 0.4, 0.18159367150783676, 0.21482865405597834], [0.0006731647830610739, 0.00038702218251655514, 0.05699999999999994, 0.00704307833609546, 0.72, 0.23125838106731644, 0.15758606143389087], [0.00038792672248422547, 0.0002113348442150352, 0.03799999999999981, 0.002680663266198457, 1.0, 0.23125838106731644, 0.15758606143389087]]",,"[[nan, nan, nan, nan, 0.0102378327413164, nan, nan], [0.0005020862835197499, 7.27854423143116e-05, nan, 0.0010916761306255535, 0.4, 0.18159367150783676, 0.21482865405597834], [0.0006731647830610739, 0.00038702218251655514, 0.05699999999999994, 0.00704307833609546, 0.72, nan, nan], [0.00038792672248422547, 0.0002113348442150352, 0.03799999999999981, 0.002680663266198457, 1.0, nan, nan]]",[],"[[0, 0, 0, 0, 1, 0, 0], [1, 1, 0, 1, 1, 1, 1], [1, 1, 1, 1, 1, 0, 0], [1, 1, 1, 1, 1, 0, 0]]","[['', '', '', '', '', '', ''], ['target_value', 'target_value', '', '', 'lower_bound', '', ''], ['target_value', 'target_value', 'upper_bound', 'upper_bound', 'lower_bound', '', ''], ['target_value', 'target_value', 'upper_bound', 'upper_bound', 'lower_bound', '', '']]","[[nan, nan, nan, nan, nan, nan, nan], [0.0, 0.0, nan, nan, 0.4, nan, nan], [0.0, 0.0, 0.06, 0.0072, 0.72, nan, nan], [0.0, 0.0, 0.06, 0.00288, 1.0, nan, nan]]","[[0, 0, 0, 0, 0, 0, 0], [1, 1, 0, 0, 1, 0, 0], [1, 1, 1, 1, 1, 0, 0], [1, 1, 1, 1, 1, 0, 0]]",2.433333333333333,0.014830935936060928,0.002122352204293637,0.03918018831826606,-113.76797168581331,,,,,,-113.76797168581331
arhsmm,S5SphereInspect,0,0,"[[nan, nan, nan, nan, nan, nan], [3.1806130709589176e-05, 0.0014368160383875297, 0.0028063942875172954, nan, nan, nan], [nan, nan, nan, nan, nan, nan], [0.4349708472322515, nan, 0.006384418038956455, nan, nan, nan], [nan, nan, nan, nan, nan, nan]]","[[nan, nan, nan, nan, nan, nan], [2.3690824788313858e-06, 0.0003929720022467012, 1.4501421300971637e-05, nan, nan, nan], [nan, nan, nan, nan, nan, nan], [0.03239884229834006, nan, 3.299006706086738e-05, nan, nan, nan], [nan, nan, nan, nan, nan, nan]]","['surf_dist', 'normal_err', 'speed', 'ang_speed', 'start_dist', 'goal_dist']","[0.07448508906860322, 0.2735019597134474, 0.005167278655559288, 0.06608722993185281, 0.2420060651636752, 0.17611082692742402]","[[0.02045219957117411, 0.10158489238903948, 0.007639086684378288, 0.04112343753885147, 0.16447107839562072, 0.2889733595429724], [2.3690824788313858e-06, 0.0396070279977533, 0.008474501421300972, 0.04112343753885147, 0.16447107839562072, 0.2889733595429724], [0.02045219957117411, 0.10158489238903948, 0.007639086684378288, 0.04112343753885147, 0.16447107839562072, 0.2889733595429724], [1.157701659943583e-06, 0.10158489238903948, 0.008427009932939133, 0.04112343753885147, 0.16447107839562072, 0.2889733595429724], [0.02045219957117411, 0.10158489238903948, 0.007639086684378288, 0.04112343753885147, 0.16447107839562072, 0.2889733595429724]]","[['', '', '', '', '', ''], ['target_value', 'upper_bound', 'upper_bound', '', '', ''], ['', '', '', '', '', ''], ['target_value', '', 'upper_bound', '', '', ''], ['', '', '', '', '', '']]","[[nan, nan, nan, nan, nan, nan], [2.3690824788313858e-06, 0.0396070279977533, 0.008474501421300972, nan, nan, nan], [nan, nan, nan, nan, nan, nan], [1.157701659943583e-06, nan, 0.008427009932939133, nan, nan, nan], [nan, nan, nan, nan, nan, nan]]",[],"[[0, 0, 0, 0, 0, 0], [1, 1, 1, 0, 0, 0], [0, 0, 0, 0, 0, 0], [1, 0, 1, 0, 0, 0], [0, 0, 0, 0, 0, 0]]","[['', '', '', '', '', ''], ['target_value', 'upper_bound', 'upper_bound', '', '', ''], ['', '', '', '', '', ''], ['target_value', '', 'upper_bound', '', '', ''], ['', '', '', '', '', '']]","[[nan, nan, nan, nan, nan, nan], [0.0, 0.04, 0.00846, nan, nan, nan], [nan, nan, nan, nan, nan, nan], [0.0324, nan, 0.00846, nan, nan, nan], [nan, nan, nan, nan, nan, nan]]","[[0, 0, 0, 0, 0, 0], [1, 1, 1, 0, 0, 0], [0, 0, 0, 0, 0, 0], [1, 0, 1, 0, 0, 0], [0, 0, 0, 0, 0, 0]]",16.025,0.08912605634556447,0.006568334974285486,0.08817249841380853,1121.6417541448873,884.7757634246263,884.7757634246263,1121.6417541448873,,,
arhsmm,S5SphereInspect,0,1,"[[nan, nan, nan, nan, nan, nan], [3.214234053830302e-05, 0.0014376707848740907, 0.01715119697567747, nan, nan, nan], [nan, nan, nan, nan, nan, nan], [0.21629612428658887, nan, 0.4457647818269051, nan, nan, nan], [nan, nan, nan, nan, nan, nan]]","[[nan, nan, nan, nan, nan, nan], [2.3941250978688766e-06, 0.0003932057770858338, 8.862501404971121e-05, nan, nan, nan], [nan, nan, nan, nan, nan, nan], [0.016110836082680245, nan, 0.0023033908425342097, nan, nan, nan], [nan, nan, nan, nan, nan, nan]]","['surf_dist', 'normal_err', 'speed', 'ang_speed', 'start_dist', 'goal_dist']","[0.07448508906860322, 0.2735019597134474, 0.005167278655559288, 0.06608722993185281, 0.2420060651636752, 0.17611082692742402]","[[0.02045219957117411, 0.10158489238903948, 0.007639086684378288, 0.04112343753885147, 0.16447107839562072, 0.2889733595429724], [2.3941250978688766e-06, 0.03960679422291417, 0.00837137498595029, 0.04112343753885147, 0.16447107839562072, 0.2889733595429724], [0.02045219957117411, 0.10158489238903948, 0.007639086684378288, 0.04112343753885147, 0.16447107839562072, 0.2889733595429724], [0.016289163917319754, 0.10158489238903948, 0.006156609157465791, 0.04112343753885147, 0.16447107839562072, 0.2889733595429724], [0.02045219957117411, 0.10158489238903948, 0.007639086684378288, 0.04112343753885147, 0.16447107839562072, 0.2889733595429724]]","[['', '', '', '', '', ''], ['target_value', 'upper_bound', 'upper_bound', '', '', ''], ['', '', '', '', '', ''], ['target_value', '', 'upper_bound', '', '', ''], ['', '', '', '', '', '']]","[[nan, nan, nan, nan, nan, nan], [2.3941250978688766e-06, 0.03960679422291417, 0.00837137498595029, nan, nan, nan], [nan, nan, nan, nan, nan, nan], [0.016289163917319754, nan, 0.006156609157465791, nan, nan, nan], [nan, nan, nan, nan, nan, nan]]",[],"[[0, 0, 0, 0, 0, 0], [1, 1, 1, 0, 0, 0], [0, 0, 0, 0, 0, 0], [1, 0, 1, 0, 0, 0], [0, 0, 0, 0, 0, 0]]","[['', '', '', '', '', ''], ['target_value', 'upper_bound', 'upper_bound', '', '', ''], ['', '', '', '', '', ''], ['target_value', '', 'upper_bound', '', '', ''], ['', '', '', '', '', '']]","[[nan, nan, nan, nan, nan, nan], [0.0, 0.04, 0.00846, nan, nan, nan], [nan, nan, nan, nan, nan, nan], [0.0324, nan, 0.00846, nan, nan, nan], [nan, nan, nan, nan, nan, nan]]","[[0, 0, 0, 0, 0, 0], [1, 1, 1, 0, 0, 0], [0, 0, 0, 0, 0, 0], [1, 0, 1, 0, 0, 0], [0, 0, 0, 0, 0, 0]]",14.025,0.13613638324291677,0.0037796903682895734,0.08183821275741385,965.198170505485,-341.22115749610526,-341.22115749610526,965.198170505485,,,
arhsmm,S5SphereInspect,0,2,"[[nan, nan, nan, nan, nan, nan], [3.6639111516836685e-05, 0.0014598014203837757, 0.0035102506788084317, nan, nan, nan], [nan, nan, nan, nan, nan, nan], [0.21629612428658887, nan, 0.4457647818269051, nan, nan, nan], [nan, nan, nan, nan, nan, nan]]","[[nan, nan, nan, nan, nan, nan], [2.7290674847260665e-06, 0.00039925854926743665, 1.813844340826931e-05, nan, nan, nan], [nan, nan, nan, nan, nan, nan], [0.016110836082680245, nan, 0.0023033908425342097, nan, nan, nan], [nan, nan, nan, nan, nan, nan]]","['surf_dist', 'normal_err', 'speed', 'ang_speed', 'start_dist', 'goal_dist']","[0.07448508906860322, 0.2735019597134474, 0.005167278655559288, 0.06608722993185281, 0.2420060651636752, 0.17611082692742402]","[[0.02045219957117411, 0.10158489238903948, 0.007639086684378288, 0.04112343753885147, 0.16447107839562072, 0.2889733595429724], [2.7290674847260665e-06, 0.039600741450732564, 0.008441861556591731, 0.04112343753885147, 0.16447107839562072, 0.2889733595429724], [0.02045219957117411, 0.10158489238903948, 0.007639086684378288, 0.04112343753885147, 0.16447107839562072, 0.2889733595429724], [0.016289163917319754, 0.10158489238903948, 0.006156609157465791, 0.04112343753885147, 0.16447107839562072, 0.2889733595429724], [0.02045219957117411, 0.10158489238903948, 0.007639086684378288, 0.04112343753885147, 0.16447107839562072, 0.2889733595429724]]","[['', '', '', '', '', ''], ['target_value', 'upper_bound', 'upper_bound', '', '', ''], ['', '', '', '', '', ''], ['target_value', '', 'upper_bound', '', '', ''], ['', '', '', '', '', '']]","[[nan, nan, nan, nan, nan, nan], [2.7290674847260665e-06, 0.039600741450732564, 0.008441861556591731, nan, nan, nan], [nan, nan, nan, nan, nan, nan], [0.016289163917319754, nan, 0.006156609157465791, nan, nan, nan], [nan, nan, nan, nan, nan, nan]]",[],"[[0, 0, 0, 0, 0, 0], [1, 1, 1, 0, 0, 0], [0, 0, 0, 0, 0, 0], [1, 0, 1, 0, 0, 0], [0, 0, 0, 0, 0, 0]]","[['', '', '', '', '', ''], ['target_value', 'upper_bound', 'upper_bound', '', '', ''], ['', '', '', '', '', ''], ['target_value', '', 'upper_bound', '', '', ''], ['', '', '', '', '', '']]","[[nan, nan, nan, nan, nan, nan], [0.0, 0.04, 0.00846, nan, nan, nan], [nan, nan, nan, nan, nan, nan], [0.0324, nan, 0.00846, nan, nan, nan], [nan, nan, nan, nan, nan, nan]]","[[0, 0, 0, 0, 0, 0], [1, 1, 1, 0, 0, 0], [0, 0, 0, 0, 0, 0], [1, 0, 1, 0, 0, 0], [0, 0, 0, 0, 0, 0]]",12.225,0.13341351946484062,0.003766870597074977,0.08079876268629237,1025.1674435301106,-127.07233037742003,-127.07233037742003,1025.1674435301106,,,
arhsmm,S5SphereInspect,0,3,"[[nan, nan, nan, nan, nan, nan], [2.6342089467354294e-05, 0.0014374974729975483, 0.004286350503283242, nan, nan, nan], [nan, nan, nan, nan, nan, nan], [0.32646424940215285, nan, 0.22686457879325297, nan, nan, nan], [nan, nan, nan, nan, nan, nan]]","[[nan, nan, nan, nan, nan, nan], [1.9620928802289994e-06, 0.0003931583759479579, 2.2148767465861308e-05, nan, nan, nan], [nan, nan, nan, nan, nan, nan], [0.024316718694434053, nan, 0.0011722724957008244, nan, nan, nan], [nan, nan, nan, nan, nan, nan]]","['surf_dist', 'normal_err', 'speed', 'ang_speed', 'start_dist', 'goal_dist']","[0.07448508906860322, 0.2735019597134474, 0.005167278655559288, 0.06608722993185281, 0.2420060651636752, 0.17611082692742402]","[[0.02045219957117411, 0.10158489238903948, 0.007639086684378288, 0.04112343753885147, 0.16447107839562072, 0.2889733595429724], [1.9620928802289994e-06, 0.03960684162405204, 0.008482148767465862, 0.04112343753885147, 0.16447107839562072, 0.2889733595429724], [0.02045219957117411, 0.10158489238903948, 0.007639086684378288, 0.04112343753885147, 0.16447107839562072, 0.2889733595429724], [0.05671671869443405, 0.10158489238903948, 0.007287727504299176, 0.04112343753885147, 0.16447107839562072, 0.2889733595429724], [0.02045219957117411, 0.10158489238903948, 0.007639086684378288, 0.04112343753885147, 0.16447107839562072, 0.2889733595429724]]","[['', '', '', '', '', ''], ['target_value', 'upper_bound', 'upper_bound', '', '', ''], ['', '', '', '', '', ''], ['target_value', '', 'upper_bound', '', '', ''], ['', '', '', '', '', '']]","[[nan, nan, nan, nan, nan, nan], [1.9620928802289994e-06, 0.03960684162405204, 0.008482148767465862, nan, nan, nan], [nan, nan, nan, nan, nan, nan], [0.05671671869443405, nan, 0.007287727504299176, nan, nan, nan], [nan, nan, nan, nan, nan, nan]]",[],"[[0, 0, 0, 0, 0, 0], [1, 1, 1, 0, 0, 0], [0, 0, 0, 0, 0, 0], [1, 0, 1, 0, 0, 0], [0, 0, 0, 0, 0, 0]]","[['', '', '', '', '', ''], ['target_value', 'upper_bound', 'upper_bound', '', '', ''], ['', '', '', '', '', ''], ['target_value', '', 'upper_bound', '', '', ''], ['', '', '', '', '', '']]","[[nan, nan, nan, nan, nan, nan], [0.0, 0.04, 0.00846, nan, nan, nan], [nan, nan, nan, nan, nan, nan], [0.0324, nan, 0.00846, nan, nan, nan], [nan, nan, nan, nan, nan, nan]]","[[0, 0, 0, 0, 0, 0], [1, 1, 1, 0, 0, 0], [0, 0, 0, 0, 0, 0], [1, 0, 1, 0, 0, 0], [0, 0, 0, 0, 0, 0]]",9.075,0.11181580365223079,0.005181252085285785,0.07425722225089611,1039.3703160140453,-568.9710812641348,-568.9710812641348,1039.3703160140453,,,
arhsmm,S5SphereInspect,0,4,"[[nan, nan, nan, nan, nan, nan], [0.04806955005126372, 0.75484620092207, 0.011170148058259464, nan, nan, nan], [nan, nan, nan, nan, nan, nan], [0.06716306441832665, nan, 0.08310451257502947, nan, nan, nan], [nan, nan, nan, nan, nan, nan]]","[[nan, nan, nan, nan, nan, nan], [0.003580464717056059, 0.2064519152344368, 5.771926764088116e-05, nan, nan, nan], [nan, nan, nan, nan, nan, nan], [0.0050026468353193965, nan, 0.00042942417400960824, nan, nan, nan], [nan, nan, nan, nan, nan, nan]]","['surf_dist', 'normal_err', 'speed', 'ang_speed', 'start_dist', 'goal_dist']","[0.07448508906860322, 0.2735019597134474, 0.005167278655559288, 0.06608722993185281, 0.2420060651636752, 0.17611082692742402]","[[0.02045219957117411, 0.10158489238903948, 0.007639086684378288, 0.04112343753885147, 0.16447107839562072, 0.2889733595429724], [0.003580464717056059, 0.2464519152344368, 0.00840228073235912, 0.04112343753885147, 0.16447107839562072, 0.2889733595429724], [0.02045219957117411, 0.10158489238903948, 0.007639086684378288, 0.04112343753885147, 0.16447107839562072, 0.2889733595429724], [0.037402646835319395, 0.10158489238903948, 0.008030575825990392, 0.04112343753885147, 0.16447107839562072, 0.2889733595429724], [0.02045219957117411, 0.10158489238903948, 0.007639086684378288, 0.04112343753885147, 0.16447107839562072, 0.2889733595429724]]","[['', '', '', '', '', ''], ['target_value', 'upper_bound', 'upper_bound', '', '', ''], ['', '', '', '', '', ''], ['target_value', '', 'upper_bound', '', '', ''], ['', '', '', '', '', '']]","[[nan, nan, nan, nan, nan, nan], [0.003580464717056059, 0.2464519152344368, 0.00840228073235912, nan, nan, nan], [nan, nan, nan, nan, nan, nan], [0.037402646835319395, nan, 0.008030575825990392, nan, nan, nan], [nan, nan, nan, nan, nan, nan]]",[],"[[0, 0, 0, 0, 0, 0], [1, 1, 1, 0, 0, 0], [0, 0, 0, 0, 0, 0], [1, 0, 1, 0, 0, 0], [0, 0, 0, 0, 0, 0]]","[['', '', '', '', '', ''], ['target_value', 'upper_bound', 'upper_bound', '', '', ''], ['', '', '', '', '', ''], ['target_value', '', 'upper_bound', '', '', ''], ['', '', '', '', '', '']]","[[nan, nan, nan, nan, nan, nan], [0.0, 0.04, 0.00846, nan, nan, nan], [nan, nan, nan, nan, nan, nan], [0.0324, nan, 0.00846, nan, nan, nan], [nan, nan, nan, nan, nan, nan]]","[[0, 0, 0, 0, 0, 0], [1, 1, 1, 0, 0, 0], [0, 0, 0, 0, 0, 0], [1, 0, 1, 0, 0, 0], [0, 0, 0, 0, 0, 0]]",9.475,0.19287069520498984,0.043104434045692544,0.07474151159938047,922.4379826004194,-460.9692711767158,-460.9692711767158,922.4379826004194,,,
arhsmm,S5SphereInspect,0,5,"[[nan, nan, nan, nan, nan, nan], [0.15979570312579508, 0.2263745126800375, 0.01760952436236968, nan, nan, nan], [nan, nan, nan, nan, nan, nan], [0.2948669203749004, nan, 0.012976095302778155, nan, nan, nan], [nan, nan, nan, nan, nan, nan]]","[[nan, nan, nan, nan, nan, nan], [0.011902397180104926, 0.061913872847166894, 9.099331937222413e-05, nan, nan, nan], [nan, nan, nan, nan, nan, nan], [0.02196318882750919, nan, 6.70511002905487e-05, nan, nan, nan], [nan, nan, nan, nan, nan, nan]]","['surf_dist', 'normal_err', 'speed', 'ang_speed', 'start_dist', 'goal_dist']","[0.07448508906860322, 0.2735019597134474, 0.005167278655559288, 0.06608722993185281, 0.2420060651636752, 0.17611082692742402]","[[0.02045219957117411, 0.10158489238903948, 0.007639086684378288, 0.04112343753885147, 0.16447107839562072, 0.2889733595429724], [0.011902397180104926, 0.1019138728471669, 0.008550993319372225, 0.04112343753885147, 0.16447107839562072, 0.2889733595429724], [0.02045219957117411, 0.10158489238903948, 0.007639086684378288, 0.04112343753885147, 0.16447107839562072, 0.2889733595429724], [0.010436811172490807, 0.10158489238903948, 0.008392948899709452, 0.04112343753885147, 0.16447107839562072, 0.2889733595429724], [0.02045219957117411, 0.10158489238903948, 0.007639086684378288, 0.04112343753885147, 0.16447107839562072, 0.2889733595429724]]","[['', '', '', '', '', ''], ['target_value', 'upper_bound', 'upper_bound', '', '', ''], ['', '', '', '', '', ''], ['target_value', '', 'upper_bound', '', '', ''], ['', '', '', '', '', '']]","[[nan, nan, nan, nan, nan, nan], [0.011902397180104926, 0.1019138728471669, 0.008550993319372225, nan, nan, nan], [nan, nan, nan, nan, nan, nan], [0.010436811172490807, nan, 0.008392948899709452, nan, nan, nan], [nan, nan, nan, nan, nan, nan]]",[],"[[0, 0, 0, 0, 0, 0], [1, 1, 1, 0, 0, 0], [0, 0, 0, 0, 0, 0], [1, 0, 1, 0, 0, 0], [0, 0, 0, 0, 0, 0]]","[['', '', '', '', '', ''], ['target_value', 'upper_bound', 'upper_bound', '', '', ''], ['', '', '', '', '', ''], ['target_value', '', 'upper_bound', '', '', ''], ['', '', '', '', '', '']]","[[nan, nan, nan, nan, nan, nan], [0.0, 0.04, 0.00846, nan, nan, nan], [nan, nan, nan, nan, nan, nan], [0.0324, nan, 0.00846, nan, nan, nan], [nan, nan, nan, nan, nan, nan]]","[[0, 0, 0, 0, 0, 0], [1, 1, 1, 0, 0, 0], [0, 0, 0, 0, 0, 0], [1, 0, 1, 0, 0, 0], [0, 0, 0, 0, 0, 0]]",17.975,0.14232455116917614,0.019187500654888758,0.08015649808561019,1051.9940302304574,-655.7912313025828,-655.7912313025828,1051.9940302304574,,,
arhsmm,S5SphereInspect,0,6,"[[nan, nan, nan, nan, nan, nan], [0.014276271439320596, 0.8109293365728498, 0.021180441036714834, nan, nan, nan], [nan, nan, nan, nan, nan, nan], [0.014760103028750953, nan, 0.07724552910336976, nan, nan, nan], [nan, nan, nan, nan, nan, nan]]","[[nan, nan, nan, nan, nan, nan], [0.0010633693497253509, 0.22179076274180018, 0.00010944524088434861, nan, nan, nan], [nan, nan, nan, nan, nan, nan], [0.001099407588758275, nan, 0.0003991491737732264, nan, nan, nan], [nan, nan, nan, nan, nan, nan]]","['surf_dist', 'normal_err', 'speed', 'ang_speed', 'start_dist', 'goal_dist']","[0.07448508906860322, 0.2735019597134474, 0.005167278655559288, 0.06608722993185281, 0.2420060651636752, 0.17611082692742402]","[[0.02045219957117411, 0.10158489238903948, 0.007639086684378288, 0.04112343753885147, 0.16447107839562072, 0.2889733595429724], [0.0010633693497253509, 0.2617907627418002, 0.008350554759115652, 0.04112343753885147, 0.16447107839562072, 0.2889733595429724], [0.02045219957117411, 0.10158489238903948, 0.007639086684378288, 0.04112343753885147, 0.16447107839562072, 0.2889733595429724], [0.03349940758875827, 0.10158489238903948, 0.008060850826226774, 0.04112343753885147, 0.16447107839562072, 0.2889733595429724], [0.02045219957117411, 0.10158489238903948, 0.007639086684378288, 0.04112343753885147, 0.16447107839562072, 0.2889733595429724]]","[['', '', '', '', '', ''], ['target_value', 'upper_bound', 'upper_bound', '', '', ''], ['', '', '', '', '', ''], ['target_value', '', 'upper_bound', '', '', ''], ['', '', '', '', '', '']]","[[nan, nan, nan, nan, nan, nan], [0.0010633693497253509, 0.2617907627418002, 0.008350554759115652, nan, nan, nan], [nan, nan, nan, nan, nan, nan], [0.03349940758875827, nan, 0.008060850826226774, nan, nan, nan], [nan, nan, nan, nan, nan, nan]]",[],"[[0, 0, 0, 0, 0, 0], [1, 1, 1, 0, 0, 0], [0, 0, 0, 0, 0, 0], [1, 0, 1, 0, 0, 0], [0, 0, 0, 0, 0, 0]]","[['', '', '', '', '', ''], ['target_value', 'upper_bound', 'upper_bound', '', '', ''], ['', '', '', '', '', ''], ['target_value', '', 'upper_bound', '', '', ''], ['', '', '', '', '', '']]","[[nan, nan, nan, nan, nan, nan], [0.0, 0.04, 0.00846, nan, nan, nan], [nan, nan, nan, nan, nan, nan], [0.0324, nan, 0.00846, nan, nan, nan], [nan, nan, nan, nan, nan, nan]]","[[0, 0, 0, 0, 0, 0], [1, 1, 1, 0, 0, 0], [0, 0, 0, 0, 0, 0], [1, 0, 1, 0, 0, 0], [0, 0, 0, 0, 0, 0]]",8.775,0.1876783362362012,0.04489242681898828,0.0708693617234297,1106.0355342440532,-557.0705971879964,-557.0705971879964,1106.0355342440532,,,
arhsmm,S5SphereInspect,0,7,"[[nan, nan, nan, nan, nan, nan], [2.6145572556802745e-05, 0.0014520031025237307, 0.01052922845640579, nan, nan, nan], [nan, nan, nan, nan, nan, nan], [0.2832280695984174, nan, 0.013560823815568229, nan, nan, nan], [nan, nan, nan, nan, nan, nan]]","[[nan, nan, nan, nan, nan, nan], [1.9474553006430806e-06, 0.000397125694050246, 5.440745746229311e-05, nan, nan, nan], [nan, nan, nan, nan, nan, nan], [0.021096267990766672, nan, 7.007255545398577e-05, nan, nan, nan], [nan, nan, nan, nan, nan, nan]]","['surf_dist', 'normal_err', 'speed', 'ang_speed', 'start_dist', 'goal_dist']","[0.07448508906860322, 0.2735019597134474, 0.005167278655559288, 0.06608722993185281, 0.2420060651636752, 0.17611082692742402]","[[0.02045219957117411, 0.10158489238903948, 0.007639086684378288, 0.04112343753885147, 0.16447107839562072, 0.2889733595429724], [1.9474553006430806e-06, 0.039602874305949755, 0.008514407457462294, 0.04112343753885147, 0.16447107839562072, 0.2889733595429724], [0.02045219957117411, 0.10158489238903948, 0.007639086684378288, 0.04112343753885147, 0.16447107839562072, 0.2889733595429724], [0.011303732009233325, 0.10158489238903948, 0.008389927444546015, 0.04112343753885147, 0.16447107839562072, 0.2889733595429724], [0.02045219957117411, 0.10158489238903948, 0.007639086684378288, 0.04112343753885147, 0.16447107839562072, 0.2889733595429724]]","[['', '', '', '', '', ''], ['target_value', 'upper_bound', 'upper_bound', '', '', ''], ['', '', '', '', '', ''], ['target_value', '', 'upper_bound', '', '', ''], ['', '', '', '', '', '']]","[[nan, nan, nan, nan, nan, nan], [1.9474553006430806e-06, 0.039602874305949755, 0.008514407457462294, nan, nan, nan], [nan, nan, nan, nan, nan, nan], [0.011303732009233325, nan, 0.008389927444546015, nan, nan, nan], [nan, nan, nan, nan, nan, nan]]",[],"[[0, 0, 0, 0, 0, 0], [1, 1, 1, 0, 0, 0], [0, 0, 0, 0, 0, 0], [1, 0, 1, 0, 0, 0], [0, 0, 0, 0, 0, 0]]","[['', '', '', '', '', ''], ['target_value', 'upper_bound', 'upper_bound', '', '', ''], ['', '', '', '', '', ''], ['target_value', '', 'upper_bound', '', '', ''], ['', '', '', '', '', '']]","[[nan, nan, nan, nan, nan, nan], [0.0, 0.04, 0.00846, nan, nan, nan], [nan, nan, nan, nan, nan, nan], [0.0324, nan, 0.00846, nan, nan, nan], [nan, nan, nan, nan, nan, nan]]","[[0, 0, 0, 0, 0, 0], [1, 1, 1, 0, 0, 0], [0, 0, 0, 0, 0, 0], [1, 0, 1, 0, 0, 0], [0, 0, 0, 0, 0, 0]]",15.0,0.061759254109094386,0.004323964230606768,0.07578304734645426,1064.8959510741145,-819.9984310596284,-819.9984310596284,1064.8959510741145,,,
arhsmm,S5SphereInspect,0,8,"[[nan, nan, nan, nan, nan, nan], [2.464285542781422e-05, 0.0014318272162624054, 0.008388518508368747, nan, nan, nan], [nan, nan, nan, nan, nan, nan], [3.660508365752342e-06, nan, 0.0680749754209406, nan, nan, nan], [nan, nan, nan, nan, nan, nan]]","[[nan, nan, nan, nan, nan, nan], [1.8355252814454548e-06, 0.0003916075496188179, 4.3345812640057865e-05, nan, nan, nan], [nan, nan, nan, nan, nan, nan], [2.726532916594304e-07, nan, 0.00035176236747034954, nan, nan, nan], [nan, nan, nan, nan, nan, nan]]","['surf_dist', 'normal_err', 'speed', 'ang_speed', 'start_dist', 'goal_dist']","[0.07448508906860322, 0.2735019597134474, 0.005167278655559288, 0.06608722993185281, 0.2420060651636752, 0.17611082692742402]","[[0.02045219957117411, 0.10158489238903948, 0.007639086684378288, 0.04112343753885147, 0.16447107839562072, 0.2889733595429724], [1.8355252814454548e-06, 0.03960839245038118, 0.008416654187359943, 0.04112343753885147, 0.16447107839562072, 0.2889733595429724], [0.02045219957117411, 0.10158489238903948, 0.007639086684378288, 0.04112343753885147, 0.16447107839562072, 0.2889733595429724], [0.03240027265329166, 0.10158489238903948, 0.008108237632529651, 0.04112343753885147, 0.16447107839562072, 0.2889733595429724], [0.02045219957117411, 0.10158489238903948, 0.007639086684378288, 0.04112343753885147, 0.16447107839562072, 0.2889733595429724]]","[['', '', '', '', '', ''], ['target_value', 'upper_bound', 'upper_bound', '', '', ''], ['', '', '', '', '', ''], ['target_value', '', 'upper_bound', '', '', ''], ['', '', '', '', '', '']]","[[nan, nan, nan, nan, nan, nan], [1.8355252814454548e-06, 0.03960839245038118, 0.008416654187359943, nan, nan, nan], [nan, nan, nan, nan, nan, nan], [0.03240027265329166, nan, 0.008108237632529651, nan, nan, nan], [nan, nan, nan, nan, nan, nan]]",[],"[[0, 0, 0, 0, 0, 0], [1, 1, 1, 0, 0, 0], [0, 0, 0, 0, 0, 0], [1, 0, 1, 0, 0, 0], [0, 0, 0, 0, 0, 0]]","[['', '', '', '', '', ''], ['target_value', 'upper_bound', 'upper_bound', '', '', ''], ['', '', '', '', '', ''], ['target_value', '', 'upper_bound', '', '', ''], ['', '', '', '', '', '']]","[[nan, nan, nan, nan, nan, nan], [0.0, 0.04, 0.00846, nan, nan, nan], [nan, nan, nan, nan, nan, nan], [0.0324, nan, 0.00846, nan, nan, nan], [nan, nan, nan, nan, nan, nan]]","[[0, 0, 0, 0, 0, 0], [1, 1, 1, 0, 0, 0], [0, 0, 0, 0, 0, 0], [1, 0, 1, 0, 0, 0], [0, 0, 0, 0, 0, 0]]",3.95,0.015584724901873065,0.00015776478166046602,0.06866440625599418,1220.1063106497515,589.251962990957,589.251962990957,1220.1063106497515,,,
arhsmm,S5SphereInspect,0,9,"[[nan, nan, nan, nan, nan, nan], [0.3097231849864378, 0.5921527473182256, 0.1948036246986575, nan, nan, nan], [nan, nan, nan, nan, nan, nan], [3.660508365752342e-06, nan, 0.0680749754209406, nan, nan, nan], [nan, nan, nan, nan, nan, nan]]","[[nan, nan, nan, nan, nan, nan], [0.023069759020326295, 0.16195493684123655, 0.001006604611930955, nan, nan, nan], [nan, nan, nan, nan, nan, nan], [2.726532916594304e-07, nan, 0.00035176236747034954, nan, nan, nan], [nan, nan, nan, nan, nan, nan]]","['surf_dist', 'normal_err', 'speed', 'ang_speed', 'start_dist', 'goal_dist']","[0.07448508906860322, 0.2735019597134474, 0.005167278655559288, 0.06608722993185281, 0.2420060651636752, 0.17611082692742402]","[[0.02045219957117411, 0.10158489238903948, 0.007639086684378288, 0.04112343753885147, 0.16447107839562072, 0.2889733595429724], [0.023069759020326295, 0.20195493684123655, 0.009466604611930956, 0.04112343753885147, 0.16447107839562072, 0.2889733595429724], [0.02045219957117411, 0.10158489238903948, 0.007639086684378288, 0.04112343753885147, 0.16447107839562072, 0.2889733595429724], [0.03240027265329166, 0.10158489238903948, 0.008108237632529651, 0.04112343753885147, 0.16447107839562072, 0.2889733595429724], [0.02045219957117411, 0.10158489238903948, 0.007639086684378288, 0.04112343753885147, 0.16447107839562072, 0.2889733595429724]]","[['', '', '', '', '', ''], ['target_value', 'upper_bound', 'upper_bound', '', '', ''], ['', '', '', '', '', ''], ['target_value', '', 'upper_bound', '', '', ''], ['', '', '', '', '', '']]","[[nan, nan, nan, nan, nan, nan], [0.023069759020326295, 0.20195493684123655, 0.009466604611930956, nan, nan, nan], [nan, nan, nan, nan, nan, nan], [0.03240027265329166, nan, 0.008108237632529651, nan, nan, nan], [nan, nan, nan, nan, nan, nan]]",[],"[[0, 0, 0, 0, 0, 0], [1, 1, 1, 0, 0, 0], [0, 0, 0, 0, 0, 0], [1, 0, 1, 0, 0, 0], [0, 0, 0, 0, 0, 0]]","[['', '', '', '', '', ''], ['target_value', 'upper_bound', 'upper_bound', '', '', ''], ['', '', '', '', '', ''], ['target_value', '', 'upper_bound', '', '', ''], ['', '', '', '', '', '']]","[[nan, nan, nan, nan, nan, nan], [0.0, 0.04, 0.00846, nan, nan, nan], [nan, nan, nan, nan, nan, nan], [0.0324, nan, 0.00846, nan, nan, nan], [nan, nan, nan, nan, nan, nan]]","[[0, 0, 0, 0, 0, 0], [1, 1, 1, 0, 0, 0], [0, 0, 0, 0, 0, 0], [1, 0, 1, 0, 0, 0], [0, 0, 0, 0, 0, 0]]",10.65,0.23295163858652548,0.037276667098851156,0.07605096300747846,1053.8558752792321,-211.2409142294835,-211.2409142294835,1053.8558752792321,,,
cluster,S5SphereInspect,0,0,"[[nan, nan, nan, nan, nan, nan], [0.06536676206075977, 0.14958831407913045, 0.10097387673860755, nan, nan, nan], [nan, nan, nan, nan, nan, nan], [0.2157424371031312, nan, 0.1717494836819831, nan, nan, nan], [nan, nan, nan, nan, nan, nan]]","[[nan, nan, nan, nan, nan, nan], [0.004868849094221885, 0.04091269705087285, 0.0005217601580404813, nan, nan, nan], [nan, nan, nan, nan, nan, nan], [0.016069594643504256, nan, 0.0008874774411332395, nan, nan, nan], [nan, nan, nan, nan, nan, nan]]","['surf_dist', 'normal_err', 'speed', 'ang_speed', 'start_dist', 'goal_dist']","[0.07448508906860322, 0.2735019597134474, 0.005167278655559288, 0.06608722993185281, 0.2420060651636752, 0.17611082692742402]","[[0.02045219957117411, 0.10158489238903948, 0.007639086684378288, 0.04112343753885147, 0.16447107839562072, 0.2889733595429724], [0.004868849094221885, 0.08091269705087285, 0.008981760158040482, 0.04112343753885147, 0.16447107839562072, 0.2889733595429724], [0.02045219957117411, 0.10158489238903948, 0.007639086684378288, 0.04112343753885147, 0.16447107839562072, 0.2889733595429724], [0.016330405356495742, 0.10158489238903948, 0.007572522558866761, 0.04112343753885147, 0.16447107839562072, 0.2889733595429724], [0.02045219957117411, 0.10158489238903948, 0.007639086684378288, 0.04112343753885147, 0.16447107839562072, 0.2889733595429724]]","[['', '', '', '', '', ''], ['target_value', 'upper_bound', 'upper_bound', '', '', ''], ['', '', '', '', '', ''], ['target_value', '', 'upper_bound', '', '', ''], ['', '', '', '', '', '']]","[[nan, nan, nan, nan, nan, nan], [0.004868849094221885, 0.08091269705087285, 0.008981760158040482, nan, nan, nan], [nan, nan, nan, nan, nan, nan], [0.016330405356495742, nan, 0.007572522558866761, nan, nan, nan], [nan, nan, nan, nan, nan, nan]]",[],"[[0, 0, 0, 0, 0, 0], [1, 1, 1, 0, 0, 0], [0, 0, 0, 0, 0, 0], [1, 0, 1, 0, 0, 0], [0, 0, 0, 0, 0, 0]]","[['', '', '', '', '', ''], ['target_value', 'upper_bound', 'upper_bound', '', '', ''], ['', '', '', '', '', ''], ['target_value', '', 'upper_bound', '', '', ''], ['', '', '', '', '', '']]","[[nan, nan, nan, nan, nan, nan], [0.0, 0.04, 0.00846, nan, nan, nan], [nan, nan, nan, nan, nan, nan], [0.0324, nan, 0.00846, nan, nan, nan], [nan, nan, nan, nan, nan, nan]]","[[0, 0, 0, 0, 0, 0], [1, 1, 1, 0, 0, 0], [0, 0, 0, 0, 0, 0], [1, 0, 1, 0, 0, 0], [0, 0, 0, 0, 0, 0]]",14.825,0.1406841747327224,0.012652075677554542,0.08055647877603529,499.62947204152647,-782.9452854978914,-782.9452854978914,,499.62947204152647,,
cluster,S5SphereInspect,0,1,"[[nan, nan, nan, nan, nan, nan], [3.837768401602803e-05, 0.0014622199542931728, 0.005997019506203477, nan, nan, nan], [nan, nan, nan, nan, nan, nan], [0.2249056464114939, nan, 0.02659558351655224, nan, nan, nan], [nan, nan, nan, nan, nan, nan]]","[[nan, nan, nan, nan, nan, nan], [2.8585652121805583e-06, 0.0003999200230312902, 3.098827089137793e-05, nan, nan, nan], [nan, nan, nan, nan, nan, nan], [0.016752117104991908, nan, 0.00013742679103722483, nan, nan, nan], [nan, nan, nan, nan, nan, nan]]","['surf_dist', 'normal_err', 'speed', 'ang_speed', 'start_dist', 'goal_dist']","[0.07448508906860322, 0.2735019597134474, 0.005167278655559288, 0.06608722993185281, 0.2420060651636752, 0.17611082692742402]","[[0.02045219957117411, 0.10158489238903948, 0.007639086684378288, 0.04112343753885147, 0.16447107839562072, 0.2889733595429724], [2.8585652121805583e-06, 0.03960007997696871, 0.008490988270891378, 0.04112343753885147, 0.16447107839562072, 0.2889733595429724], [0.02045219957117411, 0.10158489238903948, 0.007639086684378288, 0.04112343753885147, 0.16447107839562072, 0.2889733595429724], [0.01564788289500809, 0.10158489238903948, 0.008322573208962776, 0.04112343753885147, 0.16447107839562072, 0.2889733595429724], [0.02045219957117411, 0.10158489238903948, 0.007639086684378288, 0.04112343753885147, 0.16447107839562072, 0.2889733595429724]]","[['', '', '', '', '', ''], ['target_value', 'upper_bound', 'upper_bound', '', '', ''], ['', '', '', '', '', ''], ['target_value', '', 'upper_bound', '', '', ''], ['', '', '', '', '', '']]","[[nan, nan, nan, nan, nan, nan], [2.8585652121805583e-06, 0.03960007997696871, 0.008490988270891378, nan, nan, nan], [nan, nan, nan, nan, nan, nan], [0.01564788289500809, nan, 0.008322573208962776, nan, nan, nan], [nan, nan, nan, nan, nan, nan]]",[],"[[0, 0, 0, 0, 0, 0], [1, 1, 1, 0, 0, 0], [0, 0, 0, 0, 0, 0], [1, 0, 1, 0, 0, 0], [0, 0, 0, 0, 0, 0]]","[['', '', '', '', '', ''], ['target_value', 'upper_bound', 'upper_bound', '', '', ''], ['', '', '', '', '', ''], ['target_value', '', 'upper_bound', '', '', ''], ['', '', '', '', '', '']]","[[nan, nan, nan, nan, nan, nan], [0.0, 0.04, 0.00846, nan, nan, nan], [nan, nan, nan, nan, nan, nan], [0.0324, nan, 0.00846, nan, nan, nan], [nan, nan, nan, nan, nan, nan]]","[[0, 0, 0, 0, 0, 0], [1, 1, 1, 0, 0, 0], [0, 0, 0, 0, 0, 0], [1, 0, 1, 0, 0, 0], [0, 0, 0, 0, 0, 0]]",14.025,0.05179976941451177,0.0034646621510327964,0.07872839599976374,502.61639885045975,-2540.0223592757607,-2540.0223592757607,,502.61639885045975,,
cluster,S5SphereInspect,0,2,"[[nan, nan, nan, nan, nan, nan], [3.837768401602803e-05, 0.0014622199542931728, 0.005997019506203477, nan, nan, nan], [nan, nan, nan, nan, nan, nan], [0.2249056464114939, nan, 0.02659558351655224, nan, nan, nan], [nan, nan, nan, nan, nan, nan]]","[[nan, nan, nan, nan, nan, nan], [2.8585652121805583e-06, 0.0003999200230312902, 3.098827089137793e-05, nan, nan, nan], [nan, nan, nan, nan, nan, nan], [0.016752117104991908, nan, 0.00013742679103722483, nan, nan, nan], [nan, nan, nan, nan, nan, nan]]","['surf_dist', 'normal_err', 'speed', 'ang_speed', 'start_dist', 'goal_dist']","[0.07448508906860322, 0.2735019597134474, 0.005167278655559288, 0.06608722993185281, 0.2420060651636752, 0.17611082692742402]","[[0.02045219957117411, 0.10158489238903948, 0.007639086684378288, 0.04112343753885147, 0.16447107839562072, 0.2889733595429724], [2.8585652121805583e-06, 0.03960007997696871, 0.008490988270891378, 0.04112343753885147, 0.16447107839562072, 0.2889733595429724], [0.02045219957117411, 0.10158489238903948, 0.007639086684378288, 0.04112343753885147, 0.16447107839562072, 0.2889733595429724], [0.01564788289500809, 0.10158489238903948, 0.008322573208962776, 0.04112343753885147, 0.16447107839562072, 0.2889733595429724], [0.02045219957117411, 0.10158489238903948, 0.007639086684378288, 0.04112343753885147, 0.16447107839562072, 0.2889733595429724]]","[['', '', '', '', '', ''], ['target_value', 'upper_bound', 'upper_bound', '', '', ''], ['', '', '', '', '', ''], ['target_value', '', 'upper_bound', '', '', ''], ['', '', '', '', '', '']]","[[nan, nan, nan, nan, nan, nan], [2.8585652121805583e-06, 0.03960007997696871, 0.008490988270891378, nan, nan, nan], [nan, nan, nan, nan, nan, nan], [0.01564788289500809, nan, 0.008322573208962776, nan, nan, nan], [nan, nan, nan, nan, nan, nan]]",[],"[[0, 0, 0, 0, 0, 0], [1, 1, 1, 0, 0, 0], [0, 0, 0, 0, 0, 0], [1, 0, 1, 0, 0, 0], [0, 0, 0, 0, 0, 0]]","[['', '', '', '', '', ''], ['target_value', 'upper_bound', 'upper_bound', '', '', ''], ['', '', '', '', '', ''], ['target_value', '', 'upper_bound', '', '', ''], ['', '', '', '', '', '']]","[[nan, nan, nan, nan, nan, nan], [0.0, 0.04, 0.00846, nan, nan, nan], [nan, nan, nan, nan, nan, nan], [0.0324, nan, 0.00846, nan, nan, nan], [nan, nan, nan, nan, nan, nan]]","[[0, 0, 0, 0, 0, 0], [1, 1, 1, 0, 0, 0], [0, 0, 0, 0, 0, 0], [1, 0, 1, 0, 0, 0], [0, 0, 0, 0, 0, 0]]",14.025,0.05179976941451177,0.0034646621510327964,0.07872839599976374,502.61639885045975,-2540.0223592757607,-2540.0223592757607,,502.61639885045975,,
cluster,S5SphereInspect,0,3,"[[nan, nan, nan, nan, nan, nan], [0.06536676206075977, 0.14958831407913045, 0.10097387673860755, nan, nan, nan], [nan, nan, nan, nan, nan, nan], [0.0897250311541578, nan, 0.04904156465899732, nan, nan, nan], [nan, nan, nan, nan, nan, nan]]","[[nan, nan, nan, nan, nan, nan], [0.004868849094221885, 0.04091269705087285, 0.0005217601580404813, nan, nan, nan], [nan, nan, nan, nan, nan, nan], [0.0066831769372006425, nan, 0.00025341143029766755, nan, nan, nan], [nan, nan, nan, nan, nan, nan]]","['surf_dist', 'normal_err', 'speed', 'ang_speed', 'start_dist', 'goal_dist']","[0.07448508906860322, 0.2735019597134474, 0.005167278655559288, 0.06608722993185281, 0.2420060651636752, 0.17611082692742402]","[[0.02045219957117411, 0.10158489238903948, 0.007639086684378288, 0.04112343753885147, 0.16447107839562072, 0.2889733595429724], [0.004868849094221885, 0.08091269705087285, 0.008981760158040482, 0.04112343753885147, 0.16447107839562072, 0.2889733595429724], [0.02045219957117411, 0.10158489238903948, 0.007639086684378288, 0.04112343753885147, 0.16447107839562072, 0.2889733595429724], [0.025716823062799356, 0.10158489238903948, 0.008206588569702333, 0.04112343753885147, 0.16447107839562072, 0.2889733595429724], [0.02045219957117411, 0.10158489238903948, 0.007639086684378288, 0.04112343753885147, 0.16447107839562072, 0.2889733595429724]]","[['', '', '', '', '', ''], ['target_value', 'upper_bound', 'upper_bound', '', '', ''], ['', '', '', '', '', ''], ['target_value', '', 'upper_bound', '', '', ''], ['', '', '', '', '', '']]","[[nan, nan, nan, nan, nan, nan], [0.004868849094221885, 0.08091269705087285, 0.008981760158040482, nan, nan, nan], [nan, nan, nan, nan, nan, nan], [0.025716823062799356, nan, 0.008206588569702333, nan, nan, nan], [nan, nan, nan, nan, nan, nan]]",[],"[[0, 0, 0, 0, 0, 0], [1, 1, 1, 0, 0, 0], [0, 0, 0, 0, 0, 0], [1, 0, 1, 0, 0, 0], [0, 0, 0, 0, 0, 0]]","[['', '', '', '', '', ''], ['target_value', 'upper_bound', 'upper_bound', '', '', ''], ['', '', '', '', '', ''], ['target_value', '', 'upper_bound', '', '', ''], ['', '', '', '', '', '']]","[[nan, nan, nan, nan, nan, nan], [0.0, 0.04, 0.00846, nan, nan, nan], [nan, nan, nan, nan, nan, nan], [0.0324, nan, 0.00846, nan, nan, nan], [nan, nan, nan, nan, nan, nan]]","[[0, 0, 0, 0, 0, 0], [1, 1, 1, 0, 0, 0], [0, 0, 0, 0, 0, 0], [1, 0, 1, 0, 0, 0], [0, 0, 0, 0, 0, 0]]",12.9,0.09093910973833058,0.010647978934126705,0.07541486190804586,507.1087068206773,-606.1554192681667,-606.1554192681667,,507.1087068206773,,
cluster,S5SphereInspect,0,4,"[[nan, nan, nan, nan, nan, nan], [0.06536676206075977, 0.14958831407913045, 0.10097387673860755, nan, nan, nan], [nan, nan, nan, nan, nan, nan], [0.22423235985374573, nan, 0.1089373160918203, nan, nan, nan], [nan, nan, nan, nan, nan, nan]]","[[nan, nan, nan, nan, nan, nan], [0.004868849094221885, 0.04091269705087285, 0.0005217601580404813, nan, nan, nan], [nan, nan, nan, nan, nan, nan], [0.01670196729576934, nan, 0.0005629094682351784, nan, nan, nan], [nan, nan, nan, nan, nan, nan]]","['surf_dist', 'normal_err', 'speed', 'ang_speed', 'start_dist', 'goal_dist']","[0.07448508906860322, 0.2735019597134474, 0.005167278655559288, 0.06608722993185281, 0.2420060651636752, 0.17611082692742402]","[[0.02045219957117411, 0.10158489238903948, 0.007639086684378288, 0.04112343753885147, 0.16447107839562072, 0.2889733595429724], [0.004868849094221885, 0.08091269705087285, 0.008981760158040482, 0.04112343753885147, 0.16447107839562072, 0.2889733595429724], [0.02045219957117411, 0.10158489238903948, 0.007639086684378288, 0.04112343753885147, 0.16447107839562072, 0.2889733595429724], [0.015698032704230657, 0.10158489238903948, 0.007897090531764822, 0.04112343753885147, 0.16447107839562072, 0.2889733595429724], [0.02045219957117411, 0.10158489238903948, 0.007639086684378288, 0.04112343753885147, 0.16447107839562072, 0.2889733595429724]]","[['', '', '', '', '', ''], ['target_value', 'upper_bound', 'upper_bound', '', '', ''], ['', '', '', '', '', ''], ['target_value', '', 'upper_bound', '', '', ''], ['', '', '', '', '', '']]","[[nan, nan, nan, nan, nan, nan], [0.004868849094221885, 0.08091269705087285, 0.008981760158040482, nan, nan, nan], [nan, nan, nan, nan, nan, nan], [0.015698032704230657, nan, 0.007897090531764822, nan, nan, nan], [nan, nan, nan, nan, nan, nan]]",[],"[[0, 0, 0, 0, 0, 0], [1, 1, 1, 0, 0, 0], [0, 0, 0, 0, 0, 0], [1, 0, 1, 0, 0, 0], [0, 0, 0, 0, 0, 0]]","[['', '', '', '', '', ''], ['target_value', 'upper_bound', 'upper_bound', '', '', ''], ['', '', '', '', '', ''], ['target_value', '', 'upper_bound', '', '', ''], ['', '', '', '', '', '']]","[[nan, nan, nan, nan, nan, nan], [0.0, 0.04, 0.00846, nan, nan, nan], [nan, nan, nan, nan, nan, nan], [0.0324, nan, 0.00846, nan, nan, nan], [nan, nan, nan, nan, nan, nan]]","[[0, 0, 0, 0, 0, 0], [1, 1, 1, 0, 0, 0], [0, 0, 0, 0, 0, 0], [1, 0, 1, 0, 0, 0], [0, 0, 0, 0, 0, 0]]",14.85,0.12981972576481277,0.012713636613427944,0.08056814270193519,499.60079802778296,-646.8413280091121,-646.8413280091121,,499.60079802778296,,
cluster,S5SphereInspect,0,5,"[[nan, nan, nan, nan, nan, nan], [0.06536676206075977, 0.14958831407913045, 0.10097387673860755, nan, nan, nan], [nan, nan, nan, nan, nan, nan], [0.22423235985374573, nan, 0.1089373160918203, nan, nan, nan], [nan, nan, nan, nan, nan, nan]]","[[nan, nan, nan, nan, nan, nan], [0.004868849094221885, 0.04091269705087285, 0.0005217601580404813, nan, nan, nan], [nan, nan, nan, nan, nan, nan], [0.01670196729576934, nan, 0.0005629094682351784, nan, nan, nan], [nan, nan, nan, nan, nan, nan]]","['surf_dist', 'normal_err', 'speed', 'ang_speed', 'start_dist', 'goal_dist']","[0.07448508906860322, 0.2735019597134474, 0.005167278655559288, 0.06608722993185281, 0.2420060651636752, 0.17611082692742402]","[[0.02045219957117411, 0.10158489238903948, 0.007639086684378288, 0.04112343753885147, 0.16447107839562072, 0.2889733595429724], [0.004868849094221885, 0.08091269705087285, 0.008981760158040482, 0.04112343753885147, 0.16447107839562072, 0.2889733595429724], [0.02045219957117411, 0.10158489238903948, 0.007639086684378288, 0.04112343753885147, 0.16447107839562072, 0.2889733595429724], [0.015698032704230657, 0.10158489238903948, 0.007897090531764822, 0.04112343753885147, 0.16447107839562072, 0.2889733595429724], [0.02045219957117411, 0.10158489238903948, 0.007639086684378288, 0.04112343753885147, 0.16447107839562072, 0.2889733595429724]]","[['', '', '', '', '', ''], ['target_value', 'upper_bound', 'upper_bound', '', '', ''], ['', '', '', '', '', ''], ['target_value', '', 'upper_bound', '', '', ''], ['', '', '', '', '', '']]","[[nan, nan, nan, nan, nan, nan], [0.004868849094221885, 0.08091269705087285, 0.008981760158040482, nan, nan, nan], [nan, nan, nan, nan, nan, nan], [0.015698032704230657, nan, 0.007897090531764822, nan, nan, nan], [nan, nan, nan, nan, nan, nan]]",[],"[[0, 0, 0, 0, 0, 0], [1, 1, 1, 0, 0, 0], [0, 0, 0, 0, 0, 0], [1, 0, 1, 0, 0, 0], [0, 0, 0, 0, 0, 0]]","[['', '', '', '', '', ''], ['target_value', 'upper_bound', 'upper_bound', '', '', ''], ['', '', '', '', '', ''], ['target_value', '', 'upper_bound', '', '', ''], ['', '', '', '', '', '']]","[[nan, nan, nan, nan, nan, nan], [0.0, 0.04, 0.00846, nan, nan, nan], [nan, nan, nan, nan, nan, nan], [0.0324, nan, 0.00846, nan, nan, nan], [nan, nan, nan, nan, nan, nan]]","[[0, 0, 0, 0, 0, 0], [1, 1, 1, 0, 0, 0], [0, 0, 0, 0, 0, 0], [1, 0, 1, 0, 0, 0], [0, 0, 0, 0, 0, 0]]",14.85,0.12981972576481277,0.012713636613427944,0.08056814270193519,499.60079802778296,-646.8413280091121,-646.8413280091121,,499.60079802778296,,
cluster,S5SphereInspect,0,6,"[[nan, nan, nan, nan, nan, nan], [4.0311876125201726e-05, 0.0014032971629778063, 0.008953132258857553, nan, nan, nan], [nan, nan, nan, nan, nan, nan], [0.0007098126913320051, nan, 0.07020278891192613, nan, nan, nan], [nan, nan, nan, nan, nan, nan]]","[[nan, nan, nan, nan, nan, nan], [3.00263368370815e-06, 0.00038380452413475097, 4.6263329221593943e-05, nan, nan, nan], [nan, nan, nan, nan, nan, nan], [5.287046153588937e-05, nan, 0.00036275737270533015, nan, nan, nan], [nan, nan, nan, nan, nan, nan]]","['surf_dist', 'normal_err', 'speed', 'ang_speed', 'start_dist', 'goal_dist']","[0.07448508906860322, 0.2735019597134474, 0.005167278655559288, 0.06608722993185281, 0.2420060651636752, 0.17611082692742402]","[[0.02045219957117411, 0.10158489238903948, 0.007639086684378288, 0.04112343753885147, 0.16447107839562072, 0.2889733595429724], [3.00263368370815e-06, 0.03961619547586525, 0.008506263329221594, 0.04112343753885147, 0.16447107839562072, 0.2889733595429724], [0.02045219957117411, 0.10158489238903948, 0.007639086684378288, 0.04112343753885147, 0.16447107839562072, 0.2889733595429724], [0.03234712953846411, 0.10158489238903948, 0.00809724262729467, 0.04112343753885147, 0.16447107839562072, 0.2889733595429724], [0.02045219957117411, 0.10158489238903948, 0.007639086684378288, 0.04112343753885147, 0.16447107839562072, 0.2889733595429724]]","[['', '', '', '', '', ''], ['target_value', 'upper_bound', 'upper_bound', '', '', ''], ['', '', '', '', '', ''], ['target_value', '', 'upper_bound', '', '', ''], ['', '', '', '', '', '']]","[[nan, nan, nan, nan, nan, nan], [3.00263368370815e-06, 0.03961619547586525, 0.008506263329221594, nan, nan, nan], [nan, nan, nan, nan, nan, nan], [0.03234712953846411, nan, 0.00809724262729467, nan, nan, nan], [nan, nan, nan, nan, nan, nan]]",[],"[[0, 0, 0, 0, 0, 0], [1, 1, 1, 0, 0, 0], [0, 0, 0, 0, 0, 0], [1, 0, 1, 0, 0, 0], [0, 0, 0, 0, 0, 0]]","[['', '', '', '', '', ''], ['target_value', 'upper_bound', 'upper_bound', '', '', ''], ['', '', '', '', '', ''], ['target_value', '', 'upper_bound', '', '', ''], ['', '', '', '', '', '']]","[[nan, nan, nan, nan, nan, nan], [0.0, 0.04, 0.00846, nan, nan, nan], [nan, nan, nan, nan, nan, nan], [0.0324, nan, 0.00846, nan, nan, nan], [nan, nan, nan, nan, nan, nan]]","[[0, 0, 0, 0, 0, 0], [1, 1, 1, 0, 0, 0], [0, 0, 0, 0, 0, 0], [1, 0, 1, 0, 0, 0], [0, 0, 0, 0, 0, 0]]",4.725,0.01626186858024374,0.00016973966425625452,0.06811865649063717,504.05440924101663,-1283.6687744737192,-1283.6687744737192,,504.05440924101663,,
cluster,S5SphereInspect,0,7,"[[nan, nan, nan, nan, nan, nan], [5.0389876614743775e-05, 0.0014030189426116834, 0.004781813736073536, nan, nan, nan], [nan, nan, nan, nan, nan, nan], [0.049700482029386484, nan, 0.05017256448365462, nan, nan, nan], [nan, nan, nan, nan, nan, nan]]","[[nan, nan, nan, nan, nan, nan], [3.7532944478051167e-06, 0.00038372843031938414, 2.4708964053272997e-05, nan, nan, nan], [nan, nan, nan, nan, nan, nan], [0.0037019448307113664, nan, 0.0002592556215510605, nan, nan, nan], [nan, nan, nan, nan, nan, nan]]","['surf_dist', 'normal_err', 'speed', 'ang_speed', 'start_dist', 'goal_dist']","[0.07448508906860322, 0.2735019597134474, 0.005167278655559288, 0.06608722993185281, 0.2420060651636752, 0.17611082692742402]","[[0.02045219957117411, 0.10158489238903948, 0.007639086684378288, 0.04112343753885147, 0.16447107839562072, 0.2889733595429724], [3.7532944478051167e-06, 0.03961627156968062, 0.008484708964053274, 0.04112343753885147, 0.16447107839562072, 0.2889733595429724], [0.02045219957117411, 0.10158489238903948, 0.007639086684378288, 0.04112343753885147, 0.16447107839562072, 0.2889733595429724], [0.028698055169288632, 0.10158489238903948, 0.00820074437844894, 0.04112343753885147, 0.16447107839562072, 0.2889733595429724], [0.02045219957117411, 0.10158489238903948, 0.007639086684378288, 0.04112343753885147, 0.16447107839562072, 0.2889733595429724]]","[['', '', '', '', '', ''], ['target_value', 'upper_bound', 'upper_bound', '', '', ''], ['', '', '', '', '', ''], ['target_value', '', 'upper_bound', '', '', ''], ['', '', '', '', '', '']]","[[nan, nan, nan, nan, nan, nan], [3.7532944478051167e-06, 0.03961627156968062, 0.008484708964053274, nan, nan, nan], [nan, nan, nan, nan, nan, nan], [0.028698055169288632, nan, 0.00820074437844894, nan, nan, nan], [nan, nan, nan, nan, nan, nan]]",[],"[[0, 0, 0, 0, 0, 0], [1, 1, 1, 0, 0, 0], [0, 0, 0, 0, 0, 0], [1, 0, 1, 0, 0, 0], [0, 0, 0, 0, 0, 0]]","[['', '', '', '', '', ''], ['target_value', 'upper_bound', 'upper_bound', '', '', ''], ['', '', '', '', '', ''], ['target_value', '', 'upper_bound', '', '', ''], ['', '', '', '', '', '']]","[[nan, nan, nan, nan, nan, nan], [0.0, 0.04, 0.00846, nan, nan, nan], [nan, nan, nan, nan, nan, nan], [0.0324, nan, 0.00846, nan, nan, nan], [nan, nan, nan, nan, nan, nan]]","[[0, 0, 0, 0, 0, 0], [1, 1, 1, 0, 0, 0], [0, 0, 0, 0, 0, 0], [1, 0, 1, 0, 0, 0], [0, 0, 0, 0, 0, 0]]",8.025,0.021221653813668213,0.0008746782282165778,0.07156734685935977,493.74032214917264,-1601.4756603079095,-1601.4756603079095,,493.74032214917264,,
cluster,S5SphereInspect,0,8,"[[nan, nan, nan, nan, nan, nan], [4.0311876125201726e-05, 0.0014032971629778063, 0.008879726236495395, nan, nan, nan], [nan, nan, nan, nan, nan, nan], [0.0041133273359643145, nan, 0.08288691933006723, nan, nan, nan], [nan, nan, nan, nan, nan, nan]]","[[nan, nan, nan, nan, nan, nan], [3.00263368370815e-06, 0.00038380452413475097, 4.5884019849052465e-05, nan, nan, nan], [nan, nan, nan, nan, nan, nan], [0.0003063815529876224, nan, 0.00042829980907932094, nan, nan, nan], [nan, nan, nan, nan, nan, nan]]","['surf_dist', 'normal_err', 'speed', 'ang_speed', 'start_dist', 'goal_dist']","[0.07448508906860322, 0.2735019597134474, 0.005167278655559288, 0.06608722993185281, 0.2420060651636752, 0.17611082692742402]","[[0.02045219957117411, 0.10158489238903948, 0.007639086684378288, 0.04112343753885147, 0.16447107839562072, 0.2889733595429724], [3.00263368370815e-06, 0.03961619547586525, 0.008505884019849053, 0.04112343753885147, 0.16447107839562072, 0.2889733595429724], [0.02045219957117411, 0.10158489238903948, 0.007639086684378288, 0.04112343753885147, 0.16447107839562072, 0.2889733595429724], [0.032093618447012376, 0.10158489238903948, 0.00803170019092068, 0.04112343753885147, 0.16447107839562072, 0.2889733595429724], [0.02045219957117411, 0.10158489238903948, 0.007639086684378288, 0.04112343753885147, 0.16447107839562072, 0.2889733595429724]]","[['', '', '', '', '', ''], ['target_value', 'upper_bound', 'upper_bound', '', '', ''], ['', '', '', '', '', ''], ['target_value', '', 'upper_bound', '', '', ''], ['', '', '', '', '', '']]","[[nan, nan, nan, nan, nan, nan], [3.00263368370815e-06, 0.03961619547586525, 0.008505884019849053, nan, nan, nan], [nan, nan, nan, nan, nan, nan], [0.032093618447012376, nan, 0.00803170019092068, nan, nan, nan], [nan, nan, nan, nan, nan, nan]]",[],"[[0, 0, 0, 0, 0, 0], [1, 1, 1, 0, 0, 0], [0, 0, 0, 0, 0, 0], [1, 0, 1, 0, 0, 0], [0, 0, 0, 0, 0, 0]]","[['', '', '', '', '', ''], ['target_value', 'upper_bound', 'upper_bound', '', '', ''], ['', '', '', '', '', ''], ['target_value', '', 'upper_bound', '', '', ''], ['', '', '', '', '', '']]","[[nan, nan, nan, nan, nan, nan], [0.0, 0.04, 0.00846, nan, nan, nan], [nan, nan, nan, nan, nan, nan], [0.0324, nan, 0.00846, nan, nan, nan], [nan, nan, nan, nan, nan, nan]]","[[0, 0, 0, 0, 0, 0], [1, 1, 1, 0, 0, 0], [0, 0, 0, 0, 0, 0], [1, 0, 1, 0, 0, 0], [0, 0, 0, 0, 0, 0]]",4.7,0.01946471638832599,0.000233474507946891,0.06809945619123227,502.8576644274041,-1413.238056718352,-1413.238056718352,,502.8576644274041,,
cluster,S5SphereInspect,0,9,"[[nan, nan, nan, nan, nan, nan], [5.25056109324339e-05, 0.0014026457406754985, 0.007698176312114124, nan, nan, nan], [nan, nan, nan, nan, nan, nan], [0.0982235804532514, nan, 0.07364983366426395, nan, nan, nan], [nan, nan, nan, nan, nan, nan]]","[[nan, nan, nan, nan, nan, nan], [3.9108851069037665e-06, 0.00038362635885846874, 3.977862214431943e-05, nan, nan, nan], [nan, nan, nan, nan, nan, nan], [0.007316192138697546, nan, 0.000380569213478843, nan, nan, nan], [nan, nan, nan, nan, nan, nan]]","['surf_dist', 'normal_err', 'speed', 'ang_speed', 'start_dist', 'goal_dist']","[0.07448508906860322, 0.2735019597134474, 0.005167278655559288, 0.06608722993185281, 0.2420060651636752, 0.17611082692742402]","[[0.02045219957117411, 0.10158489238903948, 0.007639086684378288, 0.04112343753885147, 0.16447107839562072, 0.2889733595429724], [3.9108851069037665e-06, 0.03961637364114153, 0.00849977862214432, 0.04112343753885147, 0.16447107839562072, 0.2889733595429724], [0.02045219957117411, 0.10158489238903948, 0.007639086684378288, 0.04112343753885147, 0.16447107839562072, 0.2889733595429724], [0.025083807861302453, 0.10158489238903948, 0.008079430786521158, 0.04112343753885147, 0.16447107839562072, 0.2889733595429724], [0.02045219957117411, 0.10158489238903948, 0.007639086684378288, 0.04112343753885147, 0.16447107839562072, 0.2889733595429724]]","[['', '', '', '', '', ''], ['target_value', 'upper_bound', 'upper_bound', '', '', ''], ['', '', '', '', '', ''], ['target_value', '', 'upper_bound', '', '', ''], ['', '', '', '', '', '']]","[[nan, nan, nan, nan, nan, nan], [3.9108851069037665e-06, 0.03961637364114153, 0.00849977862214432, nan, nan, nan], [nan, nan, nan, nan, nan, nan], [0.025083807861302453, nan, 0.008079430786521158, nan, nan, nan], [nan, nan, nan, nan, nan, nan]]",[],"[[0, 0, 0, 0, 0, 0], [1, 1, 1, 0, 0, 0], [0, 0, 0, 0, 0, 0], [1, 0, 1, 0, 0, 0], [0, 0, 0, 0, 0, 0]]","[['', '', '', '', '', ''], ['target_value', 'upper_bound', 'upper_bound', '', '', ''], ['', '', '', '', '', ''], ['target_value', '', 'upper_bound', '', '', ''], ['', '', '', '', '', '']]","[[nan, nan, nan, nan, nan, nan], [0.0, 0.04, 0.00846, nan, nan, nan], [nan, nan, nan, nan, nan, nan], [0.0324, nan, 0.00846, nan, nan, nan], [nan, nan, nan, nan, nan, nan]]","[[0, 0, 0, 0, 0, 0], [1, 1, 1, 0, 0, 0], [0, 0, 0, 0, 0, 0], [1, 0, 1, 0, 0, 0], [0, 0, 0, 0, 0, 0]]",9.25,0.03620534835624748,0.0016248154436572162,0.07544160619267574,491.07630153664996,-1589.9601948620011,-1589.9601948620011,,491.07630153664996,,
fchmm,S5SphereInspect,0,0,"[[nan, nan, nan, nan, nan, nan], [2.1165067614832534e-05, 0.001433821193127658, 0.036005983703702886, nan, nan, nan], [nan, nan, nan, nan, nan, nan], [0.43496634927193, nan, 0.013857108614481688, nan, nan, nan], [nan, nan, nan, nan, nan, nan]]","[[nan, nan, nan, nan, nan, nan], [1.576481946433811e-06, 0.00039215290619908777, 0.0001860529510645595, nan, nan, nan], [nan, nan, nan, nan, nan, nan], [0.03239850726736489, nan, 7.160354157137797e-05, nan, nan, nan], [nan, nan, nan, nan, nan, nan]]","['surf_dist', 'normal_err', 'speed', 'ang_speed', 'noise', 'start_dist']","[0.07448508906860322, 0.2735019597134474, 0.005167278655559288, 0.06608722993185281, 0.2420060651636752, 0.17611082692742402]","[[0.03463283912513665, 0.3478518535804499, 0.011920913348197034, 0.045407847138315666, -2.7755575615628914e-17, 0.18188038325483805], [1.576481946433811e-06, 0.03960784709380091, 0.00864605295106456, 0.08455829399872969, 0.06754297349139841, 0.18757109589153978], [2.476951561775076e-06, 0.03961406078692148, 0.00850429464564874, 0.06187555468565396, 0.08087736124449837, 0.2140134827362702], [1.492732635114541e-06, 0.039614258293713414, 0.008531603541571378, 0.062103480354123546, 0.170274189282316, 0.19260255858594724], [0.031134016263083125, 0.3369818067104702, 0.009174147867183876, 0.09231830211739439, 0.16122265496434704, 0.20300762704048286]]","[['target_value', 'upper_bound', 'upper_bound', 'upper_bound', 'lower_bound', 'lower_bound'], ['target_value', 'upper_bound', 'upper_bound', 'upper_bound', 'lower_bound', 'lower_bound'], ['target_value', 'upper_bound', 'upper_bound', 'upper_bound', 'lower_bound', 'lower_bound'], ['target_value', 'upper_bound', 'upper_bound', 'upper_bound', 'lower_bound', 'lower_bound'], ['target_value', 'upper_bound', 'upper_bound', 'upper_bound', 'lower_bound', 'lower_bound']]","[[0.03463283912513665, 0.3478518535804499, 0.011920913348197034, 0.045407847138315666, -2.7755575615628914e-17, 0.18188038325483805], [1.576481946433811e-06, 0.03960784709380091, 0.00864605295106456, 0.08455829399872969, 0.06754297349139841, 0.18757109589153978], [2.476951561775076e-06, 0.03961406078692148, 0.00850429464564874, 0.06187555468565396, 0.08087736124449837, 0.2140134827362702], [1.492732635114541e-06, 0.039614258293713414, 0.008531603541571378, 0.062103480354123546, 0.170274189282316, 0.19260255858594724], [0.031134016263083125, 0.3369818067104702, 0.009174147867183876, 0.09231830211739439, 0.16122265496434704, 0.20300762704048286]]",[],"[[1, 1, 1, 1, 1, 1], [1, 1, 1, 1, 1, 1], [1, 1, 1, 1, 1, 1], [1, 1, 1, 1, 1, 1], [1, 1, 1, 1, 1, 1]]","[['', '', '', '', '', ''], ['target_value', 'upper_bound', 'upper_bound', '', '', ''], ['', '', '', '', '', ''], ['target_value', '', 'upper_bound', '', '', ''], ['', '', '', '', '', '']]","[[nan, nan, nan, nan, nan, nan], [0.0, 0.04, 0.00846, nan, nan, nan], [nan, nan, nan, nan, nan, nan], [0.0324, nan, 0.00846, nan, nan, nan], [nan, nan, nan, nan, nan, nan]]","[[0, 0, 0, 0, 0, 0], [1, 1, 1, 0, 0, 0], [0, 0, 0, 0, 0, 0], [1, 0, 1, 0, 0, 0], [0, 0, 0, 0, 0, 0]]",20.325,0.09725688557017141,0.006609978629629268,0.08614164922052875,-278.94663922895705,,,,,-278.94663922895705,
fchmm,S5SphereInspect,0,1,"[[nan, nan, nan, nan, nan, nan], [2.960836121564186e-05, 0.0014146618204666902, 0.015006888729511505, nan, nan, nan], [nan, nan, nan, nan, nan, nan], [0.23277072842522975, nan, 0.3687921811851166, nan, nan, nan], [nan, nan, nan, nan, nan, nan]]","[[nan, nan, nan, nan, nan, nan], [2.205381422322461e-06, 0.0003869127802294328, 7.754477581835804e-05, nan, nan, nan], [nan, nan, nan, nan, nan, nan], [0.01733794843931689, nan, 0.0019056519661750067, nan, nan, nan], [nan, nan, nan, nan, nan, nan]]","['surf_dist', 'normal_err', 'speed', 'ang_speed', 'noise', 'start_dist']","[0.07448508906860322, 0.2735019597134474, 0.005167278655559288, 0.06608722993185281, 0.2420060651636752, 0.17611082692742402]","[[0.03453632881907102, 0.3478518535804499, 0.011920913348197034, 0.045407847138315666, -2.7755575615628914e-17, 0.18188038325483805], [2.205381422322461e-06, 0.03961308721977057, 0.008537544775818359, 0.06364849693381074, 0.07321069716971071, 0.19551222238145555], [1.7441797824299665e-06, 0.039614258293713414, 0.008515099635697848, 0.062103480354123546, 0.1448476187702155, 0.19427902888263832], [0.015062051560683107, 0.2817941723817784, 0.006554348033824994, 0.06057383464810367, 0.20490271406245938, 0.19249439460072348], [0.042897708992743616, 0.35188542658804756, 0.009498206553657492, 0.10086544018686955, 0.15904675148914602, 0.24833939871824876]]","[['target_value', 'upper_bound', 'upper_bound', 'upper_bound', 'lower_bound', 'lower_bound'], ['target_value', 'upper_bound', 'upper_bound', 'upper_bound', 'lower_bound', 'lower_bound'], ['target_value', 'upper_bound', 'upper_bound', 'upper_bound', 'lower_bound', 'lower_bound'], ['target_value', 'upper_bound', 'upper_bound', 'upper_bound', 'lower_bound', 'lower_bound'], ['target_value', 'upper_bound', 'upper_bound', 'upper_bound', 'lower_bound', 'lower_bound']]","[[0.03453632881907102, 0.3478518535804499, 0.011920913348197034, 0.045407847138315666, -2.7755575615628914e-17, 0.18188038325483805], [2.205381422322461e-06, 0.03961308721977057, 0.008537544775818359, 0.06364849693381074, 0.07321069716971071, 0.19551222238145555], [1.7441797824299665e-06, 0.039614258293713414, 0.008515099635697848, 0.062103480354123546, 0.1448476187702155, 0.19427902888263832], [0.015062051560683107, 0.2817941723817784, 0.006554348033824994, 0.06057383464810367, 0.20490271406245938, 0.19249439460072348], [0.042897708992743616, 0.35188542658804756, 0.009498206553657492, 0.10086544018686955, 0.15904675148914602, 0.24833939871824876]]",[],"[[1, 1, 1, 1, 1, 1], [1, 1, 1, 1, 1, 1], [1, 1, 1, 1, 1, 1], [1, 1, 1, 1, 1, 1], [1, 1, 1, 1, 1, 1]]","[['', '', '', '', '', ''], ['target_value', 'upper_bound', 'upper_bound', '', '', ''], ['', '', '', '', '', ''], ['target_value', '', 'upper_bound', '', '', ''], ['', '', '', '', '', '']]","[[nan, nan, nan, nan, nan, nan], [0.0, 0.04, 0.00846, nan, nan, nan], [nan, nan, nan, nan, nan, nan], [0.0324, nan, 0.00846, nan, nan, nan], [nan, nan, nan, nan, nan, nan]]","[[0, 0, 0, 0, 0, 0], [1, 1, 1, 0, 0, 0], [0, 0, 0, 0, 0, 0], [1, 0, 1, 0, 0, 0], [0, 0, 0, 0, 0, 0]]",10.85,0.12360281370430803,0.003942052668592402,0.07827714994439727,-244.80897264128544,,,,,-244.80897264128544,
fchmm,S5SphereInspect,0,2,"[[nan, nan, nan, nan, nan, nan], [2.9329004388768527e-05, 0.0014146618204666902, 0.015006888729511505, nan, nan, nan], [nan, nan, nan, nan, nan, nan], [0.2330084524785529, nan, 0.3687921811851166, nan, nan, nan], [nan, nan, nan, nan, nan, nan]]","[[nan, nan, nan, nan, nan, nan], [2.1845735041908787e-06, 0.0003869127802294328, 7.754477581835804e-05, nan, nan, nan], [nan, nan, nan, nan, nan, nan], [0.017355655336602414, nan, 0.0019056519661750067, nan, nan, nan], [nan, nan, nan, nan, nan, nan]]","['surf_dist', 'normal_err', 'speed', 'ang_speed', 'noise', 'start_dist']","[0.07448508906860322, 0.2735019597134474, 0.005167278655559288, 0.06608722993185281, 0.2420060651636752, 0.17611082692742402]","[[0.034531313077313636, 0.3478518535804499, 0.011920913348197034, 0.045407847138315666, -2.7755575615628914e-17, 0.18188038325483805], [2.1845735041908787e-06, 0.03961308721977057, 0.008537544775818359, 0.06364849693381074, 0.07321069716971071, 0.19551222238145555], [1.7779939619350094e-06, 0.039614258293713414, 0.008515099635697848, 0.062103480354123546, 0.13893268233648196, 0.19737179017683965], [0.015044344663397585, 0.2817941723817784, 0.006554348033824994, 0.06057383464810367, 0.20490271406245938, 0.19249439460072348], [0.04287699031161604, 0.35188542658804756, 0.009498206553657492, 0.10086544018686955, 0.15904675148914602, 0.24813203360019923]]","[['target_value', 'upper_bound', 'upper_bound', 'upper_bound', 'lower_bound', 'lower_bound'], ['target_value', 'upper_bound', 'upper_bound', 'upper_bound', 'lower_bound', 'lower_bound'], ['target_value', 'upper_bound', 'upper_bound', 'upper_bound', 'lower_bound', 'lower_bound'], ['target_value', 'upper_bound', 'upper_bound', 'upper_bound', 'lower_bound', 'lower_bound'], ['target_value', 'upper_bound', 'upper_bound', 'upper_bound', 'lower_bound', 'lower_bound']]","[[0.034531313077313636, 0.3478518535804499, 0.011920913348197034, 0.045407847138315666, -2.7755575615628914e-17, 0.18188038325483805], [2.1845735041908787e-06, 0.03961308721977057, 0.008537544775818359, 0.06364849693381074, 0.07321069716971071, 0.19551222238145555], [1.7779939619350094e-06, 0.039614258293713414, 0.008515099635697848, 0.062103480354123546, 0.13893268233648196, 0.19737179017683965], [0.015044344663397585, 0.2817941723817784, 0.006554348033824994, 0.06057383464810367, 0.20490271406245938, 0.19249439460072348], [0.04287699031161604, 0.35188542658804756, 0.009498206553657492, 0.10086544018686955, 0.15904675148914602, 0.24813203360019923]]",[],"[[1, 1, 1, 1, 1, 1], [1, 1, 1, 1, 1, 1], [1, 1, 1, 1, 1, 1], [1, 1, 1, 1, 1, 1], [1, 1, 1, 1, 1, 1]]","[['', '', '', '', '', ''], ['target_value', 'upper_bound', 'upper_bound', '', '', ''], ['', '', '', '', '', ''], ['target_value', '', 'upper_bound', '', '', ''], ['', '', '', '', '', '']]","[[nan, nan, nan, nan, nan, nan], [0.0, 0.04, 0.00846, nan, nan, nan], [nan, nan, nan, nan, nan, nan], [0.0324, nan, 0.00846, nan, nan, nan], [nan, nan, nan, nan, nan, nan]]","[[0, 0, 0, 0, 0, 0], [1, 1, 1, 0, 0, 0], [0, 0, 0, 0, 0, 0], [1, 0, 1, 0, 0, 0], [0, 0, 0, 0, 0, 0]]",11.125,0.12365030264360728,0.00394558988646588,0.07833389840565881,-248.17558859807056,,,,,-248.17558859807056,
fchmm,S5SphereInspect,0,3,"[[nan, nan, nan, nan, nan, nan], [2.626427976547529e-05, 0.0014121842188899744, 0.014286755618147346, nan, nan, nan], [nan, nan, nan, nan, nan, nan], [1.5241157368266951e-06, nan, 0.03175139181661878, nan, nan, nan], [nan, nan, nan, nan, nan, nan]]","[[nan, nan, nan, nan, nan, nan], [1.9562972176541404e-06, 0.00038623515134281194, 7.382364736284452e-05, nan, nan, nan], [nan, nan, nan, nan, nan, nan], [1.1352389640839622e-07, nan, 0.00016406828921831408, nan, nan, nan], [nan, nan, nan, nan, nan, nan]]","['surf_dist', 'normal_err', 'speed', 'ang_speed', 'noise', 'start_dist']","[0.07448508906860322, 0.2735019597134474, 0.005167278655559288, 0.06608722993185281, 0.2420060651636752, 0.17611082692742402]","[[0.03454384010581897, 0.3478518535804499, 0.011920913348197034, 0.045407847138315666, -2.7755575615628914e-17, 0.18188038325483805], [1.9562972176541404e-06, 0.03961376484865719, 0.008533823647362845, 0.06331553113525111, 0.07604436731824785, 0.19551222238145555], [0.01678156696375278, 0.3229162362979593, 0.0066517653146158, 0.0639151702752087, 0.2026760472062669, 0.19455258875280895], [0.03240011352389641, 0.38974077324298334, 0.008295931710781686, 0.11633807169405994, 0.16122265496434704, 0.24055358015439318], [0.0644169520221203, 0.2367943539351075, 0.009913575141896277, 0.05880848034975323, 0.15849888379870902, 0.2713363917645308]]","[['target_value', 'upper_bound', 'upper_bound', 'upper_bound', 'lower_bound', 'lower_bound'], ['target_value', 'upper_bound', 'upper_bound', 'upper_bound', 'lower_bound', 'lower_bound'], ['target_value', 'upper_bound', 'upper_bound', 'upper_bound', 'lower_bound', 'lower_bound'], ['target_value', 'upper_bound', 'upper_bound', 'upper_bound', 'lower_bound', 'lower_bound'], ['target_value', 'upper_bound', 'upper_bound', 'upper_bound', 'lower_bound', 'lower_bound']]","[[0.03454384010581897, 0.3478518535804499, 0.011920913348197034, 0.045407847138315666, -2.7755575615628914e-17, 0.18188038325483805], [1.9562972176541404e-06, 0.03961376484865719, 0.008533823647362845, 0.06331553113525111, 0.07604436731824785, 0.19551222238145555], [0.01678156696375278, 0.3229162362979593, 0.0066517653146158, 0.0639151702752087, 0.2026760472062669, 0.19455258875280895], [0.03240011352389641, 0.38974077324298334, 0.008295931710781686, 0.11633807169405994, 0.16122265496434704, 0.24055358015439318], [0.0644169520221203, 0.2367943539351075, 0.009913575141896277, 0.05880848034975323, 0.15849888379870902, 0.2713363917645308]]",[],"[[1, 1, 1, 1, 1, 1], [1, 1, 1, 1, 1, 1], [1, 1, 1, 1, 1, 1], [1, 1, 1, 1, 1, 1], [1, 1, 1, 1, 1, 1]]","[['', '', '', '', '', ''], ['target_value', 'upper_bound', 'upper_bound', '', '', ''], ['', '', '', '', '', ''], ['target_value', '', 'upper_bound', '', '', ''], ['', '', '', '', '', '']]","[[nan, nan, nan, nan, nan, nan], [0.0, 0.04, 0.00846, nan, nan, nan], [nan, nan, nan, nan, nan, nan], [0.0324, nan, 0.00846, nan, nan, nan], [nan, nan, nan, nan, nan, nan]]","[[0, 0, 0, 0, 0, 0], [1, 1, 1, 0, 0, 0], [0, 0, 0, 0, 0, 0], [1, 0, 1, 0, 0, 0], [0, 0, 0, 0, 0, 0]]",0.275,0.009495624009831682,0.0001252393818076066,0.0692642132341149,-177.1808454151179,,,,,-177.1808454151179,
fchmm,S5SphereInspect,0,4,"[[nan, nan, nan, nan, nan, nan], [0.009844425019607167, 0.6596720476369162, 0.012317246376887886, nan, nan, nan], [nan, nan, nan, nan, nan, nan], [0.10016170669138712, nan, 0.055928413577644616, nan, nan, nan], [nan, nan, nan, nan, nan, nan]]","[[nan, nan, nan, nan, nan, nan], [0.0007332628744146259, 0.1804215977968792, 6.364664429855775e-05, nan, nan, nan], [nan, nan, nan, nan, nan, nan], [0.0074605536441712805, nan, 0.0002889976977190553, nan, nan, nan], [nan, nan, nan, nan, nan, nan]]","['surf_dist', 'normal_err', 'speed', 'ang_speed', 'noise', 'start_dist']","[0.07448508906860322, 0.2735019597134474, 0.005167278655559288, 0.06608722993185281, 0.2420060651636752, 0.17611082692742402]","[[0.0424283380951475, 0.3600931370281719, 0.011920913348197034, 0.046378051914162645, -2.7755575615628914e-17, 0.1826728797425391], [0.0007332628744146259, 0.2204215977968792, 0.008523646644298558, 0.06267901201349106, 0.07273509485064482, 0.1923180013075027], [0.032400091873024534, 0.38974077324298334, 0.0082959142562081, 0.11633807169405994, 0.16461151913642, 0.2368463664382809], [0.03986055364417128, 0.2575353883799218, 0.008748997697719056, 0.08637376784031554, 0.1576567948711994, 0.25839468081689604], [0.07017612724198706, 0.19517479884232705, 0.009913575141896277, 0.05880848034975323, 0.15969478165873038, 0.27431331522221214]]","[['target_value', 'upper_bound', 'upper_bound', 'upper_bound', 'lower_bound', 'lower_bound'], ['target_value', 'upper_bound', 'upper_bound', 'upper_bound', 'lower_bound', 'lower_bound'], ['target_value', 'upper_bound', 'upper_bound', 'upper_bound', 'lower_bound', 'lower_bound'], ['target_value', 'upper_bound', 'upper_bound', 'upper_bound', 'lower_bound', 'lower_bound'], ['target_value', 'upper_bound', 'upper_bound', 'upper_bound', 'lower_bound', 'lower_bound']]","[[0.0424283380951475, 0.3600931370281719, 0.011920913348197034, 0.046378051914162645, -2.7755575615628914e-17, 0.1826728797425391], [0.0007332628744146259, 0.2204215977968792, 0.008523646644298558, 0.06267901201349106, 0.07273509485064482, 0.1923180013075027], [0.032400091873024534, 0.38974077324298334, 0.0082959142562081, 0.11633807169405994, 0.16461151913642, 0.2368463664382809], [0.03986055364417128, 0.2575353883799218, 0.008748997697719056, 0.08637376784031554, 0.1576567948711994, 0.25839468081689604], [0.07017612724198706, 0.19517479884232705, 0.009913575141896277, 0.05880848034975323, 0.15969478165873038, 0.27431331522221214]]",[],"[[1, 1, 1, 1, 1, 1], [1, 1, 1, 1, 1, 1], [1, 1, 1, 1, 1, 1], [1, 1, 1, 1, 1, 1], [1, 1, 1, 1, 1, 1]]","[['', '', '', '', '', ''], ['target_value', 'upper_bound', 'upper_bound', '', '', ''], ['', '', '', '', '', ''], ['target_value', '', 'upper_bound', '', '', ''], ['', '', '', '', '', '']]","[[nan, nan, nan, nan, nan, nan], [0.0, 0.04, 0.00846, nan, nan, nan], [nan, nan, nan, nan, nan, nan], [0.0324, nan, 0.00846, nan, nan, nan], [nan, nan, nan, nan, nan, nan]]","[[0, 0, 0, 0, 0, 0], [1, 1, 1, 0, 0, 0], [0, 0, 0, 0, 0, 0], [1, 0, 1, 0, 0, 0], [0, 0, 0, 0, 0, 0]]",6.525,0.16758476786048862,0.03779361173149655,0.07308062830916573,-619.8769648506939,,,,,-619.8769648506939,
fchmm,S5SphereInspect,0,5,"[[nan, nan, nan, nan, nan, nan], [0.2340307881761995, 0.5472073633023606, 0.34532461599639275, nan, nan, nan], [nan, nan, nan, nan, nan, nan], [0.10143997440258423, nan, 0.04398130271519863, nan, nan, nan], [nan, nan, nan, nan, nan, nan]]","[[nan, nan, nan, nan, nan, nan], [0.017431804102099633, 0.149662286232824, 0.0017843885174773678, nan, nan, nan], [nan, nan, nan, nan, nan, nan], [0.0075557655284933176, nan, 0.00022726364676393766, nan, nan, nan], [nan, nan, nan, nan, nan, nan]]","['surf_dist', 'normal_err', 'speed', 'ang_speed', 'noise', 'start_dist']","[0.07448508906860322, 0.2735019597134474, 0.005167278655559288, 0.06608722993185281, 0.2420060651636752, 0.17611082692742402]","[[0.055783912257206705, 0.3784042256358275, 0.01241474246805751, 0.045407847138315666, -2.7755575615628914e-17, 0.1886303503285592], [0.017431804102099633, 0.189662286232824, 0.010244388517477368, 0.046378051914162645, 0.031026242817859623, 0.1802523195239185], [1.958597665416978e-06, 0.03961376484865719, 0.008533823647362845, 0.06331553113525111, 0.07604436731824785, 0.19644647878457047], [0.02484423447150668, 0.35188542658804756, 0.008232736353236063, 0.10070989106778774, 0.17030686484855728, 0.19735358163692554], [0.06525578782131315, 0.2367943539351075, 0.009913575141896277, 0.05933069302347419, 0.15849888379870902, 0.27726437872490695]]","[['target_value', 'upper_bound', 'upper_bound', 'upper_bound', 'lower_bound', 'lower_bound'], ['target_value', 'upper_bound', 'upper_bound', 'upper_bound', 'lower_bound', 'lower_bound'], ['target_value', 'upper_bound', 'upper_bound', 'upper_bound', 'lower_bound', 'lower_bound'], ['target_value', 'upper_bound', 'upper_bound', 'upper_bound', 'lower_bound', 'lower_bound'], ['target_value', 'upper_bound', 'upper_bound', 'upper_bound', 'lower_bound', 'lower_bound']]","[[0.055783912257206705, 0.3784042256358275, 0.01241474246805751, 0.045407847138315666, -2.7755575615628914e-17, 0.1886303503285592], [0.017431804102099633, 0.189662286232824, 0.010244388517477368, 0.046378051914162645, 0.031026242817859623, 0.1802523195239185], [1.958597665416978e-06, 0.03961376484865719, 0.008533823647362845, 0.06331553113525111, 0.07604436731824785, 0.19644647878457047], [0.02484423447150668, 0.35188542658804756, 0.008232736353236063, 0.10070989106778774, 0.17030686484855728, 0.19735358163692554], [0.06525578782131315, 0.2367943539351075, 0.009913575141896277, 0.05933069302347419, 0.15849888379870902, 0.27726437872490695]]",[],"[[1, 1, 1, 1, 1, 1], [1, 1, 1, 1, 1, 1], [1, 1, 1, 1, 1, 1], [1, 1, 1, 1, 1, 1], [1, 1, 1, 1, 1, 1]]","[['', '', '', '', '', ''], ['target_value', 'upper_bound', 'upper_bound', '', '', ''], ['', '', '', '', '', ''], ['target_value', '', 'upper_bound', '', '', ''], ['', '', '', '', '', '']]","[[nan, nan, nan, nan, nan, nan], [0.0, 0.04, 0.00846, nan, nan, nan], [nan, nan, nan, nan, nan, nan], [0.0324, nan, 0.00846, nan, nan, nan], [nan, nan, nan, nan, nan, nan]]","[[0, 0, 0, 0, 0, 0], [1, 1, 1, 0, 0, 0], [0, 0, 0, 0, 0, 0], [1, 0, 1, 0, 0, 0], [0, 0, 0, 0, 0, 0]]",14.3,0.25439680891854716,0.03533230160553165,0.07566483742711966,-258.7242453360269,,,,,-258.7242453360269,
fchmm,S5SphereInspect,0,6,"[[nan, nan, nan, nan, nan, nan], [0.010144053056356576, 0.677323346431251, 0.012317246376887886, nan, nan, nan], [nan, nan, nan, nan, nan, nan], [0.1386002880496426, nan, 0.2898154649426097, nan, nan, nan], [nan, nan, nan, nan, nan, nan]]","[[nan, nan, nan, nan, nan, nan], [0.0007555806954193563, 0.18524926260861738, 6.364664429855775e-05, nan, nan, nan], [nan, nan, nan, nan, nan, nan], [0.010323654800311693, nan, 0.0014975572660489381, nan, nan, nan], [nan, nan, nan, nan, nan, nan]]","['surf_dist', 'normal_err', 'speed', 'ang_speed', 'noise', 'start_dist']","[0.07448508906860322, 0.2735019597134474, 0.005167278655559288, 0.06608722993185281, 0.2420060651636752, 0.17611082692742402]","[[0.042379935810085805, 0.3600931370281719, 0.011920913348197034, 0.046378051914162645, -2.7755575615628914e-17, 0.1826728797425391], [0.0007555806954193563, 0.22524926260861738, 0.008523646644298558, 0.06267901201349106, 0.07273509485064482, 0.1923180013075027], [0.03240009066608167, 0.38974077324298334, 0.0082959142562081, 0.11633807169405994, 0.16461151913642, 0.24055358015439318], [0.04272365480031169, 0.25652407624289764, 0.009957557266048939, 0.06216686898486116, 0.1576567948711994, 0.260881699775396], [0.07225598752656344, 0.178029621857162, 0.009913575141896277, 0.05880848034975323, 0.15969478165873038, 0.27726437872490695]]","[['target_value', 'upper_bound', 'upper_bound', 'upper_bound', 'lower_bound', 'lower_bound'], ['target_value', 'upper_bound', 'upper_bound', 'upper_bound', 'lower_bound', 'lower_bound'], ['target_value', 'upper_bound', 'upper_bound', 'upper_bound', 'lower_bound', 'lower_bound'], ['target_value', 'upper_bound', 'upper_bound', 'upper_bound', 'lower_bound', 'lower_bound'], ['target_value', 'upper_bound', 'upper_bound', 'upper_bound', 'lower_bound', 'lower_bound']]","[[0.042379935810085805, 0.3600931370281719, 0.011920913348197034, 0.046378051914162645, -2.7755575615628914e-17, 0.1826728797425391], [0.0007555806954193563, 0.22524926260861738, 0.008523646644298558, 0.06267901201349106, 0.07273509485064482, 0.1923180013075027], [0.03240009066608167, 0.38974077324298334, 0.0082959142562081, 0.11633807169405994, 0.16461151913642, 0.24055358015439318], [0.04272365480031169, 0.25652407624289764, 0.009957557266048939, 0.06216686898486116, 0.1576567948711994, 0.260881699775396], [0.07225598752656344, 0.178029621857162, 0.009913575141896277, 0.05880848034975323, 0.15969478165873038, 0.27726437872490695]]",[],"[[1, 1, 1, 1, 1, 1], [1, 1, 1, 1, 1, 1], [1, 1, 1, 1, 1, 1], [1, 1, 1, 1, 1, 1], [1, 1, 1, 1, 1, 1]]","[['', '', '', '', '', ''], ['target_value', 'upper_bound', 'upper_bound', '', '', ''], ['', '', '', '', '', ''], ['target_value', '', 'upper_bound', '', '', ''], ['', '', '', '', '', '']]","[[nan, nan, nan, nan, nan, nan], [0.0, 0.04, 0.00846, nan, nan, nan], [nan, nan, nan, nan, nan, nan], [0.0324, nan, 0.00846, nan, nan, nan], [nan, nan, nan, nan, nan, nan]]","[[0, 0, 0, 0, 0, 0], [1, 1, 1, 0, 0, 0], [0, 0, 0, 0, 0, 0], [1, 0, 1, 0, 0, 0], [0, 0, 0, 0, 0, 0]]",6.725,0.22564007977134953,0.03957794040293919,0.07337143305399468,-615.8172427586943,,,,,-615.8172427586943,
fchmm,S5SphereInspect,0,7,"[[nan, nan, nan, nan, nan, nan], [0.2333291462271746, 0.5472073633023606, 0.34532461599639275, nan, nan, nan], [nan, nan, nan, nan, nan, nan], [0.10078523100232276, nan, 0.04398130271519863, nan, nan, nan], [nan, nan, nan, nan, nan, nan]]","[[nan, nan, nan, nan, nan, nan], [0.017379542239032247, 0.149662286232824, 0.0017843885174773678, nan, nan, nan], [nan, nan, nan, nan, nan, nan], [0.007506996908007761, nan, 0.00022726364676393766, nan, nan, nan], [nan, nan, nan, nan, nan, nan]]","['surf_dist', 'normal_err', 'speed', 'ang_speed', 'noise', 'start_dist']","[0.07448508906860322, 0.2735019597134474, 0.005167278655559288, 0.06608722993185281, 0.2420060651636752, 0.17611082692742402]","[[0.05573937929552217, 0.3784042256358275, 0.01241474246805751, 0.045407847138315666, -2.7755575615628914e-17, 0.1886303503285592], [0.017379542239032247, 0.189662286232824, 0.010244388517477368, 0.046378051914162645, 0.031026242817859623, 0.1802523195239185], [1.9582187481548274e-06, 0.03961376484865719, 0.008533823647362845, 0.06331553113525111, 0.07604436731824785, 0.19644647878457047], [0.024893003091992237, 0.35188542658804756, 0.008232736353236063, 0.10070989106778774, 0.17035093964868067, 0.19735358163692554], [0.06540183908525421, 0.2367943539351075, 0.009913575141896277, 0.05933069302347419, 0.15849888379870902, 0.2801787370911426]]","[['target_value', 'upper_bound', 'upper_bound', 'upper_bound', 'lower_bound', 'lower_bound'], ['target_value', 'upper_bound', 'upper_bound', 'upper_bound', 'lower_bound', 'lower_bound'], ['target_value', 'upper_bound', 'upper_bound', 'upper_bound', 'lower_bound', 'lower_bound'], ['target_value', 'upper_bound', 'upper_bound', 'upper_bound', 'lower_bound', 'lower_bound'], ['target_value', 'upper_bound', 'upper_bound', 'upper_bound', 'lower_bound', 'lower_bound']]","[[0.05573937929552217, 0.3784042256358275, 0.01241474246805751, 0.045407847138315666, -2.7755575615628914e-17, 0.1886303503285592], [0.017379542239032247, 0.189662286232824, 0.010244388517477368, 0.046378051914162645, 0.031026242817859623, 0.1802523195239185], [1.9582187481548274e-06, 0.03961376484865719, 0.008533823647362845, 0.06331553113525111, 0.07604436731824785, 0.19644647878457047], [0.024893003091992237, 0.35188542658804756, 0.008232736353236063, 0.10070989106778774, 0.17035093964868067, 0.19735358163692554], [0.06540183908525421, 0.2367943539351075, 0.009913575141896277, 0.05933069302347419, 0.15849888379870902, 0.2801787370911426]]",[],"[[1, 1, 1, 1, 1, 1], [1, 1, 1, 1, 1, 1], [1, 1, 1, 1, 1, 1], [1, 1, 1, 1, 1, 1], [1, 1, 1, 1, 1, 1]]","[['', '', '', '', '', ''], ['target_value', 'upper_bound', 'upper_bound', '', '', ''], ['', '', '', '', '', ''], ['target_value', '', 'upper_bound', '', '', ''], ['', '', '', '', '', '']]","[[nan, nan, nan, nan, nan, nan], [0.0, 0.04, 0.00846, nan, nan, nan], [nan, nan, nan, nan, nan, nan], [0.0324, nan, 0.00846, nan, nan, nan], [nan, nan, nan, nan, nan, nan]]","[[0, 0, 0, 0, 0, 0], [1, 1, 1, 0, 0, 0], [0, 0, 0, 0, 0, 0], [1, 0, 1, 0, 0, 0], [0, 0, 0, 0, 0, 0]]",14.325,0.25412553184868986,0.035312095508821056,0.07567854481277142,-259.35072609401044,,,,,-259.35072609401044,
fchmm,S5SphereInspect,0,8,"[[nan, nan, nan, nan, nan, nan], [2.6263167799438277e-05, 0.0014121842188899744, 0.014286755618147346, nan, nan, nan], [nan, nan, nan, nan, nan, nan], [1.5318461944053876e-06, nan, 0.03175139181661878, nan, nan, nan], [nan, nan, nan, nan, nan, nan]]","[[nan, nan, nan, nan, nan, nan], [1.9562143927648323e-06, 0.00038623515134281194, 7.382364736284452e-05, nan, nan, nan], [nan, nan, nan, nan, nan, nan], [1.1409970022968619e-07, nan, 0.00016406828921831408, nan, nan, nan], [nan, nan, nan, nan, nan, nan]]","['surf_dist', 'normal_err', 'speed', 'ang_speed', 'noise', 'start_dist']","[0.07448508906860322, 0.2735019597134474, 0.005167278655559288, 0.06608722993185281, 0.2420060651636752, 0.17611082692742402]","[[0.03452917900719536, 0.3478518535804499, 0.011920913348197034, 0.045407847138315666, -2.7755575615628914e-17, 0.18188038325483805], [1.9562143927648323e-06, 0.03961376484865719, 0.008533823647362845, 0.06331553113525111, 0.07604436731824785, 0.19551222238145555], [0.016771601920484932, 0.3229162362979593, 0.006632214408215794, 0.0639151702752087, 0.2026760472062669, 0.19455258875280895], [0.03240011409970023, 0.38974077324298334, 0.008295931710781686, 0.11633807169405994, 0.16122265496434704, 0.24055358015439318], [0.06439480229517386, 0.2367943539351075, 0.009913575141896277, 0.05880848034975323, 0.15849888379870902, 0.2713363917645308]]","[['target_value', 'upper_bound', 'upper_bound', 'upper_bound', 'lower_bound', 'lower_bound'], ['target_value', 'upper_bound', 'upper_bound', 'upper_bound', 'lower_bound', 'lower_bound'], ['target_value', 'upper_bound', 'upper_bound', 'upper_bound', 'lower_bound', 'lower_bound'], ['target_value', 'upper_bound', 'upper_bound', 'upper_bound', 'lower_bound', 'lower_bound'], ['target_value', 'upper_bound', 'upper_bound', 'upper_bound', 'lower_bound', 'lower_bound']]","[[0.03452917900719536, 0.3478518535804499, 0.011920913348197034, 0.045407847138315666, -2.7755575615628914e-17, 0.18188038325483805], [1.9562143927648323e-06, 0.03961376484865719, 0.008533823647362845, 0.06331553113525111, 0.07604436731824785, 0.19551222238145555], [0.016771601920484932, 0.3229162362979593, 0.006632214408215794, 0.0639151702752087, 0.2026760472062669, 0.19455258875280895], [0.03240011409970023, 0.38974077324298334, 0.008295931710781686, 0.11633807169405994, 0.16122265496434704, 0.24055358015439318], [0.06439480229517386, 0.2367943539351075, 0.009913575141896277, 0.05880848034975323, 0.15849888379870902, 0.2713363917645308]]",[],"[[1, 1, 1, 1, 1, 1], [1, 1, 1, 1, 1, 1], [1, 1, 1, 1, 1, 1], [1, 1, 1, 1, 1, 1], [1, 1, 1, 1, 1, 1]]","[['', '', '', '', '', ''], ['target_value', 'upper_bound', 'upper_bound', '', '', ''], ['', '', '', '', '', ''], ['target_value', '', 'upper_bound', '', '', ''], ['', '', '', '', '', '']]","[[nan, nan, nan, nan, nan, nan], [0.0, 0.04, 0.00846, nan, nan, nan], [nan, nan, nan, nan, nan, nan], [0.0324, nan, 0.00846, nan, nan, nan], [nan, nan, nan, nan, nan, nan]]","[[0, 0, 0, 0, 0, 0], [1, 1, 1, 0, 0, 0], [0, 0, 0, 0, 0, 0], [1, 0, 1, 0, 0, 0], [0, 0, 0, 0, 0, 0]]",0.275,0.009495625333529989,0.000125239480403393,0.0692642132341149,-180.8011829869887,,,,,-180.8011829869887,
fchmm,S5SphereInspect,0,9,"[[nan, nan, nan, nan, nan, nan], [0.37600969054825223, 0.7685674040856261, 0.5320802625358287, nan, nan, nan], [nan, nan, nan, nan, nan, nan], [1.2122147078173217e-06, nan, 0.031754769721073, nan, nan, nan], [nan, nan, nan, nan, nan, nan]]","[[nan, nan, nan, nan, nan, nan], [0.028007115291144503, 0.21020469118929572, 0.00274940698364577, nan, nan, nan], [nan, nan, nan, nan, nan, nan], [9.029192048204404e-08, nan, 0.0001640857437919009, nan, nan, nan], [nan, nan, nan, nan, nan, nan]]","['surf_dist', 'normal_err', 'speed', 'ang_speed', 'noise', 'start_dist']","[0.07448508906860322, 0.2735019597134474, 0.005167278655559288, 0.06608722993185281, 0.2420060651636752, 0.17611082692742402]","[[0.061365497909862426, 0.41083178971554873, 0.012558369114651786, 0.045407847138315666, -2.7755575615628914e-17, 0.1886303503285592], [0.028007115291144503, 0.2502046911892957, 0.01120940698364577, 0.046378051914162645, 0.018828304908930005, 0.18074980125800244], [0.0006475023785542725, 0.22524926260861738, 0.008521332140987258, 0.06331553113525111, 0.07404813895876583, 0.19247971853668983], [0.03240009029192048, 0.38974077324298334, 0.0082959142562081, 0.11633807169405994, 0.16461151913642, 0.24055358015439318], [0.06439195737417022, 0.2367943539351075, 0.009913575141896277, 0.05880848034975323, 0.15849888379870902, 0.2713363917645308]]","[['target_value', 'upper_bound', 'upper_bound', 'upper_bound', 'lower_bound', 'lower_bound'], ['target_value', 'upper_bound', 'upper_bound', 'upper_bound', 'lower_bound', 'lower_bound'], ['target_value', 'upper_bound', 'upper_bound', 'upper_bound', 'lower_bound', 'lower_bound'], ['target_value', 'upper_bound', 'upper_bound', 'upper_bound', 'lower_bound', 'lower_bound'], ['target_value', 'upper_bound', 'upper_bound', 'upper_bound', 'lower_bound', 'lower_bound']]","[[0.061365497909862426, 0.41083178971554873, 0.012558369114651786, 0.045407847138315666, -2.7755575615628914e-17, 0.1886303503285592], [0.028007115291144503, 0.2502046911892957, 0.01120940698364577, 0.046378051914162645, 0.018828304908930005, 0.18074980125800244], [0.0006475023785542725, 0.22524926260861738, 0.008521332140987258, 0.06331553113525111, 0.07404813895876583, 0.19247971853668983], [0.03240009029192048, 0.38974077324298334, 0.0082959142562081, 0.11633807169405994, 0.16461151913642, 0.24055358015439318], [0.06439195737417022, 0.2367943539351075, 0.009913575141896277, 0.05880848034975323, 0.15849888379870902, 0.2713363917645308]]",[],"[[1, 1, 1, 1, 1, 1], [1, 1, 1, 1, 1, 1], [1, 1, 1, 1, 1, 1], [1, 1, 1, 1, 1, 1], [1, 1, 1, 1, 1, 1]]","[['', '', '', '', '', ''], ['target_value', 'upper_bound', 'upper_bound', '', '', ''], ['', '', '', '', '', ''], ['target_value', '', 'upper_bound', '', '', ''], ['', '', '', '', '', '']]","[[nan, nan, nan, nan, nan, nan], [0.0, 0.04, 0.00846, nan, nan, nan], [nan, nan, nan, nan, nan, nan], [0.0324, nan, 0.00846, nan, nan, nan], [nan, nan, nan, nan, nan, nan]]","[[0, 0, 0, 0, 0, 0], [1, 1, 1, 0, 0, 0], [0, 0, 0, 0, 0, 0], [1, 0, 1, 0, 0, 0], [0, 0, 0, 0, 0, 0]]",11.425,0.3416826678210975,0.04822507789995967,0.0724086069265199,-612.180195747954,,,,,-612.180195747954,
swcl,S5SphereInspect,0,0,"[[nan, nan, nan, nan, nan, nan], [2.643222375276591e-05, 0.0014179216250471945, 0.0029111903597279737, nan, nan, nan], [nan, nan, nan, nan, nan, nan], [1.5757399142395875e-06, nan, 0.07993338360541896, nan, nan, nan], [nan, nan, nan, nan, nan, nan]]","[[nan, nan, nan, nan, nan, nan], [1.9688065405060184e-06, 0.0003878043431704836, 1.5042931808092325e-05, nan, nan, nan], [nan, nan, nan, nan, nan, nan], [1.1736912786108888e-07, nan, 0.0004130380669709142, nan, nan, nan], [nan, nan, nan, nan, nan, nan]]","['surf_dist', 'normal_err', 'speed', 'ang_speed', 'start_dist', 'goal_dist']","[0.07448508906860322, 0.2735019597134474, 0.005167278655559288, 0.06608722993185281, 0.2420060651636752, 0.17611082692742402]","[[0.02045219957117411, 0.10158489238903948, 0.007639086684378288, 0.04112343753885147, 0.16447107839562072, 0.2889733595429724], [1.9688065405060184e-06, 0.03961219565682952, 0.008444957068191908, 0.04112343753885147, 0.16447107839562072, 0.2889733595429724], [0.02045219957117411, 0.10158489238903948, 0.007639086684378288, 0.04112343753885147, 0.16447107839562072, 0.2889733595429724], [0.03240011736912786, 0.10158489238903948, 0.008046961933029086, 0.04112343753885147, 0.16447107839562072, 0.2889733595429724], [0.02045219957117411, 0.10158489238903948, 0.007639086684378288, 0.04112343753885147, 0.16447107839562072, 0.2889733595429724]]","[['', '', '', '', '', ''], ['target_value', 'upper_bound', 'upper_bound', '', '', ''], ['', '', '', '', '', ''], ['target_value', '', 'upper_bound', '', '', ''], ['', '', '', '', '', '']]","[[nan, nan, nan, nan, nan, nan], [1.9688065405060184e-06, 0.03961219565682952, 0.008444957068191908, nan, nan, nan], [nan, nan, nan, nan, nan, nan], [0.03240011736912786, nan, 0.008046961933029086, nan, nan, nan], [nan, nan, nan, nan, nan, nan]]",[],"[[0, 0, 0, 0, 0, 0], [1, 1, 1, 0, 0, 0], [0, 0, 0, 0, 0, 0], [1, 0, 1, 0, 0, 0], [0, 0, 0, 0, 0, 0]]","[['', '', '', '', '', ''], ['target_value', 'upper_bound', 'upper_bound', '', '', ''], ['', '', '', '', '', ''], ['target_value', '', 'upper_bound', '', '', ''], ['', '', '', '', '', '']]","[[nan, nan, nan, nan, nan, nan], [0.0, 0.04, 0.00846, nan, nan, nan], [nan, nan, nan, nan, nan, nan], [0.0324, nan, 0.00846, nan, nan, nan], [nan, nan, nan, nan, nan, nan]]","[[0, 0, 0, 0, 0, 0], [1, 1, 1, 0, 0, 0], [0, 0, 0, 0, 0, 0], [1, 0, 1, 0, 0, 0], [0, 0, 0, 0, 0, 0]]",1.025,0.016858100710772227,0.00016359430352357144,0.06444635717494818,-50.996469853495604,,,,,,-50.996469853495604
