{
  "scalar_metrics": {
    "MeanAbsCutpointError": 0.0,
    "MeanStageSubgoalError": 0.07738985814113822,
    "MeanConstraintError": 0.012963332244027466,
    "MeanConstraintErrorRaw": 0.0036404328488039996
  },
  "all_metrics": {
    "MeanAbsCutpointError": 0.0,
    "MeanStageSubgoalError": 0.07738985814113822,
    "MeanConstraintError": 0.012963332244027466,
    "MeanConstraintErrorRaw": 0.0036404328488039996,
    "ConstraintErrorMatrix": [
      [
        NaN,
        NaN,
        NaN,
        NaN
      ],
      [
        0.022982720487064637,
        0.0003723518571666115,
        NaN,
        0.0013286216717964823
      ],
      [
        0.05354374572784895,
        0.0003723518571666674,
        0.011651478164489337,
        0.008991212416222704
      ],
      [
        0.03435571384859348,
        0.0003723518571666674,
        0.00756691008885357,
        0.0010591967079330274
      ]
    ],
    "ConstraintErrorMatrixRaw": [
      [
        NaN,
        NaN,
        NaN,
        NaN
      ],
      [
        0.006882782352131793,
        0.0003696770565963514,
        NaN,
        0.00011956429617508094
      ],
      [
        0.016035088116312886,
        0.00036967705659640693,
        0.0028525606499223907,
        0.0008091302491346
      ],
      [
        0.010288725440710009,
        0.00036967705659640693,
        0.0018525606499225217,
        9.531841274554656e-05
      ]
    ],
    "ConstraintTrueActiveMask": [
      [
        0,
        0,
        0,
        0
      ],
      [
        1,
        1,
        0,
        1
      ],
      [
        1,
        1,
        1,
        1
      ],
      [
        1,
        1,
        1,
        1
      ]
    ],
    "ConstraintPredictedActiveMask": [
      [
        1,
        1,
        1,
        1
      ],
      [
        1,
        1,
        1,
        1
      ],
      [
        1,
        1,
        1,
        1
      ],
      [
        1,
        1,
        1,
        1
      ]
    ],
    "ConstraintTargetMatrix": [
      [
        NaN,
        NaN,
        NaN,
        NaN
      ],
      [
        0.0,
        0.4,
        NaN,
        0.007
      ],
      [
        0.0,
        0.72,
        0.06,
        0.045
      ],
      [
        0.0,
        1.0,
        0.04,
        0.018
      ]
    ],
    "ConstraintSemanticsMatrix": [
      [
        "",
        "",
        "",
        ""
      ],
      [
        "target_value",
        "lower_bound",
        "",
        "target_value"
      ],
      [
        "target_value",
        "lower_bound",
        "upper_bound",
        "target_value"
      ],
      [
        "target_value",
        "lower_bound",
        "upper_bound",
        "target_value"
      ]
    ],
    "ConstraintFeatureNames": [
      "surface_distance",
      "force",
      "orientation_error",
      "speed"
    ],
    "ConstraintFeatureScales": [
      0.2994763981925303,
      0.9928164704464917,
      0.2448239278872144,
      0.08999122828804478
    ],
    "ConstraintLearnedValueMatrix": [
      [
        0.18309834268006464,
        0.006232524865319888,
        0.30531621098662465,
        0.07640753722258263
      ],
      [
        0.006882782352131793,
        0.39963032294340367,
        0.1260605388150779,
        0.006880435703824919
      ],
      [
        0.016035088116312886,
        0.7196303229434036,
        0.05714743935007761,
        0.0458091302491346
      ],
      [
        0.010288725440710009,
        0.9996303229434036,
        0.03814743935007748,
        0.018095318412745545
      ]
    ],
    "ConstraintLearnedValuePerDemo": []
  }
}
