{
  "scalar_metrics": {
    "MeanAbsCutpointError": 0.0,
    "MeanStageSubgoalError": 0.07738985814113822,
    "MeanConstraintError": 0.012999099106267576,
    "MeanConstraintErrorRaw": 0.003649868329843302
  },
  "all_metrics": {
    "MeanAbsCutpointError": 0.0,
    "MeanStageSubgoalError": 0.07738985814113822,
    "MeanConstraintError": 0.012999099106267576,
    "MeanConstraintErrorRaw": 0.003649868329843302,
    "ConstraintErrorMatrix": [
      [
        NaN,
        NaN,
        NaN,
        NaN,
        NaN,
        NaN
      ],
      [
        0.023178227784440866,
        0.0003723518571666115,
        NaN,
        0.0013513262412938507,
        NaN,
        NaN
      ],
      [
        0.05368888816264728,
        0.0003723518571666674,
        0.011651478164489337,
        0.009040071015095484,
        NaN,
        NaN
      ],
      [
        0.03434150511913311,
        0.0003723518571666674,
        0.00756691008885357,
        0.0010546280214898832,
        NaN,
        NaN
      ]
    ],
    "ConstraintErrorMatrixRaw": [
      [
        NaN,
        NaN,
        NaN,
        NaN,
        NaN,
        NaN
      ],
      [
        0.006941332173370382,
        0.0003696770565963514,
        NaN,
        0.0001216075082719004,
        NaN,
        NaN
      ],
      [
        0.016078554849911185,
        0.00036967705659640693,
        0.0028525606499223907,
        0.0008135270944595943,
        NaN,
        NaN
      ],
      [
        0.010284470261588324,
        0.00036967705659640693,
        0.0018525606499225217,
        9.490727104086508e-05,
        NaN,
        NaN
      ]
    ],
    "ConstraintTrueActiveMask": [
      [
        0,
        0,
        0,
        0,
        0,
        0
      ],
      [
        1,
        1,
        0,
        1,
        0,
        0
      ],
      [
        1,
        1,
        1,
        1,
        0,
        0
      ],
      [
        1,
        1,
        1,
        1,
        0,
        0
      ]
    ],
    "ConstraintPredictedActiveMask": [
      [
        1,
        1,
        1,
        1,
        1,
        1
      ],
      [
        1,
        1,
        1,
        1,
        1,
        1
      ],
      [
        1,
        1,
        1,
        1,
        1,
        1
      ],
      [
        1,
        1,
        1,
        1,
        1,
        1
      ]
    ],
    "ConstraintTargetMatrix": [
      [
        NaN,
        NaN,
        NaN,
        NaN,
        NaN,
        NaN
      ],
      [
        0.0,
        0.4,
        NaN,
        0.007,
        NaN,
        NaN
      ],
      [
        0.0,
        0.72,
        0.06,
        0.045,
        NaN,
        NaN
      ],
      [
        0.0,
        1.0,
        0.04,
        0.018,
        NaN,
        NaN
      ]
    ],
    "ConstraintSemanticsMatrix": [
      [
        "",
        "",
        "",
        "",
        "",
        ""
      ],
      [
        "target_value",
        "lower_bound",
        "",
        "target_value",
        "",
        ""
      ],
      [
        "target_value",
        "lower_bound",
        "upper_bound",
        "target_value",
        "",
        ""
      ],
      [
        "target_value",
        "lower_bound",
        "upper_bound",
        "target_value",
        "",
        ""
      ]
    ],
    "ConstraintFeatureNames": [
      "surf dist",
      "force",
      "orient err",
      "speed",
      "noise",
      "start_dist"
    ],
    "ConstraintFeatureScales": [
      0.2994763981925303,
      0.9928164704464917,
      0.2448239278872144,
      0.08999122828804478,
      2.167415134128614,
      2.126581024569993
    ],
    "ConstraintLearnedValueMatrix": [
      [
        0.18442476105699274,
        0.006232524865319888,
        0.30531621098662465,
        0.0765381014589038,
        1.0199864656676636,
        2.2581444507409856
      ],
      [
        0.006941332173370382,
        0.39963032294340367,
        0.1260605388150779,
        0.0068783924917281,
        1.2772622057944958,
        1.5680294401790436
      ],
      [
        0.016078554849911185,
        0.7196303229434036,
        0.05714743935007761,
        0.04581352709445959,
        2.139011953578585,
        1.1774037718105068
      ],
      [
        0.010284470261588324,
        0.9996303229434036,
        0.03814743935007748,
        0.018094907271040864,
        2.4597175383749907,
        0.09865825697517894
      ]
    ],
    "ConstraintLearnedValuePerDemo": []
  },
  "objectives": {
    "ModelObjectiveFinal": 182.89438705236876,
    "TrainingLogLikelihoodFinal": 182.89438705236876
  }
}
