{
  "scalar_metrics": {
    "MeanAbsCutpointError": 6.1,
    "MeanStageSubgoalError": 0.16992691079815866,
    "MeanConstraintError": 0.15347883663778822,
    "MeanConstraintErrorRaw": 0.07917729599547713
  },
  "all_metrics": {
    "MeanAbsCutpointError": 6.1,
    "MeanStageSubgoalError": 0.16992691079815866,
    "MeanConstraintError": 0.15347883663778822,
    "MeanConstraintErrorRaw": 0.07917729599547713,
    "ConstraintErrorMatrix": [
      [
        NaN,
        NaN,
        NaN,
        NaN
      ],
      [
        0.26537827160476485,
        0.39065119117256053,
        NaN,
        0.6026492690058434
      ],
      [
        0.04697234781914048,
        0.3214775702493343,
        0.011710553279880135,
        0.005422905673214136
      ],
      [
        0.0350355219267674,
        0.0003723518571666674,
        0.00756691008885357,
        0.0010303103381449033
      ]
    ],
    "ConstraintErrorMatrixRaw": [
      [
        NaN,
        NaN,
        NaN,
        NaN
      ],
      [
        0.07947452893875402,
        0.38784493679565923,
        NaN,
        0.05423314794472815
      ],
      [
        0.014067109539522948,
        0.3191682266226582,
        0.0028670236517127565,
        0.00048801394242274643
      ],
      [
        0.01049231191542372,
        0.00036967705659640693,
        0.0018525606499225217,
        9.27188928475306e-05
      ]
    ],
    "ConstraintTrueActiveMask": [
      [
        0,
        0,
        0,
        0
      ],
      [
        1,
        1,
        0,
        1
      ],
      [
        1,
        1,
        1,
        1
      ],
      [
        1,
        1,
        1,
        1
      ]
    ],
    "ConstraintPredictedActiveMask": [
      [
        1,
        1,
        1,
        1
      ],
      [
        1,
        1,
        1,
        1
      ],
      [
        1,
        1,
        1,
        1
      ],
      [
        1,
        1,
        1,
        1
      ]
    ],
    "ConstraintTargetMatrix": [
      [
        NaN,
        NaN,
        NaN,
        NaN
      ],
      [
        0.0,
        0.4,
        NaN,
        0.007
      ],
      [
        0.0,
        0.72,
        0.06,
        0.045
      ],
      [
        0.0,
        1.0,
        0.04,
        0.018
      ]
    ],
    "ConstraintSemanticsMatrix": [
      [
        "",
        "",
        "",
        ""
      ],
      [
        "target_value",
        "lower_bound",
        "",
        "target_value"
      ],
      [
        "target_value",
        "lower_bound",
        "upper_bound",
        "target_value"
      ],
      [
        "target_value",
        "lower_bound",
        "upper_bound",
        "target_value"
      ]
    ],
    "ConstraintFeatureNames": [
      "surface_distance",
      "force",
      "orientation_error",
      "speed"
    ],
    "ConstraintFeatureScales": [
      0.2994763981925303,
      0.9928164704464917,
      0.2448239278872144,
      0.08999122828804478
    ],
    "ConstraintLearnedValueMatrix": [
      [
        0.2740721546004291,
        0.006298299378773908,
        0.31929905474779,
        0.09014357513993645
      ],
      [
        0.07947452893875402,
        0.012155063204340788,
        0.22309980211862077,
        0.06123314794472815
      ],
      [
        0.014067109539522948,
        0.40083177337734177,
        0.05713297634828724,
        0.045488013942422745
      ],
      [
        0.01049231191542372,
        0.9996303229434036,
        0.03814743935007748,
        0.01809271889284753
      ]
    ],
    "ConstraintLearnedValuePerDemo": []
  }
}
