{
  "ModelObjectiveFinal": 182.89438705236876,
  "TrainingLogLikelihoodFinal": 182.89438705236876
}
