{
  "scalar_metrics": {
    "MeanAbsCutpointError": 18.566666666666666,
    "MeanStageSubgoalError": 0.4455460287728793,
    "MeanConstraintError": 0.22092039003095967,
    "MeanConstraintErrorRaw": 0.12074531290152657
  },
  "all_metrics": {
    "MeanAbsCutpointError": 18.566666666666666,
    "MeanStageSubgoalError": 0.4455460287728793,
    "MeanConstraintError": 0.22092039003095967,
    "MeanConstraintErrorRaw": 0.12074531290152657,
    "ConstraintErrorMatrix": [
      [
        NaN,
        NaN,
        NaN,
        NaN,
        NaN
      ],
      [
        0.2970270052964697,
        0.3931643526586839,
        NaN,
        NaN,
        NaN
      ],
      [
        0.021373144783143453,
        0.3223153619279592,
        0.12170203616562311,
        0.3571963827998767,
        NaN
      ],
      [
        0.05621441622196626,
        0.2820259416869643,
        0.06943765728581687,
        0.2887476014830933,
        NaN
      ]
    ],
    "ConstraintErrorMatrixRaw": [
      [
        NaN,
        NaN,
        NaN,
        NaN,
        NaN
      ],
      [
        0.08895257771210037,
        0.39034004491197427,
        NaN,
        NaN,
        NaN
      ],
      [
        0.00640075241770327,
        0.31999999999999995,
        0.029795570525939674,
        0.032144541228207535,
        NaN
      ],
      [
        0.016834890896650204,
        0.28,
        0.01699999999999994,
        0.025984751322690427,
        NaN
      ]
    ],
    "ConstraintTrueActiveMask": [
      [
        0,
        0,
        0,
        0,
        0
      ],
      [
        1,
        1,
        0,
        1,
        0
      ],
      [
        1,
        1,
        1,
        1,
        0
      ],
      [
        1,
        1,
        1,
        1,
        0
      ]
    ],
    "ConstraintPredictedActiveMask": [
      [
        0,
        0,
        0,
        0,
        0
      ],
      [
        1,
        1,
        0,
        0,
        0
      ],
      [
        1,
        1,
        1,
        1,
        0
      ],
      [
        1,
        1,
        1,
        1,
        0
      ]
    ],
    "ConstraintTargetMatrix": [
      [
        NaN,
        NaN,
        NaN,
        NaN,
        NaN
      ],
      [
        0.0,
        0.4,
        NaN,
        0.007,
        NaN
      ],
      [
        0.0,
        0.72,
        0.06,
        0.045,
        NaN
      ],
      [
        0.0,
        1.0,
        0.04,
        0.018,
        NaN
      ]
    ],
    "ConstraintSemanticsMatrix": [
      [
        "",
        "",
        "",
        "",
        ""
      ],
      [
        "target_value",
        "lower_bound",
        "",
        "target_value",
        ""
      ],
      [
        "target_value",
        "lower_bound",
        "upper_bound",
        "target_value",
        ""
      ],
      [
        "target_value",
        "lower_bound",
        "upper_bound",
        "target_value",
        ""
      ]
    ],
    "ConstraintFeatureNames": [
      "surface_distance",
      "force",
      "orientation_error",
      "speed",
      "noise_aux"
    ],
    "ConstraintFeatureScales": [
      0.2994763981925303,
      0.9928164704464917,
      0.2448239278872144,
      0.08999122828804478,
      0.8590315177063433
    ]
  }
}
