{
  "ModelObjectiveFinal": 1672.621616841415,
  "SegmentationLogLikelihoodFinal": 1672.621616841415,
  "PosthocObjectiveFinal": -26499999721.86622,
  "PosthocFeatureObjectiveFinal": -26499999721.86622
}
