{
  "scalar_metrics": {
    "MeanAbsCutpointError": 17.699999999999996,
    "MeanStageSubgoalError": 0.35583414298543736,
    "MeanConstraintError": 0.1405746313932306,
    "MeanConstraintErrorRaw": 0.06578129469298495
  },
  "all_metrics": {
    "MeanAbsCutpointError": 17.699999999999996,
    "MeanStageSubgoalError": 0.35583414298543736,
    "MeanConstraintError": 0.1405746313932306,
    "MeanConstraintErrorRaw": 0.06578129469298495,
    "ConstraintErrorMatrix": [
      [
        NaN,
        NaN,
        NaN,
        NaN
      ],
      [
        0.052567622912447494,
        0.3219430100707925,
        NaN,
        0.43106519345874744
      ],
      [
        0.021989436507285902,
        0.28165358982979766,
        0.08925827160157959,
        0.2983834622817034
      ],
      [
        0.040815312950533644,
        0.0003723518571666674,
        0.00756691008885357,
        0.0007057837666284569
      ]
    ],
    "ConstraintErrorMatrixRaw": [
      [
        NaN,
        NaN,
        NaN,
        NaN
      ],
      [
        0.015742762371362906,
        0.31963032294340354,
        NaN,
        0.038792086231576324
      ],
      [
        0.0065853172434853155,
        0.2796303229434036,
        0.02185256064992252,
        0.026851894271569973
      ],
      [
        0.012223222913526753,
        0.00036967705659640693,
        0.0018525606499225217,
        6.351434806465758e-05
      ]
    ],
    "ConstraintTrueActiveMask": [
      [
        0,
        0,
        0,
        0
      ],
      [
        1,
        1,
        0,
        1
      ],
      [
        1,
        1,
        1,
        1
      ],
      [
        1,
        1,
        1,
        1
      ]
    ],
    "ConstraintPredictedActiveMask": [
      [
        1,
        1,
        1,
        1
      ],
      [
        1,
        1,
        1,
        1
      ],
      [
        1,
        1,
        1,
        1
      ],
      [
        1,
        1,
        1,
        1
      ]
    ],
    "ConstraintTargetMatrix": [
      [
        NaN,
        NaN,
        NaN,
        NaN
      ],
      [
        0.0,
        0.4,
        NaN,
        0.007
      ],
      [
        0.0,
        0.72,
        0.06,
        0.045
      ],
      [
        0.0,
        1.0,
        0.04,
        0.018
      ]
    ],
    "ConstraintSemanticsMatrix": [
      [
        "",
        "",
        "",
        ""
      ],
      [
        "target_value",
        "lower_bound",
        "",
        "target_value"
      ],
      [
        "target_value",
        "lower_bound",
        "upper_bound",
        "target_value"
      ],
      [
        "target_value",
        "lower_bound",
        "upper_bound",
        "target_value"
      ]
    ],
    "ConstraintFeatureNames": [
      "surface_distance",
      "force",
      "orientation_error",
      "speed"
    ],
    "ConstraintFeatureScales": [
      0.2994763981925303,
      0.9928164704464917,
      0.2448239278872144,
      0.08999122828804478
    ],
    "ConstraintLearnedValueMatrix": [
      [
        0.1221227857621518,
        0.008422315998656948,
        0.28757682411851315,
        0.06446765751116167
      ],
      [
        0.015742762371362906,
        0.7196303229434036,
        0.05714743935007761,
        0.04579208623157632
      ],
      [
        0.0065853172434853155,
        0.9996303229434036,
        0.03814743935007748,
        0.018148105728430026
      ],
      [
        0.012223222913526753,
        0.9996303229434036,
        0.03814743935007748,
        0.018063514348064656
      ]
    ],
    "ConstraintLearnedValuePerDemo": []
  }
}
