{
  "scalar_metrics": {
    "MeanAbsCutpointError": 3.8666666666666663,
    "MeanStageSubgoalError": 0.12567615336679056,
    "MeanConstraintError": 0.05050585830713728,
    "MeanConstraintErrorRaw": 0.00737678807486812
  },
  "all_metrics": {
    "MeanAbsCutpointError": 3.8666666666666663,
    "MeanStageSubgoalError": 0.12567615336679056,
    "MeanConstraintError": 0.05050585830713728,
    "MeanConstraintErrorRaw": 0.00737678807486812,
    "ConstraintErrorMatrix": [
      [
        NaN,
        NaN,
        NaN,
        NaN,
        NaN,
        NaN
      ],
      [
        0.03893685293442952,
        0.0003723518571666115,
        NaN,
        0.3928306883847939,
        NaN,
        NaN
      ],
      [
        0.05652108387532062,
        0.0003723518571666674,
        0.011651478164489337,
        0.011670283091877145,
        NaN,
        NaN
      ],
      [
        0.034215211227733744,
        0.0003723518571666674,
        0.00756691008885357,
        0.0010548780395123346,
        NaN,
        NaN
      ]
    ],
    "ConstraintErrorMatrixRaw": [
      [
        NaN,
        NaN,
        NaN,
        NaN,
        NaN,
        NaN
      ],
      [
        0.011660668473755208,
        0.0003696770565963514,
        NaN,
        0.035351316156985765,
        NaN,
        NaN
      ],
      [
        0.01692673062091892,
        0.00036967705659640693,
        0.0028525606499223907,
        0.0010502231099072251,
        NaN,
        NaN
      ],
      [
        0.010246648221878325,
        0.00036967705659640693,
        0.0018525606499225217,
        9.492977046979961e-05,
        NaN,
        NaN
      ]
    ],
    "ConstraintTrueActiveMask": [
      [
        0,
        0,
        0,
        0,
        0,
        0
      ],
      [
        1,
        1,
        0,
        1,
        0,
        0
      ],
      [
        1,
        1,
        1,
        1,
        0,
        0
      ],
      [
        1,
        1,
        1,
        1,
        0,
        0
      ]
    ],
    "ConstraintPredictedActiveMask": [
      [
        1,
        1,
        1,
        1,
        1,
        1
      ],
      [
        1,
        1,
        1,
        1,
        1,
        1
      ],
      [
        1,
        1,
        1,
        1,
        1,
        1
      ],
      [
        1,
        1,
        1,
        1,
        1,
        1
      ]
    ],
    "ConstraintTargetMatrix": [
      [
        NaN,
        NaN,
        NaN,
        NaN,
        NaN,
        NaN
      ],
      [
        0.0,
        0.4,
        NaN,
        0.007,
        NaN,
        NaN
      ],
      [
        0.0,
        0.72,
        0.06,
        0.045,
        NaN,
        NaN
      ],
      [
        0.0,
        1.0,
        0.04,
        0.018,
        NaN,
        NaN
      ]
    ],
    "ConstraintSemanticsMatrix": [
      [
        "",
        "",
        "",
        "",
        "",
        ""
      ],
      [
        "target_value",
        "lower_bound",
        "",
        "target_value",
        "",
        ""
      ],
      [
        "target_value",
        "lower_bound",
        "upper_bound",
        "target_value",
        "",
        ""
      ],
      [
        "target_value",
        "lower_bound",
        "upper_bound",
        "target_value",
        "",
        ""
      ]
    ],
    "ConstraintFeatureNames": [
      "surf dist",
      "force",
      "orient err",
      "speed",
      "noise",
      "start_dist"
    ],
    "ConstraintFeatureScales": [
      0.2994763981925303,
      0.9928164704464917,
      0.2448239278872144,
      0.08999122828804478,
      2.167415134128614,
      2.126581024569993
    ],
    "ConstraintLearnedValueMatrix": [
      [
        0.16655088135663554,
        0.004687773508649351,
        0.29953531469382455,
        0.07440500063039066,
        1.0731330275503328,
        2.2577197191860674
      ],
      [
        0.011660668473755208,
        0.39963032294340367,
        0.06371220285926975,
        0.042351316156985765,
        1.5368387417965388,
        1.3911716730559522
      ],
      [
        0.01692673062091892,
        0.7196303229434036,
        0.05714743935007761,
        0.04605022310990722,
        2.19552557881145,
        0.7454564478110859
      ],
      [
        0.010246648221878325,
        0.9996303229434036,
        0.03814743935007748,
        0.018094929770469798,
        2.4597175383749907,
        0.09865825697517894
      ]
    ],
    "ConstraintLearnedValuePerDemo": []
  },
  "objectives": {
    "ModelObjectiveFinal": 81.08621976514446,
    "TrainingLogLikelihoodFinal": 81.08621976514446
  }
}
