{
  "scalar_metrics": {
    "MeanAbsCutpointError": 19.933333333333334,
    "MeanStageSubgoalError": 0.36754472846529945,
    "MeanConstraintError": 0.14055780503775955,
    "MeanConstraintErrorRaw": 0.0657862303431722
  },
  "all_metrics": {
    "MeanAbsCutpointError": 19.933333333333334,
    "MeanStageSubgoalError": 0.36754472846529945,
    "MeanConstraintError": 0.14055780503775955,
    "MeanConstraintErrorRaw": 0.0657862303431722,
    "ConstraintErrorMatrix": [
      [
        NaN,
        NaN,
        NaN,
        NaN
      ],
      [
        0.05351459613829682,
        0.3219430100707925,
        NaN,
        0.4312064820745956
      ],
      [
        0.041929824087104044,
        0.28165358982979766,
        0.08925827160157959,
        0.2981523631161003
      ],
      [
        0.020266633018806098,
        0.0003723518571666674,
        0.00756691008885357,
        0.0002718235322620398
      ]
    ],
    "ConstraintErrorMatrixRaw": [
      [
        NaN,
        NaN,
        NaN,
        NaN
      ],
      [
        0.016026358502225023,
        0.31963032294340354,
        NaN,
        0.03880480096765962
      ],
      [
        0.012556992694452318,
        0.2796303229434036,
        0.02185256064992252,
        0.026831097373801006
      ],
      [
        0.006069378259961858,
        0.00036967705659640693,
        0.0018525606499225217,
        2.446173354585593e-05
      ]
    ],
    "ConstraintTrueActiveMask": [
      [
        0,
        0,
        0,
        0
      ],
      [
        1,
        1,
        0,
        1
      ],
      [
        1,
        1,
        1,
        1
      ],
      [
        1,
        1,
        1,
        1
      ]
    ],
    "ConstraintPredictedActiveMask": [
      [
        1,
        1,
        1,
        1
      ],
      [
        1,
        1,
        1,
        1
      ],
      [
        1,
        1,
        1,
        1
      ],
      [
        1,
        1,
        1,
        1
      ]
    ],
    "ConstraintTargetMatrix": [
      [
        NaN,
        NaN,
        NaN,
        NaN
      ],
      [
        0.0,
        0.4,
        NaN,
        0.007
      ],
      [
        0.0,
        0.72,
        0.06,
        0.045
      ],
      [
        0.0,
        1.0,
        0.04,
        0.018
      ]
    ],
    "ConstraintSemanticsMatrix": [
      [
        "",
        "",
        "",
        ""
      ],
      [
        "target_value",
        "lower_bound",
        "",
        "target_value"
      ],
      [
        "target_value",
        "lower_bound",
        "upper_bound",
        "target_value"
      ],
      [
        "target_value",
        "lower_bound",
        "upper_bound",
        "target_value"
      ]
    ],
    "ConstraintFeatureNames": [
      "surface_distance",
      "force",
      "orientation_error",
      "speed"
    ],
    "ConstraintFeatureScales": [
      0.2994763981925303,
      0.9928164704464917,
      0.2448239278872144,
      0.08999122828804478
    ],
    "ConstraintLearnedValueMatrix": [
      [
        0.11367842738798194,
        0.008830016272992292,
        0.28533068554089364,
        0.061645133825143875
      ],
      [
        0.016026358502225023,
        0.7196303229434036,
        0.05714743935007761,
        0.04580480096765962
      ],
      [
        0.012556992694452318,
        0.9996303229434036,
        0.03814743935007748,
        0.018168902626198993
      ],
      [
        0.006069378259961858,
        0.9996303229434036,
        0.03814743935007748,
        0.017975538266454143
      ]
    ],
    "ConstraintLearnedValuePerDemo": []
  }
}
