{
  "ModelObjectiveFinal": 81.08621976514446,
  "TrainingLogLikelihoodFinal": 81.08621976514446
}
