{
  "scalar_metrics": {
    "MeanAbsCutpointError": 8.399999999999999,
    "MeanStageSubgoalError": 0.18570569430089376,
    "MeanConstraintError": 0.1439989333512735,
    "MeanConstraintErrorRaw": 0.11164684705409886
  },
  "all_metrics": {
    "MeanAbsCutpointError": 8.399999999999999,
    "MeanStageSubgoalError": 0.18570569430089376,
    "MeanConstraintError": 0.1439989333512735,
    "MeanConstraintErrorRaw": 0.11164684705409886,
    "ConstraintErrorMatrix": [
      [
        NaN,
        NaN,
        NaN,
        NaN,
        NaN,
        NaN,
        NaN
      ],
      [
        0.2922440681418392,
        0.3931643526586839,
        NaN,
        NaN,
        NaN,
        NaN,
        NaN
      ],
      [
        0.05054302293042,
        0.3223153619279592,
        0.027314709718952227,
        0.006740793477898435,
        NaN,
        NaN,
        NaN
      ],
      [
        0.03880699441960566,
        0.2820259416869643,
        0.013829533063977304,
        0.013004555486434873,
        NaN,
        NaN,
        NaN
      ]
    ],
    "ConstraintErrorMatrixRaw": [
      [
        NaN,
        NaN,
        NaN,
        NaN,
        NaN,
        NaN,
        NaN
      ],
      [
        0.0875202009202504,
        0.39034004491197427,
        NaN,
        NaN,
        NaN,
        NaN,
        NaN
      ],
      [
        0.015136442460964648,
        0.31999999999999995,
        0.006687294522492955,
        0.0006066122847121214,
        NaN,
        NaN,
        NaN
      ],
      [
        0.011621778913461125,
        0.28,
        0.003385800605569027,
        0.0011702959215643058,
        NaN,
        NaN,
        NaN
      ]
    ],
    "ConstraintTrueActiveMask": [
      [
        0,
        0,
        0,
        0,
        0,
        0,
        0
      ],
      [
        1,
        1,
        0,
        1,
        0,
        0,
        0
      ],
      [
        1,
        1,
        1,
        1,
        0,
        0,
        0
      ],
      [
        1,
        1,
        1,
        1,
        0,
        0,
        0
      ]
    ],
    "ConstraintPredictedActiveMask": [
      [
        0,
        0,
        0,
        0,
        0,
        0,
        0
      ],
      [
        1,
        1,
        0,
        0,
        0,
        0,
        0
      ],
      [
        1,
        1,
        1,
        1,
        0,
        0,
        0
      ],
      [
        1,
        1,
        1,
        1,
        0,
        0,
        0
      ]
    ],
    "ConstraintTargetMatrix": [
      [
        NaN,
        NaN,
        NaN,
        NaN,
        NaN,
        NaN,
        NaN
      ],
      [
        0.0,
        0.4,
        NaN,
        0.007,
        NaN,
        NaN,
        NaN
      ],
      [
        0.0,
        0.72,
        0.06,
        0.045,
        NaN,
        NaN,
        NaN
      ],
      [
        0.0,
        1.0,
        0.04,
        0.018,
        NaN,
        NaN,
        NaN
      ]
    ],
    "ConstraintSemanticsMatrix": [
      [
        "",
        "",
        "",
        "",
        "",
        "",
        ""
      ],
      [
        "target_value",
        "lower_bound",
        "",
        "target_value",
        "",
        "",
        ""
      ],
      [
        "target_value",
        "lower_bound",
        "upper_bound",
        "target_value",
        "",
        "",
        ""
      ],
      [
        "target_value",
        "lower_bound",
        "upper_bound",
        "target_value",
        "",
        "",
        ""
      ]
    ],
    "ConstraintFeatureNames": [
      "surf dist",
      "force",
      "orient err",
      "speed",
      "noise",
      "start_dist",
      "slot_x_err"
    ],
    "ConstraintFeatureScales": [
      0.2994763981925303,
      0.9928164704464917,
      0.2448239278872144,
      0.08999122828804478,
      0.8590315177063433,
      2.167415134128614,
      2.126581024569993
    ]
  },
  "objectives": {
    "ModelObjectiveFinal": 1400.3191829847658,
    "SegmentationObjectiveFinal": 1400.3191829847658,
    "PosthocObjectiveFinal": -15999999992.685787,
    "PosthocFeatureObjectiveFinal": -15999999992.685787
  }
}
