{
  "ModelObjectiveFinal": 1400.3191829847658,
  "SegmentationObjectiveFinal": 1400.3191829847658,
  "PosthocObjectiveFinal": -15999999992.685787,
  "PosthocFeatureObjectiveFinal": -15999999992.685787
}
