{
  "scalar_metrics": {
    "MeanAbsCutpointError": 1.625,
    "MeanStageSubgoalError": 0.6408955345029361,
    "MeanConstraintError": 0.004688363451682667,
    "MeanConstraintErrorRaw": 0.0020554166073898845
  },
  "all_metrics": {
    "MeanAbsCutpointError": 1.625,
    "MeanStageSubgoalError": 0.6408955345029361,
    "MeanConstraintError": 0.004688363451682667,
    "MeanConstraintErrorRaw": 0.0020554166073898845,
    "ConstraintErrorMatrix": [
      [
        NaN,
        NaN,
        NaN,
        NaN
      ],
      [
        0.001468060440802287,
        0.010687347513941207,
        0.0,
        NaN
      ],
      [
        NaN,
        NaN,
        NaN,
        NaN
      ],
      [
        0.011286409303669843,
        NaN,
        0.0,
        NaN
      ],
      [
        NaN,
        NaN,
        NaN,
        NaN
      ]
    ],
    "ConstraintErrorMatrixRaw": [
      [
        NaN,
        NaN,
        NaN,
        NaN
      ],
      [
        0.0004922992907089724,
        0.005999999999999506,
        0.0,
        NaN
      ],
      [
        NaN,
        NaN,
        NaN,
        NaN
      ],
      [
        0.003784783746240944,
        NaN,
        0.0,
        NaN
      ],
      [
        NaN,
        NaN,
        NaN,
        NaN
      ]
    ],
    "ConstraintTrueActiveMask": [
      [
        0,
        0,
        0,
        0
      ],
      [
        1,
        1,
        1,
        0
      ],
      [
        0,
        0,
        0,
        0
      ],
      [
        1,
        0,
        1,
        0
      ],
      [
        0,
        0,
        0,
        0
      ]
    ],
    "ConstraintPredictedActiveMask": [
      [
        0,
        0,
        0,
        0
      ],
      [
        1,
        1,
        1,
        0
      ],
      [
        0,
        0,
        0,
        0
      ],
      [
        1,
        0,
        1,
        0
      ],
      [
        0,
        0,
        0,
        0
      ]
    ],
    "ConstraintTargetMatrix": [
      [
        NaN,
        NaN,
        NaN,
        NaN
      ],
      [
        0.0,
        0.12,
        0.047,
        NaN
      ],
      [
        NaN,
        NaN,
        NaN,
        NaN
      ],
      [
        0.0868,
        NaN,
        0.047,
        NaN
      ],
      [
        NaN,
        NaN,
        NaN,
        NaN
      ]
    ],
    "ConstraintSemanticsMatrix": [
      [
        "",
        "",
        "",
        ""
      ],
      [
        "target_value",
        "upper_bound",
        "upper_bound",
        ""
      ],
      [
        "",
        "",
        "",
        ""
      ],
      [
        "target_value",
        "",
        "upper_bound",
        ""
      ],
      [
        "",
        "",
        "",
        ""
      ]
    ],
    "ConstraintFeatureNames": [
      "surface_distance",
      "tool_normal_alignment_error",
      "speed",
      "angular_speed"
    ],
    "ConstraintFeatureScales": [
      0.3353399335792561,
      0.5614115188238009,
      0.03885278069884934,
      0.11425152491966827
    ]
  }
}
