{
  "scalar_metrics": {
    "MeanAbsCutpointError": 1.925,
    "MeanStageSubgoalError": 0.6408334621731985,
    "MeanConstraintError": 0.004061450875992207,
    "MeanConstraintErrorRaw": 0.001845187785897845
  },
  "all_metrics": {
    "MeanAbsCutpointError": 1.925,
    "MeanStageSubgoalError": 0.6408334621731985,
    "MeanConstraintError": 0.004061450875992207,
    "MeanConstraintErrorRaw": 0.001845187785897845,
    "ConstraintErrorMatrix": [
      [
        NaN,
        NaN,
        NaN,
        NaN,
        NaN,
        NaN
      ],
      [
        0.001468060440802287,
        0.010687347513941207,
        0.0,
        NaN,
        NaN,
        NaN
      ],
      [
        NaN,
        NaN,
        NaN,
        NaN,
        NaN,
        NaN
      ],
      [
        0.00815184642521754,
        NaN,
        0.0,
        NaN,
        NaN,
        NaN
      ],
      [
        NaN,
        NaN,
        NaN,
        NaN,
        NaN,
        NaN
      ]
    ],
    "ConstraintErrorMatrixRaw": [
      [
        NaN,
        NaN,
        NaN,
        NaN,
        NaN,
        NaN
      ],
      [
        0.0004922992907089724,
        0.005999999999999506,
        0.0,
        NaN,
        NaN,
        NaN
      ],
      [
        NaN,
        NaN,
        NaN,
        NaN,
        NaN,
        NaN
      ],
      [
        0.0027336396387807466,
        NaN,
        0.0,
        NaN,
        NaN,
        NaN
      ],
      [
        NaN,
        NaN,
        NaN,
        NaN,
        NaN,
        NaN
      ]
    ],
    "ConstraintTrueActiveMask": [
      [
        0,
        0,
        0,
        0,
        0,
        0
      ],
      [
        1,
        1,
        1,
        0,
        0,
        0
      ],
      [
        0,
        0,
        0,
        0,
        0,
        0
      ],
      [
        1,
        0,
        1,
        0,
        0,
        0
      ],
      [
        0,
        0,
        0,
        0,
        0,
        0
      ]
    ],
    "ConstraintPredictedActiveMask": [
      [
        0,
        0,
        0,
        0,
        0,
        0
      ],
      [
        1,
        1,
        1,
        0,
        0,
        0
      ],
      [
        0,
        0,
        0,
        0,
        0,
        0
      ],
      [
        1,
        0,
        1,
        0,
        0,
        0
      ],
      [
        0,
        0,
        0,
        0,
        0,
        0
      ]
    ],
    "ConstraintTargetMatrix": [
      [
        NaN,
        NaN,
        NaN,
        NaN,
        NaN,
        NaN
      ],
      [
        0.0,
        0.12,
        0.047,
        NaN,
        NaN,
        NaN
      ],
      [
        NaN,
        NaN,
        NaN,
        NaN,
        NaN,
        NaN
      ],
      [
        0.0868,
        NaN,
        0.047,
        NaN,
        NaN,
        NaN
      ],
      [
        NaN,
        NaN,
        NaN,
        NaN,
        NaN,
        NaN
      ]
    ],
    "ConstraintSemanticsMatrix": [
      [
        "",
        "",
        "",
        "",
        "",
        ""
      ],
      [
        "target_value",
        "upper_bound",
        "upper_bound",
        "",
        "",
        ""
      ],
      [
        "",
        "",
        "",
        "",
        "",
        ""
      ],
      [
        "target_value",
        "",
        "upper_bound",
        "",
        "",
        ""
      ],
      [
        "",
        "",
        "",
        "",
        "",
        ""
      ]
    ],
    "ConstraintFeatureNames": [
      "surf_dist",
      "normal_err",
      "speed",
      "ang_speed",
      "start_dist",
      "goal_dist"
    ],
    "ConstraintFeatureScales": [
      0.3353399335792561,
      0.5614115188238009,
      0.03885278069884934,
      0.11425152491966827,
      2.2016824500314742,
      1.6775786004900848
    ]
  },
  "objectives": {
    "ModelObjectiveFinal": -9.098413099526578,
    "TrainingTotalCostFinal": -9.098413099526578
  }
}
