{
  "scalar_metrics": {
    "MeanStageSubgoalError": NaN,
    "MeanConstraintError": 0.004185517903381754,
    "MeanConstraintErrorRaw": 0.0022089398272268357
  },
  "all_metrics": {
    "MeanStageSubgoalError": NaN,
    "MeanConstraintError": 0.004185517903381754,
    "MeanConstraintErrorRaw": 0.0022089398272268357,
    "ConstraintErrorMatrix": [
      [
        NaN,
        NaN,
        NaN,
        NaN
      ],
      [
        0.0018692061962040536,
        0.010687347513941207,
        0.0,
        NaN
      ],
      [
        NaN,
        NaN,
        NaN,
        NaN
      ]
    ],
    "ConstraintErrorMatrixRaw": [
      [
        NaN,
        NaN,
        NaN,
        NaN
      ],
      [
        0.0006268194816810013,
        0.005999999999999506,
        0.0,
        NaN
      ],
      [
        NaN,
        NaN,
        NaN,
        NaN
      ]
    ],
    "ConstraintTrueActiveMask": [
      [
        0,
        0,
        0,
        0
      ],
      [
        1,
        1,
        1,
        0
      ],
      [
        0,
        0,
        0,
        0
      ]
    ],
    "ConstraintPredictedActiveMask": [
      [
        0,
        0,
        0,
        0
      ],
      [
        1,
        1,
        1,
        0
      ],
      [
        0,
        0,
        0,
        0
      ]
    ],
    "ConstraintTargetMatrix": [
      [
        NaN,
        NaN,
        NaN,
        NaN
      ],
      [
        0.0,
        0.12,
        0.047,
        NaN
      ],
      [
        NaN,
        NaN,
        NaN,
        NaN
      ]
    ],
    "ConstraintSemanticsMatrix": [
      [
        "",
        "",
        "",
        ""
      ],
      [
        "target_value",
        "upper_bound",
        "upper_bound",
        ""
      ],
      [
        "",
        "",
        "",
        ""
      ]
    ],
    "ConstraintFeatureNames": [
      "surface_distance",
      "tool_normal_alignment_error",
      "speed",
      "angular_speed"
    ],
    "ConstraintFeatureScales": [
      0.3353399335792561,
      0.5614115188238009,
      0.03885278069884934,
      0.11425152491966827
    ]
  },
  "objectives": {
    "ModelObjectiveFinal": -19.07078556972591,
    "TrainingTotalCostFinal": -19.07078556972591
  }
}
