{
  "ModelObjectiveFinal": -9.098413099526578,
  "TrainingTotalCostFinal": -9.098413099526578
}
