{
  "ModelObjectiveFinal": -19.07078556972591,
  "TrainingTotalCostFinal": -19.07078556972591
}
