{
  "ModelObjectiveFinal": -1456.356163310045,
  "TrainingLogLikelihoodFinal": -1456.356163310045
}
