{
  "ModelObjectiveFinal": 1399.9972650623015,
  "SegmentationObjectiveFinal": 1399.9972650623015,
  "PosthocObjectiveFinal": -15499999986.427639,
  "PosthocFeatureObjectiveFinal": -15499999986.427639
}
