{
  "scalar_metrics": {
    "MeanAbsCutpointError": 31.7,
    "MeanStageSubgoalError": 0.18842247701238424,
    "MeanConstraintError": 0.013832439869662429,
    "MeanConstraintErrorRaw": 0.0053559253427750315
  },
  "all_metrics": {
    "MeanAbsCutpointError": 31.7,
    "MeanStageSubgoalError": 0.18842247701238424,
    "MeanConstraintError": 0.013832439869662429,
    "MeanConstraintErrorRaw": 0.0053559253427750315,
    "ConstraintErrorMatrix": [
      [
        0.008584310684902228,
        NaN,
        NaN,
        NaN,
        NaN,
        NaN
      ],
      [
        NaN,
        0.04192919190647768,
        NaN,
        NaN,
        NaN,
        NaN
      ],
      [
        NaN,
        0.0042220702034124445,
        0.0005941866838573636,
        NaN,
        NaN,
        NaN
      ]
    ],
    "ConstraintErrorMatrixRaw": [
      [
        0.008674833391005166,
        NaN,
        NaN,
        NaN,
        NaN,
        NaN
      ],
      [
        NaN,
        0.010782887100876062,
        NaN,
        NaN,
        NaN,
        NaN
      ],
      [
        NaN,
        0.001085785446018478,
        0.0008801954332004203,
        NaN,
        NaN,
        NaN
      ]
    ],
    "ConstraintTrueActiveMask": [
      [
        1,
        0,
        0,
        0,
        0,
        0
      ],
      [
        0,
        1,
        0,
        0,
        0,
        0
      ],
      [
        0,
        1,
        1,
        0,
        0,
        0
      ]
    ],
    "ConstraintPredictedActiveMask": [
      [
        1,
        0,
        0,
        0,
        0,
        0
      ],
      [
        0,
        1,
        0,
        0,
        0,
        0
      ],
      [
        0,
        1,
        1,
        0,
        0,
        0
      ]
    ],
    "ConstraintTargetMatrix": [
      [
        0.4,
        NaN,
        NaN,
        NaN,
        NaN,
        NaN
      ],
      [
        NaN,
        0.055,
        NaN,
        NaN,
        NaN,
        NaN
      ],
      [
        NaN,
        0.045,
        0.2,
        NaN,
        NaN,
        NaN
      ]
    ],
    "ConstraintSemanticsMatrix": [
      [
        "lower_bound",
        "",
        "",
        "",
        "",
        ""
      ],
      [
        "",
        "target_value",
        "",
        "",
        "",
        ""
      ],
      [
        "",
        "target_value",
        "target_value",
        "",
        "",
        ""
      ]
    ],
    "ConstraintFeatureNames": [
      "dist_main_obstacle",
      "speed",
      "terminal_arc_distance",
      "heading_angle",
      "decoy_line_distance",
      "noise_aux"
    ],
    "ConstraintFeatureScales": [
      1.0105451339572489,
      0.257168970127712,
      1.4813449326840082,
      6.360162030552389,
      0.678684724801644,
      0.751738493119704
    ]
  }
}
