{
  "ModelObjectiveFinal": 1171.7009639299702,
  "SegmentationLogLikelihoodFinal": 1171.7009639299702,
  "PosthocObjectiveFinal": -5999999898.400636,
  "PosthocFeatureObjectiveFinal": -5999999898.400636
}
