{
  "scalar_metrics": {
    "MeanAbsCutpointError": 19.575,
    "MeanStageSubgoalError": 0.9594380254730369,
    "MeanConstraintError": 0.14527901658079984,
    "MeanConstraintErrorRaw": 0.047344955941133124
  },
  "all_metrics": {
    "MeanAbsCutpointError": 19.575,
    "MeanStageSubgoalError": 0.9594380254730369,
    "MeanConstraintError": 0.14527901658079984,
    "MeanConstraintErrorRaw": 0.047344955941133124,
    "ConstraintErrorMatrix": [
      [
        NaN,
        NaN,
        NaN,
        NaN
      ],
      [
        0.13470543556175993,
        0.29645822011145856,
        0.2486143782519021,
        NaN
      ],
      [
        NaN,
        NaN,
        NaN,
        NaN
      ],
      [
        0.046029132260393624,
        NaN,
        0.0005879167184849565,
        NaN
      ],
      [
        NaN,
        NaN,
        NaN,
        NaN
      ]
    ],
    "ConstraintErrorMatrixRaw": [
      [
        NaN,
        NaN,
        NaN,
        NaN
      ],
      [
        0.04517211181404534,
        0.16643505962057464,
        0.009659359916801932,
        NaN
      ],
      [
        NaN,
        NaN,
        NaN,
        NaN
      ],
      [
        0.015435406154911194,
        NaN,
        2.284219933248316e-05,
        NaN
      ],
      [
        NaN,
        NaN,
        NaN,
        NaN
      ]
    ],
    "ConstraintTrueActiveMask": [
      [
        0,
        0,
        0,
        0
      ],
      [
        1,
        1,
        1,
        0
      ],
      [
        0,
        0,
        0,
        0
      ],
      [
        1,
        0,
        1,
        0
      ],
      [
        0,
        0,
        0,
        0
      ]
    ],
    "ConstraintPredictedActiveMask": [
      [
        1,
        1,
        1,
        1
      ],
      [
        1,
        1,
        1,
        1
      ],
      [
        1,
        1,
        1,
        1
      ],
      [
        1,
        1,
        1,
        1
      ],
      [
        1,
        1,
        1,
        1
      ]
    ],
    "ConstraintTargetMatrix": [
      [
        NaN,
        NaN,
        NaN,
        NaN
      ],
      [
        0.0,
        0.12,
        0.047,
        NaN
      ],
      [
        NaN,
        NaN,
        NaN,
        NaN
      ],
      [
        0.0868,
        NaN,
        0.047,
        NaN
      ],
      [
        NaN,
        NaN,
        NaN,
        NaN
      ]
    ],
    "ConstraintSemanticsMatrix": [
      [
        "",
        "",
        "",
        ""
      ],
      [
        "target_value",
        "upper_bound",
        "upper_bound",
        ""
      ],
      [
        "",
        "",
        "",
        ""
      ],
      [
        "target_value",
        "",
        "upper_bound",
        ""
      ],
      [
        "",
        "",
        "",
        ""
      ]
    ],
    "ConstraintFeatureNames": [
      "surface_distance",
      "tool_normal_alignment_error",
      "speed",
      "angular_speed"
    ],
    "ConstraintFeatureScales": [
      0.3353399335792561,
      0.5614115188238009,
      0.03885278069884934,
      0.11425152491966827
    ],
    "ConstraintLearnedValueMatrix": [
      [
        0.000996691947488193,
        0.11427797541410191,
        0.0657368089684155,
        0.124400447900015
      ],
      [
        0.04517211181404534,
        0.28643505962057464,
        0.03734064008319807,
        0.07501388901488318
      ],
      [
        0.08919233603484553,
        0.3763514773900454,
        0.04694860505150192,
        0.08427332225454948
      ],
      [
        0.1022354061549112,
        0.7087556711018997,
        0.04702284219933248,
        0.08284561752148578
      ],
      [
        0.319025964038965,
        0.7590002199199757,
        0.06359274105446164,
        0.05998152490570201
      ]
    ],
    "ConstraintLearnedValuePerDemo": []
  }
}
