{
  "scalar_metrics": {
    "MeanAbsCutpointError": 5.275,
    "MeanStageSubgoalError": 0.6505536334005785,
    "MeanConstraintError": 0.10135240960788165,
    "MeanConstraintErrorRaw": 0.015205106768414262
  },
  "all_metrics": {
    "MeanAbsCutpointError": 5.275,
    "MeanStageSubgoalError": 0.6505536334005785,
    "MeanConstraintError": 0.10135240960788165,
    "MeanConstraintErrorRaw": 0.015205106768414262,
    "ConstraintErrorMatrix": [
      [
        NaN,
        NaN,
        NaN,
        NaN,
        NaN,
        NaN
      ],
      [
        0.0022600200957896546,
        0.011801404958009572,
        0.001322812616591018,
        NaN,
        NaN,
        NaN
      ],
      [
        NaN,
        NaN,
        NaN,
        NaN,
        NaN,
        NaN
      ],
      [
        0.16695301781406582,
        NaN,
        0.3244247925549522,
        NaN,
        NaN,
        NaN
      ],
      [
        NaN,
        NaN,
        NaN,
        NaN,
        NaN,
        NaN
      ]
    ],
    "ConstraintErrorMatrixRaw": [
      [
        NaN,
        NaN,
        NaN,
        NaN,
        NaN,
        NaN
      ],
      [
        0.0007578749888098868,
        0.006625444681730888,
        5.1394948498081905e-05,
        NaN,
        NaN,
        NaN
      ],
      [
        NaN,
        NaN,
        NaN,
        NaN,
        NaN,
        NaN
      ],
      [
        0.055986013904625195,
        NaN,
        0.012604805318407249,
        NaN,
        NaN,
        NaN
      ],
      [
        NaN,
        NaN,
        NaN,
        NaN,
        NaN,
        NaN
      ]
    ],
    "ConstraintTrueActiveMask": [
      [
        0,
        0,
        0,
        0,
        0,
        0
      ],
      [
        1,
        1,
        1,
        0,
        0,
        0
      ],
      [
        0,
        0,
        0,
        0,
        0,
        0
      ],
      [
        1,
        0,
        1,
        0,
        0,
        0
      ],
      [
        0,
        0,
        0,
        0,
        0,
        0
      ]
    ],
    "ConstraintPredictedActiveMask": [
      [
        1,
        1,
        1,
        1,
        1,
        1
      ],
      [
        1,
        1,
        1,
        1,
        1,
        1
      ],
      [
        1,
        1,
        1,
        1,
        1,
        1
      ],
      [
        1,
        1,
        1,
        1,
        1,
        1
      ],
      [
        1,
        1,
        1,
        1,
        1,
        1
      ]
    ],
    "ConstraintTargetMatrix": [
      [
        NaN,
        NaN,
        NaN,
        NaN,
        NaN,
        NaN
      ],
      [
        0.0,
        0.12,
        0.047,
        NaN,
        NaN,
        NaN
      ],
      [
        NaN,
        NaN,
        NaN,
        NaN,
        NaN,
        NaN
      ],
      [
        0.0868,
        NaN,
        0.047,
        NaN,
        NaN,
        NaN
      ],
      [
        NaN,
        NaN,
        NaN,
        NaN,
        NaN,
        NaN
      ]
    ],
    "ConstraintSemanticsMatrix": [
      [
        "",
        "",
        "",
        "",
        "",
        ""
      ],
      [
        "target_value",
        "upper_bound",
        "upper_bound",
        "",
        "",
        ""
      ],
      [
        "",
        "",
        "",
        "",
        "",
        ""
      ],
      [
        "target_value",
        "",
        "upper_bound",
        "",
        "",
        ""
      ],
      [
        "",
        "",
        "",
        "",
        "",
        ""
      ]
    ],
    "ConstraintFeatureNames": [
      "surf dist",
      "normal err",
      "speed",
      "ang speed",
      "noise",
      "start dist"
    ],
    "ConstraintFeatureScales": [
      0.3353399335792561,
      0.5614115188238009,
      0.03885278069884934,
      0.11425152491966827,
      2.2016824500314742,
      1.6775786004900848
    ],
    "ConstraintLearnedValueMatrix": [
      [
        0.20247361729148483,
        0.2267178409216674,
        0.0814479626024073,
        0.0902908298030261,
        2.220446049250313e-16,
        2.4592094179765924
      ],
      [
        0.0007578749888098868,
        0.11337455531826911,
        0.04694860505150192,
        0.12774335888656677,
        2.220446049250313e-16,
        2.4592094179765924
      ],
      [
        0.07273206371918513,
        0.42536928759167125,
        0.04694860505150192,
        0.08219386882685606,
        2.220446049250313e-16,
        2.4592094179765924
      ],
      [
        0.1427860139046252,
        0.7087694900311393,
        0.05960480531840725,
        0.06799393646906163,
        2.220446049250313e-16,
        2.4592094179765924
      ],
      [
        0.3373586130752434,
        0.7590208123147097,
        0.06379533280355114,
        0.05978470951204866,
        2.220446049250313e-16,
        2.4592094179765924
      ]
    ],
    "ConstraintLearnedValuePerDemo": []
  },
  "objectives": {
    "ModelObjectiveFinal": -549.2328618898778,
    "TrainingLogLikelihoodFinal": -549.2328618898778
  }
}
