{
  "scalar_metrics": {
    "MeanAbsCutpointError": 20.575,
    "MeanStageSubgoalError": 0.959383224406521,
    "MeanConstraintError": 0.18725374409786336,
    "MeanConstraintErrorRaw": 0.056584474498041604
  },
  "all_metrics": {
    "MeanAbsCutpointError": 20.575,
    "MeanStageSubgoalError": 0.959383224406521,
    "MeanConstraintError": 0.18725374409786336,
    "MeanConstraintErrorRaw": 0.056584474498041604,
    "ConstraintErrorMatrix": [
      [
        NaN,
        NaN,
        NaN,
        NaN
      ],
      [
        0.12866412607880348,
        0.2932398319397106,
        0.001322812616591018,
        NaN
      ],
      [
        NaN,
        NaN,
        NaN,
        NaN
      ],
      [
        0.18605673708485188,
        NaN,
        0.32698521276935977,
        NaN
      ],
      [
        NaN,
        NaN,
        NaN,
        NaN
      ]
    ],
    "ConstraintErrorMatrixRaw": [
      [
        NaN,
        NaN,
        NaN,
        NaN
      ],
      [
        0.043146219493299,
        0.16462821942890904,
        5.1394948498081905e-05,
        NaN
      ],
      [
        NaN,
        NaN,
        NaN,
        NaN
      ],
      [
        0.06239225385600734,
        NaN,
        0.012704284763494528,
        NaN
      ],
      [
        NaN,
        NaN,
        NaN,
        NaN
      ]
    ],
    "ConstraintTrueActiveMask": [
      [
        0,
        0,
        0,
        0
      ],
      [
        1,
        1,
        1,
        0
      ],
      [
        0,
        0,
        0,
        0
      ],
      [
        1,
        0,
        1,
        0
      ],
      [
        0,
        0,
        0,
        0
      ]
    ],
    "ConstraintPredictedActiveMask": [
      [
        1,
        1,
        1,
        1
      ],
      [
        1,
        1,
        1,
        1
      ],
      [
        1,
        1,
        1,
        1
      ],
      [
        1,
        1,
        1,
        1
      ],
      [
        1,
        1,
        1,
        1
      ]
    ],
    "ConstraintTargetMatrix": [
      [
        NaN,
        NaN,
        NaN,
        NaN
      ],
      [
        0.0,
        0.12,
        0.047,
        NaN
      ],
      [
        NaN,
        NaN,
        NaN,
        NaN
      ],
      [
        0.0868,
        NaN,
        0.047,
        NaN
      ],
      [
        NaN,
        NaN,
        NaN,
        NaN
      ]
    ],
    "ConstraintSemanticsMatrix": [
      [
        "",
        "",
        "",
        ""
      ],
      [
        "target_value",
        "upper_bound",
        "upper_bound",
        ""
      ],
      [
        "",
        "",
        "",
        ""
      ],
      [
        "target_value",
        "",
        "upper_bound",
        ""
      ],
      [
        "",
        "",
        "",
        ""
      ]
    ],
    "ConstraintFeatureNames": [
      "surface_distance",
      "tool_normal_alignment_error",
      "speed",
      "angular_speed"
    ],
    "ConstraintFeatureScales": [
      0.3353399335792561,
      0.5614115188238009,
      0.03885278069884934,
      0.11425152491966827
    ],
    "ConstraintLearnedValueMatrix": [
      [
        0.0009604864816160907,
        0.11427797541410191,
        0.06719690643870742,
        0.124400447900015
      ],
      [
        0.043146219493299,
        0.28462821942890904,
        0.04694860505150192,
        0.08333299851524593
      ],
      [
        0.08991198344930988,
        0.54359651120799,
        0.04694860505150192,
        0.08330562626868769
      ],
      [
        0.14919225385600735,
        0.7262076927628672,
        0.05970428476349453,
        0.06821345050984765
      ],
      [
        0.3402752806808591,
        0.7590208123147097,
        0.06359274105446164,
        0.05978470951204866
      ]
    ],
    "ConstraintLearnedValuePerDemo": []
  }
}
