{
  "ModelObjectiveFinal": -549.2328618898778,
  "TrainingLogLikelihoodFinal": -549.2328618898778
}
