{
  "scalar_metrics": {
    "MeanAbsCutpointError": 22.03333333333333,
    "MeanStageSubgoalError": 0.5174860398608119,
    "MeanConstraintError": 0.2500871800049714,
    "MeanConstraintErrorRaw": 0.12773542914203484
  },
  "all_metrics": {
    "MeanAbsCutpointError": 22.03333333333333,
    "MeanStageSubgoalError": 0.5174860398608119,
    "MeanConstraintError": 0.2500871800049714,
    "MeanConstraintErrorRaw": 0.12773542914203484,
    "ConstraintErrorMatrix": [
      [
        NaN,
        NaN,
        NaN,
        NaN,
        NaN
      ],
      [
        0.46516700161063856,
        0.3931643526586839,
        NaN,
        NaN,
        NaN
      ],
      [
        0.024546264268266213,
        0.3223153619279592,
        0.17202297401822564,
        0.42126471287776784,
        NaN
      ],
      [
        0.056093768211903566,
        0.2820259416869643,
        0.06943765728581687,
        0.29483376550348717,
        NaN
      ]
    ],
    "ConstraintErrorMatrixRaw": [
      [
        NaN,
        NaN,
        NaN,
        NaN,
        NaN
      ],
      [
        0.13930653820037298,
        0.39034004491197427,
        NaN,
        NaN,
        NaN
      ],
      [
        0.007351026812142371,
        0.31999999999999995,
        0.04211534018598223,
        0.03791012894628084,
        NaN
      ],
      [
        0.01679875966514753,
        0.28,
        0.01699999999999994,
        0.026532452698448176,
        NaN
      ]
    ],
    "ConstraintTrueActiveMask": [
      [
        0,
        0,
        0,
        0,
        0
      ],
      [
        1,
        1,
        0,
        1,
        0
      ],
      [
        1,
        1,
        1,
        1,
        0
      ],
      [
        1,
        1,
        1,
        1,
        0
      ]
    ],
    "ConstraintPredictedActiveMask": [
      [
        0,
        0,
        0,
        0,
        0
      ],
      [
        1,
        1,
        0,
        0,
        0
      ],
      [
        1,
        1,
        1,
        1,
        0
      ],
      [
        1,
        1,
        1,
        1,
        0
      ]
    ],
    "ConstraintTargetMatrix": [
      [
        NaN,
        NaN,
        NaN,
        NaN,
        NaN
      ],
      [
        0.0,
        0.4,
        NaN,
        0.007,
        NaN
      ],
      [
        0.0,
        0.72,
        0.06,
        0.045,
        NaN
      ],
      [
        0.0,
        1.0,
        0.04,
        0.018,
        NaN
      ]
    ],
    "ConstraintSemanticsMatrix": [
      [
        "",
        "",
        "",
        "",
        ""
      ],
      [
        "target_value",
        "lower_bound",
        "",
        "target_value",
        ""
      ],
      [
        "target_value",
        "lower_bound",
        "upper_bound",
        "target_value",
        ""
      ],
      [
        "target_value",
        "lower_bound",
        "upper_bound",
        "target_value",
        ""
      ]
    ],
    "ConstraintFeatureNames": [
      "surface_distance",
      "force",
      "orientation_error",
      "speed",
      "noise_aux"
    ],
    "ConstraintFeatureScales": [
      0.2994763981925303,
      0.9928164704464917,
      0.2448239278872144,
      0.08999122828804478,
      0.8590315177063433
    ]
  }
}
