{
  "ModelObjectiveFinal": 1677.561454364602,
  "SegmentationLogLikelihoodFinal": 1677.561454364602,
  "PosthocObjectiveFinal": -23749999532.137497,
  "PosthocFeatureObjectiveFinal": -23749999532.137497
}
