{
  "scalar_metrics": {
    "MeanAbsCutpointError": 27.45,
    "MeanStageSubgoalError": 0.15684761665361083,
    "MeanConstraintError": 0.01441899845118997,
    "MeanConstraintErrorRaw": 0.007163496388500489
  },
  "all_metrics": {
    "MeanAbsCutpointError": 27.45,
    "MeanStageSubgoalError": 0.15684761665361083,
    "MeanConstraintError": 0.01441899845118997,
    "MeanConstraintErrorRaw": 0.007163496388500489,
    "ConstraintErrorMatrix": [
      [
        0.017542839978736617,
        NaN,
        NaN,
        NaN,
        NaN,
        NaN
      ],
      [
        NaN,
        0.03629776521278246,
        NaN,
        NaN,
        NaN,
        NaN
      ],
      [
        NaN,
        0.003341054335495415,
        0.0004943342777453869,
        NaN,
        NaN,
        NaN
      ]
    ],
    "ConstraintErrorMatrixRaw": [
      [
        0.017727831576302977,
        NaN,
        NaN,
        NaN,
        NaN,
        NaN
      ],
      [
        NaN,
        0.009334658897708757,
        NaN,
        NaN,
        NaN,
        NaN
      ],
      [
        NaN,
        0.0008592155026000831,
        0.000732279577390138,
        NaN,
        NaN,
        NaN
      ]
    ],
    "ConstraintTrueActiveMask": [
      [
        1,
        0,
        0,
        0,
        0,
        0
      ],
      [
        0,
        1,
        0,
        0,
        0,
        0
      ],
      [
        0,
        1,
        1,
        0,
        0,
        0
      ]
    ],
    "ConstraintPredictedActiveMask": [
      [
        1,
        1,
        1,
        1,
        1,
        1
      ],
      [
        1,
        1,
        1,
        1,
        1,
        1
      ],
      [
        1,
        1,
        1,
        1,
        1,
        1
      ]
    ],
    "ConstraintTargetMatrix": [
      [
        0.4,
        NaN,
        NaN,
        NaN,
        NaN,
        NaN
      ],
      [
        NaN,
        0.055,
        NaN,
        NaN,
        NaN,
        NaN
      ],
      [
        NaN,
        0.045,
        0.2,
        NaN,
        NaN,
        NaN
      ]
    ],
    "ConstraintSemanticsMatrix": [
      [
        "lower_bound",
        "",
        "",
        "",
        "",
        ""
      ],
      [
        "",
        "target_value",
        "",
        "",
        "",
        ""
      ],
      [
        "",
        "target_value",
        "target_value",
        "",
        "",
        ""
      ]
    ],
    "ConstraintFeatureNames": [
      "dist_main_obstacle",
      "speed",
      "terminal_arc_distance",
      "heading_angle",
      "decoy_line_distance",
      "noise_aux"
    ],
    "ConstraintFeatureScales": [
      1.0105451339572489,
      0.257168970127712,
      1.4813449326840082,
      6.360162030552389,
      0.678684724801644,
      0.751738493119704
    ],
    "ConstraintLearnedValueMatrix": [
      [
        0.38227216842369705,
        0.22403598816841747,
        0.9140727436235279,
        -0.014031776803947515,
        0.9186987556538355,
        0.09628269942304107
      ],
      [
        0.38227216842369705,
        0.04566534110229124,
        0.1995166325260498,
        -2.1696576097899185,
        0.8685818241168203,
        0.01495507260031979
      ],
      [
        0.38227216842369705,
        0.044140784497399915,
        0.19926772042260987,
        -5.696486906261741,
        0.7304703986801881,
        -0.2077111993994971
      ]
    ],
    "ConstraintLearnedValuePerDemo": []
  }
}
