{
  "ModelObjectiveFinal": -1455.0258400426221,
  "TrainingLogLikelihoodFinal": -1455.0258400426221
}
