{
  "random_stage_ends": {
    "cghmm": {
      "loglik": [
        -310.9071498968709,
        -310.0214155496877,
        -310.8866547402543,
        -1039.7949229519886,
        -1547.4696034365127,
        -59.57626272714242,
        -1547.181241938574,
        126.02871535273576,
        -1547.1010077611413,
        -1708.7942612349539,
        -1547.5872673177637,
        -590.4228011395336
      ],
      "MeanAbsCutpointError": [
        12.75,
        12.75,
        12.75,
        0.325,
        19.15,
        12.8,
        19.15,
        22.125,
        19.15,
        16.525,
        19.15,
        12.575
      ],
      "MeanStageSubgoalError": [
        0.7051452850842331,
        0.7051452850842331,
        0.7051452850842331,
        0.6475854953109121,
        0.9563682834529853,
        0.7975705535071324,
        0.9563682834529853,
        0.9011205675708456,
        0.9563682834529853,
        0.9545020920366548,
        0.9563682834529853,
        0.6802207229867306
      ],
      "MeanConstraintError": [
        0.002579860564941939,
        0.002579860564941939,
        0.002579860564941939,
        0.0005069230676170676,
        0.01608002446090236,
        0.0012363780523918463,
        0.01608002446090236,
        0.004116438445163881,
        0.01608002446090236,
        0.009487173481389864,
        0.01608002446090236,
        0.002840726122152437
      ]
    }
  }
}