{
  "random_stage_ends": {
    "cghmm": {
      "loglik": [
        -144.4844635054517,
        -263.9235614131055,
        -263.87641128045897,
        -299.11628960179667,
        -645.7664792938463,
        -671.7789462312315,
        -263.88844624089876,
        -280.8389404547753,
        -263.8908130541397,
        -297.5636386561669,
        -263.9255598930746,
        -670.6390997748724
      ],
      "MeanAbsCutpointError": [
        0.9,
        4.8,
        4.8,
        8.966666666666667,
        13.0,
        23.56666666666667,
        4.8,
        17.000000000000004,
        4.8,
        8.966666666666667,
        4.8,
        23.733333333333334
      ],
      "MeanStageSubgoalError": [
        0.03696859255982784,
        0.1141723648378488,
        0.1141723648378488,
        0.16818634233751562,
        0.294623212067216,
        0.459690176115117,
        0.1141723648378488,
        0.36817445138151605,
        0.1141723648378488,
        0.16818634233751562,
        0.1141723648378488,
        0.46413760488938455
      ],
      "MeanConstraintError": [
        0.031764090705787444,
        0.045129446029049676,
        0.045129446029049676,
        0.09743946311892697,
        0.03577798570556743,
        0.13646612277034736,
        0.045129446029049676,
        0.12490455464620467,
        0.045129446029049676,
        0.09743946311892697,
        0.045129446029049676,
        0.13719168962411615
      ]
    }
  }
}