{
  "random_taus": {
    "cghmm": {
      "loglik": [
        -625.161923189205,
        -609.7187257578705,
        -582.4942606037552,
        -583.2872728448509,
        -582.5757501840687,
        -594.5649914421159
      ],
      "MAE_tau": [
        18.1,
        6.7,
        1.0,
        1.0,
        1.0,
        1.0
      ],
      "NMAE_tau": [
        0.5828754730623473,
        0.22180822218197077,
        0.032937542990935646,
        0.032937542990935646,
        0.032937542990935646,
        0.032937542990935646
      ],
      "e_g1": [
        1.6914760664198358,
        0.6927343300425731,
        0.10498494089534845,
        0.10498494089534845,
        0.10498494089534845,
        0.10498494089534845
      ],
      "e_g2": [
        0.027880629475089364,
        0.03586557298627757,
        0.021885170546525817,
        0.021885170546525817,
        0.021885170546525817,
        0.021885170546525817
      ],
      "AbsErr_d": [
        0.25886273577097263,
        0.02406334616745276,
        0.024232445795422997,
        0.024232445795422997,
        0.024232445795422997,
        0.024232445795422997
      ],
      "AbsErr_v": [
        0.06761849336977876,
        0.0548133790392578,
        0.026091336078816932,
        0.026091336078816932,
        0.026091336078816932,
        0.026091336078816932
      ]
    }
  }
}