{
  "dataset": "2DObsAvoid",
  "method": "ccp",
  "results": [
    {
      "label": "ratio=0.10",
      "taus": [
        3,
        3,
        3,
        3,
        3,
        3,
        3,
        3,
        3,
        3
      ],
      "mean_tau": 3.0,
      "g1": [
        -1.155805119359045,
        0.0038180056137027962
      ],
      "raw_costs": {
        "constraint": 462.6706927184332,
        "end": 11.995195940140427,
        "progress": 7.666545829559723,
        "duration": 0.0,
        "total": 7.666545829559723
      },
      "weighted_costs": {
        "constraint": 0.0,
        "end": 0.0,
        "progress": 7.666545829559723,
        "total": 7.666545829559723
      }
    },
    {
      "label": "ratio=0.20",
      "taus": [
        6,
        6,
        6,
        6,
        7,
        6,
        6,
        6,
        6,
        6
      ],
      "mean_tau": 6.1,
      "g1": [
        -0.8891205355123567,
        0.01774883137667841
      ],
      "raw_costs": {
        "constraint": 491.58832192025477,
        "end": 22.353376018178135,
        "progress": 8.163987118462524,
        "duration": 0.0,
        "total": 8.163987118462524
      },
      "weighted_costs": {
        "constraint": 0.0,
        "end": 0.0,
        "progress": 8.163987118462524,
        "total": 8.163987118462524
      }
    },
    {
      "label": "ratio=0.30",
      "taus": [
        9,
        10,
        10,
        10,
        10,
        10,
        10,
        10,
        9,
        10
      ],
      "mean_tau": 9.8,
      "g1": [
        -0.5796108949784211,
        0.08138449932970412
      ],
      "raw_costs": {
        "constraint": 490.1214745603902,
        "end": 28.13080992186449,
        "progress": 8.649390833599279,
        "duration": 0.0,
        "total": 8.649390833599279
      },
      "weighted_costs": {
        "constraint": 0.0,
        "end": 0.0,
        "progress": 8.649390833599279,
        "total": 8.649390833599279
      }
    },
    {
      "label": "ratio=0.40",
      "taus": [
        12,
        13,
        13,
        13,
        14,
        13,
        13,
        13,
        12,
        13
      ],
      "mean_tau": 12.9,
      "g1": [
        -0.2431985322946913,
        0.0625649050240217
      ],
      "raw_costs": {
        "constraint": 468.4598493985735,
        "end": 27.806424634520617,
        "progress": 7.920519790475463,
        "duration": 0.0,
        "total": 7.920519790475463
      },
      "weighted_costs": {
        "constraint": 0.0,
        "end": 0.0,
        "progress": 7.920519790475463,
        "total": 7.920519790475463
      }
    },
    {
      "label": "ratio=0.50",
      "taus": [
        16,
        16,
        16,
        16,
        17,
        16,
        16,
        16,
        16,
        16
      ],
      "mean_tau": 16.1,
      "g1": [
        -0.03155502500109311,
        0.012572035513227437
      ],
      "raw_costs": {
        "constraint": 441.2625415179465,
        "end": 21.023079021122754,
        "progress": 6.997685186059816,
        "duration": 0.0,
        "total": 6.997685186059816
      },
      "weighted_costs": {
        "constraint": 0.0,
        "end": 0.0,
        "progress": 6.997685186059816,
        "total": 6.997685186059816
      }
    },
    {
      "label": "ratio=0.60",
      "taus": [
        19,
        19,
        19,
        19,
        20,
        19,
        19,
        19,
        19,
        19
      ],
      "mean_tau": 19.1,
      "g1": [
        0.28679754741903724,
        0.004528752305031856
      ],
      "raw_costs": {
        "constraint": 428.24845300075134,
        "end": 17.059754012098495,
        "progress": 5.279870625637822,
        "duration": 0.0,
        "total": 5.279870625637822
      },
      "weighted_costs": {
        "constraint": 0.0,
        "end": 0.0,
        "progress": 5.279870625637822,
        "total": 5.279870625637822
      }
    },
    {
      "label": "ratio=0.70",
      "taus": [
        22,
        22,
        22,
        22,
        24,
        22,
        22,
        22,
        22,
        22
      ],
      "mean_tau": 22.2,
      "g1": [
        0.46640138315747726,
        0.03408032236536678
      ],
      "raw_costs": {
        "constraint": 305.37135756742566,
        "end": 15.744698267203665,
        "progress": 3.6719975183353886,
        "duration": 0.0,
        "total": 3.6719975183353886
      },
      "weighted_costs": {
        "constraint": 0.0,
        "end": 0.0,
        "progress": 3.6719975183353886,
        "total": 3.6719975183353886
      }
    },
    {
      "label": "ratio=0.80",
      "taus": [
        25,
        26,
        26,
        26,
        27,
        26,
        26,
        26,
        25,
        26
      ],
      "mean_tau": 25.9,
      "g1": [
        0.28263289966813854,
        0.13380241653043318
      ],
      "raw_costs": {
        "constraint": 403.9555248203784,
        "end": 17.544234364842072,
        "progress": 5.19352962399296,
        "duration": 0.0,
        "total": 5.19352962399296
      },
      "weighted_costs": {
        "constraint": 0.0,
        "end": 0.0,
        "progress": 5.19352962399296,
        "total": 5.19352962399296
      }
    },
    {
      "label": "ratio=0.90",
      "taus": [
        28,
        29,
        29,
        29,
        31,
        29,
        29,
        29,
        28,
        29
      ],
      "mean_tau": 29.0,
      "g1": [
        0.13708713116075272,
        0.23342871766483336
      ],
      "raw_costs": {
        "constraint": 476.6199780340592,
        "end": 19.11881153466767,
        "progress": 6.40673136928972,
        "duration": 0.0,
        "total": 6.40673136928972
      },
      "weighted_costs": {
        "constraint": 0.0,
        "end": 0.0,
        "progress": 6.40673136928972,
        "total": 6.40673136928972
      }
    },
    {
      "label": "ground_truth_taus",
      "taus": [
        21,
        21,
        21,
        21,
        22,
        21,
        21,
        21,
        21,
        21
      ],
      "mean_tau": 21.1,
      "g1": [
        0.5189656050344922,
        0.00251782667501998
      ],
      "raw_costs": {
        "constraint": 267.4118193162535,
        "end": 17.4173690548004,
        "progress": 3.356121617106323,
        "duration": 0.0,
        "total": 3.356121617106323
      },
      "weighted_costs": {
        "constraint": 0.0,
        "end": 0.0,
        "progress": 3.356121617106323,
        "total": 3.356121617106323
      }
    }
  ]
}
