{
  "random_taus": {
    "ccp": {
      "loglik": [
        NaN,
        NaN,
        NaN,
        NaN,
        NaN,
        NaN,
        NaN
      ],
      "MAE_tau": [
        18.1,
        18.1,
        0.0,
        0.0,
        1.0,
        1.0,
        1.0
      ],
      "NMAE_tau": [
        0.5486038961038961,
        0.5486038961038961,
        0.0,
        0.0,
        0.030319264069264072,
        0.030319264069264072,
        0.030319264069264072
      ],
      "e_g1": [
        1.769012733098082,
        1.769012733098082,
        0.10972613194448286,
        0.09779352611850155,
        0.019132005265779052,
        0.019132005265779052,
        0.019132005265779052
      ],
      "e_g2": [
        0.02463361569478158,
        0.02463361569478158,
        0.02463361569478158,
        0.02463361569478158,
        0.02463361569478158,
        0.02463361569478158,
        0.02463361569478158
      ],
      "AbsErr_d": [
        0.3804356250441051,
        0.3804356250441051,
        0.016571541528668965,
        0.016773696078416778,
        0.018966411729784527,
        0.018966411729784527,
        0.018966411729784527
      ],
      "AbsErr_v": [
        0.06433326103414108,
        0.06433326103414108,
        0.025388885502540037,
        0.023995376281223224,
        0.0017021184443892293,
        0.0017021184443892293,
        0.0017021184443892293
      ]
    }
  }
}