method,dataset,dataset_seed,method_seed,ConstraintFeatureNames,ConstraintFeatureScales,ConstraintLearnedRawValueMatrix,ConstraintLearnedSemanticsMatrix,ConstraintLearnedValueMatrix,ConstraintLearnedValuePerDemo,ConstraintLearnedValueSource,ConstraintPredictedActiveMask,ConstraintSemanticsMatrix,ConstraintTargetMatrix,ConstraintTrueActiveMask,MeanAbsCutpointError,MeanParameterError,MeanParameterErrorRaw,MeanStageSubgoalError,ParameterErrorMatrix,ParameterErrorMatrixRaw,PredictedConstraintCount,SemanticConstraintF1,SemanticConstraintMatchCount,SemanticConstraintPrecision,SemanticConstraintRecall,TrueConstraintCount,ModelObjectiveFinal,PosthocFeatureObjectiveFinal,PosthocObjectiveFinal,SegmentationGainFinal,SegmentationLogLikelihoodFinal,SegmentationObjectiveFinal,TrainingTotalCostFinal
arhsmm,S3ObsAvoid,1259149,0,"['obs_dist', 'speed', 'arc_dist', 'heading', 'line_dist', 'noise']","[1.0099001918441046, 0.23400965023278456, 1.5296480064975375, 6.3271107859210876, 0.7801270192468435, 0.7509006094170386]","[[1.0476006803161357, 0.04949233299711265, 0.22321151714425871, -1.9233363624021396, 0.9081373989151309, 0.0009495591566612824], [1.4131121408357763, 0.047294931617984, 0.1988151507960922, -1.9233363624021396, 0.9081373989151309, 0.0009495591566612824], [1.0167946875132103, 0.04621356880378438, 0.19955469521255448, -1.9233363624021396, 0.9081373989151309, 0.0009495591566612824]]","[['', 'lower_bound', 'lower_bound', '', '', ''], ['upper_bound', 'target_value', 'target_value', '', '', ''], ['lower_bound', 'target_value', 'target_value', '', '', '']]","[[nan, 0.04949233299711265, 0.22321151714425871, nan, nan, nan], [1.4131121408357763, 0.047294931617984, 0.1988151507960922, nan, nan, nan], [1.0167946875132103, 0.04621356880378438, 0.19955469521255448, nan, nan, nan]]",[],,"[[0, 1, 1, 0, 0, 0], [1, 1, 1, 0, 0, 0], [1, 1, 1, 0, 0, 0]]","[['lower_bound', '', '', '', '', ''], ['', 'target_value', '', '', '', ''], ['', 'target_value', 'target_value', '', '', '']]","[[0.4, nan, nan, nan, nan, nan], [nan, 0.055, nan, nan, nan, nan], [nan, 0.045, 0.2, nan, nan, nan]]","[[1, 0, 0, 0, 0, 0], [0, 1, 0, 0, 0, 0], [0, 1, 1, 0, 0, 0]]",24.15,0.012801126073639459,0.003121313991081972,0.25060912753975745,"[[nan, nan, nan, nan, nan, nan], [nan, 0.03292628476796263, nan, nan, nan, nan], [nan, 0.005185977597834829, 0.00029111585512091456, nan, nan, nan]]","[[nan, nan, nan, nan, nan, nan], [nan, 0.007705068382015998, nan, nan, nan, nan], [nan, 0.0012135688037843845, 0.0004453047874455329, nan, nan, nan]]",8,0.5,3,0.375,0.75,4,1220.7830440895507,-2002.8896378703464,-2002.8896378703464,,1220.7830440895507,,
arhsmm,S3ObsAvoid,1259149,1,"['obs_dist', 'speed', 'arc_dist', 'heading', 'line_dist', 'noise']","[1.0099001918441046, 0.23400965023278456, 1.5296480064975375, 6.3271107859210876, 0.7801270192468435, 0.7509006094170386]","[[1.4081336990238824, 0.0401166017230465, 0.18890985918960362, 0.5486816730328086, 0.9081373989151309, 0.0009495591566612824], [1.021561350058144, 0.04631680155552481, 0.19913359972999836, -1.9233363624021396, 0.9081373989151309, 0.37874447330491856], [1.0219698905031276, 0.045456599769199205, 0.1997904983482811, -1.9233363624021396, 0.9081373989151309, -0.37717509624369633]]","[['upper_bound', 'lower_bound', 'lower_bound', 'upper_bound', '', ''], ['target_value', 'target_value', 'target_value', '', '', 'upper_bound'], ['lower_bound', 'target_value', 'target_value', '', '', 'lower_bound']]","[[1.4081336990238824, 0.0401166017230465, 0.18890985918960362, 0.5486816730328086, nan, nan], [1.021561350058144, 0.04631680155552481, 0.19913359972999836, nan, nan, 0.37874447330491856], [1.0219698905031276, 0.045456599769199205, 0.1997904983482811, nan, nan, -0.37717509624369633]]",[],,"[[1, 1, 1, 1, 0, 0], [1, 1, 1, 0, 0, 1], [1, 1, 1, 0, 0, 1]]","[['lower_bound', '', '', '', '', ''], ['', 'target_value', '', '', '', ''], ['', 'target_value', 'target_value', '', '', '']]","[[0.4, nan, nan, nan, nan, nan], [nan, 0.055, nan, nan, nan, nan], [nan, 0.045, 0.2, nan, nan, nan]]","[[1, 0, 0, 0, 0, 0], [0, 1, 0, 0, 0, 0], [0, 1, 1, 0, 0, 0]]",51.25,0.013064772227018087,0.0031164332884644325,0.19908563096220905,"[[nan, nan, nan, nan, nan, nan], [nan, 0.03710615539076038, nan, nan, nan, nan], [nan, 0.0019512005968343482, 0.00013696069345953753, nan, nan, nan]]","[[nan, nan, nan, nan, nan, nan], [nan, 0.008683198444475189, nan, nan, nan, nan], [nan, 0.0004565997691992063, 0.0002095016517189019, nan, nan, nan]]",12,0.375,3,0.25,0.75,4,842.4145210421864,-4783.577182186167,-4783.577182186167,,842.4145210421864,,
arhsmm,S3ObsAvoid,1259149,2,"['obs_dist', 'speed', 'arc_dist', 'heading', 'line_dist', 'noise']","[1.0099001918441046, 0.23400965023278456, 1.5296480064975375, 6.3271107859210876, 0.7801270192468435, 0.7509006094170386]","[[1.0476006803161357, 0.040036406234020404, 0.18440745989309693, -1.9233363624021396, 0.6527839273867864, 0.0009495591566612824], [1.4138011342883015, 0.046972192522337614, 0.19975970343249838, -1.9233363624021396, 1.0543143880865202, 0.0009495591566612824], [1.0476006803161357, 0.04539050941295321, 0.19970585564218282, -1.9233363624021396, 0.9081373989151309, -0.3779670962604427]]","[['', 'lower_bound', 'lower_bound', '', 'lower_bound', ''], ['upper_bound', 'target_value', 'target_value', '', 'upper_bound', ''], ['', 'target_value', 'target_value', '', '', 'lower_bound']]","[[nan, 0.040036406234020404, 0.18440745989309693, nan, 0.6527839273867864, nan], [1.4138011342883015, 0.046972192522337614, 0.19975970343249838, nan, 1.0543143880865202, nan], [nan, 0.04539050941295321, 0.19970585564218282, nan, nan, -0.3779670962604427]]",[],,"[[0, 1, 1, 0, 1, 0], [1, 1, 1, 0, 1, 0], [0, 1, 1, 0, 0, 1]]","[['lower_bound', '', '', '', '', ''], ['', 'target_value', '', '', '', ''], ['', 'target_value', 'target_value', '', '', '']]","[[0.4, nan, nan, nan, nan, nan], [nan, 0.055, nan, nan, nan, nan], [nan, 0.045, 0.2, nan, nan, nan]]","[[1, 0, 0, 0, 0, 0], [0, 1, 0, 0, 0, 0], [0, 1, 1, 0, 0, 0]]",37.35,0.012055508357768523,0.0029041537494775955,0.29280095016472224,"[[nan, nan, nan, nan, nan, nan], [nan, 0.03430545479503348, nan, nan, nan, nan], [nan, 0.0016687748243063717, 0.00019229545396571093, nan, nan, nan]]","[[nan, nan, nan, nan, nan, nan], [nan, 0.008027807477662387, nan, nan, nan, nan], [nan, 0.0003905094129532105, 0.00029414435781718873, nan, nan, nan]]",10,0.4285714285714285,3,0.3,0.75,4,1125.5583523470254,-2802.8792290395018,-2802.8792290395018,,1125.5583523470254,,
arhsmm,S3ObsAvoid,1259149,3,"['obs_dist', 'speed', 'arc_dist', 'heading', 'line_dist', 'noise']","[1.0099001918441046, 0.23400965023278456, 1.5296480064975375, 6.3271107859210876, 0.7801270192468435, 0.7509006094170386]","[[0.38600856118194093, 0.0871280375624544, 0.44878861607549564, -1.9233363624021396, 0.9081373989151309, 0.0009495591566612824], [1.0476006803161357, 0.048682899046293186, 0.44878861607549564, -1.9233363624021396, 0.9081373989151309, 0.0009495591566612824], [1.0476006803161357, 0.04790411682670808, 0.1772171937575458, -1.9233363624021396, 0.9081373989151309, 0.0009495591566612824]]","[['lower_bound', '', '', '', '', ''], ['', 'lower_bound', '', '', '', ''], ['', 'target_value', 'lower_bound', '', '', '']]","[[0.38600856118194093, nan, nan, nan, nan, nan], [nan, 0.048682899046293186, nan, nan, nan, nan], [nan, 0.04790411682670808, 0.1772171937575458, nan, nan, nan]]",[],,"[[1, 0, 0, 0, 0, 0], [0, 1, 0, 0, 0, 0], [0, 1, 1, 0, 0, 0]]","[['lower_bound', '', '', '', '', ''], ['', 'target_value', '', '', '', ''], ['', 'target_value', 'target_value', '', '', '']]","[[0.4, nan, nan, nan, nan, nan], [nan, 0.055, nan, nan, nan, nan], [nan, 0.045, 0.2, nan, nan, nan]]","[[1, 0, 0, 0, 0, 0], [0, 1, 0, 0, 0, 0], [0, 1, 1, 0, 0, 0]]",7.9,0.01313226133372602,0.008447777822383585,0.21722242823840934,"[[0.013854278800076617, nan, nan, nan, nan, nan], [nan, nan, nan, nan, nan, nan], [nan, 0.012410243867375423, nan, nan, nan, nan]]","[[0.013991438818059088, nan, nan, nan, nan, nan], [nan, nan, nan, nan, nan, nan], [nan, 0.002904116826708082, nan, nan, nan, nan]]",4,0.5,2,0.5,0.5,4,1211.421144217175,-2136.0367641976854,-2136.0367641976854,,1211.421144217175,,
arhsmm,S3ObsAvoid,1259149,4,"['obs_dist', 'speed', 'arc_dist', 'heading', 'line_dist', 'noise']","[1.0099001918441046, 0.23400965023278456, 1.5296480064975375, 6.3271107859210876, 0.7801270192468435, 0.7509006094170386]","[[1.0476006803161357, 0.0435265187078245, 0.18115347572034696, -1.9233363624021396, 0.9081373989151309, 0.0009495591566612824], [1.4127662613196577, 0.04660460115291964, 0.1997615559123554, -1.9233363624021396, 1.0525041386281941, 0.0009495591566612824], [1.0476006803161357, 0.04539050941295321, 0.19970585564218282, -1.9233363624021396, 0.9081373989151309, -0.3779670962604427]]","[['', 'lower_bound', 'lower_bound', '', '', ''], ['upper_bound', 'target_value', 'target_value', '', 'upper_bound', ''], ['', 'target_value', 'target_value', '', '', 'lower_bound']]","[[nan, 0.0435265187078245, 0.18115347572034696, nan, nan, nan], [1.4127662613196577, 0.04660460115291964, 0.1997615559123554, nan, 1.0525041386281941, nan], [nan, 0.04539050941295321, 0.19970585564218282, nan, nan, -0.3779670962604427]]",[],,"[[0, 1, 1, 0, 0, 0], [1, 1, 1, 0, 1, 0], [0, 1, 1, 0, 0, 1]]","[['lower_bound', '', '', '', '', ''], ['', 'target_value', '', '', '', ''], ['', 'target_value', 'target_value', '', '', '']]","[[0.4, nan, nan, nan, nan, nan], [nan, 0.055, nan, nan, nan, nan], [nan, 0.045, 0.2, nan, nan, nan]]","[[1, 0, 0, 0, 0, 0], [0, 1, 0, 0, 0, 0], [0, 1, 1, 0, 0, 0]]",33.55,0.012579121193182658,0.003026684205950254,0.25452334583970654,"[[nan, nan, nan, nan, nan, nan], [nan, 0.03587629330127589, nan, nan, nan, nan], [nan, 0.0016687748243063717, 0.00019229545396571093, nan, nan, nan]]","[[nan, nan, nan, nan, nan, nan], [nan, 0.008395398847080363, nan, nan, nan, nan], [nan, 0.0003905094129532105, 0.00029414435781718873, nan, nan, nan]]",9,0.46153846153846156,3,0.3333333333333333,0.75,4,1180.5294985337566,-2461.7547183402794,-2461.7547183402794,,1180.5294985337566,,
arhsmm,S3ObsAvoid,1259149,5,"['obs_dist', 'speed', 'arc_dist', 'heading', 'line_dist', 'noise']","[1.0099001918441046, 0.23400965023278456, 1.5296480064975375, 6.3271107859210876, 0.7801270192468435, 0.7509006094170386]","[[0.3868418718274622, 0.0871280375624544, 0.44878861607549564, -1.9233363624021396, 0.9081373989151309, 0.0009495591566612824], [1.0476006803161357, 0.055040945987261426, 0.44878861607549564, -1.9233363624021396, 0.9081373989151309, 0.0009495591566612824], [1.0476006803161357, 0.04617470031668227, 0.1997717191497558, -1.9233363624021396, 0.9081373989151309, 0.0009495591566612824]]","[['lower_bound', '', '', '', '', ''], ['', 'target_value', '', '', '', ''], ['', 'target_value', 'target_value', '', '', '']]","[[0.3868418718274622, nan, nan, nan, nan, nan], [nan, 0.055040945987261426, nan, nan, nan, nan], [nan, 0.04617470031668227, 0.1997717191497558, nan, nan, nan]]",[],,"[[1, 0, 0, 0, 0, 0], [0, 1, 0, 0, 0, 0], [0, 1, 1, 0, 0, 0]]","[['lower_bound', '', '', '', '', ''], ['', 'target_value', '', '', '', ''], ['', 'target_value', 'target_value', '', '', '']]","[[0.4, nan, nan, nan, nan, nan], [nan, 0.055, nan, nan, nan, nan], [nan, 0.045, 0.2, nan, nan, nan]]","[[1, 0, 0, 0, 0, 0], [0, 1, 0, 0, 0, 0], [0, 1, 1, 0, 0, 0]]",0.1,0.004593307538977506,0.003650513831681428,0.0747193420799277,"[[0.013029137214550594, nan, nan, nan, nan, nan], [nan, 0.00017497563549492224, nan, nan, nan, nan], [nan, 0.005019879802024066, 0.00014923750384044528, nan, nan, nan]]","[[0.013158128172537809, nan, nan, nan, nan, nan], [nan, 4.0945987261425953e-05, nan, nan, nan, nan], [nan, 0.0011747003166822714, 0.00022828085024420575, nan, nan, nan]]",4,1.0,4,1.0,1.0,4,1402.1038010687212,-1001.3751771750735,-1001.3751771750736,,1402.1038010687212,,
arhsmm,S3ObsAvoid,1259149,6,"['obs_dist', 'speed', 'arc_dist', 'heading', 'line_dist', 'noise']","[1.0099001918441046, 0.23400965023278456, 1.5296480064975375, 6.3271107859210876, 0.7801270192468435, 0.7509006094170386]","[[1.0476006803161357, 0.039730354117604144, 0.1845778251695136, -1.9233363624021396, 0.6533723209072301, 0.0009495591566612824], [1.0201699652363379, 0.04680213074422201, 0.19976747214091847, -1.9233363624021396, 0.9081373989151309, 0.0009495591566612824], [1.1755947537231553, 0.045394863081473426, 0.19959261228996303, -6.098948496357441, 0.6785049600235762, 0.0009495591566612824]]","[['', 'lower_bound', 'lower_bound', '', 'lower_bound', ''], ['lower_bound', 'target_value', 'target_value', '', '', ''], ['target_value', 'target_value', 'target_value', 'target_value', 'target_value', '']]","[[nan, 0.039730354117604144, 0.1845778251695136, nan, 0.6533723209072301, nan], [1.0201699652363379, 0.04680213074422201, 0.19976747214091847, nan, nan, nan], [1.1755947537231553, 0.045394863081473426, 0.19959261228996303, -6.098948496357441, 0.6785049600235762, nan]]",[],,"[[0, 1, 1, 0, 1, 0], [1, 1, 1, 0, 0, 0], [1, 1, 1, 1, 1, 0]]","[['lower_bound', '', '', '', '', ''], ['', 'target_value', '', '', '', ''], ['', 'target_value', 'target_value', '', '', '']]","[[0.4, nan, nan, nan, nan, nan], [nan, 0.055, nan, nan, nan, nan], [nan, 0.045, 0.2, nan, nan, nan]]","[[1, 0, 0, 0, 0, 0], [0, 1, 0, 0, 0, 0], [0, 1, 1, 0, 0, 0]]",41.9,0.012328630595628845,0.003000040015762801,0.2515200931764972,"[[nan, nan, nan, nan, nan, nan], [nan, 0.03503218456000871, nan, nan, nan, nan], [nan, 0.0016873794780712316, 0.0002663277488065935, nan, nan, nan]]","[[nan, nan, nan, nan, nan, nan], [nan, 0.008197869255777993, nan, nan, nan, nan], [nan, 0.00039486308147342747, 0.0004073877100369827, nan, nan, nan]]",11,0.39999999999999997,3,0.2727272727272727,0.75,4,1051.9943067668096,-3207.9843025150003,-3207.9843025150003,,1051.9943067668096,,
arhsmm,S3ObsAvoid,1259149,7,"['obs_dist', 'speed', 'arc_dist', 'heading', 'line_dist', 'noise']","[1.0099001918441046, 0.23400965023278456, 1.5296480064975375, 6.3271107859210876, 0.7801270192468435, 0.7509006094170386]","[[1.0476006803161357, 0.0871280375624544, 0.44878861607549564, -1.9233363624021396, 0.9081373989151309, 0.3783612350067097], [1.4105361857816248, 0.03992992091963117, 0.18509357488871797, 0.5890566529802361, 0.6566120115422407, 0.0009495591566612824], [1.0181749364742594, 0.046553887495591265, 0.1996246230051605, -1.9233363624021396, 0.9081373989151309, 0.0009495591566612824]]","[['', '', '', '', '', 'upper_bound'], ['upper_bound', 'lower_bound', 'lower_bound', 'upper_bound', 'lower_bound', ''], ['lower_bound', 'target_value', 'target_value', '', '', '']]","[[nan, nan, nan, nan, nan, 0.3783612350067097], [1.4105361857816248, 0.03992992091963117, 0.18509357488871797, 0.5890566529802361, 0.6566120115422407, nan], [1.0181749364742594, 0.046553887495591265, 0.1996246230051605, nan, nan, nan]]",[],,"[[0, 0, 0, 0, 0, 1], [1, 1, 1, 1, 1, 0], [1, 1, 1, 0, 0, 0]]","[['lower_bound', '', '', '', '', ''], ['', 'target_value', '', '', '', ''], ['', 'target_value', 'target_value', '', '', '']]","[[0.4, nan, nan, nan, nan, nan], [nan, 0.055, nan, nan, nan, nan], [nan, 0.045, 0.2, nan, nan, nan]]","[[1, 0, 0, 0, 0, 0], [0, 1, 0, 0, 0, 0], [0, 1, 1, 0, 0, 0]]",21.25,0.0034428359521938507,0.0009646322452153827,0.5423532052458085,"[[nan, nan, nan, nan, nan, nan], [nan, nan, nan, nan, nan, nan], [nan, 0.006640271006112413, 0.0002454008982752879, nan, nan, nan]]","[[nan, nan, nan, nan, nan, nan], [nan, nan, nan, nan, nan, nan], [nan, 0.0015538874955912663, 0.00037537699483949916, nan, nan, nan]]",9,0.30769230769230765,2,0.2222222222222222,0.5,4,1019.8708393680811,-3475.4255525099343,-3475.4255525099343,,1019.8708393680811,,
arhsmm,S3ObsAvoid,1259149,8,"['obs_dist', 'speed', 'arc_dist', 'heading', 'line_dist', 'noise']","[1.0099001918441046, 0.23400965023278456, 1.5296480064975375, 6.3271107859210876, 0.7801270192468435, 0.7509006094170386]","[[1.0476006803161357, 0.04949224777504295, 0.17954389722640096, -1.9233363624021396, 0.9081373989151309, 0.0009495591566612824], [1.412302907548169, 0.046328162951108684, 0.1997834957658472, -1.9233363624021396, 0.9081373989151309, 0.0009495591566612824], [1.046932662902081, 0.0453101958515857, 0.19961686654951916, -1.9233363624021396, 0.9081373989151309, -0.37835979343324405]]","[['', 'lower_bound', 'lower_bound', '', '', ''], ['upper_bound', 'target_value', 'target_value', '', '', ''], ['lower_bound', 'target_value', 'target_value', '', '', 'lower_bound']]","[[nan, 0.04949224777504295, 0.17954389722640096, nan, nan, nan], [1.412302907548169, 0.046328162951108684, 0.1997834957658472, nan, nan, nan], [1.046932662902081, 0.0453101958515857, 0.19961686654951916, nan, nan, -0.37835979343324405]]",[],,"[[0, 1, 1, 0, 0, 0], [1, 1, 1, 0, 0, 0], [1, 1, 1, 0, 0, 1]]","[['lower_bound', '', '', '', '', ''], ['', 'target_value', '', '', '', ''], ['', 'target_value', 'target_value', '', '', '']]","[[0.4, nan, nan, nan, nan, nan], [nan, 0.055, nan, nan, nan, nan], [nan, 0.045, 0.2, nan, nan, nan]]","[[1, 0, 0, 0, 0, 0], [0, 1, 0, 0, 0, 0], [0, 1, 1, 0, 0, 0]]",32.55,0.012877881564885398,0.003121722116985958,0.2315822329918317,"[[nan, nan, nan, nan, nan, nan], [nan, 0.03705760442043684, nan, nan, nan, nan], [nan, 0.0013255686305121692, 0.0002504716437071835, nan, nan, nan]]","[[nan, nan, nan, nan, nan, nan], [nan, 0.008671837048891316, nan, nan, nan, nan], [nan, 0.00031019585158570395, 0.0003831334504808548, nan, nan, nan]]",9,0.46153846153846156,3,0.3333333333333333,0.75,4,1206.8110263008825,-2368.9798883906556,-2368.9798883906556,,1206.8110263008825,,
arhsmm,S3ObsAvoid,1259149,9,"['obs_dist', 'speed', 'arc_dist', 'heading', 'line_dist', 'noise']","[1.0099001918441046, 0.23400965023278456, 1.5296480064975375, 6.3271107859210876, 0.7801270192468435, 0.7509006094170386]","[[1.0476006803161357, 0.0871280375624544, 0.44878861607549564, -1.9233363624021396, 0.9081373989151309, 0.0009495591566612824], [0.3868424620758313, 0.0871280375624544, 0.44878861607549564, -1.9233363624021396, 0.9081373989151309, 0.0009495591566612824], [1.0476006803161357, 0.048337490702632165, 0.1795429295217571, -1.9233363624021396, 0.9081373989151309, 0.0009495591566612824]]","[['', '', '', '', '', ''], ['lower_bound', '', '', '', '', ''], ['', 'target_value', 'lower_bound', '', '', '']]","[[nan, nan, nan, nan, nan, nan], [0.3868424620758313, nan, nan, nan, nan, nan], [nan, 0.048337490702632165, 0.1795429295217571, nan, nan, nan]]",[],,"[[0, 0, 0, 0, 0, 0], [1, 0, 0, 0, 0, 0], [0, 1, 1, 0, 0, 0]]","[['lower_bound', '', '', '', '', ''], ['', 'target_value', '', '', '', ''], ['', 'target_value', 'target_value', '', '', '']]","[[0.4, nan, nan, nan, nan, nan], [nan, 0.055, nan, nan, nan, nan], [nan, 0.045, 0.2, nan, nan, nan]]","[[1, 0, 0, 0, 0, 0], [0, 1, 0, 0, 0, 0], [0, 1, 1, 0, 0, 0]]",16.05,0.014262192603220201,0.0033374907026321662,0.598668243379913,"[[nan, nan, nan, nan, nan, nan], [nan, nan, nan, nan, nan, nan], [nan, 0.014262192603220201, nan, nan, nan, nan]]","[[nan, nan, nan, nan, nan, nan], [nan, nan, nan, nan, nan, nan], [nan, 0.0033374907026321662, nan, nan, nan, nan]]",3,0.28571428571428575,1,0.3333333333333333,0.25,4,1223.5221491577047,-2416.1162162215496,-2416.1162162215496,,1223.5221491577047,,
changeforest,S3ObsAvoid,1259149,0,"['obs_dist', 'speed', 'arc_dist', 'heading', 'line_dist', 'noise']","[1.0099001918441046, 0.23400965023278456, 1.5296480064975375, 6.3271107859210876, 0.7801270192468435, 0.7509006094170386]","[[0.3868425758934819, 0.0871280375624544, 0.44878861607549564, -1.9233363624021396, 0.9081373989151309, 0.0009495591566612824], [1.0476006803161357, 0.0871280375624544, 0.1626236149066153, -1.9233363624021396, 0.9081373989151309, 0.0009495591566612824], [1.0476006803161357, 0.04619642867206329, 0.19969122193440975, -1.9233363624021396, 0.9081373989151309, 0.0009495591566612824]]","[['lower_bound', '', '', '', '', ''], ['', '', 'lower_bound', '', '', ''], ['', 'target_value', 'target_value', '', '', '']]","[[0.3868425758934819, nan, nan, nan, nan, nan], [nan, nan, 0.1626236149066153, nan, nan, nan], [nan, 0.04619642867206329, 0.19969122193440975, nan, nan, nan]]",[],,"[[1, 0, 0, 0, 0, 0], [0, 0, 1, 0, 0, 0], [0, 1, 1, 0, 0, 0]]","[['lower_bound', '', '', '', '', ''], ['', 'target_value', '', '', '', ''], ['', 'target_value', 'target_value', '', '', '']]","[[0.4, nan, nan, nan, nan, nan], [nan, 0.055, nan, nan, nan, nan], [nan, 0.045, 0.2, nan, nan, nan]]","[[1, 0, 0, 0, 0, 0], [0, 1, 0, 0, 0, 0], [0, 1, 1, 0, 0, 0]]",4.7,0.006114344804235616,0.004887543614723887,0.07924877339558481,"[[0.013028440050587864, nan, nan, nan, nan, nan], [nan, nan, nan, nan, nan, nan], [nan, 0.005112732192339624, 0.00020186216977935968, nan, nan, nan]]","[[0.0131574241065181, nan, nan, nan, nan, nan], [nan, nan, nan, nan, nan, nan], [nan, 0.0011964286720632933, 0.000308778065590265, nan, nan, nan]]",4,0.75,3,0.75,0.75,4,560.3224146141964,-1275.3423027449037,-1275.3423027449037,560.3224146141964,,,
changeforest,S3ObsAvoid,1259149,1,"['obs_dist', 'speed', 'arc_dist', 'heading', 'line_dist', 'noise']","[1.0099001918441046, 0.23400965023278456, 1.5296480064975375, 6.3271107859210876, 0.7801270192468435, 0.7509006094170386]","[[0.38684272178540535, 0.0871280375624544, 0.44878861607549564, -1.9233363624021396, 0.9081373989151309, 0.0009495591566612824], [1.0476006803161357, 0.0871280375624544, 0.16196636072917375, -1.9233363624021396, 0.9081373989151309, 0.0009495591566612824], [1.0476006803161357, 0.046210481743775136, 0.19966367487977113, -1.9233363624021396, 0.9081373989151309, 0.0009495591566612824]]","[['lower_bound', '', '', '', '', ''], ['', '', 'lower_bound', '', '', ''], ['', 'target_value', 'target_value', '', '', '']]","[[0.38684272178540535, nan, nan, nan, nan, nan], [nan, nan, 0.16196636072917375, nan, nan, nan], [nan, 0.046210481743775136, 0.19966367487977113, nan, nan, nan]]",[],,"[[1, 0, 0, 0, 0, 0], [0, 0, 1, 0, 0, 0], [0, 1, 1, 0, 0, 0]]","[['lower_bound', '', '', '', '', ''], ['', 'target_value', '', '', '', ''], ['', 'target_value', 'target_value', '', '', '']]","[[0.4, nan, nan, nan, nan, nan], [nan, 0.055, nan, nan, nan, nan], [nan, 0.045, 0.2, nan, nan, nan]]","[[1, 0, 0, 0, 0, 0], [0, 1, 0, 0, 0, 0], [0, 1, 1, 0, 0, 0]]",7.05,0.006140317363455747,0.00490136169286623,0.08184296209812353,"[[0.013028295588863223, nan, nan, nan, nan, nan], [nan, nan, nan, nan, nan, nan], [nan, 0.005172785577735762, 0.0002198709237682534, nan, nan, nan]]","[[0.01315727821459467, nan, nan, nan, nan, nan], [nan, nan, nan, nan, nan, nan], [nan, 0.001210481743775138, 0.00033632512022888084, nan, nan, nan]]",4,0.75,3,0.75,0.75,4,561.5608737557698,-1396.0254620791472,-1396.025462079147,561.5608737557698,,,
changeforest,S3ObsAvoid,1259149,2,"['obs_dist', 'speed', 'arc_dist', 'heading', 'line_dist', 'noise']","[1.0099001918441046, 0.23400965023278456, 1.5296480064975375, 6.3271107859210876, 0.7801270192468435, 0.7509006094170386]","[[0.39081215953033477, 0.0871280375624544, 0.44878861607549564, -1.9233363624021396, 0.9081373989151309, 0.0009495591566612824], [1.0476006803161357, 0.0871280375624544, 0.16262391880336463, -1.9233363624021396, 0.9081373989151309, 0.0009495591566612824], [1.0476006803161357, 0.04653677876613663, 0.19976733164303034, -1.9233363624021396, 0.9081373989151309, 0.0009495591566612824]]","[['lower_bound', '', '', '', '', ''], ['', '', 'lower_bound', '', '', ''], ['', 'target_value', 'target_value', '', '', '']]","[[0.39081215953033477, nan, nan, nan, nan, nan], [nan, nan, 0.16262391880336463, nan, nan, nan], [nan, 0.04653677876613663, 0.19976733164303034, nan, nan, nan]]",[],,"[[1, 0, 0, 0, 0, 0], [0, 0, 1, 0, 0, 0], [0, 1, 1, 0, 0, 0]]","[['lower_bound', '', '', '', '', ''], ['', 'target_value', '', '', '', ''], ['', 'target_value', 'target_value', '', '', '']]","[[0.4, nan, nan, nan, nan, nan], [nan, 0.055, nan, nan, nan, nan], [nan, 0.045, 0.2, nan, nan, nan]]","[[1, 0, 0, 0, 0, 0], [0, 1, 0, 0, 0, 0], [0, 1, 1, 0, 0, 0]]",7.25,0.005272345467147069,0.003652429197590517,0.0814601018082486,"[[0.009097770793456344, nan, nan, nan, nan, nan], [nan, nan, nan, nan, nan, nan], [nan, 0.00656715979280297, 0.0001521058151818943, nan, nan, nan]]","[[0.009187840469665254, nan, nan, nan, nan, nan], [nan, nan, nan, nan, nan, nan], [nan, 0.001536778766136629, 0.00023266835696966748, nan, nan, nan]]",4,0.75,3,0.75,0.75,4,582.3363052110412,-1349.469345819387,-1349.469345819387,582.3363052110412,,,
changeforest,S3ObsAvoid,1259149,3,"['obs_dist', 'speed', 'arc_dist', 'heading', 'line_dist', 'noise']","[1.0099001918441046, 0.23400965023278456, 1.5296480064975375, 6.3271107859210876, 0.7801270192468435, 0.7509006094170386]","[[1.0476006803161357, 0.0871280375624544, 0.44878861607549564, -1.9233363624021396, 0.9081373989151309, 0.0009495591566612824], [1.0476006803161357, 0.054542569142888464, 0.16256783480415832, -1.9233363624021396, 0.9081373989151309, 0.0009495591566612824], [1.0476006803161357, 0.04683520366164163, 0.19967341070000047, -1.9233363624021396, 0.9081373989151309, 0.0009495591566612824]]","[['', '', '', '', '', ''], ['', 'target_value', 'lower_bound', '', '', ''], ['', 'target_value', 'target_value', '', '', '']]","[[nan, nan, nan, nan, nan, nan], [nan, 0.054542569142888464, 0.16256783480415832, nan, nan, nan], [nan, 0.04683520366164163, 0.19967341070000047, nan, nan, nan]]",[],,"[[0, 0, 0, 0, 0, 0], [0, 1, 1, 0, 0, 0], [0, 1, 1, 0, 0, 0]]","[['lower_bound', '', '', '', '', ''], ['', 'target_value', '', '', '', ''], ['', 'target_value', 'target_value', '', '', '']]","[[0.4, nan, nan, nan, nan, nan], [nan, 0.055, nan, nan, nan, nan], [nan, 0.045, 0.2, nan, nan, nan]]","[[1, 0, 0, 0, 0, 0], [0, 1, 0, 0, 0, 0], [0, 1, 1, 0, 0, 0]]",9.85,0.003336895184347491,0.0008730746062509028,0.09632330012004671,"[[nan, nan, nan, nan, nan, nan], [nan, 0.001954752108113918, nan, nan, nan, nan], [nan, 0.007842427266636375, 0.00021350617829218017, nan, nan, nan]]","[[nan, nan, nan, nan, nan, nan], [nan, 0.00045743085711153625, nan, nan, nan, nan], [nan, 0.001835203661641631, 0.00032658929999954123, nan, nan, nan]]",4,0.75,3,0.75,0.75,4,569.0610101104472,-1532.5391778206028,-1532.5391778206026,569.0610101104472,,,
changeforest,S3ObsAvoid,1259149,4,"['obs_dist', 'speed', 'arc_dist', 'heading', 'line_dist', 'noise']","[1.0099001918441046, 0.23400965023278456, 1.5296480064975375, 6.3271107859210876, 0.7801270192468435, 0.7509006094170386]","[[0.3868426539445009, 0.0871280375624544, 0.44878861607549564, -1.9233363624021396, 0.9081373989151309, 0.0009495591566612824], [1.0476006803161357, 0.0871280375624544, 0.1606441787226494, -1.9233363624021396, 0.9081373989151309, 0.0009495591566612824], [1.0476006803161357, 0.0461553839839901, 0.19965662458491273, -1.9233363624021396, 0.9081373989151309, 0.0009495591566612824]]","[['lower_bound', '', '', '', '', ''], ['', '', 'lower_bound', '', '', ''], ['', 'target_value', 'target_value', '', '', '']]","[[0.3868426539445009, nan, nan, nan, nan, nan], [nan, nan, 0.1606441787226494, nan, nan, nan], [nan, 0.0461553839839901, 0.19965662458491273, nan, nan, nan]]",[],,"[[1, 0, 0, 0, 0, 0], [0, 0, 1, 0, 0, 0], [0, 1, 1, 0, 0, 0]]","[['lower_bound', '', '', '', '', ''], ['', 'target_value', '', '', '', ''], ['', 'target_value', 'target_value', '', '', '']]","[[0.4, nan, nan, nan, nan, nan], [nan, 0.055, nan, nan, nan, nan], [nan, 0.045, 0.2, nan, nan, nan]]","[[1, 0, 0, 0, 0, 0], [0, 1, 0, 0, 0, 0], [0, 1, 1, 0, 0, 0]]",6.4,0.006063392520203093,0.004885368484858832,0.08443213503943711,"[[0.013028362764713863, nan, nan, nan, nan, nan], [nan, nan, nan, nan, nan, nan], [nan, 0.004937334775898196, 0.00022448001999722135, nan, nan, nan]]","[[0.01315734605549912, nan, nan, nan, nan, nan], [nan, nan, nan, nan, nan, nan], [nan, 0.0011553839839901006, 0.000343375415087277, nan, nan, nan]]",4,0.75,3,0.75,0.75,4,570.1765366273414,-1367.3560072710434,-1367.3560072710434,570.1765366273414,,,
changeforest,S3ObsAvoid,1259149,5,"['obs_dist', 'speed', 'arc_dist', 'heading', 'line_dist', 'noise']","[1.0099001918441046, 0.23400965023278456, 1.5296480064975375, 6.3271107859210876, 0.7801270192468435, 0.7509006094170386]","[[0.3904646184164162, 0.0871280375624544, 0.44878861607549564, -1.9233363624021396, 0.9081373989151309, 0.0009495591566612824], [1.0476006803161357, 0.0871280375624544, 0.16359767040312778, -1.9233363624021396, 0.9081373989151309, 0.0009495591566612824], [1.0476006803161357, 0.04652938158217162, 0.19967098199114838, -1.9233363624021396, 0.9081373989151309, 0.0009495591566612824]]","[['lower_bound', '', '', '', '', ''], ['', '', 'lower_bound', '', '', ''], ['', 'target_value', 'target_value', '', '', '']]","[[0.3904646184164162, nan, nan, nan, nan, nan], [nan, nan, 0.16359767040312778, nan, nan, nan], [nan, 0.04652938158217162, 0.19967098199114838, nan, nan, nan]]",[],,"[[1, 0, 0, 0, 0, 0], [0, 0, 1, 0, 0, 0], [0, 1, 1, 0, 0, 0]]","[['lower_bound', '', '', '', '', ''], ['', 'target_value', '', '', '', ''], ['', 'target_value', 'target_value', '', '', '']]","[[0.4, nan, nan, nan, nan, nan], [nan, 0.055, nan, nan, nan, nan], [nan, 0.045, 0.2, nan, nan, nan]]","[[1, 0, 0, 0, 0, 0], [0, 1, 0, 0, 0, 0], [0, 1, 1, 0, 0, 0]]",8.75,0.005397516015897624,0.00379792705820235,0.09818065870654565,"[[0.009441904913565707, nan, nan, nan, nan, nan], [nan, nan, nan, nan, nan, nan], [nan, 0.006535549199147321, 0.00021509393497984322, nan, nan, nan]]","[[0.009535381583583802, nan, nan, nan, nan, nan], [nan, nan, nan, nan, nan, nan], [nan, 0.0015293815821716197, 0.00032901800885162813, nan, nan, nan]]",4,0.75,3,0.75,0.75,4,560.9682417311808,-1371.5385014978997,-1371.5385014978997,560.9682417311808,,,
changeforest,S3ObsAvoid,1259149,6,"['obs_dist', 'speed', 'arc_dist', 'heading', 'line_dist', 'noise']","[1.0099001918441046, 0.23400965023278456, 1.5296480064975375, 6.3271107859210876, 0.7801270192468435, 0.7509006094170386]","[[0.39245487673917856, 0.0871280375624544, 0.44878861607549564, -1.9233363624021396, 0.9081373989151309, 0.0009495591566612824], [1.0476006803161357, 0.0871280375624544, 0.1625682361830877, -1.9233363624021396, 0.9081373989151309, 0.0009495591566612824], [1.0476006803161357, 0.04629694173181083, 0.1996844693231247, -1.9233363624021396, 0.9081373989151309, 0.0009495591566612824]]","[['lower_bound', '', '', '', '', ''], ['', '', 'lower_bound', '', '', ''], ['', 'target_value', 'target_value', '', '', '']]","[[0.39245487673917856, nan, nan, nan, nan, nan], [nan, nan, 0.1625682361830877, nan, nan, nan], [nan, 0.04629694173181083, 0.1996844693231247, nan, nan, nan]]",[],,"[[1, 0, 0, 0, 0, 0], [0, 0, 1, 0, 0, 0], [0, 1, 1, 0, 0, 0]]","[['lower_bound', '', '', '', '', ''], ['', 'target_value', '', '', '', ''], ['', 'target_value', 'target_value', '', '', '']]","[[0.4, nan, nan, nan, nan, nan], [nan, 0.055, nan, nan, nan, nan], [nan, 0.045, 0.2, nan, nan, nan]]","[[1, 0, 0, 0, 0, 0], [0, 1, 0, 0, 0, 0], [0, 1, 1, 0, 0, 0]]",9.55,0.004406563831777423,0.003052531889835869,0.09296371756669007,"[[0.00747115736956527, nan, nan, nan, nan, nan], [nan, nan, nan, nan, nan, nan], [nan, 0.0055422574689577035, 0.00020627665680929456, nan, nan, nan]]","[[0.0075451232608214625, nan, nan, nan, nan, nan], [nan, nan, nan, nan, nan, nan], [nan, 0.00129694173181083, 0.0003155306768753141, nan, nan, nan]]",4,0.75,3,0.75,0.75,4,570.0958909699168,-1418.9433672743453,-1418.943367274345,570.0958909699168,,,
changeforest,S3ObsAvoid,1259149,7,"['obs_dist', 'speed', 'arc_dist', 'heading', 'line_dist', 'noise']","[1.0099001918441046, 0.23400965023278456, 1.5296480064975375, 6.3271107859210876, 0.7801270192468435, 0.7509006094170386]","[[0.3868431464228944, 0.0871280375624544, 0.44878861607549564, -1.9233363624021396, 0.9081373989151309, 0.0009495591566612824], [1.0476006803161357, 0.055684992134963196, 0.162623294475447, -1.9233363624021396, 0.9081373989151309, 0.0009495591566612824], [1.0476006803161357, 0.04595407194327949, 0.19967986579548655, -1.9233363624021396, 0.9081373989151309, 0.0009495591566612824]]","[['lower_bound', '', '', '', '', ''], ['', 'target_value', 'lower_bound', '', '', ''], ['', 'target_value', 'target_value', '', '', '']]","[[0.3868431464228944, nan, nan, nan, nan, nan], [nan, 0.055684992134963196, 0.162623294475447, nan, nan, nan], [nan, 0.04595407194327949, 0.19967986579548655, nan, nan, nan]]",[],,"[[1, 0, 0, 0, 0, 0], [0, 1, 1, 0, 0, 0], [0, 1, 1, 0, 0, 0]]","[['lower_bound', '', '', '', '', ''], ['', 'target_value', '', '', '', ''], ['', 'target_value', 'target_value', '', '', '']]","[[0.4, nan, nan, nan, nan, nan], [nan, 0.055, nan, nan, nan, nan], [nan, 0.045, 0.2, nan, nan, nan]]","[[1, 0, 0, 0, 0, 0], [0, 1, 0, 0, 0, 0], [0, 1, 1, 0, 0, 0]]",7.8,0.0050603549475132315,0.003779012964965439,0.0829318665419063,"[[0.013027875114154444, nan, nan, nan, nan, nan], [nan, 0.002927196097604478, nan, nan, nan, nan], [nan, 0.004077062387514416, 0.00020928619077958887, nan, nan, nan]]","[[0.01315685357710561, nan, nan, nan, nan, nan], [nan, 0.0006849921349631957, nan, nan, nan, nan], [nan, 0.00095407194327949, 0.0003201342045134614, nan, nan, nan]]",5,0.888888888888889,4,0.8,1.0,4,586.8413967940467,-1360.6680490584508,-1360.668049058451,586.8413967940467,,,
changeforest,S3ObsAvoid,1259149,8,"['obs_dist', 'speed', 'arc_dist', 'heading', 'line_dist', 'noise']","[1.0099001918441046, 0.23400965023278456, 1.5296480064975375, 6.3271107859210876, 0.7801270192468435, 0.7509006094170386]","[[0.3868423333944989, 0.0871280375624544, 0.44878861607549564, -1.9233363624021396, 0.9081373989151309, 0.0009495591566612824], [1.0476006803161357, 0.0871280375624544, 0.1626246673023184, -1.9233363624021396, 0.9081373989151309, 0.0009495591566612824], [1.0476006803161357, 0.04619015747835617, 0.19965306614354464, -1.9233363624021396, 0.9081373989151309, 0.0009495591566612824]]","[['lower_bound', '', '', '', '', ''], ['', '', 'lower_bound', '', '', ''], ['', 'target_value', 'target_value', '', '', '']]","[[0.3868423333944989, nan, nan, nan, nan, nan], [nan, nan, 0.1626246673023184, nan, nan, nan], [nan, 0.04619015747835617, 0.19965306614354464, nan, nan, nan]]",[],,"[[1, 0, 0, 0, 0, 0], [0, 0, 1, 0, 0, 0], [0, 1, 1, 0, 0, 0]]","[['lower_bound', '', '', '', '', ''], ['', 'target_value', '', '', '', ''], ['', 'target_value', 'target_value', '', '', '']]","[[0.4, nan, nan, nan, nan, nan], [nan, 0.055, nan, nan, nan, nan], [nan, 0.045, 0.2, nan, nan, nan]]","[[1, 0, 0, 0, 0, 0], [0, 1, 0, 0, 0, 0], [0, 1, 1, 0, 0, 0]]",5.65,0.006113806610203037,0.004898252646770883,0.07864793456132818,"[[0.01302868017231966, nan, nan, nan, nan, nan], [nan, nan, nan, nan, nan, nan], [nan, 0.005085933324425914, 0.00022680633386353585, nan, nan, nan]]","[[0.013157666605501106, nan, nan, nan, nan, nan], [nan, nan, nan, nan, nan, nan], [nan, 0.0011901574783561714, 0.00034693385645537256, nan, nan, nan]]",4,0.75,3,0.75,0.75,4,556.1844400876349,-1306.3311473652973,-1306.3311473652975,556.1844400876349,,,
changeforest,S3ObsAvoid,1259149,9,"['obs_dist', 'speed', 'arc_dist', 'heading', 'line_dist', 'noise']","[1.0099001918441046, 0.23400965023278456, 1.5296480064975375, 6.3271107859210876, 0.7801270192468435, 0.7509006094170386]","[[0.3868416402644548, 0.0871280375624544, 0.44878861607549564, -1.9233363624021396, 0.9081373989151309, 0.0009495591566612824], [1.0476006803161357, 0.0871280375624544, 0.16256747072087485, -1.9233363624021396, 0.9081373989151309, 0.0009495591566612824], [1.0476006803161357, 0.04651437194991553, 0.19971120465160852, -1.9233363624021396, 0.9081373989151309, 0.0009495591566612824]]","[['lower_bound', '', '', '', '', ''], ['', '', 'lower_bound', '', '', ''], ['', 'target_value', 'target_value', '', '', '']]","[[0.3868416402644548, nan, nan, nan, nan, nan], [nan, nan, 0.16256747072087485, nan, nan, nan], [nan, 0.04651437194991553, 0.19971120465160852, nan, nan, nan]]",[],,"[[1, 0, 0, 0, 0, 0], [0, 0, 1, 0, 0, 0], [0, 1, 1, 0, 0, 0]]","[['lower_bound', '', '', '', '', ''], ['', 'target_value', '', '', '', ''], ['', 'target_value', 'target_value', '', '', '']]","[[0.4, nan, nan, nan, nan, nan], [nan, 0.055, nan, nan, nan, nan], [nan, 0.045, 0.2, nan, nan, nan]]","[[1, 0, 0, 0, 0, 0], [0, 1, 0, 0, 0, 0], [0, 1, 1, 0, 0, 0]]",4.05,0.006563191063048213,0.0049871756779507545,0.07840336339678378,"[[0.013029366507513707, nan, nan, nan, nan, nan], [nan, nan, nan, nan, nan, nan], [nan, 0.006471408116755377, 0.00018879856487555627, nan, nan, nan]]","[[0.013158359735545244, nan, nan, nan, nan, nan], [nan, nan, nan, nan, nan, nan], [nan, 0.0015143719499155286, 0.0002887953483914907, nan, nan, nan]]",4,0.75,3,0.75,0.75,4,583.6312881566398,-1266.6975559791044,-1266.6975559791042,583.6312881566398,,,
cluster,S3ObsAvoid,1259149,0,"['obs_dist', 'speed', 'arc_dist', 'heading', 'line_dist', 'noise']","[1.0099001918441046, 0.23400965023278456, 1.5296480064975375, 6.3271107859210876, 0.7801270192468435, 0.7509006094170386]","[[0.386009351942894, 0.0871280375624544, 0.44878861607549564, -1.9233363624021396, 0.9081373989151309, 0.0009495591566612824], [1.413261263167082, 0.03956379074547407, 0.16970059752659605, -1.9233363624021396, 0.9081373989151309, 0.0009495591566612824], [1.0201696787451606, 0.04685773480418349, 0.19981822783562614, -1.9233363624021396, 1.0538504956228818, 0.0009495591566612824]]","[['lower_bound', '', '', '', '', ''], ['upper_bound', 'lower_bound', 'lower_bound', '', '', ''], ['lower_bound', 'target_value', 'target_value', '', 'upper_bound', '']]","[[0.386009351942894, nan, nan, nan, nan, nan], [1.413261263167082, 0.03956379074547407, 0.16970059752659605, nan, nan, nan], [1.0201696787451606, 0.04685773480418349, 0.19981822783562614, nan, 1.0538504956228818, nan]]",[],,"[[1, 0, 0, 0, 0, 0], [1, 1, 1, 0, 0, 0], [1, 1, 1, 0, 1, 0]]","[['lower_bound', '', '', '', '', ''], ['', 'target_value', '', '', '', ''], ['', 'target_value', 'target_value', '', '', '']]","[[0.4, nan, nan, nan, nan, nan], [nan, 0.055, nan, nan, nan, nan], [nan, 0.045, 0.2, nan, nan, nan]]","[[1, 0, 0, 0, 0, 0], [0, 1, 0, 0, 0, 0], [0, 1, 1, 0, 0, 0]]",9.3,0.007303679565289705,0.005343385008554466,0.1808404344294116,"[[0.013853495791063018, nan, nan, nan, nan, nan], [nan, nan, nan, nan, nan, nan], [nan, 0.007938710229836596, 0.00011883267496950447, nan, nan, nan]]","[[0.013990648057106037, nan, nan, nan, nan, nan], [nan, nan, nan, nan, nan, nan], [nan, 0.0018577348041834904, 0.00018177216437387234, nan, nan, nan]]",8,0.5,3,0.375,0.75,4,2353.6473366765376,-1423.8021623650473,-1423.8021623650473,,,2353.6473366765376,
cluster,S3ObsAvoid,1259149,1,"['obs_dist', 'speed', 'arc_dist', 'heading', 'line_dist', 'noise']","[1.0099001918441046, 0.23400965023278456, 1.5296480064975375, 6.3271107859210876, 0.7801270192468435, 0.7509006094170386]","[[0.386009351942894, 0.0871280375624544, 0.44878861607549564, -1.9233363624021396, 0.9081373989151309, 0.0009495591566612824], [1.413261263167082, 0.03956379074547407, 0.16970059752659605, -1.9233363624021396, 0.9081373989151309, 0.0009495591566612824], [1.0201696787451606, 0.04685773480418349, 0.19981822783562614, -1.9233363624021396, 1.0538504956228818, 0.0009495591566612824]]","[['lower_bound', '', '', '', '', ''], ['upper_bound', 'lower_bound', 'lower_bound', '', '', ''], ['lower_bound', 'target_value', 'target_value', '', 'upper_bound', '']]","[[0.386009351942894, nan, nan, nan, nan, nan], [1.413261263167082, 0.03956379074547407, 0.16970059752659605, nan, nan, nan], [1.0201696787451606, 0.04685773480418349, 0.19981822783562614, nan, 1.0538504956228818, nan]]",[],,"[[1, 0, 0, 0, 0, 0], [1, 1, 1, 0, 0, 0], [1, 1, 1, 0, 1, 0]]","[['lower_bound', '', '', '', '', ''], ['', 'target_value', '', '', '', ''], ['', 'target_value', 'target_value', '', '', '']]","[[0.4, nan, nan, nan, nan, nan], [nan, 0.055, nan, nan, nan, nan], [nan, 0.045, 0.2, nan, nan, nan]]","[[1, 0, 0, 0, 0, 0], [0, 1, 0, 0, 0, 0], [0, 1, 1, 0, 0, 0]]",9.3,0.007303679565289705,0.005343385008554466,0.1808404344294116,"[[0.013853495791063018, nan, nan, nan, nan, nan], [nan, nan, nan, nan, nan, nan], [nan, 0.007938710229836596, 0.00011883267496950447, nan, nan, nan]]","[[0.013990648057106037, nan, nan, nan, nan, nan], [nan, nan, nan, nan, nan, nan], [nan, 0.0018577348041834904, 0.00018177216437387234, nan, nan, nan]]",8,0.5,3,0.375,0.75,4,2353.6473366765376,-1423.8021623650473,-1423.8021623650473,,,2353.6473366765376,
cluster,S3ObsAvoid,1259149,2,"['obs_dist', 'speed', 'arc_dist', 'heading', 'line_dist', 'noise']","[1.0099001918441046, 0.23400965023278456, 1.5296480064975375, 6.3271107859210876, 0.7801270192468435, 0.7509006094170386]","[[0.386009351942894, 0.0871280375624544, 0.44878861607549564, -1.9233363624021396, 0.9081373989151309, 0.0009495591566612824], [1.413261263167082, 0.03956379074547407, 0.16970059752659605, -1.9233363624021396, 0.9081373989151309, 0.0009495591566612824], [1.0201696787451606, 0.04685773480418349, 0.19981822783562614, -1.9233363624021396, 1.0538504956228818, 0.0009495591566612824]]","[['lower_bound', '', '', '', '', ''], ['upper_bound', 'lower_bound', 'lower_bound', '', '', ''], ['lower_bound', 'target_value', 'target_value', '', 'upper_bound', '']]","[[0.386009351942894, nan, nan, nan, nan, nan], [1.413261263167082, 0.03956379074547407, 0.16970059752659605, nan, nan, nan], [1.0201696787451606, 0.04685773480418349, 0.19981822783562614, nan, 1.0538504956228818, nan]]",[],,"[[1, 0, 0, 0, 0, 0], [1, 1, 1, 0, 0, 0], [1, 1, 1, 0, 1, 0]]","[['lower_bound', '', '', '', '', ''], ['', 'target_value', '', '', '', ''], ['', 'target_value', 'target_value', '', '', '']]","[[0.4, nan, nan, nan, nan, nan], [nan, 0.055, nan, nan, nan, nan], [nan, 0.045, 0.2, nan, nan, nan]]","[[1, 0, 0, 0, 0, 0], [0, 1, 0, 0, 0, 0], [0, 1, 1, 0, 0, 0]]",9.3,0.007303679565289705,0.005343385008554466,0.1808404344294116,"[[0.013853495791063018, nan, nan, nan, nan, nan], [nan, nan, nan, nan, nan, nan], [nan, 0.007938710229836596, 0.00011883267496950447, nan, nan, nan]]","[[0.013990648057106037, nan, nan, nan, nan, nan], [nan, nan, nan, nan, nan, nan], [nan, 0.0018577348041834904, 0.00018177216437387234, nan, nan, nan]]",8,0.5,3,0.375,0.75,4,2353.6473366765376,-1423.8021623650473,-1423.8021623650473,,,2353.6473366765376,
cluster,S3ObsAvoid,1259149,3,"['obs_dist', 'speed', 'arc_dist', 'heading', 'line_dist', 'noise']","[1.0099001918441046, 0.23400965023278456, 1.5296480064975375, 6.3271107859210876, 0.7801270192468435, 0.7509006094170386]","[[0.386009351942894, 0.0871280375624544, 0.44878861607549564, -1.9233363624021396, 0.9081373989151309, 0.0009495591566612824], [1.413261263167082, 0.03956379074547407, 0.16970059752659605, -1.9233363624021396, 0.9081373989151309, 0.0009495591566612824], [1.0201696787451606, 0.04685773480418349, 0.19981822783562614, -1.9233363624021396, 1.0538504956228818, 0.0009495591566612824]]","[['lower_bound', '', '', '', '', ''], ['upper_bound', 'lower_bound', 'lower_bound', '', '', ''], ['lower_bound', 'target_value', 'target_value', '', 'upper_bound', '']]","[[0.386009351942894, nan, nan, nan, nan, nan], [1.413261263167082, 0.03956379074547407, 0.16970059752659605, nan, nan, nan], [1.0201696787451606, 0.04685773480418349, 0.19981822783562614, nan, 1.0538504956228818, nan]]",[],,"[[1, 0, 0, 0, 0, 0], [1, 1, 1, 0, 0, 0], [1, 1, 1, 0, 1, 0]]","[['lower_bound', '', '', '', '', ''], ['', 'target_value', '', '', '', ''], ['', 'target_value', 'target_value', '', '', '']]","[[0.4, nan, nan, nan, nan, nan], [nan, 0.055, nan, nan, nan, nan], [nan, 0.045, 0.2, nan, nan, nan]]","[[1, 0, 0, 0, 0, 0], [0, 1, 0, 0, 0, 0], [0, 1, 1, 0, 0, 0]]",9.3,0.007303679565289705,0.005343385008554466,0.1808404344294116,"[[0.013853495791063018, nan, nan, nan, nan, nan], [nan, nan, nan, nan, nan, nan], [nan, 0.007938710229836596, 0.00011883267496950447, nan, nan, nan]]","[[0.013990648057106037, nan, nan, nan, nan, nan], [nan, nan, nan, nan, nan, nan], [nan, 0.0018577348041834904, 0.00018177216437387234, nan, nan, nan]]",8,0.5,3,0.375,0.75,4,2353.6473366765376,-1423.8021623650473,-1423.8021623650473,,,2353.6473366765376,
cluster,S3ObsAvoid,1259149,4,"['obs_dist', 'speed', 'arc_dist', 'heading', 'line_dist', 'noise']","[1.0099001918441046, 0.23400965023278456, 1.5296480064975375, 6.3271107859210876, 0.7801270192468435, 0.7509006094170386]","[[0.386009351942894, 0.0871280375624544, 0.44878861607549564, -1.9233363624021396, 0.9081373989151309, 0.0009495591566612824], [1.413261263167082, 0.03956379074547407, 0.16970059752659605, -1.9233363624021396, 0.9081373989151309, 0.0009495591566612824], [1.0201696787451606, 0.04685773480418349, 0.19981822783562614, -1.9233363624021396, 1.0538504956228818, 0.0009495591566612824]]","[['lower_bound', '', '', '', '', ''], ['upper_bound', 'lower_bound', 'lower_bound', '', '', ''], ['lower_bound', 'target_value', 'target_value', '', 'upper_bound', '']]","[[0.386009351942894, nan, nan, nan, nan, nan], [1.413261263167082, 0.03956379074547407, 0.16970059752659605, nan, nan, nan], [1.0201696787451606, 0.04685773480418349, 0.19981822783562614, nan, 1.0538504956228818, nan]]",[],,"[[1, 0, 0, 0, 0, 0], [1, 1, 1, 0, 0, 0], [1, 1, 1, 0, 1, 0]]","[['lower_bound', '', '', '', '', ''], ['', 'target_value', '', '', '', ''], ['', 'target_value', 'target_value', '', '', '']]","[[0.4, nan, nan, nan, nan, nan], [nan, 0.055, nan, nan, nan, nan], [nan, 0.045, 0.2, nan, nan, nan]]","[[1, 0, 0, 0, 0, 0], [0, 1, 0, 0, 0, 0], [0, 1, 1, 0, 0, 0]]",9.3,0.007303679565289705,0.005343385008554466,0.1808404344294116,"[[0.013853495791063018, nan, nan, nan, nan, nan], [nan, nan, nan, nan, nan, nan], [nan, 0.007938710229836596, 0.00011883267496950447, nan, nan, nan]]","[[0.013990648057106037, nan, nan, nan, nan, nan], [nan, nan, nan, nan, nan, nan], [nan, 0.0018577348041834904, 0.00018177216437387234, nan, nan, nan]]",8,0.5,3,0.375,0.75,4,2353.6473366765376,-1423.8021623650473,-1423.8021623650473,,,2353.6473366765376,
cluster,S3ObsAvoid,1259149,5,"['obs_dist', 'speed', 'arc_dist', 'heading', 'line_dist', 'noise']","[1.0099001918441046, 0.23400965023278456, 1.5296480064975375, 6.3271107859210876, 0.7801270192468435, 0.7509006094170386]","[[0.386009351942894, 0.0871280375624544, 0.44878861607549564, -1.9233363624021396, 0.9081373989151309, 0.0009495591566612824], [1.413261263167082, 0.03956379074547407, 0.16970059752659605, -1.9233363624021396, 0.9081373989151309, 0.0009495591566612824], [1.0201696787451606, 0.04685773480418349, 0.19981822783562614, -1.9233363624021396, 1.0538504956228818, 0.0009495591566612824]]","[['lower_bound', '', '', '', '', ''], ['upper_bound', 'lower_bound', 'lower_bound', '', '', ''], ['lower_bound', 'target_value', 'target_value', '', 'upper_bound', '']]","[[0.386009351942894, nan, nan, nan, nan, nan], [1.413261263167082, 0.03956379074547407, 0.16970059752659605, nan, nan, nan], [1.0201696787451606, 0.04685773480418349, 0.19981822783562614, nan, 1.0538504956228818, nan]]",[],,"[[1, 0, 0, 0, 0, 0], [1, 1, 1, 0, 0, 0], [1, 1, 1, 0, 1, 0]]","[['lower_bound', '', '', '', '', ''], ['', 'target_value', '', '', '', ''], ['', 'target_value', 'target_value', '', '', '']]","[[0.4, nan, nan, nan, nan, nan], [nan, 0.055, nan, nan, nan, nan], [nan, 0.045, 0.2, nan, nan, nan]]","[[1, 0, 0, 0, 0, 0], [0, 1, 0, 0, 0, 0], [0, 1, 1, 0, 0, 0]]",9.3,0.007303679565289705,0.005343385008554466,0.1808404344294116,"[[0.013853495791063018, nan, nan, nan, nan, nan], [nan, nan, nan, nan, nan, nan], [nan, 0.007938710229836596, 0.00011883267496950447, nan, nan, nan]]","[[0.013990648057106037, nan, nan, nan, nan, nan], [nan, nan, nan, nan, nan, nan], [nan, 0.0018577348041834904, 0.00018177216437387234, nan, nan, nan]]",8,0.5,3,0.375,0.75,4,2353.6473366765376,-1423.8021623650473,-1423.8021623650473,,,2353.6473366765376,
cluster,S3ObsAvoid,1259149,6,"['obs_dist', 'speed', 'arc_dist', 'heading', 'line_dist', 'noise']","[1.0099001918441046, 0.23400965023278456, 1.5296480064975375, 6.3271107859210876, 0.7801270192468435, 0.7509006094170386]","[[0.38600900012140504, 0.0871280375624544, 0.44878861607549564, -1.9233363624021396, 0.9081373989151309, 0.0009495591566612824], [1.413261399675073, 0.039558544505013234, 0.16969990570101168, -1.9233363624021396, 0.9081373989151309, 0.0009495591566612824], [1.0201696787451606, 0.04685773480418349, 0.19981822783562614, -1.9233363624021396, 1.0538504956228818, 0.0009495591566612824]]","[['lower_bound', '', '', '', '', ''], ['upper_bound', 'lower_bound', 'lower_bound', '', '', ''], ['lower_bound', 'target_value', 'target_value', '', 'upper_bound', '']]","[[0.38600900012140504, nan, nan, nan, nan, nan], [1.413261399675073, 0.039558544505013234, 0.16969990570101168, nan, nan, nan], [1.0201696787451606, 0.04685773480418349, 0.19981822783562614, nan, 1.0538504956228818, nan]]",[],,"[[1, 0, 0, 0, 0, 0], [1, 1, 1, 0, 0, 0], [1, 1, 1, 0, 1, 0]]","[['lower_bound', '', '', '', '', ''], ['', 'target_value', '', '', '', ''], ['', 'target_value', 'target_value', '', '', '']]","[[0.4, nan, nan, nan, nan, nan], [nan, 0.055, nan, nan, nan, nan], [nan, 0.045, 0.2, nan, nan, nan]]","[[1, 0, 0, 0, 0, 0], [0, 1, 0, 0, 0, 0], [0, 1, 1, 0, 0, 0]]",9.25,0.007303795689467713,0.0053435022823841135,0.1808404202602122,"[[0.01385384416359704, nan, nan, nan, nan, nan], [nan, nan, nan, nan, nan, nan], [nan, 0.007938710229836596, 0.00011883267496950447, nan, nan, nan]]","[[0.013990999878594979, nan, nan, nan, nan, nan], [nan, nan, nan, nan, nan, nan], [nan, 0.0018577348041834904, 0.00018177216437387234, nan, nan, nan]]",8,0.5,3,0.375,0.75,4,2353.620350138634,-1391.673275489652,-1391.673275489652,,,2353.620350138634,
cluster,S3ObsAvoid,1259149,7,"['obs_dist', 'speed', 'arc_dist', 'heading', 'line_dist', 'noise']","[1.0099001918441046, 0.23400965023278456, 1.5296480064975375, 6.3271107859210876, 0.7801270192468435, 0.7509006094170386]","[[0.386009351942894, 0.0871280375624544, 0.44878861607549564, -1.9233363624021396, 0.9081373989151309, 0.0009495591566612824], [1.413261263167082, 0.03956379074547407, 0.16970059752659605, -1.9233363624021396, 0.9081373989151309, 0.0009495591566612824], [1.0201696787451606, 0.04685773480418349, 0.19981822783562614, -1.9233363624021396, 1.0538504956228818, 0.0009495591566612824]]","[['lower_bound', '', '', '', '', ''], ['upper_bound', 'lower_bound', 'lower_bound', '', '', ''], ['lower_bound', 'target_value', 'target_value', '', 'upper_bound', '']]","[[0.386009351942894, nan, nan, nan, nan, nan], [1.413261263167082, 0.03956379074547407, 0.16970059752659605, nan, nan, nan], [1.0201696787451606, 0.04685773480418349, 0.19981822783562614, nan, 1.0538504956228818, nan]]",[],,"[[1, 0, 0, 0, 0, 0], [1, 1, 1, 0, 0, 0], [1, 1, 1, 0, 1, 0]]","[['lower_bound', '', '', '', '', ''], ['', 'target_value', '', '', '', ''], ['', 'target_value', 'target_value', '', '', '']]","[[0.4, nan, nan, nan, nan, nan], [nan, 0.055, nan, nan, nan, nan], [nan, 0.045, 0.2, nan, nan, nan]]","[[1, 0, 0, 0, 0, 0], [0, 1, 0, 0, 0, 0], [0, 1, 1, 0, 0, 0]]",9.3,0.007303679565289705,0.005343385008554466,0.1808404344294116,"[[0.013853495791063018, nan, nan, nan, nan, nan], [nan, nan, nan, nan, nan, nan], [nan, 0.007938710229836596, 0.00011883267496950447, nan, nan, nan]]","[[0.013990648057106037, nan, nan, nan, nan, nan], [nan, nan, nan, nan, nan, nan], [nan, 0.0018577348041834904, 0.00018177216437387234, nan, nan, nan]]",8,0.5,3,0.375,0.75,4,2353.6473366765376,-1423.8021623650473,-1423.8021623650473,,,2353.6473366765376,
cluster,S3ObsAvoid,1259149,8,"['obs_dist', 'speed', 'arc_dist', 'heading', 'line_dist', 'noise']","[1.0099001918441046, 0.23400965023278456, 1.5296480064975375, 6.3271107859210876, 0.7801270192468435, 0.7509006094170386]","[[0.386009351942894, 0.0871280375624544, 0.44878861607549564, -1.9233363624021396, 0.9081373989151309, 0.0009495591566612824], [1.413261263167082, 0.03956379074547407, 0.16970059752659605, -1.9233363624021396, 0.9081373989151309, 0.0009495591566612824], [1.0201696787451606, 0.04685773480418349, 0.19981822783562614, -1.9233363624021396, 1.0538504956228818, 0.0009495591566612824]]","[['lower_bound', '', '', '', '', ''], ['upper_bound', 'lower_bound', 'lower_bound', '', '', ''], ['lower_bound', 'target_value', 'target_value', '', 'upper_bound', '']]","[[0.386009351942894, nan, nan, nan, nan, nan], [1.413261263167082, 0.03956379074547407, 0.16970059752659605, nan, nan, nan], [1.0201696787451606, 0.04685773480418349, 0.19981822783562614, nan, 1.0538504956228818, nan]]",[],,"[[1, 0, 0, 0, 0, 0], [1, 1, 1, 0, 0, 0], [1, 1, 1, 0, 1, 0]]","[['lower_bound', '', '', '', '', ''], ['', 'target_value', '', '', '', ''], ['', 'target_value', 'target_value', '', '', '']]","[[0.4, nan, nan, nan, nan, nan], [nan, 0.055, nan, nan, nan, nan], [nan, 0.045, 0.2, nan, nan, nan]]","[[1, 0, 0, 0, 0, 0], [0, 1, 0, 0, 0, 0], [0, 1, 1, 0, 0, 0]]",9.3,0.007303679565289705,0.005343385008554466,0.1808404344294116,"[[0.013853495791063018, nan, nan, nan, nan, nan], [nan, nan, nan, nan, nan, nan], [nan, 0.007938710229836596, 0.00011883267496950447, nan, nan, nan]]","[[0.013990648057106037, nan, nan, nan, nan, nan], [nan, nan, nan, nan, nan, nan], [nan, 0.0018577348041834904, 0.00018177216437387234, nan, nan, nan]]",8,0.5,3,0.375,0.75,4,2353.6473366765376,-1423.8021623650473,-1423.8021623650473,,,2353.6473366765376,
cluster,S3ObsAvoid,1259149,9,"['obs_dist', 'speed', 'arc_dist', 'heading', 'line_dist', 'noise']","[1.0099001918441046, 0.23400965023278456, 1.5296480064975375, 6.3271107859210876, 0.7801270192468435, 0.7509006094170386]","[[0.386009351942894, 0.0871280375624544, 0.44878861607549564, -1.9233363624021396, 0.9081373989151309, 0.0009495591566612824], [1.413261263167082, 0.03956379074547407, 0.16970059752659605, -1.9233363624021396, 0.9081373989151309, 0.0009495591566612824], [1.0201696787451606, 0.04685773480418349, 0.19981822783562614, -1.9233363624021396, 1.0538504956228818, 0.0009495591566612824]]","[['lower_bound', '', '', '', '', ''], ['upper_bound', 'lower_bound', 'lower_bound', '', '', ''], ['lower_bound', 'target_value', 'target_value', '', 'upper_bound', '']]","[[0.386009351942894, nan, nan, nan, nan, nan], [1.413261263167082, 0.03956379074547407, 0.16970059752659605, nan, nan, nan], [1.0201696787451606, 0.04685773480418349, 0.19981822783562614, nan, 1.0538504956228818, nan]]",[],,"[[1, 0, 0, 0, 0, 0], [1, 1, 1, 0, 0, 0], [1, 1, 1, 0, 1, 0]]","[['lower_bound', '', '', '', '', ''], ['', 'target_value', '', '', '', ''], ['', 'target_value', 'target_value', '', '', '']]","[[0.4, nan, nan, nan, nan, nan], [nan, 0.055, nan, nan, nan, nan], [nan, 0.045, 0.2, nan, nan, nan]]","[[1, 0, 0, 0, 0, 0], [0, 1, 0, 0, 0, 0], [0, 1, 1, 0, 0, 0]]",9.3,0.007303679565289705,0.005343385008554466,0.1808404344294116,"[[0.013853495791063018, nan, nan, nan, nan, nan], [nan, nan, nan, nan, nan, nan], [nan, 0.007938710229836596, 0.00011883267496950447, nan, nan, nan]]","[[0.013990648057106037, nan, nan, nan, nan, nan], [nan, nan, nan, nan, nan, nan], [nan, 0.0018577348041834904, 0.00018177216437387234, nan, nan, nan]]",8,0.5,3,0.375,0.75,4,2353.6473366765376,-1423.8021623650473,-1423.8021623650473,,,2353.6473366765376,
gmmhmm,S3ObsAvoid,1259149,0,"['obs_dist', 'speed', 'arc_dist', 'heading', 'line_dist', 'noise']","[1.0099001918441046, 0.23400965023278456, 1.5296480064975375, 6.3271107859210876, 0.7801270192468435, 0.7509006094170386]","[[1.0476006803161357, 0.04979448261135614, 0.22809460685496838, -1.9233363624021396, 0.9081373989151309, 0.0009495591566612824], [1.4127672473598285, 0.047493310967421556, 0.19942675692958703, -1.9233363624021396, 0.9081373989151309, 0.0009495591566612824], [1.0166512414955828, 0.04600876454948641, 0.19969320757352826, -1.9233363624021396, 0.9081373989151309, 0.0009495591566612824]]","[['', 'lower_bound', 'lower_bound', '', '', ''], ['upper_bound', 'target_value', 'target_value', '', '', ''], ['lower_bound', 'target_value', 'target_value', '', '', '']]","[[nan, 0.04979448261135614, 0.22809460685496838, nan, nan, nan], [1.4127672473598285, 0.047493310967421556, 0.19942675692958703, nan, nan, nan], [1.0166512414955828, 0.04600876454948641, 0.19969320757352826, nan, nan, nan]]",[],,"[[0, 1, 1, 0, 0, 0], [1, 1, 1, 0, 0, 0], [1, 1, 1, 0, 0, 0]]","[['lower_bound', '', '', '', '', ''], ['', 'target_value', '', '', '', ''], ['', 'target_value', 'target_value', '', '', '']]","[[0.4, nan, nan, nan, nan, nan], [nan, 0.055, nan, nan, nan, nan], [nan, 0.045, 0.2, nan, nan, nan]]","[[1, 0, 0, 0, 0, 0], [0, 1, 0, 0, 0, 0], [0, 1, 1, 0, 0, 0]]",24.3,0.012196630211475412,0.0029407486695122004,0.23991974152323708,"[[nan, nan, nan, nan, nan, nan], [nan, 0.03207854473142904, nan, nan, nan, nan], [nan, 0.004310781835206055, 0.00020056406779113523, nan, nan, nan]]","[[nan, nan, nan, nan, nan, nan], [nan, 0.007506689032578444, nan, nan, nan, nan], [nan, 0.00100876454948641, 0.000306792426471747, nan, nan, nan]]",8,0.5,3,0.375,0.75,4,358.3820058368043,-2010.7414536500582,-2010.7414536500582,,358.3820058368043,,
gmmhmm,S3ObsAvoid,1259149,1,"['obs_dist', 'speed', 'arc_dist', 'heading', 'line_dist', 'noise']","[1.0099001918441046, 0.23400965023278456, 1.5296480064975375, 6.3271107859210876, 0.7801270192468435, 0.7509006094170386]","[[1.411122304051254, 0.03992963816096164, 0.1864787571035158, 0.6055510506911708, 0.6566446025894583, 0.0009495591566612824], [1.0176927674621674, 0.04776348455809559, 0.1999382172003538, -1.9233363624021396, 1.05768818909658, 0.37455483994267125], [1.0250968393723532, 0.04535058703862242, 0.19974905523851758, -1.9233363624021396, 0.9081373989151309, -0.37795944564583245]]","[['upper_bound', 'lower_bound', 'lower_bound', 'upper_bound', 'lower_bound', ''], ['lower_bound', 'target_value', 'target_value', '', 'upper_bound', 'upper_bound'], ['lower_bound', 'target_value', 'target_value', '', '', 'lower_bound']]","[[1.411122304051254, 0.03992963816096164, 0.1864787571035158, 0.6055510506911708, 0.6566446025894583, nan], [1.0176927674621674, 0.04776348455809559, 0.1999382172003538, nan, 1.05768818909658, 0.37455483994267125], [1.0250968393723532, 0.04535058703862242, 0.19974905523851758, nan, nan, -0.37795944564583245]]",[],,"[[1, 1, 1, 1, 1, 0], [1, 1, 1, 0, 1, 1], [1, 1, 1, 0, 0, 1]]","[['lower_bound', '', '', '', '', ''], ['', 'target_value', '', '', '', ''], ['', 'target_value', 'target_value', '', '', '']]","[[0.4, nan, nan, nan, nan, nan], [nan, 0.055, nan, nan, nan, nan], [nan, 0.045, 0.2, nan, nan, nan]]","[[1, 0, 0, 0, 0, 0], [0, 1, 0, 0, 0, 0], [0, 1, 1, 0, 0, 0]]",42.9,0.010862077233251487,0.002612682414003089,0.29894818346652696,"[[nan, nan, nan, nan, nan, nan], [nan, 0.03092400435069997, nan, nan, nan, nan], [nan, 0.0014981734226501876, 0.00016405392640430288, nan, nan, nan]]","[[nan, nan, nan, nan, nan, nan], [nan, 0.007236515441904408, nan, nan, nan, nan], [nan, 0.00035058703862242413, 0.0002509447614824356, nan, nan, nan]]",14,0.3333333333333333,3,0.21428571428571427,0.75,4,-123.38037874744172,-3381.641736969577,-3381.641736969577,,-123.38037874744172,,
gmmhmm,S3ObsAvoid,1259149,2,"['obs_dist', 'speed', 'arc_dist', 'heading', 'line_dist', 'noise']","[1.0099001918441046, 0.23400965023278456, 1.5296480064975375, 6.3271107859210876, 0.7801270192468435, 0.7509006094170386]","[[1.0476006803161357, 0.04586510334457348, 0.18115436953302383, -1.9233363624021396, 0.9081373989151309, 0.0009495591566612824], [1.4131108958279732, 0.04659571131372805, 0.1997608286680016, -1.9233363624021396, 1.0538176517587399, 0.0009495591566612824], [1.017568091824391, 0.045440463782931165, 0.19976230729453784, -1.9233363624021396, 0.9081373989151309, -0.37717427443475465]]","[['', 'lower_bound', 'lower_bound', '', '', ''], ['upper_bound', 'target_value', 'target_value', '', 'upper_bound', ''], ['lower_bound', 'target_value', 'target_value', '', '', 'lower_bound']]","[[nan, 0.04586510334457348, 0.18115436953302383, nan, nan, nan], [1.4131108958279732, 0.04659571131372805, 0.1997608286680016, nan, 1.0538176517587399, nan], [1.017568091824391, 0.045440463782931165, 0.19976230729453784, nan, nan, -0.37717427443475465]]",[],,"[[0, 1, 1, 0, 0, 0], [1, 1, 1, 0, 1, 0], [1, 1, 1, 0, 0, 1]]","[['lower_bound', '', '', '', '', ''], ['', 'target_value', '', '', '', ''], ['', 'target_value', 'target_value', '', '', '']]","[[0.4, nan, nan, nan, nan, nan], [nan, 0.055, nan, nan, nan, nan], [nan, 0.045, 0.2, nan, nan, nan]]","[[1, 0, 0, 0, 0, 0], [0, 1, 0, 0, 0, 0], [0, 1, 1, 0, 0, 0]]",31.9,0.012650639731126602,0.0030274817248884304,0.2753557041138303,"[[nan, nan, nan, nan, nan, nan], [nan, 0.035914282500365526, nan, nan, nan, nan], [nan, 0.0018822462342600339, 0.00015539045875424747, nan, nan, nan]]","[[nan, nan, nan, nan, nan, nan], [nan, 0.008404288686271952, nan, nan, nan, nan], [nan, 0.0004404637829311664, 0.00023769270546217247, nan, nan, nan]]",10,0.4285714285714285,3,0.3,0.75,4,27.890278856008955,-2408.1276114421717,-2408.1276114421717,,27.890278856008955,,
gmmhmm,S3ObsAvoid,1259149,3,"['obs_dist', 'speed', 'arc_dist', 'heading', 'line_dist', 'noise']","[1.0099001918441046, 0.23400965023278456, 1.5296480064975375, 6.3271107859210876, 0.7801270192468435, 0.7509006094170386]","[[0.3860107191010621, 0.0871280375624544, 0.44878861607549564, -1.9233363624021396, 0.9081373989151309, 0.0009495591566612824], [1.0476006803161357, 0.04868280475583538, 0.44878861607549564, -1.9233363624021396, 0.9081373989151309, 0.0009495591566612824], [1.0476006803161357, 0.04670136166550723, 0.1993786121086151, -1.9233363624021396, 0.9081373989151309, 0.0009495591566612824]]","[['lower_bound', '', '', '', '', ''], ['', 'lower_bound', '', '', '', ''], ['', 'target_value', 'target_value', '', '', '']]","[[0.3860107191010621, nan, nan, nan, nan, nan], [nan, 0.04868280475583538, nan, nan, nan, nan], [nan, 0.04670136166550723, 0.1993786121086151, nan, nan, nan]]",[],,"[[1, 0, 0, 0, 0, 0], [0, 1, 0, 0, 0, 0], [0, 1, 1, 0, 0, 0]]","[['lower_bound', '', '', '', '', ''], ['', 'target_value', '', '', '', ''], ['', 'target_value', 'target_value', '', '', '']]","[[0.4, nan, nan, nan, nan, nan], [nan, 0.055, nan, nan, nan, nan], [nan, 0.045, 0.2, nan, nan, nan]]","[[1, 0, 0, 0, 0, 0], [0, 1, 0, 0, 0, 0], [0, 1, 1, 0, 0, 0]]",2.35,0.00717628262707995,0.005437343485276687,0.12304025333567288,"[[0.013852142035336301, nan, nan, nan, nan, nan], [nan, nan, nan, nan, nan, nan], [nan, 0.007270476511608716, 0.00040622933429483186, nan, nan, nan]]","[[0.013989280898937917, nan, nan, nan, nan, nan], [nan, nan, nan, nan, nan, nan], [nan, 0.0017013616655072311, 0.0006213878913849114, nan, nan, nan]]",4,0.75,3,0.75,0.75,4,-788.8142056500275,-1356.1836509440407,-1356.183650944041,,-788.8142056500275,,
gmmhmm,S3ObsAvoid,1259149,4,"['obs_dist', 'speed', 'arc_dist', 'heading', 'line_dist', 'noise']","[1.0099001918441046, 0.23400965023278456, 1.5296480064975375, 6.3271107859210876, 0.7801270192468435, 0.7509006094170386]","[[1.0476006803161357, 0.04586510334457348, 0.18115436953302383, -1.9233363624021396, 0.9081373989151309, 0.0009495591566612824], [1.4127995894640224, 0.046565710939240966, 0.19975711383605987, -1.9233363624021396, 1.0528667014795032, 0.0009495591566612824], [1.0218232418099558, 0.04542779587834132, 0.19977507208335188, -1.9233363624021396, 0.9081373989151309, -0.3771752162014896]]","[['', 'lower_bound', 'lower_bound', '', '', ''], ['upper_bound', 'target_value', 'target_value', '', 'upper_bound', ''], ['lower_bound', 'target_value', 'target_value', '', '', 'lower_bound']]","[[nan, 0.04586510334457348, 0.18115436953302383, nan, nan, nan], [1.4127995894640224, 0.046565710939240966, 0.19975711383605987, nan, 1.0528667014795032, nan], [1.0218232418099558, 0.04542779587834132, 0.19977507208335188, nan, nan, -0.3771752162014896]]",[],,"[[0, 1, 1, 0, 0, 0], [1, 1, 1, 0, 1, 0], [1, 1, 1, 0, 0, 1]]","[['lower_bound', '', '', '', '', ''], ['', 'target_value', '', '', '', ''], ['', 'target_value', 'target_value', '', '', '']]","[[0.4, nan, nan, nan, nan, nan], [nan, 0.055, nan, nan, nan, nan], [nan, 0.045, 0.2, nan, nan, nan]]","[[1, 0, 0, 0, 0, 0], [0, 1, 0, 0, 0, 0], [0, 1, 1, 0, 0, 0]]",32.5,0.012672547201310037,0.0030290042852494973,0.2684858039747066,"[[nan, nan, nan, nan, nan, nan], [nan, 0.036042483941875474, nan, nan, nan, nan], [nan, 0.0018281121223666147, 0.00014704553968801858, nan, nan, nan]]","[[nan, nan, nan, nan, nan, nan], [nan, 0.008434289060759034, nan, nan, nan, nan], [nan, 0.00042779587834132493, 0.00022492791664813216, nan, nan, nan]]",10,0.4285714285714285,3,0.3,0.75,4,30.259849732741735,-2423.3410991300516,-2423.3410991300516,,30.259849732741735,,
gmmhmm,S3ObsAvoid,1259149,5,"['obs_dist', 'speed', 'arc_dist', 'heading', 'line_dist', 'noise']","[1.0099001918441046, 0.23400965023278456, 1.5296480064975375, 6.3271107859210876, 0.7801270192468435, 0.7509006094170386]","[[0.3845844089975442, 0.0871280375624544, 0.44878861607549564, -1.9233363624021396, 0.9081373989151309, 0.3746974479208914], [1.0476006803161357, 0.04868258637418144, 0.44878861607549564, -1.9233363624021396, 0.9081373989151309, 0.0009495591566612824], [1.0476006803161357, 0.046405925041931695, 0.19974321871642334, -1.9233363624021396, 0.9081373989151309, 0.0009495591566612824]]","[['lower_bound', '', '', '', '', 'upper_bound'], ['', 'lower_bound', '', '', '', ''], ['', 'target_value', 'target_value', '', '', '']]","[[0.3845844089975442, nan, nan, nan, nan, 0.3746974479208914], [nan, 0.04868258637418144, nan, nan, nan, nan], [nan, 0.046405925041931695, 0.19974321871642334, nan, nan, nan]]",[],,"[[1, 0, 0, 0, 0, 1], [0, 1, 0, 0, 0, 0], [0, 1, 1, 0, 0, 0]]","[['lower_bound', '', '', '', '', ''], ['', 'target_value', '', '', '', ''], ['', 'target_value', 'target_value', '', '', '']]","[[0.4, nan, nan, nan, nan, nan], [nan, 0.055, nan, nan, nan, nan], [nan, 0.045, 0.2, nan, nan, nan]]","[[1, 0, 0, 0, 0, 0], [0, 1, 0, 0, 0, 0], [0, 1, 1, 0, 0, 0]]",2.2,0.007146772750454187,0.0056927657759880635,0.14473144829219936,"[[0.015264469822811442, nan, nan, nan, nan, nan], [nan, nan, nan, nan, nan, nan], [nan, 0.006007978904003027, 0.0001678695245480889, nan, nan, nan]]","[[0.01541559100245582, nan, nan, nan, nan, nan], [nan, nan, nan, nan, nan, nan], [nan, 0.0014059250419316965, 0.0002567812835766736, nan, nan, nan]]",5,0.6666666666666665,3,0.6,0.75,4,-685.7577334396437,-1551.3640842479754,-1551.3640842479754,,-685.7577334396437,,
gmmhmm,S3ObsAvoid,1259149,6,"['obs_dist', 'speed', 'arc_dist', 'heading', 'line_dist', 'noise']","[1.0099001918441046, 0.23400965023278456, 1.5296480064975375, 6.3271107859210876, 0.7801270192468435, 0.7509006094170386]","[[1.0476006803161357, 0.049492317067422645, 0.17954278254100597, -1.9233363624021396, 0.9081373989151309, 0.0009495591566612824], [1.4121880874349995, 0.04628359869865545, 0.1997800187406669, -1.9233363624021396, 0.9081373989151309, 0.0009495591566612824], [1.0769147196594717, 0.04520246487020668, 0.19950084078891683, -1.9233363624021396, 0.6667252186456294, -0.37864835601876723]]","[['', 'lower_bound', 'lower_bound', '', '', ''], ['upper_bound', 'target_value', 'target_value', '', '', ''], ['lower_bound', 'target_value', 'target_value', '', 'lower_bound', 'lower_bound']]","[[nan, 0.049492317067422645, 0.17954278254100597, nan, nan, nan], [1.4121880874349995, 0.04628359869865545, 0.1997800187406669, nan, nan, nan], [1.0769147196594717, 0.04520246487020668, 0.19950084078891683, nan, 0.6667252186456294, -0.37864835601876723]]",[],,"[[0, 1, 1, 0, 0, 0], [1, 1, 1, 0, 0, 0], [1, 1, 1, 0, 1, 1]]","[['lower_bound', '', '', '', '', ''], ['', 'target_value', '', '', '', ''], ['', 'target_value', 'target_value', '', '', '']]","[[0.4, nan, nan, nan, nan, nan], [nan, 0.055, nan, nan, nan, nan], [nan, 0.045, 0.2, nan, nan, nan]]","[[1, 0, 0, 0, 0, 0], [0, 1, 0, 0, 0, 0], [0, 1, 1, 0, 0, 0]]",33.55,0.012813187940541225,0.0031393417942114712,0.21863071659452357,"[[nan, nan, nan, nan, nan, nan], [nan, 0.03724804209003254, nan, nan, nan, nan], [nan, 0.0008651988069948354, 0.00032632292459630076, nan, nan, nan]]","[[nan, nan, nan, nan, nan, nan], [nan, 0.008716401301344552, nan, nan, nan, nan], [nan, 0.0002024648702066839, 0.0004991592110831777, nan, nan, nan]]",10,0.4285714285714285,3,0.3,0.75,4,-984.7305450509307,-2494.961919739136,-2494.961919739136,,-984.7305450509307,,
gmmhmm,S3ObsAvoid,1259149,7,"['obs_dist', 'speed', 'arc_dist', 'heading', 'line_dist', 'noise']","[1.0099001918441046, 0.23400965023278456, 1.5296480064975375, 6.3271107859210876, 0.7801270192468435, 0.7509006094170386]","[[0.38450084288739395, 0.0871280375624544, 0.44878861607549564, -1.9233363624021396, 0.9081373989151309, 0.37646116443951294], [1.4127670781545052, 0.03946941473855394, 0.17604655353966836, 0.6132980111315047, 0.9081373989151309, 0.0009495591566612824], [1.018828458498683, 0.04692544716322195, 0.19977380164239394, -1.9233363624021396, 1.0551296567679431, 0.0009495591566612824]]","[['lower_bound', '', '', '', '', 'upper_bound'], ['upper_bound', 'lower_bound', 'lower_bound', 'upper_bound', '', ''], ['lower_bound', 'target_value', 'target_value', '', 'upper_bound', '']]","[[0.38450084288739395, nan, nan, nan, nan, 0.37646116443951294], [1.4127670781545052, 0.03946941473855394, 0.17604655353966836, 0.6132980111315047, nan, nan], [1.018828458498683, 0.04692544716322195, 0.19977380164239394, nan, 1.0551296567679431, nan]]",[],,"[[1, 0, 0, 0, 0, 1], [1, 1, 1, 1, 0, 0], [1, 1, 1, 0, 1, 0]]","[['lower_bound', '', '', '', '', ''], ['', 'target_value', '', '', '', ''], ['', 'target_value', 'target_value', '', '', '']]","[[0.4, nan, nan, nan, nan, nan], [nan, 0.055, nan, nan, nan, nan], [nan, 0.045, 0.2, nan, nan, nan]]","[[1, 0, 0, 0, 0, 0], [0, 1, 0, 0, 0, 0], [0, 1, 1, 0, 0, 0]]",13.75,0.007907720053162546,0.005883600877811365,0.2900684741283774,"[[0.015347216722777529, nan, nan, nan, nan, nan], [nan, nan, nan, nan, nan, nan], [nan, 0.008228067352378786, 0.00014787608433132084, nan, nan, nan]]","[[0.015499157112606077, nan, nan, nan, nan, nan], [nan, nan, nan, nan, nan, nan], [nan, 0.0019254471632219536, 0.00022619835760606666, nan, nan, nan]]",10,0.4285714285714285,3,0.3,0.75,4,-12.161161545339137,-1936.201955097504,-1936.2019550975042,,-12.161161545339137,,
gmmhmm,S3ObsAvoid,1259149,8,"['obs_dist', 'speed', 'arc_dist', 'heading', 'line_dist', 'noise']","[1.0099001918441046, 0.23400965023278456, 1.5296480064975375, 6.3271107859210876, 0.7801270192468435, 0.7509006094170386]","[[1.0476006803161357, 0.04586510334457348, 0.18115436953302383, -1.9233363624021396, 0.9081373989151309, 0.0009495591566612824], [1.412800393584947, 0.04659048244356159, 0.1997656755453231, -1.9233363624021396, 1.0528682372368963, 0.0009495591566612824], [1.0184782695733778, 0.045411840547722314, 0.199747067096841, -1.9233363624021396, 0.9081373989151309, -0.37717484094503245]]","[['', 'lower_bound', 'lower_bound', '', '', ''], ['upper_bound', 'target_value', 'target_value', '', 'upper_bound', ''], ['lower_bound', 'target_value', 'target_value', '', '', 'lower_bound']]","[[nan, 0.04586510334457348, 0.18115436953302383, nan, nan, nan], [1.412800393584947, 0.04659048244356159, 0.1997656755453231, nan, 1.0528682372368963, nan], [1.0184782695733778, 0.045411840547722314, 0.199747067096841, nan, nan, -0.37717484094503245]]",[],,"[[0, 1, 1, 0, 0, 0], [1, 1, 1, 0, 1, 0], [1, 1, 1, 0, 0, 1]]","[['lower_bound', '', '', '', '', ''], ['', 'target_value', '', '', '', ''], ['', 'target_value', 'target_value', '', '', '']]","[[0.4, nan, nan, nan, nan, nan], [nan, 0.055, nan, nan, nan, nan], [nan, 0.045, 0.2, nan, nan, nan]]","[[1, 0, 0, 0, 0, 0], [0, 1, 0, 0, 0, 0], [0, 1, 1, 0, 0, 0]]",32.15,0.01262063686764557,0.0030247636691065755,0.27308950712145397,"[[nan, nan, nan, nan, nan, nan], [nan, 0.035936627177866026, nan, nan, nan, nan], [nan, 0.0017599297606429097, 0.0001653536644277714, nan, nan, nan]]","[[nan, nan, nan, nan, nan, nan], [nan, 0.008409517556438408, nan, nan, nan, nan], [nan, 0.00041184054772231554, 0.0002529329031590033, nan, nan, nan]]",10,0.4285714285714285,3,0.3,0.75,4,31.388012801503866,-2412.9546326914538,-2412.9546326914533,,31.388012801503866,,
gmmhmm,S3ObsAvoid,1259149,9,"['obs_dist', 'speed', 'arc_dist', 'heading', 'line_dist', 'noise']","[1.0099001918441046, 0.23400965023278456, 1.5296480064975375, 6.3271107859210876, 0.7801270192468435, 0.7509006094170386]","[[1.0476006803161357, 0.0871280375624544, 0.44878861607549564, -1.9233363624021396, 0.9081373989151309, 0.37819656293494663], [0.3868419876999466, 0.0871280375624544, 0.44878861607549564, -1.9233363624021396, 1.486040498426205, -0.37718866193015305], [1.0476006803161357, 0.04825666765379962, 0.17918532876725507, -1.9233363624021396, 0.9081373989151309, 0.0009495591566612824]]","[['', '', '', '', '', 'upper_bound'], ['lower_bound', '', '', '', 'upper_bound', 'lower_bound'], ['', 'target_value', 'lower_bound', '', '', '']]","[[nan, nan, nan, nan, nan, 0.37819656293494663], [0.3868419876999466, nan, nan, nan, 1.486040498426205, -0.37718866193015305], [nan, 0.04825666765379962, 0.17918532876725507, nan, nan, nan]]",[],,"[[0, 0, 0, 0, 0, 1], [1, 0, 0, 0, 1, 1], [0, 1, 1, 0, 0, 0]]","[['lower_bound', '', '', '', '', ''], ['', 'target_value', '', '', '', ''], ['', 'target_value', 'target_value', '', '', '']]","[[0.4, nan, nan, nan, nan, nan], [nan, 0.055, nan, nan, nan, nan], [nan, 0.045, 0.2, nan, nan, nan]]","[[1, 0, 0, 0, 0, 0], [0, 1, 0, 0, 0, 0], [0, 1, 1, 0, 0, 0]]",14.75,0.013916809202355565,0.0032566676537996234,0.5751596433352744,"[[nan, nan, nan, nan, nan, nan], [nan, nan, nan, nan, nan, nan], [nan, 0.013916809202355565, nan, nan, nan, nan]]","[[nan, nan, nan, nan, nan, nan], [nan, nan, nan, nan, nan, nan], [nan, 0.0032566676537996234, nan, nan, nan, nan]]",6,0.2,1,0.16666666666666666,0.25,4,-1739.6651844161993,-2428.975693808735,-2428.975693808735,,-1739.6651844161993,,
map,S3ObsAvoid,1259149,0,"['obs_dist', 'speed', 'arc_dist', 'heading', 'line_dist', 'noise']","[1.0099001918441046, 0.23400965023278456, 1.5296480064975375, 6.3271107859210876, 0.7801270192468435, 0.7509006094170386]","[[0.3868418718274622, nan, nan, nan, nan, nan], [nan, 0.05552602195147981, nan, nan, nan, nan], [nan, 0.04621731307426349, 0.199864879773917, nan, nan, nan]]","[['lower_bound', '', '', '', '', ''], ['', 'target_value', '', '', '', ''], ['', 'target_value', 'target_value', '', '', '']]","[[0.3868418718274622, nan, nan, nan, nan, nan], [nan, 0.05552602195147981, nan, nan, nan, nan], [nan, 0.04621731307426349, 0.199864879773917, nan, nan, nan]]",[],map_shared_eta,"[[1, 0, 0, 0, 0, 0], [0, 1, 0, 0, 0, 0], [0, 1, 1, 0, 0, 0]]","[['lower_bound', '', '', '', '', ''], ['', 'target_value', '', '', '', ''], ['', 'target_value', 'target_value', '', '', '']]","[[0.4, nan, nan, nan, nan, nan], [nan, 0.055, nan, nan, nan, nan], [nan, 0.045, 0.2, nan, nan, nan]]","[[1, 0, 0, 0, 0, 0], [0, 1, 0, 0, 0, 0], [0, 1, 1, 0, 0, 0]]",0.7,0.005141828464728657,0.003759145856091028,0.07472849451578821,"[[0.013029137214550594, nan, nan, nan, nan, nan], [nan, 0.0022478643549808525, nan, nan, nan, nan], [nan, 0.005201978093863004, 8.833419552017671e-05, nan, nan, nan]]","[[0.013158128172537809, nan, nan, nan, nan, nan], [nan, 0.0005260219514798131, nan, nan, nan, nan], [nan, 0.0012173130742634888, 0.000135120226083002, nan, nan, nan]]",4,1.0,4,1.0,1.0,4,1479.5401493544978,,,,,,1479.5401493544978
map,S3ObsAvoid,1259149,1,"['obs_dist', 'speed', 'arc_dist', 'heading', 'line_dist', 'noise']","[1.0099001918441046, 0.23400965023278456, 1.5296480064975375, 6.3271107859210876, 0.7801270192468435, 0.7509006094170386]","[[0.3868418718274622, nan, nan, nan, nan, nan], [nan, 0.05552602195147981, nan, nan, nan, nan], [nan, 0.04621731307426349, 0.199864879773917, nan, nan, nan]]","[['lower_bound', '', '', '', '', ''], ['', 'target_value', '', '', '', ''], ['', 'target_value', 'target_value', '', '', '']]","[[0.3868418718274622, nan, nan, nan, nan, nan], [nan, 0.05552602195147981, nan, nan, nan, nan], [nan, 0.04621731307426349, 0.199864879773917, nan, nan, nan]]",[],map_shared_eta,"[[1, 0, 0, 0, 0, 0], [0, 1, 0, 0, 0, 0], [0, 1, 1, 0, 0, 0]]","[['lower_bound', '', '', '', '', ''], ['', 'target_value', '', '', '', ''], ['', 'target_value', 'target_value', '', '', '']]","[[0.4, nan, nan, nan, nan, nan], [nan, 0.055, nan, nan, nan, nan], [nan, 0.045, 0.2, nan, nan, nan]]","[[1, 0, 0, 0, 0, 0], [0, 1, 0, 0, 0, 0], [0, 1, 1, 0, 0, 0]]",0.7,0.005141828464728657,0.003759145856091028,0.07472849451578821,"[[0.013029137214550594, nan, nan, nan, nan, nan], [nan, 0.0022478643549808525, nan, nan, nan, nan], [nan, 0.005201978093863004, 8.833419552017671e-05, nan, nan, nan]]","[[0.013158128172537809, nan, nan, nan, nan, nan], [nan, 0.0005260219514798131, nan, nan, nan, nan], [nan, 0.0012173130742634888, 0.000135120226083002, nan, nan, nan]]",4,1.0,4,1.0,1.0,4,1479.5401493544978,,,,,,1479.5401493544978
map,S3ObsAvoid,1259149,2,"['obs_dist', 'speed', 'arc_dist', 'heading', 'line_dist', 'noise']","[1.0099001918441046, 0.23400965023278456, 1.5296480064975375, 6.3271107859210876, 0.7801270192468435, 0.7509006094170386]","[[0.3868418718274622, nan, nan, nan, nan, nan], [nan, 0.05552602195147981, nan, nan, nan, nan], [nan, 0.04621731307426349, 0.199864879773917, nan, nan, nan]]","[['lower_bound', '', '', '', '', ''], ['', 'target_value', '', '', '', ''], ['', 'target_value', 'target_value', '', '', '']]","[[0.3868418718274622, nan, nan, nan, nan, nan], [nan, 0.05552602195147981, nan, nan, nan, nan], [nan, 0.04621731307426349, 0.199864879773917, nan, nan, nan]]",[],map_shared_eta,"[[1, 0, 0, 0, 0, 0], [0, 1, 0, 0, 0, 0], [0, 1, 1, 0, 0, 0]]","[['lower_bound', '', '', '', '', ''], ['', 'target_value', '', '', '', ''], ['', 'target_value', 'target_value', '', '', '']]","[[0.4, nan, nan, nan, nan, nan], [nan, 0.055, nan, nan, nan, nan], [nan, 0.045, 0.2, nan, nan, nan]]","[[1, 0, 0, 0, 0, 0], [0, 1, 0, 0, 0, 0], [0, 1, 1, 0, 0, 0]]",0.7,0.005141828464728657,0.003759145856091028,0.07472849451578821,"[[0.013029137214550594, nan, nan, nan, nan, nan], [nan, 0.0022478643549808525, nan, nan, nan, nan], [nan, 0.005201978093863004, 8.833419552017671e-05, nan, nan, nan]]","[[0.013158128172537809, nan, nan, nan, nan, nan], [nan, 0.0005260219514798131, nan, nan, nan, nan], [nan, 0.0012173130742634888, 0.000135120226083002, nan, nan, nan]]",4,1.0,4,1.0,1.0,4,1479.5401493544978,,,,,,1479.5401493544978
map,S3ObsAvoid,1259149,3,"['obs_dist', 'speed', 'arc_dist', 'heading', 'line_dist', 'noise']","[1.0099001918441046, 0.23400965023278456, 1.5296480064975375, 6.3271107859210876, 0.7801270192468435, 0.7509006094170386]","[[0.3868418718274622, nan, nan, nan, nan, nan], [nan, 0.05552602195147981, nan, nan, nan, nan], [nan, 0.04621731307426349, 0.199864879773917, nan, nan, nan]]","[['lower_bound', '', '', '', '', ''], ['', 'target_value', '', '', '', ''], ['', 'target_value', 'target_value', '', '', '']]","[[0.3868418718274622, nan, nan, nan, nan, nan], [nan, 0.05552602195147981, nan, nan, nan, nan], [nan, 0.04621731307426349, 0.199864879773917, nan, nan, nan]]",[],map_shared_eta,"[[1, 0, 0, 0, 0, 0], [0, 1, 0, 0, 0, 0], [0, 1, 1, 0, 0, 0]]","[['lower_bound', '', '', '', '', ''], ['', 'target_value', '', '', '', ''], ['', 'target_value', 'target_value', '', '', '']]","[[0.4, nan, nan, nan, nan, nan], [nan, 0.055, nan, nan, nan, nan], [nan, 0.045, 0.2, nan, nan, nan]]","[[1, 0, 0, 0, 0, 0], [0, 1, 0, 0, 0, 0], [0, 1, 1, 0, 0, 0]]",0.7,0.005141828464728657,0.003759145856091028,0.07472849451578821,"[[0.013029137214550594, nan, nan, nan, nan, nan], [nan, 0.0022478643549808525, nan, nan, nan, nan], [nan, 0.005201978093863004, 8.833419552017671e-05, nan, nan, nan]]","[[0.013158128172537809, nan, nan, nan, nan, nan], [nan, 0.0005260219514798131, nan, nan, nan, nan], [nan, 0.0012173130742634888, 0.000135120226083002, nan, nan, nan]]",4,1.0,4,1.0,1.0,4,1479.5401493544978,,,,,,1479.5401493544978
map,S3ObsAvoid,1259149,4,"['obs_dist', 'speed', 'arc_dist', 'heading', 'line_dist', 'noise']","[1.0099001918441046, 0.23400965023278456, 1.5296480064975375, 6.3271107859210876, 0.7801270192468435, 0.7509006094170386]","[[0.3868418718274622, nan, nan, nan, nan, nan], [nan, 0.05552602195147981, nan, nan, nan, nan], [nan, 0.04621731307426349, 0.199864879773917, nan, nan, nan]]","[['lower_bound', '', '', '', '', ''], ['', 'target_value', '', '', '', ''], ['', 'target_value', 'target_value', '', '', '']]","[[0.3868418718274622, nan, nan, nan, nan, nan], [nan, 0.05552602195147981, nan, nan, nan, nan], [nan, 0.04621731307426349, 0.199864879773917, nan, nan, nan]]",[],map_shared_eta,"[[1, 0, 0, 0, 0, 0], [0, 1, 0, 0, 0, 0], [0, 1, 1, 0, 0, 0]]","[['lower_bound', '', '', '', '', ''], ['', 'target_value', '', '', '', ''], ['', 'target_value', 'target_value', '', '', '']]","[[0.4, nan, nan, nan, nan, nan], [nan, 0.055, nan, nan, nan, nan], [nan, 0.045, 0.2, nan, nan, nan]]","[[1, 0, 0, 0, 0, 0], [0, 1, 0, 0, 0, 0], [0, 1, 1, 0, 0, 0]]",0.7,0.005141828464728657,0.003759145856091028,0.07472849451578821,"[[0.013029137214550594, nan, nan, nan, nan, nan], [nan, 0.0022478643549808525, nan, nan, nan, nan], [nan, 0.005201978093863004, 8.833419552017671e-05, nan, nan, nan]]","[[0.013158128172537809, nan, nan, nan, nan, nan], [nan, 0.0005260219514798131, nan, nan, nan, nan], [nan, 0.0012173130742634888, 0.000135120226083002, nan, nan, nan]]",4,1.0,4,1.0,1.0,4,1479.5401493544978,,,,,,1479.5401493544978
map,S3ObsAvoid,1259149,5,"['obs_dist', 'speed', 'arc_dist', 'heading', 'line_dist', 'noise']","[1.0099001918441046, 0.23400965023278456, 1.5296480064975375, 6.3271107859210876, 0.7801270192468435, 0.7509006094170386]","[[0.3868418718274622, nan, nan, nan, nan, nan], [nan, 0.05552602195147981, nan, nan, nan, nan], [nan, 0.04621731307426349, 0.199864879773917, nan, nan, nan]]","[['lower_bound', '', '', '', '', ''], ['', 'target_value', '', '', '', ''], ['', 'target_value', 'target_value', '', '', '']]","[[0.3868418718274622, nan, nan, nan, nan, nan], [nan, 0.05552602195147981, nan, nan, nan, nan], [nan, 0.04621731307426349, 0.199864879773917, nan, nan, nan]]",[],map_shared_eta,"[[1, 0, 0, 0, 0, 0], [0, 1, 0, 0, 0, 0], [0, 1, 1, 0, 0, 0]]","[['lower_bound', '', '', '', '', ''], ['', 'target_value', '', '', '', ''], ['', 'target_value', 'target_value', '', '', '']]","[[0.4, nan, nan, nan, nan, nan], [nan, 0.055, nan, nan, nan, nan], [nan, 0.045, 0.2, nan, nan, nan]]","[[1, 0, 0, 0, 0, 0], [0, 1, 0, 0, 0, 0], [0, 1, 1, 0, 0, 0]]",0.7,0.005141828464728657,0.003759145856091028,0.07472849451578821,"[[0.013029137214550594, nan, nan, nan, nan, nan], [nan, 0.0022478643549808525, nan, nan, nan, nan], [nan, 0.005201978093863004, 8.833419552017671e-05, nan, nan, nan]]","[[0.013158128172537809, nan, nan, nan, nan, nan], [nan, 0.0005260219514798131, nan, nan, nan, nan], [nan, 0.0012173130742634888, 0.000135120226083002, nan, nan, nan]]",4,1.0,4,1.0,1.0,4,1479.5401493544978,,,,,,1479.5401493544978
map,S3ObsAvoid,1259149,6,"['obs_dist', 'speed', 'arc_dist', 'heading', 'line_dist', 'noise']","[1.0099001918441046, 0.23400965023278456, 1.5296480064975375, 6.3271107859210876, 0.7801270192468435, 0.7509006094170386]","[[0.3868418718274622, nan, nan, nan, nan, nan], [nan, 0.05552602195147981, nan, nan, nan, nan], [nan, 0.04621731307426349, 0.199864879773917, nan, nan, nan]]","[['lower_bound', '', '', '', '', ''], ['', 'target_value', '', '', '', ''], ['', 'target_value', 'target_value', '', '', '']]","[[0.3868418718274622, nan, nan, nan, nan, nan], [nan, 0.05552602195147981, nan, nan, nan, nan], [nan, 0.04621731307426349, 0.199864879773917, nan, nan, nan]]",[],map_shared_eta,"[[1, 0, 0, 0, 0, 0], [0, 1, 0, 0, 0, 0], [0, 1, 1, 0, 0, 0]]","[['lower_bound', '', '', '', '', ''], ['', 'target_value', '', '', '', ''], ['', 'target_value', 'target_value', '', '', '']]","[[0.4, nan, nan, nan, nan, nan], [nan, 0.055, nan, nan, nan, nan], [nan, 0.045, 0.2, nan, nan, nan]]","[[1, 0, 0, 0, 0, 0], [0, 1, 0, 0, 0, 0], [0, 1, 1, 0, 0, 0]]",0.7,0.005141828464728657,0.003759145856091028,0.07472849451578821,"[[0.013029137214550594, nan, nan, nan, nan, nan], [nan, 0.0022478643549808525, nan, nan, nan, nan], [nan, 0.005201978093863004, 8.833419552017671e-05, nan, nan, nan]]","[[0.013158128172537809, nan, nan, nan, nan, nan], [nan, 0.0005260219514798131, nan, nan, nan, nan], [nan, 0.0012173130742634888, 0.000135120226083002, nan, nan, nan]]",4,1.0,4,1.0,1.0,4,1479.5401493544978,,,,,,1479.5401493544978
map,S3ObsAvoid,1259149,7,"['obs_dist', 'speed', 'arc_dist', 'heading', 'line_dist', 'noise']","[1.0099001918441046, 0.23400965023278456, 1.5296480064975375, 6.3271107859210876, 0.7801270192468435, 0.7509006094170386]","[[0.3868418718274622, nan, nan, nan, nan, nan], [nan, 0.05552602195147981, nan, nan, nan, nan], [nan, 0.04621731307426349, 0.199864879773917, nan, nan, nan]]","[['lower_bound', '', '', '', '', ''], ['', 'target_value', '', '', '', ''], ['', 'target_value', 'target_value', '', '', '']]","[[0.3868418718274622, nan, nan, nan, nan, nan], [nan, 0.05552602195147981, nan, nan, nan, nan], [nan, 0.04621731307426349, 0.199864879773917, nan, nan, nan]]",[],map_shared_eta,"[[1, 0, 0, 0, 0, 0], [0, 1, 0, 0, 0, 0], [0, 1, 1, 0, 0, 0]]","[['lower_bound', '', '', '', '', ''], ['', 'target_value', '', '', '', ''], ['', 'target_value', 'target_value', '', '', '']]","[[0.4, nan, nan, nan, nan, nan], [nan, 0.055, nan, nan, nan, nan], [nan, 0.045, 0.2, nan, nan, nan]]","[[1, 0, 0, 0, 0, 0], [0, 1, 0, 0, 0, 0], [0, 1, 1, 0, 0, 0]]",0.7,0.005141828464728657,0.003759145856091028,0.07472849451578821,"[[0.013029137214550594, nan, nan, nan, nan, nan], [nan, 0.0022478643549808525, nan, nan, nan, nan], [nan, 0.005201978093863004, 8.833419552017671e-05, nan, nan, nan]]","[[0.013158128172537809, nan, nan, nan, nan, nan], [nan, 0.0005260219514798131, nan, nan, nan, nan], [nan, 0.0012173130742634888, 0.000135120226083002, nan, nan, nan]]",4,1.0,4,1.0,1.0,4,1479.5401493544978,,,,,,1479.5401493544978
map,S3ObsAvoid,1259149,8,"['obs_dist', 'speed', 'arc_dist', 'heading', 'line_dist', 'noise']","[1.0099001918441046, 0.23400965023278456, 1.5296480064975375, 6.3271107859210876, 0.7801270192468435, 0.7509006094170386]","[[0.3868418718274622, nan, nan, nan, nan, nan], [nan, 0.05552602195147981, nan, nan, nan, nan], [nan, 0.04621731307426349, 0.199864879773917, nan, nan, nan]]","[['lower_bound', '', '', '', '', ''], ['', 'target_value', '', '', '', ''], ['', 'target_value', 'target_value', '', '', '']]","[[0.3868418718274622, nan, nan, nan, nan, nan], [nan, 0.05552602195147981, nan, nan, nan, nan], [nan, 0.04621731307426349, 0.199864879773917, nan, nan, nan]]",[],map_shared_eta,"[[1, 0, 0, 0, 0, 0], [0, 1, 0, 0, 0, 0], [0, 1, 1, 0, 0, 0]]","[['lower_bound', '', '', '', '', ''], ['', 'target_value', '', '', '', ''], ['', 'target_value', 'target_value', '', '', '']]","[[0.4, nan, nan, nan, nan, nan], [nan, 0.055, nan, nan, nan, nan], [nan, 0.045, 0.2, nan, nan, nan]]","[[1, 0, 0, 0, 0, 0], [0, 1, 0, 0, 0, 0], [0, 1, 1, 0, 0, 0]]",0.7,0.005141828464728657,0.003759145856091028,0.07472849451578821,"[[0.013029137214550594, nan, nan, nan, nan, nan], [nan, 0.0022478643549808525, nan, nan, nan, nan], [nan, 0.005201978093863004, 8.833419552017671e-05, nan, nan, nan]]","[[0.013158128172537809, nan, nan, nan, nan, nan], [nan, 0.0005260219514798131, nan, nan, nan, nan], [nan, 0.0012173130742634888, 0.000135120226083002, nan, nan, nan]]",4,1.0,4,1.0,1.0,4,1479.5401493544978,,,,,,1479.5401493544978
map,S3ObsAvoid,1259149,9,"['obs_dist', 'speed', 'arc_dist', 'heading', 'line_dist', 'noise']","[1.0099001918441046, 0.23400965023278456, 1.5296480064975375, 6.3271107859210876, 0.7801270192468435, 0.7509006094170386]","[[0.3868418718274622, nan, nan, nan, nan, nan], [nan, 0.05552602195147981, nan, nan, nan, nan], [nan, 0.04621731307426349, 0.199864879773917, nan, nan, nan]]","[['lower_bound', '', '', '', '', ''], ['', 'target_value', '', '', '', ''], ['', 'target_value', 'target_value', '', '', '']]","[[0.3868418718274622, nan, nan, nan, nan, nan], [nan, 0.05552602195147981, nan, nan, nan, nan], [nan, 0.04621731307426349, 0.199864879773917, nan, nan, nan]]",[],map_shared_eta,"[[1, 0, 0, 0, 0, 0], [0, 1, 0, 0, 0, 0], [0, 1, 1, 0, 0, 0]]","[['lower_bound', '', '', '', '', ''], ['', 'target_value', '', '', '', ''], ['', 'target_value', 'target_value', '', '', '']]","[[0.4, nan, nan, nan, nan, nan], [nan, 0.055, nan, nan, nan, nan], [nan, 0.045, 0.2, nan, nan, nan]]","[[1, 0, 0, 0, 0, 0], [0, 1, 0, 0, 0, 0], [0, 1, 1, 0, 0, 0]]",0.7,0.005141828464728657,0.003759145856091028,0.07472849451578821,"[[0.013029137214550594, nan, nan, nan, nan, nan], [nan, 0.0022478643549808525, nan, nan, nan, nan], [nan, 0.005201978093863004, 8.833419552017671e-05, nan, nan, nan]]","[[0.013158128172537809, nan, nan, nan, nan, nan], [nan, 0.0005260219514798131, nan, nan, nan, nan], [nan, 0.0012173130742634888, 0.000135120226083002, nan, nan, nan]]",4,1.0,4,1.0,1.0,4,1479.5401493544978,,,,,,1479.5401493544978
map_pooled,S3ObsAvoid,1259149,0,"['obs_dist', 'speed', 'arc_dist', 'heading', 'line_dist', 'noise']","[1.0099001918441046, 0.23400965023278456, 1.5296480064975375, 6.3271107859210876, 0.7801270192468435, 0.7509006094170386]","[[0.3868418718274622, nan, nan, nan, nan, 0.3746244754198821], [nan, 0.054760864428120726, 0.16256690517423017, nan, nan, nan], [nan, 0.045751141735658515, 0.19975974483920703, nan, nan, nan]]","[['lower_bound', '', '', '', '', 'upper_bound'], ['', 'target_value', 'lower_bound', '', '', ''], ['', 'target_value', 'target_value', '', '', '']]","[[0.3868418718274622, nan, nan, nan, nan, 0.3746244754198821], [nan, 0.054760864428120726, 0.16256690517423017, nan, nan, nan], [nan, 0.045751141735658515, 0.19975974483920703, nan, nan, nan]]",[],map_shared_eta,"[[1, 0, 0, 0, 0, 1], [0, 1, 1, 0, 0, 0], [0, 1, 1, 0, 0, 0]]","[['lower_bound', '', '', '', '', ''], ['', 'target_value', '', '', '', ''], ['', 'target_value', 'target_value', '', '', '']]","[[0.4, nan, nan, nan, nan, nan], [nan, 0.055, nan, nan, nan, nan], [nan, 0.045, 0.2, nan, nan, nan]]","[[1, 0, 0, 0, 0, 0], [0, 1, 0, 0, 0, 0], [0, 1, 1, 0, 0, 0]]",1.7,0.004354495662977434,0.0035971651602171462,0.07459235196476231,"[[0.013029137214550594, nan, nan, nan, nan, nan], [nan, 0.0010219047447034382, nan, nan, nan, nan], [nan, 0.0032098750410989793, 0.00015706565155672734, nan, nan, nan]]","[[0.013158128172537809, nan, nan, nan, nan, nan], [nan, 0.00023913557187927453, nan, nan, nan, nan], [nan, 0.000751141735658517, 0.0002402551607929848, nan, nan, nan]]",6,0.8,4,0.6666666666666666,1.0,4,1469.993872293885,,,,,,1469.993872293885
arhsmm,S4SlideInsert,1342,0,"['surf_dist', 'center_dist', 'orient_err', 'speed', 'normal_force', 'start_dist', 'insert_err']","[0.04504042113987532, 0.016531661532743908, 0.2592147908053491, 0.017472314322540528, 10.084718070106007, 0.3422378234631881, 0.3338864451292424]","[[0.0073846196186389485, 0.0027713173895587374, 0.0889411106581908, 0.007224390068768467, 0.12652547343987486, 0.23125838106731644, 0.15758606143389087], [0.0007064060316868308, 0.0002844814257714533, 0.0889411106581908, 0.007227531211171553, 7.619024137063982, 0.23125838106731644, 0.15758606143389087], [0.0008196351734605254, 0.00043330433870315604, 0.05655076208367582, 0.006848787179717962, 7.19999744576256, 0.23125838106731644, 0.15758606143389087], [0.0005378427094759894, 0.00020422886589101285, 0.03799999711545153, 0.0023336715301473963, 10.463677155389721, 0.23125838106731644, 0.15758606143389087]]","[['', '', '', '', 'target_value', '', ''], ['target_value', 'target_value', '', 'upper_bound', 'upper_bound', '', ''], ['target_value', 'target_value', 'target_value', 'target_value', 'lower_bound', '', ''], ['target_value', 'target_value', 'upper_bound', 'lower_bound', 'upper_bound', '', '']]","[[nan, nan, nan, nan, 0.12652547343987486, nan, nan], [0.0007064060316868308, 0.0002844814257714533, nan, 0.007227531211171553, 7.619024137063982, nan, nan], [0.0008196351734605254, 0.00043330433870315604, 0.05655076208367582, 0.006848787179717962, 7.19999744576256, nan, nan], [0.0005378427094759894, 0.00020422886589101285, 0.03799999711545153, 0.0023336715301473963, 10.463677155389721, nan, nan]]",[],,"[[0, 0, 0, 0, 1, 0, 0], [1, 1, 0, 1, 1, 0, 0], [1, 1, 1, 1, 1, 0, 0], [1, 1, 1, 1, 1, 0, 0]]","[['', '', '', '', '', '', ''], ['target_value', 'target_value', '', '', 'lower_bound', '', ''], ['target_value', 'target_value', 'upper_bound', 'upper_bound', 'lower_bound', '', ''], ['target_value', 'target_value', 'upper_bound', 'upper_bound', 'lower_bound', '', '']]","[[nan, nan, nan, nan, nan, nan, nan], [0.0, 0.0, nan, nan, 4.0, nan, nan], [0.0, 0.0, 0.06, 0.0072, 7.199999999999999, nan, nan], [0.0, 0.0, 0.04, 0.00288, 10.0, nan, nan]]","[[0, 0, 0, 0, 0, 0, 0], [1, 1, 0, 0, 1, 0, 0], [1, 1, 1, 1, 1, 0, 0], [1, 1, 1, 1, 1, 0, 0]]",11.333333333333332,0.01366393170822486,0.0006235569583720965,0.056104895892935616,"[[nan, nan, nan, nan, nan, nan, nan], [0.015683823858863376, 0.017208277898019327, nan, nan, nan, nan, nan], [0.018197768864440828, 0.026210574045743642, nan, nan, 2.532780214159292e-07, nan, nan], [0.011941333936592012, 0.012353801551435173, 0.007715620232683105, nan, nan, nan, nan]]","[[nan, nan, nan, nan, nan, nan, nan], [0.0007064060316868308, 0.0002844814257714533, nan, nan, nan, nan, nan], [0.0008196351734605254, 0.00043330433870315604, nan, nan, 2.5542374393339173e-06, nan, nan], [0.0005378427094759894, 0.00020422886589101285, 0.00200000288454847, nan, nan, nan, nan]]",15,0.5714285714285715,8,0.5333333333333333,0.6153846153846154,13,4387.505232803373,5465.717058552834,5465.717058552834,,4387.505232803373,,
arhsmm,S4SlideInsert,1342,1,"['surf_dist', 'center_dist', 'orient_err', 'speed', 'normal_force', 'start_dist', 'insert_err']","[0.04504042113987532, 0.016531661532743908, 0.2592147908053491, 0.017472314322540528, 10.084718070106007, 0.3422378234631881, 0.3338864451292424]","[[0.0002521384089422072, 1.3769287061666385e-08, 0.0889411106581908, 0.007224390068768467, 0.04891599032365779, 0.23125838106731644, 0.15758606143389087], [0.0007891662052727849, 0.00045210490757677203, 0.0570003331910136, 0.006841825190309426, 7.19999744576256, 0.23125838106731644, 0.15758606143389087], [0.0073846196186389485, 8.173663757735442e-05, 0.056179860349220595, 0.007045463161776605, 5.717345210650845, 0.23125838106731644, 0.04610767067888183], [0.0005324948534429158, 0.0002091619302845159, 0.03799998563523947, 0.007224390068768467, 5.717345210650845, 0.23125838106731644, 0.15758606143389087]]","[['lower_bound', 'lower_bound', '', '', 'lower_bound', '', ''], ['target_value', 'target_value', 'upper_bound', 'target_value', 'lower_bound', '', ''], ['', 'target_value', 'target_value', 'target_value', '', '', 'upper_bound'], ['target_value', 'target_value', 'upper_bound', '', '', '', '']]","[[0.0002521384089422072, 1.3769287061666385e-08, nan, nan, 0.04891599032365779, nan, nan], [0.0007891662052727849, 0.00045210490757677203, 0.0570003331910136, 0.006841825190309426, 7.19999744576256, nan, nan], [nan, 8.173663757735442e-05, 0.056179860349220595, 0.007045463161776605, nan, nan, 0.04610767067888183], [0.0005324948534429158, 0.0002091619302845159, 0.03799998563523947, nan, nan, nan, nan]]",[],,"[[1, 1, 0, 0, 1, 0, 0], [1, 1, 1, 1, 1, 0, 0], [0, 1, 1, 1, 0, 0, 1], [1, 1, 1, 0, 0, 0, 0]]","[['', '', '', '', '', '', ''], ['target_value', 'target_value', '', '', 'lower_bound', '', ''], ['target_value', 'target_value', 'upper_bound', 'upper_bound', 'lower_bound', '', ''], ['target_value', 'target_value', 'upper_bound', 'upper_bound', 'lower_bound', '', '']]","[[nan, nan, nan, nan, nan, nan, nan], [0.0, 0.0, nan, nan, 4.0, nan, nan], [0.0, 0.0, 0.06, 0.0072, 7.199999999999999, nan, nan], [0.0, 0.0, 0.04, 0.00288, 10.0, nan, nan]]","[[0, 0, 0, 0, 0, 0, 0], [1, 1, 0, 0, 1, 0, 0], [1, 1, 1, 1, 1, 0, 0], [1, 1, 1, 1, 1, 0, 0]]",25.76666666666667,0.05704505222674134,0.45772316066592506,0.082900221011706,"[[nan, nan, nan, nan, nan, nan, nan], [0.017521288329476074, 0.027347820222504406, nan, nan, 0.31731154242658194, nan, nan], [nan, 0.004944248187967096, nan, nan, nan, nan, nan], [0.011822599344469404, 0.012652202555093046, 0.007715664521097447, nan, nan, nan, nan]]","[[nan, nan, nan, nan, nan, nan, nan], [0.0007891662052727849, 0.00045210490757677203, nan, nan, 3.19999744576256, nan, nan], [nan, 8.173663757735442e-05, nan, nan, nan, nan, nan], [0.0005324948534429158, 0.0002091619302845159, 0.0020000143647605287, nan, nan, nan, nan]]",15,0.5,7,0.4666666666666667,0.5384615384615384,13,4154.903388369239,4178.886654103338,4178.886654103338,,4154.903388369239,,
arhsmm,S4SlideInsert,1342,2,"['surf_dist', 'center_dist', 'orient_err', 'speed', 'normal_force', 'start_dist', 'insert_err']","[0.04504042113987532, 0.016531661532743908, 0.2592147908053491, 0.017472314322540528, 10.084718070106007, 0.3422378234631881, 0.3338864451292424]","[[0.0002521176144248023, 1.248043090314871e-09, 0.0889411106581908, 0.007224390068768467, 0.04891803680555995, 0.23125838106731644, 0.15758606143389087], [0.0007793650038891101, 0.00041857199091005753, 0.05700020886420992, 0.006860983829704805, 7.19999744576256, 0.23125838106731644, 0.15758606143389087], [0.0073846196186389485, 1.328791399120505e-05, 0.05700021040117676, 0.007340623131543487, 7.199994725064923, 0.23125838106731644, 0.02437941647382222], [0.0005249896904273559, 0.00021853490251058736, 0.038000236842028134, 0.0025611512204983767, 9.999997177419576, 0.23125838106731644, 0.15758606143389087]]","[['lower_bound', 'lower_bound', '', '', 'lower_bound', '', ''], ['target_value', 'target_value', 'upper_bound', 'target_value', 'lower_bound', '', ''], ['', 'target_value', 'upper_bound', 'upper_bound', 'lower_bound', '', 'target_value'], ['target_value', 'target_value', 'upper_bound', 'target_value', 'lower_bound', '', '']]","[[0.0002521176144248023, 1.248043090314871e-09, nan, nan, 0.04891803680555995, nan, nan], [0.0007793650038891101, 0.00041857199091005753, 0.05700020886420992, 0.006860983829704805, 7.19999744576256, nan, nan], [nan, 1.328791399120505e-05, 0.05700021040117676, 0.007340623131543487, 7.199994725064923, nan, 0.02437941647382222], [0.0005249896904273559, 0.00021853490251058736, 0.038000236842028134, 0.0025611512204983767, 9.999997177419576, nan, nan]]",[],,"[[1, 1, 0, 0, 1, 0, 0], [1, 1, 1, 1, 1, 0, 0], [0, 1, 1, 1, 1, 0, 1], [1, 1, 1, 1, 1, 0, 0]]","[['', '', '', '', '', '', ''], ['target_value', 'target_value', '', '', 'lower_bound', '', ''], ['target_value', 'target_value', 'upper_bound', 'upper_bound', 'lower_bound', '', ''], ['target_value', 'target_value', 'upper_bound', 'upper_bound', 'lower_bound', '', '']]","[[nan, nan, nan, nan, nan, nan, nan], [0.0, 0.0, nan, nan, 4.0, nan, nan], [0.0, 0.0, 0.06, 0.0072, 7.199999999999999, nan, nan], [0.0, 0.0, 0.04, 0.00288, 10.0, nan, nan]]","[[0, 0, 0, 0, 0, 0, 0], [1, 1, 0, 0, 1, 0, 0], [1, 1, 1, 1, 1, 0, 0], [1, 1, 1, 1, 1, 0, 0]]",28.1,0.03754090943601282,0.2915545880607388,0.08302972905635655,"[[nan, nan, nan, nan, nan, nan, nan], [0.01730367932104259, 0.025319414511421067, nan, nan, 0.31731154242658194, nan, nan], [nan, 0.0008037857516551475, 0.011572601970370796, 0.00804834030269668, 5.230622254012383e-07, nan, nan], [0.011655967620661756, 0.013219173528186502, 0.007714695414404569, nan, 2.798868946052577e-07, nan, nan]]","[[nan, nan, nan, nan, nan, nan, nan], [0.0007793650038891101, 0.00041857199091005753, nan, nan, 3.19999744576256, nan, nan], [nan, 1.328791399120505e-05, 0.0029997895988232368, 0.00014062313154348735, 5.27493507629373e-06, nan, nan], [0.0005249896904273559, 0.00021853490251058736, 0.0019997631579718664, nan, 2.822580423611498e-06, nan, nan]]",18,0.7096774193548387,11,0.6111111111111112,0.8461538461538461,13,4177.3300493253055,3778.8848523324195,3778.88485233242,,4177.3300493253055,,
arhsmm,S4SlideInsert,1342,3,"['surf_dist', 'center_dist', 'orient_err', 'speed', 'normal_force', 'start_dist', 'insert_err']","[0.04504042113987532, 0.016531661532743908, 0.2592147908053491, 0.017472314322540528, 10.084718070106007, 0.3422378234631881, 0.3338864451292424]","[[0.0073846196186389485, 0.0027713173895587374, 0.0889411106581908, 0.007224390068768467, 0.12296890105842095, 0.23125838106731644, 0.15758606143389087], [0.0073846196186389485, 0.0027713173895587374, 0.0889411106581908, 0.007224390068768467, 0.13515757099069337, 0.23125838106731644, 0.15758606143389087], [0.0007405885118747027, 0.00033252024730339586, 0.0889411106581908, 0.007213352873398605, 5.717345210650845, 0.23125838106731644, 0.15758606143389087], [0.0003504764411139654, 0.00018482177464034487, 0.03798589152742596, 0.002572575692773949, 9.999997280475057, 0.23125838106731644, 0.005604879180766242]]","[['', '', '', '', 'target_value', '', ''], ['', '', '', '', 'target_value', '', ''], ['target_value', 'target_value', '', 'upper_bound', '', '', ''], ['target_value', 'target_value', 'target_value', 'target_value', 'lower_bound', '', 'target_value']]","[[nan, nan, nan, nan, 0.12296890105842095, nan, nan], [nan, nan, nan, nan, 0.13515757099069337, nan, nan], [0.0007405885118747027, 0.00033252024730339586, nan, 0.007213352873398605, nan, nan, nan], [0.0003504764411139654, 0.00018482177464034487, 0.03798589152742596, 0.002572575692773949, 9.999997280475057, nan, 0.005604879180766242]]",[],,"[[0, 0, 0, 0, 1, 0, 0], [0, 0, 0, 0, 1, 0, 0], [1, 1, 0, 1, 0, 0, 0], [1, 1, 1, 1, 1, 0, 1]]","[['', '', '', '', '', '', ''], ['target_value', 'target_value', '', '', 'lower_bound', '', ''], ['target_value', 'target_value', 'upper_bound', 'upper_bound', 'lower_bound', '', ''], ['target_value', 'target_value', 'upper_bound', 'upper_bound', 'lower_bound', '', '']]","[[nan, nan, nan, nan, nan, nan, nan], [0.0, 0.0, nan, nan, 4.0, nan, nan], [0.0, 0.0, 0.06, 0.0072, 7.199999999999999, nan, nan], [0.0, 0.0, 0.04, 0.00288, 10.0, nan, nan]]","[[0, 0, 0, 0, 0, 0, 0], [1, 1, 0, 0, 1, 0, 0], [1, 1, 1, 1, 1, 0, 0], [1, 1, 1, 1, 1, 0, 0]]",12.033333333333335,0.00938044018069918,0.0002707465622123387,0.06547803760056652,"[[nan, nan, nan, nan, nan, nan, nan], [nan, nan, nan, nan, nan, nan, nan], [0.016442752823619643, 0.020114145613541634, nan, 0.0007642303791077835, nan, nan, nan], [0.007781375756357673, 0.011179866843648616, nan, nan, 2.696679197288926e-07, nan, nan]]","[[nan, nan, nan, nan, nan, nan, nan], [nan, nan, nan, nan, nan, nan, nan], [0.0007405885118747027, 0.00033252024730339586, nan, 1.3352873398605504e-05, nan, nan, nan], [0.0003504764411139654, 0.00018482177464034487, nan, nan, 2.719524943017859e-06, nan, nan]]",11,0.4999999999999999,6,0.5454545454545454,0.46153846153846156,13,4074.7125671758813,1364.7113722457138,1364.7113722457138,,4074.7125671758813,,
arhsmm,S4SlideInsert,1342,4,"['surf_dist', 'center_dist', 'orient_err', 'speed', 'normal_force', 'start_dist', 'insert_err']","[0.04504042113987532, 0.016531661532743908, 0.2592147908053491, 0.017472314322540528, 10.084718070106007, 0.3422378234631881, 0.3338864451292424]","[[0.0002520953391689888, 3.0638588578235995e-07, 0.0889411106581908, 0.007224390068768467, 0.04892734220332606, 0.23125838106731644, 0.15758606143389087], [0.0007769918353941786, 0.00040062856022427375, 0.05700006030384846, 0.006869508265553063, 7.199994780369799, 0.23125838106731644, 0.15758606143389087], [0.0006142314147350838, 0.00024384482703907135, 0.0380001756190545, 0.0025514410336935486, 9.999997177419576, 0.23125838106731644, 0.01487500830621491], [0.00028980185567170375, 0.00013138944037873737, 0.03799999999999981, 0.002597172862399532, 5.717345210650845, 0.38348875269881405, 0.004079593881261029]]","[['lower_bound', 'lower_bound', '', '', 'lower_bound', '', ''], ['target_value', 'target_value', 'upper_bound', 'target_value', 'lower_bound', '', ''], ['target_value', 'target_value', 'upper_bound', 'target_value', 'lower_bound', '', 'target_value'], ['target_value', 'target_value', 'target_value', 'target_value', '', 'target_value', 'target_value']]","[[0.0002520953391689888, 3.0638588578235995e-07, nan, nan, 0.04892734220332606, nan, nan], [0.0007769918353941786, 0.00040062856022427375, 0.05700006030384846, 0.006869508265553063, 7.199994780369799, nan, nan], [0.0006142314147350838, 0.00024384482703907135, 0.0380001756190545, 0.0025514410336935486, 9.999997177419576, nan, 0.01487500830621491], [0.00028980185567170375, 0.00013138944037873737, 0.03799999999999981, 0.002597172862399532, nan, 0.38348875269881405, 0.004079593881261029]]",[],,"[[1, 1, 0, 0, 1, 0, 0], [1, 1, 1, 1, 1, 0, 0], [1, 1, 1, 1, 1, 0, 1], [1, 1, 1, 1, 0, 1, 1]]","[['', '', '', '', '', '', ''], ['target_value', 'target_value', '', '', 'lower_bound', '', ''], ['target_value', 'target_value', 'upper_bound', 'upper_bound', 'lower_bound', '', ''], ['target_value', 'target_value', 'upper_bound', 'upper_bound', 'lower_bound', '', '']]","[[nan, nan, nan, nan, nan, nan, nan], [0.0, 0.0, nan, nan, 4.0, nan, nan], [0.0, 0.0, 0.06, 0.0072, 7.199999999999999, nan, nan], [0.0, 0.0, 0.04, 0.00288, 10.0, nan, nan]]","[[0, 0, 0, 0, 0, 0, 0], [1, 1, 0, 0, 1, 0, 0], [1, 1, 1, 1, 1, 0, 0], [1, 1, 1, 1, 1, 0, 0]]",33.66666666666667,0.08489826260415413,0.669383185567085,0.0941536065732151,"[[nan, nan, nan, nan, nan, nan, nan], [0.01725098957181575, 0.02423401661295553, nan, nan, 0.31731127812640597, nan, nan], [0.013637337289266388, 0.01475017054735201, 0.08487102264725982, nan, 0.2776475413546335, nan, nan], [0.006434261677343321, 0.00794774561035484, nan, nan, nan, nan, nan]]","[[nan, nan, nan, nan, nan, nan, nan], [0.0007769918353941786, 0.00040062856022427375, nan, nan, 3.1999947803697992, nan, nan], [0.0006142314147350838, 0.00024384482703907135, 0.0219998243809455, nan, 2.799997177419577, nan, nan], [0.00028980185567170375, 0.00013138944037873737, nan, nan, nan, nan, nan]]",20,0.5454545454545455,9,0.45,0.6923076923076923,13,4085.9619124174487,3799.5505262256647,3799.5505262256647,,4085.9619124174487,,
arhsmm,S4SlideInsert,1342,5,"['surf_dist', 'center_dist', 'orient_err', 'speed', 'normal_force', 'start_dist', 'insert_err']","[0.04504042113987532, 0.016531661532743908, 0.2592147908053491, 0.017472314322540528, 10.084718070106007, 0.3422378234631881, 0.3338864451292424]","[[0.0073846196186389485, 0.0027713173895587374, 0.0889411106581908, 0.007224390068768467, 0.12264122137712885, 0.23125838106731644, 0.15758606143389087], [0.0073846196186389485, 0.0027713173895587374, 0.0889411106581908, 0.007224390068768467, 0.12512561124124133, 0.23125838106731644, 0.15758606143389087], [0.0007020378867674719, 6.119731950420459e-05, 0.0889411106581908, 0.0008799765714454042, 5.717345210650845, 0.23125838106731644, 0.15758606143389087], [0.0007229763320462865, 0.0003600347634643941, 0.05700040313639721, 0.007217018016471855, 7.199998020562734, 0.23125838106731644, 0.15758606143389087]]","[['', '', '', '', 'target_value', '', ''], ['', '', '', '', 'target_value', '', ''], ['target_value', 'target_value', '', 'lower_bound', '', '', ''], ['target_value', 'target_value', 'upper_bound', 'upper_bound', 'lower_bound', '', '']]","[[nan, nan, nan, nan, 0.12264122137712885, nan, nan], [nan, nan, nan, nan, 0.12512561124124133, nan, nan], [0.0007020378867674719, 6.119731950420459e-05, nan, 0.0008799765714454042, nan, nan, nan], [0.0007229763320462865, 0.0003600347634643941, 0.05700040313639721, 0.007217018016471855, 7.199998020562734, nan, nan]]",[],,"[[0, 0, 0, 0, 1, 0, 0], [0, 0, 0, 0, 1, 0, 0], [1, 1, 0, 1, 0, 0, 0], [1, 1, 1, 1, 1, 0, 0]]","[['', '', '', '', '', '', ''], ['target_value', 'target_value', '', '', 'lower_bound', '', ''], ['target_value', 'target_value', 'upper_bound', 'upper_bound', 'lower_bound', '', ''], ['target_value', 'target_value', 'upper_bound', 'upper_bound', 'lower_bound', '', '']]","[[nan, nan, nan, nan, nan, nan, nan], [0.0, 0.0, nan, nan, 4.0, nan, nan], [0.0, 0.0, 0.06, 0.0072, 7.199999999999999, nan, nan], [0.0, 0.0, 0.04, 0.00288, 10.0, nan, nan]]","[[0, 0, 0, 0, 0, 0, 0], [1, 1, 0, 0, 1, 0, 0], [1, 1, 1, 1, 1, 0, 0], [1, 1, 1, 1, 1, 0, 0]]",36.13333333333334,0.09265334788352868,0.403312235270274,0.12663683090643002,"[[nan, nan, nan, nan, nan, nan, nan], [nan, nan, nan, nan, nan, nan, nan], [0.015586841086304624, 0.003701825093805143, nan, nan, nan, nan, nan], [0.016051722291873044, 0.021778498353071225, 0.0655842326110289, 0.24822229822621683, 0.277648017522401, nan, nan]]","[[nan, nan, nan, nan, nan, nan, nan], [nan, nan, nan, nan, nan, nan, nan], [0.0007020378867674719, 6.119731950420459e-05, nan, nan, nan, nan, nan], [0.0007229763320462865, 0.0003600347634643941, 0.01700040313639721, 0.004337018016471855, 2.8000019794372664, nan, nan]]",10,0.608695652173913,7,0.7,0.5384615384615384,13,4176.532927635742,3718.6241878069436,3718.6241878069436,,4176.532927635742,,
arhsmm,S4SlideInsert,1342,6,"['surf_dist', 'center_dist', 'orient_err', 'speed', 'normal_force', 'start_dist', 'insert_err']","[0.04504042113987532, 0.016531661532743908, 0.2592147908053491, 0.017472314322540528, 10.084718070106007, 0.3422378234631881, 0.3338864451292424]","[[0.0002520953391689888, 3.0638588578235995e-07, 0.0889411106581908, 0.007224390068768467, 0.04892734220332606, 0.23125838106731644, 0.15758606143389087], [0.0007792335730922965, 0.0004045344096972126, 0.05700012284522969, 0.006867741574659055, 7.199994780369799, 0.23125838106731644, 0.15758606143389087], [0.0005363184023063974, 4.511008327300319e-05, 0.03919997502761103, 0.0024738404627250654, 10.423895493493795, 0.23125838106731644, 0.020527595278769656], [0.0005282882176819862, 0.00024202003771973046, 0.03800007014733178, 0.0025527930032400075, 5.717345210650845, 0.23125838106731644, 0.010602946268490898]]","[['lower_bound', 'lower_bound', '', '', 'lower_bound', '', ''], ['target_value', 'target_value', 'upper_bound', 'target_value', 'lower_bound', '', ''], ['target_value', 'target_value', 'upper_bound', 'lower_bound', 'upper_bound', '', 'target_value'], ['target_value', 'target_value', 'upper_bound', 'target_value', '', '', 'target_value']]","[[0.0002520953391689888, 3.0638588578235995e-07, nan, nan, 0.04892734220332606, nan, nan], [0.0007792335730922965, 0.0004045344096972126, 0.05700012284522969, 0.006867741574659055, 7.199994780369799, nan, nan], [0.0005363184023063974, 4.511008327300319e-05, 0.03919997502761103, 0.0024738404627250654, 10.423895493493795, nan, 0.020527595278769656], [0.0005282882176819862, 0.00024202003771973046, 0.03800007014733178, 0.0025527930032400075, nan, nan, 0.010602946268490898]]",[],,"[[1, 1, 0, 0, 1, 0, 0], [1, 1, 1, 1, 1, 0, 0], [1, 1, 1, 1, 1, 0, 1], [1, 1, 1, 1, 0, 0, 1]]","[['', '', '', '', '', '', ''], ['target_value', 'target_value', '', '', 'lower_bound', '', ''], ['target_value', 'target_value', 'upper_bound', 'upper_bound', 'lower_bound', '', ''], ['target_value', 'target_value', 'upper_bound', 'upper_bound', 'lower_bound', '', '']]","[[nan, nan, nan, nan, nan, nan, nan], [0.0, 0.0, nan, nan, 4.0, nan, nan], [0.0, 0.0, 0.06, 0.0072, 7.199999999999999, nan, nan], [0.0, 0.0, 0.04, 0.00288, 10.0, nan, nan]]","[[0, 0, 0, 0, 0, 0, 0], [1, 1, 0, 0, 1, 0, 0], [1, 1, 1, 1, 1, 0, 0], [1, 1, 1, 1, 1, 0, 0]]",29.46666666666666,0.054227253447307326,0.35837002665762524,0.09292706992162787,"[[nan, nan, nan, nan, nan, nan, nan], [0.017300761257812113, 0.024470281398875724, nan, nan, 0.31731127812640597, nan, nan], [0.011907490843410043, 0.0027287083747543836, 0.08024243102704826, nan, nan, nan, nan], [0.011729202443319974, 0.014639789064176432, 0.007715338489963005, nan, nan, nan, nan]]","[[nan, nan, nan, nan, nan, nan, nan], [0.0007792335730922965, 0.0004045344096972126, nan, nan, 3.1999947803697992, nan, nan], [0.0005363184023063974, 4.511008327300319e-05, 0.020800024972388968, nan, nan, nan, nan], [0.0005282882176819862, 0.00024202003771973046, 0.0019999298526682183, nan, nan, nan, nan]]",19,0.5625,9,0.47368421052631576,0.6923076923076923,13,4166.984312295184,3748.3877712440813,3748.3877712440813,,4166.984312295184,,
arhsmm,S4SlideInsert,1342,7,"['surf_dist', 'center_dist', 'orient_err', 'speed', 'normal_force', 'start_dist', 'insert_err']","[0.04504042113987532, 0.016531661532743908, 0.2592147908053491, 0.017472314322540528, 10.084718070106007, 0.3422378234631881, 0.3338864451292424]","[[0.0073846196186389485, 0.0027713173895587374, 0.0889411106581908, 0.007224390068768467, 0.12268305509802424, 0.23125838106731644, 0.15758606143389087], [0.0073846196186389485, 0.0027713173895587374, 0.0889411106581908, 0.007224390068768467, 0.12859032441797158, 0.23125838106731644, 0.15758606143389087], [0.0006512378466938806, 6.569712240892499e-05, 0.0889411106581908, 0.0010357035953841177, 3.999994568006018, 0.23125838106731644, 0.15758606143389087], [0.0007229763320462865, 0.0003600347634643941, 0.05700040313639721, 0.007217018016471855, 7.199998020562734, 0.23125838106731644, 0.15758606143389087]]","[['', '', '', '', 'target_value', '', ''], ['', '', '', '', 'target_value', '', ''], ['target_value', 'target_value', '', 'target_value', 'lower_bound', '', ''], ['target_value', 'target_value', 'upper_bound', 'upper_bound', 'lower_bound', '', '']]","[[nan, nan, nan, nan, 0.12268305509802424, nan, nan], [nan, nan, nan, nan, 0.12859032441797158, nan, nan], [0.0006512378466938806, 6.569712240892499e-05, nan, 0.0010357035953841177, 3.999994568006018, nan, nan], [0.0007229763320462865, 0.0003600347634643941, 0.05700040313639721, 0.007217018016471855, 7.199998020562734, nan, nan]]",[],,"[[0, 0, 0, 0, 1, 0, 0], [0, 0, 0, 0, 1, 0, 0], [1, 1, 0, 1, 1, 0, 0], [1, 1, 1, 1, 1, 0, 0]]","[['', '', '', '', '', '', ''], ['target_value', 'target_value', '', '', 'lower_bound', '', ''], ['target_value', 'target_value', 'upper_bound', 'upper_bound', 'lower_bound', '', ''], ['target_value', 'target_value', 'upper_bound', 'upper_bound', 'lower_bound', '', '']]","[[nan, nan, nan, nan, nan, nan, nan], [0.0, 0.0, nan, nan, 4.0, nan, nan], [0.0, 0.0, 0.06, 0.0072, 7.199999999999999, nan, nan], [0.0, 0.0, 0.04, 0.00288, 10.0, nan, nan]]","[[0, 0, 0, 0, 0, 0, 0], [1, 1, 0, 0, 1, 0, 0], [1, 1, 1, 1, 1, 0, 0], [1, 1, 1, 1, 1, 0, 0]]",35.833333333333336,0.12062876073501583,0.7528930973310913,0.12487022991625063,"[[nan, nan, nan, nan, nan, nan, nan], [nan, nan, nan, nan, nan, nan, nan], [0.014458964419347421, 0.00397401811540843, nan, nan, 0.3173123343407799, nan, nan], [0.016051722291873044, 0.021778498353071225, 0.0655842326110289, 0.24822229822621683, 0.277648017522401, nan, nan]]","[[nan, nan, nan, nan, nan, nan, nan], [nan, nan, nan, nan, nan, nan, nan], [0.0006512378466938806, 6.569712240892499e-05, nan, nan, 3.2000054319939815, nan, nan], [0.0007229763320462865, 0.0003600347634643941, 0.01700040313639721, 0.004337018016471855, 2.8000019794372664, nan, nan]]",11,0.6666666666666667,8,0.7272727272727273,0.6153846153846154,13,4185.511035465794,3936.4244006580084,3936.4244006580084,,4185.511035465794,,
arhsmm,S4SlideInsert,1342,8,"['surf_dist', 'center_dist', 'orient_err', 'speed', 'normal_force', 'start_dist', 'insert_err']","[0.04504042113987532, 0.016531661532743908, 0.2592147908053491, 0.017472314322540528, 10.084718070106007, 0.3422378234631881, 0.3338864451292424]","[[0.0002520953391689888, 3.0638588578235995e-07, 0.0889411106581908, 0.007224390068768467, 0.04892734220332606, 0.23125838106731644, 0.15758606143389087], [0.0007778690984587373, 0.0004062317568707674, 0.05700024904586216, 0.006866963204633522, 7.19999744576256, 0.23125838106731644, 0.15758606143389087], [0.0073846196186389485, 7.946104769454045e-05, 0.04014689405183949, 0.0024793548051031166, 10.48781792937957, 0.23125838106731644, 0.15758606143389087], [0.0005080829753195655, 0.0002490173134487212, 0.03800007014733178, 0.0025480889340640895, 9.999997234333943, 0.37707678961534596, 0.00951542856077689]]","[['lower_bound', 'lower_bound', '', '', 'lower_bound', '', ''], ['target_value', 'target_value', 'upper_bound', 'target_value', 'lower_bound', '', ''], ['', 'target_value', 'upper_bound', 'lower_bound', 'upper_bound', '', ''], ['target_value', 'target_value', 'upper_bound', 'target_value', 'lower_bound', 'target_value', 'target_value']]","[[0.0002520953391689888, 3.0638588578235995e-07, nan, nan, 0.04892734220332606, nan, nan], [0.0007778690984587373, 0.0004062317568707674, 0.05700024904586216, 0.006866963204633522, 7.19999744576256, nan, nan], [nan, 7.946104769454045e-05, 0.04014689405183949, 0.0024793548051031166, 10.48781792937957, nan, nan], [0.0005080829753195655, 0.0002490173134487212, 0.03800007014733178, 0.0025480889340640895, 9.999997234333943, 0.37707678961534596, 0.00951542856077689]]",[],,"[[1, 1, 0, 0, 1, 0, 0], [1, 1, 1, 1, 1, 0, 0], [0, 1, 1, 1, 1, 0, 0], [1, 1, 1, 1, 1, 1, 1]]","[['', '', '', '', '', '', ''], ['target_value', 'target_value', '', '', 'lower_bound', '', ''], ['target_value', 'target_value', 'upper_bound', 'upper_bound', 'lower_bound', '', ''], ['target_value', 'target_value', 'upper_bound', 'upper_bound', 'lower_bound', '', '']]","[[nan, nan, nan, nan, nan, nan, nan], [0.0, 0.0, nan, nan, 4.0, nan, nan], [0.0, 0.0, 0.06, 0.0072, 7.199999999999999, nan, nan], [0.0, 0.0, 0.04, 0.00288, 10.0, nan, nan]]","[[0, 0, 0, 0, 0, 0, 0], [1, 1, 0, 0, 1, 0, 0], [1, 1, 1, 1, 1, 0, 0], [1, 1, 1, 1, 1, 0, 0]]",29.9,0.05273447004084243,0.3582082121579154,0.09215033988619181,"[[nan, nan, nan, nan, nan, nan, nan], [0.017270466811201104, 0.02457295390824164, nan, nan, 0.31731154242658194, nan, nan], [nan, 0.004806597784327586, 0.07658940250469234, nan, nan, nan, nan], [0.011280600013523143, 0.015063054185781506, 0.007715338489963005, nan, 2.742432696514096e-07, nan, nan]]","[[nan, nan, nan, nan, nan, nan, nan], [0.0007778690984587373, 0.0004062317568707674, nan, nan, 3.19999744576256, nan, nan], [nan, 7.946104769454045e-05, 0.019853105948160504, nan, nan, nan, nan], [0.0005080829753195655, 0.0002490173134487212, 0.0019999298526682183, nan, 2.7656660570585245e-06, nan, nan]]",19,0.5625,9,0.47368421052631576,0.6923076923076923,13,4176.249515822943,3773.0078472590003,3773.0078472590003,,4176.249515822943,,
arhsmm,S4SlideInsert,1342,9,"['surf_dist', 'center_dist', 'orient_err', 'speed', 'normal_force', 'start_dist', 'insert_err']","[0.04504042113987532, 0.016531661532743908, 0.2592147908053491, 0.017472314322540528, 10.084718070106007, 0.3422378234631881, 0.3338864451292424]","[[0.0073846196186389485, 0.0027713173895587374, 0.0889411106581908, 0.007224390068768467, 0.11883466390185582, 0.23125838106731644, 0.15758606143389087], [0.0073846196186389485, 0.0027713173895587374, 0.0889411106581908, 0.007224390068768467, 0.12482289727128748, 0.23125838106731644, 0.15758606143389087], [0.0007514844392236082, 0.00032975761256719095, 0.0889411106581908, 0.007223051991743287, 5.717345210650845, 0.23125838106731644, 0.15758606143389087], [0.0003817458456854368, 0.00020730833888050462, 0.03718073866465533, 0.0025606700533650877, 9.999997280475057, 0.38039767488654974, 0.006232317088518596]]","[['', '', '', '', 'target_value', '', ''], ['', '', '', '', 'target_value', '', ''], ['target_value', 'target_value', '', 'upper_bound', '', '', ''], ['target_value', 'target_value', 'target_value', 'target_value', 'lower_bound', 'target_value', 'target_value']]","[[nan, nan, nan, nan, 0.11883466390185582, nan, nan], [nan, nan, nan, nan, 0.12482289727128748, nan, nan], [0.0007514844392236082, 0.00032975761256719095, nan, 0.007223051991743287, nan, nan, nan], [0.0003817458456854368, 0.00020730833888050462, 0.03718073866465533, 0.0025606700533650877, 9.999997280475057, 0.38039767488654974, 0.006232317088518596]]",[],,"[[0, 0, 0, 0, 1, 0, 0], [0, 0, 0, 0, 1, 0, 0], [1, 1, 0, 1, 0, 0, 0], [1, 1, 1, 1, 1, 1, 1]]","[['', '', '', '', '', '', ''], ['target_value', 'target_value', '', '', 'lower_bound', '', ''], ['target_value', 'target_value', 'upper_bound', 'upper_bound', 'lower_bound', '', ''], ['target_value', 'target_value', 'upper_bound', 'upper_bound', 'lower_bound', '', '']]","[[nan, nan, nan, nan, nan, nan, nan], [0.0, 0.0, nan, nan, 4.0, nan, nan], [0.0, 0.0, 0.06, 0.0072, 7.199999999999999, nan, nan], [0.0, 0.0, 0.04, 0.00288, 10.0, nan, nan]]","[[0, 0, 0, 0, 0, 0, 0], [1, 1, 0, 0, 1, 0, 0], [1, 1, 1, 1, 1, 0, 0], [1, 1, 1, 1, 1, 0, 0]]",18.46666666666667,0.009827836890973822,0.00028267795884050754,0.10711705893847039,"[[nan, nan, nan, nan, nan, nan, nan], [nan, nan, nan, nan, nan, nan, nan], [0.016684667243448616, 0.019947033872792952, nan, 0.0013193439242074668, nan, nan, nan], [0.0084756278032993, 0.01254007883417486, nan, nan, 2.696679197288926e-07, nan, nan]]","[[nan, nan, nan, nan, nan, nan, nan], [nan, nan, nan, nan, nan, nan, nan], [0.0007514844392236082, 0.00032975761256719095, nan, 2.3051991743286947e-05, nan, nan, nan], [0.0003817458456854368, 0.00020730833888050462, nan, nan, 2.719524943017859e-06, nan, nan]]",12,0.48000000000000004,6,0.5,0.46153846153846156,13,3948.635666031446,716.4241424808021,716.4241424808021,,3948.635666031446,,
changeforest,S4SlideInsert,1342,0,"['surf_dist', 'center_dist', 'orient_err', 'speed', 'normal_force', 'start_dist', 'insert_err']","[0.04504042113987532, 0.016531661532743908, 0.2592147908053491, 0.017472314322540528, 10.084718070106007, 0.3422378234631881, 0.3338864451292424]","[[0.0073846196186389485, 0.0027713173895587374, 0.0889411106581908, 0.007224390068768467, 0.12652547343987486, 0.23125838106731644, 0.15758606143389087], [0.0006666214153488639, 6.298753741977884e-05, 0.0889411106581908, 0.0008754423192310337, 3.9999960620919044, 0.23125838106731644, 0.15758606143389087], [0.0007777898858549771, 0.00040613048525760037, 0.05700011877485783, 0.006867695366682712, 7.199994780369799, 0.23125838106731644, 0.15758606143389087], [0.0005235159813467274, 0.00021120253448241337, 0.03800006282314771, 0.0026296504222118045, 5.717345210650845, 0.23125838106731644, 0.15758606143389087]]","[['', '', '', '', 'target_value', '', ''], ['target_value', 'target_value', '', 'lower_bound', 'lower_bound', '', ''], ['target_value', 'target_value', 'upper_bound', 'target_value', 'lower_bound', '', ''], ['target_value', 'target_value', 'upper_bound', 'target_value', '', '', '']]","[[nan, nan, nan, nan, 0.12652547343987486, nan, nan], [0.0006666214153488639, 6.298753741977884e-05, nan, 0.0008754423192310337, 3.9999960620919044, nan, nan], [0.0007777898858549771, 0.00040613048525760037, 0.05700011877485783, 0.006867695366682712, 7.199994780369799, nan, nan], [0.0005235159813467274, 0.00021120253448241337, 0.03800006282314771, 0.0026296504222118045, nan, nan, nan]]",[],,"[[0, 0, 0, 0, 1, 0, 0], [1, 1, 0, 1, 1, 0, 0], [1, 1, 1, 1, 1, 0, 0], [1, 1, 1, 1, 0, 0, 0]]","[['', '', '', '', '', '', ''], ['target_value', 'target_value', '', '', 'lower_bound', '', ''], ['target_value', 'target_value', 'upper_bound', 'upper_bound', 'lower_bound', '', ''], ['target_value', 'target_value', 'upper_bound', 'upper_bound', 'lower_bound', '', '']]","[[nan, nan, nan, nan, nan, nan, nan], [0.0, 0.0, nan, nan, 4.0, nan, nan], [0.0, 0.0, 0.06, 0.0072, 7.199999999999999, nan, nan], [0.0, 0.0, 0.04, 0.00288, 10.0, nan, nan]]","[[0, 0, 0, 0, 0, 0, 0], [1, 1, 0, 0, 1, 0, 0], [1, 1, 1, 1, 1, 0, 0], [1, 1, 1, 1, 1, 0, 0]]",0.33333333333333337,0.010413428300845066,0.0007657223780000484,0.03607443961817068,"[[nan, nan, nan, nan, nan, nan, nan], [0.014800514703862053, 0.003810115353197909, nan, nan, 3.9048271535534646e-07, nan, nan], [0.017268708110865817, 0.024566827989623816, 0.01157295544680107, nan, 5.175781974046487e-07, nan, nan], [0.011623247920371836, 0.012775638677581745, 0.007715366745233659, nan, nan, nan, nan]]","[[nan, nan, nan, nan, nan, nan, nan], [0.0006666214153488639, 6.298753741977884e-05, nan, nan, 3.9379080956081225e-06, nan, nan], [0.0007777898858549771, 0.00040613048525760037, 0.0029998812251421647, nan, 5.219630200059555e-06, nan, nan], [0.0005235159813467274, 0.00021120253448241337, 0.00199993717685229, nan, nan, nan, nan]]",14,0.7407407407407408,10,0.7142857142857143,0.7692307692307693,13,1426.758116429399,7064.131247390852,7064.131247390852,1426.758116429399,,,
changeforest,S4SlideInsert,1342,1,"['surf_dist', 'center_dist', 'orient_err', 'speed', 'normal_force', 'start_dist', 'insert_err']","[0.04504042113987532, 0.016531661532743908, 0.2592147908053491, 0.017472314322540528, 10.084718070106007, 0.3422378234631881, 0.3338864451292424]","[[0.0073846196186389485, 0.0027713173895587374, 0.0889411106581908, 0.007224390068768467, 0.1988815766302734, 0.23125838106731644, 0.15758606143389087], [6.259346990181245e-05, 0.0002697952902585908, 0.0889411106581908, 0.0008754295643225623, 5.717345210650845, 0.23125838106731644, 0.15758606143389087], [0.0007769866309466798, 0.0004066884212256972, 0.05700011877485783, 0.006867693918018934, 7.199994780369799, 0.23125838106731644, 0.15758606143389087], [0.0005232988462613884, 0.00021120253448241337, 0.03800006282314771, 0.0026287068698608897, 5.717345210650845, 0.23125838106731644, 0.15758606143389087]]","[['', '', '', '', 'target_value', '', ''], ['lower_bound', 'target_value', '', 'lower_bound', '', '', ''], ['target_value', 'target_value', 'upper_bound', 'target_value', 'lower_bound', '', ''], ['target_value', 'target_value', 'upper_bound', 'target_value', '', '', '']]","[[nan, nan, nan, nan, 0.1988815766302734, nan, nan], [6.259346990181245e-05, 0.0002697952902585908, nan, 0.0008754295643225623, nan, nan, nan], [0.0007769866309466798, 0.0004066884212256972, 0.05700011877485783, 0.006867693918018934, 7.199994780369799, nan, nan], [0.0005232988462613884, 0.00021120253448241337, 0.03800006282314771, 0.0026287068698608897, nan, nan, nan]]",[],,"[[0, 0, 0, 0, 1, 0, 0], [1, 1, 0, 1, 0, 0, 0], [1, 1, 1, 1, 1, 0, 0], [1, 1, 1, 1, 0, 0, 0]]","[['', '', '', '', '', '', ''], ['target_value', 'target_value', '', '', 'lower_bound', '', ''], ['target_value', 'target_value', 'upper_bound', 'upper_bound', 'lower_bound', '', ''], ['target_value', 'target_value', 'upper_bound', 'upper_bound', 'lower_bound', '', '']]","[[nan, nan, nan, nan, nan, nan, nan], [0.0, 0.0, nan, nan, 4.0, nan, nan], [0.0, 0.0, 0.06, 0.0072, 7.199999999999999, nan, nan], [0.0, 0.0, 0.04, 0.00288, 10.0, nan, nan]]","[[0, 0, 0, 0, 0, 0, 0], [1, 1, 0, 0, 1, 0, 0], [1, 1, 1, 1, 1, 0, 0], [1, 1, 1, 1, 1, 0, 0]]",1.0,0.012731783846121593,0.0008991262194211604,0.03615536808773607,"[[nan, nan, nan, nan, nan, nan, nan], [nan, 0.016319913743952055, nan, nan, nan, nan, nan], [0.017250874021219924, 0.024600577529377686, 0.01157295544680107, nan, 5.175781974046487e-07, nan, nan], [0.011618427026609214, 0.012775638677581745, 0.007715366745233659, nan, nan, nan, nan]]","[[nan, nan, nan, nan, nan, nan, nan], [nan, 0.0002697952902585908, nan, nan, nan, nan, nan], [0.0007769866309466798, 0.0004066884212256972, 0.0029998812251421647, nan, 5.219630200059555e-06, nan, nan], [0.0005232988462613884, 0.00021120253448241337, 0.00199993717685229, nan, nan, nan, nan]]",13,0.6153846153846154,8,0.6153846153846154,0.6153846153846154,13,1426.2795896740706,6737.6758302235285,6737.6758302235285,1426.2795896740706,,,
changeforest,S4SlideInsert,1342,2,"['surf_dist', 'center_dist', 'orient_err', 'speed', 'normal_force', 'start_dist', 'insert_err']","[0.04504042113987532, 0.016531661532743908, 0.2592147908053491, 0.017472314322540528, 10.084718070106007, 0.3422378234631881, 0.3338864451292424]","[[0.0073846196186389485, 0.0027713173895587374, 0.0889411106581908, 0.007224390068768467, 0.18534595424587685, 0.23125838106731644, 0.15758606143389087], [0.0006676992443254972, 6.367016780917719e-05, 0.0889411106581908, 0.0008754316779770671, 3.9999960620919044, 0.23125838106731644, 0.15758606143389087], [0.0007785722197487088, 0.0004066992954610423, 0.05700011877485783, 0.006867704809020226, 7.199994780369799, 0.23125838106731644, 0.15758606143389087], [0.0005220387362223754, 0.00021017727946065403, 0.03800013137547148, 0.007224390068768467, 5.717345210650845, 0.23125838106731644, 0.15758606143389087]]","[['', '', '', '', 'target_value', '', ''], ['target_value', 'target_value', '', 'lower_bound', 'lower_bound', '', ''], ['target_value', 'target_value', 'upper_bound', 'target_value', 'lower_bound', '', ''], ['target_value', 'target_value', 'upper_bound', '', '', '', '']]","[[nan, nan, nan, nan, 0.18534595424587685, nan, nan], [0.0006676992443254972, 6.367016780917719e-05, nan, 0.0008754316779770671, 3.9999960620919044, nan, nan], [0.0007785722197487088, 0.0004066992954610423, 0.05700011877485783, 0.006867704809020226, 7.199994780369799, nan, nan], [0.0005220387362223754, 0.00021017727946065403, 0.03800013137547148, nan, nan, nan, nan]]",[],,"[[0, 0, 0, 0, 1, 0, 0], [1, 1, 0, 1, 1, 0, 0], [1, 1, 1, 1, 1, 0, 0], [1, 1, 1, 0, 0, 0, 0]]","[['', '', '', '', '', '', ''], ['target_value', 'target_value', '', '', 'lower_bound', '', ''], ['target_value', 'target_value', 'upper_bound', 'upper_bound', 'lower_bound', '', ''], ['target_value', 'target_value', 'upper_bound', 'upper_bound', 'lower_bound', '', '']]","[[nan, nan, nan, nan, nan, nan, nan], [0.0, 0.0, nan, nan, 4.0, nan, nan], [0.0, 0.0, 0.06, 0.0072, 7.199999999999999, nan, nan], [0.0, 0.0, 0.04, 0.00288, 10.0, nan, nan]]","[[0, 0, 0, 0, 0, 0, 0], [1, 1, 0, 0, 1, 0, 0], [1, 1, 1, 1, 1, 0, 0], [1, 1, 1, 1, 1, 0, 0]]",0.5333333333333333,0.010415620215602,0.0007657764330993809,0.03611707158772583,"[[nan, nan, nan, nan, nan, nan, nan], [0.0148244449636011, 0.003851407656941624, nan, nan, 3.9048271535534646e-07, nan, nan], [0.0172860777063077, 0.024601235311738127, 0.01157295544680107, nan, 5.175781974046487e-07, nan, nan], [0.01159044971185233, 0.012713621014098335, 0.007715102283766951, nan, nan, nan, nan]]","[[nan, nan, nan, nan, nan, nan, nan], [0.0006676992443254972, 6.367016780917719e-05, nan, nan, 3.9379080956081225e-06, nan, nan], [0.0007785722197487088, 0.0004066992954610423, 0.0029998812251421647, nan, 5.219630200059555e-06, nan, nan], [0.0005220387362223754, 0.00021017727946065403, 0.001999868624528521, nan, nan, nan, nan]]",13,0.7692307692307693,10,0.7692307692307693,0.7692307692307693,13,1437.0915376297658,6861.585664397596,6861.585664397596,1437.0915376297658,,,
changeforest,S4SlideInsert,1342,3,"['surf_dist', 'center_dist', 'orient_err', 'speed', 'normal_force', 'start_dist', 'insert_err']","[0.04504042113987532, 0.016531661532743908, 0.2592147908053491, 0.017472314322540528, 10.084718070106007, 0.3422378234631881, 0.3338864451292424]","[[0.0073846196186389485, 0.0027713173895587374, 0.0889411106581908, 0.007224390068768467, 0.18668563987324038, 0.23125838106731644, 0.15758606143389087], [6.255463364999211e-05, 0.00021665446021261253, 0.0889411106581908, 0.000875434345256337, 5.717345210650845, 0.23125838106731644, 0.15758606143389087], [0.0007787210635339659, 0.00040556326390947485, 0.057000140183565154, 0.006861606253239216, 7.1999864971740495, 0.23125838106731644, 0.15758606143389087], [0.0005190012895689607, 0.00021223784102399404, 0.037999983034530393, 0.0026302472863347047, 5.717345210650845, 0.23125838106731644, 0.001905813482147689]]","[['', '', '', '', 'target_value', '', ''], ['lower_bound', 'target_value', '', 'lower_bound', '', '', ''], ['target_value', 'target_value', 'upper_bound', 'target_value', 'lower_bound', '', ''], ['target_value', 'target_value', 'upper_bound', 'target_value', '', '', 'lower_bound']]","[[nan, nan, nan, nan, 0.18668563987324038, nan, nan], [6.255463364999211e-05, 0.00021665446021261253, nan, 0.000875434345256337, nan, nan, nan], [0.0007787210635339659, 0.00040556326390947485, 0.057000140183565154, 0.006861606253239216, 7.1999864971740495, nan, nan], [0.0005190012895689607, 0.00021223784102399404, 0.037999983034530393, 0.0026302472863347047, nan, nan, 0.001905813482147689]]",[],,"[[0, 0, 0, 0, 1, 0, 0], [1, 1, 0, 1, 0, 0, 0], [1, 1, 1, 1, 1, 0, 0], [1, 1, 1, 1, 0, 0, 1]]","[['', '', '', '', '', '', ''], ['target_value', 'target_value', '', '', 'lower_bound', '', ''], ['target_value', 'target_value', 'upper_bound', 'upper_bound', 'lower_bound', '', ''], ['target_value', 'target_value', 'upper_bound', 'upper_bound', 'lower_bound', '', '']]","[[nan, nan, nan, nan, nan, nan, nan], [0.0, 0.0, nan, nan, 4.0, nan, nan], [0.0, 0.0, 0.06, 0.0072, 7.199999999999999, nan, nan], [0.0, 0.0, 0.04, 0.00288, 10.0, nan, nan]]","[[0, 0, 0, 0, 0, 0, 0], [1, 1, 0, 0, 1, 0, 0], [1, 1, 1, 1, 1, 0, 0], [1, 1, 1, 1, 1, 0, 0]]",0.9,0.012322310866569621,0.0008931946907629083,0.03609541032513207,"[[nan, nan, nan, nan, nan, nan, nan], [nan, 0.013105425597027237, nan, nan, nan, nan, nan], [0.01728938237756721, 0.02453251677734778, 0.011572872856192509, nan, 1.3389393591312545e-06, nan, nan], [0.011523011473564507, 0.012838264357373825, 0.00771567455412477, nan, nan, nan, nan]]","[[nan, nan, nan, nan, nan, nan, nan], [nan, 0.00021665446021261253, nan, nan, nan, nan, nan], [0.0007787210635339659, 0.00040556326390947485, 0.002999859816434844, nan, 1.3502825949807118e-05, nan, nan], [0.0005190012895689607, 0.00021223784102399404, 0.0020000169654696073, nan, nan, nan, nan]]",14,0.5925925925925927,8,0.5714285714285714,0.6153846153846154,13,1391.4533298041063,6756.990362395374,6756.990362395374,1391.4533298041063,,,
changeforest,S4SlideInsert,1342,4,"['surf_dist', 'center_dist', 'orient_err', 'speed', 'normal_force', 'start_dist', 'insert_err']","[0.04504042113987532, 0.016531661532743908, 0.2592147908053491, 0.017472314322540528, 10.084718070106007, 0.3422378234631881, 0.3338864451292424]","[[0.0073846196186389485, 0.0027713173895587374, 0.0889411106581908, 0.007224390068768467, 0.1852881260439414, 0.23125838106731644, 0.15758606143389087], [0.0007962076976745338, 8.264301774842499e-05, 0.0889411106581908, 0.0008754293294612938, 5.717345210650845, 0.23125838106731644, 0.15758606143389087], [0.0007761367440709561, 0.00040499762476873657, 0.05700011877485783, 0.006868403783329809, 7.199994780369799, 0.23125838106731644, 0.15758606143389087], [0.0005268497490813415, 0.0002132833476300236, 0.03800021145313168, 0.002585394143271358, 9.999990405187535, 0.23125838106731644, 0.15758606143389087]]","[['', '', '', '', 'target_value', '', ''], ['target_value', 'target_value', '', 'lower_bound', '', '', ''], ['target_value', 'target_value', 'upper_bound', 'target_value', 'lower_bound', '', ''], ['target_value', 'target_value', 'upper_bound', 'target_value', 'lower_bound', '', '']]","[[nan, nan, nan, nan, 0.1852881260439414, nan, nan], [0.0007962076976745338, 8.264301774842499e-05, nan, 0.0008754293294612938, nan, nan, nan], [0.0007761367440709561, 0.00040499762476873657, 0.05700011877485783, 0.006868403783329809, 7.199994780369799, nan, nan], [0.0005268497490813415, 0.0002132833476300236, 0.03800021145313168, 0.002585394143271358, 9.999990405187535, nan, nan]]",[],,"[[0, 0, 0, 0, 1, 0, 0], [1, 1, 0, 1, 0, 0, 0], [1, 1, 1, 1, 1, 0, 0], [1, 1, 1, 1, 1, 0, 0]]","[['', '', '', '', '', '', ''], ['target_value', 'target_value', '', '', 'lower_bound', '', ''], ['target_value', 'target_value', 'upper_bound', 'upper_bound', 'lower_bound', '', ''], ['target_value', 'target_value', 'upper_bound', 'upper_bound', 'lower_bound', '', '']]","[[nan, nan, nan, nan, nan, nan, nan], [0.0, 0.0, nan, nan, 4.0, nan, nan], [0.0, 0.0, 0.06, 0.0072, 7.199999999999999, nan, nan], [0.0, 0.0, 0.04, 0.00288, 10.0, nan, nan]]","[[0, 0, 0, 0, 0, 0, 0], [1, 1, 0, 0, 1, 0, 0], [1, 1, 1, 1, 1, 0, 0], [1, 1, 1, 1, 1, 0, 0]]",0.6333333333333333,0.010829499649725915,0.0007814602395649105,0.036066392028172606,"[[nan, nan, nan, nan, nan, nan, nan], [0.01767762550891499, 0.004999075113214467, nan, nan, nan, nan, nan], [0.01723200459561921, 0.024498301272776874, 0.01157295544680107, nan, 5.175781974046487e-07, nan, nan], [0.011697265162001546, 0.012901507038937245, 0.007714793359804901, nan, 9.514209914289541e-07, nan, nan]]","[[nan, nan, nan, nan, nan, nan, nan], [0.0007962076976745338, 8.264301774842499e-05, nan, nan, nan, nan, nan], [0.0007761367440709561, 0.00040499762476873657, 0.0029998812251421647, nan, 5.219630200059555e-06, nan, nan], [0.0005268497490813415, 0.0002132833476300236, 0.001999788546868324, nan, 9.594812464541747e-06, nan, nan]]",14,0.7407407407407408,10,0.7142857142857143,0.7692307692307693,13,1435.2211685423288,6855.470931314627,6855.470931314628,1435.2211685423288,,,
changeforest,S4SlideInsert,1342,5,"['surf_dist', 'center_dist', 'orient_err', 'speed', 'normal_force', 'start_dist', 'insert_err']","[0.04504042113987532, 0.016531661532743908, 0.2592147908053491, 0.017472314322540528, 10.084718070106007, 0.3422378234631881, 0.3338864451292424]","[[0.0073846196186389485, 0.0027713173895587374, 0.0889411106581908, 0.007224390068768467, 0.18534595424587685, 0.23125838106731644, 0.15758606143389087], [0.0006676992443254972, 6.367016780917719e-05, 0.0889411106581908, 0.0008754316779770671, 3.9999960620919044, 0.23125838106731644, 0.15758606143389087], [0.0007784641686687747, 0.0004066992954610423, 0.05700011877485783, 0.006867482353305894, 7.199994780369799, 0.23125838106731644, 0.15758606143389087], [0.0005224132433635058, 0.00021017727946065403, 0.03800013137547148, 0.00265096176442306, 5.717345210650845, 0.23125838106731644, 0.15758606143389087]]","[['', '', '', '', 'target_value', '', ''], ['target_value', 'target_value', '', 'lower_bound', 'lower_bound', '', ''], ['target_value', 'target_value', 'upper_bound', 'target_value', 'lower_bound', '', ''], ['target_value', 'target_value', 'upper_bound', 'target_value', '', '', '']]","[[nan, nan, nan, nan, 0.18534595424587685, nan, nan], [0.0006676992443254972, 6.367016780917719e-05, nan, 0.0008754316779770671, 3.9999960620919044, nan, nan], [0.0007784641686687747, 0.0004066992954610423, 0.05700011877485783, 0.006867482353305894, 7.199994780369799, nan, nan], [0.0005224132433635058, 0.00021017727946065403, 0.03800013137547148, 0.00265096176442306, nan, nan, nan]]",[],,"[[0, 0, 0, 0, 1, 0, 0], [1, 1, 0, 1, 1, 0, 0], [1, 1, 1, 1, 1, 0, 0], [1, 1, 1, 1, 0, 0, 0]]","[['', '', '', '', '', '', ''], ['target_value', 'target_value', '', '', 'lower_bound', '', ''], ['target_value', 'target_value', 'upper_bound', 'upper_bound', 'lower_bound', '', ''], ['target_value', 'target_value', 'upper_bound', 'upper_bound', 'lower_bound', '', '']]","[[nan, nan, nan, nan, nan, nan, nan], [0.0, 0.0, nan, nan, 4.0, nan, nan], [0.0, 0.0, 0.06, 0.0072, 7.199999999999999, nan, nan], [0.0, 0.0, 0.04, 0.00288, 10.0, nan, nan]]","[[0, 0, 0, 0, 0, 0, 0], [1, 1, 0, 0, 1, 0, 0], [1, 1, 1, 1, 1, 0, 0], [1, 1, 1, 1, 1, 0, 0]]",0.5333333333333332,0.010416211808785308,0.0007658030787055005,0.03611246259576439,"[[nan, nan, nan, nan, nan, nan, nan], [0.0148244449636011, 0.003851407656941624, nan, nan, 3.9048271535534646e-07, nan, nan], [0.017283678726076175, 0.024601235311738127, 0.01157295544680107, nan, 5.175781974046487e-07, nan, nan], [0.011598764623916924, 0.012713621014098335, 0.007715102283766951, nan, nan, nan, nan]]","[[nan, nan, nan, nan, nan, nan, nan], [0.0006676992443254972, 6.367016780917719e-05, nan, nan, 3.9379080956081225e-06, nan, nan], [0.0007784641686687747, 0.0004066992954610423, 0.0029998812251421647, nan, 5.219630200059555e-06, nan, nan], [0.0005224132433635058, 0.00021017727946065403, 0.001999868624528521, nan, nan, nan, nan]]",14,0.7407407407407408,10,0.7142857142857143,0.7692307692307693,13,1439.5348759828844,6869.4590554405295,6869.4590554405295,1439.5348759828844,,,
changeforest,S4SlideInsert,1342,6,"['surf_dist', 'center_dist', 'orient_err', 'speed', 'normal_force', 'start_dist', 'insert_err']","[0.04504042113987532, 0.016531661532743908, 0.2592147908053491, 0.017472314322540528, 10.084718070106007, 0.3422378234631881, 0.3338864451292424]","[[0.0073846196186389485, 0.0027713173895587374, 0.0889411106581908, 0.007224390068768467, 0.12652547343987486, 0.23125838106731644, 0.15758606143389087], [0.0006586951306434873, 6.368605921383335e-05, 0.0889411106581908, 0.0008754403515162995, 3.9999960620919044, 0.23125838106731644, 0.15758606143389087], [0.0007783556382337025, 0.0004073082474909703, 0.05700011877485783, 0.006867810551536765, 7.199994780369799, 0.23125838106731644, 0.15758606143389087], [0.0005307359974924064, 0.00020716038071241522, 0.038000249015480485, 0.0023336778688609686, 10.463685427380291, 0.23125838106731644, 0.0019642646345339188]]","[['', '', '', '', 'target_value', '', ''], ['target_value', 'target_value', '', 'lower_bound', 'lower_bound', '', ''], ['target_value', 'target_value', 'upper_bound', 'target_value', 'lower_bound', '', ''], ['target_value', 'target_value', 'upper_bound', 'lower_bound', 'upper_bound', '', 'lower_bound']]","[[nan, nan, nan, nan, 0.12652547343987486, nan, nan], [0.0006586951306434873, 6.368605921383335e-05, nan, 0.0008754403515162995, 3.9999960620919044, nan, nan], [0.0007783556382337025, 0.0004073082474909703, 0.05700011877485783, 0.006867810551536765, 7.199994780369799, nan, nan], [0.0005307359974924064, 0.00020716038071241522, 0.038000249015480485, 0.0023336778688609686, 10.463685427380291, nan, 0.0019642646345339188]]",[],,"[[0, 0, 0, 0, 1, 0, 0], [1, 1, 0, 1, 1, 0, 0], [1, 1, 1, 1, 1, 0, 0], [1, 1, 1, 1, 1, 0, 1]]","[['', '', '', '', '', '', ''], ['target_value', 'target_value', '', '', 'lower_bound', '', ''], ['target_value', 'target_value', 'upper_bound', 'upper_bound', 'lower_bound', '', ''], ['target_value', 'target_value', 'upper_bound', 'upper_bound', 'lower_bound', '', '']]","[[nan, nan, nan, nan, nan, nan, nan], [0.0, 0.0, nan, nan, 4.0, nan, nan], [0.0, 0.0, 0.06, 0.0072, 7.199999999999999, nan, nan], [0.0, 0.0, 0.04, 0.00288, 10.0, nan, nan]]","[[0, 0, 0, 0, 0, 0, 0], [1, 1, 0, 0, 1, 0, 0], [1, 1, 1, 1, 1, 0, 0], [1, 1, 1, 1, 1, 0, 0]]",0.39999999999999997,0.01039994315016322,0.0007654731201744163,0.03908997837313435,"[[nan, nan, nan, nan, nan, nan, nan], [0.014624533118770718, 0.0038523689278111423, nan, nan, 3.9048271535534646e-07, nan, nan], [0.017281269103068098, 0.0246380708124361, 0.01157295544680107, nan, 5.175781974046487e-07, nan, nan], [0.011783548733795779, 0.012531128846431866, 0.007714648451604675, nan, nan, nan, nan]]","[[nan, nan, nan, nan, nan, nan, nan], [0.0006586951306434873, 6.368605921383335e-05, nan, nan, 3.9379080956081225e-06, nan, nan], [0.0007783556382337025, 0.0004073082474909703, 0.0029998812251421647, nan, 5.219630200059555e-06, nan, nan], [0.0005307359974924064, 0.00020716038071241522, 0.001999750984519516, nan, nan, nan, nan]]",16,0.6896551724137931,10,0.625,0.7692307692307693,13,1402.002338074189,7005.054860892442,7005.054860892442,1402.002338074189,,,
changeforest,S4SlideInsert,1342,7,"['surf_dist', 'center_dist', 'orient_err', 'speed', 'normal_force', 'start_dist', 'insert_err']","[0.04504042113987532, 0.016531661532743908, 0.2592147908053491, 0.017472314322540528, 10.084718070106007, 0.3422378234631881, 0.3338864451292424]","[[0.0073846196186389485, 0.0027713173895587374, 0.0889411106581908, 0.007224390068768467, 0.1854165599942581, 0.23125838106731644, 0.15758606143389087], [0.0008279319696453897, 8.587446352249914e-05, 0.0889411106581908, 0.0008754507228638259, 5.717345210650845, 0.23125838106731644, 0.15758606143389087], [0.00077595052174025, 0.00040613048525759993, 0.057000140183565154, 0.006867649226287757, 7.199994780369799, 0.23125838106731644, 0.15758606143389087], [0.0005299313244785785, 0.00021120253448241337, 0.03800004081652753, 0.002629811350906402, 5.717345210650845, 0.23125838106731644, 0.15758606143389087]]","[['', '', '', '', 'target_value', '', ''], ['target_value', 'target_value', '', 'lower_bound', '', '', ''], ['target_value', 'target_value', 'upper_bound', 'target_value', 'lower_bound', '', ''], ['target_value', 'target_value', 'upper_bound', 'target_value', '', '', '']]","[[nan, nan, nan, nan, 0.1854165599942581, nan, nan], [0.0008279319696453897, 8.587446352249914e-05, nan, 0.0008754507228638259, nan, nan, nan], [0.00077595052174025, 0.00040613048525759993, 0.057000140183565154, 0.006867649226287757, 7.199994780369799, nan, nan], [0.0005299313244785785, 0.00021120253448241337, 0.03800004081652753, 0.002629811350906402, nan, nan, nan]]",[],,"[[0, 0, 0, 0, 1, 0, 0], [1, 1, 0, 1, 0, 0, 0], [1, 1, 1, 1, 1, 0, 0], [1, 1, 1, 1, 0, 0, 0]]","[['', '', '', '', '', '', ''], ['target_value', 'target_value', '', '', 'lower_bound', '', ''], ['target_value', 'target_value', 'upper_bound', 'upper_bound', 'lower_bound', '', ''], ['target_value', 'target_value', 'upper_bound', 'upper_bound', 'lower_bound', '', '']]","[[nan, nan, nan, nan, nan, nan, nan], [0.0, 0.0, nan, nan, 4.0, nan, nan], [0.0, 0.0, 0.06, 0.0072, 7.199999999999999, nan, nan], [0.0, 0.0, 0.04, 0.00288, 10.0, nan, nan]]","[[0, 0, 0, 0, 0, 0, 0], [1, 1, 0, 0, 1, 0, 0], [1, 1, 1, 1, 1, 0, 0], [1, 1, 1, 1, 1, 0, 0]]",0.6666666666666666,0.012133487090567382,0.0008713399921371225,0.036112355774244556,"[[nan, nan, nan, nan, nan, nan, nan], [0.018381976648801857, 0.0051945452277987565, nan, nan, nan, nan, nan], [0.017227870035462063, 0.02456682798962379, 0.011572872856192509, nan, 5.175781974046487e-07, nan, nan], [0.011765683158975132, 0.012775638677581745, 0.007715451642473167, nan, nan, nan, nan]]","[[nan, nan, nan, nan, nan, nan, nan], [0.0008279319696453897, 8.587446352249914e-05, nan, nan, nan, nan, nan], [0.00077595052174025, 0.00040613048525759993, 0.002999859816434844, nan, 5.219630200059555e-06, nan, nan], [0.0005299313244785785, 0.00021120253448241337, 0.001999959183472469, nan, nan, nan, nan]]",13,0.6923076923076923,9,0.6923076923076923,0.6923076923076923,13,1418.3480797165632,6837.240008388842,6837.240008388842,1418.3480797165632,,,
changeforest,S4SlideInsert,1342,8,"['surf_dist', 'center_dist', 'orient_err', 'speed', 'normal_force', 'start_dist', 'insert_err']","[0.04504042113987532, 0.016531661532743908, 0.2592147908053491, 0.017472314322540528, 10.084718070106007, 0.3422378234631881, 0.3338864451292424]","[[0.0073846196186389485, 0.0027713173895587374, 0.0889411106581908, 0.007224390068768467, 0.18534595424587685, 0.23125838106731644, 0.15758606143389087], [0.0006676992443254972, 6.367016780917719e-05, 0.0889411106581908, 0.0008754316779770671, 3.9999960620919044, 0.23125838106731644, 0.15758606143389087], [0.0007754932108423847, 0.00040613048525760037, 0.057000140183565154, 0.0068684204027388025, 7.199994780369799, 0.23125838106731644, 0.15758606143389087], [0.0005315263356589391, 0.00021120253448241337, 0.038000040816527546, 0.00262712163791861, 5.717345210650845, 0.23125838106731644, 0.15758606143389087]]","[['', '', '', '', 'target_value', '', ''], ['target_value', 'target_value', '', 'lower_bound', 'lower_bound', '', ''], ['target_value', 'target_value', 'upper_bound', 'target_value', 'lower_bound', '', ''], ['target_value', 'target_value', 'upper_bound', 'target_value', '', '', '']]","[[nan, nan, nan, nan, 0.18534595424587685, nan, nan], [0.0006676992443254972, 6.367016780917719e-05, nan, 0.0008754316779770671, 3.9999960620919044, nan, nan], [0.0007754932108423847, 0.00040613048525760037, 0.057000140183565154, 0.0068684204027388025, 7.199994780369799, nan, nan], [0.0005315263356589391, 0.00021120253448241337, 0.038000040816527546, 0.00262712163791861, nan, nan, nan]]",[],,"[[0, 0, 0, 0, 1, 0, 0], [1, 1, 0, 1, 1, 0, 0], [1, 1, 1, 1, 1, 0, 0], [1, 1, 1, 1, 0, 0, 0]]","[['', '', '', '', '', '', ''], ['target_value', 'target_value', '', '', 'lower_bound', '', ''], ['target_value', 'target_value', 'upper_bound', 'upper_bound', 'lower_bound', '', ''], ['target_value', 'target_value', 'upper_bound', 'upper_bound', 'lower_bound', '', '']]","[[nan, nan, nan, nan, nan, nan, nan], [0.0, 0.0, nan, nan, 4.0, nan, nan], [0.0, 0.0, 0.06, 0.0072, 7.199999999999999, nan, nan], [0.0, 0.0, 0.04, 0.00288, 10.0, nan, nan]]","[[0, 0, 0, 0, 0, 0, 0], [1, 1, 0, 0, 1, 0, 0], [1, 1, 1, 1, 1, 0, 0], [1, 1, 1, 1, 1, 0, 0]]",0.5,0.01043263645809445,0.0007664698516578978,0.03606365856095679,"[[nan, nan, nan, nan, nan, nan, nan], [0.0148244449636011, 0.003851407656941624, nan, nan, 3.9048271535534646e-07, nan, nan], [0.01721771669128162, 0.024566827989623816, 0.011572872856192509, nan, 5.175781974046487e-07, nan, nan], [0.011801096042336217, 0.012775638677581745, 0.007715451642473113, nan, nan, nan, nan]]","[[nan, nan, nan, nan, nan, nan, nan], [0.0006676992443254972, 6.367016780917719e-05, nan, nan, 3.9379080956081225e-06, nan, nan], [0.0007754932108423847, 0.00040613048525760037, 0.002999859816434844, nan, 5.219630200059555e-06, nan, nan], [0.0005315263356589391, 0.00021120253448241337, 0.001999959183472455, nan, nan, nan, nan]]",14,0.7407407407407408,10,0.7142857142857143,0.7692307692307693,13,1400.0668265307731,6869.8144793829,6869.8144793829,1400.0668265307731,,,
changeforest,S4SlideInsert,1342,9,"['surf_dist', 'center_dist', 'orient_err', 'speed', 'normal_force', 'start_dist', 'insert_err']","[0.04504042113987532, 0.016531661532743908, 0.2592147908053491, 0.017472314322540528, 10.084718070106007, 0.3422378234631881, 0.3338864451292424]","[[0.0073846196186389485, 0.0027713173895587374, 0.0889411106581908, 0.007224390068768467, 0.18537728891640182, 0.23125838106731644, 0.15758606143389087], [0.0007664377804930782, 7.663818474152847e-05, 0.0889411106581908, 0.0008754451498500003, 5.717345210650845, 0.23125838106731644, 0.15758606143389087], [0.0007761367440709561, 0.00040499762476873657, 0.05700011877485783, 0.006868403783329809, 7.199994780369799, 0.23125838106731644, 0.15758606143389087], [0.0005268497490813415, 0.0002132833476300236, 0.03800021145313168, 0.002585394143271358, 9.999990405187535, 0.23125838106731644, 0.15758606143389087]]","[['', '', '', '', 'target_value', '', ''], ['target_value', 'target_value', '', 'lower_bound', '', '', ''], ['target_value', 'target_value', 'upper_bound', 'target_value', 'lower_bound', '', ''], ['target_value', 'target_value', 'upper_bound', 'target_value', 'lower_bound', '', '']]","[[nan, nan, nan, nan, 0.18537728891640182, nan, nan], [0.0007664377804930782, 7.663818474152847e-05, nan, 0.0008754451498500003, nan, nan, nan], [0.0007761367440709561, 0.00040499762476873657, 0.05700011877485783, 0.006868403783329809, 7.199994780369799, nan, nan], [0.0005268497490813415, 0.0002132833476300236, 0.03800021145313168, 0.002585394143271358, 9.999990405187535, nan, nan]]",[],,"[[0, 0, 0, 0, 1, 0, 0], [1, 1, 0, 1, 0, 0, 0], [1, 1, 1, 1, 1, 0, 0], [1, 1, 1, 1, 1, 0, 0]]","[['', '', '', '', '', '', ''], ['target_value', 'target_value', '', '', 'lower_bound', '', ''], ['target_value', 'target_value', 'upper_bound', 'upper_bound', 'lower_bound', '', ''], ['target_value', 'target_value', 'upper_bound', 'upper_bound', 'lower_bound', '', '']]","[[nan, nan, nan, nan, nan, nan, nan], [0.0, 0.0, nan, nan, 4.0, nan, nan], [0.0, 0.0, 0.06, 0.0072, 7.199999999999999, nan, nan], [0.0, 0.0, 0.04, 0.00288, 10.0, nan, nan]]","[[0, 0, 0, 0, 0, 0, 0], [1, 1, 0, 0, 1, 0, 0], [1, 1, 1, 1, 1, 0, 0], [1, 1, 1, 1, 1, 0, 0]]",0.5666666666666667,0.010727080421410734,0.0007778827645460755,0.036061919419117947,"[[nan, nan, nan, nan, nan, nan, nan], [0.01701666549948249, 0.004635842839495162, nan, nan, nan, nan, nan], [0.01723200459561921, 0.024498301272776874, 0.01157295544680107, nan, 5.175781974046487e-07, nan, nan], [0.011697265162001546, 0.012901507038937245, 0.007714793359804901, nan, 9.514209914289541e-07, nan, nan]]","[[nan, nan, nan, nan, nan, nan, nan], [0.0007664377804930782, 7.663818474152847e-05, nan, nan, nan, nan, nan], [0.0007761367440709561, 0.00040499762476873657, 0.0029998812251421647, nan, 5.219630200059555e-06, nan, nan], [0.0005268497490813415, 0.0002132833476300236, 0.001999788546868324, nan, 9.594812464541747e-06, nan, nan]]",14,0.7407407407407408,10,0.7142857142857143,0.7692307692307693,13,1420.3873412405815,6890.413043269016,6890.413043269017,1420.3873412405815,,,
cluster,S4SlideInsert,1342,0,"['surf_dist', 'center_dist', 'orient_err', 'speed', 'normal_force', 'start_dist', 'insert_err']","[0.04504042113987532, 0.016531661532743908, 0.2592147908053491, 0.017472314322540528, 10.084718070106007, 0.3422378234631881, 0.3338864451292424]","[[0.0073846196186389485, 0.0027713173895587374, 0.0889411106581908, 0.007224390068768467, 0.11956882464100005, 0.23125838106731644, 0.15758606143389087], [0.0073846196186389485, 0.0027713173895587374, 0.0889411106581908, 0.007224390068768467, 0.13232329080530203, 0.23125838106731644, 0.15758606143389087], [0.0007469245473472183, 0.0003080137487458151, 0.0889411106581908, 0.007220592024874408, 7.6228368088777145, 0.23125838106731644, 0.15758606143389087], [0.0007021027117034666, 0.0003383038347454536, 0.05700021040117676, 0.007188878371632152, 7.199991687141262, 0.23125838106731644, 0.15758606143389087]]","[['', '', '', '', 'target_value', '', ''], ['', '', '', '', 'target_value', '', ''], ['target_value', 'target_value', '', 'upper_bound', 'upper_bound', '', ''], ['target_value', 'target_value', 'upper_bound', 'upper_bound', 'lower_bound', '', '']]","[[nan, nan, nan, nan, 0.11956882464100005, nan, nan], [nan, nan, nan, nan, 0.13232329080530203, nan, nan], [0.0007469245473472183, 0.0003080137487458151, nan, 0.007220592024874408, 7.6228368088777145, nan, nan], [0.0007021027117034666, 0.0003383038347454536, 0.05700021040117676, 0.007188878371632152, 7.199991687141262, nan, nan]]",[],,"[[0, 0, 0, 0, 1, 0, 0], [0, 0, 0, 0, 1, 0, 0], [1, 1, 0, 1, 1, 0, 0], [1, 1, 1, 1, 1, 0, 0]]","[['', '', '', '', '', '', ''], ['target_value', 'target_value', '', '', 'lower_bound', '', ''], ['target_value', 'target_value', 'upper_bound', 'upper_bound', 'lower_bound', '', ''], ['target_value', 'target_value', 'upper_bound', 'upper_bound', 'lower_bound', '', '']]","[[nan, nan, nan, nan, nan, nan, nan], [0.0, 0.0, nan, nan, 4.0, nan, nan], [0.0, 0.0, 0.06, 0.0072, 7.199999999999999, nan, nan], [0.0, 0.0, 0.04, 0.00288, 10.0, nan, nan]]","[[0, 0, 0, 0, 0, 0, 0], [1, 1, 0, 0, 1, 0, 0], [1, 1, 1, 1, 1, 0, 0], [1, 1, 1, 1, 1, 0, 0]]",21.93333333333333,0.08278623838006902,0.35292916731237045,0.0889511143934614,"[[nan, nan, nan, nan, nan, nan, nan], [nan, nan, nan, nan, nan, nan, nan], [0.01658342725143724, 0.018631747821339004, nan, 0.001178551650014832, nan, nan, nan], [0.01558828034762488, 0.02046399474580232, 0.06558348907621805, 0.24661177060404602, 0.27764864554406976, nan, nan]]","[[nan, nan, nan, nan, nan, nan, nan], [nan, nan, nan, nan, nan, nan, nan], [0.0007469245473472183, 0.0003080137487458151, nan, 2.059202487440792e-05, nan, nan, nan], [0.0007021027117034666, 0.0003383038347454536, 0.01700021040117676, 0.0043088783716321525, 2.800008312858738, nan, nan]]",11,0.6666666666666667,8,0.7272727272727273,0.6153846153846154,13,1001.8063759022638,3353.3579555440438,3353.3579555440438,,,1001.8063759022638,
cluster,S4SlideInsert,1342,1,"['surf_dist', 'center_dist', 'orient_err', 'speed', 'normal_force', 'start_dist', 'insert_err']","[0.04504042113987532, 0.016531661532743908, 0.2592147908053491, 0.017472314322540528, 10.084718070106007, 0.3422378234631881, 0.3338864451292424]","[[0.0073846196186389485, 0.0027713173895587374, 0.0889411106581908, 0.007224390068768467, 0.12183963248774354, 0.23125838106731644, 0.15758606143389087], [0.00015849167096953533, 5.656089929750863e-09, 0.0889411106581908, 0.0009194276708448237, 4.290064491359664, 0.23125838106731644, 0.15758606143389087], [0.0007435462355301061, 0.00040274041171226753, 0.057000391826767006, 0.007223046420783967, 5.717345210650845, 0.23125838106731644, 0.15758606143389087], [0.0006957925803160519, 0.0003059524132579799, 0.05700021040117676, 0.007188888172680433, 7.199988329916039, 0.23125838106731644, 0.004063508410137084]]","[['', '', '', '', 'target_value', '', ''], ['lower_bound', 'lower_bound', '', 'lower_bound', 'upper_bound', '', ''], ['target_value', 'target_value', 'upper_bound', 'upper_bound', '', '', ''], ['target_value', 'target_value', 'upper_bound', 'upper_bound', 'lower_bound', '', 'lower_bound']]","[[nan, nan, nan, nan, 0.12183963248774354, nan, nan], [0.00015849167096953533, 5.656089929750863e-09, nan, 0.0009194276708448237, 4.290064491359664, nan, nan], [0.0007435462355301061, 0.00040274041171226753, 0.057000391826767006, 0.007223046420783967, nan, nan, nan], [0.0006957925803160519, 0.0003059524132579799, 0.05700021040117676, 0.007188888172680433, 7.199988329916039, nan, 0.004063508410137084]]",[],,"[[0, 0, 0, 0, 1, 0, 0], [1, 1, 0, 1, 1, 0, 0], [1, 1, 1, 1, 0, 0, 0], [1, 1, 1, 1, 1, 0, 1]]","[['', '', '', '', '', '', ''], ['target_value', 'target_value', '', '', 'lower_bound', '', ''], ['target_value', 'target_value', 'upper_bound', 'upper_bound', 'lower_bound', '', ''], ['target_value', 'target_value', 'upper_bound', 'upper_bound', 'lower_bound', '', '']]","[[nan, nan, nan, nan, nan, nan, nan], [0.0, 0.0, nan, nan, 4.0, nan, nan], [0.0, 0.0, 0.06, 0.0072, 7.199999999999999, nan, nan], [0.0, 0.0, 0.04, 0.00288, 10.0, nan, nan]]","[[0, 0, 0, 0, 0, 0, 0], [1, 1, 0, 0, 1, 0, 0], [1, 1, 1, 1, 1, 0, 0], [1, 1, 1, 1, 1, 0, 0]]",12.9,0.07528457204941914,0.31405460609918356,0.06392894391533376,"[[nan, nan, nan, nan, nan, nan, nan], [nan, nan, nan, nan, nan, nan, nan], [0.01650842102965657, 0.024361762483133848, 0.011571902065902839, 0.0013190250792498451, nan, nan, nan], [0.015448181049533988, 0.018507057663380448, 0.06558348907621805, 0.24661233155138815, 0.2776489784463086, nan, nan]]","[[nan, nan, nan, nan, nan, nan, nan], [nan, nan, nan, nan, nan, nan, nan], [0.0007435462355301061, 0.00040274041171226753, 0.0029996081732329913, 2.3046420783967222e-05, nan, nan, nan], [0.0006957925803160519, 0.0003059524132579799, 0.01700021040117676, 0.004308888172680433, 2.8000116700839612, nan, nan]]",15,0.6428571428571429,9,0.6,0.6923076923076923,13,1072.5682817810994,4354.3113966793735,4354.3113966793735,,,1072.5682817810994,
cluster,S4SlideInsert,1342,2,"['surf_dist', 'center_dist', 'orient_err', 'speed', 'normal_force', 'start_dist', 'insert_err']","[0.04504042113987532, 0.016531661532743908, 0.2592147908053491, 0.017472314322540528, 10.084718070106007, 0.3422378234631881, 0.3338864451292424]","[[0.0073846196186389485, 0.0027713173895587374, 0.0889411106581908, 0.007224390068768467, 0.11956882464100005, 0.23125838106731644, 0.15758606143389087], [0.0073846196186389485, 0.0027713173895587374, 0.0889411106581908, 0.007224390068768467, 0.13232329080530203, 0.23125838106731644, 0.15758606143389087], [0.0007474877203026741, 0.0003067201486786808, 0.0889411106581908, 0.007220570702944117, 7.623950956682184, 0.23125838106731644, 0.15758606143389087], [0.0007009968000002056, 0.00033991589503165826, 0.05700021040117676, 0.007188896930319659, 7.200001394396283, 0.23125838106731644, 0.15758606143389087]]","[['', '', '', '', 'target_value', '', ''], ['', '', '', '', 'target_value', '', ''], ['target_value', 'target_value', '', 'upper_bound', 'upper_bound', '', ''], ['target_value', 'target_value', 'upper_bound', 'upper_bound', 'lower_bound', '', '']]","[[nan, nan, nan, nan, 0.11956882464100005, nan, nan], [nan, nan, nan, nan, 0.13232329080530203, nan, nan], [0.0007474877203026741, 0.0003067201486786808, nan, 0.007220570702944117, 7.623950956682184, nan, nan], [0.0007009968000002056, 0.00033991589503165826, 0.05700021040117676, 0.007188896930319659, 7.200001394396283, nan, nan]]",[],,"[[0, 0, 0, 0, 1, 0, 0], [0, 0, 0, 0, 1, 0, 0], [1, 1, 0, 1, 1, 0, 0], [1, 1, 1, 1, 1, 0, 0]]","[['', '', '', '', '', '', ''], ['target_value', 'target_value', '', '', 'lower_bound', '', ''], ['target_value', 'target_value', 'upper_bound', 'upper_bound', 'lower_bound', '', ''], ['target_value', 'target_value', 'upper_bound', 'upper_bound', 'lower_bound', '', '']]","[[nan, nan, nan, nan, nan, nan, nan], [0.0, 0.0, nan, nan, 4.0, nan, nan], [0.0, 0.0, 0.06, 0.0072, 7.199999999999999, nan, nan], [0.0, 0.0, 0.04, 0.00288, 10.0, nan, nan]]","[[0, 0, 0, 0, 0, 0, 0], [1, 1, 0, 0, 1, 0, 0], [1, 1, 1, 1, 1, 0, 0], [1, 1, 1, 1, 1, 0, 0]]",21.7,0.08278699999218904,0.35292792552527136,0.08856490527922722,"[[nan, nan, nan, nan, nan, nan, nan], [nan, nan, nan, nan, nan, nan, nan], [0.016595930974564226, 0.01855349796940657, nan, 0.0011773313233942595, nan, nan, nan], [0.015563726587351934, 0.020561508252415775, 0.06558348907621805, 0.24661283278087986, 0.27764768297328163, nan, nan]]","[[nan, nan, nan, nan, nan, nan, nan], [nan, nan, nan, nan, nan, nan, nan], [0.0007474877203026741, 0.0003067201486786808, nan, 2.0570702944117114e-05, nan, nan, nan], [0.0007009968000002056, 0.00033991589503165826, 0.01700021040117676, 0.004308896930319659, 2.799998605603717, nan, nan]]",11,0.6666666666666667,8,0.7272727272727273,0.6153846153846154,13,1001.9802387349785,3349.912926948776,3349.912926948776,,,1001.9802387349785,
cluster,S4SlideInsert,1342,3,"['surf_dist', 'center_dist', 'orient_err', 'speed', 'normal_force', 'start_dist', 'insert_err']","[0.04504042113987532, 0.016531661532743908, 0.2592147908053491, 0.017472314322540528, 10.084718070106007, 0.3422378234631881, 0.3338864451292424]","[[0.0073846196186389485, 0.0027713173895587374, 0.0889411106581908, 0.007224390068768467, 0.11958752471276224, 0.23125838106731644, 0.15758606143389087], [0.0073846196186389485, 0.0027713173895587374, 0.0889411106581908, 0.007224390068768467, 0.1321482089405528, 0.23125838106731644, 0.15758606143389087], [0.0007469245473472183, 0.0003080137487458151, 0.0889411106581908, 0.007220592024874408, 7.6228368088777145, 0.23125838106731644, 0.15758606143389087], [0.0007021027117034666, 0.0003383038347454536, 0.05700021040117676, 0.007188878371632152, 7.199991687141262, 0.23125838106731644, 0.15758606143389087]]","[['', '', '', '', 'target_value', '', ''], ['', '', '', '', 'target_value', '', ''], ['target_value', 'target_value', '', 'upper_bound', 'upper_bound', '', ''], ['target_value', 'target_value', 'upper_bound', 'upper_bound', 'lower_bound', '', '']]","[[nan, nan, nan, nan, 0.11958752471276224, nan, nan], [nan, nan, nan, nan, 0.1321482089405528, nan, nan], [0.0007469245473472183, 0.0003080137487458151, nan, 0.007220592024874408, 7.6228368088777145, nan, nan], [0.0007021027117034666, 0.0003383038347454536, 0.05700021040117676, 0.007188878371632152, 7.199991687141262, nan, nan]]",[],,"[[0, 0, 0, 0, 1, 0, 0], [0, 0, 0, 0, 1, 0, 0], [1, 1, 0, 1, 1, 0, 0], [1, 1, 1, 1, 1, 0, 0]]","[['', '', '', '', '', '', ''], ['target_value', 'target_value', '', '', 'lower_bound', '', ''], ['target_value', 'target_value', 'upper_bound', 'upper_bound', 'lower_bound', '', ''], ['target_value', 'target_value', 'upper_bound', 'upper_bound', 'lower_bound', '', '']]","[[nan, nan, nan, nan, nan, nan, nan], [0.0, 0.0, nan, nan, 4.0, nan, nan], [0.0, 0.0, 0.06, 0.0072, 7.199999999999999, nan, nan], [0.0, 0.0, 0.04, 0.00288, 10.0, nan, nan]]","[[0, 0, 0, 0, 0, 0, 0], [1, 1, 0, 0, 1, 0, 0], [1, 1, 1, 1, 1, 0, 0], [1, 1, 1, 1, 1, 0, 0]]",21.999999999999996,0.08278623838006902,0.35292916731237045,0.08924025584524989,"[[nan, nan, nan, nan, nan, nan, nan], [nan, nan, nan, nan, nan, nan, nan], [0.01658342725143724, 0.018631747821339004, nan, 0.001178551650014832, nan, nan, nan], [0.01558828034762488, 0.02046399474580232, 0.06558348907621805, 0.24661177060404602, 0.27764864554406976, nan, nan]]","[[nan, nan, nan, nan, nan, nan, nan], [nan, nan, nan, nan, nan, nan, nan], [0.0007469245473472183, 0.0003080137487458151, nan, 2.059202487440792e-05, nan, nan, nan], [0.0007021027117034666, 0.0003383038347454536, 0.01700021040117676, 0.0043088783716321525, 2.800008312858738, nan, nan]]",11,0.6666666666666667,8,0.7272727272727273,0.6153846153846154,13,1001.7993355802299,3352.459735041852,3352.459735041852,,,1001.7993355802299,
cluster,S4SlideInsert,1342,4,"['surf_dist', 'center_dist', 'orient_err', 'speed', 'normal_force', 'start_dist', 'insert_err']","[0.04504042113987532, 0.016531661532743908, 0.2592147908053491, 0.017472314322540528, 10.084718070106007, 0.3422378234631881, 0.3338864451292424]","[[0.0073846196186389485, 0.0027713173895587374, 0.0889411106581908, 0.007224390068768467, 0.11958752471276224, 0.23125838106731644, 0.15758606143389087], [0.0073846196186389485, 0.0027713173895587374, 0.0889411106581908, 0.007224390068768467, 0.1321482089405528, 0.23125838106731644, 0.15758606143389087], [0.0007469245473472183, 0.0003080137487458151, 0.0889411106581908, 0.007220592024874408, 7.6228368088777145, 0.23125838106731644, 0.15758606143389087], [0.0007021027117034666, 0.0003383038347454536, 0.05700021040117676, 0.007188878371632152, 7.199991687141262, 0.23125838106731644, 0.15758606143389087]]","[['', '', '', '', 'target_value', '', ''], ['', '', '', '', 'target_value', '', ''], ['target_value', 'target_value', '', 'upper_bound', 'upper_bound', '', ''], ['target_value', 'target_value', 'upper_bound', 'upper_bound', 'lower_bound', '', '']]","[[nan, nan, nan, nan, 0.11958752471276224, nan, nan], [nan, nan, nan, nan, 0.1321482089405528, nan, nan], [0.0007469245473472183, 0.0003080137487458151, nan, 0.007220592024874408, 7.6228368088777145, nan, nan], [0.0007021027117034666, 0.0003383038347454536, 0.05700021040117676, 0.007188878371632152, 7.199991687141262, nan, nan]]",[],,"[[0, 0, 0, 0, 1, 0, 0], [0, 0, 0, 0, 1, 0, 0], [1, 1, 0, 1, 1, 0, 0], [1, 1, 1, 1, 1, 0, 0]]","[['', '', '', '', '', '', ''], ['target_value', 'target_value', '', '', 'lower_bound', '', ''], ['target_value', 'target_value', 'upper_bound', 'upper_bound', 'lower_bound', '', ''], ['target_value', 'target_value', 'upper_bound', 'upper_bound', 'lower_bound', '', '']]","[[nan, nan, nan, nan, nan, nan, nan], [0.0, 0.0, nan, nan, 4.0, nan, nan], [0.0, 0.0, 0.06, 0.0072, 7.199999999999999, nan, nan], [0.0, 0.0, 0.04, 0.00288, 10.0, nan, nan]]","[[0, 0, 0, 0, 0, 0, 0], [1, 1, 0, 0, 1, 0, 0], [1, 1, 1, 1, 1, 0, 0], [1, 1, 1, 1, 1, 0, 0]]",21.999999999999996,0.08278623838006902,0.35292916731237045,0.08924025584524989,"[[nan, nan, nan, nan, nan, nan, nan], [nan, nan, nan, nan, nan, nan, nan], [0.01658342725143724, 0.018631747821339004, nan, 0.001178551650014832, nan, nan, nan], [0.01558828034762488, 0.02046399474580232, 0.06558348907621805, 0.24661177060404602, 0.27764864554406976, nan, nan]]","[[nan, nan, nan, nan, nan, nan, nan], [nan, nan, nan, nan, nan, nan, nan], [0.0007469245473472183, 0.0003080137487458151, nan, 2.059202487440792e-05, nan, nan, nan], [0.0007021027117034666, 0.0003383038347454536, 0.01700021040117676, 0.0043088783716321525, 2.800008312858738, nan, nan]]",11,0.6666666666666667,8,0.7272727272727273,0.6153846153846154,13,1001.7993355802299,3352.459735041852,3352.459735041852,,,1001.7993355802299,
cluster,S4SlideInsert,1342,5,"['surf_dist', 'center_dist', 'orient_err', 'speed', 'normal_force', 'start_dist', 'insert_err']","[0.04504042113987532, 0.016531661532743908, 0.2592147908053491, 0.017472314322540528, 10.084718070106007, 0.3422378234631881, 0.3338864451292424]","[[0.0073846196186389485, 0.0027713173895587374, 0.0889411106581908, 0.007224390068768467, 0.11956882464100005, 0.23125838106731644, 0.15758606143389087], [0.0073846196186389485, 0.0027713173895587374, 0.0889411106581908, 0.007224390068768467, 0.13232329080530203, 0.23125838106731644, 0.15758606143389087], [0.0007469245473472183, 0.0003080137487458151, 0.0889411106581908, 0.007220592024874408, 7.6228368088777145, 0.23125838106731644, 0.15758606143389087], [0.0007021027117034666, 0.0003383038347454536, 0.05700021040117676, 0.007188878371632152, 7.199991687141262, 0.23125838106731644, 0.15758606143389087]]","[['', '', '', '', 'target_value', '', ''], ['', '', '', '', 'target_value', '', ''], ['target_value', 'target_value', '', 'upper_bound', 'upper_bound', '', ''], ['target_value', 'target_value', 'upper_bound', 'upper_bound', 'lower_bound', '', '']]","[[nan, nan, nan, nan, 0.11956882464100005, nan, nan], [nan, nan, nan, nan, 0.13232329080530203, nan, nan], [0.0007469245473472183, 0.0003080137487458151, nan, 0.007220592024874408, 7.6228368088777145, nan, nan], [0.0007021027117034666, 0.0003383038347454536, 0.05700021040117676, 0.007188878371632152, 7.199991687141262, nan, nan]]",[],,"[[0, 0, 0, 0, 1, 0, 0], [0, 0, 0, 0, 1, 0, 0], [1, 1, 0, 1, 1, 0, 0], [1, 1, 1, 1, 1, 0, 0]]","[['', '', '', '', '', '', ''], ['target_value', 'target_value', '', '', 'lower_bound', '', ''], ['target_value', 'target_value', 'upper_bound', 'upper_bound', 'lower_bound', '', ''], ['target_value', 'target_value', 'upper_bound', 'upper_bound', 'lower_bound', '', '']]","[[nan, nan, nan, nan, nan, nan, nan], [0.0, 0.0, nan, nan, 4.0, nan, nan], [0.0, 0.0, 0.06, 0.0072, 7.199999999999999, nan, nan], [0.0, 0.0, 0.04, 0.00288, 10.0, nan, nan]]","[[0, 0, 0, 0, 0, 0, 0], [1, 1, 0, 0, 1, 0, 0], [1, 1, 1, 1, 1, 0, 0], [1, 1, 1, 1, 1, 0, 0]]",21.93333333333333,0.08278623838006902,0.35292916731237045,0.0889511143934614,"[[nan, nan, nan, nan, nan, nan, nan], [nan, nan, nan, nan, nan, nan, nan], [0.01658342725143724, 0.018631747821339004, nan, 0.001178551650014832, nan, nan, nan], [0.01558828034762488, 0.02046399474580232, 0.06558348907621805, 0.24661177060404602, 0.27764864554406976, nan, nan]]","[[nan, nan, nan, nan, nan, nan, nan], [nan, nan, nan, nan, nan, nan, nan], [0.0007469245473472183, 0.0003080137487458151, nan, 2.059202487440792e-05, nan, nan, nan], [0.0007021027117034666, 0.0003383038347454536, 0.01700021040117676, 0.0043088783716321525, 2.800008312858738, nan, nan]]",11,0.6666666666666667,8,0.7272727272727273,0.6153846153846154,13,1001.8063759022638,3353.3579555440438,3353.3579555440438,,,1001.8063759022638,
cluster,S4SlideInsert,1342,6,"['surf_dist', 'center_dist', 'orient_err', 'speed', 'normal_force', 'start_dist', 'insert_err']","[0.04504042113987532, 0.016531661532743908, 0.2592147908053491, 0.017472314322540528, 10.084718070106007, 0.3422378234631881, 0.3338864451292424]","[[0.0073846196186389485, 0.0027713173895587374, 0.0889411106581908, 0.007224390068768467, 0.11956882464100005, 0.23125838106731644, 0.15758606143389087], [0.0073846196186389485, 0.0027713173895587374, 0.0889411106581908, 0.007224390068768467, 0.13232329080530203, 0.23125838106731644, 0.15758606143389087], [0.000745857359682179, 0.0003070436271991406, 0.0889411106581908, 0.007220578678598054, 7.622838184223389, 0.23125838106731644, 0.15758606143389087], [0.0007029325322975774, 0.0003393150872716558, 0.05700021040117676, 0.007188877917154194, 7.199997081614706, 0.23125838106731644, 0.15758606143389087]]","[['', '', '', '', 'target_value', '', ''], ['', '', '', '', 'target_value', '', ''], ['target_value', 'target_value', '', 'upper_bound', 'upper_bound', '', ''], ['target_value', 'target_value', 'upper_bound', 'upper_bound', 'lower_bound', '', '']]","[[nan, nan, nan, nan, 0.11956882464100005, nan, nan], [nan, nan, nan, nan, 0.13232329080530203, nan, nan], [0.000745857359682179, 0.0003070436271991406, nan, 0.007220578678598054, 7.622838184223389, nan, nan], [0.0007029325322975774, 0.0003393150872716558, 0.05700021040117676, 0.007188877917154194, 7.199997081614706, nan, nan]]",[],,"[[0, 0, 0, 0, 1, 0, 0], [0, 0, 0, 0, 1, 0, 0], [1, 1, 0, 1, 1, 0, 0], [1, 1, 1, 1, 1, 0, 0]]","[['', '', '', '', '', '', ''], ['target_value', 'target_value', '', '', 'lower_bound', '', ''], ['target_value', 'target_value', 'upper_bound', 'upper_bound', 'lower_bound', '', ''], ['target_value', 'target_value', 'upper_bound', 'upper_bound', 'lower_bound', '', '']]","[[nan, nan, nan, nan, nan, nan, nan], [0.0, 0.0, nan, nan, 4.0, nan, nan], [0.0, 0.0, 0.06, 0.0072, 7.199999999999999, nan, nan], [0.0, 0.0, 0.04, 0.00288, 10.0, nan, nan]]","[[0, 0, 0, 0, 0, 0, 0], [1, 1, 0, 0, 1, 0, 0], [1, 1, 1, 1, 1, 0, 0], [1, 1, 1, 1, 1, 0, 0]]",21.866666666666667,0.08278572502290849,0.3529284667485842,0.08876917071597704,"[[nan, nan, nan, nan, nan, nan, nan], [nan, nan, nan, nan, nan, nan, nan], [0.016559733253067973, 0.018573065181076074, nan, 0.0011777877972070317, nan, nan, nan], [0.015606704256041139, 0.020525165398504058, 0.06558348907621805, 0.24661174459272603, 0.2776481106284275, nan, nan]]","[[nan, nan, nan, nan, nan, nan, nan], [nan, nan, nan, nan, nan, nan, nan], [0.000745857359682179, 0.0003070436271991406, nan, 2.057867859805388e-05, nan, nan, nan], [0.0007029325322975774, 0.0003393150872716558, 0.01700021040117676, 0.004308877917154194, 2.800002918385294, nan, nan]]",11,0.6666666666666667,8,0.7272727272727273,0.6153846153846154,13,1001.8225006586077,3353.017661310859,3353.017661310859,,,1001.8225006586077,
cluster,S4SlideInsert,1342,7,"['surf_dist', 'center_dist', 'orient_err', 'speed', 'normal_force', 'start_dist', 'insert_err']","[0.04504042113987532, 0.016531661532743908, 0.2592147908053491, 0.017472314322540528, 10.084718070106007, 0.3422378234631881, 0.3338864451292424]","[[0.0073846196186389485, 0.0027713173895587374, 0.0889411106581908, 0.007224390068768467, 0.12033227910791933, 0.23125838106731644, 0.15758606143389087], [0.0073846196186389485, 0.0027713173895587374, 0.0889411106581908, 0.007224390068768467, 0.13237218611708013, 0.23125838106731644, 0.15758606143389087], [0.0007347244388451694, 0.0003068309571890304, 0.0889411106581908, 0.007220616824950563, 7.624388469500682, 0.23125838106731644, 0.15758606143389087], [0.0006993184837756471, 0.0003373804046701294, 0.05700021040117676, 0.007188886571724766, 7.199995429810343, 0.23125838106731644, 0.15758606143389087]]","[['', '', '', '', 'target_value', '', ''], ['', '', '', '', 'target_value', '', ''], ['target_value', 'target_value', '', 'upper_bound', 'upper_bound', '', ''], ['target_value', 'target_value', 'upper_bound', 'upper_bound', 'lower_bound', '', '']]","[[nan, nan, nan, nan, 0.12033227910791933, nan, nan], [nan, nan, nan, nan, 0.13237218611708013, nan, nan], [0.0007347244388451694, 0.0003068309571890304, nan, 0.007220616824950563, 7.624388469500682, nan, nan], [0.0006993184837756471, 0.0003373804046701294, 0.05700021040117676, 0.007188886571724766, 7.199995429810343, nan, nan]]",[],,"[[0, 0, 0, 0, 1, 0, 0], [0, 0, 0, 0, 1, 0, 0], [1, 1, 0, 1, 1, 0, 0], [1, 1, 1, 1, 1, 0, 0]]","[['', '', '', '', '', '', ''], ['target_value', 'target_value', '', '', 'lower_bound', '', ''], ['target_value', 'target_value', 'upper_bound', 'upper_bound', 'lower_bound', '', ''], ['target_value', 'target_value', 'upper_bound', 'upper_bound', 'lower_bound', '', '']]","[[nan, nan, nan, nan, nan, nan, nan], [0.0, 0.0, nan, nan, 4.0, nan, nan], [0.0, 0.0, 0.06, 0.0072, 7.199999999999999, nan, nan], [0.0, 0.0, 0.04, 0.00288, 10.0, nan, nan]]","[[0, 0, 0, 0, 0, 0, 0], [1, 1, 0, 0, 1, 0, 0], [1, 1, 1, 1, 1, 0, 0], [1, 1, 1, 1, 1, 0, 0]]",21.0,0.0827289166112711,0.3529265672839986,0.08683820589561102,"[[nan, nan, nan, nan, nan, nan, nan], [nan, nan, nan, nan, nan, nan, nan], [0.01631255703767612, 0.018560200774816064, nan, 0.0011799710427579568, nan, nan, nan], [0.015526464142150849, 0.020408136472059222, 0.06558348907621805, 0.24661223992324793, 0.2776482744212426, nan, nan]]","[[nan, nan, nan, nan, nan, nan, nan], [nan, nan, nan, nan, nan, nan, nan], [0.0007347244388451694, 0.0003068309571890304, nan, 2.0616824950562933e-05, nan, nan, nan], [0.0006993184837756471, 0.0003373804046701294, 0.01700021040117676, 0.004308886571724766, 2.8000045701896568, nan, nan]]",11,0.6666666666666667,8,0.7272727272727273,0.6153846153846154,13,1005.1332898662363,3358.1574331308016,3358.1574331308016,,,1005.1332898662363,
cluster,S4SlideInsert,1342,8,"['surf_dist', 'center_dist', 'orient_err', 'speed', 'normal_force', 'start_dist', 'insert_err']","[0.04504042113987532, 0.016531661532743908, 0.2592147908053491, 0.017472314322540528, 10.084718070106007, 0.3422378234631881, 0.3338864451292424]","[[0.0073846196186389485, 0.0027713173895587374, 0.0889411106581908, 0.007224390068768467, 0.10682643120740831, -2.1249809231682626e-07, 0.15758606143389087], [0.0073846196186389485, 0.0027713173895587374, 0.0889411106581908, 0.007224390068768467, 0.1289901209925377, 0.23125838106731644, 0.15758606143389087], [8.563610383888719e-05, 6.079493638545819e-09, 0.0889411106581908, 0.007224390068768467, 7.62338836167513, 0.23125838106731644, 0.15758606143389087], [0.0007082319665310775, 0.0003400144330401012, 0.05700021040117676, 0.007198891111791246, 7.1999946022691566, 0.23125838106731644, 0.15758606143389087]]","[['', '', '', '', 'target_value', 'lower_bound', ''], ['', '', '', '', 'target_value', '', ''], ['lower_bound', 'lower_bound', '', '', 'upper_bound', '', ''], ['target_value', 'target_value', 'upper_bound', 'upper_bound', 'lower_bound', '', '']]","[[nan, nan, nan, nan, 0.10682643120740831, -2.1249809231682626e-07, nan], [nan, nan, nan, nan, 0.1289901209925377, nan, nan], [8.563610383888719e-05, 6.079493638545819e-09, nan, nan, 7.62338836167513, nan, nan], [0.0007082319665310775, 0.0003400144330401012, 0.05700021040117676, 0.007198891111791246, 7.1999946022691566, nan, nan]]",[],,"[[0, 0, 0, 0, 1, 1, 0], [0, 0, 0, 0, 1, 0, 0], [1, 1, 0, 0, 1, 0, 0], [1, 1, 1, 1, 1, 0, 0]]","[['', '', '', '', '', '', ''], ['target_value', 'target_value', '', '', 'lower_bound', '', ''], ['target_value', 'target_value', 'upper_bound', 'upper_bound', 'lower_bound', '', ''], ['target_value', 'target_value', 'upper_bound', 'upper_bound', 'lower_bound', '', '']]","[[nan, nan, nan, nan, nan, nan, nan], [0.0, 0.0, nan, nan, 4.0, nan, nan], [0.0, 0.0, 0.06, 0.0072, 7.199999999999999, nan, nan], [0.0, 0.0, 0.04, 0.00288, 10.0, nan, nan]]","[[0, 0, 0, 0, 0, 0, 0], [1, 1, 0, 0, 1, 0, 0], [1, 1, 1, 1, 1, 0, 0], [1, 1, 1, 1, 1, 0, 0]]",27.46666666666667,0.1253417023876561,0.5644745491286766,0.12564887411009956,"[[nan, nan, nan, nan, nan, nan, nan], [nan, nan, nan, nan, nan, nan, nan], [nan, nan, nan, nan, nan, nan, nan], [0.015724363773856092, 0.020567468815317923, 0.06558348907621805, 0.24718483379271455, 0.27764835648017383, nan, nan]]","[[nan, nan, nan, nan, nan, nan, nan], [nan, nan, nan, nan, nan, nan, nan], [nan, nan, nan, nan, nan, nan, nan], [0.0007082319665310775, 0.0003400144330401012, 0.01700021040117676, 0.0043188911117912464, 2.8000053977308434, nan, nan]]",11,0.41666666666666663,5,0.45454545454545453,0.38461538461538464,13,1040.9394743226599,2188.4043880126032,2188.4043880126032,,,1040.9394743226599,
cluster,S4SlideInsert,1342,9,"['surf_dist', 'center_dist', 'orient_err', 'speed', 'normal_force', 'start_dist', 'insert_err']","[0.04504042113987532, 0.016531661532743908, 0.2592147908053491, 0.017472314322540528, 10.084718070106007, 0.3422378234631881, 0.3338864451292424]","[[0.0073846196186389485, 0.0027713173895587374, 0.0889411106581908, 0.007224390068768467, 0.11958752471276224, 0.23125838106731644, 0.15758606143389087], [0.0073846196186389485, 0.0027713173895587374, 0.0889411106581908, 0.007224390068768467, 0.1321482089405528, 0.23125838106731644, 0.15758606143389087], [0.0007469245473472183, 0.0003080137487458151, 0.0889411106581908, 0.007220592024874408, 7.6228368088777145, 0.23125838106731644, 0.15758606143389087], [0.0007021027117034666, 0.0003383038347454536, 0.05700021040117676, 0.007188878371632152, 7.199991687141262, 0.23125838106731644, 0.15758606143389087]]","[['', '', '', '', 'target_value', '', ''], ['', '', '', '', 'target_value', '', ''], ['target_value', 'target_value', '', 'upper_bound', 'upper_bound', '', ''], ['target_value', 'target_value', 'upper_bound', 'upper_bound', 'lower_bound', '', '']]","[[nan, nan, nan, nan, 0.11958752471276224, nan, nan], [nan, nan, nan, nan, 0.1321482089405528, nan, nan], [0.0007469245473472183, 0.0003080137487458151, nan, 0.007220592024874408, 7.6228368088777145, nan, nan], [0.0007021027117034666, 0.0003383038347454536, 0.05700021040117676, 0.007188878371632152, 7.199991687141262, nan, nan]]",[],,"[[0, 0, 0, 0, 1, 0, 0], [0, 0, 0, 0, 1, 0, 0], [1, 1, 0, 1, 1, 0, 0], [1, 1, 1, 1, 1, 0, 0]]","[['', '', '', '', '', '', ''], ['target_value', 'target_value', '', '', 'lower_bound', '', ''], ['target_value', 'target_value', 'upper_bound', 'upper_bound', 'lower_bound', '', ''], ['target_value', 'target_value', 'upper_bound', 'upper_bound', 'lower_bound', '', '']]","[[nan, nan, nan, nan, nan, nan, nan], [0.0, 0.0, nan, nan, 4.0, nan, nan], [0.0, 0.0, 0.06, 0.0072, 7.199999999999999, nan, nan], [0.0, 0.0, 0.04, 0.00288, 10.0, nan, nan]]","[[0, 0, 0, 0, 0, 0, 0], [1, 1, 0, 0, 1, 0, 0], [1, 1, 1, 1, 1, 0, 0], [1, 1, 1, 1, 1, 0, 0]]",21.999999999999996,0.08278623838006902,0.35292916731237045,0.08924025584524989,"[[nan, nan, nan, nan, nan, nan, nan], [nan, nan, nan, nan, nan, nan, nan], [0.01658342725143724, 0.018631747821339004, nan, 0.001178551650014832, nan, nan, nan], [0.01558828034762488, 0.02046399474580232, 0.06558348907621805, 0.24661177060404602, 0.27764864554406976, nan, nan]]","[[nan, nan, nan, nan, nan, nan, nan], [nan, nan, nan, nan, nan, nan, nan], [0.0007469245473472183, 0.0003080137487458151, nan, 2.059202487440792e-05, nan, nan, nan], [0.0007021027117034666, 0.0003383038347454536, 0.01700021040117676, 0.0043088783716321525, 2.800008312858738, nan, nan]]",11,0.6666666666666667,8,0.7272727272727273,0.6153846153846154,13,1001.7993355802299,3352.459735041852,3352.459735041852,,,1001.7993355802299,
gmmhmm,S4SlideInsert,1342,0,"['surf_dist', 'center_dist', 'orient_err', 'speed', 'normal_force', 'start_dist', 'insert_err']","[0.04504042113987532, 0.016531661532743908, 0.2592147908053491, 0.017472314322540528, 10.084718070106007, 0.3422378234631881, 0.3338864451292424]","[[0.0073846196186389485, 0.0027713173895587374, 0.0889411106581908, 0.007224390068768467, 0.12652547343987486, 0.23125838106731644, 0.15758606143389087], [0.0007063365168121028, 0.0002865567408491757, 0.0889411106581908, 0.007227584746786849, 7.623950783776122, 0.23125838106731644, 0.15758606143389087], [0.0008546547652801507, 0.00048426912862114656, 0.05679302548034056, 0.006811563596924567, 7.199995635638755, 0.23125838106731644, 0.15758606143389087], [0.0005435851977309697, 0.00017874773645109275, 0.0889411106581908, 0.0023361838594155226, 10.490856041865946, 0.23125838106731644, 0.0028458149000606947]]","[['', '', '', '', 'target_value', '', ''], ['target_value', 'target_value', '', 'upper_bound', 'upper_bound', '', ''], ['target_value', 'target_value', 'target_value', 'target_value', 'lower_bound', '', ''], ['target_value', 'target_value', '', 'lower_bound', 'upper_bound', '', 'lower_bound']]","[[nan, nan, nan, nan, 0.12652547343987486, nan, nan], [0.0007063365168121028, 0.0002865567408491757, nan, 0.007227584746786849, 7.623950783776122, nan, nan], [0.0008546547652801507, 0.00048426912862114656, 0.05679302548034056, 0.006811563596924567, 7.199995635638755, nan, nan], [0.0005435851977309697, 0.00017874773645109275, nan, 0.0023361838594155226, 10.490856041865946, nan, 0.0028458149000606947]]",[],,"[[0, 0, 0, 0, 1, 0, 0], [1, 1, 0, 1, 1, 0, 0], [1, 1, 1, 1, 1, 0, 0], [1, 1, 0, 1, 1, 0, 1]]","[['', '', '', '', '', '', ''], ['target_value', 'target_value', '', '', 'lower_bound', '', ''], ['target_value', 'target_value', 'upper_bound', 'upper_bound', 'lower_bound', '', ''], ['target_value', 'target_value', 'upper_bound', 'upper_bound', 'lower_bound', '', '']]","[[nan, nan, nan, nan, nan, nan, nan], [0.0, 0.0, nan, nan, 4.0, nan, nan], [0.0, 0.0, 0.06, 0.0072, 7.199999999999999, nan, nan], [0.0, 0.0, 0.04, 0.00288, 10.0, nan, nan]]","[[0, 0, 0, 0, 0, 0, 0], [1, 1, 0, 0, 1, 0, 0], [1, 1, 1, 1, 1, 0, 0], [1, 1, 1, 1, 1, 0, 0]]",13.166666666666666,0.014880931814523763,0.0004369306352840852,0.05896122854519774,"[[nan, nan, nan, nan, nan, nan, nan], [0.015682280470214496, 0.017333813681195864, nan, nan, nan, nan, nan], [0.018975283615265872, 0.02929343355245721, nan, nan, 4.3276978231997695e-07, nan, nan], [0.012068830263439106, 0.010812448349311467, nan, nan, nan, nan, nan]]","[[nan, nan, nan, nan, nan, nan, nan], [0.0007063365168121028, 0.0002865567408491757, nan, nan, nan, nan, nan], [0.0008546547652801507, 0.00048426912862114656, nan, nan, 4.364361243958115e-06, nan, nan], [0.0005435851977309697, 0.00017874773645109275, nan, nan, nan, nan, nan]]",15,0.5,7,0.4666666666666667,0.5384615384615384,13,11053.139868852002,4846.330605372725,4846.330605372725,,11053.139868852002,,
gmmhmm,S4SlideInsert,1342,1,"['surf_dist', 'center_dist', 'orient_err', 'speed', 'normal_force', 'start_dist', 'insert_err']","[0.04504042113987532, 0.016531661532743908, 0.2592147908053491, 0.017472314322540528, 10.084718070106007, 0.3422378234631881, 0.3338864451292424]","[[0.0001428926539070582, 1.1992029673498633e-06, 0.03377729909110069, 0.007224390068768467, 0.0687565252375979, 0.2184711690275677, 0.17492557500737316], [0.0008205153381250661, 0.0005440176169213481, 0.05700011256407406, 0.006825522652519, 7.199997450832534, 0.23125838106731644, 0.15758606143389087], [0.0073846196186389485, 0.0002156901083929315, 0.056164307869178115, 0.007224390068768467, 7.1999864971740495, 0.23125838106731644, 0.024283158429589613], [0.0005335734346917252, 0.0002065214175623097, 0.0380000063487756, 0.002348268579732903, 10.46928682293952, 0.23125838106731644, 0.15758606143389087]]","[['lower_bound', 'lower_bound', 'lower_bound', '', 'lower_bound', 'upper_bound', 'lower_bound'], ['target_value', 'target_value', 'upper_bound', 'target_value', 'lower_bound', '', ''], ['', 'target_value', 'target_value', '', 'lower_bound', '', 'lower_bound'], ['target_value', 'target_value', 'upper_bound', 'lower_bound', 'upper_bound', '', '']]","[[0.0001428926539070582, 1.1992029673498633e-06, 0.03377729909110069, nan, 0.0687565252375979, 0.2184711690275677, 0.17492557500737316], [0.0008205153381250661, 0.0005440176169213481, 0.05700011256407406, 0.006825522652519, 7.199997450832534, nan, nan], [nan, 0.0002156901083929315, 0.056164307869178115, nan, 7.1999864971740495, nan, 0.024283158429589613], [0.0005335734346917252, 0.0002065214175623097, 0.0380000063487756, 0.002348268579732903, 10.46928682293952, nan, nan]]",[],,"[[1, 1, 1, 0, 1, 1, 1], [1, 1, 1, 1, 1, 0, 0], [0, 1, 1, 0, 1, 0, 1], [1, 1, 1, 1, 1, 0, 0]]","[['', '', '', '', '', '', ''], ['target_value', 'target_value', '', '', 'lower_bound', '', ''], ['target_value', 'target_value', 'upper_bound', 'upper_bound', 'lower_bound', '', ''], ['target_value', 'target_value', 'upper_bound', 'upper_bound', 'lower_bound', '', '']]","[[nan, nan, nan, nan, nan, nan, nan], [0.0, 0.0, nan, nan, 4.0, nan, nan], [0.0, 0.0, 0.06, 0.0072, 7.199999999999999, nan, nan], [0.0, 0.0, 0.04, 0.00288, 10.0, nan, nan]]","[[0, 0, 0, 0, 0, 0, 0], [1, 1, 0, 0, 1, 0, 0], [1, 1, 1, 1, 1, 0, 0], [1, 1, 1, 1, 1, 0, 0]]",30.0,0.05169243901488122,0.4005414081531752,0.0819713200024508,"[[nan, nan, nan, nan, nan, nan, nan], [0.01821731052595876, 0.032907618864796144, nan, nan, 0.31731154292932023, nan, nan], [nan, 0.013047091967478207, nan, nan, 1.3389393591312545e-06, nan, nan], [0.011846546306365249, 0.012492477973448534, 0.0077155846123234725, nan, nan, nan, nan]]","[[nan, nan, nan, nan, nan, nan, nan], [0.0008205153381250661, 0.0005440176169213481, nan, nan, 3.1999974508325337, nan, nan], [nan, 0.0002156901083929315, nan, nan, 1.3502825949807118e-05, nan, nan], [0.0005335734346917252, 0.0002065214175623097, 0.0019999936512243993, nan, nan, nan, nan]]",20,0.4848484848484849,8,0.4,0.6153846153846154,13,9333.58066698094,1243.4444453434016,1243.4444453434016,,9333.58066698094,,
gmmhmm,S4SlideInsert,1342,2,"['surf_dist', 'center_dist', 'orient_err', 'speed', 'normal_force', 'start_dist', 'insert_err']","[0.04504042113987532, 0.016531661532743908, 0.2592147908053491, 0.017472314322540528, 10.084718070106007, 0.3422378234631881, 0.3338864451292424]","[[0.0002520953391689888, 3.0638588578235995e-07, 0.0889411106581908, 0.007224390068768467, 0.04892734220332606, 0.23125838106731644, 0.15758606143389087], [0.0007497800553221082, 0.00038958910671909415, 0.056999991796585596, 0.0068647830224380126, 7.199997446127657, 0.23125838106731644, 0.15758606143389087], [0.0008261652044145758, 0.0004820722835506665, 0.05420195159073561, 0.007101762254224092, 7.199995165005124, 0.23125838106731644, 0.15758606143389087], [0.0005624841652445232, 0.00017383179740710188, 0.0889411106581908, 0.0023332573232914943, 10.491644761693601, 0.23125838106731644, 0.0026134586216554623]]","[['lower_bound', 'lower_bound', '', '', 'lower_bound', '', ''], ['target_value', 'target_value', 'upper_bound', 'target_value', 'lower_bound', '', ''], ['target_value', 'target_value', 'target_value', 'upper_bound', 'lower_bound', '', ''], ['target_value', 'target_value', '', 'lower_bound', 'upper_bound', '', 'lower_bound']]","[[0.0002520953391689888, 3.0638588578235995e-07, nan, nan, 0.04892734220332606, nan, nan], [0.0007497800553221082, 0.00038958910671909415, 0.056999991796585596, 0.0068647830224380126, 7.199997446127657, nan, nan], [0.0008261652044145758, 0.0004820722835506665, 0.05420195159073561, 0.007101762254224092, 7.199995165005124, nan, nan], [0.0005624841652445232, 0.00017383179740710188, nan, 0.0023332573232914943, 10.491644761693601, nan, 0.0026134586216554623]]",[],,"[[1, 1, 0, 0, 1, 0, 0], [1, 1, 1, 1, 1, 0, 0], [1, 1, 1, 1, 1, 0, 0], [1, 1, 0, 1, 1, 0, 1]]","[['', '', '', '', '', '', ''], ['target_value', 'target_value', '', '', 'lower_bound', '', ''], ['target_value', 'target_value', 'upper_bound', 'upper_bound', 'lower_bound', '', ''], ['target_value', 'target_value', 'upper_bound', 'upper_bound', 'lower_bound', '', '']]","[[nan, nan, nan, nan, nan, nan, nan], [0.0, 0.0, nan, nan, 4.0, nan, nan], [0.0, 0.0, 0.06, 0.0072, 7.199999999999999, nan, nan], [0.0, 0.0, 0.04, 0.00288, 10.0, nan, nan]]","[[0, 0, 0, 0, 0, 0, 0], [1, 1, 0, 0, 1, 0, 0], [1, 1, 1, 1, 1, 0, 0], [1, 1, 1, 1, 1, 0, 0]]",21.46666666666667,0.0481838199030691,0.35592049349788524,0.07092016150348203,"[[nan, nan, nan, nan, nan, nan, nan], [0.016646826036409122, 0.023566240208066403, nan, nan, 0.317311542462785, nan, nan], [0.018342750434079597, 0.02916054642153399, nan, 0.0056224804546455825, 4.794377831852567e-07, nan, nan], [0.012488430414487023, 0.010515083257832068, nan, nan, nan, nan, nan]]","[[nan, nan, nan, nan, nan, nan, nan], [0.0007497800553221082, 0.00038958910671909415, nan, nan, 3.1999974461276572, nan, nan], [0.0008261652044145758, 0.0004820722835506665, nan, 9.823774577590819e-05, 4.834994875579923e-06, nan, nan], [0.0005624841652445232, 0.00017383179740710188, nan, nan, nan, nan, nan]]",18,0.5806451612903226,9,0.5,0.6923076923076923,13,10222.928259890403,3388.5961543442945,3388.5961543442945,,10222.928259890403,,
gmmhmm,S4SlideInsert,1342,3,"['surf_dist', 'center_dist', 'orient_err', 'speed', 'normal_force', 'start_dist', 'insert_err']","[0.04504042113987532, 0.016531661532743908, 0.2592147908053491, 0.017472314322540528, 10.084718070106007, 0.3422378234631881, 0.3338864451292424]","[[0.0073846196186389485, 0.0027713173895587374, 0.0889411106581908, 0.007224390068768467, 0.12316245272987825, 0.23125838106731644, 0.15758606143389087], [0.0073846196186389485, 0.0027713173895587374, 0.0889411106581908, 0.007224390068768467, 0.13278361632630187, 0.23125838106731644, 0.15758606143389087], [0.0007571282552974994, 0.000347724175157041, 0.0889411106581908, 0.007219247559430553, 7.642706268643186, 0.23125838106731644, 0.15758606143389087], [0.0005291088076540985, 0.00021433920578660783, 0.03800012984595746, 0.002563439978849079, 9.999997177419576, 0.23125838106731644, 0.15758606143389087]]","[['', '', '', '', 'target_value', '', ''], ['', '', '', '', 'target_value', '', ''], ['target_value', 'target_value', '', 'upper_bound', 'upper_bound', '', ''], ['target_value', 'target_value', 'upper_bound', 'target_value', 'lower_bound', '', '']]","[[nan, nan, nan, nan, 0.12316245272987825, nan, nan], [nan, nan, nan, nan, 0.13278361632630187, nan, nan], [0.0007571282552974994, 0.000347724175157041, nan, 0.007219247559430553, 7.642706268643186, nan, nan], [0.0005291088076540985, 0.00021433920578660783, 0.03800012984595746, 0.002563439978849079, 9.999997177419576, nan, nan]]",[],,"[[0, 0, 0, 0, 1, 0, 0], [0, 0, 0, 0, 1, 0, 0], [1, 1, 0, 1, 1, 0, 0], [1, 1, 1, 1, 1, 0, 0]]","[['', '', '', '', '', '', ''], ['target_value', 'target_value', '', '', 'lower_bound', '', ''], ['target_value', 'target_value', 'upper_bound', 'upper_bound', 'lower_bound', '', ''], ['target_value', 'target_value', 'upper_bound', 'upper_bound', 'lower_bound', '', '']]","[[nan, nan, nan, nan, nan, nan, nan], [0.0, 0.0, nan, nan, 4.0, nan, nan], [0.0, 0.0, 0.06, 0.0072, 7.199999999999999, nan, nan], [0.0, 0.0, 0.04, 0.00288, 10.0, nan, nan]]","[[0, 0, 0, 0, 0, 0, 0], [1, 1, 0, 0, 1, 0, 0], [1, 1, 1, 1, 1, 0, 0], [1, 1, 1, 1, 1, 0, 0]]",8.366666666666667,0.010196227504086683,0.0005528915339702793,0.06063751914813387,"[[nan, nan, nan, nan, nan, nan, nan], [nan, nan, nan, nan, nan, nan, nan], [0.016809972822993798, 0.021033831019847047, nan, 0.0011016033179830327, nan, nan, nan], [0.011747421410890546, 0.012965375885664654, 0.007715108184333109, nan, 2.798868946052577e-07, nan, nan]]","[[nan, nan, nan, nan, nan, nan, nan], [nan, nan, nan, nan, nan, nan, nan], [0.0007571282552974994, 0.000347724175157041, nan, 1.924755943055311e-05, nan, nan, nan], [0.0005291088076540985, 0.00021433920578660783, 0.0019998701540425434, nan, 2.822580423611498e-06, nan, nan]]",11,0.5833333333333334,7,0.6363636363636364,0.5384615384615384,13,9107.13436332689,3753.6956856618044,3753.6956856618044,,9107.13436332689,,
gmmhmm,S4SlideInsert,1342,4,"['surf_dist', 'center_dist', 'orient_err', 'speed', 'normal_force', 'start_dist', 'insert_err']","[0.04504042113987532, 0.016531661532743908, 0.2592147908053491, 0.017472314322540528, 10.084718070106007, 0.3422378234631881, 0.3338864451292424]","[[0.0002520953391689888, 3.0638588578235995e-07, 0.0889411106581908, 0.007224390068768467, 0.04892734220332606, 0.23125838106731644, 0.15758606143389087], [0.0007547601491194357, 0.0004198207730979637, 0.05700020215556124, 0.00684543488614293, 7.199995484025859, 0.23125838106731644, 0.15758606143389087], [0.0008060770751744575, 0.0002967533008724479, 0.05700021040117676, 0.007329125626091148, 7.199995165005124, 0.23125838106731644, 0.15758606143389087], [0.0004123039140373477, 0.00020764505509636563, 0.03591076846746176, 0.0025560143140501874, 9.999997234333943, 0.3808833064875254, 0.0075091871381255115]]","[['lower_bound', 'lower_bound', '', '', 'lower_bound', '', ''], ['target_value', 'target_value', 'upper_bound', 'target_value', 'lower_bound', '', ''], ['target_value', 'target_value', 'upper_bound', 'upper_bound', 'lower_bound', '', ''], ['target_value', 'target_value', 'target_value', 'target_value', 'lower_bound', 'target_value', 'target_value']]","[[0.0002520953391689888, 3.0638588578235995e-07, nan, nan, 0.04892734220332606, nan, nan], [0.0007547601491194357, 0.0004198207730979637, 0.05700020215556124, 0.00684543488614293, 7.199995484025859, nan, nan], [0.0008060770751744575, 0.0002967533008724479, 0.05700021040117676, 0.007329125626091148, 7.199995165005124, nan, nan], [0.0004123039140373477, 0.00020764505509636563, 0.03591076846746176, 0.0025560143140501874, 9.999997234333943, 0.3808833064875254, 0.0075091871381255115]]",[],,"[[1, 1, 0, 0, 1, 0, 0], [1, 1, 1, 1, 1, 0, 0], [1, 1, 1, 1, 1, 0, 0], [1, 1, 1, 1, 1, 1, 1]]","[['', '', '', '', '', '', ''], ['target_value', 'target_value', '', '', 'lower_bound', '', ''], ['target_value', 'target_value', 'upper_bound', 'upper_bound', 'lower_bound', '', ''], ['target_value', 'target_value', 'upper_bound', 'upper_bound', 'lower_bound', '', '']]","[[nan, nan, nan, nan, nan, nan, nan], [0.0, 0.0, nan, nan, 4.0, nan, nan], [0.0, 0.0, 0.06, 0.0072, 7.199999999999999, nan, nan], [0.0, 0.0, 0.04, 0.00288, 10.0, nan, nan]]","[[0, 0, 0, 0, 0, 0, 0], [1, 1, 0, 0, 1, 0, 0], [1, 1, 1, 1, 1, 0, 0], [1, 1, 1, 1, 1, 0, 0]]",26.03333333333333,0.039635385118810734,0.29145721456173673,0.07553495894652541,"[[nan, nan, nan, nan, nan, nan, nan], [0.01675739546873884, 0.025394953330397776, nan, nan, 0.31731134790089593, nan, nan], [0.017896748182507978, 0.017950603469873552, 0.011572601970370796, 0.007390298944231286, 4.794377831852567e-07, nan, nan], [0.009154086564974979, 0.012560446793874138, nan, nan, 2.742432696514096e-07, nan, nan]]","[[nan, nan, nan, nan, nan, nan, nan], [0.0007547601491194357, 0.0004198207730979637, nan, nan, 3.199995484025859, nan, nan], [0.0008060770751744575, 0.0002967533008724479, 0.0029997895988232368, 0.00012912562609114844, 4.834994875579923e-06, nan, nan], [0.0004123039140373477, 0.00020764505509636563, nan, nan, 2.7656660570585245e-06, nan, nan]]",20,0.6666666666666667,11,0.55,0.8461538461538461,13,8152.789594672424,3739.17997964678,3739.179979646779,,8152.789594672424,,
gmmhmm,S4SlideInsert,1342,5,"['surf_dist', 'center_dist', 'orient_err', 'speed', 'normal_force', 'start_dist', 'insert_err']","[0.04504042113987532, 0.016531661532743908, 0.2592147908053491, 0.017472314322540528, 10.084718070106007, 0.3422378234631881, 0.3338864451292424]","[[0.0073846196186389485, 0.0027713173895587374, 0.0889411106581908, 0.007224390068768467, 0.12071993237182, 0.23125838106731644, 0.15758606143389087], [0.0073846196186389485, 0.0027713173895587374, 0.0889411106581908, 0.007224390068768467, 0.12333638026180083, 0.23125838106731644, 0.15758606143389087], [0.00013592848441973046, -2.2180466053255132e-09, 0.0889411106581908, 0.0009194206412103329, 5.717345210650845, 0.23125838106731644, 0.15758606143389087], [0.0007229763320462865, 0.0003600347634643941, 0.05700040313639721, 0.007217018016471855, 7.199998020562734, 0.23125838106731644, 0.15758606143389087]]","[['', '', '', '', 'target_value', '', ''], ['', '', '', '', 'target_value', '', ''], ['lower_bound', 'lower_bound', '', 'lower_bound', '', '', ''], ['target_value', 'target_value', 'upper_bound', 'upper_bound', 'lower_bound', '', '']]","[[nan, nan, nan, nan, 0.12071993237182, nan, nan], [nan, nan, nan, nan, 0.12333638026180083, nan, nan], [0.00013592848441973046, -2.2180466053255132e-09, nan, 0.0009194206412103329, nan, nan, nan], [0.0007229763320462865, 0.0003600347634643941, 0.05700040313639721, 0.007217018016471855, 7.199998020562734, nan, nan]]",[],,"[[0, 0, 0, 0, 1, 0, 0], [0, 0, 0, 0, 1, 0, 0], [1, 1, 0, 1, 0, 0, 0], [1, 1, 1, 1, 1, 0, 0]]","[['', '', '', '', '', '', ''], ['target_value', 'target_value', '', '', 'lower_bound', '', ''], ['target_value', 'target_value', 'upper_bound', 'upper_bound', 'lower_bound', '', ''], ['target_value', 'target_value', 'upper_bound', 'upper_bound', 'lower_bound', '', '']]","[[nan, nan, nan, nan, nan, nan, nan], [0.0, 0.0, nan, nan, 4.0, nan, nan], [0.0, 0.0, 0.06, 0.0072, 7.199999999999999, nan, nan], [0.0, 0.0, 0.04, 0.00288, 10.0, nan, nan]]","[[0, 0, 0, 0, 0, 0, 0], [1, 1, 0, 0, 1, 0, 0], [1, 1, 1, 1, 1, 0, 0], [1, 1, 1, 1, 1, 0, 0]]",40.36666666666667,0.1258569538009182,0.5644844823371292,0.15047612811884836,"[[nan, nan, nan, nan, nan, nan, nan], [nan, nan, nan, nan, nan, nan, nan], [nan, nan, nan, nan, nan, nan, nan], [0.016051722291873044, 0.021778498353071225, 0.0655842326110289, 0.24822229822621683, 0.277648017522401, nan, nan]]","[[nan, nan, nan, nan, nan, nan, nan], [nan, nan, nan, nan, nan, nan, nan], [nan, nan, nan, nan, nan, nan, nan], [0.0007229763320462865, 0.0003600347634643941, 0.01700040313639721, 0.004337018016471855, 2.8000019794372664, nan, nan]]",10,0.4347826086956522,5,0.5,0.38461538461538464,13,8795.01596063969,2736.2178834114843,2736.2178834114843,,8795.01596063969,,
gmmhmm,S4SlideInsert,1342,6,"['surf_dist', 'center_dist', 'orient_err', 'speed', 'normal_force', 'start_dist', 'insert_err']","[0.04504042113987532, 0.016531661532743908, 0.2592147908053491, 0.017472314322540528, 10.084718070106007, 0.3422378234631881, 0.3338864451292424]","[[0.0002520953391689888, 3.0638588578235995e-07, 0.0889411106581908, 0.007224390068768467, 0.04892734220332606, 0.23125838106731644, 0.15758606143389087], [0.0007441589958887117, 0.00041043844223279374, 0.05700006517422343, 0.007224390068768467, 7.199995855250176, 0.23125838106731644, 0.15758606143389087], [0.0007975861342369075, 0.00032739557620068945, 0.05700016177365086, 0.007261048396187636, 7.199995165005124, 0.23125838106731644, 0.15758606143389087], [0.0005008678198302014, 0.0001989316185919206, 0.038000118774857684, 0.007224390068768467, 5.717345210650845, 0.23125838106731644, 0.008319815632521405]]","[['lower_bound', 'lower_bound', '', '', 'lower_bound', '', ''], ['target_value', 'target_value', 'upper_bound', '', 'lower_bound', '', ''], ['target_value', 'target_value', 'upper_bound', 'upper_bound', 'lower_bound', '', ''], ['target_value', 'target_value', 'upper_bound', '', '', '', 'target_value']]","[[0.0002520953391689888, 3.0638588578235995e-07, nan, nan, 0.04892734220332606, nan, nan], [0.0007441589958887117, 0.00041043844223279374, 0.05700006517422343, nan, 7.199995855250176, nan, nan], [0.0007975861342369075, 0.00032739557620068945, 0.05700016177365086, 0.007261048396187636, 7.199995165005124, nan, nan], [0.0005008678198302014, 0.0001989316185919206, 0.038000118774857684, nan, nan, nan, 0.008319815632521405]]",[],,"[[1, 1, 0, 0, 1, 0, 0], [1, 1, 1, 0, 1, 0, 0], [1, 1, 1, 1, 1, 0, 0], [1, 1, 1, 0, 0, 0, 1]]","[['', '', '', '', '', '', ''], ['target_value', 'target_value', '', '', 'lower_bound', '', ''], ['target_value', 'target_value', 'upper_bound', 'upper_bound', 'lower_bound', '', ''], ['target_value', 'target_value', 'upper_bound', 'upper_bound', 'lower_bound', '', '']]","[[nan, nan, nan, nan, nan, nan, nan], [0.0, 0.0, nan, nan, 4.0, nan, nan], [0.0, 0.0, 0.06, 0.0072, 7.199999999999999, nan, nan], [0.0, 0.0, 0.04, 0.00288, 10.0, nan, nan]]","[[0, 0, 0, 0, 0, 0, 0], [1, 1, 0, 0, 1, 0, 0], [1, 1, 1, 1, 1, 0, 0], [1, 1, 1, 1, 1, 0, 0]]",26.133333333333333,0.040191765137905705,0.291640076061792,0.07249872764884975,"[[nan, nan, nan, nan, nan, nan, nan], [0.016522025706147112, 0.024827416253341936, nan, nan, 0.3173113847114755, nan, nan], [0.01770822994216602, 0.01980415432243299, 0.011572789565861588, 0.003494007437176142, 4.794377831852567e-07, nan, nan], [0.011120407117747212, 0.012033371128358816, 0.007715150894472212, nan, nan, nan, nan]]","[[nan, nan, nan, nan, nan, nan, nan], [0.0007441589958887117, 0.00041043844223279374, nan, nan, 3.199995855250176, nan, nan], [0.0007975861342369075, 0.00032739557620068945, 0.0029998382263491385, 6.104839618763583e-05, 4.834994875579923e-06, nan, nan], [0.0005008678198302014, 0.0001989316185919206, 0.0019998812251423165, nan, nan, nan, nan]]",16,0.7586206896551724,11,0.6875,0.8461538461538461,13,9388.930363678412,3853.276931417512,3853.276931417512,,9388.930363678412,,
gmmhmm,S4SlideInsert,1342,7,"['surf_dist', 'center_dist', 'orient_err', 'speed', 'normal_force', 'start_dist', 'insert_err']","[0.04504042113987532, 0.016531661532743908, 0.2592147908053491, 0.017472314322540528, 10.084718070106007, 0.3422378234631881, 0.3338864451292424]","[[0.0073846196186389485, 0.0027713173895587374, 0.0889411106581908, 0.007224390068768467, 0.1203197004098735, 0.23125838106731644, 0.15758606143389087], [0.0073846196186389485, 0.0027713173895587374, 0.0889411106581908, 0.007224390068768467, 0.1297720121083481, 0.23125838106731644, 0.15758606143389087], [0.0006715599625512275, 0.000234713887473413, 0.0889411106581908, 0.007227530005799922, 7.610097431848924, 0.23125838106731644, 0.15758606143389087], [0.0007351565160431828, 0.0003667056325086385, 0.05700021040117676, 0.0071858119340686465, 7.199996873898636, 0.23125838106731644, 0.15758606143389087]]","[['', '', '', '', 'target_value', '', ''], ['', '', '', '', 'target_value', '', ''], ['target_value', 'target_value', '', 'upper_bound', 'upper_bound', '', ''], ['target_value', 'target_value', 'upper_bound', 'upper_bound', 'lower_bound', '', '']]","[[nan, nan, nan, nan, 0.1203197004098735, nan, nan], [nan, nan, nan, nan, 0.1297720121083481, nan, nan], [0.0006715599625512275, 0.000234713887473413, nan, 0.007227530005799922, 7.610097431848924, nan, nan], [0.0007351565160431828, 0.0003667056325086385, 0.05700021040117676, 0.0071858119340686465, 7.199996873898636, nan, nan]]",[],,"[[0, 0, 0, 0, 1, 0, 0], [0, 0, 0, 0, 1, 0, 0], [1, 1, 0, 1, 1, 0, 0], [1, 1, 1, 1, 1, 0, 0]]","[['', '', '', '', '', '', ''], ['target_value', 'target_value', '', '', 'lower_bound', '', ''], ['target_value', 'target_value', 'upper_bound', 'upper_bound', 'lower_bound', '', ''], ['target_value', 'target_value', 'upper_bound', 'upper_bound', 'lower_bound', '', '']]","[[nan, nan, nan, nan, nan, nan, nan], [0.0, 0.0, nan, nan, 4.0, nan, nan], [0.0, 0.0, 0.06, 0.0072, 7.199999999999999, nan, nan], [0.0, 0.0, 0.04, 0.00288, 10.0, nan, nan]]","[[0, 0, 0, 0, 0, 0, 0], [1, 1, 0, 0, 1, 0, 0], [1, 1, 1, 1, 1, 0, 0], [1, 1, 1, 1, 1, 0, 0]]",28.53333333333333,0.08235696190803825,0.35291810180512323,0.11167913535683119,"[[nan, nan, nan, nan, nan, nan, nan], [nan, nan, nan, nan, nan, nan, nan], [0.014910161707095587, 0.014197840126869296, nan, 0.0015756359055655808, nan, nan, nan], [0.01632215013621025, 0.022182019138385606, 0.06558348907621805, 0.24643626794842188, 0.2776481312255397, nan, nan]]","[[nan, nan, nan, nan, nan, nan, nan], [nan, nan, nan, nan, nan, nan, nan], [0.0006715599625512275, 0.000234713887473413, nan, 2.753000579992261e-05, nan, nan, nan], [0.0007351565160431828, 0.0003667056325086385, 0.01700021040117676, 0.004305811934068647, 2.8000031261013643, nan, nan]]",11,0.6666666666666667,8,0.7272727272727273,0.6153846153846154,13,9827.699296022281,3368.232579981944,3368.2325799819446,,9827.699296022281,,
gmmhmm,S4SlideInsert,1342,8,"['surf_dist', 'center_dist', 'orient_err', 'speed', 'normal_force', 'start_dist', 'insert_err']","[0.04504042113987532, 0.016531661532743908, 0.2592147908053491, 0.017472314322540528, 10.084718070106007, 0.3422378234631881, 0.3338864451292424]","[[0.0002520953391689888, 3.0638588578235995e-07, 0.0889411106581908, 0.007224390068768467, 0.04892734220332606, 0.23125838106731644, 0.15758606143389087], [0.0007918768475728543, 0.00045985338050123304, 0.05699997343866966, 0.006842913094702139, 7.19999744576256, 0.23125838106731644, 0.15758606143389087], [0.0073846196186389485, 0.0001746360755930541, 0.05700021040117676, 0.007298819832565033, 7.199995165005124, 0.23125838106731644, 0.15758606143389087], [0.0005025358525473436, 0.00021154244163187202, 0.03800003525344996, 0.002555432234864442, 9.999997234333943, 0.23125838106731644, 0.009117152244724397]]","[['lower_bound', 'lower_bound', '', '', 'lower_bound', '', ''], ['target_value', 'target_value', 'upper_bound', 'target_value', 'lower_bound', '', ''], ['', 'target_value', 'upper_bound', 'upper_bound', 'lower_bound', '', ''], ['target_value', 'target_value', 'upper_bound', 'target_value', 'lower_bound', '', 'target_value']]","[[0.0002520953391689888, 3.0638588578235995e-07, nan, nan, 0.04892734220332606, nan, nan], [0.0007918768475728543, 0.00045985338050123304, 0.05699997343866966, 0.006842913094702139, 7.19999744576256, nan, nan], [nan, 0.0001746360755930541, 0.05700021040117676, 0.007298819832565033, 7.199995165005124, nan, nan], [0.0005025358525473436, 0.00021154244163187202, 0.03800003525344996, 0.002555432234864442, 9.999997234333943, nan, 0.009117152244724397]]",[],,"[[1, 1, 0, 0, 1, 0, 0], [1, 1, 1, 1, 1, 0, 0], [0, 1, 1, 1, 1, 0, 0], [1, 1, 1, 1, 1, 0, 1]]","[['', '', '', '', '', '', ''], ['target_value', 'target_value', '', '', 'lower_bound', '', ''], ['target_value', 'target_value', 'upper_bound', 'upper_bound', 'lower_bound', '', ''], ['target_value', 'target_value', 'upper_bound', 'upper_bound', 'lower_bound', '', '']]","[[nan, nan, nan, nan, nan, nan, nan], [0.0, 0.0, nan, nan, 4.0, nan, nan], [0.0, 0.0, 0.06, 0.0072, 7.199999999999999, nan, nan], [0.0, 0.0, 0.04, 0.00288, 10.0, nan, nan]]","[[0, 0, 0, 0, 0, 0, 0], [1, 1, 0, 0, 1, 0, 0], [1, 1, 1, 1, 1, 0, 0], [1, 1, 1, 1, 1, 0, 0]]",25.366666666666667,0.03837923067282539,0.29156764229084337,0.07566723445937243,"[[nan, nan, nan, nan, nan, nan, nan], [0.01758147076630657, 0.027816525253097597, nan, nan, 0.31731154242658194, nan, nan], [nan, 0.010563734035272629, 0.011572601970370796, 0.005655795262196536, 4.794377831852567e-07, nan, nan], [0.011157441245646727, 0.012796199656814559, 0.00771547310373916, nan, 2.742432696514096e-07, nan, nan]]","[[nan, nan, nan, nan, nan, nan, nan], [0.0007918768475728543, 0.00045985338050123304, nan, nan, 3.19999744576256, nan, nan], [nan, 0.0001746360755930541, 0.0029997895988232368, 9.88198325650334e-05, 4.834994875579923e-06, nan, nan], [0.0005025358525473436, 0.00021154244163187202, 0.001999964746550044, nan, 2.7656660570585245e-06, nan, nan]]",18,0.7096774193548387,11,0.6111111111111112,0.8461538461538461,13,9784.385319361405,4037.2749468537286,4037.2749468537286,,9784.385319361405,,
gmmhmm,S4SlideInsert,1342,9,"['surf_dist', 'center_dist', 'orient_err', 'speed', 'normal_force', 'start_dist', 'insert_err']","[0.04504042113987532, 0.016531661532743908, 0.2592147908053491, 0.017472314322540528, 10.084718070106007, 0.3422378234631881, 0.3338864451292424]","[[0.0073846196186389485, 0.0027713173895587374, 0.0889411106581908, 0.007224390068768467, 0.11945250833100296, 0.23125838106731644, 0.15758606143389087], [0.0073846196186389485, 0.0027713173895587374, 0.0889411106581908, 0.007224390068768467, 0.12341754092331847, 0.23125838106731644, 0.15758606143389087], [6.8568292809555e-05, 2.188375034135881e-08, 0.0889411106581908, 0.007224390068768467, 7.642738712200542, 0.23125838106731644, 0.15758606143389087], [0.0005291088076540985, 0.00021433920578660783, 0.03800012984595746, 0.002563439978849079, 9.999997177419576, 0.23125838106731644, 0.15758606143389087]]","[['', '', '', '', 'target_value', '', ''], ['', '', '', '', 'target_value', '', ''], ['lower_bound', 'lower_bound', '', '', 'upper_bound', '', ''], ['target_value', 'target_value', 'upper_bound', 'target_value', 'lower_bound', '', '']]","[[nan, nan, nan, nan, 0.11945250833100296, nan, nan], [nan, nan, nan, nan, 0.12341754092331847, nan, nan], [6.8568292809555e-05, 2.188375034135881e-08, nan, nan, 7.642738712200542, nan, nan], [0.0005291088076540985, 0.00021433920578660783, 0.03800012984595746, 0.002563439978849079, 9.999997177419576, nan, nan]]",[],,"[[0, 0, 0, 0, 1, 0, 0], [0, 0, 0, 0, 1, 0, 0], [1, 1, 0, 0, 1, 0, 0], [1, 1, 1, 1, 1, 0, 0]]","[['', '', '', '', '', '', ''], ['target_value', 'target_value', '', '', 'lower_bound', '', ''], ['target_value', 'target_value', 'upper_bound', 'upper_bound', 'lower_bound', '', ''], ['target_value', 'target_value', 'upper_bound', 'upper_bound', 'lower_bound', '', '']]","[[nan, nan, nan, nan, nan, nan, nan], [0.0, 0.0, nan, nan, 4.0, nan, nan], [0.0, 0.0, 0.06, 0.0072, 7.199999999999999, nan, nan], [0.0, 0.0, 0.04, 0.00288, 10.0, nan, nan]]","[[0, 0, 0, 0, 0, 0, 0], [1, 1, 0, 0, 1, 0, 0], [1, 1, 1, 1, 1, 0, 0], [1, 1, 1, 1, 1, 0, 0]]",14.1,0.008107046341945728,0.0006865351869767153,0.09368616172942942,"[[nan, nan, nan, nan, nan, nan, nan], [nan, nan, nan, nan, nan, nan, nan], [nan, nan, nan, nan, nan, nan, nan], [0.011747421410890546, 0.012965375885664654, 0.007715108184333109, nan, 2.798868946052577e-07, nan, nan]]","[[nan, nan, nan, nan, nan, nan, nan], [nan, nan, nan, nan, nan, nan, nan], [nan, nan, nan, nan, nan, nan, nan], [0.0005291088076540985, 0.00021433920578660783, 0.0019998701540425434, nan, 2.822580423611498e-06, nan, nan]]",10,0.34782608695652173,4,0.4,0.3076923076923077,13,8024.129494973371,2530.39714825532,2530.39714825532,,8024.129494973371,,
map,S4SlideInsert,1342,0,"['surf_dist', 'center_dist', 'orient_err', 'speed', 'normal_force', 'start_dist', 'insert_err']","[0.04504042113987532, 0.016531661532743908, 0.2592147908053491, 0.017472314322540528, 10.084718070106007, 0.3422378234631881, 0.3338864451292424]","[[nan, nan, nan, nan, 0.12652547343987486, nan, nan], [0.0006512378466938806, 6.569712240892499e-05, nan, 0.0010357035953841177, 3.999994568006018, nan, nan], [0.0007769918353941786, 0.00040062856022427375, 0.05700006030384846, 0.006869508265553063, 7.199994780369799, nan, nan], [0.0005291088076540985, 0.00021433920578660783, 0.03800012984595746, 0.002563439978849079, 9.999997177419576, nan, nan]]","[['', '', '', '', 'target_value', '', ''], ['target_value', 'target_value', '', 'target_value', 'lower_bound', '', ''], ['target_value', 'target_value', 'upper_bound', 'target_value', 'lower_bound', '', ''], ['target_value', 'target_value', 'upper_bound', 'target_value', 'lower_bound', '', '']]","[[nan, nan, nan, nan, 0.12652547343987486, nan, nan], [0.0006512378466938806, 6.569712240892499e-05, nan, 0.0010357035953841177, 3.999994568006018, nan, nan], [0.0007769918353941786, 0.00040062856022427375, 0.05700006030384846, 0.006869508265553063, 7.199994780369799, nan, nan], [0.0005291088076540985, 0.00021433920578660783, 0.03800012984595746, 0.002563439978849079, 9.999997177419576, nan, nan]]",[],map_shared_eta,"[[0, 0, 0, 0, 1, 0, 0], [1, 1, 0, 1, 1, 0, 0], [1, 1, 1, 1, 1, 0, 0], [1, 1, 1, 1, 1, 0, 0]]","[['', '', '', '', '', '', ''], ['target_value', 'target_value', '', '', 'lower_bound', '', ''], ['target_value', 'target_value', 'upper_bound', 'upper_bound', 'lower_bound', '', ''], ['target_value', 'target_value', 'upper_bound', 'upper_bound', 'lower_bound', '', '']]","[[nan, nan, nan, nan, nan, nan, nan], [0.0, 0.0, nan, nan, 4.0, nan, nan], [0.0, 0.0, 0.06, 0.0072, 7.199999999999999, nan, nan], [0.0, 0.0, 0.04, 0.00288, 10.0, nan, nan]]","[[0, 0, 0, 0, 0, 0, 0], [1, 1, 0, 0, 1, 0, 0], [1, 1, 1, 1, 1, 0, 0], [1, 1, 1, 1, 1, 0, 0]]",0.0,0.009447310119837377,0.0006955715848147175,0.03589153816246936,"[[nan, nan, nan, nan, nan, nan, nan], [0.014458964419347421, 0.00397401811540843, nan, nan, 5.386361764813751e-07, nan, nan], [0.01725098957181575, 0.02423401661295553, 0.011573181016527214, nan, 5.175781974046487e-07, nan, nan], [0.011747421410890546, 0.012965375885664654, 0.007715108184333109, nan, 2.798868946052577e-07, nan, nan]]","[[nan, nan, nan, nan, nan, nan, nan], [0.0006512378466938806, 6.569712240892499e-05, nan, nan, 5.431993982174532e-06, nan, nan], [0.0007769918353941786, 0.00040062856022427375, 0.0029999396961515393, nan, 5.219630200059555e-06, nan, nan], [0.0005291088076540985, 0.00021433920578660783, 0.0019998701540425434, nan, 2.822580423611498e-06, nan, nan]]",15,0.7857142857142856,11,0.7333333333333333,0.8461538461538461,13,-6596.786359716148,,,,,,-6596.786359716148
map,S4SlideInsert,1342,1,"['surf_dist', 'center_dist', 'orient_err', 'speed', 'normal_force', 'start_dist', 'insert_err']","[0.04504042113987532, 0.016531661532743908, 0.2592147908053491, 0.017472314322540528, 10.084718070106007, 0.3422378234631881, 0.3338864451292424]","[[nan, nan, nan, nan, 0.12652547343987486, nan, nan], [0.0006512378466938806, 6.569712240892499e-05, nan, 0.0010357035953841177, 3.999994568006018, nan, nan], [0.0007769918353941786, 0.00040062856022427375, 0.05700006030384846, 0.006869508265553063, 7.199994780369799, nan, nan], [0.0005291088076540985, 0.00021433920578660783, 0.03800012984595746, 0.002563439978849079, 9.999997177419576, nan, nan]]","[['', '', '', '', 'target_value', '', ''], ['target_value', 'target_value', '', 'target_value', 'lower_bound', '', ''], ['target_value', 'target_value', 'upper_bound', 'target_value', 'lower_bound', '', ''], ['target_value', 'target_value', 'upper_bound', 'target_value', 'lower_bound', '', '']]","[[nan, nan, nan, nan, 0.12652547343987486, nan, nan], [0.0006512378466938806, 6.569712240892499e-05, nan, 0.0010357035953841177, 3.999994568006018, nan, nan], [0.0007769918353941786, 0.00040062856022427375, 0.05700006030384846, 0.006869508265553063, 7.199994780369799, nan, nan], [0.0005291088076540985, 0.00021433920578660783, 0.03800012984595746, 0.002563439978849079, 9.999997177419576, nan, nan]]",[],map_shared_eta,"[[0, 0, 0, 0, 1, 0, 0], [1, 1, 0, 1, 1, 0, 0], [1, 1, 1, 1, 1, 0, 0], [1, 1, 1, 1, 1, 0, 0]]","[['', '', '', '', '', '', ''], ['target_value', 'target_value', '', '', 'lower_bound', '', ''], ['target_value', 'target_value', 'upper_bound', 'upper_bound', 'lower_bound', '', ''], ['target_value', 'target_value', 'upper_bound', 'upper_bound', 'lower_bound', '', '']]","[[nan, nan, nan, nan, nan, nan, nan], [0.0, 0.0, nan, nan, 4.0, nan, nan], [0.0, 0.0, 0.06, 0.0072, 7.199999999999999, nan, nan], [0.0, 0.0, 0.04, 0.00288, 10.0, nan, nan]]","[[0, 0, 0, 0, 0, 0, 0], [1, 1, 0, 0, 1, 0, 0], [1, 1, 1, 1, 1, 0, 0], [1, 1, 1, 1, 1, 0, 0]]",0.0,0.009447310119837377,0.0006955715848147175,0.03589153816246936,"[[nan, nan, nan, nan, nan, nan, nan], [0.014458964419347421, 0.00397401811540843, nan, nan, 5.386361764813751e-07, nan, nan], [0.01725098957181575, 0.02423401661295553, 0.011573181016527214, nan, 5.175781974046487e-07, nan, nan], [0.011747421410890546, 0.012965375885664654, 0.007715108184333109, nan, 2.798868946052577e-07, nan, nan]]","[[nan, nan, nan, nan, nan, nan, nan], [0.0006512378466938806, 6.569712240892499e-05, nan, nan, 5.431993982174532e-06, nan, nan], [0.0007769918353941786, 0.00040062856022427375, 0.0029999396961515393, nan, 5.219630200059555e-06, nan, nan], [0.0005291088076540985, 0.00021433920578660783, 0.0019998701540425434, nan, 2.822580423611498e-06, nan, nan]]",15,0.7857142857142856,11,0.7333333333333333,0.8461538461538461,13,-6596.786359716148,,,,,,-6596.786359716148
map,S4SlideInsert,1342,2,"['surf_dist', 'center_dist', 'orient_err', 'speed', 'normal_force', 'start_dist', 'insert_err']","[0.04504042113987532, 0.016531661532743908, 0.2592147908053491, 0.017472314322540528, 10.084718070106007, 0.3422378234631881, 0.3338864451292424]","[[nan, nan, nan, nan, 0.12652547343987486, nan, nan], [0.0006512378466938806, 6.569712240892499e-05, nan, 0.0010357035953841177, 3.999994568006018, nan, nan], [0.0007769918353941786, 0.00040062856022427375, 0.05700006030384846, 0.006869508265553063, 7.199994780369799, nan, nan], [0.0005291088076540985, 0.00021433920578660783, 0.03800012984595746, 0.002563439978849079, 9.999997177419576, nan, nan]]","[['', '', '', '', 'target_value', '', ''], ['target_value', 'target_value', '', 'target_value', 'lower_bound', '', ''], ['target_value', 'target_value', 'upper_bound', 'target_value', 'lower_bound', '', ''], ['target_value', 'target_value', 'upper_bound', 'target_value', 'lower_bound', '', '']]","[[nan, nan, nan, nan, 0.12652547343987486, nan, nan], [0.0006512378466938806, 6.569712240892499e-05, nan, 0.0010357035953841177, 3.999994568006018, nan, nan], [0.0007769918353941786, 0.00040062856022427375, 0.05700006030384846, 0.006869508265553063, 7.199994780369799, nan, nan], [0.0005291088076540985, 0.00021433920578660783, 0.03800012984595746, 0.002563439978849079, 9.999997177419576, nan, nan]]",[],map_shared_eta,"[[0, 0, 0, 0, 1, 0, 0], [1, 1, 0, 1, 1, 0, 0], [1, 1, 1, 1, 1, 0, 0], [1, 1, 1, 1, 1, 0, 0]]","[['', '', '', '', '', '', ''], ['target_value', 'target_value', '', '', 'lower_bound', '', ''], ['target_value', 'target_value', 'upper_bound', 'upper_bound', 'lower_bound', '', ''], ['target_value', 'target_value', 'upper_bound', 'upper_bound', 'lower_bound', '', '']]","[[nan, nan, nan, nan, nan, nan, nan], [0.0, 0.0, nan, nan, 4.0, nan, nan], [0.0, 0.0, 0.06, 0.0072, 7.199999999999999, nan, nan], [0.0, 0.0, 0.04, 0.00288, 10.0, nan, nan]]","[[0, 0, 0, 0, 0, 0, 0], [1, 1, 0, 0, 1, 0, 0], [1, 1, 1, 1, 1, 0, 0], [1, 1, 1, 1, 1, 0, 0]]",0.0,0.009447310119837377,0.0006955715848147175,0.03589153816246936,"[[nan, nan, nan, nan, nan, nan, nan], [0.014458964419347421, 0.00397401811540843, nan, nan, 5.386361764813751e-07, nan, nan], [0.01725098957181575, 0.02423401661295553, 0.011573181016527214, nan, 5.175781974046487e-07, nan, nan], [0.011747421410890546, 0.012965375885664654, 0.007715108184333109, nan, 2.798868946052577e-07, nan, nan]]","[[nan, nan, nan, nan, nan, nan, nan], [0.0006512378466938806, 6.569712240892499e-05, nan, nan, 5.431993982174532e-06, nan, nan], [0.0007769918353941786, 0.00040062856022427375, 0.0029999396961515393, nan, 5.219630200059555e-06, nan, nan], [0.0005291088076540985, 0.00021433920578660783, 0.0019998701540425434, nan, 2.822580423611498e-06, nan, nan]]",15,0.7857142857142856,11,0.7333333333333333,0.8461538461538461,13,-6596.786359716148,,,,,,-6596.786359716148
map,S4SlideInsert,1342,3,"['surf_dist', 'center_dist', 'orient_err', 'speed', 'normal_force', 'start_dist', 'insert_err']","[0.04504042113987532, 0.016531661532743908, 0.2592147908053491, 0.017472314322540528, 10.084718070106007, 0.3422378234631881, 0.3338864451292424]","[[nan, nan, nan, nan, 0.12652547343987486, nan, nan], [0.0006512378466938806, 6.569712240892499e-05, nan, 0.0010357035953841177, 3.999994568006018, nan, nan], [0.0007769918353941786, 0.00040062856022427375, 0.05700006030384846, 0.006869508265553063, 7.199994780369799, nan, nan], [0.0005291088076540985, 0.00021433920578660783, 0.03800012984595746, 0.002563439978849079, 9.999997177419576, nan, nan]]","[['', '', '', '', 'target_value', '', ''], ['target_value', 'target_value', '', 'target_value', 'lower_bound', '', ''], ['target_value', 'target_value', 'upper_bound', 'target_value', 'lower_bound', '', ''], ['target_value', 'target_value', 'upper_bound', 'target_value', 'lower_bound', '', '']]","[[nan, nan, nan, nan, 0.12652547343987486, nan, nan], [0.0006512378466938806, 6.569712240892499e-05, nan, 0.0010357035953841177, 3.999994568006018, nan, nan], [0.0007769918353941786, 0.00040062856022427375, 0.05700006030384846, 0.006869508265553063, 7.199994780369799, nan, nan], [0.0005291088076540985, 0.00021433920578660783, 0.03800012984595746, 0.002563439978849079, 9.999997177419576, nan, nan]]",[],map_shared_eta,"[[0, 0, 0, 0, 1, 0, 0], [1, 1, 0, 1, 1, 0, 0], [1, 1, 1, 1, 1, 0, 0], [1, 1, 1, 1, 1, 0, 0]]","[['', '', '', '', '', '', ''], ['target_value', 'target_value', '', '', 'lower_bound', '', ''], ['target_value', 'target_value', 'upper_bound', 'upper_bound', 'lower_bound', '', ''], ['target_value', 'target_value', 'upper_bound', 'upper_bound', 'lower_bound', '', '']]","[[nan, nan, nan, nan, nan, nan, nan], [0.0, 0.0, nan, nan, 4.0, nan, nan], [0.0, 0.0, 0.06, 0.0072, 7.199999999999999, nan, nan], [0.0, 0.0, 0.04, 0.00288, 10.0, nan, nan]]","[[0, 0, 0, 0, 0, 0, 0], [1, 1, 0, 0, 1, 0, 0], [1, 1, 1, 1, 1, 0, 0], [1, 1, 1, 1, 1, 0, 0]]",0.0,0.009447310119837377,0.0006955715848147175,0.03589153816246936,"[[nan, nan, nan, nan, nan, nan, nan], [0.014458964419347421, 0.00397401811540843, nan, nan, 5.386361764813751e-07, nan, nan], [0.01725098957181575, 0.02423401661295553, 0.011573181016527214, nan, 5.175781974046487e-07, nan, nan], [0.011747421410890546, 0.012965375885664654, 0.007715108184333109, nan, 2.798868946052577e-07, nan, nan]]","[[nan, nan, nan, nan, nan, nan, nan], [0.0006512378466938806, 6.569712240892499e-05, nan, nan, 5.431993982174532e-06, nan, nan], [0.0007769918353941786, 0.00040062856022427375, 0.0029999396961515393, nan, 5.219630200059555e-06, nan, nan], [0.0005291088076540985, 0.00021433920578660783, 0.0019998701540425434, nan, 2.822580423611498e-06, nan, nan]]",15,0.7857142857142856,11,0.7333333333333333,0.8461538461538461,13,-6596.786359716148,,,,,,-6596.786359716148
map,S4SlideInsert,1342,4,"['surf_dist', 'center_dist', 'orient_err', 'speed', 'normal_force', 'start_dist', 'insert_err']","[0.04504042113987532, 0.016531661532743908, 0.2592147908053491, 0.017472314322540528, 10.084718070106007, 0.3422378234631881, 0.3338864451292424]","[[nan, nan, nan, nan, 0.12652547343987486, nan, nan], [0.0006512378466938806, 6.569712240892499e-05, nan, 0.0010357035953841177, 3.999994568006018, nan, nan], [0.0007769918353941786, 0.00040062856022427375, 0.05700006030384846, 0.006869508265553063, 7.199994780369799, nan, nan], [0.0005291088076540985, 0.00021433920578660783, 0.03800012984595746, 0.002563439978849079, 9.999997177419576, nan, nan]]","[['', '', '', '', 'target_value', '', ''], ['target_value', 'target_value', '', 'target_value', 'lower_bound', '', ''], ['target_value', 'target_value', 'upper_bound', 'target_value', 'lower_bound', '', ''], ['target_value', 'target_value', 'upper_bound', 'target_value', 'lower_bound', '', '']]","[[nan, nan, nan, nan, 0.12652547343987486, nan, nan], [0.0006512378466938806, 6.569712240892499e-05, nan, 0.0010357035953841177, 3.999994568006018, nan, nan], [0.0007769918353941786, 0.00040062856022427375, 0.05700006030384846, 0.006869508265553063, 7.199994780369799, nan, nan], [0.0005291088076540985, 0.00021433920578660783, 0.03800012984595746, 0.002563439978849079, 9.999997177419576, nan, nan]]",[],map_shared_eta,"[[0, 0, 0, 0, 1, 0, 0], [1, 1, 0, 1, 1, 0, 0], [1, 1, 1, 1, 1, 0, 0], [1, 1, 1, 1, 1, 0, 0]]","[['', '', '', '', '', '', ''], ['target_value', 'target_value', '', '', 'lower_bound', '', ''], ['target_value', 'target_value', 'upper_bound', 'upper_bound', 'lower_bound', '', ''], ['target_value', 'target_value', 'upper_bound', 'upper_bound', 'lower_bound', '', '']]","[[nan, nan, nan, nan, nan, nan, nan], [0.0, 0.0, nan, nan, 4.0, nan, nan], [0.0, 0.0, 0.06, 0.0072, 7.199999999999999, nan, nan], [0.0, 0.0, 0.04, 0.00288, 10.0, nan, nan]]","[[0, 0, 0, 0, 0, 0, 0], [1, 1, 0, 0, 1, 0, 0], [1, 1, 1, 1, 1, 0, 0], [1, 1, 1, 1, 1, 0, 0]]",0.0,0.009447310119837377,0.0006955715848147175,0.03589153816246936,"[[nan, nan, nan, nan, nan, nan, nan], [0.014458964419347421, 0.00397401811540843, nan, nan, 5.386361764813751e-07, nan, nan], [0.01725098957181575, 0.02423401661295553, 0.011573181016527214, nan, 5.175781974046487e-07, nan, nan], [0.011747421410890546, 0.012965375885664654, 0.007715108184333109, nan, 2.798868946052577e-07, nan, nan]]","[[nan, nan, nan, nan, nan, nan, nan], [0.0006512378466938806, 6.569712240892499e-05, nan, nan, 5.431993982174532e-06, nan, nan], [0.0007769918353941786, 0.00040062856022427375, 0.0029999396961515393, nan, 5.219630200059555e-06, nan, nan], [0.0005291088076540985, 0.00021433920578660783, 0.0019998701540425434, nan, 2.822580423611498e-06, nan, nan]]",15,0.7857142857142856,11,0.7333333333333333,0.8461538461538461,13,-6596.786359716148,,,,,,-6596.786359716148
map,S4SlideInsert,1342,5,"['surf_dist', 'center_dist', 'orient_err', 'speed', 'normal_force', 'start_dist', 'insert_err']","[0.04504042113987532, 0.016531661532743908, 0.2592147908053491, 0.017472314322540528, 10.084718070106007, 0.3422378234631881, 0.3338864451292424]","[[nan, nan, nan, nan, 0.12652547343987486, nan, nan], [0.0006512378466938806, 6.569712240892499e-05, nan, 0.0010357035953841177, 3.999994568006018, nan, nan], [0.0007769918353941786, 0.00040062856022427375, 0.05700006030384846, 0.006869508265553063, 7.199994780369799, nan, nan], [0.0005291088076540985, 0.00021433920578660783, 0.03800012984595746, 0.002563439978849079, 9.999997177419576, nan, nan]]","[['', '', '', '', 'target_value', '', ''], ['target_value', 'target_value', '', 'target_value', 'lower_bound', '', ''], ['target_value', 'target_value', 'upper_bound', 'target_value', 'lower_bound', '', ''], ['target_value', 'target_value', 'upper_bound', 'target_value', 'lower_bound', '', '']]","[[nan, nan, nan, nan, 0.12652547343987486, nan, nan], [0.0006512378466938806, 6.569712240892499e-05, nan, 0.0010357035953841177, 3.999994568006018, nan, nan], [0.0007769918353941786, 0.00040062856022427375, 0.05700006030384846, 0.006869508265553063, 7.199994780369799, nan, nan], [0.0005291088076540985, 0.00021433920578660783, 0.03800012984595746, 0.002563439978849079, 9.999997177419576, nan, nan]]",[],map_shared_eta,"[[0, 0, 0, 0, 1, 0, 0], [1, 1, 0, 1, 1, 0, 0], [1, 1, 1, 1, 1, 0, 0], [1, 1, 1, 1, 1, 0, 0]]","[['', '', '', '', '', '', ''], ['target_value', 'target_value', '', '', 'lower_bound', '', ''], ['target_value', 'target_value', 'upper_bound', 'upper_bound', 'lower_bound', '', ''], ['target_value', 'target_value', 'upper_bound', 'upper_bound', 'lower_bound', '', '']]","[[nan, nan, nan, nan, nan, nan, nan], [0.0, 0.0, nan, nan, 4.0, nan, nan], [0.0, 0.0, 0.06, 0.0072, 7.199999999999999, nan, nan], [0.0, 0.0, 0.04, 0.00288, 10.0, nan, nan]]","[[0, 0, 0, 0, 0, 0, 0], [1, 1, 0, 0, 1, 0, 0], [1, 1, 1, 1, 1, 0, 0], [1, 1, 1, 1, 1, 0, 0]]",0.0,0.009447310119837377,0.0006955715848147175,0.03589153816246936,"[[nan, nan, nan, nan, nan, nan, nan], [0.014458964419347421, 0.00397401811540843, nan, nan, 5.386361764813751e-07, nan, nan], [0.01725098957181575, 0.02423401661295553, 0.011573181016527214, nan, 5.175781974046487e-07, nan, nan], [0.011747421410890546, 0.012965375885664654, 0.007715108184333109, nan, 2.798868946052577e-07, nan, nan]]","[[nan, nan, nan, nan, nan, nan, nan], [0.0006512378466938806, 6.569712240892499e-05, nan, nan, 5.431993982174532e-06, nan, nan], [0.0007769918353941786, 0.00040062856022427375, 0.0029999396961515393, nan, 5.219630200059555e-06, nan, nan], [0.0005291088076540985, 0.00021433920578660783, 0.0019998701540425434, nan, 2.822580423611498e-06, nan, nan]]",15,0.7857142857142856,11,0.7333333333333333,0.8461538461538461,13,-6596.786359716148,,,,,,-6596.786359716148
map,S4SlideInsert,1342,6,"['surf_dist', 'center_dist', 'orient_err', 'speed', 'normal_force', 'start_dist', 'insert_err']","[0.04504042113987532, 0.016531661532743908, 0.2592147908053491, 0.017472314322540528, 10.084718070106007, 0.3422378234631881, 0.3338864451292424]","[[nan, nan, nan, nan, 0.12652547343987486, nan, nan], [0.0006512378466938806, 6.569712240892499e-05, nan, 0.0010357035953841177, 3.999994568006018, nan, nan], [0.0007769918353941786, 0.00040062856022427375, 0.05700006030384846, 0.006869508265553063, 7.199994780369799, nan, nan], [0.0005291088076540985, 0.00021433920578660783, 0.03800012984595746, 0.002563439978849079, 9.999997177419576, nan, nan]]","[['', '', '', '', 'target_value', '', ''], ['target_value', 'target_value', '', 'target_value', 'lower_bound', '', ''], ['target_value', 'target_value', 'upper_bound', 'target_value', 'lower_bound', '', ''], ['target_value', 'target_value', 'upper_bound', 'target_value', 'lower_bound', '', '']]","[[nan, nan, nan, nan, 0.12652547343987486, nan, nan], [0.0006512378466938806, 6.569712240892499e-05, nan, 0.0010357035953841177, 3.999994568006018, nan, nan], [0.0007769918353941786, 0.00040062856022427375, 0.05700006030384846, 0.006869508265553063, 7.199994780369799, nan, nan], [0.0005291088076540985, 0.00021433920578660783, 0.03800012984595746, 0.002563439978849079, 9.999997177419576, nan, nan]]",[],map_shared_eta,"[[0, 0, 0, 0, 1, 0, 0], [1, 1, 0, 1, 1, 0, 0], [1, 1, 1, 1, 1, 0, 0], [1, 1, 1, 1, 1, 0, 0]]","[['', '', '', '', '', '', ''], ['target_value', 'target_value', '', '', 'lower_bound', '', ''], ['target_value', 'target_value', 'upper_bound', 'upper_bound', 'lower_bound', '', ''], ['target_value', 'target_value', 'upper_bound', 'upper_bound', 'lower_bound', '', '']]","[[nan, nan, nan, nan, nan, nan, nan], [0.0, 0.0, nan, nan, 4.0, nan, nan], [0.0, 0.0, 0.06, 0.0072, 7.199999999999999, nan, nan], [0.0, 0.0, 0.04, 0.00288, 10.0, nan, nan]]","[[0, 0, 0, 0, 0, 0, 0], [1, 1, 0, 0, 1, 0, 0], [1, 1, 1, 1, 1, 0, 0], [1, 1, 1, 1, 1, 0, 0]]",0.0,0.009447310119837377,0.0006955715848147175,0.03589153816246936,"[[nan, nan, nan, nan, nan, nan, nan], [0.014458964419347421, 0.00397401811540843, nan, nan, 5.386361764813751e-07, nan, nan], [0.01725098957181575, 0.02423401661295553, 0.011573181016527214, nan, 5.175781974046487e-07, nan, nan], [0.011747421410890546, 0.012965375885664654, 0.007715108184333109, nan, 2.798868946052577e-07, nan, nan]]","[[nan, nan, nan, nan, nan, nan, nan], [0.0006512378466938806, 6.569712240892499e-05, nan, nan, 5.431993982174532e-06, nan, nan], [0.0007769918353941786, 0.00040062856022427375, 0.0029999396961515393, nan, 5.219630200059555e-06, nan, nan], [0.0005291088076540985, 0.00021433920578660783, 0.0019998701540425434, nan, 2.822580423611498e-06, nan, nan]]",15,0.7857142857142856,11,0.7333333333333333,0.8461538461538461,13,-6596.786359716148,,,,,,-6596.786359716148
map,S4SlideInsert,1342,7,"['surf_dist', 'center_dist', 'orient_err', 'speed', 'normal_force', 'start_dist', 'insert_err']","[0.04504042113987532, 0.016531661532743908, 0.2592147908053491, 0.017472314322540528, 10.084718070106007, 0.3422378234631881, 0.3338864451292424]","[[nan, nan, nan, nan, 0.12652547343987486, nan, nan], [0.0006512378466938806, 6.569712240892499e-05, nan, 0.0010357035953841177, 3.999994568006018, nan, nan], [0.0007769918353941786, 0.00040062856022427375, 0.05700006030384846, 0.006869508265553063, 7.199994780369799, nan, nan], [0.0005291088076540985, 0.00021433920578660783, 0.03800012984595746, 0.002563439978849079, 9.999997177419576, nan, nan]]","[['', '', '', '', 'target_value', '', ''], ['target_value', 'target_value', '', 'target_value', 'lower_bound', '', ''], ['target_value', 'target_value', 'upper_bound', 'target_value', 'lower_bound', '', ''], ['target_value', 'target_value', 'upper_bound', 'target_value', 'lower_bound', '', '']]","[[nan, nan, nan, nan, 0.12652547343987486, nan, nan], [0.0006512378466938806, 6.569712240892499e-05, nan, 0.0010357035953841177, 3.999994568006018, nan, nan], [0.0007769918353941786, 0.00040062856022427375, 0.05700006030384846, 0.006869508265553063, 7.199994780369799, nan, nan], [0.0005291088076540985, 0.00021433920578660783, 0.03800012984595746, 0.002563439978849079, 9.999997177419576, nan, nan]]",[],map_shared_eta,"[[0, 0, 0, 0, 1, 0, 0], [1, 1, 0, 1, 1, 0, 0], [1, 1, 1, 1, 1, 0, 0], [1, 1, 1, 1, 1, 0, 0]]","[['', '', '', '', '', '', ''], ['target_value', 'target_value', '', '', 'lower_bound', '', ''], ['target_value', 'target_value', 'upper_bound', 'upper_bound', 'lower_bound', '', ''], ['target_value', 'target_value', 'upper_bound', 'upper_bound', 'lower_bound', '', '']]","[[nan, nan, nan, nan, nan, nan, nan], [0.0, 0.0, nan, nan, 4.0, nan, nan], [0.0, 0.0, 0.06, 0.0072, 7.199999999999999, nan, nan], [0.0, 0.0, 0.04, 0.00288, 10.0, nan, nan]]","[[0, 0, 0, 0, 0, 0, 0], [1, 1, 0, 0, 1, 0, 0], [1, 1, 1, 1, 1, 0, 0], [1, 1, 1, 1, 1, 0, 0]]",0.0,0.009447310119837377,0.0006955715848147175,0.03589153816246936,"[[nan, nan, nan, nan, nan, nan, nan], [0.014458964419347421, 0.00397401811540843, nan, nan, 5.386361764813751e-07, nan, nan], [0.01725098957181575, 0.02423401661295553, 0.011573181016527214, nan, 5.175781974046487e-07, nan, nan], [0.011747421410890546, 0.012965375885664654, 0.007715108184333109, nan, 2.798868946052577e-07, nan, nan]]","[[nan, nan, nan, nan, nan, nan, nan], [0.0006512378466938806, 6.569712240892499e-05, nan, nan, 5.431993982174532e-06, nan, nan], [0.0007769918353941786, 0.00040062856022427375, 0.0029999396961515393, nan, 5.219630200059555e-06, nan, nan], [0.0005291088076540985, 0.00021433920578660783, 0.0019998701540425434, nan, 2.822580423611498e-06, nan, nan]]",15,0.7857142857142856,11,0.7333333333333333,0.8461538461538461,13,-6596.786359716148,,,,,,-6596.786359716148
map,S4SlideInsert,1342,8,"['surf_dist', 'center_dist', 'orient_err', 'speed', 'normal_force', 'start_dist', 'insert_err']","[0.04504042113987532, 0.016531661532743908, 0.2592147908053491, 0.017472314322540528, 10.084718070106007, 0.3422378234631881, 0.3338864451292424]","[[nan, nan, nan, nan, 0.12652547343987486, nan, nan], [0.0006512378466938806, 6.569712240892499e-05, nan, 0.0010357035953841177, 3.999994568006018, nan, nan], [0.0007769918353941786, 0.00040062856022427375, 0.05700006030384846, 0.006869508265553063, 7.199994780369799, nan, nan], [0.0005291088076540985, 0.00021433920578660783, 0.03800012984595746, 0.002563439978849079, 9.999997177419576, nan, nan]]","[['', '', '', '', 'target_value', '', ''], ['target_value', 'target_value', '', 'target_value', 'lower_bound', '', ''], ['target_value', 'target_value', 'upper_bound', 'target_value', 'lower_bound', '', ''], ['target_value', 'target_value', 'upper_bound', 'target_value', 'lower_bound', '', '']]","[[nan, nan, nan, nan, 0.12652547343987486, nan, nan], [0.0006512378466938806, 6.569712240892499e-05, nan, 0.0010357035953841177, 3.999994568006018, nan, nan], [0.0007769918353941786, 0.00040062856022427375, 0.05700006030384846, 0.006869508265553063, 7.199994780369799, nan, nan], [0.0005291088076540985, 0.00021433920578660783, 0.03800012984595746, 0.002563439978849079, 9.999997177419576, nan, nan]]",[],map_shared_eta,"[[0, 0, 0, 0, 1, 0, 0], [1, 1, 0, 1, 1, 0, 0], [1, 1, 1, 1, 1, 0, 0], [1, 1, 1, 1, 1, 0, 0]]","[['', '', '', '', '', '', ''], ['target_value', 'target_value', '', '', 'lower_bound', '', ''], ['target_value', 'target_value', 'upper_bound', 'upper_bound', 'lower_bound', '', ''], ['target_value', 'target_value', 'upper_bound', 'upper_bound', 'lower_bound', '', '']]","[[nan, nan, nan, nan, nan, nan, nan], [0.0, 0.0, nan, nan, 4.0, nan, nan], [0.0, 0.0, 0.06, 0.0072, 7.199999999999999, nan, nan], [0.0, 0.0, 0.04, 0.00288, 10.0, nan, nan]]","[[0, 0, 0, 0, 0, 0, 0], [1, 1, 0, 0, 1, 0, 0], [1, 1, 1, 1, 1, 0, 0], [1, 1, 1, 1, 1, 0, 0]]",0.0,0.009447310119837377,0.0006955715848147175,0.03589153816246936,"[[nan, nan, nan, nan, nan, nan, nan], [0.014458964419347421, 0.00397401811540843, nan, nan, 5.386361764813751e-07, nan, nan], [0.01725098957181575, 0.02423401661295553, 0.011573181016527214, nan, 5.175781974046487e-07, nan, nan], [0.011747421410890546, 0.012965375885664654, 0.007715108184333109, nan, 2.798868946052577e-07, nan, nan]]","[[nan, nan, nan, nan, nan, nan, nan], [0.0006512378466938806, 6.569712240892499e-05, nan, nan, 5.431993982174532e-06, nan, nan], [0.0007769918353941786, 0.00040062856022427375, 0.0029999396961515393, nan, 5.219630200059555e-06, nan, nan], [0.0005291088076540985, 0.00021433920578660783, 0.0019998701540425434, nan, 2.822580423611498e-06, nan, nan]]",15,0.7857142857142856,11,0.7333333333333333,0.8461538461538461,13,-6596.786359716148,,,,,,-6596.786359716148
map,S4SlideInsert,1342,9,"['surf_dist', 'center_dist', 'orient_err', 'speed', 'normal_force', 'start_dist', 'insert_err']","[0.04504042113987532, 0.016531661532743908, 0.2592147908053491, 0.017472314322540528, 10.084718070106007, 0.3422378234631881, 0.3338864451292424]","[[nan, nan, nan, nan, 0.12652547343987486, nan, nan], [0.0006512378466938806, 6.569712240892499e-05, nan, 0.0010357035953841177, 3.999994568006018, nan, nan], [0.0007769918353941786, 0.00040062856022427375, 0.05700006030384846, 0.006869508265553063, 7.199994780369799, nan, nan], [0.0005291088076540985, 0.00021433920578660783, 0.03800012984595746, 0.002563439978849079, 9.999997177419576, nan, nan]]","[['', '', '', '', 'target_value', '', ''], ['target_value', 'target_value', '', 'target_value', 'lower_bound', '', ''], ['target_value', 'target_value', 'upper_bound', 'target_value', 'lower_bound', '', ''], ['target_value', 'target_value', 'upper_bound', 'target_value', 'lower_bound', '', '']]","[[nan, nan, nan, nan, 0.12652547343987486, nan, nan], [0.0006512378466938806, 6.569712240892499e-05, nan, 0.0010357035953841177, 3.999994568006018, nan, nan], [0.0007769918353941786, 0.00040062856022427375, 0.05700006030384846, 0.006869508265553063, 7.199994780369799, nan, nan], [0.0005291088076540985, 0.00021433920578660783, 0.03800012984595746, 0.002563439978849079, 9.999997177419576, nan, nan]]",[],map_shared_eta,"[[0, 0, 0, 0, 1, 0, 0], [1, 1, 0, 1, 1, 0, 0], [1, 1, 1, 1, 1, 0, 0], [1, 1, 1, 1, 1, 0, 0]]","[['', '', '', '', '', '', ''], ['target_value', 'target_value', '', '', 'lower_bound', '', ''], ['target_value', 'target_value', 'upper_bound', 'upper_bound', 'lower_bound', '', ''], ['target_value', 'target_value', 'upper_bound', 'upper_bound', 'lower_bound', '', '']]","[[nan, nan, nan, nan, nan, nan, nan], [0.0, 0.0, nan, nan, 4.0, nan, nan], [0.0, 0.0, 0.06, 0.0072, 7.199999999999999, nan, nan], [0.0, 0.0, 0.04, 0.00288, 10.0, nan, nan]]","[[0, 0, 0, 0, 0, 0, 0], [1, 1, 0, 0, 1, 0, 0], [1, 1, 1, 1, 1, 0, 0], [1, 1, 1, 1, 1, 0, 0]]",0.0,0.009447310119837377,0.0006955715848147175,0.03589153816246936,"[[nan, nan, nan, nan, nan, nan, nan], [0.014458964419347421, 0.00397401811540843, nan, nan, 5.386361764813751e-07, nan, nan], [0.01725098957181575, 0.02423401661295553, 0.011573181016527214, nan, 5.175781974046487e-07, nan, nan], [0.011747421410890546, 0.012965375885664654, 0.007715108184333109, nan, 2.798868946052577e-07, nan, nan]]","[[nan, nan, nan, nan, nan, nan, nan], [0.0006512378466938806, 6.569712240892499e-05, nan, nan, 5.431993982174532e-06, nan, nan], [0.0007769918353941786, 0.00040062856022427375, 0.0029999396961515393, nan, 5.219630200059555e-06, nan, nan], [0.0005291088076540985, 0.00021433920578660783, 0.0019998701540425434, nan, 2.822580423611498e-06, nan, nan]]",15,0.7857142857142856,11,0.7333333333333333,0.8461538461538461,13,-6596.786359716148,,,,,,-6596.786359716148
map_pooled,S4SlideInsert,1342,0,"['surf_dist', 'center_dist', 'orient_err', 'speed', 'normal_force', 'start_dist', 'insert_err']","[0.04504042113987532, 0.016531661532743908, 0.2592147908053491, 0.017472314322540528, 10.084718070106007, 0.3422378234631881, 0.3338864451292424]","[[nan, nan, nan, nan, 0.12652547343987486, nan, nan], [0.0006512378466938806, 6.569712240892499e-05, nan, 0.0010357035953841177, 3.999994568006018, nan, nan], [0.0007769918353941786, 0.00040062856022427375, 0.05700006030384846, 0.006869508265553063, 7.199994780369799, nan, nan], [0.0005291088076540985, 0.00021433920578660783, 0.03800012984595746, 0.002563439978849079, 9.999997177419576, nan, 0.001905538659852879]]","[['', '', '', '', 'target_value', '', ''], ['target_value', 'target_value', '', 'target_value', 'lower_bound', '', ''], ['target_value', 'target_value', 'upper_bound', 'target_value', 'lower_bound', '', ''], ['target_value', 'target_value', 'upper_bound', 'target_value', 'lower_bound', '', 'lower_bound']]","[[nan, nan, nan, nan, 0.12652547343987486, nan, nan], [0.0006512378466938806, 6.569712240892499e-05, nan, 0.0010357035953841177, 3.999994568006018, nan, nan], [0.0007769918353941786, 0.00040062856022427375, 0.05700006030384846, 0.006869508265553063, 7.199994780369799, nan, nan], [0.0005291088076540985, 0.00021433920578660783, 0.03800012984595746, 0.002563439978849079, 9.999997177419576, nan, 0.001905538659852879]]",[],map_shared_eta,"[[0, 0, 0, 0, 1, 0, 0], [1, 1, 0, 1, 1, 0, 0], [1, 1, 1, 1, 1, 0, 0], [1, 1, 1, 1, 1, 0, 1]]","[['', '', '', '', '', '', ''], ['target_value', 'target_value', '', '', 'lower_bound', '', ''], ['target_value', 'target_value', 'upper_bound', 'upper_bound', 'lower_bound', '', ''], ['target_value', 'target_value', 'upper_bound', 'upper_bound', 'lower_bound', '', '']]","[[nan, nan, nan, nan, nan, nan, nan], [0.0, 0.0, nan, nan, 4.0, nan, nan], [0.0, 0.0, 0.06, 0.0072, 7.199999999999999, nan, nan], [0.0, 0.0, 0.04, 0.00288, 10.0, nan, nan]]","[[0, 0, 0, 0, 0, 0, 0], [1, 1, 0, 0, 1, 0, 0], [1, 1, 1, 1, 1, 0, 0], [1, 1, 1, 1, 1, 0, 0]]",0.0,0.009447310119837377,0.0006955715848147175,0.03589153816246936,"[[nan, nan, nan, nan, nan, nan, nan], [0.014458964419347421, 0.00397401811540843, nan, nan, 5.386361764813751e-07, nan, nan], [0.01725098957181575, 0.02423401661295553, 0.011573181016527214, nan, 5.175781974046487e-07, nan, nan], [0.011747421410890546, 0.012965375885664654, 0.007715108184333109, nan, 2.798868946052577e-07, nan, nan]]","[[nan, nan, nan, nan, nan, nan, nan], [0.0006512378466938806, 6.569712240892499e-05, nan, nan, 5.431993982174532e-06, nan, nan], [0.0007769918353941786, 0.00040062856022427375, 0.0029999396961515393, nan, 5.219630200059555e-06, nan, nan], [0.0005291088076540985, 0.00021433920578660783, 0.0019998701540425434, nan, 2.822580423611498e-06, nan, nan]]",16,0.7586206896551724,11,0.6875,0.8461538461538461,13,-6748.182820202659,,,,,,-6748.182820202659
arhsmm,S5SphereInspect,127,0,"['surf_dist', 'normal_err', 'speed', 'ang_speed', 'start_dist', 'goal_dist']","[0.07448508906860322, 0.2735019597134474, 0.005167278655559288, 0.06608722993185281, 0.2420060651636752, 0.17611082692742402]","[[0.02045219957117411, 0.10158489238903948, 0.007639086684378288, 0.04112343753885147, 0.16447107839562072, 0.2889733595429724], [2.2700025072396046e-06, 0.034376631913247635, 0.008541416004146238, 0.04112343753885147, 0.16447107839562072, 0.2889733595429724], [2.571555097297812e-06, 0.039617481569855346, 0.00845971328164772, 0.04112343753885147, 0.16447107839562072, 0.2889733595429724], [1.5752626816370463e-06, 0.03961463238322181, 0.007639086684378288, 0.04112343753885147, 0.16447107839562072, 0.2889733595429724], [0.02045219957117411, 0.10158489238903948, 0.007639086684378288, 0.04112343753885147, 0.16447107839562072, 0.2889733595429724]]","[['', '', '', '', '', ''], ['target_value', 'target_value', 'upper_bound', '', '', ''], ['target_value', 'upper_bound', 'upper_bound', '', '', ''], ['target_value', 'upper_bound', '', '', '', ''], ['', '', '', '', '', '']]","[[nan, nan, nan, nan, nan, nan], [2.2700025072396046e-06, 0.034376631913247635, 0.008541416004146238, nan, nan, nan], [2.571555097297812e-06, 0.039617481569855346, 0.00845971328164772, nan, nan, nan], [1.5752626816370463e-06, 0.03961463238322181, nan, nan, nan, nan], [nan, nan, nan, nan, nan, nan]]",[],,"[[0, 0, 0, 0, 0, 0], [1, 1, 1, 0, 0, 0], [1, 1, 1, 0, 0, 0], [1, 1, 0, 0, 0, 0], [0, 0, 0, 0, 0, 0]]","[['', '', '', '', '', ''], ['target_value', 'upper_bound', 'upper_bound', '', '', ''], ['', '', '', '', '', ''], ['target_value', '', 'upper_bound', '', '', ''], ['', '', '', '', '', '']]","[[nan, nan, nan, nan, nan, nan], [0.0, 0.04, 0.00846, nan, nan, nan], [nan, nan, nan, nan, nan, nan], [0.0324, nan, 0.00846, nan, nan, nan], [nan, nan, nan, nan, nan, nan]]","[[0, 0, 0, 0, 0, 0], [1, 1, 1, 0, 0, 0], [0, 0, 0, 0, 0, 0], [1, 0, 1, 0, 0, 0], [0, 0, 0, 0, 0, 0]]",16.025,0.1502505957282049,0.010827370247990612,0.08817249841380853,"[[nan, nan, nan, nan, nan, nan], [3.047593197007333e-05, nan, 0.01575606998833815, nan, nan, nan], [nan, nan, nan, nan, nan, nan], [0.4349652412643065, nan, nan, nan, nan, nan], [nan, nan, nan, nan, nan, nan]]","[[nan, nan, nan, nan, nan, nan], [2.2700025072396046e-06, nan, 8.1416004146238e-05, nan, nan, nan], [nan, nan, nan, nan, nan, nan], [0.03239842473731836, nan, nan, nan, nan, nan], [nan, nan, nan, nan, nan, nan]]",8,0.4615384615384615,3,0.375,0.6,5,1121.6417541448873,-1643.7189000297262,-1643.7189000297262,,1121.6417541448873,,
arhsmm,S5SphereInspect,127,1,"['surf_dist', 'normal_err', 'speed', 'ang_speed', 'start_dist', 'goal_dist']","[0.07448508906860322, 0.2735019597134474, 0.005167278655559288, 0.06608722993185281, 0.2420060651636752, 0.17611082692742402]","[[4.957888766858598e-07, 0.020416865460612096, 0.007639086684378288, 0.04112343753885147, 0.16447107839562072, 0.2889733595429724], [2.6664788456629007e-06, 0.03583183621701436, 0.007639086684378288, 0.04112343753885147, 0.16447107839562072, 0.2889733595429724], [1.7322142432177334e-06, 0.03961494964352006, 0.007639086684378288, 0.04112343753885147, 0.16447107839562072, 0.2889733595429724], [0.02045219957117411, 0.10158489238903948, 0.007639086684378288, 0.04112343753885147, 0.16447107839562072, 0.2889733595429724], [0.02045219957117411, 0.10158489238903948, 0.007639086684378288, 0.04112343753885147, 0.16447107839562072, 0.2889733595429724]]","[['lower_bound', 'lower_bound', '', '', '', ''], ['target_value', 'target_value', '', '', '', ''], ['target_value', 'upper_bound', '', '', '', ''], ['', '', '', '', '', ''], ['', '', '', '', '', '']]","[[4.957888766858598e-07, 0.020416865460612096, nan, nan, nan, nan], [2.6664788456629007e-06, 0.03583183621701436, nan, nan, nan, nan], [1.7322142432177334e-06, 0.03961494964352006, nan, nan, nan, nan], [nan, nan, nan, nan, nan, nan], [nan, nan, nan, nan, nan, nan]]",[],,"[[1, 1, 0, 0, 0, 0], [1, 1, 0, 0, 0, 0], [1, 1, 0, 0, 0, 0], [0, 0, 0, 0, 0, 0], [0, 0, 0, 0, 0, 0]]","[['', '', '', '', '', ''], ['target_value', 'upper_bound', 'upper_bound', '', '', ''], ['', '', '', '', '', ''], ['target_value', '', 'upper_bound', '', '', ''], ['', '', '', '', '', '']]","[[nan, nan, nan, nan, nan, nan], [0.0, 0.04, 0.00846, nan, nan, nan], [nan, nan, nan, nan, nan, nan], [0.0324, nan, 0.00846, nan, nan, nan], [nan, nan, nan, nan, nan, nan]]","[[0, 0, 0, 0, 0, 0], [1, 1, 1, 0, 0, 0], [0, 0, 0, 0, 0, 0], [1, 0, 1, 0, 0, 0], [0, 0, 0, 0, 0, 0]]",14.025,3.579882737613411e-05,2.6664788456629007e-06,0.08183821275741385,"[[nan, nan, nan, nan, nan, nan], [3.579882737613411e-05, nan, nan, nan, nan, nan], [nan, nan, nan, nan, nan, nan], [nan, nan, nan, nan, nan, nan], [nan, nan, nan, nan, nan, nan]]","[[nan, nan, nan, nan, nan, nan], [2.6664788456629007e-06, nan, nan, nan, nan, nan], [nan, nan, nan, nan, nan, nan], [nan, nan, nan, nan, nan, nan], [nan, nan, nan, nan, nan, nan]]",6,0.1818181818181818,1,0.16666666666666666,0.2,5,965.198170505485,-2199.330103639301,-2199.330103639301,,965.198170505485,,
arhsmm,S5SphereInspect,127,2,"['surf_dist', 'normal_err', 'speed', 'ang_speed', 'start_dist', 'goal_dist']","[0.07448508906860322, 0.2735019597134474, 0.005167278655559288, 0.06608722993185281, 0.2420060651636752, 0.17611082692742402]","[[6.472277685951044e-07, 0.016543317618078285, 0.007639086684378288, 0.04112343753885147, 0.16447107839562072, 0.2889733595429724], [2.734628240505521e-06, 0.03961338482589263, 0.008469156410370604, 0.04112343753885147, 0.16447107839562072, 0.2889733595429724], [1.8307850013152271e-06, 0.03961746681396593, 0.007639086684378288, 0.04112343753885147, 0.16447107839562072, 0.2889733595429724], [0.02045219957117411, 0.10158489238903948, 0.007639086684378288, 0.04112343753885147, 0.16447107839562072, 0.2889733595429724], [0.02045219957117411, 0.10158489238903948, 0.007639086684378288, 0.04112343753885147, 0.16447107839562072, 0.2889733595429724]]","[['lower_bound', 'lower_bound', '', '', '', ''], ['target_value', 'upper_bound', 'upper_bound', '', '', ''], ['target_value', 'upper_bound', '', '', '', ''], ['', '', '', '', '', ''], ['', '', '', '', '', '']]","[[6.472277685951044e-07, 0.016543317618078285, nan, nan, nan, nan], [2.734628240505521e-06, 0.03961338482589263, 0.008469156410370604, nan, nan, nan], [1.8307850013152271e-06, 0.03961746681396593, nan, nan, nan, nan], [nan, nan, nan, nan, nan, nan], [nan, nan, nan, nan, nan, nan]]",[],,"[[1, 1, 0, 0, 0, 0], [1, 1, 1, 0, 0, 0], [1, 1, 0, 0, 0, 0], [0, 0, 0, 0, 0, 0], [0, 0, 0, 0, 0, 0]]","[['', '', '', '', '', ''], ['target_value', 'upper_bound', 'upper_bound', '', '', ''], ['', '', '', '', '', ''], ['target_value', '', 'upper_bound', '', '', ''], ['', '', '', '', '', '']]","[[nan, nan, nan, nan, nan, nan], [0.0, 0.04, 0.00846, nan, nan, nan], [nan, nan, nan, nan, nan, nan], [0.0324, nan, 0.00846, nan, nan, nan], [nan, nan, nan, nan, nan, nan]]","[[0, 0, 0, 0, 0, 0], [1, 1, 1, 0, 0, 0], [0, 0, 0, 0, 0, 0], [1, 0, 1, 0, 0, 0], [0, 0, 0, 0, 0, 0]]",12.225,0.001074095340967131,0.00013283540423949443,0.08079876268629237,"[[nan, nan, nan, nan, nan, nan], [3.6713767476156716e-05, 0.0014135736888775403, 0.0017719985665476962, nan, nan, nan], [nan, nan, nan, nan, nan, nan], [nan, nan, nan, nan, nan, nan], [nan, nan, nan, nan, nan, nan]]","[[nan, nan, nan, nan, nan, nan], [2.734628240505521e-06, 0.0003866151741073742, 9.156410370603565e-06, nan, nan, nan], [nan, nan, nan, nan, nan, nan], [nan, nan, nan, nan, nan, nan], [nan, nan, nan, nan, nan, nan]]",7,0.5,3,0.42857142857142855,0.6,5,1025.1674435301106,-1582.808007356964,-1582.8080073569638,,1025.1674435301106,,
arhsmm,S5SphereInspect,127,3,"['surf_dist', 'normal_err', 'speed', 'ang_speed', 'start_dist', 'goal_dist']","[0.07448508906860322, 0.2735019597134474, 0.005167278655559288, 0.06608722993185281, 0.2420060651636752, 0.17611082692742402]","[[0.02045219957117411, 0.10158489238903948, 0.007639086684378288, 0.04112343753885147, 0.16447107839562072, 0.2889733595429724], [2.103512994341278e-06, 0.10158489238903948, 0.008552191055918224, 0.04112343753885147, 0.16447107839562072, 0.2889733595429724], [7.120613007699506e-07, 0.020860137524259775, 0.008462079449991987, 0.04112343753885147, 0.16447107839562072, 0.2889733595429724], [0.02045219957117411, 0.10158489238903948, 0.007639086684378288, 0.04112343753885147, 0.16447107839562072, 0.2889733595429724], [0.02045219957117411, 0.10158489238903948, 0.007639086684378288, 0.04112343753885147, 0.16447107839562072, 0.2889733595429724]]","[['', '', '', '', '', ''], ['target_value', '', 'upper_bound', '', '', ''], ['lower_bound', 'lower_bound', 'upper_bound', '', '', ''], ['', '', '', '', '', ''], ['', '', '', '', '', '']]","[[nan, nan, nan, nan, nan, nan], [2.103512994341278e-06, nan, 0.008552191055918224, nan, nan, nan], [7.120613007699506e-07, 0.020860137524259775, 0.008462079449991987, nan, nan, nan], [nan, nan, nan, nan, nan, nan], [nan, nan, nan, nan, nan, nan]]",[],,"[[0, 0, 0, 0, 0, 0], [1, 0, 1, 0, 0, 0], [1, 1, 1, 0, 0, 0], [0, 0, 0, 0, 0, 0], [0, 0, 0, 0, 0, 0]]","[['', '', '', '', '', ''], ['target_value', 'upper_bound', 'upper_bound', '', '', ''], ['', '', '', '', '', ''], ['target_value', '', 'upper_bound', '', '', ''], ['', '', '', '', '', '']]","[[nan, nan, nan, nan, nan, nan], [0.0, 0.04, 0.00846, nan, nan, nan], [nan, nan, nan, nan, nan, nan], [0.0324, nan, 0.00846, nan, nan, nan], [nan, nan, nan, nan, nan, nan]]","[[0, 0, 0, 0, 0, 0], [1, 1, 1, 0, 0, 0], [0, 0, 0, 0, 0, 0], [1, 0, 1, 0, 0, 0], [0, 0, 0, 0, 0, 0]]",9.075,0.008934778804676776,4.71472844562823e-05,0.07425722225089611,"[[nan, nan, nan, nan, nan, nan], [2.8240726038521253e-05, nan, 0.01784131688331503, nan, nan, nan], [nan, nan, nan, nan, nan, nan], [nan, nan, nan, nan, nan, nan], [nan, nan, nan, nan, nan, nan]]","[[nan, nan, nan, nan, nan, nan], [2.103512994341278e-06, nan, 9.219105591822332e-05, nan, nan, nan], [nan, nan, nan, nan, nan, nan], [nan, nan, nan, nan, nan, nan], [nan, nan, nan, nan, nan, nan]]",5,0.4000000000000001,2,0.4,0.4,5,1039.3703160140453,-2335.1759453243058,-2335.1759453243058,,1039.3703160140453,,
arhsmm,S5SphereInspect,127,4,"['surf_dist', 'normal_err', 'speed', 'ang_speed', 'start_dist', 'goal_dist']","[0.07448508906860322, 0.2735019597134474, 0.005167278655559288, 0.06608722993185281, 0.2420060651636752, 0.17611082692742402]","[[5.636522209251371e-07, 0.01999112502601373, 0.007639086684378288, 0.04112343753885147, 0.16447107839562072, 0.2889733595429724], [6.328948186397343e-07, 0.020693611256880004, 0.008467755771954726, 0.04112343753885147, 0.16447107839562072, 0.2889733595429724], [0.03240008403008493, 0.10158489238903948, 0.008286677559273686, 0.04112343753885147, 0.16447107839562072, 0.2889733595429724], [0.03239897748280616, 0.10158489238903948, 0.007639086684378288, 1.047017290520258e-06, 0.16447107839562072, 0.2889733595429724], [0.02045219957117411, 0.10158489238903948, 0.007639086684378288, 0.04112343753885147, 0.16447107839562072, 0.2889733595429724]]","[['lower_bound', 'lower_bound', '', '', '', ''], ['lower_bound', 'lower_bound', 'upper_bound', '', '', ''], ['target_value', '', 'upper_bound', '', '', ''], ['lower_bound', '', '', 'lower_bound', '', ''], ['', '', '', '', '', '']]","[[5.636522209251371e-07, 0.01999112502601373, nan, nan, nan, nan], [6.328948186397343e-07, 0.020693611256880004, 0.008467755771954726, nan, nan, nan], [0.03240008403008493, nan, 0.008286677559273686, nan, nan, nan], [0.03239897748280616, nan, nan, 1.047017290520258e-06, nan, nan], [nan, nan, nan, nan, nan, nan]]",[],,"[[1, 1, 0, 0, 0, 0], [1, 1, 1, 0, 0, 0], [1, 0, 1, 0, 0, 0], [1, 0, 0, 1, 0, 0], [0, 0, 0, 0, 0, 0]]","[['', '', '', '', '', ''], ['target_value', 'upper_bound', 'upper_bound', '', '', ''], ['', '', '', '', '', ''], ['target_value', '', 'upper_bound', '', '', ''], ['', '', '', '', '', '']]","[[nan, nan, nan, nan, nan, nan], [0.0, 0.04, 0.00846, nan, nan, nan], [nan, nan, nan, nan, nan, nan], [0.0324, nan, 0.00846, nan, nan, nan], [nan, nan, nan, nan, nan, nan]]","[[0, 0, 0, 0, 0, 0], [1, 1, 1, 0, 0, 0], [0, 0, 0, 0, 0, 0], [1, 0, 1, 0, 0, 0], [0, 0, 0, 0, 0, 0]]",9.475,0.0015009393670654082,7.755771954725751e-06,0.07474151159938047,"[[nan, nan, nan, nan, nan, nan], [nan, nan, 0.0015009393670654082, nan, nan, nan], [nan, nan, nan, nan, nan, nan], [nan, nan, nan, nan, nan, nan], [nan, nan, nan, nan, nan, nan]]","[[nan, nan, nan, nan, nan, nan], [nan, nan, 7.755771954725751e-06, nan, nan, nan], [nan, nan, nan, nan, nan, nan], [nan, nan, nan, nan, nan, nan], [nan, nan, nan, nan, nan, nan]]",9,0.14285714285714285,1,0.1111111111111111,0.2,5,922.4379826004194,-2553.6602452576985,-2553.6602452576985,,922.4379826004194,,
arhsmm,S5SphereInspect,127,5,"['surf_dist', 'normal_err', 'speed', 'ang_speed', 'start_dist', 'goal_dist']","[0.07448508906860322, 0.2735019597134474, 0.005167278655559288, 0.06608722993185281, 0.2420060651636752, 0.17611082692742402]","[[0.02045219957117411, 0.10158489238903948, 0.007639086684378288, 0.04112343753885147, 0.16447107839562072, 0.2889733595429724], [0.02045219957117411, 0.10158489238903948, 0.007639086684378288, 0.04112343753885147, 0.16447107839562072, 0.2889733595429724], [4.009304844749401e-06, 0.03423812616857186, 0.008541332838868739, 0.04112343753885147, 0.16447107839562072, 0.2889733595429724], [6.608393924890932e-07, 0.02092514197040672, 0.00845444272708591, 0.04112343753885147, 0.16447107839562072, 0.2889733595429724], [0.02045219957117411, 0.10158489238903948, 0.007639086684378288, 0.04112343753885147, 0.16447107839562072, 0.2889733595429724]]","[['', '', '', '', '', ''], ['', '', '', '', '', ''], ['target_value', 'target_value', 'upper_bound', '', '', ''], ['lower_bound', 'lower_bound', 'upper_bound', '', '', ''], ['', '', '', '', '', '']]","[[nan, nan, nan, nan, nan, nan], [nan, nan, nan, nan, nan, nan], [4.009304844749401e-06, 0.03423812616857186, 0.008541332838868739, nan, nan, nan], [6.608393924890932e-07, 0.02092514197040672, 0.00845444272708591, nan, nan, nan], [nan, nan, nan, nan, nan, nan]]",[],,"[[0, 0, 0, 0, 0, 0], [0, 0, 0, 0, 0, 0], [1, 1, 1, 0, 0, 0], [1, 1, 1, 0, 0, 0], [0, 0, 0, 0, 0, 0]]","[['', '', '', '', '', ''], ['target_value', 'upper_bound', 'upper_bound', '', '', ''], ['', '', '', '', '', ''], ['target_value', '', 'upper_bound', '', '', ''], ['', '', '', '', '', '']]","[[nan, nan, nan, nan, nan, nan], [0.0, 0.04, 0.00846, nan, nan, nan], [nan, nan, nan, nan, nan, nan], [0.0324, nan, 0.00846, nan, nan, nan], [nan, nan, nan, nan, nan, nan]]","[[0, 0, 0, 0, 0, 0], [1, 1, 1, 0, 0, 0], [0, 0, 0, 0, 0, 0], [1, 0, 1, 0, 0, 0], [0, 0, 0, 0, 0, 0]]",17.975,0.00107547381988226,5.5572729140904165e-06,0.08015649808561019,"[[nan, nan, nan, nan, nan, nan], [nan, nan, nan, nan, nan, nan], [nan, nan, nan, nan, nan, nan], [nan, nan, 0.00107547381988226, nan, nan, nan], [nan, nan, nan, nan, nan, nan]]","[[nan, nan, nan, nan, nan, nan], [nan, nan, nan, nan, nan, nan], [nan, nan, nan, nan, nan, nan], [nan, nan, 5.5572729140904165e-06, nan, nan, nan], [nan, nan, nan, nan, nan, nan]]",6,0.1818181818181818,1,0.16666666666666666,0.2,5,1051.9940302304574,-1957.052679778851,-1957.0526797788507,,1051.9940302304574,,
arhsmm,S5SphereInspect,127,6,"['surf_dist', 'normal_err', 'speed', 'ang_speed', 'start_dist', 'goal_dist']","[0.07448508906860322, 0.2735019597134474, 0.005167278655559288, 0.06608722993185281, 0.2420060651636752, 0.17611082692742402]","[[0.02045219957117411, 0.10158489238903948, 0.007639086684378288, 0.04112343753885147, 0.16447107839562072, 0.2889733595429724], [3.9578728279129893e-07, 0.021093219316049683, 0.00851510203265227, 0.04112343753885147, 0.16447107839562072, 0.2889733595429724], [0.032400103186796786, 0.10158489238903948, 0.008286530239302961, 0.04112343753885147, 0.16447107839562072, 0.2889733595429724], [0.03239895030336155, 0.10158489238903948, 0.007639086684378288, 0.04112343753885147, 0.16447107839562072, 0.2889733595429724], [0.02045219957117411, 0.10158489238903948, 0.007639086684378288, 0.04112343753885147, 0.16447107839562072, 0.2889733595429724]]","[['', '', '', '', '', ''], ['lower_bound', 'lower_bound', 'upper_bound', '', '', ''], ['target_value', '', 'upper_bound', '', '', ''], ['lower_bound', '', '', '', '', ''], ['', '', '', '', '', '']]","[[nan, nan, nan, nan, nan, nan], [3.9578728279129893e-07, 0.021093219316049683, 0.00851510203265227, nan, nan, nan], [0.032400103186796786, nan, 0.008286530239302961, nan, nan, nan], [0.03239895030336155, nan, nan, nan, nan, nan], [nan, nan, nan, nan, nan, nan]]",[],,"[[0, 0, 0, 0, 0, 0], [1, 1, 1, 0, 0, 0], [1, 0, 1, 0, 0, 0], [1, 0, 0, 0, 0, 0], [0, 0, 0, 0, 0, 0]]","[['', '', '', '', '', ''], ['target_value', 'upper_bound', 'upper_bound', '', '', ''], ['', '', '', '', '', ''], ['target_value', '', 'upper_bound', '', '', ''], ['', '', '', '', '', '']]","[[nan, nan, nan, nan, nan, nan], [0.0, 0.04, 0.00846, nan, nan, nan], [nan, nan, nan, nan, nan, nan], [0.0324, nan, 0.00846, nan, nan, nan], [nan, nan, nan, nan, nan, nan]]","[[0, 0, 0, 0, 0, 0], [1, 1, 1, 0, 0, 0], [0, 0, 0, 0, 0, 0], [1, 0, 1, 0, 0, 0], [0, 0, 0, 0, 0, 0]]",8.775,0.010663646442404858,5.510203265226936e-05,0.0708693617234297,"[[nan, nan, nan, nan, nan, nan], [nan, nan, 0.010663646442404858, nan, nan, nan], [nan, nan, nan, nan, nan, nan], [nan, nan, nan, nan, nan, nan], [nan, nan, nan, nan, nan, nan]]","[[nan, nan, nan, nan, nan, nan], [nan, nan, 5.510203265226936e-05, nan, nan, nan], [nan, nan, nan, nan, nan, nan], [nan, nan, nan, nan, nan, nan], [nan, nan, nan, nan, nan, nan]]",6,0.1818181818181818,1,0.16666666666666666,0.2,5,1106.0355342440532,-2669.890168261751,-2669.890168261751,,1106.0355342440532,,
arhsmm,S5SphereInspect,127,7,"['surf_dist', 'normal_err', 'speed', 'ang_speed', 'start_dist', 'goal_dist']","[0.07448508906860322, 0.2735019597134474, 0.005167278655559288, 0.06608722993185281, 0.2420060651636752, 0.17611082692742402]","[[0.02045219957117411, 0.10158489238903948, 0.007639086684378288, 0.04112343753885147, 0.16447107839562072, 0.2889733595429724], [-3.8174349355213355e-08, 0.021064849009838182, 0.008586167743529856, 0.04112343753885147, 0.16447107839562072, 0.2889733595429724], [2.59970565941528e-06, 0.035051779371233036, 0.008509079523186018, 0.04112343753885147, 0.16447107839562072, 0.2889733595429724], [6.724479658763716e-07, 0.02082240847567904, 0.00845552975347651, 0.04112343753885147, 0.16447107839562072, 0.2889733595429724], [0.02045219957117411, 0.10158489238903948, 0.007639086684378288, 0.04112343753885147, 0.16447107839562072, 0.2889733595429724]]","[['', '', '', '', '', ''], ['lower_bound', 'lower_bound', 'upper_bound', '', '', ''], ['target_value', 'target_value', 'upper_bound', '', '', ''], ['lower_bound', 'lower_bound', 'upper_bound', '', '', ''], ['', '', '', '', '', '']]","[[nan, nan, nan, nan, nan, nan], [-3.8174349355213355e-08, 0.021064849009838182, 0.008586167743529856, nan, nan, nan], [2.59970565941528e-06, 0.035051779371233036, 0.008509079523186018, nan, nan, nan], [6.724479658763716e-07, 0.02082240847567904, 0.00845552975347651, nan, nan, nan], [nan, nan, nan, nan, nan, nan]]",[],,"[[0, 0, 0, 0, 0, 0], [1, 1, 1, 0, 0, 0], [1, 1, 1, 0, 0, 0], [1, 1, 1, 0, 0, 0], [0, 0, 0, 0, 0, 0]]","[['', '', '', '', '', ''], ['target_value', 'upper_bound', 'upper_bound', '', '', ''], ['', '', '', '', '', ''], ['target_value', '', 'upper_bound', '', '', ''], ['', '', '', '', '', '']]","[[nan, nan, nan, nan, nan, nan], [0.0, 0.04, 0.00846, nan, nan, nan], [nan, nan, nan, nan, nan, nan], [0.0324, nan, 0.00846, nan, nan, nan], [nan, nan, nan, nan, nan, nan]]","[[0, 0, 0, 0, 0, 0], [1, 1, 1, 0, 0, 0], [0, 0, 0, 0, 0, 0], [1, 0, 1, 0, 0, 0], [0, 0, 0, 0, 0, 0]]",15.0,0.012640888827700179,6.531899502667301e-05,0.07578304734645426,"[[nan, nan, nan, nan, nan, nan], [nan, nan, 0.024416671122258208, nan, nan, nan], [nan, nan, nan, nan, nan, nan], [nan, nan, 0.0008651065331421511, nan, nan, nan], [nan, nan, nan, nan, nan, nan]]","[[nan, nan, nan, nan, nan, nan], [nan, nan, 0.00012616774352985569, nan, nan, nan], [nan, nan, nan, nan, nan, nan], [nan, nan, 4.470246523490332e-06, nan, nan, nan], [nan, nan, nan, nan, nan, nan]]",9,0.2857142857142857,2,0.2222222222222222,0.4,5,1064.8959510741145,-1986.4727256780372,-1986.4727256780372,,1064.8959510741145,,
arhsmm,S5SphereInspect,127,8,"['surf_dist', 'normal_err', 'speed', 'ang_speed', 'start_dist', 'goal_dist']","[0.07448508906860322, 0.2735019597134474, 0.005167278655559288, 0.06608722993185281, 0.2420060651636752, 0.17611082692742402]","[[5.636522209251371e-07, 0.01999112502601373, 0.007639086684378288, 0.04112343753885147, 0.16447107839562072, 0.2889733595429724], [2.129722621917185e-06, 0.03961538515343348, 0.008486867746393314, 0.04112343753885147, 0.16447107839562072, 0.2889733595429724], [0.02045219957117411, 0.10158489238903948, 0.007639086684378288, 0.04112343753885147, 0.16447107839562072, 0.2889733595429724], [0.0324001103349215, 0.10158489238903948, 0.007639086684378288, 0.04112343753885147, 0.16447107839562072, 0.2889733595429724], [0.02045219957117411, 0.10158489238903948, 0.007639086684378288, 0.04112343753885147, 0.16447107839562072, 0.2889733595429724]]","[['lower_bound', 'lower_bound', '', '', '', ''], ['target_value', 'upper_bound', 'upper_bound', '', '', ''], ['', '', '', '', '', ''], ['target_value', '', '', '', '', ''], ['', '', '', '', '', '']]","[[5.636522209251371e-07, 0.01999112502601373, nan, nan, nan, nan], [2.129722621917185e-06, 0.03961538515343348, 0.008486867746393314, nan, nan, nan], [nan, nan, nan, nan, nan, nan], [0.0324001103349215, nan, nan, nan, nan, nan], [nan, nan, nan, nan, nan, nan]]",[],,"[[1, 1, 0, 0, 0, 0], [1, 1, 1, 0, 0, 0], [0, 0, 0, 0, 0, 0], [1, 0, 0, 0, 0, 0], [0, 0, 0, 0, 0, 0]]","[['', '', '', '', '', ''], ['target_value', 'upper_bound', 'upper_bound', '', '', ''], ['', '', '', '', '', ''], ['target_value', '', 'upper_bound', '', '', ''], ['', '', '', '', '', '']]","[[nan, nan, nan, nan, nan, nan], [0.0, 0.04, 0.00846, nan, nan, nan], [nan, nan, nan, nan, nan, nan], [0.0324, nan, 0.00846, nan, nan, nan], [nan, nan, nan, nan, nan, nan]]","[[0, 0, 0, 0, 0, 0], [1, 1, 1, 0, 0, 0], [0, 0, 0, 0, 0, 0], [1, 0, 1, 0, 0, 0], [0, 0, 0, 0, 0, 0]]",3.95,0.0016589817313643232,0.00010343066262581474,0.06866440625599418,"[[nan, nan, nan, nan, nan, nan], [2.8592603547209833e-05, 0.0014062599294333798, 0.0051995930903411414, nan, nan, nan], [nan, nan, nan, nan, nan, nan], [1.4813021355614479e-06, nan, nan, nan, nan, nan], [nan, nan, nan, nan, nan, nan]]","[[nan, nan, nan, nan, nan, nan], [2.129722621917185e-06, 0.0003846148465665236, 2.6867746393313338e-05, nan, nan, nan], [nan, nan, nan, nan, nan, nan], [1.1033492150480662e-07, nan, nan, nan, nan, nan], [nan, nan, nan, nan, nan, nan]]",6,0.7272727272727272,4,0.6666666666666666,0.8,5,1220.1063106497515,-1116.3358147105241,-1116.3358147105241,,1220.1063106497515,,
arhsmm,S5SphereInspect,127,9,"['surf_dist', 'normal_err', 'speed', 'ang_speed', 'start_dist', 'goal_dist']","[0.07448508906860322, 0.2735019597134474, 0.005167278655559288, 0.06608722993185281, 0.2420060651636752, 0.17611082692742402]","[[0.02045219957117411, 0.10158489238903948, 0.007639086684378288, 0.04112343753885147, -1.8734563794753356e-07, 0.2889733595429724], [0.02045219957117411, 0.10158489238903948, 0.007639086684378288, 0.04112343753885147, 0.16447107839562072, 0.2889733595429724], [4.9081139992177e-07, 0.02085384695050682, 0.008509077302062231, 0.04112343753885147, 0.16447107839562072, 0.2889733595429724], [0.0324001103349215, 0.10158489238903948, 0.007639086684378288, 0.04112343753885147, 0.16447107839562072, 0.2889733595429724], [0.02045219957117411, 0.10158489238903948, 0.007639086684378288, 0.04112343753885147, 0.16447107839562072, 0.2889733595429724]]","[['', '', '', '', 'lower_bound', ''], ['', '', '', '', '', ''], ['lower_bound', 'lower_bound', 'upper_bound', '', '', ''], ['target_value', '', '', '', '', ''], ['', '', '', '', '', '']]","[[nan, nan, nan, nan, -1.8734563794753356e-07, nan], [nan, nan, nan, nan, nan, nan], [4.9081139992177e-07, 0.02085384695050682, 0.008509077302062231, nan, nan, nan], [0.0324001103349215, nan, nan, nan, nan, nan], [nan, nan, nan, nan, nan, nan]]",[],,"[[0, 0, 0, 0, 1, 0], [0, 0, 0, 0, 0, 0], [1, 1, 1, 0, 0, 0], [1, 0, 0, 0, 0, 0], [0, 0, 0, 0, 0, 0]]","[['', '', '', '', '', ''], ['target_value', 'upper_bound', 'upper_bound', '', '', ''], ['', '', '', '', '', ''], ['target_value', '', 'upper_bound', '', '', ''], ['', '', '', '', '', '']]","[[nan, nan, nan, nan, nan, nan], [0.0, 0.04, 0.00846, nan, nan, nan], [nan, nan, nan, nan, nan, nan], [0.0324, nan, 0.00846, nan, nan, nan], [nan, nan, nan, nan, nan, nan]]","[[0, 0, 0, 0, 0, 0], [1, 1, 1, 0, 0, 0], [0, 0, 0, 0, 0, 0], [1, 0, 1, 0, 0, 0], [0, 0, 0, 0, 0, 0]]",10.65,1.4813021355614479e-06,1.1033492150480662e-07,0.07605096300747846,"[[nan, nan, nan, nan, nan, nan], [nan, nan, nan, nan, nan, nan], [nan, nan, nan, nan, nan, nan], [1.4813021355614479e-06, nan, nan, nan, nan, nan], [nan, nan, nan, nan, nan, nan]]","[[nan, nan, nan, nan, nan, nan], [nan, nan, nan, nan, nan, nan], [nan, nan, nan, nan, nan, nan], [1.1033492150480662e-07, nan, nan, nan, nan, nan], [nan, nan, nan, nan, nan, nan]]",5,0.20000000000000004,1,0.2,0.2,5,1053.8558752792321,-2521.0594918149127,-2521.059491814912,,1053.8558752792321,,
changeforest,S5SphereInspect,127,0,"['surf_dist', 'normal_err', 'speed', 'ang_speed', 'start_dist', 'goal_dist']","[0.07448508906860322, 0.2735019597134474, 0.005167278655559288, 0.06608722993185281, 0.2420060651636752, 0.17611082692742402]","[[0.02045219957117411, 0.10158489238903948, 0.007639086684378288, 0.04112343753885147, 0.16447107839562072, 0.2889733595429724], [2.399571875557477e-06, 0.039614059289946164, 0.008523706337191454, 0.04112343753885147, 0.16447107839562072, 0.2889733595429724], [5.488171359868677e-07, 0.020822650787681765, 0.00845971589385606, 0.04112343753885147, 0.16447107839562072, 0.2889733595429724], [0.032400847413329714, 0.10158489238903948, 0.007639086684378288, 0.04112343753885147, 0.16447107839562072, 0.2889733595429724], [0.02045219957117411, 0.10158489238903948, 0.007639086684378288, 0.04112343753885147, 0.16447107839562072, 0.2889733595429724]]","[['', '', '', '', '', ''], ['target_value', 'upper_bound', 'upper_bound', '', '', ''], ['lower_bound', 'lower_bound', 'upper_bound', '', '', ''], ['upper_bound', '', '', '', '', ''], ['', '', '', '', '', '']]","[[nan, nan, nan, nan, nan, nan], [2.399571875557477e-06, 0.039614059289946164, 0.008523706337191454, nan, nan, nan], [5.488171359868677e-07, 0.020822650787681765, 0.00845971589385606, nan, nan, nan], [0.032400847413329714, nan, nan, nan, nan, nan], [nan, nan, nan, nan, nan, nan]]",[],,"[[0, 0, 0, 0, 0, 0], [1, 1, 1, 0, 0, 0], [1, 1, 1, 0, 0, 0], [1, 0, 0, 0, 0, 0], [0, 0, 0, 0, 0, 0]]","[['', '', '', '', '', ''], ['target_value', 'upper_bound', 'upper_bound', '', '', ''], ['', '', '', '', '', ''], ['target_value', '', 'upper_bound', '', '', ''], ['', '', '', '', '', '']]","[[nan, nan, nan, nan, nan, nan], [0.0, 0.04, 0.00846, nan, nan, nan], [nan, nan, nan, nan, nan, nan], [0.0324, nan, 0.00846, nan, nan, nan], [nan, nan, nan, nan, nan, nan]]","[[0, 0, 0, 0, 0, 0], [1, 1, 1, 0, 0, 0], [0, 0, 0, 0, 0, 0], [1, 0, 1, 0, 0, 0], [0, 0, 0, 0, 0, 0]]",5.65,0.004590707198931131,0.0001506822063736159,0.07133263626204521,"[[nan, nan, nan, nan, nan, nan], [3.221546628409603e-05, 0.0014111076588196774, 0.012328798471689622, nan, nan, nan], [nan, nan, nan, nan, nan, nan], [nan, nan, nan, nan, nan, nan], [nan, nan, nan, nan, nan, nan]]","[[nan, nan, nan, nan, nan, nan], [2.399571875557477e-06, 0.00038594071005383646, 6.370633719145376e-05, nan, nan, nan], [nan, nan, nan, nan, nan, nan], [nan, nan, nan, nan, nan, nan], [nan, nan, nan, nan, nan, nan]]",7,0.5,3,0.42857142857142855,0.6,5,981.1248681751514,-1037.3677637577007,-1037.367763757701,981.1248681751514,,,
changeforest,S5SphereInspect,127,1,"['surf_dist', 'normal_err', 'speed', 'ang_speed', 'start_dist', 'goal_dist']","[0.07448508906860322, 0.2735019597134474, 0.005167278655559288, 0.06608722993185281, 0.2420060651636752, 0.17611082692742402]","[[0.02045219957117411, 0.10158489238903948, 0.007639086684378288, 0.04112343753885147, 0.16447107839562072, 0.2889733595429724], [2.31360829111224e-06, 0.10158489238903948, 0.00852463938092269, 0.04112343753885147, 0.16447107839562072, 0.2889733595429724], [0.0017407641926021726, 0.02062749971524118, 0.008486327655426593, 0.04112343753885147, 0.16447107839562072, 0.2889733595429724], [0.03240077010686541, 0.10158489238903948, 0.007639086684378288, 0.04112343753885147, 0.16447107839562072, 0.2889733595429724], [0.02045219957117411, 0.10158489238903948, 0.007639086684378288, 0.04112343753885147, 0.16447107839562072, 0.2889733595429724]]","[['', '', '', '', '', ''], ['target_value', '', 'upper_bound', '', '', ''], ['target_value', 'lower_bound', 'upper_bound', '', '', ''], ['upper_bound', '', '', '', '', ''], ['', '', '', '', '', '']]","[[nan, nan, nan, nan, nan, nan], [2.31360829111224e-06, nan, 0.00852463938092269, nan, nan, nan], [0.0017407641926021726, 0.02062749971524118, 0.008486327655426593, nan, nan, nan], [0.03240077010686541, nan, nan, nan, nan, nan], [nan, nan, nan, nan, nan, nan]]",[],,"[[0, 0, 0, 0, 0, 0], [1, 0, 1, 0, 0, 0], [1, 1, 1, 0, 0, 0], [1, 0, 0, 0, 0, 0], [0, 0, 0, 0, 0, 0]]","[['', '', '', '', '', ''], ['target_value', 'upper_bound', 'upper_bound', '', '', ''], ['', '', '', '', '', ''], ['target_value', '', 'upper_bound', '', '', ''], ['', '', '', '', '', '']]","[[nan, nan, nan, nan, nan, nan], [0.0, 0.04, 0.00846, nan, nan, nan], [nan, nan, nan, nan, nan, nan], [0.0324, nan, 0.00846, nan, nan, nan], [nan, nan, nan, nan, nan, nan]]","[[0, 0, 0, 0, 0, 0], [1, 1, 1, 0, 0, 0], [0, 0, 0, 0, 0, 0], [1, 0, 1, 0, 0, 0], [0, 0, 0, 0, 0, 0]]",7.175,0.006270213777244253,3.347649460690074e-05,0.07502888200730837,"[[nan, nan, nan, nan, nan, nan], [3.10613616771181e-05, nan, 0.012509366192811388, nan, nan, nan], [nan, nan, nan, nan, nan, nan], [nan, nan, nan, nan, nan, nan], [nan, nan, nan, nan, nan, nan]]","[[nan, nan, nan, nan, nan, nan], [2.31360829111224e-06, nan, 6.463938092268924e-05, nan, nan, nan], [nan, nan, nan, nan, nan, nan], [nan, nan, nan, nan, nan, nan], [nan, nan, nan, nan, nan, nan]]",6,0.3636363636363636,2,0.3333333333333333,0.4,5,1010.2431944374106,-1022.3856477932899,-1022.3856477932899,1010.2431944374106,,,
changeforest,S5SphereInspect,127,2,"['surf_dist', 'normal_err', 'speed', 'ang_speed', 'start_dist', 'goal_dist']","[0.07448508906860322, 0.2735019597134474, 0.005167278655559288, 0.06608722993185281, 0.2420060651636752, 0.17611082692742402]","[[0.02045219957117411, 0.10158489238903948, 0.007639086684378288, 0.04112343753885147, 0.16447107839562072, 0.2889733595429724], [2.399183113024894e-06, 0.03961528759214317, 0.00852133152633374, 0.04112343753885147, 0.16447107839562072, 0.2889733595429724], [8.777840139126414e-08, 0.020693186798249122, 0.00849581309785169, 0.04112343753885147, 0.16447107839562072, 0.2889733595429724], [0.0324007827593739, 0.10158489238903948, 0.007639086684378288, 0.04112343753885147, 0.16447107839562072, 0.2889733595429724], [0.02045219957117411, 0.10158489238903948, 0.007639086684378288, 0.04112343753885147, 0.16447107839562072, 0.2889733595429724]]","[['', '', '', '', '', ''], ['target_value', 'upper_bound', 'upper_bound', '', '', ''], ['lower_bound', 'lower_bound', 'upper_bound', '', '', ''], ['upper_bound', '', '', '', '', ''], ['', '', '', '', '', '']]","[[nan, nan, nan, nan, nan, nan], [2.399183113024894e-06, 0.03961528759214317, 0.00852133152633374, nan, nan, nan], [8.777840139126414e-08, 0.020693186798249122, 0.00849581309785169, nan, nan, nan], [0.0324007827593739, nan, nan, nan, nan, nan], [nan, nan, nan, nan, nan, nan]]",[],,"[[0, 0, 0, 0, 0, 0], [1, 1, 1, 0, 0, 0], [1, 1, 1, 0, 0, 0], [1, 0, 0, 0, 0, 0], [0, 0, 0, 0, 0, 0]]","[['', '', '', '', '', ''], ['target_value', 'upper_bound', 'upper_bound', '', '', ''], ['', '', '', '', '', ''], ['target_value', '', 'upper_bound', '', '', ''], ['', '', '', '', '', '']]","[[nan, nan, nan, nan, nan, nan], [0.0, 0.04, 0.00846, nan, nan, nan], [nan, nan, nan, nan, nan, nan], [0.0324, nan, 0.00846, nan, nan, nan], [nan, nan, nan, nan, nan, nan]]","[[0, 0, 0, 0, 0, 0], [1, 1, 1, 0, 0, 0], [0, 0, 0, 0, 0, 0], [1, 0, 1, 0, 0, 0], [0, 0, 0, 0, 0, 0]]",6.35,0.004436012995382538,0.00014948103910119963,0.07349681520579308,"[[nan, nan, nan, nan, nan, nan], [3.221024695043551e-05, 0.001406616640918784, 0.011869212098278395, nan, nan, nan], [nan, nan, nan, nan, nan, nan], [nan, nan, nan, nan, nan, nan], [nan, nan, nan, nan, nan, nan]]","[[nan, nan, nan, nan, nan, nan], [2.399183113024894e-06, 0.00038471240785683397, 6.133152633374002e-05, nan, nan, nan], [nan, nan, nan, nan, nan, nan], [nan, nan, nan, nan, nan, nan], [nan, nan, nan, nan, nan, nan]]",7,0.5,3,0.42857142857142855,0.6,5,1011.2178459332107,-922.970734935321,-922.9707349353209,1011.2178459332107,,,
changeforest,S5SphereInspect,127,3,"['surf_dist', 'normal_err', 'speed', 'ang_speed', 'start_dist', 'goal_dist']","[0.07448508906860322, 0.2735019597134474, 0.005167278655559288, 0.06608722993185281, 0.2420060651636752, 0.17611082692742402]","[[0.02045219957117411, 0.10158489238903948, 0.007639086684378288, 0.04112343753885147, 0.16447107839562072, 0.2889733595429724], [2.395290107419512e-06, 0.03961539794855514, 0.008504295546257494, 0.04112343753885147, 0.16447107839562072, 0.2889733595429724], [2.0007558703891148e-07, 0.020714799374568396, 0.008529584859363122, 0.04112343753885147, 0.16447107839562072, 0.2889733595429724], [0.032400858250041034, 0.10158489238903948, 0.007639086684378288, 0.04112343753885147, 0.16447107839562072, 0.2889733595429724], [0.02045219957117411, 0.10158489238903948, 0.007639086684378288, 0.04112343753885147, 0.16447107839562072, 0.2889733595429724]]","[['', '', '', '', '', ''], ['target_value', 'upper_bound', 'upper_bound', '', '', ''], ['lower_bound', 'lower_bound', 'upper_bound', '', '', ''], ['upper_bound', '', '', '', '', ''], ['', '', '', '', '', '']]","[[nan, nan, nan, nan, nan, nan], [2.395290107419512e-06, 0.03961539794855514, 0.008504295546257494, nan, nan, nan], [2.0007558703891148e-07, 0.020714799374568396, 0.008529584859363122, nan, nan, nan], [0.032400858250041034, nan, nan, nan, nan, nan], [nan, nan, nan, nan, nan, nan]]",[],,"[[0, 0, 0, 0, 0, 0], [1, 1, 1, 0, 0, 0], [1, 1, 1, 0, 0, 0], [1, 0, 0, 0, 0, 0], [0, 0, 0, 0, 0, 0]]","[['', '', '', '', '', ''], ['target_value', 'upper_bound', 'upper_bound', '', '', ''], ['', '', '', '', '', ''], ['target_value', '', 'upper_bound', '', '', ''], ['', '', '', '', '', '']]","[[nan, nan, nan, nan, nan, nan], [0.0, 0.04, 0.00846, nan, nan, nan], [nan, nan, nan, nan, nan, nan], [0.0324, nan, 0.00846, nan, nan, nan], [nan, nan, nan, nan, nan, nan]]","[[0, 0, 0, 0, 0, 0], [1, 1, 1, 0, 0, 0], [0, 0, 0, 0, 0, 0], [1, 0, 1, 0, 0, 0], [0, 0, 0, 0, 0, 0]]",5.375,0.00333689575857276,0.00014376429593659112,0.07324320527350771,"[[nan, nan, nan, nan, nan, nan], [3.215798138085558e-05, 0.0014062131468740265, 0.008572316147463399, nan, nan, nan], [nan, nan, nan, nan, nan, nan], [nan, nan, nan, nan, nan, nan], [nan, nan, nan, nan, nan, nan]]","[[nan, nan, nan, nan, nan, nan], [2.395290107419512e-06, 0.00038460205144486004, 4.429554625749385e-05, nan, nan, nan], [nan, nan, nan, nan, nan, nan], [nan, nan, nan, nan, nan, nan], [nan, nan, nan, nan, nan, nan]]",7,0.5,3,0.42857142857142855,0.6,5,1007.5089663504463,-915.6829876381383,-915.6829876381383,1007.5089663504463,,,
changeforest,S5SphereInspect,127,4,"['surf_dist', 'normal_err', 'speed', 'ang_speed', 'start_dist', 'goal_dist']","[0.07448508906860322, 0.2735019597134474, 0.005167278655559288, 0.06608722993185281, 0.2420060651636752, 0.17611082692742402]","[[0.02045219957117411, 0.10158489238903948, 0.007639086684378288, 0.04112343753885147, 0.16447107839562072, 0.2889733595429724], [2.185782570874456e-06, 0.03961419383085364, 0.00852133546059961, 0.04112343753885147, 0.16447107839562072, 0.2889733595429724], [0.02045219957117411, 0.10158489238903948, 0.007639086684378288, 0.04112343753885147, 0.16447107839562072, 0.2889733595429724], [0.03240103240994323, 0.10158489238903948, 0.008295930689050117, 0.04112343753885147, 0.16447107839562072, 0.2889733595429724], [0.02045219957117411, 0.10158489238903948, 0.007639086684378288, 0.04112343753885147, 0.16447107839562072, 0.2889733595429724]]","[['', '', '', '', '', ''], ['target_value', 'upper_bound', 'upper_bound', '', '', ''], ['', '', '', '', '', ''], ['upper_bound', '', 'upper_bound', '', '', ''], ['', '', '', '', '', '']]","[[nan, nan, nan, nan, nan, nan], [2.185782570874456e-06, 0.03961419383085364, 0.00852133546059961, nan, nan, nan], [nan, nan, nan, nan, nan, nan], [0.03240103240994323, nan, 0.008295930689050117, nan, nan, nan], [nan, nan, nan, nan, nan, nan]]",[],,"[[0, 0, 0, 0, 0, 0], [1, 1, 1, 0, 0, 0], [0, 0, 0, 0, 0, 0], [1, 0, 1, 0, 0, 0], [0, 0, 0, 0, 0, 0]]","[['', '', '', '', '', ''], ['target_value', 'upper_bound', 'upper_bound', '', '', ''], ['', '', '', '', '', ''], ['target_value', '', 'upper_bound', '', '', ''], ['', '', '', '', '', '']]","[[nan, nan, nan, nan, nan, nan], [0.0, 0.04, 0.00846, nan, nan, nan], [nan, nan, nan, nan, nan, nan], [0.0324, nan, 0.00846, nan, nan, nan], [nan, nan, nan, nan, nan, nan]]","[[0, 0, 0, 0, 0, 0], [1, 1, 1, 0, 0, 0], [0, 0, 0, 0, 0, 0], [1, 0, 1, 0, 0, 0], [0, 0, 0, 0, 0, 0]]",4.125,0.01126538100069686,0.0001533491808166816,0.0692818461648294,"[[nan, nan, nan, nan, nan, nan], [2.9345236720617708e-05, 0.001410615739465175, 0.011869973478906755, nan, nan, nan], [nan, nan, nan, nan, nan, nan], [nan, nan, 0.03175158954769489, nan, nan, nan], [nan, nan, nan, nan, nan, nan]]","[[nan, nan, nan, nan, nan, nan], [2.185782570874456e-06, 0.00038580616914635907, 6.13354605996097e-05, nan, nan, nan], [nan, nan, nan, nan, nan, nan], [nan, nan, 0.00016406931094988322, nan, nan, nan], [nan, nan, nan, nan, nan, nan]]",5,0.8000000000000002,4,0.8,0.8,5,1000.1888762385406,-908.2721337379099,-908.2721337379099,1000.1888762385406,,,
changeforest,S5SphereInspect,127,5,"['surf_dist', 'normal_err', 'speed', 'ang_speed', 'start_dist', 'goal_dist']","[0.07448508906860322, 0.2735019597134474, 0.005167278655559288, 0.06608722993185281, 0.2420060651636752, 0.17611082692742402]","[[0.02045219957117411, 0.10158489238903948, 0.007639086684378288, 0.04112343753885147, 0.16447107839562072, 0.2889733595429724], [2.4880195197800326e-06, 0.03961738838102358, 0.008502610346623996, 0.04112343753885147, 0.16447107839562072, 0.2889733595429724], [0.02045219957117411, 0.10158489238903948, 0.007639086684378288, 0.04112343753885147, 0.16447107839562072, 0.2889733595429724], [0.032401439075405436, 0.10158489238903948, 0.007639086684378288, 0.04112343753885147, 0.16447107839562072, 0.2889733595429724], [0.02045219957117411, 0.10158489238903948, 0.007639086684378288, 0.04112343753885147, 0.16447107839562072, 0.2889733595429724]]","[['', '', '', '', '', ''], ['target_value', 'upper_bound', 'upper_bound', '', '', ''], ['', '', '', '', '', ''], ['upper_bound', '', '', '', '', ''], ['', '', '', '', '', '']]","[[nan, nan, nan, nan, nan, nan], [2.4880195197800326e-06, 0.03961738838102358, 0.008502610346623996, nan, nan, nan], [nan, nan, nan, nan, nan, nan], [0.032401439075405436, nan, nan, nan, nan, nan], [nan, nan, nan, nan, nan, nan]]",[],,"[[0, 0, 0, 0, 0, 0], [1, 1, 1, 0, 0, 0], [0, 0, 0, 0, 0, 0], [1, 0, 0, 0, 0, 0], [0, 0, 0, 0, 0, 0]]","[['', '', '', '', '', ''], ['target_value', 'upper_bound', 'upper_bound', '', '', ''], ['', '', '', '', '', ''], ['target_value', '', 'upper_bound', '', '', ''], ['', '', '', '', '', '']]","[[nan, nan, nan, nan, nan, nan], [0.0, 0.04, 0.00846, nan, nan, nan], [nan, nan, nan, nan, nan, nan], [0.0324, nan, 0.00846, nan, nan, nan], [nan, nan, nan, nan, nan, nan]]","[[0, 0, 0, 0, 0, 0], [1, 1, 1, 0, 0, 0], [0, 0, 0, 0, 0, 0], [1, 0, 1, 0, 0, 0], [0, 0, 0, 0, 0, 0]]",4.125,0.0032261751978393816,0.00014256999504006634,0.06959395824817718,"[[nan, nan, nan, nan, nan, nan], [3.340292065017851e-05, 0.001398935566594449, 0.008246187106273516, nan, nan, nan], [nan, nan, nan, nan, nan, nan], [nan, nan, nan, nan, nan, nan], [nan, nan, nan, nan, nan, nan]]","[[nan, nan, nan, nan, nan, nan], [2.4880195197800326e-06, 0.00038261161897642365, 4.261034662399535e-05, nan, nan, nan], [nan, nan, nan, nan, nan, nan], [nan, nan, nan, nan, nan, nan], [nan, nan, nan, nan, nan, nan]]",4,0.6666666666666665,3,0.75,0.6,5,993.0073824467501,-877.4809219538539,-877.4809219538541,993.0073824467501,,,
changeforest,S5SphereInspect,127,6,"['surf_dist', 'normal_err', 'speed', 'ang_speed', 'start_dist', 'goal_dist']","[0.07448508906860322, 0.2735019597134474, 0.005167278655559288, 0.06608722993185281, 0.2420060651636752, 0.17611082692742402]","[[0.02045219957117411, 0.10158489238903948, 0.007639086684378288, 0.04112343753885147, 0.16447107839562072, 0.2889733595429724], [2.4506758215074587e-06, 0.10158489238903948, 0.008504293027093487, 0.04112343753885147, 0.16447107839562072, 0.2889733595429724], [3.2210468500770695e-07, 0.02060951355046159, 0.007639086684378288, 0.04112343753885147, 0.16447107839562072, 0.2889733595429724], [0.032400969131033595, 0.10158489238903948, 0.007639086684378288, 0.04112343753885147, 0.16447107839562072, 0.2889733595429724], [0.02045219957117411, 0.10158489238903948, 0.007639086684378288, 0.04112343753885147, 0.16447107839562072, 0.2889733595429724]]","[['', '', '', '', '', ''], ['target_value', '', 'upper_bound', '', '', ''], ['lower_bound', 'lower_bound', '', '', '', ''], ['upper_bound', '', '', '', '', ''], ['', '', '', '', '', '']]","[[nan, nan, nan, nan, nan, nan], [2.4506758215074587e-06, nan, 0.008504293027093487, nan, nan, nan], [3.2210468500770695e-07, 0.02060951355046159, nan, nan, nan, nan], [0.032400969131033595, nan, nan, nan, nan, nan], [nan, nan, nan, nan, nan, nan]]",[],,"[[0, 0, 0, 0, 0, 0], [1, 0, 1, 0, 0, 0], [1, 1, 0, 0, 0, 0], [1, 0, 0, 0, 0, 0], [0, 0, 0, 0, 0, 0]]","[['', '', '', '', '', ''], ['target_value', 'upper_bound', 'upper_bound', '', '', ''], ['', '', '', '', '', ''], ['target_value', '', 'upper_bound', '', '', ''], ['', '', '', '', '', '']]","[[nan, nan, nan, nan, nan, nan], [0.0, 0.04, 0.00846, nan, nan, nan], [nan, nan, nan, nan, nan, nan], [0.0324, nan, 0.00846, nan, nan, nan], [nan, nan, nan, nan, nan, nan]]","[[0, 0, 0, 0, 0, 0], [1, 1, 1, 0, 0, 0], [0, 0, 0, 0, 0, 0], [1, 0, 1, 0, 0, 0], [0, 0, 0, 0, 0, 0]]",5.05,0.004302365093844866,2.3371851457496852e-05,0.07142434708911458,"[[nan, nan, nan, nan, nan, nan], [3.290156261007227e-05, nan, 0.00857182862507966, nan, nan, nan], [nan, nan, nan, nan, nan, nan], [nan, nan, nan, nan, nan, nan], [nan, nan, nan, nan, nan, nan]]","[[nan, nan, nan, nan, nan, nan], [2.4506758215074587e-06, nan, 4.4293027093486245e-05, nan, nan, nan], [nan, nan, nan, nan, nan, nan], [nan, nan, nan, nan, nan, nan], [nan, nan, nan, nan, nan, nan]]",5,0.4000000000000001,2,0.4,0.4,5,982.76683872239,-839.8510437281906,-839.8510437281906,982.76683872239,,,
changeforest,S5SphereInspect,127,7,"['surf_dist', 'normal_err', 'speed', 'ang_speed', 'start_dist', 'goal_dist']","[0.07448508906860322, 0.2735019597134474, 0.005167278655559288, 0.06608722993185281, 0.2420060651636752, 0.17611082692742402]","[[0.02045219957117411, 0.10158489238903948, 0.007639086684378288, 0.04112343753885147, 0.16447107839562072, 0.2889733595429724], [2.412794184752931e-06, 0.03961709672580588, 0.008502841026128876, 0.04112343753885147, 0.16447107839562072, 0.2889733595429724], [3.6516893680768603e-07, 0.020693450028812316, 0.007639086684378288, 0.04112343753885147, 0.16447107839562072, 0.2889733595429724], [0.03240127479086739, 0.10158489238903948, 0.007639086684378288, 0.04112343753885147, 0.16447107839562072, 0.2889733595429724], [0.02045219957117411, 0.10158489238903948, 0.007639086684378288, 0.04112343753885147, 0.16447107839562072, 0.2889733595429724]]","[['', '', '', '', '', ''], ['target_value', 'upper_bound', 'upper_bound', '', '', ''], ['lower_bound', 'lower_bound', '', '', '', ''], ['upper_bound', '', '', '', '', ''], ['', '', '', '', '', '']]","[[nan, nan, nan, nan, nan, nan], [2.412794184752931e-06, 0.03961709672580588, 0.008502841026128876, nan, nan, nan], [3.6516893680768603e-07, 0.020693450028812316, nan, nan, nan, nan], [0.03240127479086739, nan, nan, nan, nan, nan], [nan, nan, nan, nan, nan, nan]]",[],,"[[0, 0, 0, 0, 0, 0], [1, 1, 1, 0, 0, 0], [1, 1, 0, 0, 0, 0], [1, 0, 0, 0, 0, 0], [0, 0, 0, 0, 0, 0]]","[['', '', '', '', '', ''], ['target_value', 'upper_bound', 'upper_bound', '', '', ''], ['', '', '', '', '', ''], ['target_value', '', 'upper_bound', '', '', ''], ['', '', '', '', '', '']]","[[nan, nan, nan, nan, nan, nan], [0.0, 0.04, 0.00846, nan, nan, nan], [nan, nan, nan, nan, nan, nan], [0.0324, nan, 0.00846, nan, nan, nan], [nan, nan, nan, nan, nan, nan]]","[[0, 0, 0, 0, 0, 0], [1, 1, 1, 0, 0, 0], [0, 0, 0, 0, 0, 0], [1, 0, 1, 0, 0, 0], [0, 0, 0, 0, 0, 0]]",4.775,0.003241074795665036,0.00014271903150258358,0.07056118737697585,"[[nan, nan, nan, nan, nan, nan], [3.23929824737226e-05, 0.0014000019400054644, 0.008290829464515922, nan, nan, nan], [nan, nan, nan, nan, nan, nan], [nan, nan, nan, nan, nan, nan], [nan, nan, nan, nan, nan, nan]]","[[nan, nan, nan, nan, nan, nan], [2.412794184752931e-06, 0.0003829032741941227, 4.2841026128875165e-05, nan, nan, nan], [nan, nan, nan, nan, nan, nan], [nan, nan, nan, nan, nan, nan], [nan, nan, nan, nan, nan, nan]]",6,0.5454545454545454,3,0.5,0.6,5,991.8854838163955,-891.0192876880366,-891.0192876880363,991.8854838163955,,,
changeforest,S5SphereInspect,127,8,"['surf_dist', 'normal_err', 'speed', 'ang_speed', 'start_dist', 'goal_dist']","[0.07448508906860322, 0.2735019597134474, 0.005167278655559288, 0.06608722993185281, 0.2420060651636752, 0.17611082692742402]","[[0.02045219957117411, 0.10158489238903948, 0.007639086684378288, 0.04112343753885147, 0.16447107839562072, 0.2889733595429724], [2.446213533808389e-06, 0.03961595823102469, 0.008523646039698072, 0.04112343753885147, 0.16447107839562072, 0.2889733595429724], [4.664696555932435e-07, 0.02060977825536793, 0.008471486543204402, 0.04112343753885147, 0.16447107839562072, 0.2889733595429724], [0.03240092856734825, 0.10158489238903948, 0.007639086684378288, 0.04112343753885147, 0.16447107839562072, 0.2889733595429724], [0.02045219957117411, 0.10158489238903948, 0.007639086684378288, 0.04112343753885147, 0.16447107839562072, 0.2889733595429724]]","[['', '', '', '', '', ''], ['target_value', 'upper_bound', 'upper_bound', '', '', ''], ['lower_bound', 'lower_bound', 'upper_bound', '', '', ''], ['upper_bound', '', '', '', '', ''], ['', '', '', '', '', '']]","[[nan, nan, nan, nan, nan, nan], [2.446213533808389e-06, 0.03961595823102469, 0.008523646039698072, nan, nan, nan], [4.664696555932435e-07, 0.02060977825536793, 0.008471486543204402, nan, nan, nan], [0.03240092856734825, nan, nan, nan, nan, nan], [nan, nan, nan, nan, nan, nan]]",[],,"[[0, 0, 0, 0, 0, 0], [1, 1, 1, 0, 0, 0], [1, 1, 1, 0, 0, 0], [1, 0, 0, 0, 0, 0], [0, 0, 0, 0, 0, 0]]","[['', '', '', '', '', ''], ['target_value', 'upper_bound', 'upper_bound', '', '', ''], ['', '', '', '', '', ''], ['target_value', '', 'upper_bound', '', '', ''], ['', '', '', '', '', '']]","[[nan, nan, nan, nan, nan, nan], [0.0, 0.04, 0.00846, nan, nan, nan], [nan, nan, nan, nan, nan, nan], [0.0324, nan, 0.00846, nan, nan, nan], [nan, nan, nan, nan, nan, nan]]","[[0, 0, 0, 0, 0, 0], [1, 1, 1, 0, 0, 0], [0, 0, 0, 0, 0, 0], [1, 0, 1, 0, 0, 0], [0, 0, 0, 0, 0, 0]]",5.025,0.004584711874067683,0.00015004467406906294,0.07201399789331223,"[[nan, nan, nan, nan, nan, nan], [3.2841654140405816e-05, 0.0014041645967644097, 0.012317129371298233, nan, nan, nan], [nan, nan, nan, nan, nan, nan], [nan, nan, nan, nan, nan, nan], [nan, nan, nan, nan, nan, nan]]","[[nan, nan, nan, nan, nan, nan], [2.446213533808389e-06, 0.00038404176897530867, 6.364603969807175e-05, nan, nan, nan], [nan, nan, nan, nan, nan, nan], [nan, nan, nan, nan, nan, nan], [nan, nan, nan, nan, nan, nan]]",7,0.5,3,0.42857142857142855,0.6,5,1018.597878034546,-893.1522267740703,-893.1522267740701,1018.597878034546,,,
changeforest,S5SphereInspect,127,9,"['surf_dist', 'normal_err', 'speed', 'ang_speed', 'start_dist', 'goal_dist']","[0.07448508906860322, 0.2735019597134474, 0.005167278655559288, 0.06608722993185281, 0.2420060651636752, 0.17611082692742402]","[[0.02045219957117411, 0.10158489238903948, 0.007639086684378288, 0.04112343753885147, 0.16447107839562072, 0.2889733595429724], [2.3544196153697794e-06, 0.03961533428547306, 0.008516664385971234, 0.04112343753885147, 0.16447107839562072, 0.2889733595429724], [1.2691966596103943e-07, 0.020715018872592902, 0.007639086684378288, 0.04112343753885147, 0.16447107839562072, 0.2889733595429724], [0.03240096358617798, 0.10158489238903948, 0.007639086684378288, 0.04112343753885147, 0.16447107839562072, 0.2889733595429724], [0.02045219957117411, 0.10158489238903948, 0.007639086684378288, 0.04112343753885147, 0.16447107839562072, 0.2889733595429724]]","[['', '', '', '', '', ''], ['target_value', 'upper_bound', 'upper_bound', '', '', ''], ['lower_bound', 'lower_bound', '', '', '', ''], ['upper_bound', '', '', '', '', ''], ['', '', '', '', '', '']]","[[nan, nan, nan, nan, nan, nan], [2.3544196153697794e-06, 0.03961533428547306, 0.008516664385971234, nan, nan, nan], [1.2691966596103943e-07, 0.020715018872592902, nan, nan, nan, nan], [0.03240096358617798, nan, nan, nan, nan, nan], [nan, nan, nan, nan, nan, nan]]",[],,"[[0, 0, 0, 0, 0, 0], [1, 1, 1, 0, 0, 0], [1, 1, 0, 0, 0, 0], [1, 0, 0, 0, 0, 0], [0, 0, 0, 0, 0, 0]]","[['', '', '', '', '', ''], ['target_value', 'upper_bound', 'upper_bound', '', '', ''], ['', '', '', '', '', ''], ['target_value', '', 'upper_bound', '', '', ''], ['', '', '', '', '', '']]","[[nan, nan, nan, nan, nan, nan], [0.0, 0.04, 0.00846, nan, nan, nan], [nan, nan, nan, nan, nan, nan], [0.0324, nan, 0.00846, nan, nan, nan], [nan, nan, nan, nan, nan, nan]]","[[0, 0, 0, 0, 0, 0], [1, 1, 1, 0, 0, 0], [0, 0, 0, 0, 0, 0], [1, 0, 1, 0, 0, 0], [0, 0, 0, 0, 0, 0]]",5.35,0.004134685594965901,0.00014789484003784915,0.07276593993397337,"[[nan, nan, nan, nan, nan, nan], [3.160927435021634e-05, 0.0014064459169870836, 0.010966001593560403, nan, nan, nan], [nan, nan, nan, nan, nan, nan], [nan, nan, nan, nan, nan, nan], [nan, nan, nan, nan, nan, nan]]","[[nan, nan, nan, nan, nan, nan], [2.3544196153697794e-06, 0.00038466571452694387, 5.666438597123381e-05, nan, nan, nan], [nan, nan, nan, nan, nan, nan], [nan, nan, nan, nan, nan, nan], [nan, nan, nan, nan, nan, nan]]",6,0.5454545454545454,3,0.5,0.6,5,1006.6118134532297,-926.7894845661639,-926.7894845661639,1006.6118134532297,,,
cluster,S5SphereInspect,127,0,"['surf_dist', 'normal_err', 'speed', 'ang_speed', 'start_dist', 'goal_dist']","[0.07448508906860322, 0.2735019597134474, 0.005167278655559288, 0.06608722993185281, 0.2420060651636752, 0.17611082692742402]","[[0.02045219957117411, 0.10158489238903948, 0.007639086684378288, 0.04112343753885147, -1.2955910683176697e-07, 0.2889733595429724], [4.535956208036318e-07, 0.10158489238903948, 0.007639086684378288, 0.04112343753885147, 0.16447107839562072, 0.2889733595429724], [0.0011779095397744764, 0.020822410877099518, 0.00849999794628368, 0.04112343753885147, 0.16447107839562072, 0.2889733595429724], [0.02045219957117411, 0.10158489238903948, 0.007639086684378288, 0.04112343753885147, 0.16447107839562072, 0.2889733595429724], [0.0305886002678466, 0.10158489238903948, 0.007639086684378288, 0.04112343753885147, 0.16447107839562072, 0.2889733595429724]]","[['', '', '', '', 'lower_bound', ''], ['lower_bound', '', '', '', '', ''], ['target_value', 'lower_bound', 'upper_bound', '', '', ''], ['', '', '', '', '', ''], ['lower_bound', '', '', '', '', '']]","[[nan, nan, nan, nan, -1.2955910683176697e-07, nan], [4.535956208036318e-07, nan, nan, nan, nan, nan], [0.0011779095397744764, 0.020822410877099518, 0.00849999794628368, nan, nan, nan], [nan, nan, nan, nan, nan, nan], [0.0305886002678466, nan, nan, nan, nan, nan]]",[],,"[[0, 0, 0, 0, 1, 0], [1, 0, 0, 0, 0, 0], [1, 1, 1, 0, 0, 0], [0, 0, 0, 0, 0, 0], [1, 0, 0, 0, 0, 0]]","[['', '', '', '', '', ''], ['target_value', 'upper_bound', 'upper_bound', '', '', ''], ['', '', '', '', '', ''], ['target_value', '', 'upper_bound', '', '', ''], ['', '', '', '', '', '']]","[[nan, nan, nan, nan, nan, nan], [0.0, 0.04, 0.00846, nan, nan, nan], [nan, nan, nan, nan, nan, nan], [0.0324, nan, 0.00846, nan, nan, nan], [nan, nan, nan, nan, nan, nan]]","[[0, 0, 0, 0, 0, 0], [1, 1, 1, 0, 0, 0], [0, 0, 0, 0, 0, 0], [1, 0, 1, 0, 0, 0], [0, 0, 0, 0, 0, 0]]",14.825,nan,nan,0.08055647877603529,"[[nan, nan, nan, nan, nan, nan], [nan, nan, nan, nan, nan, nan], [nan, nan, nan, nan, nan, nan], [nan, nan, nan, nan, nan, nan], [nan, nan, nan, nan, nan, nan]]","[[nan, nan, nan, nan, nan, nan], [nan, nan, nan, nan, nan, nan], [nan, nan, nan, nan, nan, nan], [nan, nan, nan, nan, nan, nan], [nan, nan, nan, nan, nan, nan]]",6,0.0,0,0.0,0.0,5,499.62947204152647,-1922.0075323529943,-1922.0075323529943,,,499.62947204152647,
cluster,S5SphereInspect,127,1,"['surf_dist', 'normal_err', 'speed', 'ang_speed', 'start_dist', 'goal_dist']","[0.07448508906860322, 0.2735019597134474, 0.005167278655559288, 0.06608722993185281, 0.2420060651636752, 0.17611082692742402]","[[3.6760989358466944e-07, 0.10158489238903948, 0.007639086684378288, 0.04112343753885147, 0.16447107839562072, 0.2889733595429724], [1.7918267979435964e-07, 0.02085355336149368, 0.007639086684378288, 0.04112343753885147, 0.16447107839562072, 0.2889733595429724], [5.661699218582894e-07, 0.020509379576613834, 0.00845971217623772, 0.04112343753885147, 0.16447107839562072, 0.2889733595429724], [0.02045219957117411, 0.10158489238903948, 0.007639086684378288, 0.04112343753885147, 0.16447107839562072, 0.2889733595429724], [0.030757818694657067, 0.10158489238903948, 0.007639086684378288, 0.04112343753885147, 0.16447107839562072, 0.2889733595429724]]","[['lower_bound', '', '', '', '', ''], ['lower_bound', 'lower_bound', '', '', '', ''], ['lower_bound', 'lower_bound', 'upper_bound', '', '', ''], ['', '', '', '', '', ''], ['lower_bound', '', '', '', '', '']]","[[3.6760989358466944e-07, nan, nan, nan, nan, nan], [1.7918267979435964e-07, 0.02085355336149368, nan, nan, nan, nan], [5.661699218582894e-07, 0.020509379576613834, 0.00845971217623772, nan, nan, nan], [nan, nan, nan, nan, nan, nan], [0.030757818694657067, nan, nan, nan, nan, nan]]",[],,"[[1, 0, 0, 0, 0, 0], [1, 1, 0, 0, 0, 0], [1, 1, 1, 0, 0, 0], [0, 0, 0, 0, 0, 0], [1, 0, 0, 0, 0, 0]]","[['', '', '', '', '', ''], ['target_value', 'upper_bound', 'upper_bound', '', '', ''], ['', '', '', '', '', ''], ['target_value', '', 'upper_bound', '', '', ''], ['', '', '', '', '', '']]","[[nan, nan, nan, nan, nan, nan], [0.0, 0.04, 0.00846, nan, nan, nan], [nan, nan, nan, nan, nan, nan], [0.0324, nan, 0.00846, nan, nan, nan], [nan, nan, nan, nan, nan, nan]]","[[0, 0, 0, 0, 0, 0], [1, 1, 1, 0, 0, 0], [0, 0, 0, 0, 0, 0], [1, 0, 1, 0, 0, 0], [0, 0, 0, 0, 0, 0]]",14.025,nan,nan,0.07872839599976374,"[[nan, nan, nan, nan, nan, nan], [nan, nan, nan, nan, nan, nan], [nan, nan, nan, nan, nan, nan], [nan, nan, nan, nan, nan, nan], [nan, nan, nan, nan, nan, nan]]","[[nan, nan, nan, nan, nan, nan], [nan, nan, nan, nan, nan, nan], [nan, nan, nan, nan, nan, nan], [nan, nan, nan, nan, nan, nan], [nan, nan, nan, nan, nan, nan]]",7,0.0,0,0.0,0.0,5,502.61639885045975,-2233.105898960627,-2233.105898960627,,,502.61639885045975,
cluster,S5SphereInspect,127,2,"['surf_dist', 'normal_err', 'speed', 'ang_speed', 'start_dist', 'goal_dist']","[0.07448508906860322, 0.2735019597134474, 0.005167278655559288, 0.06608722993185281, 0.2420060651636752, 0.17611082692742402]","[[3.6760989358466944e-07, 0.10158489238903948, 0.007639086684378288, 0.04112343753885147, 0.16447107839562072, 0.2889733595429724], [1.7918267979435964e-07, 0.02085355336149368, 0.007639086684378288, 0.04112343753885147, 0.16447107839562072, 0.2889733595429724], [5.661699218582894e-07, 0.020509379576613834, 0.00845971217623772, 0.04112343753885147, 0.16447107839562072, 0.2889733595429724], [0.02045219957117411, 0.10158489238903948, 0.007639086684378288, 0.04112343753885147, 0.16447107839562072, 0.2889733595429724], [0.030757818694657067, 0.10158489238903948, 0.007639086684378288, 0.04112343753885147, 0.16447107839562072, 0.2889733595429724]]","[['lower_bound', '', '', '', '', ''], ['lower_bound', 'lower_bound', '', '', '', ''], ['lower_bound', 'lower_bound', 'upper_bound', '', '', ''], ['', '', '', '', '', ''], ['lower_bound', '', '', '', '', '']]","[[3.6760989358466944e-07, nan, nan, nan, nan, nan], [1.7918267979435964e-07, 0.02085355336149368, nan, nan, nan, nan], [5.661699218582894e-07, 0.020509379576613834, 0.00845971217623772, nan, nan, nan], [nan, nan, nan, nan, nan, nan], [0.030757818694657067, nan, nan, nan, nan, nan]]",[],,"[[1, 0, 0, 0, 0, 0], [1, 1, 0, 0, 0, 0], [1, 1, 1, 0, 0, 0], [0, 0, 0, 0, 0, 0], [1, 0, 0, 0, 0, 0]]","[['', '', '', '', '', ''], ['target_value', 'upper_bound', 'upper_bound', '', '', ''], ['', '', '', '', '', ''], ['target_value', '', 'upper_bound', '', '', ''], ['', '', '', '', '', '']]","[[nan, nan, nan, nan, nan, nan], [0.0, 0.04, 0.00846, nan, nan, nan], [nan, nan, nan, nan, nan, nan], [0.0324, nan, 0.00846, nan, nan, nan], [nan, nan, nan, nan, nan, nan]]","[[0, 0, 0, 0, 0, 0], [1, 1, 1, 0, 0, 0], [0, 0, 0, 0, 0, 0], [1, 0, 1, 0, 0, 0], [0, 0, 0, 0, 0, 0]]",14.025,nan,nan,0.07872839599976374,"[[nan, nan, nan, nan, nan, nan], [nan, nan, nan, nan, nan, nan], [nan, nan, nan, nan, nan, nan], [nan, nan, nan, nan, nan, nan], [nan, nan, nan, nan, nan, nan]]","[[nan, nan, nan, nan, nan, nan], [nan, nan, nan, nan, nan, nan], [nan, nan, nan, nan, nan, nan], [nan, nan, nan, nan, nan, nan], [nan, nan, nan, nan, nan, nan]]",7,0.0,0,0.0,0.0,5,502.61639885045975,-2233.105898960627,-2233.105898960627,,,502.61639885045975,
cluster,S5SphereInspect,127,3,"['surf_dist', 'normal_err', 'speed', 'ang_speed', 'start_dist', 'goal_dist']","[0.07448508906860322, 0.2735019597134474, 0.005167278655559288, 0.06608722993185281, 0.2420060651636752, 0.17611082692742402]","[[0.02045219957117411, 0.10158489238903948, 0.007639086684378288, 0.04112343753885147, -1.2955910683176697e-07, 0.2889733595429724], [4.513694480713648e-07, 0.10158489238903948, 0.007639086684378288, 0.04112343753885147, 0.16447107839562072, 0.2889733595429724], [0.000875941333694865, 0.10158489238903948, 0.008499993508308854, 0.04112343753885147, 0.16447107839562072, 0.2889733595429724], [0.02045219957117411, 0.10158489238903948, 0.007639086684378288, 0.04112343753885147, 0.16447107839562072, 0.2889733595429724], [0.02045219957117411, 0.10158489238903948, 0.007639086684378288, 0.04112343753885147, 0.16447107839562072, 0.2889733595429724]]","[['', '', '', '', 'lower_bound', ''], ['lower_bound', '', '', '', '', ''], ['target_value', '', 'upper_bound', '', '', ''], ['', '', '', '', '', ''], ['', '', '', '', '', '']]","[[nan, nan, nan, nan, -1.2955910683176697e-07, nan], [4.513694480713648e-07, nan, nan, nan, nan, nan], [0.000875941333694865, nan, 0.008499993508308854, nan, nan, nan], [nan, nan, nan, nan, nan, nan], [nan, nan, nan, nan, nan, nan]]",[],,"[[0, 0, 0, 0, 1, 0], [1, 0, 0, 0, 0, 0], [1, 0, 1, 0, 0, 0], [0, 0, 0, 0, 0, 0], [0, 0, 0, 0, 0, 0]]","[['', '', '', '', '', ''], ['target_value', 'upper_bound', 'upper_bound', '', '', ''], ['', '', '', '', '', ''], ['target_value', '', 'upper_bound', '', '', ''], ['', '', '', '', '', '']]","[[nan, nan, nan, nan, nan, nan], [0.0, 0.04, 0.00846, nan, nan, nan], [nan, nan, nan, nan, nan, nan], [0.0324, nan, 0.00846, nan, nan, nan], [nan, nan, nan, nan, nan, nan]]","[[0, 0, 0, 0, 0, 0], [1, 1, 1, 0, 0, 0], [0, 0, 0, 0, 0, 0], [1, 0, 1, 0, 0, 0], [0, 0, 0, 0, 0, 0]]",12.9,nan,nan,0.07541486190804586,"[[nan, nan, nan, nan, nan, nan], [nan, nan, nan, nan, nan, nan], [nan, nan, nan, nan, nan, nan], [nan, nan, nan, nan, nan, nan], [nan, nan, nan, nan, nan, nan]]","[[nan, nan, nan, nan, nan, nan], [nan, nan, nan, nan, nan, nan], [nan, nan, nan, nan, nan, nan], [nan, nan, nan, nan, nan, nan], [nan, nan, nan, nan, nan, nan]]",4,0.0,0,0.0,0.0,5,507.1087068206773,-1799.5455202003327,-1799.5455202003322,,,507.1087068206773,
cluster,S5SphereInspect,127,4,"['surf_dist', 'normal_err', 'speed', 'ang_speed', 'start_dist', 'goal_dist']","[0.07448508906860322, 0.2735019597134474, 0.005167278655559288, 0.06608722993185281, 0.2420060651636752, 0.17611082692742402]","[[0.02045219957117411, 0.10158489238903948, 0.007639086684378288, 0.04112343753885147, -1.2955910683176697e-07, 0.2889733595429724], [4.535956208036318e-07, 0.10158489238903948, 0.007639086684378288, 0.04112343753885147, 0.16447107839562072, 0.2889733595429724], [0.001182050769083065, 0.020822331611098532, 0.008499995993350582, 0.04112343753885147, 0.16447107839562072, 0.2889733595429724], [0.02045219957117411, 0.10158489238903948, 0.007639086684378288, 0.04112343753885147, 0.16447107839562072, 0.2889733595429724], [0.0305886002678466, 0.10158489238903948, 0.007639086684378288, 0.04112343753885147, 0.16447107839562072, 0.2889733595429724]]","[['', '', '', '', 'lower_bound', ''], ['lower_bound', '', '', '', '', ''], ['target_value', 'lower_bound', 'upper_bound', '', '', ''], ['', '', '', '', '', ''], ['lower_bound', '', '', '', '', '']]","[[nan, nan, nan, nan, -1.2955910683176697e-07, nan], [4.535956208036318e-07, nan, nan, nan, nan, nan], [0.001182050769083065, 0.020822331611098532, 0.008499995993350582, nan, nan, nan], [nan, nan, nan, nan, nan, nan], [0.0305886002678466, nan, nan, nan, nan, nan]]",[],,"[[0, 0, 0, 0, 1, 0], [1, 0, 0, 0, 0, 0], [1, 1, 1, 0, 0, 0], [0, 0, 0, 0, 0, 0], [1, 0, 0, 0, 0, 0]]","[['', '', '', '', '', ''], ['target_value', 'upper_bound', 'upper_bound', '', '', ''], ['', '', '', '', '', ''], ['target_value', '', 'upper_bound', '', '', ''], ['', '', '', '', '', '']]","[[nan, nan, nan, nan, nan, nan], [0.0, 0.04, 0.00846, nan, nan, nan], [nan, nan, nan, nan, nan, nan], [0.0324, nan, 0.00846, nan, nan, nan], [nan, nan, nan, nan, nan, nan]]","[[0, 0, 0, 0, 0, 0], [1, 1, 1, 0, 0, 0], [0, 0, 0, 0, 0, 0], [1, 0, 1, 0, 0, 0], [0, 0, 0, 0, 0, 0]]",14.85,nan,nan,0.08056814270193519,"[[nan, nan, nan, nan, nan, nan], [nan, nan, nan, nan, nan, nan], [nan, nan, nan, nan, nan, nan], [nan, nan, nan, nan, nan, nan], [nan, nan, nan, nan, nan, nan]]","[[nan, nan, nan, nan, nan, nan], [nan, nan, nan, nan, nan, nan], [nan, nan, nan, nan, nan, nan], [nan, nan, nan, nan, nan, nan], [nan, nan, nan, nan, nan, nan]]",6,0.0,0,0.0,0.0,5,499.60079802778296,-1935.558559315243,-1935.558559315243,,,499.60079802778296,
cluster,S5SphereInspect,127,5,"['surf_dist', 'normal_err', 'speed', 'ang_speed', 'start_dist', 'goal_dist']","[0.07448508906860322, 0.2735019597134474, 0.005167278655559288, 0.06608722993185281, 0.2420060651636752, 0.17611082692742402]","[[0.02045219957117411, 0.10158489238903948, 0.007639086684378288, 0.04112343753885147, -1.2955910683176697e-07, 0.2889733595429724], [4.535956208036318e-07, 0.10158489238903948, 0.007639086684378288, 0.04112343753885147, 0.16447107839562072, 0.2889733595429724], [0.001182050769083065, 0.020822331611098532, 0.008499995993350582, 0.04112343753885147, 0.16447107839562072, 0.2889733595429724], [0.02045219957117411, 0.10158489238903948, 0.007639086684378288, 0.04112343753885147, 0.16447107839562072, 0.2889733595429724], [0.0305886002678466, 0.10158489238903948, 0.007639086684378288, 0.04112343753885147, 0.16447107839562072, 0.2889733595429724]]","[['', '', '', '', 'lower_bound', ''], ['lower_bound', '', '', '', '', ''], ['target_value', 'lower_bound', 'upper_bound', '', '', ''], ['', '', '', '', '', ''], ['lower_bound', '', '', '', '', '']]","[[nan, nan, nan, nan, -1.2955910683176697e-07, nan], [4.535956208036318e-07, nan, nan, nan, nan, nan], [0.001182050769083065, 0.020822331611098532, 0.008499995993350582, nan, nan, nan], [nan, nan, nan, nan, nan, nan], [0.0305886002678466, nan, nan, nan, nan, nan]]",[],,"[[0, 0, 0, 0, 1, 0], [1, 0, 0, 0, 0, 0], [1, 1, 1, 0, 0, 0], [0, 0, 0, 0, 0, 0], [1, 0, 0, 0, 0, 0]]","[['', '', '', '', '', ''], ['target_value', 'upper_bound', 'upper_bound', '', '', ''], ['', '', '', '', '', ''], ['target_value', '', 'upper_bound', '', '', ''], ['', '', '', '', '', '']]","[[nan, nan, nan, nan, nan, nan], [0.0, 0.04, 0.00846, nan, nan, nan], [nan, nan, nan, nan, nan, nan], [0.0324, nan, 0.00846, nan, nan, nan], [nan, nan, nan, nan, nan, nan]]","[[0, 0, 0, 0, 0, 0], [1, 1, 1, 0, 0, 0], [0, 0, 0, 0, 0, 0], [1, 0, 1, 0, 0, 0], [0, 0, 0, 0, 0, 0]]",14.85,nan,nan,0.08056814270193519,"[[nan, nan, nan, nan, nan, nan], [nan, nan, nan, nan, nan, nan], [nan, nan, nan, nan, nan, nan], [nan, nan, nan, nan, nan, nan], [nan, nan, nan, nan, nan, nan]]","[[nan, nan, nan, nan, nan, nan], [nan, nan, nan, nan, nan, nan], [nan, nan, nan, nan, nan, nan], [nan, nan, nan, nan, nan, nan], [nan, nan, nan, nan, nan, nan]]",6,0.0,0,0.0,0.0,5,499.60079802778296,-1935.558559315243,-1935.558559315243,,,499.60079802778296,
cluster,S5SphereInspect,127,6,"['surf_dist', 'normal_err', 'speed', 'ang_speed', 'start_dist', 'goal_dist']","[0.07448508906860322, 0.2735019597134474, 0.005167278655559288, 0.06608722993185281, 0.2420060651636752, 0.17611082692742402]","[[4.4188729034569385e-07, 0.10158489238903948, 0.007639086684378288, 0.04112343753885147, 0.16447107839562072, 0.2889733595429724], [1.6889941972797473e-07, 0.020835565179033733, 0.007639086684378288, 0.04112343753885147, 0.16447107839562072, 0.2889733595429724], [5.045310855038287e-07, 0.10158489238903948, 0.007639086684378288, 0.04112343753885147, 0.16447107839562072, 0.2889733595429724], [0.02045219957117411, 0.10158489238903948, 0.008232737571725596, 0.04112343753885147, 0.16447107839562072, 0.2889733595429724], [0.02045219957117411, 0.10158489238903948, 0.007639086684378288, 0.04112343753885147, 0.16447107839562072, 0.2889733595429724]]","[['lower_bound', '', '', '', '', ''], ['lower_bound', 'lower_bound', '', '', '', ''], ['lower_bound', '', '', '', '', ''], ['', '', 'upper_bound', '', '', ''], ['', '', '', '', '', '']]","[[4.4188729034569385e-07, nan, nan, nan, nan, nan], [1.6889941972797473e-07, 0.020835565179033733, nan, nan, nan, nan], [5.045310855038287e-07, nan, nan, nan, nan, nan], [nan, nan, 0.008232737571725596, nan, nan, nan], [nan, nan, nan, nan, nan, nan]]",[],,"[[1, 0, 0, 0, 0, 0], [1, 1, 0, 0, 0, 0], [1, 0, 0, 0, 0, 0], [0, 0, 1, 0, 0, 0], [0, 0, 0, 0, 0, 0]]","[['', '', '', '', '', ''], ['target_value', 'upper_bound', 'upper_bound', '', '', ''], ['', '', '', '', '', ''], ['target_value', '', 'upper_bound', '', '', ''], ['', '', '', '', '', '']]","[[nan, nan, nan, nan, nan, nan], [0.0, 0.04, 0.00846, nan, nan, nan], [nan, nan, nan, nan, nan, nan], [0.0324, nan, 0.00846, nan, nan, nan], [nan, nan, nan, nan, nan, nan]]","[[0, 0, 0, 0, 0, 0], [1, 1, 1, 0, 0, 0], [0, 0, 0, 0, 0, 0], [1, 0, 1, 0, 0, 0], [0, 0, 0, 0, 0, 0]]",4.725,0.0439810669064462,0.00022726242827440443,0.06811865649063717,"[[nan, nan, nan, nan, nan, nan], [nan, nan, nan, nan, nan, nan], [nan, nan, nan, nan, nan, nan], [nan, nan, 0.0439810669064462, nan, nan, nan], [nan, nan, nan, nan, nan, nan]]","[[nan, nan, nan, nan, nan, nan], [nan, nan, nan, nan, nan, nan], [nan, nan, nan, nan, nan, nan], [nan, nan, 0.00022726242827440443, nan, nan, nan], [nan, nan, nan, nan, nan, nan]]",5,0.20000000000000004,1,0.2,0.2,5,504.05440924101663,-1832.0082564737347,-1832.008256473735,,,504.05440924101663,
cluster,S5SphereInspect,127,7,"['surf_dist', 'normal_err', 'speed', 'ang_speed', 'start_dist', 'goal_dist']","[0.07448508906860322, 0.2735019597134474, 0.005167278655559288, 0.06608722993185281, 0.2420060651636752, 0.17611082692742402]","[[3.468533092340631e-07, 0.10158489238903948, 0.007639086684378288, 0.04112343753885147, 0.16447107839562072, 0.2889733595429724], [2.378925673431065e-07, 0.02085342384509338, 0.007639086684378288, 0.04112343753885147, 0.16447107839562072, 0.2889733595429724], [6.336791749869675e-07, 0.020066618192335503, 0.007639086684378288, 0.04112343753885147, 0.16447107839562072, 0.2889733595429724], [0.032401414325646125, 0.10158489238903948, 0.007639086684378288, 0.04112343753885147, 0.16447107839562072, 0.2889733595429724], [0.02045219957117411, 0.10158489238903948, 0.007639086684378288, 0.04112343753885147, 0.16447107839562072, 0.2889733595429724]]","[['lower_bound', '', '', '', '', ''], ['lower_bound', 'lower_bound', '', '', '', ''], ['lower_bound', 'lower_bound', '', '', '', ''], ['upper_bound', '', '', '', '', ''], ['', '', '', '', '', '']]","[[3.468533092340631e-07, nan, nan, nan, nan, nan], [2.378925673431065e-07, 0.02085342384509338, nan, nan, nan, nan], [6.336791749869675e-07, 0.020066618192335503, nan, nan, nan, nan], [0.032401414325646125, nan, nan, nan, nan, nan], [nan, nan, nan, nan, nan, nan]]",[],,"[[1, 0, 0, 0, 0, 0], [1, 1, 0, 0, 0, 0], [1, 1, 0, 0, 0, 0], [1, 0, 0, 0, 0, 0], [0, 0, 0, 0, 0, 0]]","[['', '', '', '', '', ''], ['target_value', 'upper_bound', 'upper_bound', '', '', ''], ['', '', '', '', '', ''], ['target_value', '', 'upper_bound', '', '', ''], ['', '', '', '', '', '']]","[[nan, nan, nan, nan, nan, nan], [0.0, 0.04, 0.00846, nan, nan, nan], [nan, nan, nan, nan, nan, nan], [0.0324, nan, 0.00846, nan, nan, nan], [nan, nan, nan, nan, nan, nan]]","[[0, 0, 0, 0, 0, 0], [1, 1, 1, 0, 0, 0], [0, 0, 0, 0, 0, 0], [1, 0, 1, 0, 0, 0], [0, 0, 0, 0, 0, 0]]",8.025,nan,nan,0.07156734685935977,"[[nan, nan, nan, nan, nan, nan], [nan, nan, nan, nan, nan, nan], [nan, nan, nan, nan, nan, nan], [nan, nan, nan, nan, nan, nan], [nan, nan, nan, nan, nan, nan]]","[[nan, nan, nan, nan, nan, nan], [nan, nan, nan, nan, nan, nan], [nan, nan, nan, nan, nan, nan], [nan, nan, nan, nan, nan, nan], [nan, nan, nan, nan, nan, nan]]",6,0.0,0,0.0,0.0,5,493.74032214917264,-2226.206901655952,-2226.2069016559526,,,493.74032214917264,
cluster,S5SphereInspect,127,8,"['surf_dist', 'normal_err', 'speed', 'ang_speed', 'start_dist', 'goal_dist']","[0.07448508906860322, 0.2735019597134474, 0.005167278655559288, 0.06608722993185281, 0.2420060651636752, 0.17611082692742402]","[[4.4188729034569385e-07, 0.10158489238903948, 0.007639086684378288, 0.04112343753885147, 0.16447107839562072, 0.2889733595429724], [1.8859304359158946e-07, 0.02082255708416253, 0.007639086684378288, 0.04112343753885147, 0.16447107839562072, 0.2889733595429724], [4.835898678376416e-07, 0.10158489238903948, 0.007639086684378288, 0.04112343753885147, 0.16447107839562072, 0.2889733595429724], [0.032401899474555934, 0.10158489238903948, 0.007639086684378288, 0.04112343753885147, 0.16447107839562072, 0.2889733595429724], [0.02045219957117411, 0.10158489238903948, 0.007639086684378288, 0.04112343753885147, 0.16447107839562072, 0.2889733595429724]]","[['lower_bound', '', '', '', '', ''], ['lower_bound', 'lower_bound', '', '', '', ''], ['lower_bound', '', '', '', '', ''], ['upper_bound', '', '', '', '', ''], ['', '', '', '', '', '']]","[[4.4188729034569385e-07, nan, nan, nan, nan, nan], [1.8859304359158946e-07, 0.02082255708416253, nan, nan, nan, nan], [4.835898678376416e-07, nan, nan, nan, nan, nan], [0.032401899474555934, nan, nan, nan, nan, nan], [nan, nan, nan, nan, nan, nan]]",[],,"[[1, 0, 0, 0, 0, 0], [1, 1, 0, 0, 0, 0], [1, 0, 0, 0, 0, 0], [1, 0, 0, 0, 0, 0], [0, 0, 0, 0, 0, 0]]","[['', '', '', '', '', ''], ['target_value', 'upper_bound', 'upper_bound', '', '', ''], ['', '', '', '', '', ''], ['target_value', '', 'upper_bound', '', '', ''], ['', '', '', '', '', '']]","[[nan, nan, nan, nan, nan, nan], [0.0, 0.04, 0.00846, nan, nan, nan], [nan, nan, nan, nan, nan, nan], [0.0324, nan, 0.00846, nan, nan, nan], [nan, nan, nan, nan, nan, nan]]","[[0, 0, 0, 0, 0, 0], [1, 1, 1, 0, 0, 0], [0, 0, 0, 0, 0, 0], [1, 0, 1, 0, 0, 0], [0, 0, 0, 0, 0, 0]]",4.7,nan,nan,0.06809945619123227,"[[nan, nan, nan, nan, nan, nan], [nan, nan, nan, nan, nan, nan], [nan, nan, nan, nan, nan, nan], [nan, nan, nan, nan, nan, nan], [nan, nan, nan, nan, nan, nan]]","[[nan, nan, nan, nan, nan, nan], [nan, nan, nan, nan, nan, nan], [nan, nan, nan, nan, nan, nan], [nan, nan, nan, nan, nan, nan], [nan, nan, nan, nan, nan, nan]]",5,0.0,0,0.0,0.0,5,502.8576644274041,-1756.2453346350658,-1756.2453346350655,,,502.8576644274041,
cluster,S5SphereInspect,127,9,"['surf_dist', 'normal_err', 'speed', 'ang_speed', 'start_dist', 'goal_dist']","[0.07448508906860322, 0.2735019597134474, 0.005167278655559288, 0.06608722993185281, 0.2420060651636752, 0.17611082692742402]","[[3.8240354538823795e-07, 0.10158489238903948, 0.007639086684378288, 0.04112343753885147, 0.16447107839562072, 0.2889733595429724], [2.2798768681969728e-07, 0.02086064872981555, 0.007639086684378288, 0.04112343753885147, 0.16447107839562072, 0.2889733595429724], [5.161241751275303e-07, 0.020509598584130623, 0.008484134105795859, 0.04112343753885147, 0.16447107839562072, 0.2889733595429724], [0.02045219957117411, 0.10158489238903948, 0.007639086684378288, 0.04112343753885147, 0.16447107839562072, 0.2889733595429724], [0.032399542753527924, 0.10158489238903948, 0.007639086684378288, 0.04112343753885147, 0.16447107839562072, 0.2889733595429724]]","[['lower_bound', '', '', '', '', ''], ['lower_bound', 'lower_bound', '', '', '', ''], ['lower_bound', 'lower_bound', 'upper_bound', '', '', ''], ['', '', '', '', '', ''], ['lower_bound', '', '', '', '', '']]","[[3.8240354538823795e-07, nan, nan, nan, nan, nan], [2.2798768681969728e-07, 0.02086064872981555, nan, nan, nan, nan], [5.161241751275303e-07, 0.020509598584130623, 0.008484134105795859, nan, nan, nan], [nan, nan, nan, nan, nan, nan], [0.032399542753527924, nan, nan, nan, nan, nan]]",[],,"[[1, 0, 0, 0, 0, 0], [1, 1, 0, 0, 0, 0], [1, 1, 1, 0, 0, 0], [0, 0, 0, 0, 0, 0], [1, 0, 0, 0, 0, 0]]","[['', '', '', '', '', ''], ['target_value', 'upper_bound', 'upper_bound', '', '', ''], ['', '', '', '', '', ''], ['target_value', '', 'upper_bound', '', '', ''], ['', '', '', '', '', '']]","[[nan, nan, nan, nan, nan, nan], [0.0, 0.04, 0.00846, nan, nan, nan], [nan, nan, nan, nan, nan, nan], [0.0324, nan, 0.00846, nan, nan, nan], [nan, nan, nan, nan, nan, nan]]","[[0, 0, 0, 0, 0, 0], [1, 1, 1, 0, 0, 0], [0, 0, 0, 0, 0, 0], [1, 0, 1, 0, 0, 0], [0, 0, 0, 0, 0, 0]]",9.25,nan,nan,0.07544160619267574,"[[nan, nan, nan, nan, nan, nan], [nan, nan, nan, nan, nan, nan], [nan, nan, nan, nan, nan, nan], [nan, nan, nan, nan, nan, nan], [nan, nan, nan, nan, nan, nan]]","[[nan, nan, nan, nan, nan, nan], [nan, nan, nan, nan, nan, nan], [nan, nan, nan, nan, nan, nan], [nan, nan, nan, nan, nan, nan], [nan, nan, nan, nan, nan, nan]]",7,0.0,0,0.0,0.0,5,491.07630153664996,-2247.8697277520027,-2247.8697277520027,,,491.07630153664996,
gmmhmm,S5SphereInspect,127,0,"['surf_dist', 'normal_err', 'speed', 'ang_speed', 'start_dist', 'goal_dist']","[0.07448508906860322, 0.2735019597134474, 0.005167278655559288, 0.06608722993185281, 0.2420060651636752, 0.17611082692742402]","[[0.02045219957117411, 0.10158489238903948, 0.007639086684378288, 0.04112343753885147, 0.16447107839562072, 0.2889733595429724], [2.5519960690154053e-06, 0.03446665184228383, 0.007639086684378288, 0.04112343753885147, 0.16447107839562072, 0.2889733595429724], [2.142984295263467e-06, 0.03961388038490169, 0.008489679879340909, 0.04112343753885147, 0.16447107839562072, 0.2889733595429724], [7.082639486080677e-07, 0.01978643539638761, 0.007639086684378288, 0.04112343753885147, 0.16447107839562072, 0.2889733595429724], [0.024115169348993562, 0.10158489238903948, 0.007639086684378288, 0.04112343753885147, 0.16447107839562072, 0.2889733595429724]]","[['', '', '', '', '', ''], ['target_value', 'target_value', '', '', '', ''], ['target_value', 'upper_bound', 'upper_bound', '', '', ''], ['lower_bound', 'lower_bound', '', '', '', ''], ['lower_bound', '', '', '', '', '']]","[[nan, nan, nan, nan, nan, nan], [2.5519960690154053e-06, 0.03446665184228383, nan, nan, nan, nan], [2.142984295263467e-06, 0.03961388038490169, 0.008489679879340909, nan, nan, nan], [7.082639486080677e-07, 0.01978643539638761, nan, nan, nan, nan], [0.024115169348993562, nan, nan, nan, nan, nan]]",[],,"[[0, 0, 0, 0, 0, 0], [1, 1, 0, 0, 0, 0], [1, 1, 1, 0, 0, 0], [1, 1, 0, 0, 0, 0], [1, 0, 0, 0, 0, 0]]","[['', '', '', '', '', ''], ['target_value', 'upper_bound', 'upper_bound', '', '', ''], ['', '', '', '', '', ''], ['target_value', '', 'upper_bound', '', '', ''], ['', '', '', '', '', '']]","[[nan, nan, nan, nan, nan, nan], [0.0, 0.04, 0.00846, nan, nan, nan], [nan, nan, nan, nan, nan, nan], [0.0324, nan, 0.00846, nan, nan, nan], [nan, nan, nan, nan, nan, nan]]","[[0, 0, 0, 0, 0, 0], [1, 1, 1, 0, 0, 0], [0, 0, 0, 0, 0, 0], [1, 0, 1, 0, 0, 0], [0, 0, 0, 0, 0, 0]]",13.3,3.4261838187035434e-05,2.5519960690154053e-06,0.07929450338610484,"[[nan, nan, nan, nan, nan, nan], [3.4261838187035434e-05, nan, nan, nan, nan, nan], [nan, nan, nan, nan, nan, nan], [nan, nan, nan, nan, nan, nan], [nan, nan, nan, nan, nan, nan]]","[[nan, nan, nan, nan, nan, nan], [2.5519960690154053e-06, nan, nan, nan, nan, nan], [nan, nan, nan, nan, nan, nan], [nan, nan, nan, nan, nan, nan], [nan, nan, nan, nan, nan, nan]]",8,0.15384615384615385,1,0.125,0.2,5,-2557.0369235045464,-1371.8952295268214,-1371.8952295268214,,-2557.0369235045464,,
gmmhmm,S5SphereInspect,127,1,"['surf_dist', 'normal_err', 'speed', 'ang_speed', 'start_dist', 'goal_dist']","[0.07448508906860322, 0.2735019597134474, 0.005167278655559288, 0.06608722993185281, 0.2420060651636752, 0.17611082692742402]","[[6.856406443052354e-07, 0.013510017867582949, 0.007639086684378288, 0.04112343753885147, 0.16447107839562072, 0.2889733595429724], [2.5495132900052453e-06, 0.03961395000534064, 0.008481815282405599, 0.04112343753885147, 0.16447107839562072, 0.2889733595429724], [1.8565019820823703e-06, 0.039617406985972055, 0.007639086684378288, 0.04112343753885147, 0.16447107839562072, 0.2889733595429724], [0.02045219957117411, 0.10158489238903948, 0.007639086684378288, 0.04112343753885147, 0.16447107839562072, 0.2889733595429724], [0.032398108822505794, 0.10158489238903948, 0.007639086684378288, 0.04112343753885147, 0.16447107839562072, 0.2889733595429724]]","[['lower_bound', 'lower_bound', '', '', '', ''], ['target_value', 'upper_bound', 'upper_bound', '', '', ''], ['target_value', 'upper_bound', '', '', '', ''], ['', '', '', '', '', ''], ['lower_bound', '', '', '', '', '']]","[[6.856406443052354e-07, 0.013510017867582949, nan, nan, nan, nan], [2.5495132900052453e-06, 0.03961395000534064, 0.008481815282405599, nan, nan, nan], [1.8565019820823703e-06, 0.039617406985972055, nan, nan, nan, nan], [nan, nan, nan, nan, nan, nan], [0.032398108822505794, nan, nan, nan, nan, nan]]",[],,"[[1, 1, 0, 0, 0, 0], [1, 1, 1, 0, 0, 0], [1, 1, 0, 0, 0, 0], [0, 0, 0, 0, 0, 0], [1, 0, 0, 0, 0, 0]]","[['', '', '', '', '', ''], ['target_value', 'upper_bound', 'upper_bound', '', '', ''], ['', '', '', '', '', ''], ['target_value', '', 'upper_bound', '', '', ''], ['', '', '', '', '', '']]","[[nan, nan, nan, nan, nan, nan], [0.0, 0.04, 0.00846, nan, nan, nan], [nan, nan, nan, nan, nan, nan], [0.0324, nan, 0.00846, nan, nan, nan], [nan, nan, nan, nan, nan, nan]]","[[0, 0, 0, 0, 0, 0], [1, 1, 1, 0, 0, 0], [0, 0, 0, 0, 0, 0], [1, 0, 1, 0, 0, 0], [0, 0, 0, 0, 0, 0]]",10.7,0.0018891827972947197,0.0001368049301183217,0.08318149488675541,"[[nan, nan, nan, nan, nan, nan], [3.422850562287788e-05, 0.001411507234038953, 0.004221812652222328, nan, nan, nan], [nan, nan, nan, nan, nan, nan], [nan, nan, nan, nan, nan, nan], [nan, nan, nan, nan, nan, nan]]","[[nan, nan, nan, nan, nan, nan], [2.5495132900052453e-06, 0.00038604999465936124, 2.1815282405598588e-05, nan, nan, nan], [nan, nan, nan, nan, nan, nan], [nan, nan, nan, nan, nan, nan], [nan, nan, nan, nan, nan, nan]]",8,0.4615384615384615,3,0.375,0.6,5,-2945.8517871448653,-1355.640255547191,-1355.6402555471907,,-2945.8517871448653,,
gmmhmm,S5SphereInspect,127,2,"['surf_dist', 'normal_err', 'speed', 'ang_speed', 'start_dist', 'goal_dist']","[0.07448508906860322, 0.2735019597134474, 0.005167278655559288, 0.06608722993185281, 0.2420060651636752, 0.17611082692742402]","[[0.02045219957117411, 0.10158489238903948, 0.007639086684378288, 0.04112343753885147, 0.16447107839562072, 0.2889733595429724], [2.495688013151587e-06, 0.039616174731600964, 0.008504375766428932, 0.04112343753885147, 0.16447107839562072, 0.2889733595429724], [1.7856358611387235e-06, 0.03961548593837289, 0.007639086684378288, 0.04112343753885147, 0.16447107839562072, 0.2889733595429724], [0.02045219957117411, 0.10158489238903948, 0.007639086684378288, 0.04112343753885147, 0.16447107839562072, 0.2889733595429724], [0.03239920081394526, 0.10158489238903948, 0.007639086684378288, 0.04112343753885147, 0.16447107839562072, 0.2889733595429724]]","[['', '', '', '', '', ''], ['target_value', 'upper_bound', 'upper_bound', '', '', ''], ['target_value', 'upper_bound', '', '', '', ''], ['', '', '', '', '', ''], ['lower_bound', '', '', '', '', '']]","[[nan, nan, nan, nan, nan, nan], [2.495688013151587e-06, 0.039616174731600964, 0.008504375766428932, nan, nan, nan], [1.7856358611387235e-06, 0.03961548593837289, nan, nan, nan, nan], [nan, nan, nan, nan, nan, nan], [0.03239920081394526, nan, nan, nan, nan, nan]]",[],,"[[0, 0, 0, 0, 0, 0], [1, 1, 1, 0, 0, 0], [1, 1, 0, 0, 0, 0], [0, 0, 0, 0, 0, 0], [1, 0, 0, 0, 0, 0]]","[['', '', '', '', '', ''], ['target_value', 'upper_bound', 'upper_bound', '', '', ''], ['', '', '', '', '', ''], ['target_value', '', 'upper_bound', '', '', ''], ['', '', '', '', '', '']]","[[nan, nan, nan, nan, nan, nan], [0.0, 0.04, 0.00846, nan, nan, nan], [nan, nan, nan, nan, nan, nan], [0.0324, nan, 0.00846, nan, nan, nan], [nan, nan, nan, nan, nan, nan]]","[[0, 0, 0, 0, 0, 0], [1, 1, 1, 0, 0, 0], [0, 0, 0, 0, 0, 0], [1, 0, 1, 0, 0, 0], [0, 0, 0, 0, 0, 0]]",8.925,0.0033415732257535027,0.00014356557428037327,0.07975773765523822,"[[nan, nan, nan, nan, nan, nan], [3.350587405289904e-05, 0.0014033730098357493, 0.008587840793371859, nan, nan, nan], [nan, nan, nan, nan, nan, nan], [nan, nan, nan, nan, nan, nan], [nan, nan, nan, nan, nan, nan]]","[[nan, nan, nan, nan, nan, nan], [2.495688013151587e-06, 0.00038382526839903647, 4.437576642893175e-05, nan, nan, nan], [nan, nan, nan, nan, nan, nan], [nan, nan, nan, nan, nan, nan], [nan, nan, nan, nan, nan, nan]]",6,0.5454545454545454,3,0.5,0.6,5,-2585.1483351431116,-891.7170983983538,-891.7170983983538,,-2585.1483351431116,,
gmmhmm,S5SphereInspect,127,3,"['surf_dist', 'normal_err', 'speed', 'ang_speed', 'start_dist', 'goal_dist']","[0.07448508906860322, 0.2735019597134474, 0.005167278655559288, 0.06608722993185281, 0.2420060651636752, 0.17611082692742402]","[[0.02045219957117411, 0.10158489238903948, 0.007639086684378288, 0.04112343753885147, 0.16447107839562072, 0.2889733595429724], [4.081757251361839e-06, 0.03961758199151134, 0.008531598660826704, 0.04112343753885147, 0.16447107839562072, 0.2889733595429724], [5.752304172677858e-07, 0.021169668539540526, 0.008459709905982013, 0.04112343753885147, 0.16447107839562072, 0.2889733595429724], [0.02045219957117411, 0.10158489238903948, 0.007639086684378288, 0.04112343753885147, 0.16447107839562072, 0.2889733595429724], [0.02045219957117411, 0.10158489238903948, 0.007639086684378288, 0.04112343753885147, 0.16447107839562072, 0.2889733595429724]]","[['', '', '', '', '', ''], ['target_value', 'upper_bound', 'upper_bound', '', '', ''], ['lower_bound', 'lower_bound', 'upper_bound', '', '', ''], ['', '', '', '', '', ''], ['', '', '', '', '', '']]","[[nan, nan, nan, nan, nan, nan], [4.081757251361839e-06, 0.03961758199151134, 0.008531598660826704, nan, nan, nan], [5.752304172677858e-07, 0.021169668539540526, 0.008459709905982013, nan, nan, nan], [nan, nan, nan, nan, nan, nan], [nan, nan, nan, nan, nan, nan]]",[],,"[[0, 0, 0, 0, 0, 0], [1, 1, 1, 0, 0, 0], [1, 1, 1, 0, 0, 0], [0, 0, 0, 0, 0, 0], [0, 0, 0, 0, 0, 0]]","[['', '', '', '', '', ''], ['target_value', 'upper_bound', 'upper_bound', '', '', ''], ['', '', '', '', '', ''], ['target_value', '', 'upper_bound', '', '', ''], ['', '', '', '', '', '']]","[[nan, nan, nan, nan, nan, nan], [0.0, 0.04, 0.00846, nan, nan, nan], [nan, nan, nan, nan, nan, nan], [0.0324, nan, 0.00846, nan, nan, nan], [nan, nan, nan, nan, nan, nan]]","[[0, 0, 0, 0, 0, 0], [1, 1, 1, 0, 0, 0], [0, 0, 0, 0, 0, 0], [1, 0, 1, 0, 0, 0], [0, 0, 0, 0, 0, 0]]",6.65,0.005103063798090977,0.00015269947552224288,0.07406822348365917,"[[nan, nan, nan, nan, nan, nan], [5.4799655909686924e-05, 0.0013982276722599334, 0.01385616406610331, nan, nan, nan], [nan, nan, nan, nan, nan, nan], [nan, nan, nan, nan, nan, nan], [nan, nan, nan, nan, nan, nan]]","[[nan, nan, nan, nan, nan, nan], [4.081757251361839e-06, 0.0003824180084886636, 7.159866082670323e-05, nan, nan, nan], [nan, nan, nan, nan, nan, nan], [nan, nan, nan, nan, nan, nan], [nan, nan, nan, nan, nan, nan]]",6,0.5454545454545454,3,0.5,0.6,5,-3415.207371142717,-2018.6614784255119,-2018.6614784255119,,-3415.207371142717,,
gmmhmm,S5SphereInspect,127,4,"['surf_dist', 'normal_err', 'speed', 'ang_speed', 'start_dist', 'goal_dist']","[0.07448508906860322, 0.2735019597134474, 0.005167278655559288, 0.06608722993185281, 0.2420060651636752, 0.17611082692742402]","[[5.130570200698181e-07, 0.0199907850812881, 0.007639086684378288, 0.04112343753885147, 0.16447107839562072, 0.2889733595429724], [5.034377355793429e-07, 0.020924960086764102, 0.008484125419699326, 0.04112343753885147, 0.16447107839562072, 0.2889733595429724], [0.032401738957505394, 0.10158489238903948, 0.007639086684378288, 0.04112343753885147, 0.16447107839562072, 0.2889733595429724], [0.02045219957117411, 0.10158489238903948, 0.007639086684378288, 0.04112343753885147, 0.16447107839562072, 0.2889733595429724], [0.02045219957117411, 0.10158489238903948, 0.007639086684378288, 0.04112343753885147, 0.16447107839562072, 0.2889733595429724]]","[['lower_bound', 'lower_bound', '', '', '', ''], ['lower_bound', 'lower_bound', 'upper_bound', '', '', ''], ['upper_bound', '', '', '', '', ''], ['', '', '', '', '', ''], ['', '', '', '', '', '']]","[[5.130570200698181e-07, 0.0199907850812881, nan, nan, nan, nan], [5.034377355793429e-07, 0.020924960086764102, 0.008484125419699326, nan, nan, nan], [0.032401738957505394, nan, nan, nan, nan, nan], [nan, nan, nan, nan, nan, nan], [nan, nan, nan, nan, nan, nan]]",[],,"[[1, 1, 0, 0, 0, 0], [1, 1, 1, 0, 0, 0], [1, 0, 0, 0, 0, 0], [0, 0, 0, 0, 0, 0], [0, 0, 0, 0, 0, 0]]","[['', '', '', '', '', ''], ['target_value', 'upper_bound', 'upper_bound', '', '', ''], ['', '', '', '', '', ''], ['target_value', '', 'upper_bound', '', '', ''], ['', '', '', '', '', '']]","[[nan, nan, nan, nan, nan, nan], [0.0, 0.04, 0.00846, nan, nan, nan], [nan, nan, nan, nan, nan, nan], [0.0324, nan, 0.00846, nan, nan, nan], [nan, nan, nan, nan, nan, nan]]","[[0, 0, 0, 0, 0, 0], [1, 1, 1, 0, 0, 0], [0, 0, 0, 0, 0, 0], [1, 0, 1, 0, 0, 0], [0, 0, 0, 0, 0, 0]]",8.825,0.00466888304414739,2.412541969932548e-05,0.0727839608678096,"[[nan, nan, nan, nan, nan, nan], [nan, nan, 0.00466888304414739, nan, nan, nan], [nan, nan, nan, nan, nan, nan], [nan, nan, nan, nan, nan, nan], [nan, nan, nan, nan, nan, nan]]","[[nan, nan, nan, nan, nan, nan], [nan, nan, 2.412541969932548e-05, nan, nan, nan], [nan, nan, nan, nan, nan, nan], [nan, nan, nan, nan, nan, nan], [nan, nan, nan, nan, nan, nan]]",6,0.1818181818181818,1,0.16666666666666666,0.2,5,-3392.127653503926,-2310.9965126895427,-2310.9965126895427,,-3392.127653503926,,
gmmhmm,S5SphereInspect,127,5,"['surf_dist', 'normal_err', 'speed', 'ang_speed', 'start_dist', 'goal_dist']","[0.07448508906860322, 0.2735019597134474, 0.005167278655559288, 0.06608722993185281, 0.2420060651636752, 0.17611082692742402]","[[0.02045219957117411, 0.10158489238903948, 0.007639086684378288, 0.04112343753885147, 0.16447107839562072, 0.2889733595429724], [0.02045219957117411, 0.10158489238903948, 0.007639086684378288, 0.04112343753885147, 0.16447107839562072, 0.2889733595429724], [2.42854871101289e-06, 0.03961716066404047, 0.00852464092023851, 0.04112343753885147, 0.16447107839562072, 0.2889733595429724], [7.049263645309001e-07, 0.021039208800441828, 0.008459713672454423, 0.04112343753885147, 0.16447107839562072, 0.2889733595429724], [0.02045219957117411, 0.10158489238903948, 0.007639086684378288, 0.04112343753885147, 0.16447107839562072, 0.2889733595429724]]","[['', '', '', '', '', ''], ['', '', '', '', '', ''], ['target_value', 'upper_bound', 'upper_bound', '', '', ''], ['lower_bound', 'lower_bound', 'upper_bound', '', '', ''], ['', '', '', '', '', '']]","[[nan, nan, nan, nan, nan, nan], [nan, nan, nan, nan, nan, nan], [2.42854871101289e-06, 0.03961716066404047, 0.00852464092023851, nan, nan, nan], [7.049263645309001e-07, 0.021039208800441828, 0.008459713672454423, nan, nan, nan], [nan, nan, nan, nan, nan, nan]]",[],,"[[0, 0, 0, 0, 0, 0], [0, 0, 0, 0, 0, 0], [1, 1, 1, 0, 0, 0], [1, 1, 1, 0, 0, 0], [0, 0, 0, 0, 0, 0]]","[['', '', '', '', '', ''], ['target_value', 'upper_bound', 'upper_bound', '', '', ''], ['', '', '', '', '', ''], ['target_value', '', 'upper_bound', '', '', ''], ['', '', '', '', '', '']]","[[nan, nan, nan, nan, nan, nan], [0.0, 0.04, 0.00846, nan, nan, nan], [nan, nan, nan, nan, nan, nan], [0.0324, nan, 0.00846, nan, nan, nan], [nan, nan, nan, nan, nan, nan]]","[[0, 0, 0, 0, 0, 0], [1, 1, 1, 0, 0, 0], [0, 0, 0, 0, 0, 0], [1, 0, 1, 0, 0, 0], [0, 0, 0, 0, 0, 0]]",16.5,5.541167114527494e-05,2.863275455778497e-07,0.07936891925076324,"[[nan, nan, nan, nan, nan, nan], [nan, nan, nan, nan, nan, nan], [nan, nan, nan, nan, nan, nan], [nan, nan, 5.541167114527494e-05, nan, nan, nan], [nan, nan, nan, nan, nan, nan]]","[[nan, nan, nan, nan, nan, nan], [nan, nan, nan, nan, nan, nan], [nan, nan, nan, nan, nan, nan], [nan, nan, 2.863275455778497e-07, nan, nan, nan], [nan, nan, nan, nan, nan, nan]]",6,0.1818181818181818,1,0.16666666666666666,0.2,5,-3407.2488007838865,-1688.9776649613314,-1688.977664961331,,-3407.2488007838865,,
gmmhmm,S5SphereInspect,127,6,"['surf_dist', 'normal_err', 'speed', 'ang_speed', 'start_dist', 'goal_dist']","[0.07448508906860322, 0.2735019597134474, 0.005167278655559288, 0.06608722993185281, 0.2420060651636752, 0.17611082692742402]","[[4.520842728436558e-07, 0.02050978430863222, 0.007639086684378288, 0.04112343753885147, 0.16447107839562072, 0.2889733595429724], [0.02045219957117411, 0.10158489238903948, 0.007639086684378288, 0.04112343753885147, 0.16447107839562072, 0.2889733595429724], [0.032361318878955006, 0.10158489238903948, 0.008295916612971658, 0.04112343753885147, 0.16447107839562072, 0.2889733595429724], [0.02045219957117411, 0.10158489238903948, 0.007639086684378288, 0.04112343753885147, 0.16447107839562072, 0.2889733595429724], [0.02045219957117411, 0.10158489238903948, 0.007639086684378288, 0.04112343753885147, 0.16447107839562072, 0.2889733595429724]]","[['lower_bound', 'lower_bound', '', '', '', ''], ['', '', '', '', '', ''], ['target_value', '', 'upper_bound', '', '', ''], ['', '', '', '', '', ''], ['', '', '', '', '', '']]","[[4.520842728436558e-07, 0.02050978430863222, nan, nan, nan, nan], [nan, nan, nan, nan, nan, nan], [0.032361318878955006, nan, 0.008295916612971658, nan, nan, nan], [nan, nan, nan, nan, nan, nan], [nan, nan, nan, nan, nan, nan]]",[],,"[[1, 1, 0, 0, 0, 0], [0, 0, 0, 0, 0, 0], [1, 0, 1, 0, 0, 0], [0, 0, 0, 0, 0, 0], [0, 0, 0, 0, 0, 0]]","[['', '', '', '', '', ''], ['target_value', 'upper_bound', 'upper_bound', '', '', ''], ['', '', '', '', '', ''], ['target_value', '', 'upper_bound', '', '', ''], ['', '', '', '', '', '']]","[[nan, nan, nan, nan, nan, nan], [0.0, 0.04, 0.00846, nan, nan, nan], [nan, nan, nan, nan, nan, nan], [0.0324, nan, 0.00846, nan, nan, nan], [nan, nan, nan, nan, nan, nan]]","[[0, 0, 0, 0, 0, 0], [1, 1, 1, 0, 0, 0], [0, 0, 0, 0, 0, 0], [1, 0, 1, 0, 0, 0], [0, 0, 0, 0, 0, 0]]",14.5,nan,nan,0.07855038212017205,"[[nan, nan, nan, nan, nan, nan], [nan, nan, nan, nan, nan, nan], [nan, nan, nan, nan, nan, nan], [nan, nan, nan, nan, nan, nan], [nan, nan, nan, nan, nan, nan]]","[[nan, nan, nan, nan, nan, nan], [nan, nan, nan, nan, nan, nan], [nan, nan, nan, nan, nan, nan], [nan, nan, nan, nan, nan, nan], [nan, nan, nan, nan, nan, nan]]",4,0.0,0,0.0,0.0,5,-3481.0553486550752,-2350.390490201478,-2350.390490201478,,-3481.0553486550752,,
gmmhmm,S5SphereInspect,127,7,"['surf_dist', 'normal_err', 'speed', 'ang_speed', 'start_dist', 'goal_dist']","[0.07448508906860322, 0.2735019597134474, 0.005167278655559288, 0.06608722993185281, 0.2420060651636752, 0.17611082692742402]","[[0.02045219957117411, 0.10158489238903948, 0.007639086684378288, 0.04112343753885147, 0.16447107839562072, 0.2889733595429724], [2.4445665115779835e-07, 0.10158489238903948, 0.007639086684378288, 0.04112343753885147, 0.16447107839562072, 0.2889733595429724], [2.556058666367683e-06, 0.10158489238903948, 0.00848686401657718, 0.04112343753885147, 0.16447107839562072, 0.2889733595429724], [0.02045219957117411, 0.10158489238903948, 0.007639086684378288, 0.04112343753885147, 0.16447107839562072, 0.2889733595429724], [0.02045219957117411, 0.10158489238903948, 0.007639086684378288, 0.04112343753885147, 0.16447107839562072, 0.2889733595429724]]","[['', '', '', '', '', ''], ['lower_bound', '', '', '', '', ''], ['target_value', '', 'upper_bound', '', '', ''], ['', '', '', '', '', ''], ['', '', '', '', '', '']]","[[nan, nan, nan, nan, nan, nan], [2.4445665115779835e-07, nan, nan, nan, nan, nan], [2.556058666367683e-06, nan, 0.00848686401657718, nan, nan, nan], [nan, nan, nan, nan, nan, nan], [nan, nan, nan, nan, nan, nan]]",[],,"[[0, 0, 0, 0, 0, 0], [1, 0, 0, 0, 0, 0], [1, 0, 1, 0, 0, 0], [0, 0, 0, 0, 0, 0], [0, 0, 0, 0, 0, 0]]","[['', '', '', '', '', ''], ['target_value', 'upper_bound', 'upper_bound', '', '', ''], ['', '', '', '', '', ''], ['target_value', '', 'upper_bound', '', '', ''], ['', '', '', '', '', '']]","[[nan, nan, nan, nan, nan, nan], [0.0, 0.04, 0.00846, nan, nan, nan], [nan, nan, nan, nan, nan, nan], [0.0324, nan, 0.00846, nan, nan, nan], [nan, nan, nan, nan, nan, nan]]","[[0, 0, 0, 0, 0, 0], [1, 1, 1, 0, 0, 0], [0, 0, 0, 0, 0, 0], [1, 0, 1, 0, 0, 0], [0, 0, 0, 0, 0, 0]]",13.7,nan,nan,0.07574935296573201,"[[nan, nan, nan, nan, nan, nan], [nan, nan, nan, nan, nan, nan], [nan, nan, nan, nan, nan, nan], [nan, nan, nan, nan, nan, nan], [nan, nan, nan, nan, nan, nan]]","[[nan, nan, nan, nan, nan, nan], [nan, nan, nan, nan, nan, nan], [nan, nan, nan, nan, nan, nan], [nan, nan, nan, nan, nan, nan], [nan, nan, nan, nan, nan, nan]]",3,0.0,0,0.0,0.0,5,-3547.72612244059,-1493.962328577473,-1493.962328577473,,-3547.72612244059,,
gmmhmm,S5SphereInspect,127,8,"['surf_dist', 'normal_err', 'speed', 'ang_speed', 'start_dist', 'goal_dist']","[0.07448508906860322, 0.2735019597134474, 0.005167278655559288, 0.06608722993185281, 0.2420060651636752, 0.17611082692742402]","[[5.034301089439086e-07, 0.016825367341969905, 0.007639086684378288, 0.04112343753885147, 0.16447107839562072, 0.2889733595429724], [4.4009426636640314e-07, 0.020693579339288587, 0.008486869465412772, 0.04112343753885147, 0.16447107839562072, 0.2889733595429724], [0.03240073892990593, 0.10158489238903948, 0.007639086684378288, 0.04112343753885147, 0.16447107839562072, 0.2889733595429724], [0.02045219957117411, 0.10158489238903948, 0.007639086684378288, 0.04112343753885147, 0.16447107839562072, 0.2889733595429724], [0.02045219957117411, 0.10158489238903948, 0.007639086684378288, 0.04112343753885147, 0.16447107839562072, 0.2889733595429724]]","[['lower_bound', 'lower_bound', '', '', '', ''], ['lower_bound', 'lower_bound', 'upper_bound', '', '', ''], ['upper_bound', '', '', '', '', ''], ['', '', '', '', '', ''], ['', '', '', '', '', '']]","[[5.034301089439086e-07, 0.016825367341969905, nan, nan, nan, nan], [4.4009426636640314e-07, 0.020693579339288587, 0.008486869465412772, nan, nan, nan], [0.03240073892990593, nan, nan, nan, nan, nan], [nan, nan, nan, nan, nan, nan], [nan, nan, nan, nan, nan, nan]]",[],,"[[1, 1, 0, 0, 0, 0], [1, 1, 1, 0, 0, 0], [1, 0, 0, 0, 0, 0], [0, 0, 0, 0, 0, 0], [0, 0, 0, 0, 0, 0]]","[['', '', '', '', '', ''], ['target_value', 'upper_bound', 'upper_bound', '', '', ''], ['', '', '', '', '', ''], ['target_value', '', 'upper_bound', '', '', ''], ['', '', '', '', '', '']]","[[nan, nan, nan, nan, nan, nan], [0.0, 0.04, 0.00846, nan, nan, nan], [nan, nan, nan, nan, nan, nan], [0.0324, nan, 0.00846, nan, nan, nan], [nan, nan, nan, nan, nan, nan]]","[[0, 0, 0, 0, 0, 0], [1, 1, 1, 0, 0, 0], [0, 0, 0, 0, 0, 0], [1, 0, 1, 0, 0, 0], [0, 0, 0, 0, 0, 0]]",6.35,0.005199925764379569,2.6869465412771368e-05,0.07214610210989035,"[[nan, nan, nan, nan, nan, nan], [nan, nan, 0.005199925764379569, nan, nan, nan], [nan, nan, nan, nan, nan, nan], [nan, nan, nan, nan, nan, nan], [nan, nan, nan, nan, nan, nan]]","[[nan, nan, nan, nan, nan, nan], [nan, nan, 2.6869465412771368e-05, nan, nan, nan], [nan, nan, nan, nan, nan, nan], [nan, nan, nan, nan, nan, nan], [nan, nan, nan, nan, nan, nan]]",6,0.1818181818181818,1,0.16666666666666666,0.2,5,-2988.2304692291195,-1976.853163133671,-1976.853163133671,,-2988.2304692291195,,
gmmhmm,S5SphereInspect,127,9,"['surf_dist', 'normal_err', 'speed', 'ang_speed', 'start_dist', 'goal_dist']","[0.07448508906860322, 0.2735019597134474, 0.005167278655559288, 0.06608722993185281, 0.2420060651636752, 0.17611082692742402]","[[0.02045219957117411, 0.10158489238903948, 0.007639086684378288, 0.04112343753885147, 0.16447107839562072, 0.2889733595429724], [7.303461190683036e-07, 0.10158489238903948, 0.007639086684378288, 0.04112343753885147, 0.16447107839562072, 0.2889733595429724], [5.393115999167974e-07, 0.020845179166731898, 0.008495948309944787, 0.04112343753885147, 0.16447107839562072, 0.2889733595429724], [0.03299398084955968, 0.10158489238903948, 0.008296470497926547, 0.04112343753885147, 0.16447107839562072, 0.2889733595429724], [0.02045219957117411, 0.10158489238903948, 0.007639086684378288, 0.04112343753885147, 0.16447107839562072, 0.2889733595429724]]","[['', '', '', '', '', ''], ['lower_bound', '', '', '', '', ''], ['lower_bound', 'lower_bound', 'upper_bound', '', '', ''], ['target_value', '', 'upper_bound', '', '', ''], ['', '', '', '', '', '']]","[[nan, nan, nan, nan, nan, nan], [7.303461190683036e-07, nan, nan, nan, nan, nan], [5.393115999167974e-07, 0.020845179166731898, 0.008495948309944787, nan, nan, nan], [0.03299398084955968, nan, 0.008296470497926547, nan, nan, nan], [nan, nan, nan, nan, nan, nan]]",[],,"[[0, 0, 0, 0, 0, 0], [1, 0, 0, 0, 0, 0], [1, 1, 1, 0, 0, 0], [1, 0, 1, 0, 0, 0], [0, 0, 0, 0, 0, 0]]","[['', '', '', '', '', ''], ['target_value', 'upper_bound', 'upper_bound', '', '', ''], ['', '', '', '', '', ''], ['target_value', '', 'upper_bound', '', '', ''], ['', '', '', '', '', '']]","[[nan, nan, nan, nan, nan, nan], [0.0, 0.04, 0.00846, nan, nan, nan], [nan, nan, nan, nan, nan, nan], [0.0324, nan, 0.00846, nan, nan, nan], [nan, nan, nan, nan, nan, nan]]","[[0, 0, 0, 0, 0, 0], [1, 1, 1, 0, 0, 0], [0, 0, 0, 0, 0, 0], [1, 0, 1, 0, 0, 0], [0, 0, 0, 0, 0, 0]]",9.375,0.01981080808132679,0.00037875517581656675,0.07202725699565377,"[[nan, nan, nan, nan, nan, nan], [nan, nan, nan, nan, nan, nan], [nan, nan, nan, nan, nan, nan], [0.007974493378300246, nan, 0.03164712278435334, nan, nan, nan], [nan, nan, nan, nan, nan, nan]]","[[nan, nan, nan, nan, nan, nan], [nan, nan, nan, nan, nan, nan], [nan, nan, nan, nan, nan, nan], [0.0005939808495596804, nan, 0.00016352950207345306, nan, nan, nan], [nan, nan, nan, nan, nan, nan]]",6,0.3636363636363636,2,0.3333333333333333,0.4,5,-3403.3505685698974,-2363.067797515504,-2363.067797515504,,-3403.3505685698974,,
map,S5SphereInspect,127,0,"['surf_dist', 'normal_err', 'speed', 'ang_speed', 'start_dist', 'goal_dist']","[0.07448508906860322, 0.2735019597134474, 0.005167278655559288, 0.06608722993185281, 0.2420060651636752, 0.17611082692742402]","[[nan, nan, nan, nan, nan, nan], [3.1531314310304787e-05, 0.03961681388730461, 0.008523646028406346, nan, nan, nan], [nan, nan, nan, nan, nan, nan], [0.0329405991876877, nan, 0.008295931771692905, nan, nan, nan], [nan, nan, nan, nan, nan, nan]]","[['', '', '', '', '', ''], ['target_value', 'upper_bound', 'upper_bound', '', '', ''], ['', '', '', '', '', ''], ['target_value', '', 'upper_bound', '', '', ''], ['', '', '', '', '', '']]","[[nan, nan, nan, nan, nan, nan], [3.1531314310304787e-05, 0.03961681388730461, 0.008523646028406346, nan, nan, nan], [nan, nan, nan, nan, nan, nan], [0.0329405991876877, nan, 0.008295931771692905, nan, nan, nan], [nan, nan, nan, nan, nan, nan]]",[],map_shared_eta,"[[0, 0, 0, 0, 0, 0], [1, 1, 1, 0, 0, 0], [0, 0, 0, 0, 0, 0], [1, 0, 1, 0, 0, 0], [0, 0, 0, 0, 0, 0]]","[['', '', '', '', '', ''], ['target_value', 'upper_bound', 'upper_bound', '', '', ''], ['', '', '', '', '', ''], ['target_value', '', 'upper_bound', '', '', ''], ['', '', '', '', '', '']]","[[nan, nan, nan, nan, nan, nan], [0.0, 0.04, 0.00846, nan, nan, nan], [nan, nan, nan, nan, nan, nan], [0.0324, nan, 0.00846, nan, nan, nan], [nan, nan, nan, nan, nan, nan]]","[[0, 0, 0, 0, 0, 0], [1, 1, 1, 0, 0, 0], [0, 0, 0, 0, 0, 0], [1, 0, 1, 0, 0, 0], [0, 0, 0, 0, 0, 0]]",0.525,0.010630136940166856,0.00023660617428136708,0.06422080389188091,"[[nan, nan, nan, nan, nan, nan], [0.0004233238451425279, 0.001401036077024307, 0.012317127186061674, nan, nan, nan], [nan, nan, nan, nan, nan, nan], [0.007257817563858879, nan, 0.031751380028746896, nan, nan, nan], [nan, nan, nan, nan, nan, nan]]","[[nan, nan, nan, nan, nan, nan], [3.1531314310304787e-05, 0.0003831861126953884, 6.364602840634552e-05, nan, nan, nan], [nan, nan, nan, nan, nan, nan], [0.0005405991876877014, nan, 0.0001640682283070953, nan, nan, nan], [nan, nan, nan, nan, nan, nan]]",5,1.0,5,1.0,1.0,5,686.0765081146601,,,,,,686.0765081146601
map,S5SphereInspect,127,1,"['surf_dist', 'normal_err', 'speed', 'ang_speed', 'start_dist', 'goal_dist']","[0.07448508906860322, 0.2735019597134474, 0.005167278655559288, 0.06608722993185281, 0.2420060651636752, 0.17611082692742402]","[[nan, nan, nan, nan, nan, nan], [3.1531314310304787e-05, 0.03961681388730461, 0.008523646028406346, nan, nan, nan], [nan, nan, nan, nan, nan, nan], [0.0329405991876877, nan, 0.008295931771692905, nan, nan, nan], [nan, nan, nan, nan, nan, nan]]","[['', '', '', '', '', ''], ['target_value', 'upper_bound', 'upper_bound', '', '', ''], ['', '', '', '', '', ''], ['target_value', '', 'upper_bound', '', '', ''], ['', '', '', '', '', '']]","[[nan, nan, nan, nan, nan, nan], [3.1531314310304787e-05, 0.03961681388730461, 0.008523646028406346, nan, nan, nan], [nan, nan, nan, nan, nan, nan], [0.0329405991876877, nan, 0.008295931771692905, nan, nan, nan], [nan, nan, nan, nan, nan, nan]]",[],map_shared_eta,"[[0, 0, 0, 0, 0, 0], [1, 1, 1, 0, 0, 0], [0, 0, 0, 0, 0, 0], [1, 0, 1, 0, 0, 0], [0, 0, 0, 0, 0, 0]]","[['', '', '', '', '', ''], ['target_value', 'upper_bound', 'upper_bound', '', '', ''], ['', '', '', '', '', ''], ['target_value', '', 'upper_bound', '', '', ''], ['', '', '', '', '', '']]","[[nan, nan, nan, nan, nan, nan], [0.0, 0.04, 0.00846, nan, nan, nan], [nan, nan, nan, nan, nan, nan], [0.0324, nan, 0.00846, nan, nan, nan], [nan, nan, nan, nan, nan, nan]]","[[0, 0, 0, 0, 0, 0], [1, 1, 1, 0, 0, 0], [0, 0, 0, 0, 0, 0], [1, 0, 1, 0, 0, 0], [0, 0, 0, 0, 0, 0]]",0.525,0.010630136940166856,0.00023660617428136708,0.06422080389188091,"[[nan, nan, nan, nan, nan, nan], [0.0004233238451425279, 0.001401036077024307, 0.012317127186061674, nan, nan, nan], [nan, nan, nan, nan, nan, nan], [0.007257817563858879, nan, 0.031751380028746896, nan, nan, nan], [nan, nan, nan, nan, nan, nan]]","[[nan, nan, nan, nan, nan, nan], [3.1531314310304787e-05, 0.0003831861126953884, 6.364602840634552e-05, nan, nan, nan], [nan, nan, nan, nan, nan, nan], [0.0005405991876877014, nan, 0.0001640682283070953, nan, nan, nan], [nan, nan, nan, nan, nan, nan]]",5,1.0,5,1.0,1.0,5,686.0765081146601,,,,,,686.0765081146601
map,S5SphereInspect,127,2,"['surf_dist', 'normal_err', 'speed', 'ang_speed', 'start_dist', 'goal_dist']","[0.07448508906860322, 0.2735019597134474, 0.005167278655559288, 0.06608722993185281, 0.2420060651636752, 0.17611082692742402]","[[nan, nan, nan, nan, nan, nan], [3.1531314310304787e-05, 0.03961681388730461, 0.008523646028406346, nan, nan, nan], [nan, nan, nan, nan, nan, nan], [0.0329405991876877, nan, 0.008295931771692905, nan, nan, nan], [nan, nan, nan, nan, nan, nan]]","[['', '', '', '', '', ''], ['target_value', 'upper_bound', 'upper_bound', '', '', ''], ['', '', '', '', '', ''], ['target_value', '', 'upper_bound', '', '', ''], ['', '', '', '', '', '']]","[[nan, nan, nan, nan, nan, nan], [3.1531314310304787e-05, 0.03961681388730461, 0.008523646028406346, nan, nan, nan], [nan, nan, nan, nan, nan, nan], [0.0329405991876877, nan, 0.008295931771692905, nan, nan, nan], [nan, nan, nan, nan, nan, nan]]",[],map_shared_eta,"[[0, 0, 0, 0, 0, 0], [1, 1, 1, 0, 0, 0], [0, 0, 0, 0, 0, 0], [1, 0, 1, 0, 0, 0], [0, 0, 0, 0, 0, 0]]","[['', '', '', '', '', ''], ['target_value', 'upper_bound', 'upper_bound', '', '', ''], ['', '', '', '', '', ''], ['target_value', '', 'upper_bound', '', '', ''], ['', '', '', '', '', '']]","[[nan, nan, nan, nan, nan, nan], [0.0, 0.04, 0.00846, nan, nan, nan], [nan, nan, nan, nan, nan, nan], [0.0324, nan, 0.00846, nan, nan, nan], [nan, nan, nan, nan, nan, nan]]","[[0, 0, 0, 0, 0, 0], [1, 1, 1, 0, 0, 0], [0, 0, 0, 0, 0, 0], [1, 0, 1, 0, 0, 0], [0, 0, 0, 0, 0, 0]]",0.525,0.010630136940166856,0.00023660617428136708,0.06422080389188091,"[[nan, nan, nan, nan, nan, nan], [0.0004233238451425279, 0.001401036077024307, 0.012317127186061674, nan, nan, nan], [nan, nan, nan, nan, nan, nan], [0.007257817563858879, nan, 0.031751380028746896, nan, nan, nan], [nan, nan, nan, nan, nan, nan]]","[[nan, nan, nan, nan, nan, nan], [3.1531314310304787e-05, 0.0003831861126953884, 6.364602840634552e-05, nan, nan, nan], [nan, nan, nan, nan, nan, nan], [0.0005405991876877014, nan, 0.0001640682283070953, nan, nan, nan], [nan, nan, nan, nan, nan, nan]]",5,1.0,5,1.0,1.0,5,686.0765081146601,,,,,,686.0765081146601
map,S5SphereInspect,127,3,"['surf_dist', 'normal_err', 'speed', 'ang_speed', 'start_dist', 'goal_dist']","[0.07448508906860322, 0.2735019597134474, 0.005167278655559288, 0.06608722993185281, 0.2420060651636752, 0.17611082692742402]","[[nan, nan, nan, nan, nan, nan], [3.1531314310304787e-05, 0.03961681388730461, 0.008523646028406346, nan, nan, nan], [nan, nan, nan, nan, nan, nan], [0.0329405991876877, nan, 0.008295931771692905, nan, nan, nan], [nan, nan, nan, nan, nan, nan]]","[['', '', '', '', '', ''], ['target_value', 'upper_bound', 'upper_bound', '', '', ''], ['', '', '', '', '', ''], ['target_value', '', 'upper_bound', '', '', ''], ['', '', '', '', '', '']]","[[nan, nan, nan, nan, nan, nan], [3.1531314310304787e-05, 0.03961681388730461, 0.008523646028406346, nan, nan, nan], [nan, nan, nan, nan, nan, nan], [0.0329405991876877, nan, 0.008295931771692905, nan, nan, nan], [nan, nan, nan, nan, nan, nan]]",[],map_shared_eta,"[[0, 0, 0, 0, 0, 0], [1, 1, 1, 0, 0, 0], [0, 0, 0, 0, 0, 0], [1, 0, 1, 0, 0, 0], [0, 0, 0, 0, 0, 0]]","[['', '', '', '', '', ''], ['target_value', 'upper_bound', 'upper_bound', '', '', ''], ['', '', '', '', '', ''], ['target_value', '', 'upper_bound', '', '', ''], ['', '', '', '', '', '']]","[[nan, nan, nan, nan, nan, nan], [0.0, 0.04, 0.00846, nan, nan, nan], [nan, nan, nan, nan, nan, nan], [0.0324, nan, 0.00846, nan, nan, nan], [nan, nan, nan, nan, nan, nan]]","[[0, 0, 0, 0, 0, 0], [1, 1, 1, 0, 0, 0], [0, 0, 0, 0, 0, 0], [1, 0, 1, 0, 0, 0], [0, 0, 0, 0, 0, 0]]",0.525,0.010630136940166856,0.00023660617428136708,0.06422080389188091,"[[nan, nan, nan, nan, nan, nan], [0.0004233238451425279, 0.001401036077024307, 0.012317127186061674, nan, nan, nan], [nan, nan, nan, nan, nan, nan], [0.007257817563858879, nan, 0.031751380028746896, nan, nan, nan], [nan, nan, nan, nan, nan, nan]]","[[nan, nan, nan, nan, nan, nan], [3.1531314310304787e-05, 0.0003831861126953884, 6.364602840634552e-05, nan, nan, nan], [nan, nan, nan, nan, nan, nan], [0.0005405991876877014, nan, 0.0001640682283070953, nan, nan, nan], [nan, nan, nan, nan, nan, nan]]",5,1.0,5,1.0,1.0,5,686.0765081146601,,,,,,686.0765081146601
map,S5SphereInspect,127,4,"['surf_dist', 'normal_err', 'speed', 'ang_speed', 'start_dist', 'goal_dist']","[0.07448508906860322, 0.2735019597134474, 0.005167278655559288, 0.06608722993185281, 0.2420060651636752, 0.17611082692742402]","[[nan, nan, nan, nan, nan, nan], [3.1531314310304787e-05, 0.03961681388730461, 0.008523646028406346, nan, nan, nan], [nan, nan, nan, nan, nan, nan], [0.0329405991876877, nan, 0.008295931771692905, nan, nan, nan], [nan, nan, nan, nan, nan, nan]]","[['', '', '', '', '', ''], ['target_value', 'upper_bound', 'upper_bound', '', '', ''], ['', '', '', '', '', ''], ['target_value', '', 'upper_bound', '', '', ''], ['', '', '', '', '', '']]","[[nan, nan, nan, nan, nan, nan], [3.1531314310304787e-05, 0.03961681388730461, 0.008523646028406346, nan, nan, nan], [nan, nan, nan, nan, nan, nan], [0.0329405991876877, nan, 0.008295931771692905, nan, nan, nan], [nan, nan, nan, nan, nan, nan]]",[],map_shared_eta,"[[0, 0, 0, 0, 0, 0], [1, 1, 1, 0, 0, 0], [0, 0, 0, 0, 0, 0], [1, 0, 1, 0, 0, 0], [0, 0, 0, 0, 0, 0]]","[['', '', '', '', '', ''], ['target_value', 'upper_bound', 'upper_bound', '', '', ''], ['', '', '', '', '', ''], ['target_value', '', 'upper_bound', '', '', ''], ['', '', '', '', '', '']]","[[nan, nan, nan, nan, nan, nan], [0.0, 0.04, 0.00846, nan, nan, nan], [nan, nan, nan, nan, nan, nan], [0.0324, nan, 0.00846, nan, nan, nan], [nan, nan, nan, nan, nan, nan]]","[[0, 0, 0, 0, 0, 0], [1, 1, 1, 0, 0, 0], [0, 0, 0, 0, 0, 0], [1, 0, 1, 0, 0, 0], [0, 0, 0, 0, 0, 0]]",0.525,0.010630136940166856,0.00023660617428136708,0.06422080389188091,"[[nan, nan, nan, nan, nan, nan], [0.0004233238451425279, 0.001401036077024307, 0.012317127186061674, nan, nan, nan], [nan, nan, nan, nan, nan, nan], [0.007257817563858879, nan, 0.031751380028746896, nan, nan, nan], [nan, nan, nan, nan, nan, nan]]","[[nan, nan, nan, nan, nan, nan], [3.1531314310304787e-05, 0.0003831861126953884, 6.364602840634552e-05, nan, nan, nan], [nan, nan, nan, nan, nan, nan], [0.0005405991876877014, nan, 0.0001640682283070953, nan, nan, nan], [nan, nan, nan, nan, nan, nan]]",5,1.0,5,1.0,1.0,5,686.0765081146601,,,,,,686.0765081146601
map,S5SphereInspect,127,5,"['surf_dist', 'normal_err', 'speed', 'ang_speed', 'start_dist', 'goal_dist']","[0.07448508906860322, 0.2735019597134474, 0.005167278655559288, 0.06608722993185281, 0.2420060651636752, 0.17611082692742402]","[[nan, nan, nan, nan, nan, nan], [3.1531314310304787e-05, 0.03961681388730461, 0.008523646028406346, nan, nan, nan], [nan, nan, nan, nan, nan, nan], [0.0329405991876877, nan, 0.008295931771692905, nan, nan, nan], [nan, nan, nan, nan, nan, nan]]","[['', '', '', '', '', ''], ['target_value', 'upper_bound', 'upper_bound', '', '', ''], ['', '', '', '', '', ''], ['target_value', '', 'upper_bound', '', '', ''], ['', '', '', '', '', '']]","[[nan, nan, nan, nan, nan, nan], [3.1531314310304787e-05, 0.03961681388730461, 0.008523646028406346, nan, nan, nan], [nan, nan, nan, nan, nan, nan], [0.0329405991876877, nan, 0.008295931771692905, nan, nan, nan], [nan, nan, nan, nan, nan, nan]]",[],map_shared_eta,"[[0, 0, 0, 0, 0, 0], [1, 1, 1, 0, 0, 0], [0, 0, 0, 0, 0, 0], [1, 0, 1, 0, 0, 0], [0, 0, 0, 0, 0, 0]]","[['', '', '', '', '', ''], ['target_value', 'upper_bound', 'upper_bound', '', '', ''], ['', '', '', '', '', ''], ['target_value', '', 'upper_bound', '', '', ''], ['', '', '', '', '', '']]","[[nan, nan, nan, nan, nan, nan], [0.0, 0.04, 0.00846, nan, nan, nan], [nan, nan, nan, nan, nan, nan], [0.0324, nan, 0.00846, nan, nan, nan], [nan, nan, nan, nan, nan, nan]]","[[0, 0, 0, 0, 0, 0], [1, 1, 1, 0, 0, 0], [0, 0, 0, 0, 0, 0], [1, 0, 1, 0, 0, 0], [0, 0, 0, 0, 0, 0]]",0.525,0.010630136940166856,0.00023660617428136708,0.06422080389188091,"[[nan, nan, nan, nan, nan, nan], [0.0004233238451425279, 0.001401036077024307, 0.012317127186061674, nan, nan, nan], [nan, nan, nan, nan, nan, nan], [0.007257817563858879, nan, 0.031751380028746896, nan, nan, nan], [nan, nan, nan, nan, nan, nan]]","[[nan, nan, nan, nan, nan, nan], [3.1531314310304787e-05, 0.0003831861126953884, 6.364602840634552e-05, nan, nan, nan], [nan, nan, nan, nan, nan, nan], [0.0005405991876877014, nan, 0.0001640682283070953, nan, nan, nan], [nan, nan, nan, nan, nan, nan]]",5,1.0,5,1.0,1.0,5,686.0765081146601,,,,,,686.0765081146601
map,S5SphereInspect,127,6,"['surf_dist', 'normal_err', 'speed', 'ang_speed', 'start_dist', 'goal_dist']","[0.07448508906860322, 0.2735019597134474, 0.005167278655559288, 0.06608722993185281, 0.2420060651636752, 0.17611082692742402]","[[nan, nan, nan, nan, nan, nan], [3.1531314310304787e-05, 0.03961681388730461, 0.008523646028406346, nan, nan, nan], [nan, nan, nan, nan, nan, nan], [0.0329405991876877, nan, 0.008295931771692905, nan, nan, nan], [nan, nan, nan, nan, nan, nan]]","[['', '', '', '', '', ''], ['target_value', 'upper_bound', 'upper_bound', '', '', ''], ['', '', '', '', '', ''], ['target_value', '', 'upper_bound', '', '', ''], ['', '', '', '', '', '']]","[[nan, nan, nan, nan, nan, nan], [3.1531314310304787e-05, 0.03961681388730461, 0.008523646028406346, nan, nan, nan], [nan, nan, nan, nan, nan, nan], [0.0329405991876877, nan, 0.008295931771692905, nan, nan, nan], [nan, nan, nan, nan, nan, nan]]",[],map_shared_eta,"[[0, 0, 0, 0, 0, 0], [1, 1, 1, 0, 0, 0], [0, 0, 0, 0, 0, 0], [1, 0, 1, 0, 0, 0], [0, 0, 0, 0, 0, 0]]","[['', '', '', '', '', ''], ['target_value', 'upper_bound', 'upper_bound', '', '', ''], ['', '', '', '', '', ''], ['target_value', '', 'upper_bound', '', '', ''], ['', '', '', '', '', '']]","[[nan, nan, nan, nan, nan, nan], [0.0, 0.04, 0.00846, nan, nan, nan], [nan, nan, nan, nan, nan, nan], [0.0324, nan, 0.00846, nan, nan, nan], [nan, nan, nan, nan, nan, nan]]","[[0, 0, 0, 0, 0, 0], [1, 1, 1, 0, 0, 0], [0, 0, 0, 0, 0, 0], [1, 0, 1, 0, 0, 0], [0, 0, 0, 0, 0, 0]]",0.525,0.010630136940166856,0.00023660617428136708,0.06422080389188091,"[[nan, nan, nan, nan, nan, nan], [0.0004233238451425279, 0.001401036077024307, 0.012317127186061674, nan, nan, nan], [nan, nan, nan, nan, nan, nan], [0.007257817563858879, nan, 0.031751380028746896, nan, nan, nan], [nan, nan, nan, nan, nan, nan]]","[[nan, nan, nan, nan, nan, nan], [3.1531314310304787e-05, 0.0003831861126953884, 6.364602840634552e-05, nan, nan, nan], [nan, nan, nan, nan, nan, nan], [0.0005405991876877014, nan, 0.0001640682283070953, nan, nan, nan], [nan, nan, nan, nan, nan, nan]]",5,1.0,5,1.0,1.0,5,686.0765081146601,,,,,,686.0765081146601
map,S5SphereInspect,127,7,"['surf_dist', 'normal_err', 'speed', 'ang_speed', 'start_dist', 'goal_dist']","[0.07448508906860322, 0.2735019597134474, 0.005167278655559288, 0.06608722993185281, 0.2420060651636752, 0.17611082692742402]","[[nan, nan, nan, nan, nan, nan], [3.1531314310304787e-05, 0.03961681388730461, 0.008523646028406346, nan, nan, nan], [nan, nan, nan, nan, nan, nan], [0.0329405991876877, nan, 0.008295931771692905, nan, nan, nan], [nan, nan, nan, nan, nan, nan]]","[['', '', '', '', '', ''], ['target_value', 'upper_bound', 'upper_bound', '', '', ''], ['', '', '', '', '', ''], ['target_value', '', 'upper_bound', '', '', ''], ['', '', '', '', '', '']]","[[nan, nan, nan, nan, nan, nan], [3.1531314310304787e-05, 0.03961681388730461, 0.008523646028406346, nan, nan, nan], [nan, nan, nan, nan, nan, nan], [0.0329405991876877, nan, 0.008295931771692905, nan, nan, nan], [nan, nan, nan, nan, nan, nan]]",[],map_shared_eta,"[[0, 0, 0, 0, 0, 0], [1, 1, 1, 0, 0, 0], [0, 0, 0, 0, 0, 0], [1, 0, 1, 0, 0, 0], [0, 0, 0, 0, 0, 0]]","[['', '', '', '', '', ''], ['target_value', 'upper_bound', 'upper_bound', '', '', ''], ['', '', '', '', '', ''], ['target_value', '', 'upper_bound', '', '', ''], ['', '', '', '', '', '']]","[[nan, nan, nan, nan, nan, nan], [0.0, 0.04, 0.00846, nan, nan, nan], [nan, nan, nan, nan, nan, nan], [0.0324, nan, 0.00846, nan, nan, nan], [nan, nan, nan, nan, nan, nan]]","[[0, 0, 0, 0, 0, 0], [1, 1, 1, 0, 0, 0], [0, 0, 0, 0, 0, 0], [1, 0, 1, 0, 0, 0], [0, 0, 0, 0, 0, 0]]",0.525,0.010630136940166856,0.00023660617428136708,0.06422080389188091,"[[nan, nan, nan, nan, nan, nan], [0.0004233238451425279, 0.001401036077024307, 0.012317127186061674, nan, nan, nan], [nan, nan, nan, nan, nan, nan], [0.007257817563858879, nan, 0.031751380028746896, nan, nan, nan], [nan, nan, nan, nan, nan, nan]]","[[nan, nan, nan, nan, nan, nan], [3.1531314310304787e-05, 0.0003831861126953884, 6.364602840634552e-05, nan, nan, nan], [nan, nan, nan, nan, nan, nan], [0.0005405991876877014, nan, 0.0001640682283070953, nan, nan, nan], [nan, nan, nan, nan, nan, nan]]",5,1.0,5,1.0,1.0,5,686.0765081146601,,,,,,686.0765081146601
map,S5SphereInspect,127,8,"['surf_dist', 'normal_err', 'speed', 'ang_speed', 'start_dist', 'goal_dist']","[0.07448508906860322, 0.2735019597134474, 0.005167278655559288, 0.06608722993185281, 0.2420060651636752, 0.17611082692742402]","[[nan, nan, nan, nan, nan, nan], [3.1531314310304787e-05, 0.03961681388730461, 0.008523646028406346, nan, nan, nan], [nan, nan, nan, nan, nan, nan], [0.0329405991876877, nan, 0.008295931771692905, nan, nan, nan], [nan, nan, nan, nan, nan, nan]]","[['', '', '', '', '', ''], ['target_value', 'upper_bound', 'upper_bound', '', '', ''], ['', '', '', '', '', ''], ['target_value', '', 'upper_bound', '', '', ''], ['', '', '', '', '', '']]","[[nan, nan, nan, nan, nan, nan], [3.1531314310304787e-05, 0.03961681388730461, 0.008523646028406346, nan, nan, nan], [nan, nan, nan, nan, nan, nan], [0.0329405991876877, nan, 0.008295931771692905, nan, nan, nan], [nan, nan, nan, nan, nan, nan]]",[],map_shared_eta,"[[0, 0, 0, 0, 0, 0], [1, 1, 1, 0, 0, 0], [0, 0, 0, 0, 0, 0], [1, 0, 1, 0, 0, 0], [0, 0, 0, 0, 0, 0]]","[['', '', '', '', '', ''], ['target_value', 'upper_bound', 'upper_bound', '', '', ''], ['', '', '', '', '', ''], ['target_value', '', 'upper_bound', '', '', ''], ['', '', '', '', '', '']]","[[nan, nan, nan, nan, nan, nan], [0.0, 0.04, 0.00846, nan, nan, nan], [nan, nan, nan, nan, nan, nan], [0.0324, nan, 0.00846, nan, nan, nan], [nan, nan, nan, nan, nan, nan]]","[[0, 0, 0, 0, 0, 0], [1, 1, 1, 0, 0, 0], [0, 0, 0, 0, 0, 0], [1, 0, 1, 0, 0, 0], [0, 0, 0, 0, 0, 0]]",0.525,0.010630136940166856,0.00023660617428136708,0.06422080389188091,"[[nan, nan, nan, nan, nan, nan], [0.0004233238451425279, 0.001401036077024307, 0.012317127186061674, nan, nan, nan], [nan, nan, nan, nan, nan, nan], [0.007257817563858879, nan, 0.031751380028746896, nan, nan, nan], [nan, nan, nan, nan, nan, nan]]","[[nan, nan, nan, nan, nan, nan], [3.1531314310304787e-05, 0.0003831861126953884, 6.364602840634552e-05, nan, nan, nan], [nan, nan, nan, nan, nan, nan], [0.0005405991876877014, nan, 0.0001640682283070953, nan, nan, nan], [nan, nan, nan, nan, nan, nan]]",5,1.0,5,1.0,1.0,5,686.0765081146601,,,,,,686.0765081146601
map,S5SphereInspect,127,9,"['surf_dist', 'normal_err', 'speed', 'ang_speed', 'start_dist', 'goal_dist']","[0.07448508906860322, 0.2735019597134474, 0.005167278655559288, 0.06608722993185281, 0.2420060651636752, 0.17611082692742402]","[[nan, nan, nan, nan, nan, nan], [3.1531314310304787e-05, 0.03961681388730461, 0.008523646028406346, nan, nan, nan], [nan, nan, nan, nan, nan, nan], [0.0329405991876877, nan, 0.008295931771692905, nan, nan, nan], [nan, nan, nan, nan, nan, nan]]","[['', '', '', '', '', ''], ['target_value', 'upper_bound', 'upper_bound', '', '', ''], ['', '', '', '', '', ''], ['target_value', '', 'upper_bound', '', '', ''], ['', '', '', '', '', '']]","[[nan, nan, nan, nan, nan, nan], [3.1531314310304787e-05, 0.03961681388730461, 0.008523646028406346, nan, nan, nan], [nan, nan, nan, nan, nan, nan], [0.0329405991876877, nan, 0.008295931771692905, nan, nan, nan], [nan, nan, nan, nan, nan, nan]]",[],map_shared_eta,"[[0, 0, 0, 0, 0, 0], [1, 1, 1, 0, 0, 0], [0, 0, 0, 0, 0, 0], [1, 0, 1, 0, 0, 0], [0, 0, 0, 0, 0, 0]]","[['', '', '', '', '', ''], ['target_value', 'upper_bound', 'upper_bound', '', '', ''], ['', '', '', '', '', ''], ['target_value', '', 'upper_bound', '', '', ''], ['', '', '', '', '', '']]","[[nan, nan, nan, nan, nan, nan], [0.0, 0.04, 0.00846, nan, nan, nan], [nan, nan, nan, nan, nan, nan], [0.0324, nan, 0.00846, nan, nan, nan], [nan, nan, nan, nan, nan, nan]]","[[0, 0, 0, 0, 0, 0], [1, 1, 1, 0, 0, 0], [0, 0, 0, 0, 0, 0], [1, 0, 1, 0, 0, 0], [0, 0, 0, 0, 0, 0]]",0.525,0.010630136940166856,0.00023660617428136708,0.06422080389188091,"[[nan, nan, nan, nan, nan, nan], [0.0004233238451425279, 0.001401036077024307, 0.012317127186061674, nan, nan, nan], [nan, nan, nan, nan, nan, nan], [0.007257817563858879, nan, 0.031751380028746896, nan, nan, nan], [nan, nan, nan, nan, nan, nan]]","[[nan, nan, nan, nan, nan, nan], [3.1531314310304787e-05, 0.0003831861126953884, 6.364602840634552e-05, nan, nan, nan], [nan, nan, nan, nan, nan, nan], [0.0005405991876877014, nan, 0.0001640682283070953, nan, nan, nan], [nan, nan, nan, nan, nan, nan]]",5,1.0,5,1.0,1.0,5,686.0765081146601,,,,,,686.0765081146601
map_pooled,S5SphereInspect,127,0,"['surf_dist', 'normal_err', 'speed', 'ang_speed', 'start_dist', 'goal_dist']","[0.07448508906860322, 0.2735019597134474, 0.005167278655559288, 0.06608722993185281, 0.2420060651636752, 0.17611082692742402]","[[nan, nan, nan, nan, nan, nan], [3.1531314310304787e-05, 0.03961681388730461, 0.008523646028406346, nan, nan, nan], [nan, nan, nan, nan, nan, nan], [0.0329405991876877, nan, 0.008295931771692905, nan, nan, nan], [nan, nan, nan, nan, nan, nan]]","[['', '', '', '', '', ''], ['target_value', 'upper_bound', 'upper_bound', '', '', ''], ['', '', '', '', '', ''], ['target_value', '', 'upper_bound', '', '', ''], ['', '', '', '', '', '']]","[[nan, nan, nan, nan, nan, nan], [3.1531314310304787e-05, 0.03961681388730461, 0.008523646028406346, nan, nan, nan], [nan, nan, nan, nan, nan, nan], [0.0329405991876877, nan, 0.008295931771692905, nan, nan, nan], [nan, nan, nan, nan, nan, nan]]",[],map_shared_eta,"[[0, 0, 0, 0, 0, 0], [1, 1, 1, 0, 0, 0], [0, 0, 0, 0, 0, 0], [1, 0, 1, 0, 0, 0], [0, 0, 0, 0, 0, 0]]","[['', '', '', '', '', ''], ['target_value', 'upper_bound', 'upper_bound', '', '', ''], ['', '', '', '', '', ''], ['target_value', '', 'upper_bound', '', '', ''], ['', '', '', '', '', '']]","[[nan, nan, nan, nan, nan, nan], [0.0, 0.04, 0.00846, nan, nan, nan], [nan, nan, nan, nan, nan, nan], [0.0324, nan, 0.00846, nan, nan, nan], [nan, nan, nan, nan, nan, nan]]","[[0, 0, 0, 0, 0, 0], [1, 1, 1, 0, 0, 0], [0, 0, 0, 0, 0, 0], [1, 0, 1, 0, 0, 0], [0, 0, 0, 0, 0, 0]]",0.525,0.010630136940166856,0.00023660617428136708,0.06422080389188091,"[[nan, nan, nan, nan, nan, nan], [0.0004233238451425279, 0.001401036077024307, 0.012317127186061674, nan, nan, nan], [nan, nan, nan, nan, nan, nan], [0.007257817563858879, nan, 0.031751380028746896, nan, nan, nan], [nan, nan, nan, nan, nan, nan]]","[[nan, nan, nan, nan, nan, nan], [3.1531314310304787e-05, 0.0003831861126953884, 6.364602840634552e-05, nan, nan, nan], [nan, nan, nan, nan, nan, nan], [0.0005405991876877014, nan, 0.0001640682283070953, nan, nan, nan], [nan, nan, nan, nan, nan, nan]]",5,1.0,5,1.0,1.0,5,686.0765081146601,,,,,,686.0765081146601
