{
  "scalar_metrics": {
    "MeanAbsCutpointError": 30.95,
    "MeanStageSubgoalError": 0.19585568962844807,
    "MeanConstraintError": 0.013806991166066547,
    "MeanConstraintErrorRaw": 0.005295425068273936
  },
  "all_metrics": {
    "MeanAbsCutpointError": 30.95,
    "MeanStageSubgoalError": 0.19585568962844807,
    "MeanConstraintError": 0.013806991166066547,
    "MeanConstraintErrorRaw": 0.005295425068273936,
    "ConstraintErrorMatrix": [
      [
        0.008584310684902228,
        NaN,
        NaN,
        NaN,
        NaN,
        NaN
      ],
      [
        NaN,
        0.041782159845559025,
        NaN,
        NaN,
        NaN,
        NaN
      ],
      [
        NaN,
        0.004443607783417887,
        0.0004178863503870425,
        NaN,
        NaN,
        NaN
      ]
    ],
    "ConstraintErrorMatrixRaw": [
      [
        0.008674833391005166,
        NaN,
        NaN,
        NaN,
        NaN,
        NaN
      ],
      [
        NaN,
        0.010745075017193857,
        NaN,
        NaN,
        NaN,
        NaN
      ],
      [
        NaN,
        0.001142758037313063,
        0.0006190338275836593,
        NaN,
        NaN,
        NaN
      ]
    ],
    "ConstraintTrueActiveMask": [
      [
        1,
        0,
        0,
        0,
        0,
        0
      ],
      [
        0,
        1,
        0,
        0,
        0,
        0
      ],
      [
        0,
        1,
        1,
        0,
        0,
        0
      ]
    ],
    "ConstraintPredictedActiveMask": [
      [
        1,
        0,
        0,
        0,
        0,
        0
      ],
      [
        0,
        1,
        0,
        0,
        0,
        0
      ],
      [
        0,
        1,
        1,
        0,
        0,
        0
      ]
    ],
    "ConstraintTargetMatrix": [
      [
        0.4,
        NaN,
        NaN,
        NaN,
        NaN,
        NaN
      ],
      [
        NaN,
        0.055,
        NaN,
        NaN,
        NaN,
        NaN
      ],
      [
        NaN,
        0.045,
        0.2,
        NaN,
        NaN,
        NaN
      ]
    ],
    "ConstraintSemanticsMatrix": [
      [
        "lower_bound",
        "",
        "",
        "",
        "",
        ""
      ],
      [
        "",
        "target_value",
        "",
        "",
        "",
        ""
      ],
      [
        "",
        "target_value",
        "target_value",
        "",
        "",
        ""
      ]
    ],
    "ConstraintFeatureNames": [
      "obs dist",
      "speed",
      "arc dist",
      "heading",
      "decoy dist",
      "noise"
    ],
    "ConstraintFeatureScales": [
      1.0105451339572489,
      0.257168970127712,
      1.4813449326840082,
      6.360162030552389,
      0.678684724801644,
      0.751738493119704
    ]
  },
  "objectives": {
    "ModelObjectiveFinal": 1180.324168636786,
    "SegmentationLogLikelihoodFinal": 1180.324168636786,
    "PosthocObjectiveFinal": -5999999863.38361,
    "PosthocFeatureObjectiveFinal": -5999999863.38361
  }
}
