{
  "ModelObjectiveFinal": 1180.324168636786,
  "SegmentationLogLikelihoodFinal": 1180.324168636786,
  "PosthocObjectiveFinal": -5999999863.38361,
  "PosthocFeatureObjectiveFinal": -5999999863.38361
}
