{
  "ModelObjectiveFinal": 549.7524753050407,
  "SegmentationObjectiveFinal": 549.7524753050407,
  "PosthocObjectiveFinal": -9166667153.582165,
  "PosthocFeatureObjectiveFinal": -9166667153.582165
}
