time_s,recording_time_s,x_m,y_m,z_m,qx,qy,qz,qw
0,178.7037871,0.657582913,0.1208559443,0.3848302526,-0.8429226896,0.5322114052,0.04185945978,0.06693388655
0.02000689507,178.723794,0.6598373057,0.1212386908,0.3830389317,-0.8421671274,0.533553067,0.0408569225,0.06638046485
0.04499983788,178.7487869,0.6627240827,0.1215288659,0.3809296023,-0.8413230076,0.5350698974,0.03941578549,0.06574342241
0.06501674652,178.7688038,0.6649914479,0.1216198045,0.3792840006,-0.840717477,0.5361873111,0.03836915664,0.06500076269
0.09000968933,178.7937968,0.6677164159,0.1214630459,0.3775659244,-0.8400426967,0.5375127912,0.03751618169,0.0632519023
0.1150083542,178.8187954,0.670284296,0.1209186083,0.3759545878,-0.8393593448,0.5389124906,0.03732963241,0.06046252004
0.1400129795,178.8438001,0.6726864839,0.1201778014,0.3745293987,-0.8386680411,0.5403333603,0.03759381206,0.05711813991
0.164986372,178.8687735,0.6748985164,0.1194313706,0.3734013768,-0.838033308,0.5416526958,0.03825938675,0.05337369328
0.1849915981,178.8887787,0.6765516166,0.1187688206,0.3727005313,-0.8375327436,0.5426812535,0.03906009492,0.0501025897
0.2049956322,178.9087827,0.6781399358,0.1179203762,0.3721128224,-0.8369710046,0.5437824012,0.03998305553,0.04670752545
0.2300114632,178.9337986,0.6799469674,0.1169424947,0.3714272482,-0.8363120824,0.5450337874,0.0413301204,0.04256868102
0.2550020218,178.9587891,0.6816069289,0.1161229508,0.3707664144,-0.8357108427,0.5461293058,0.04268996086,0.03882957559
0.2799193859,178.9837065,0.6833160537,0.1156022044,0.3703358808,-0.8351660602,0.5470766961,0.04353412249,0.03618729921
0.2999632359,179.0037503,0.6847088863,0.1154505075,0.3699905218,-0.8347935581,0.547707008,0.04382523103,0.03487259456
0.3200080395,179.0237951,0.6862091477,0.1154173483,0.3697518867,-0.8344179322,0.548326033,0.04361932822,0.03438938998
0.3400142193,179.0438013,0.6877501033,0.1154610259,0.369554145,-0.8340461029,0.5489263771,0.04306017861,0.03453623859
0.3649730682,179.0687602,0.6896561267,0.1155595324,0.3692571953,-0.8335845182,0.5496491819,0.04211342717,0.03534242631
0.3849897385,179.0887768,0.6911449414,0.1156540077,0.3691024155,-0.8332231825,0.5501982499,0.04128191064,0.03628798421
0.404995203,179.1087823,0.6925143442,0.1157618466,0.3688447631,-0.8328892276,0.5506902436,0.04065985925,0.03718287274
0.4299824238,179.1337695,0.6940828139,0.1159020937,0.3685116399,-0.8325025508,0.5512391283,0.04007544003,0.03832604206
0.4500145912,179.1538017,0.6952566604,0.1159750341,0.3682498493,-0.8321962638,0.5516644055,0.0397051007,0.03923349496
0.47499156,179.1787786,0.6966450523,0.1159242236,0.3679126874,-0.8317802766,0.5522427229,0.03929765557,0.04031427409
0.4950025082,179.1987896,0.6976551525,0.1157504958,0.3675778911,-0.8314263124,0.5527378496,0.03906582376,0.04104897187
0.519998312,179.2237854,0.6988319862,0.1153420852,0.3672337184,-0.8309416254,0.553423392,0.03877158653,0.04189664001
0.5449864864,179.2487736,0.6999297321,0.1148984846,0.3669760924,-0.8304690559,0.5540955193,0.03843761348,0.04268316444
0.5699982643,179.2737854,0.7009165657,0.1144867068,0.3667157458,-0.8300378488,0.5547079678,0.03814566256,0.04337220877
0.5900025368,179.2937896,0.7016000973,0.1141919994,0.3665483096,-0.8297357469,0.5551370938,0.0379292418,0.04384940232
0.610003233,179.3137903,0.7021852807,0.1139185587,0.3663926151,-0.8294701249,0.5555161961,0.03773670994,0.04423808893
0.6350059509,179.338793,0.7027935796,0.1136249486,0.3663015756,-0.829192937,0.5559139161,0.03747891312,0.04465559598
0.6550071239,179.3587942,0.7031893556,0.1134340974,0.3663102626,-0.8290140403,0.5561710218,0.03726754383,0.04495159196
0.6750087738,179.3787959,0.7034536176,0.1133027329,0.3663385467,-0.8288937556,0.5563447764,0.03710865219,0.04515063131
0.7000203133,179.4038074,0.703580217,0.1132493081,0.3664395302,-0.8288419805,0.5564199481,0.03697811054,0.04528169599
0.7250316143,179.4288187,0.7035835313,0.1132685224,0.3664688391,-0.8288489384,0.5564097483,0.03695699749,0.04529690452
0.7500100136,179.4537971,0.7035739587,0.1132828786,0.3664557538,-0.828856632,0.5563988008,0.03697056546,0.04527952378
0.7700169086,179.473804,0.7035591048,0.1132747569,0.3664280265,-0.8288584372,0.5563983486,0.03699151253,0.04523490585
0.7949960232,179.4987831,0.703554717,0.1132649078,0.3664128877,-0.8288566532,0.5564028048,0.03699276307,0.04521175523
0.8149981499,179.5187852,0.7035493224,0.1132612928,0.3663990867,-0.8288572281,0.5564034188,0.0369982147,0.04518919131
0.8399980068,179.5437851,0.7035460337,0.1132420636,0.3663832954,-0.8288525834,0.5564131758,0.03699368951,0.04515794137
0.8649923801,179.5687795,0.7035507247,0.1132012091,0.3663675319,-0.8288392552,0.5564379671,0.03697509041,0.04511231058
0.885017395,179.5888045,0.7035602848,0.1131412532,0.3663449783,-0.8288186493,0.5564751044,0.03694451391,0.04505782558
0.9099926949,179.6137798,0.7035892093,0.1129638745,0.3662781352,-0.8287558451,0.5565889203,0.03684303034,0.0448900229
0.9300022125,179.6337893,0.7036183925,0.1127862071,0.3662123337,-0.828692814,0.5567034967,0.03673716697,0.04471931812
0.9549849033,179.658772,0.7036504059,0.1125909346,0.3661354858,-0.8286237,0.5568291331,0.03662256535,0.04452940674
0.9750211239,179.6788082,0.7036784081,0.1124193668,0.3660684752,-0.8285629402,0.5569393671,0.03652237365,0.04436340546
1.000005484,179.7037926,0.7037238176,0.1121350724,0.3659589962,-0.8284621617,0.5571218484,0.0363598282,0.044086909
1.024998903,179.728786,0.7037793094,0.1117755416,0.3658173976,-0.8283350123,0.5573518958,0.0361574352,0.04373341408
1.049972773,179.7537599,0.7038391234,0.111367901,0.3656509414,-0.8281919102,0.5576110303,0.03592771528,0.04332779704
1.075002432,179.7787895,0.703909798,0.1109187995,0.3654770699,-0.8280328017,0.5578977237,0.03566625559,0.04289204386
1.099979401,179.8037665,0.7039905845,0.1103998531,0.3652793571,-0.8278486558,0.5582286021,0.0353687401,0.04238494088
1.124982119,179.8287692,0.70406724,0.1098520611,0.3650553544,-0.8276556127,0.5585752743,0.03507099626,0.04183150651
1.144987822,179.8487749,0.7041256213,0.1093994607,0.3648605948,-0.8274972995,0.5588594853,0.03482401882,0.04137127868
1.165012836,179.8687999,0.7041900376,0.1089233929,0.3646646507,-0.8273296562,0.559158992,0.03455986129,0.04089593625
1.190001965,179.8937891,0.7042842394,0.1082858674,0.3644169992,-0.8271021386,0.5595629214,0.03419781055,0.04027280891
1.214998245,179.9187853,0.7043659108,0.1077055759,0.3641823207,-0.8268950719,0.5599297384,0.03387189069,0.03969789817
1.239823103,179.9436102,0.7044226697,0.1072537618,0.363990681,-0.8267359803,0.560211812,0.03362450311,0.0392394882
1.259964466,179.9637516,0.7044644021,0.1069727712,0.3638840618,-0.8266351863,0.5603892101,0.0334625575,0.03896741273
1.284986496,179.9887736,0.7045053756,0.1067016117,0.3637828995,-0.8265375072,0.5605607117,0.03330680922,0.03870522154
1.310002804,180.0137899,0.7045082176,0.1065041577,0.3636885117,-0.8264743272,0.5606754768,0.03326082023,0.03843063877
1.330006123,180.0337932,0.7044510226,0.1063989062,0.3636346168,-0.8264605965,0.5607114966,0.03345123973,0.03803307316
1.355000496,180.0587876,0.7042831778,0.1062958724,0.3636280531,-0.8264841676,0.5606992096,0.03410522637,0.0371099789
1.380024433,180.0838115,0.7039775246,0.1061563265,0.3636409547,-0.8265379191,0.5606492849,0.03530102772,0.03551457647
1.405000687,180.1087878,0.7034528827,0.1059486288,0.3636491866,-0.8266318955,0.5605413781,0.0373349998,0.03285073033
1.429988146,180.1337752,0.7027556653,0.1056796576,0.3636707068,-0.8267463103,0.5603821897,0.04005158539,0.0292952291
1.454933643,180.1587207,0.7019868907,0.1053779557,0.3636792993,-0.8268519241,0.5601953639,0.04307687593,0.02532651843
1.474940777,180.1787279,0.7013732495,0.1051395053,0.3636651507,-0.8269207138,0.5600371087,0.04548753122,0.02216877109
1.494994879,180.198782,0.7007860943,0.1048982016,0.3636617959,-0.8269697579,0.5598846073,0.04779675501,0.01912370653
1.515003204,180.2187903,0.7002564724,0.1046224221,0.3636650863,-0.8269845621,0.5597686469,0.0499097481,0.01626693172
1.540015697,180.2438028,0.6997368075,0.1041815185,0.3636032659,-0.8269214393,0.5597512304,0.05200676773,0.01322079394
1.564990759,180.2687778,0.699316395,0.1036308568,0.3634394491,-0.8267915876,0.5598457821,0.05362877466,0.01059836686
1.590005159,180.2937922,0.6988672732,0.1027171017,0.3630270352,-0.826533027,0.5601377764,0.05499352906,0.008033586229
1.614992142,180.3187792,0.6983508881,0.1013040012,0.3625192952,-0.8261052617,0.5606801201,0.05617223479,0.005707846803
1.640023947,180.343811,0.6975887718,0.0994742227,0.3617319882,-0.8255774459,0.561378271,0.05713231788,0.003495127785
1.664880037,180.3686671,0.6965138751,0.09740649804,0.3608321971,-0.8250389707,0.5621022009,0.05787552154,0.001495541493
1.68494606,180.3887331,0.6953589451,0.09586163406,0.3601282302,0.8247147216,-0.5624968089,-0.0586765067,0.0001891423614
1.710004091,180.4137912,0.6936938284,0.09369896927,0.3592740439,0.824266713,-0.5630319614,-0.05978180089,0.002352127136
1.734851599,180.4386387,0.6918583818,0.09146093193,0.3584006934,0.8238367886,-0.563561737,-0.06062504313,0.003964652743
1.754929781,180.4587169,0.6904627306,0.08978504041,0.3579344507,0.8235523689,-0.5639894328,-0.0605049464,0.004070241354
1.775018454,180.4788055,0.6891312161,0.0883385641,0.3575423568,0.8233619819,-0.5643556003,-0.05972340102,0.003304328124
1.799951315,180.5037384,0.6876566242,0.08684744263,0.3572335302,0.8232331025,-0.5647603562,-0.05771945533,0.001209694995
1.824948549,180.5287356,0.6861842282,0.08550734809,0.3569171776,-0.8231625313,0.5651122022,0.0552223015,0.001464021508
1.84496212,180.5487492,0.6849530773,0.08438820887,0.3567760816,-0.8230932121,0.5654025544,0.05314445887,0.00363073216
1.869855404,180.5736425,0.6833610291,0.08283846003,0.3567582513,-0.8229439362,0.5658308389,0.05059776681,0.00621334902
1.889932871,180.59372,0.6821862439,0.08163354919,0.3568030695,-0.8228079688,0.5661947151,0.04835069244,0.00853238672
1.909982681,180.6137698,0.6810578668,0.08058483909,0.3569103244,-0.8227125484,0.5664863452,0.0460238572,0.01091273952
1.929991722,180.6337788,0.6799025291,0.07976123907,0.3570159723,-0.8226964534,0.5666349754,0.04386028763,0.01310059094
1.954982758,180.6587698,0.6783790007,0.07894242979,0.3572999302,-0.8227609638,0.5666581063,0.04161604326,0.01520170806
1.979958057,180.6837451,0.6766865718,0.0782541923,0.3573350867,-0.8228913098,0.5665410153,0.04010309255,0.01652005287
1.999963522,180.7037506,0.6753239879,0.07783489558,0.3573419918,-0.8230437893,0.5663660876,0.03907261459,0.017369699
2.020023108,180.7238102,0.6739573743,0.07752093331,0.3572843809,-0.8232333449,0.5661275634,0.03823772473,0.01800883949
2.044975042,180.7487621,0.6723501595,0.07727713593,0.3572715677,-0.8235036459,0.5657750889,0.03730292314,0.01867581229
2.069974661,180.7737617,0.6708311152,0.07717891196,0.3574608572,-0.8238110327,0.5653655193,0.03646090959,0.01917847805
2.094953299,180.7987404,0.6692969848,0.07709285572,0.3575856343,-0.8241235205,0.5649391242,0.03590294869,0.01936974948
2.114967823,180.8187549,0.6681225639,0.07694994434,0.357732406,-0.8243325592,0.5646557414,0.03553007119,0.01942523288
2.13497138,180.8387585,0.6670215653,0.0766762164,0.3578561687,-0.8244727322,0.564471004,0.03520255981,0.01944169107
2.159956932,180.863744,0.6657813792,0.07633877608,0.3579666523,-0.8246140273,0.564289528,0.0346395493,0.0197265347
2.179960966,180.8837481,0.6649423661,0.07626885312,0.3579857394,-0.8247674408,0.5640871942,0.0338581268,0.02044341362
2.199979067,180.9037662,0.6642426129,0.07645753352,0.3579852838,-0.824991323,0.5637826893,0.03276825329,0.02155545851
2.224983215,180.9287703,0.6635312024,0.07690659377,0.3579314729,-0.825312022,0.5633336789,0.03123035639,0.02323569252
2.249900818,180.9536879,0.6629208173,0.07736086752,0.3578043594,-0.825604824,0.56291238,0.02972832294,0.02495102763
2.269958496,180.9737456,0.6625173452,0.07764870372,0.3576973647,-0.8257862424,0.5626450933,0.02851313894,0.0263549212
2.29493928,180.9987264,0.6621857826,0.07795905955,0.3575334759,-0.8259488895,0.5623922057,0.02690116038,0.02828014412
2.314964056,181.0187511,0.6620237212,0.07824385918,0.3573539995,-0.8260627321,0.5622014313,0.02560606732,0.02990388971
2.339898109,181.0436852,0.6618974885,0.07857864502,0.3570981426,-0.8261745113,0.5619977501,0.02413894623,0.03180435764
2.359965086,181.0637522,0.661791575,0.07880020471,0.3568163812,-0.8262472814,0.5618583803,0.02324013707,0.0330225148
2.379976034,181.0837631,0.6616679483,0.07897054276,0.3564412532,-0.826309037,0.5617391076,0.02264043881,0.03391107287
2.39997983,181.1037669,0.6615356858,0.07909393892,0.3560597805,-0.8263594658,0.5616417405,0.02224155368,0.03455288498
2.424942255,181.1287293,0.6613407867,0.07919569397,0.3556126346,-0.826414963,0.5615389366,0.02193984567,0.03508524977
2.444961548,181.1487486,0.6611818212,0.07923123646,0.3553157459,-0.8264485277,0.5614798692,0.02186411677,0.03528665401
2.464977026,181.1687641,0.6610085729,0.0792565763,0.3550771616,-0.8264885921,0.561419693,0.02198377314,0.03523136523
2.489979267,181.1937664,0.6607744228,0.0792882691,0.3548108051,-0.8265485911,0.5613359323,0.02227178334,0.03497663891
2.514985085,181.2187722,0.6606071271,0.0792906826,0.3546155846,-0.8265838527,0.561287642,0.02247786675,0.03478595767
2.534990072,181.2387772,0.6605260269,0.07925565057,0.3545146581,-0.8265863061,0.5612861554,0.02258045012,0.03468506167
2.56000042,181.2637875,0.66047191,0.07915530072,0.354435964,-0.8265554757,0.5613335277,0.02265691357,0.03460318789
2.584958792,181.2887459,0.6604424197,0.07903833386,0.3543813612,-0.8265137676,0.5613967136,0.02270340515,0.03454384507
2.609968662,181.3137558,0.6604137117,0.07894355089,0.3543318706,-0.826481756,0.5614451742,0.0227465385,0.03449374452
2.629975796,181.3337629,0.6603959574,0.07888956095,0.3543035372,-0.826463747,0.5614721708,0.02277428076,0.03446749727
2.654950142,181.3587372,0.6603799345,0.07882286687,0.3542754075,-0.8264404696,0.5615070329,0.02280094853,0.03444007821
2.679935217,181.3837223,0.6603704753,0.0787552852,0.354253063,-0.8264154492,0.5615446636,0.022818104,0.03441555167
2.704874516,181.4086616,0.6603639588,0.07871600111,0.3542397922,-0.8264007563,0.5615665214,0.02283092123,0.03440321474
2.724944115,181.4287312,0.66036115,0.07869711587,0.3542338754,-0.8263937201,0.5615769788,0.02283649719,0.03439783117
2.749925852,181.4537129,0.6603587256,0.07866739273,0.3542269095,-0.8263823034,0.5615939485,0.02284260171,0.03439100414
2.769930601,181.4737177,0.6603593982,0.0786397916,0.3542227442,-0.8263710815,0.5616107588,0.0228435937,0.03438548368
2.789931059,181.4937181,0.6603609891,0.07861945027,0.3542211205,-0.8263625569,0.5616234397,0.02284327037,0.0343834485
2.814921379,181.5187085,0.6603628492,0.07860196931,0.3542208439,-0.8263548987,0.5616347153,0.02284287366,0.03438358801
2.834994078,181.5387812,0.6603647026,0.07858482625,0.3542204196,-0.8263474653,0.5616456987,0.02284241434,0.03438313344
2.854998112,181.5587852,0.6603675259,0.07855802868,0.3542189424,-0.826335947,0.5616629051,0.02284072974,0.03438000508
2.879981756,181.5837688,0.6603710273,0.07851682238,0.3542143912,-0.8263186149,0.5616889839,0.02283815988,0.03437223467
2.90495491,181.608742,0.6603711304,0.07848257176,0.3542076493,-0.8263045362,0.5617100897,0.02284065236,0.03436412598
2.924977064,181.6287642,0.6603650019,0.07846527277,0.354197726,-0.8262984631,0.5617192211,0.02285033493,0.03435445751
2.944989443,181.6487765,0.6603553483,0.07844756175,0.3541840152,-0.8262929751,0.5617275503,0.02286439679,0.03434090826
2.969958067,181.6737452,0.6603465846,0.0784168155,0.3541685109,-0.8262824018,0.5617435183,0.02287797861,0.03432506811
2.989974976,181.6937621,0.6603470309,0.07838020568,0.3541615895,-0.8262679801,0.5617652799,0.02287872945,0.03431558093
3.0149014,181.7186885,0.660354814,0.07831490402,0.3541560772,-0.8262413226,0.5618057568,0.02286838811,0.03430168036
3.03992486,181.7437119,0.6603661827,0.07822034593,0.3541470975,-0.8262023707,0.561864984,0.02285362289,0.03427964869
3.064905643,181.7686927,0.6603820712,0.07808464143,0.3541342116,-0.8261458126,0.5619507123,0.02283519881,0.03424977492
3.084976435,181.7887635,0.6603986978,0.07794185621,0.3541244183,-0.8260860181,0.5620404597,0.02282108584,0.03422879579
3.109943867,181.813731,0.6604286064,0.07766259132,0.3541170093,-0.825968119,0.5622145203,0.02281331245,0.03422064282
3.12994957,181.8337367,0.6604607293,0.07738499122,0.3541146594,-0.8258502267,0.5623881095,0.02280407015,0.03421975813
3.154919863,181.858707,0.6605104431,0.07695799038,0.3541106599,-0.8256688588,0.5626551119,0.02278870721,0.03421747213
3.179884911,181.883672,0.6605647576,0.07646378543,0.3541065255,-0.8254587302,0.5629633848,0.02278004733,0.03422252952
3.199905872,181.903693,0.6606151525,0.07601398017,0.3541047677,-0.8252673297,0.5632439366,0.0227702435,0.03422891313
3.219914436,181.9237015,0.6606728306,0.07551001447,0.3541040678,-0.8250527531,0.5635583372,0.02275647852,0.0342359137
3.244901419,181.9486885,0.660756772,0.07475902533,0.3541022171,-0.8247326668,0.5640266521,0.02273921473,0.03424751258
3.269920349,181.9737074,0.6608378597,0.07401504597,0.3540987182,-0.8244156351,0.5644900157,0.02272329789,0.0342568902
3.294895172,181.9986823,0.6609189914,0.07322969495,0.3540918023,-0.824080984,0.5649784077,0.02271211276,0.03426500426
3.319939852,182.0237269,0.6609962921,0.07247325679,0.3540847832,-0.8237590079,0.5654478998,0.02269977433,0.03427083074
3.344969273,182.0487564,0.6610849117,0.07163378053,0.3540812141,-0.8234005865,0.5659697707,0.02268139823,0.03428187642
3.365002632,182.0687897,0.6611534488,0.07095516433,0.3540761879,-0.8231105546,0.5663913806,0.0226710377,0.03429056703
3.389922619,182.0937097,0.6612273933,0.07015234355,0.3540625637,-0.8227692442,0.5668871562,0.02266593862,0.03429253751
3.414886236,182.1186733,0.6612849038,0.06945789889,0.3540449174,-0.822474677,0.5673146192,0.02266811798,0.03428826347
3.434920788,182.1387079,0.6613297118,0.06897283513,0.354038096,-0.822267859,0.5676145015,0.02266256189,0.03428927098
3.459910631,182.1636977,0.6613743202,0.06839361612,0.3540202958,-0.8220225613,0.5679698674,0.02266759858,0.03428291742
3.479995966,182.1837831,0.6613965805,0.0680067174,0.3539996055,-0.8218603157,0.5682049747,0.02267932166,0.03426917685
3.504972219,182.2087593,0.661431441,0.06751426321,0.353981368,-0.8216522832,0.5685061045,0.02268538345,0.03425942276
3.529997587,182.2337847,0.6614638894,0.0671014983,0.3539700354,-0.8214770489,0.5687595596,0.02268569246,0.03425464716
3.554983377,182.2587705,0.6614931597,0.06673284493,0.3539597516,-0.8213203613,0.5689861786,0.02268479343,0.03424898285
3.57997489,182.283762,0.6615094062,0.06639606263,0.3539395774,-0.8211791332,0.5691903046,0.02269815182,0.03423481001
3.599985838,182.3037729,0.661531959,0.06609071153,0.3539298519,-0.8210497262,0.5693771831,0.022699545,0.03423012003
3.619997501,182.3237846,0.6615662324,0.06573319056,0.3539274679,-0.8208964456,0.5695983547,0.02269061602,0.03423267235
3.644978762,182.3487659,0.6616118418,0.06526655722,0.3539260827,-0.8206958846,0.5698874425,0.02267826045,0.03423834727
3.66993618,182.3737233,0.6616566814,0.06477776178,0.3539231721,-0.8204860402,0.5701894347,0.0226702968,0.03424505862
3.68999505,182.3937821,0.6616916839,0.06441157117,0.353922155,-0.8203286414,0.5704159032,0.02266143808,0.03425020646
3.714974165,182.4187613,0.6617360026,0.06395350211,0.3539204806,-0.8201316044,0.5706994135,0.02264824782,0.03425474909
3.739989996,182.4437771,0.6617820423,0.06345223846,0.3539177929,-0.8199164024,0.5710084742,0.02263885635,0.03426218883
3.759991884,182.463779,0.6618200272,0.0630467322,0.3539172192,-0.8197422258,0.5712585372,0.022628602,0.03426825591
3.78496623,182.4887533,0.6618698241,0.06252174898,0.3539166138,-0.8195161718,0.5715828959,0.02261402882,0.03427598304
3.804986477,182.5087736,0.661910223,0.06208045154,0.353915174,-0.8193258852,0.5718556039,0.0226045268,0.03428261101
3.829930544,182.5337176,0.661957953,0.06155881163,0.3539136162,-0.8191017533,0.572176631,0.02259216975,0.0342901513
3.849989414,182.5537765,0.6619986109,0.06111854933,0.3539135576,-0.8189124409,0.5724475489,0.02258075667,0.03429762953
3.874960423,182.5787475,0.6620507508,0.06055182948,0.3539142501,-0.8186677171,0.5727973776,0.02256623364,0.03430886717
3.899952888,182.60374,0.6621031123,0.05998601057,0.3539138898,-0.8184230193,0.5731468799,0.02254821766,0.03432190862
3.919956446,182.6237435,0.6621465151,0.059527479,0.3539141346,-0.818224575,0.5734297742,0.02252883111,0.03434080223
3.939964533,182.6437516,0.6621833102,0.05912851812,0.3539141991,-0.818052528,0.5736751005,0.02251383869,0.03435211216
3.964957714,182.6687448,0.6622292436,0.05862486798,0.353913637,-0.8178354798,0.5739847036,0.02249440318,0.03436116706
3.989958286,182.6937454,0.6622761864,0.05810151755,0.3539132744,-0.8176084396,0.574307911,0.02247794198,0.0343744819
4.009964466,182.7137516,0.662313186,0.05769149447,0.3539127637,-0.8174301879,0.574561436,0.02246305235,0.03438685085
4.029974222,182.7337613,0.6623508359,0.0572735349,0.353912078,-0.8172484592,0.5748196943,0.02244714833,0.03440058822
4.050004005,182.7537911,0.6623882565,0.05687464564,0.3539127077,-0.8170742467,0.5750668257,0.02242531406,0.03442276443
4.074982166,182.7787693,0.6624342917,0.05642245435,0.3539131057,-0.8168754977,0.5753481595,0.02238603846,0.03446421323
4.09998107,182.8037682,0.6624782281,0.05602401913,0.3539024041,-0.8166988095,0.5755973978,0.02234297304,0.03451784851
4.12496233,182.8287494,0.6625164311,0.05566594551,0.3538989058,-0.816540685,0.5758206009,0.02230436693,0.03456096923
4.144979,182.8487661,0.6625454367,0.05537794776,0.3539005837,-0.8164142547,0.5759993624,0.02227946022,0.03458503826
4.169989586,182.8737767,0.6625803647,0.05503537847,0.3539012261,-0.8162633774,0.5762124636,0.02224723432,0.03461727926
4.189996243,182.8937833,0.662610704,0.0547556596,0.3539010243,-0.816139009,0.5763875821,0.02221201963,0.0346568809
4.214975834,182.9187629,0.6626494145,0.05441053294,0.3539009143,-0.8159854403,0.5766035491,0.02216201359,0.03471243994
4.239929676,182.9437168,0.6626887327,0.05403632741,0.3539008282,-0.8158199919,0.5768366346,0.02211639951,0.03475777091
4.259974241,182.9637613,0.6627240181,0.05372426842,0.3539010938,-0.8156810321,0.577031881,0.02206968655,0.03480791785
4.279976845,182.9837639,0.6627637863,0.05340748661,0.3539021345,-0.8155384681,0.577231459,0.02200861028,0.03487794193
4.299978018,183.0037651,0.662798289,0.0531037991,0.3539017946,-0.8154027374,0.5774217392,0.02196091369,0.03493177843
4.324999332,183.0287864,0.6628361337,0.05273658065,0.3539016929,-0.8152397338,0.5776507478,0.02191660005,0.03497788804
4.349943161,183.0537302,0.662871881,0.05236783616,0.3539014832,-0.8150767045,0.577879931,0.021880327,0.03501431684
4.369964361,183.0737514,0.6628985059,0.05207861134,0.3539012814,-0.8149489817,0.5780594386,0.02185806174,0.03503809207
4.389974356,183.0937614,0.6629265587,0.05177323584,0.3539011528,-0.8148141234,0.5782488906,0.0218342261,0.0350632482
4.409987211,183.1137743,0.6629556476,0.05147793173,0.3539022968,-0.8146835196,0.5784321621,0.0218045634,0.03509355638
4.434942722,183.1387298,0.6629977224,0.0511467939,0.3539079008,-0.8145344422,0.57864031,0.02174293981,0.0351607537
4.454942942,183.15873,0.6630297683,0.0509253648,0.3539088741,-0.8144327756,0.5787813369,0.02168263596,0.03523182472
4.479990959,183.183778,0.6630928512,0.05070556841,0.3538939833,-0.8143207512,0.5789320643,0.02150694235,0.0354518054
4.504952908,183.20874,0.663188814,0.05057938955,0.3538792856,-0.8142367949,0.5790369382,0.02117193675,0.03586662875
4.524975061,183.2287621,0.663287571,0.05051961163,0.3538788287,-0.8141793809,0.5791029495,0.02079547767,0.0363215882
4.544986725,183.2487738,0.6634030027,0.05048479704,0.3538830149,-0.8141262029,0.5791591297,0.02034660042,0.03686792662
4.569959402,183.2737465,0.6635596056,0.05047753423,0.3538877393,-0.8140692661,0.5792120625,0.01972857889,0.03762179936
4.590000391,183.2937875,0.6636861553,0.05047679962,0.3538788504,-0.8140248742,0.5792511974,0.01923421974,0.03823086832
4.614968777,183.3187559,0.6638330021,0.05045935244,0.3538768435,-0.8139662862,0.579305587,0.01865835689,0.03893311613
4.634989977,183.3387771,0.6639498278,0.05044577033,0.3538830967,-0.8139195613,0.5793481743,0.01820070594,0.03948892235
4.659990311,183.3637774,0.6641003374,0.05046855749,0.3538960682,-0.8138761734,0.5793782002,0.01761445632,0.04020207029
4.684987783,183.3887749,0.6642257076,0.05050128027,0.3538944846,-0.8138444769,0.5793948075,0.01711234052,0.04081656741
4.709951401,183.4137385,0.6643096151,0.05050272201,0.3538971367,-0.8138148402,0.5794175517,0.01677485283,0.04122269976
4.729953051,183.4337401,0.6643291457,0.05046774351,0.3538973817,-0.8137935181,0.5794437777,0.01670567407,0.0413030123
4.754966497,183.4587536,0.6643336494,0.05039369342,0.353886287,-0.8137618207,0.5794893369,0.01670308202,0.04128940058
4.774969578,183.4787567,0.6643394944,0.0503167865,0.3538638938,-0.813729279,0.5795369745,0.01669965122,0.04126351082
4.794970512,183.4987576,0.6643453396,0.05024671019,0.3538550578,-0.8137002754,0.5795795072,0.01668577787,0.04124368384
4.814971924,183.518759,0.664350241,0.05018891159,0.3538483384,-0.8136763703,0.5796148156,0.0166724992,0.04122448031
4.839953423,183.5437405,0.664353548,0.05014585483,0.3538377997,-0.813658411,0.5796416782,0.01666304814,0.04120507136
4.8649652,183.5687523,0.6643572267,0.0501223868,0.3537913821,-0.8136476642,0.5796580358,0.01667425071,0.04118263533
4.889978647,183.5937657,0.664367632,0.05008135947,0.3537565119,-0.8136296382,0.5796850465,0.01665719444,0.04116547742
4.90998292,183.61377,0.6643788002,0.04998443719,0.3537321649,-0.8135902592,0.5797455081,0.01660934462,0.04111162521
4.934945107,183.6387322,0.6644015061,0.04975261191,0.3536660621,-0.8134969623,0.5798918063,0.01650805281,0.0409349417
4.954947472,183.6587346,0.6644229684,0.04948608771,0.353576726,-0.8133908191,0.5800596606,0.01639399274,0.04071120869
4.979939938,183.683727,0.6644538251,0.04906607781,0.3534244596,-0.8132234517,0.5803240047,0.01622054493,0.04035543347
5.004937649,183.7087247,0.6644885468,0.04857273327,0.3532584002,-0.8130272636,0.5806334911,0.01601120988,0.03993818734
5.029919624,183.7337067,0.6645265081,0.04802580339,0.3530767176,-0.8128099362,0.5809757531,0.01577978042,0.03947379439
5.054940701,183.7587278,0.6645746811,0.04742382729,0.352881346,-0.8125683701,0.5813540328,0.01551180762,0.0389809723
5.074943542,183.7787306,0.6646200258,0.046907068,0.3527136126,-0.8123590785,0.5816799509,0.01526575257,0.03857614664
5.09994626,183.8037333,0.6646670756,0.04624984087,0.352485629,-0.8120946725,0.5820919692,0.01497605738,0.03803813846
5.124923706,183.8287108,0.6647096866,0.04561071624,0.3522758517,-0.8118390665,0.5824902883,0.01470335533,0.03749940725
5.149822712,183.8536098,0.6647596951,0.04497261286,0.3520725473,-0.8115814143,0.5828891776,0.0144114729,0.03698816099
5.169991255,183.8737783,0.664812117,0.04444452809,0.3519058521,-0.8113641499,0.5832221372,0.0141278316,0.03661364917
5.194948673,183.8987358,0.6649135122,0.04374937387,0.3516819286,-0.811066209,0.5836685499,0.01360474214,0.03629792615
5.219964266,183.9237514,0.6650629465,0.04300132755,0.3514404861,-0.8107319646,0.5841584766,0.0128704826,0.03615116176
5.244942188,183.9487293,0.665247217,0.04225807268,0.3511965159,-0.8103883847,0.5846531956,0.01198951507,0.03616017658
5.264945269,183.9687324,0.6654350688,0.04172978457,0.3510168133,-0.8101255043,0.5850174868,0.0111250993,0.0364340455
5.284951448,183.9887385,0.6656621467,0.04126117177,0.3508607914,-0.8098727607,0.5853530503,0.01010678899,0.0369563378
5.309956312,184.0137434,0.6659951106,0.04066846233,0.3506755859,-0.8095364193,0.5857860645,0.008646046088,0.03782483641
5.334953308,184.0387404,0.666382549,0.03999112988,0.3504836,-0.8091469944,0.586279909,0.00698648419,0.0388355343
5.359951973,184.0637391,0.6667780689,0.03924427295,0.3502532922,-0.8087267414,0.5868105304,0.005235681508,0.03983775452
5.38493681,184.0887239,0.6671540702,0.03846028704,0.3500025197,-0.8082992815,0.5873511243,0.003525168221,0.04072470341
5.404952765,184.1087399,0.6674281886,0.0377987996,0.349796574,-0.8079532415,0.5877947059,0.002259392878,0.04127757817
5.429969072,184.1337562,0.667685845,0.03694914117,0.3495283514,-0.8075409516,0.5883446686,0.001011597967,0.04155886267
5.449985743,184.1537728,0.6677805212,0.03622452317,0.3492981786,-0.8072315385,0.5887921364,0.0004506383522,0.04124148753
5.474961758,184.1787488,0.6678103134,0.03523995602,0.3489956195,-0.806846906,0.5893795541,9.683811216e-05,0.04037080715
5.499983549,184.2037706,0.6678602257,0.03424295078,0.3487011492,-0.8064525292,0.5899744816,-0.0003247158871,0.03955153402
5.519994736,184.2237818,0.6679067817,0.03347063894,0.3484785937,-0.8061440293,0.5904374144,-0.0006694592315,0.03892319968
5.544938564,184.2487257,0.6679536944,0.03255954873,0.3482083648,-0.8057803919,0.5909824137,-0.001067618313,0.03816552035
5.569967031,184.2737541,0.6679876114,0.03177431368,0.3479726546,-0.8054676911,0.5914502918,-0.001400700222,0.03750185208
5.589972734,184.2937598,0.6680148387,0.0312367714,0.3478178065,-0.8052533854,0.5917696348,-0.001634064472,0.03705421088
5.614942312,184.3187294,0.6680560147,0.03066037556,0.3476649909,-0.8050204018,0.5921145201,-0.001899529946,0.03659152298
5.634945154,184.3387322,0.6680835949,0.03023180309,0.3475442062,-0.8048467627,0.5923713568,-0.002089319979,0.03624222507
5.659998655,184.3637857,0.6681036825,0.02973578634,0.3473980504,-0.8046474838,0.5926665726,-0.002295629167,0.03582583711
5.684925795,184.3887129,0.6681179389,0.02936146023,0.347280522,-0.8044974672,0.5928888261,-0.002448333372,0.03550592751
5.709979057,184.4137661,0.6681350386,0.02912451515,0.3471960222,-0.8044007464,0.593031428,-0.002541172677,0.03530873889
5.734938145,184.4387252,0.6681443504,0.02888959474,0.3470700346,-0.804305926,0.5931725871,-0.002598179045,0.03509285821
5.759997129,184.4637842,0.668151158,0.02862957178,0.346939806,-0.8042017464,0.593327682,-0.00266609774,0.03485261617
5.784965038,184.4887521,0.6681714232,0.02838052899,0.3468377121,-0.8040991626,0.593478442,-0.002756465977,0.03464502102
5.80996871,184.5137558,0.6682086453,0.02815009631,0.3467492835,-0.8040002799,0.5936220778,-0.002848212259,0.03447123832
5.829994202,184.5337813,0.6682250408,0.02795130552,0.3466750113,-0.8039179473,0.593742768,-0.00292250604,0.03430624357
5.854966402,184.5587535,0.6682382036,0.02777332495,0.3466200839,-0.8038446809,0.5938498872,-0.002997909566,0.0341621569
5.879946232,184.5837333,0.6682727887,0.02770740259,0.3466042206,-0.8038113262,0.5938961376,-0.003039275282,0.03413930941
5.904838562,184.6086257,0.6683059511,0.02765031064,0.3465845736,-0.8037819468,0.5939367861,-0.003069185026,0.03412119939
5.924947739,184.6287348,0.6683244266,0.02756361691,0.3465742858,-0.8037426808,0.5939918646,-0.003106446724,0.03408398335
5.944969654,184.6487567,0.668350585,0.0274602958,0.3465784034,-0.8036954087,0.5940577213,-0.00316785894,0.03404524087
5.964979172,184.6687663,0.6683939978,0.02736434146,0.3465947804,-0.8036481188,0.5941227848,-0.0032498211,0.03401847234
5.989894152,184.6936812,0.6686100171,0.0271795661,0.346726488,-0.8035280394,0.5942781936,-0.003504669959,0.03411503812
6.009913445,184.7137005,0.6689937937,0.02693661513,0.3466847445,-0.8033463586,0.5945135827,-0.003724408393,0.03426888978
6.029961348,184.7337484,0.6696929622,0.0266879552,0.346710336,-0.8030929346,0.5948267226,-0.004073037926,0.03473210143
6.049971581,184.7537587,0.6706500816,0.02637398685,0.3465137041,-0.8027531797,0.5952471715,-0.004399614579,0.03533808963
6.07496357,184.7787507,0.6722952959,0.0258260439,0.3460682116,-0.8021633639,0.5959762131,-0.00490735584,0.03636219042
6.099984169,184.8037713,0.6744123845,0.02508575899,0.3453812028,-0.8013857043,0.5969381906,-0.00549141995,0.03762437891
6.124960184,184.8287473,0.6767806121,0.02423227271,0.3444308047,-0.8004997698,0.5980371556,-0.006003721051,0.03893115018
6.149968147,184.8537552,0.6793703497,0.02321752996,0.3433690132,-0.7994964758,0.5992914695,-0.006418682707,0.04017362718
6.174963236,184.8787503,0.6818664592,0.02211062771,0.3420386612,-0.7984899889,0.600609568,-0.005996320204,0.0405700461
6.194977283,184.8987644,0.6838500675,0.02111561976,0.3411201265,-0.7976547175,0.6017341996,-0.005327440065,0.04042923447
6.219960451,184.9237475,0.6861009747,0.01980234813,0.33985513,-0.7966478505,0.6031512534,-0.003681636016,0.03933463412
6.244967699,184.9487548,0.6882321863,0.01852828829,0.3387645938,-0.795692543,0.604525492,-0.00155941476,0.03768122578
6.264974117,184.9687612,0.6897279593,0.01759189267,0.3379554115,-0.795006465,0.6055301533,0.0004174370128,0.03602471092
6.289961815,184.9937489,0.691432424,0.01645645193,0.3372195515,-0.7941994535,0.6067027411,0.002764026486,0.03393187691
6.309971333,185.0137584,0.6926849565,0.01554583515,0.3367243027,-0.7935807706,0.6075942326,0.004569477242,0.03221690471
6.329978466,185.0337656,0.69396714,0.01462683866,0.3364041769,-0.7929592583,0.6084702089,0.006096506314,0.03069938437
6.354951143,185.0587382,0.6954057152,0.01347060548,0.3360662952,-0.7922099262,0.6095176864,0.007942944877,0.02878424055
6.379901171,185.0836883,0.6965344043,0.0121735821,0.3358168712,-0.7914960164,0.6105200476,0.009855380117,0.02649903782
6.399977922,185.103765,0.6973121137,0.01105024574,0.3356999536,-0.7910542809,0.6111598431,0.01100310411,0.02440701841
6.424958229,185.1287453,0.6981886891,0.009696932342,0.3356369017,-0.7907464022,0.6116495111,0.01173854955,0.02161502793
6.44996357,185.1537507,0.6988781052,0.008318236643,0.3356821977,-0.7906329929,0.6118908897,0.01186517941,0.01866084805
6.474962473,185.1787496,0.6993054911,0.006823579832,0.3360128657,-0.7906090905,0.6120136415,0.01173927009,0.01545180185
6.499978065,185.2037652,0.699443861,0.00538286995,0.3365683643,-0.7906235637,0.6120674308,0.01168498032,0.01230048001
6.524950981,185.2287381,0.6994378945,0.004212246494,0.3371332939,-0.79072839,0.611981881,0.01151221014,0.0097087366
6.544965744,185.2487528,0.6993640022,0.003322332436,0.3378585686,-0.7908108718,0.6119070976,0.01105219636,0.008106655942
6.56996727,185.2737544,0.6990815338,0.002239744014,0.3390001308,-0.7909039282,0.6118199175,0.01033163623,0.00637355651
6.594948292,185.2987354,0.6986542847,0.001149232487,0.3403072598,-0.7909212468,0.6118229692,0.009490211224,0.005115822299
6.614972353,185.3187594,0.6981462402,0.0002758272563,0.3413464276,-0.790879855,0.6118914098,0.008851957931,0.004427225246
6.634978533,185.3387656,0.6975024882,-0.0006698908897,0.3424767363,-0.7907605875,0.6120574933,0.008214604351,0.003979751
6.659965277,185.3637524,0.6965009769,-0.001901336959,0.3440255427,-0.7905619917,0.6123256408,0.007544068958,0.003483375152
6.679969311,185.3837564,0.6955609664,-0.002885213113,0.3453250882,-0.7903619008,0.612590014,0.007189168516,0.003139487444
6.704947948,185.408735,0.6941529676,-0.004086313194,0.3469262824,-0.790143239,0.6128772988,0.006946538904,0.002612295531
6.724961996,185.4287491,0.6928507845,-0.005021417995,0.3482050513,-0.7900085735,0.6130540818,0.006849562882,0.002056708514
6.749958277,185.4537454,0.6910698127,-0.00619820182,0.349703236,-0.7898638113,0.6132428529,0.00684587261,0.001223527747
6.774939775,185.4787269,0.6890614727,-0.007255690665,0.350901488,-0.7898280762,0.6132865456,0.007155792091,0.00015579615
6.799931765,185.5037189,0.6868925996,-0.008063865367,0.3519374623,0.7899422301,-0.6131326185,-0.007660678655,0.0009895903098
6.81998682,185.5237739,0.6850581289,-0.008503203755,0.3525201237,0.7901145475,-0.6128985271,-0.008400481338,0.001956851045
6.844973564,185.5487607,0.6827403253,-0.009015653817,0.3529677739,0.790332333,-0.6125946737,-0.009626736686,0.00314565626
6.869893551,185.5736806,0.6804697657,-0.009594394791,0.3533529983,0.7905027259,-0.6123465578,-0.01093497169,0.004190452452
6.889910221,185.5936973,0.6786586458,-0.01009869324,0.3535528643,0.7906150819,-0.6121740099,-0.0120694483,0.005010223022
6.91493082,185.6187179,0.6765598645,-0.01076280979,0.3537525413,0.7907079093,-0.6120172044,-0.01346289184,0.005890176726
6.939914465,185.6437016,0.6747192634,-0.01151390598,0.3538458912,0.7907189695,-0.6119727613,-0.01456647584,0.006377175196
6.964875221,185.6686623,0.6731969119,-0.01248431775,0.3540581411,0.7905960803,-0.6121153492,-0.01521889213,0.00640487391
6.989925146,185.6937122,0.6719458824,-0.01377302224,0.3542490426,0.7902733404,-0.6125342317,-0.01534360215,0.005868243635
7.014872789,185.7186599,0.6711302289,-0.01540086323,0.3545019114,0.7897405651,-0.613247328,-0.01469672357,0.004643363059
7.039879799,185.7436669,0.6707224174,-0.01730233409,0.3547826642,0.7890520316,-0.6141728854,-0.01340638214,0.002971058599
7.059893608,185.7636807,0.6705802055,-0.01876607764,0.3549543304,0.7884770954,-0.6149412334,-0.01222276671,0.001324157072
7.079955578,185.7837427,0.6705214277,-0.02015047531,0.3550498258,-0.7878771106,0.6157314442,0.01114472352,0.0004931506916
7.099993229,185.8037803,0.670541963,-0.02142802998,0.3550929266,-0.7873079123,0.6164716912,0.01016845629,0.002346868872
7.124888897,185.828676,0.6707146533,-0.02302030955,0.3551409339,-0.7865755998,0.6174111428,0.009015278311,0.004585994414
7.144939661,185.8487267,0.6708582428,-0.02446901289,0.3552089526,-0.7859026153,0.6182662245,0.008207418805,0.006049220577
7.164968252,185.8687553,0.6709479745,-0.02604252285,0.3552880035,-0.7851623895,0.6192019972,0.007609611138,0.007141612176
7.189884663,185.8936718,0.6710099628,-0.02811093323,0.3553921529,-0.7841916591,0.6204246549,0.007082962174,0.008156044017
7.21490407,185.9186912,0.6709963091,-0.03025803461,0.355466492,-0.7831992748,0.6216713555,0.00678520211,0.008808104522
7.234965801,185.9387529,0.6709503208,-0.03203604044,0.355523076,-0.7823766627,0.6227028276,0.006666948458,0.009137719145
7.259894609,185.9636817,0.6708436341,-0.03425468572,0.3555881232,-0.7813431932,0.6239943882,0.006699598699,0.009430444845
7.279961348,185.9837484,0.6707209842,-0.03594310419,0.3556341312,-0.780559702,0.6249693099,0.006836771009,0.009652557222
7.299967289,186.0037544,0.6705738444,-0.03756140551,0.355665698,-0.779811595,0.625897046,0.007011938229,0.009879105692
7.324946642,186.0287337,0.6703775271,-0.03957871452,0.3557026614,-0.7788845896,0.6270434914,0.007226388924,0.01015063223
7.344958782,186.0487459,0.670225698,-0.04127148096,0.3557305578,-0.7781002203,0.6280113708,0.007378293699,0.0103598279
7.369963169,186.0737503,0.6700056231,-0.04342626978,0.3557359068,-0.7771002088,0.6292417574,0.007598969108,0.01059867886
7.394953012,186.0987401,0.6697747143,-0.04561859252,0.3557479081,-0.7760829938,0.6304888699,0.007817550872,0.01085622551
7.419940948,186.123728,0.6695743473,-0.04784663075,0.3558338199,-0.7750400726,0.6317627899,0.007971595947,0.01118556013
7.444945574,186.1487327,0.6694049202,-0.05000122958,0.3559944699,-0.7740202932,0.6330019535,0.008101638118,0.01163941515
7.464962721,186.1687498,0.6692553684,-0.05164659922,0.3561245248,-0.7732407152,0.633944476,0.008263692482,0.01203781697
7.48994875,186.1937358,0.6690593878,-0.05352571313,0.3563177498,-0.7723517301,0.635012106,0.008529578265,0.01263631754
7.509966135,186.2137532,0.6689126882,-0.0549732172,0.3565247701,-0.7716651343,0.6358323385,0.008734278047,0.01318598887
7.534912825,186.2386999,0.6687375111,-0.05672848555,0.3568037145,-0.7708272419,0.6368281772,0.00900304225,0.01393489054
7.554946423,186.2587335,0.6685897592,-0.05803176569,0.3570132772,-0.7702043967,0.6375634671,0.009265643433,0.01456572892
7.579954624,186.2837417,0.668360216,-0.05951462837,0.3572540164,-0.7695055732,0.6383821789,0.00966859983,0.01535853697
7.59996891,186.303756,0.6681381202,-0.06064209712,0.3574264737,-0.7689857726,0.638987705,0.01003056373,0.01596815879
7.62493825,186.3287253,0.6678201755,-0.0619438427,0.3575758975,-0.7683905396,0.639675523,0.01057773844,0.01671273352
7.644938946,186.348726,0.6674945399,-0.0628968485,0.3576088366,-0.7679646612,0.6401629619,0.01113398867,0.01725386026
7.669944763,186.3737319,0.6669968663,-0.06405376132,0.357621103,-0.7674686693,0.6407271316,0.01189703144,0.01786183732
7.689968109,186.3937552,0.6665111652,-0.06490971112,0.3576877871,-0.7671182798,0.641122291,0.01251651745,0.01830545003
7.709987402,186.4137745,0.6659123447,-0.06566915251,0.3577048157,-0.7668318265,0.6414411761,0.01322433803,0.01863556949
7.73487401,186.4386611,0.6650404858,-0.06641792636,0.357807325,-0.7665945215,0.6416956573,0.0141289052,0.01897095088
7.754897594,186.4586847,0.664188073,-0.06691881296,0.3579658401,-0.7664859126,0.6418046901,0.01485539912,0.01911551079
7.779937744,186.4837248,0.6629833065,-0.06750111288,0.3582907325,-0.766402177,0.6418818656,0.01571073882,0.01919756249
7.799945831,186.5037329,0.6619653897,-0.06790646235,0.3585962312,-0.7663770124,0.6418949862,0.01637218586,0.01921075335
7.819975615,186.5237627,0.6609316055,-0.06823934421,0.3589619924,-0.7663931734,0.6418594087,0.0169942714,0.01921452426
7.844882011,186.5486691,0.6595468979,-0.06857161966,0.3595292809,-0.7664710094,0.6417478983,0.01773106533,0.01916862411
7.869971991,186.5737591,0.6580303105,-0.0688076938,0.360122947,-0.7666155215,0.6415584559,0.01849867463,0.01900496738
7.894932508,186.5987196,0.6564658954,-0.0689728932,0.3607425391,-0.7668042684,0.6413171858,0.01924726686,0.01878892871
7.919877291,186.6236644,0.6548973897,-0.06907564598,0.3613737761,-0.7670450513,0.641017147,0.01992186413,0.01849394015
7.939902782,186.6436899,0.6536482504,-0.06914779609,0.361872573,-0.7672969676,0.6407130913,0.02033808081,0.01812348157
7.959905148,186.6636922,0.6524350074,-0.06921018583,0.3622838976,-0.7675996711,0.6403543266,0.02066592641,0.01760684052
7.984921455,186.6887085,0.6510108415,-0.06926911009,0.3626621832,-0.7680377232,0.6398398098,0.02097952467,0.01682061511
8.009906292,186.7136934,0.649655326,-0.06933526557,0.3628705079,-0.7685257234,0.6392693647,0.02123192343,0.01587756665
8.034934521,186.7387216,0.6483206851,-0.06941469,0.3628610585,-0.7690117,0.6386979115,0.02158767846,0.01483088922
8.059901476,186.7636886,0.6470546506,-0.0695044493,0.3626221441,-0.7694953929,0.6381250621,0.02202454841,0.01371731324
8.079908133,186.7836952,0.6461487288,-0.06962084623,0.362334792,-0.7698621004,0.6376912662,0.02232533496,0.01279745525
8.104971647,186.8087587,0.6451766072,-0.06966876221,0.3618715972,-0.7703945425,0.6370614563,0.02258185666,0.01161936115
8.12988615,186.8336732,0.6444249105,-0.06956503492,0.3613014661,-0.7710088575,0.6363327636,0.02271557198,0.01048610748
8.154931784,186.8587189,0.6438785666,-0.06931620859,0.3606855288,-0.7716800978,0.6355330822,0.02278693151,0.009395946105
8.174980879,186.878768,0.6435127649,-0.06918432488,0.3602330941,-0.7721858637,0.634934181,0.02271015338,0.008475058506
8.19987464,186.9036617,0.6431423782,-0.06902766507,0.3597751087,-0.7727547304,0.6342600887,0.02254340235,0.00748742265
8.224959373,186.9287465,0.6429319116,-0.06876918416,0.3594936157,-0.7732568431,0.6336632252,0.02225486377,0.007035099917
8.249904156,186.9536912,0.6428954533,-0.06833200496,0.3593834048,-0.7737212469,0.6331103276,0.02174543719,0.00734037544
8.274946213,186.9787333,0.6429856294,-0.06779003141,0.35942377,-0.7741547919,0.6325913476,0.02115204804,0.008070690766
8.294952631,186.9987397,0.6430898,-0.06737761983,0.3595265816,-0.7744650541,0.6322175532,0.02074232007,0.008637216783
8.31498456,187.0187716,0.6431705129,-0.06705984848,0.3596434506,-0.7747173119,0.6319118609,0.02048034744,0.009002337376
8.339880466,187.0436676,0.6432132353,-0.06679999501,0.3597526859,-0.7749459095,0.6316331171,0.02034805195,0.00918692725
8.3598876,187.0636747,0.6432184569,-0.06665994783,0.3598013553,-0.775090243,0.631457221,0.02029330523,0.009223609385
8.379892349,187.0836794,0.6432198649,-0.06658707302,0.3598291154,-0.7751991896,0.6313262151,0.02021692174,0.009203406664
8.404958725,187.1087458,0.6432263155,-0.066546062,0.3598489635,-0.7753021018,0.6312042834,0.02010409773,0.009144884535
8.429890633,187.1336777,0.6432266152,-0.06653976567,0.3598565985,-0.7753708759,0.6311236494,0.02000981875,0.009085767325
8.449907541,187.1536946,0.6432268465,-0.06658115707,0.359866862,-0.7753970837,0.6310946115,0.01992984224,0.009041862865
8.474984884,187.178772,0.643220975,-0.06670624437,0.3598730714,-0.7754104907,0.6310838264,0.01979752888,0.008934919457
8.499961376,187.2037485,0.6432137287,-0.06687662627,0.3598693764,-0.775438668,0.6310576756,0.01960388371,0.008761847225
8.52488327,187.2286704,0.6432083913,-0.06703932816,0.3598694845,-0.7754847396,0.6310103725,0.0193865934,0.008572546654
8.549970865,187.253758,0.6432046951,-0.06715777503,0.3598754468,-0.7755342276,0.6309570605,0.01920617718,0.008424511827
8.5699718,187.2737589,0.6431970765,-0.06725925505,0.3598784093,-0.7755468563,0.6309457235,0.01910530915,0.00833995545
8.594878435,187.2986655,0.6431844708,-0.06742307931,0.3598772116,-0.7755243859,0.6309774404,0.01900708228,0.0082539305
8.614892483,187.3186796,0.64316945,-0.06760130221,0.3598748576,-0.7754801995,0.6310348969,0.01893158941,0.008186207768
8.639933348,187.3437204,0.6431419474,-0.06784455068,0.3598703067,-0.7753907915,0.6311467549,0.01888497705,0.008139532681
8.659966946,187.363754,0.6431136233,-0.06803059034,0.359861554,-0.7753156724,0.6312397345,0.01887230249,0.008114300264
8.684870958,187.388658,0.6430707189,-0.06825906092,0.3598408472,-0.7752238161,0.6313530834,0.01886980026,0.008077729164
8.704892159,187.4086792,0.6430385195,-0.06845079221,0.3598245524,-0.7751462752,0.6314489556,0.01886136669,0.00804470952
8.729902744,187.4336898,0.6429940321,-0.06871371872,0.3598041158,-0.7750355255,0.6315855502,0.01885550356,0.008006064838
8.74996829,187.4537554,0.6429550741,-0.06893356621,0.3597865545,-0.7749401249,0.6317029272,0.01885684353,0.007977097679
8.774738312,187.4785254,0.6429045551,-0.06925525964,0.3597667882,-0.7748011153,0.63187414,0.01884863199,0.007939275891
8.794769287,187.4985564,0.6428687456,-0.06953899656,0.359758136,-0.7746756722,0.6320287415,0.01882882891,0.007921367935
8.814806461,187.5185935,0.6428317274,-0.06983645476,0.3597507159,-0.7745383175,0.6321975324,0.01881615662,0.007913720455
8.834860802,187.5386479,0.6427874646,-0.07013853363,0.3597375954,-0.7743963685,0.632371451,0.01882019875,0.007900162122
8.854939461,187.5587265,0.6427359238,-0.07045151828,0.359717798,-0.7742489005,0.6325518234,0.01883407573,0.007880894151
8.879822254,187.5836093,0.6426583382,-0.07089896948,0.359685486,-0.7740357826,0.6328120234,0.01886385063,0.007855282055
8.899983168,187.6037703,0.6425927365,-0.07127557504,0.3596602405,-0.7738540427,0.6330335263,0.01889314545,0.00784373789
8.924824238,187.6286113,0.6425236038,-0.0716868278,0.3596346409,-0.7736558032,0.6332752122,0.01891754487,0.007831369369
8.944883585,187.6486707,0.6424684375,-0.07199088407,0.3596116611,-0.7735102292,0.6334525212,0.01894072243,0.00781521693
8.969908953,187.673696,0.6423951043,-0.07234985254,0.3595773525,-0.7733388786,0.6336607451,0.0189814985,0.007793701005
8.994763613,187.6985507,0.6423294893,-0.07270446277,0.3595485578,-0.7731696503,0.6338666559,0.01900837591,0.007774056026
9.014814854,187.7186019,0.642287182,-0.07297382075,0.3595330401,-0.773039398,0.6340253425,0.01901394516,0.007773295106
9.034934521,187.7387216,0.6422474252,-0.0732259328,0.3595190702,-0.7729169457,0.6341744001,0.01901973334,0.007776578609
9.059952736,187.7637398,0.642194488,-0.07353108094,0.3594987632,-0.7727691552,0.6343539773,0.01903823088,0.007772385326
9.084818602,187.7886057,0.6421439777,-0.0738020861,0.3594769012,-0.7726387987,0.6345122698,0.01905881424,0.007760660545
9.104828358,187.8086154,0.6421092852,-0.07398937824,0.3594623183,-0.7725486541,0.6346217104,0.01907297321,0.007751349883
9.124832153,187.8286192,0.6420784144,-0.07414883624,0.3594483261,-0.7724718769,0.6347148547,0.01908671238,0.007742737458
9.149863243,187.8536503,0.6420412851,-0.07434633565,0.3594312721,-0.7723775618,0.634829339,0.01910045307,0.007732080159
9.169923306,187.8737104,0.6420077293,-0.07454510782,0.3594186982,-0.7722817476,0.6349457143,0.01910894094,0.007725968928
9.19487977,187.8986669,0.6419639014,-0.07483338061,0.359406896,-0.7721415039,0.6351160759,0.01911610767,0.007722855166
9.214934349,187.9187214,0.6419278714,-0.07508381279,0.3593993253,-0.7720191265,0.6352647132,0.01912069087,0.007720856382
9.239898682,187.9436858,0.6418848182,-0.07539350812,0.3593904319,-0.771868179,0.635448043,0.01912366491,0.007719088994
9.259907961,187.963695,0.6418454836,-0.07566779018,0.3593815125,-0.7717347463,0.635610007,0.01912753667,0.007716071745
9.279939175,187.9837263,0.641800883,-0.07598728475,0.3593725676,-0.7715781903,0.6357999449,0.01912990665,0.007718359698
9.304949522,188.0087366,0.6417427728,-0.07642598132,0.3593615468,-0.7713620682,0.6360621583,0.01912299885,0.00773313688
9.329891682,188.0336788,0.6416852901,-0.07685688873,0.3593506671,-0.7711498973,0.6363194023,0.01911657887,0.007746647351
9.349954367,188.0537415,0.6416395218,-0.07719604232,0.3593423179,-0.7709827939,0.6365218574,0.01911321172,0.007755104477
9.374934673,188.0787218,0.6415864966,-0.07760832901,0.3593353732,-0.7707794969,0.6367680972,0.01910564413,0.007767363115
9.399899483,188.1036866,0.641537706,-0.07802107959,0.3593308616,-0.7705751485,0.6370156276,0.01908708389,0.007791911389
9.424872875,188.12866,0.6414959733,-0.07840690454,0.3593295342,-0.7703835014,0.6372478003,0.01905524843,0.007835766024
9.444918871,188.148706,0.6414667467,-0.07869764226,0.3593296112,-0.7702390019,0.6374229514,0.01902408177,0.00787053011
9.464921951,188.168709,0.6414400569,-0.07896176623,0.3593291868,-0.770108416,0.6375812152,0.0189950329,0.007900024327
9.484988928,188.188776,0.6414151266,-0.07919528796,0.3593282873,-0.7699926053,0.6377214237,0.01897297407,0.007924631213
9.509935379,188.2137225,0.6413885109,-0.07942242434,0.3593274275,-0.7698796676,0.6378578695,0.01896092332,0.007944757489
9.529959679,188.2337468,0.6413676165,-0.07958618594,0.3593259057,-0.769798583,0.6379556978,0.0189577823,0.007954357666
9.55493927,188.2587264,0.6413417693,-0.07978793621,0.3593242666,-0.7696990918,0.6380757643,0.01895450721,0.007959499892
9.57494235,188.2787294,0.6413210803,-0.0799489243,0.3593229307,-0.7696199077,0.6381713332,0.01895137594,0.007961939185
9.594958067,188.2987452,0.6413040741,-0.08008817332,0.3593224788,-0.7695513763,0.638254045,0.01894705803,0.007966315963
9.619938612,188.3237257,0.641289908,-0.08021090973,0.359320977,-0.7694910938,0.6383268352,0.0189405115,0.007972770163
9.644934654,188.3487217,0.6412804281,-0.08030044495,0.3593199149,-0.7694477463,0.6383792438,0.01893195148,0.007980478735
9.664948702,188.3687358,0.64127274,-0.0803745526,0.3593200945,-0.7694121981,0.6384222743,0.01892282573,0.00798722216
9.689951658,188.3937387,0.6412592552,-0.08049367031,0.3593200389,-0.7693546635,0.6384918403,0.01891308533,0.007991676846
9.714927673,188.4187148,0.641242745,-0.08062514127,0.3593181823,-0.7692900611,0.6385697357,0.01890962422,0.007995037421
9.73493576,188.4387228,0.6412331933,-0.08070606951,0.3593165226,-0.7692509005,0.6386170251,0.01890352535,0.008000252716
9.754976749,188.4587638,0.6412252434,-0.08079362365,0.3593166744,-0.7692088471,0.6386680168,0.01888698469,0.008012220677
9.779907942,188.483695,0.641210184,-0.08094542515,0.3593165055,-0.76914061,0.638750989,0.01885770983,0.008017660981
9.799959183,188.5037463,0.6411927427,-0.08110795135,0.3593155138,-0.7690808211,0.6388245438,0.01881547666,0.007991905968
9.824933767,188.5287209,0.6411675614,-0.08132741178,0.3593141426,-0.7689854495,0.6389404079,0.01878504188,0.007978464347
9.844949961,188.548737,0.6411468145,-0.08151756386,0.3593137341,-0.7689007209,0.6390432577,0.01875571429,0.007976166759
9.869954586,188.5737417,0.6411196122,-0.08177180258,0.3593138848,-0.7687865267,0.6391818243,0.0187144625,0.007977519401
9.894913435,188.5987005,0.6410841432,-0.08208567233,0.3593136828,-0.7686377046,0.6393616065,0.01868197309,0.007987429677
9.919925213,188.6237123,0.641049315,-0.08241591784,0.3593131484,-0.7684798527,0.6395523115,0.01863801192,0.008011327008
9.944852829,188.6486399,0.6410152624,-0.0827612222,0.3593126453,-0.7683176662,0.6397485688,0.01857611684,0.008041168439
9.964925051,188.6687121,0.6409824317,-0.08307469055,0.35931268,-0.7681697021,0.6399273465,0.01852813853,0.008062760287
9.989902973,188.6936901,0.6409274426,-0.08355223236,0.3593125886,-0.7679398312,0.6402042234,0.0184826698,0.008084487792
10.00990701,188.7136941,0.6408813233,-0.08395868705,0.3593122341,-0.7677429173,0.6404412503,0.01844122849,0.00810795745
10.02991676,188.7337039,0.6408342193,-0.08437802006,0.3593113815,-0.7675411037,0.6406841725,0.01839297795,0.008132874351
10.05491447,188.7587016,0.6407651558,-0.08495723799,0.3593123835,-0.7672563428,0.6410259594,0.01834963133,0.008167910391
10.07492328,188.7787104,0.6407068926,-0.08542067435,0.3593123555,-0.7670277233,0.6412999526,0.01832742358,0.008182172204
10.09983468,188.8036218,0.6406226328,-0.08607702963,0.3593120495,-0.7667051443,0.6416861919,0.01829958154,0.008196225916
10.11991191,188.823699,0.6405577339,-0.08659867932,0.3593133148,-0.7664448499,0.6419974737,0.01827145987,0.008227370408
10.14492631,188.8487134,0.6404809096,-0.08724912872,0.3593126064,-0.766121182,0.6423846583,0.01821256627,0.008281773107
10.16990137,188.8736885,0.6404028163,-0.08792558917,0.359312972,-0.7657816634,0.6427903446,0.01814127655,0.008361271489
10.18992043,188.8937075,0.6403423884,-0.08845347276,0.3593134096,-0.7655175961,0.6431057222,0.01808176328,0.008419619795
10.2099247,188.9137118,0.640272756,-0.089013475,0.3593126396,-0.765236412,0.6434407947,0.0180426784,0.008463999114
10.23492575,188.9387128,0.6401948749,-0.08964053244,0.3593126478,-0.7649211783,0.643816129,0.01799640665,0.008515417408
10.25991321,188.9637003,0.6401086089,-0.09031507609,0.3593128461,-0.7645821167,0.6442193413,0.01795304065,0.008562442763
10.28490281,188.9886899,0.6400262771,-0.09093761408,0.3593133963,-0.7642686341,0.6445915462,0.01792356361,0.008598800823
10.30490589,189.008693,0.6399580779,-0.09143891641,0.3593135962,-0.7640159501,0.6448912062,0.01790625263,0.008621264252
10.32984924,189.0336363,0.6398824577,-0.09198258805,0.3593143201,-0.7637422497,0.6452154474,0.01789268402,0.008640270567
10.34996939,189.0537565,0.6398213312,-0.09242759468,0.3593147826,-0.7635185243,0.6454803926,0.01787543451,0.00865994514
10.37488294,189.07867,0.6397527942,-0.09292639666,0.3593153844,-0.7632672531,0.6457777363,0.01785547625,0.008683172813
10.39494467,189.0987318,0.6396934673,-0.09334459712,0.3593147283,-0.763056515,0.6460268488,0.01784541411,0.00869521552
10.41986609,189.1236532,0.6396239644,-0.09382968459,0.3593163812,-0.7628122695,0.6463152145,0.01783714767,0.008713272983
10.4399128,189.1436999,0.6395736743,-0.09418340566,0.3593167739,-0.7626348578,0.6465247081,0.01782617149,0.008723702008
10.45992327,189.1637104,0.6395201759,-0.09455419324,0.3593168087,-0.7624480276,0.6467450998,0.01781785384,0.008735281426
10.48491931,189.1887064,0.6394571573,-0.09499172829,0.3593179402,-0.762228207,0.6470041147,0.01780950282,0.008755439073
10.50493765,189.2087247,0.6394108598,-0.09532082754,0.3593183656,-0.7620634597,0.647198369,0.01779479392,0.00876925633
10.52990723,189.2336943,0.6393509149,-0.09573003084,0.3593185923,-0.7618569787,0.6474415312,0.01778569211,0.008779342124
10.54992962,189.2537167,0.6393017723,-0.09606254058,0.359319553,-0.7616889588,0.6476391968,0.01778047743,0.008789508443
10.57493496,189.278722,0.6392449113,-0.09644970644,0.3593180284,-0.7614957954,0.6478663434,0.01777307736,0.008801837378
10.59493923,189.2987263,0.6392054723,-0.09672464902,0.359315211,-0.761360046,0.6480259744,0.01776352262,0.008813288226
10.61990952,189.3236966,0.6391593276,-0.0970607218,0.3593158856,-0.7611935416,0.6482218683,0.01773911354,0.008838862042
10.64493752,189.3487246,0.6391154309,-0.09740687133,0.3593175964,-0.7610264965,0.6484183966,0.01769920037,0.008887790758
10.66984034,189.3736274,0.6390818049,-0.09771733384,0.3593184622,-0.7608764598,0.648595335,0.01763544864,0.008949596596
10.68990946,189.3936965,0.639059334,-0.0979394184,0.3593185133,-0.7607658242,0.6487258501,0.01758176428,0.009000760544
10.70991802,189.4137051,0.6390377218,-0.0981414646,0.3593179016,-0.7606664608,0.6488429498,0.01753765473,0.009043927783
10.72992563,189.4337127,0.6390175951,-0.09834955957,0.3593180046,-0.7605680338,0.6489591987,0.01747972716,0.009093045798
10.7548902,189.4586773,0.639009157,-0.09862753621,0.3593176474,-0.7604607207,0.6490886316,0.01728921703,0.009193668346
10.77493429,189.4787214,0.6390366413,-0.09883741878,0.3593159203,-0.7603800729,0.6491878116,0.01699181004,0.009413202203
10.799927,189.5037141,0.6390973926,-0.09910797011,0.3593147334,-0.7602794332,0.6493127907,0.01649153372,0.009803705277
10.81993699,189.5237241,0.6391681017,-0.09933903152,0.3593131129,-0.7602232015,0.6493867553,0.01594475727,0.01016320156
10.84490943,189.5486965,0.6392899111,-0.09967677079,0.3593089725,-0.7602298662,0.6493961835,0.01494202604,0.0105774851
10.8649199,189.568707,0.6394034703,-0.09998408624,0.3593049305,-0.7602697463,0.6493659493,0.01396986244,0.01089126692
10.88990545,189.5936925,0.639532625,-0.100425777,0.3592996123,-0.7603699225,0.649271259,0.01267696104,0.01112239962
10.91492033,189.6187074,0.6396592827,-0.1008832539,0.3592944317,-0.7605619834,0.6490711327,0.01127611781,0.01117958621
10.93492889,189.638716,0.6397567771,-0.1012705789,0.3592895976,-0.7607583995,0.6488614918,0.01009083021,0.01111743254
10.95493674,189.6587238,0.6398501273,-0.1016778248,0.3592834448,-0.7609557667,0.6486495526,0.008883947603,0.01100702341
10.97992754,189.6837146,0.6399331074,-0.1022212045,0.3592760497,-0.7611955639,0.6483904446,0.007488267702,0.01072709861
11.00491786,189.7087049,0.6399746906,-0.1027763516,0.3592678423,-0.7614315235,0.6481335998,0.006268017415,0.01027539689
11.02492142,189.7287085,0.6399878366,-0.1032127923,0.3592652064,-0.7616294471,0.6479161886,0.005381123013,0.009810266625
11.04494166,189.7487288,0.6399913908,-0.1036423199,0.3592625543,-0.7618226485,0.6477026907,0.004551482404,0.009314542857
11.06992984,189.7737169,0.6399647505,-0.104159378,0.3592549654,-0.7620517748,0.6474485406,0.003697319716,0.008591258883
11.09492993,189.798717,0.6399244598,-0.1046801008,0.3592487679,-0.7622508304,0.6472273003,0.002931930371,0.007867472635
11.11494493,189.818732,0.6398907802,-0.1051028374,0.3592481127,-0.7623900485,0.6470721711,0.002341032185,0.007317031614
11.13992524,189.8437123,0.6398406931,-0.1056485638,0.3592452706,-0.7625255335,0.6469216534,0.001660587142,0.006665402223
11.16493964,189.8687267,0.639786501,-0.1061839898,0.3592393661,-0.7626290422,0.6468067957,0.001047156161,0.006067662038
11.1849401,189.8887272,0.6397405405,-0.1066064963,0.3592373384,-0.7626775649,0.6467539224,0.0006154507004,0.005649521764
11.20991683,189.9137039,0.6396804048,-0.1071168749,0.3592389515,-0.7626769293,0.64675836,0.0001884852646,0.005243072556
11.22993898,189.9337261,0.6396284074,-0.1075077813,0.35923737,-0.7626175947,0.6468300889,-4.017831996e-05,0.005023827092
11.25492215,189.9587092,0.6395593118,-0.1079780747,0.3592329565,-0.7624924823,0.6469789125,-0.0002245927374,0.004842588598
11.27492881,189.9787159,0.6394992957,-0.1083516228,0.35923393,-0.7623422378,0.6471563474,-0.0002880631799,0.004784509648
11.29493785,189.9987249,0.6394392776,-0.1087041273,0.3592396803,-0.7621713282,0.6473575933,-0.0002970881812,0.004787970486
11.31989002,190.0236771,0.6393643301,-0.109141532,0.3592458069,-0.7619524546,0.6476151126,-0.0002991506926,0.004799310172
11.339926,190.0437131,0.639294383,-0.1095211008,0.3592478943,-0.7617614048,0.6478397092,-0.0002890111433,0.004815572077
11.36492252,190.0687096,0.6392085643,-0.1099657378,0.3592553984,-0.7615372038,0.6481029418,-0.0002644040676,0.004857387423
11.38994789,190.093735,0.6391250687,-0.1104102187,0.3592665169,-0.7613122902,0.6483668148,-0.0002446168918,0.004900043346
11.41492867,190.1187158,0.6390262544,-0.1108929333,0.3592741367,-0.7610683519,0.648652776,-0.0002104245817,0.004949300291
11.43495727,190.1387444,0.6389512647,-0.1112756541,0.3592815977,-0.7608751216,0.6488791561,-0.0001899210084,0.00498538613
11.45992398,190.1637111,0.6388494497,-0.1118262449,0.3592922864,-0.7605960548,0.6492059034,-0.0001701733271,0.005030655042
11.47992945,190.1837165,0.6387688695,-0.1122473823,0.3593095604,-0.7603824929,0.6494555555,-0.000145563175,0.005091639567
11.50493717,190.2087243,0.6386680379,-0.1128012039,0.3593326881,-0.7601008318,0.6497846618,-0.0001264107685,0.005157787639
11.52494097,190.2287281,0.6385757419,-0.1132956967,0.3593504874,-0.7598495938,0.6500780038,-0.0001078699683,0.005212680495
11.54984212,190.2536292,0.6384716807,-0.113873943,0.3593844507,-0.7595550074,0.6504214454,-8.643797964e-05,0.005303450172
11.56984806,190.2736351,0.6383752614,-0.114402978,0.3594083982,-0.7592850702,0.6507359892,-6.857625184e-05,0.005371200071
11.59491992,190.298707,0.6382641039,-0.1149594991,0.3594391792,-0.7590020463,0.6510652178,-2.666197529e-05,0.005474952495
11.61985397,190.3236411,0.6381456446,-0.1155360331,0.3594798365,-0.7587089275,0.6514056482,2.505216168e-05,0.005607519709
11.63991785,190.3437049,0.6380693496,-0.1159230988,0.3595314925,-0.7585112511,0.6516345451,6.759407479e-05,0.005752999743
11.65993476,190.3637218,0.6379911409,-0.1163366932,0.3595864987,-0.7582995785,0.6518795114,0.0001066153251,0.005902582495
11.68490291,190.38869,0.6379014602,-0.1167742091,0.3596557981,-0.7580759207,0.652137698,0.0001709818835,0.006106731558
11.70493388,190.408721,0.6378254552,-0.1171108466,0.359713396,-0.7579044451,0.6523352768,0.0002342102644,0.006283617339
11.72993708,190.4337242,0.6377459136,-0.1174396071,0.3598051314,-0.7577371382,0.6525268764,0.0003270318949,0.006557291949
11.75493073,190.4587178,0.6376770141,-0.1177231772,0.359910931,-0.7575921803,0.6526919623,0.0004243151864,0.006863718951
11.77993512,190.4837222,0.6376091545,-0.1179843235,0.3600124447,-0.7574589302,0.6528433174,0.0005236882304,0.007162247062
11.8049438,190.5087309,0.6375301463,-0.1182243097,0.3601089956,-0.7573382999,0.6529796265,0.0006492790373,0.007475648021
11.82991719,190.5337043,0.6374394112,-0.1184870095,0.3601998074,-0.757206552,0.6531285693,0.0007861945737,0.007790477911
11.84993196,190.553719,0.6373655805,-0.1186804599,0.3602754153,-0.7571101892,0.6532368731,0.0009060303063,0.008057797207
11.87490702,190.5786941,0.6372777066,-0.1189206223,0.3603687001,-0.7569898054,0.6533720698,0.00104804947,0.008382989668
11.89983416,190.6036212,0.6371745942,-0.1191768643,0.3604541144,-0.756862572,0.6535149801,0.001205918181,0.008704231342
11.91985202,190.6236391,0.6370936345,-0.1193694085,0.360523262,-0.756767164,0.6536216363,0.001335189573,0.00896846013
11.94478488,190.648572,0.6369828896,-0.119664233,0.3606074189,-0.7566200312,0.6537870605,0.001494794548,0.009293734551
11.96491909,190.6687062,0.6369069219,-0.1198715294,0.3606801035,-0.7565157724,0.6539037709,0.001608124328,0.00954769339
11.98982739,190.6936145,0.6367906387,-0.1202187048,0.3607583197,-0.7563411556,0.6541010366,0.001750384685,0.009840040547
12.00984192,190.713629,0.636692029,-0.1204786688,0.3608051206,-0.7562121011,0.6542466714,0.001872235535,0.01005215787
12.03492451,190.7387116,0.6365624635,-0.120822667,0.3608554666,-0.7560412526,0.6544396299,0.002028584271,0.01030921787
12.05992866,190.7637157,0.6364402481,-0.1211332172,0.3608896273,-0.7558876536,0.6546132729,0.002170720669,0.01051693721
12.08490443,190.7886915,0.6362925632,-0.1214748868,0.3608813289,-0.7557207516,0.6548032574,0.002323582634,0.01065085251
12.10991049,190.8136976,0.6361179207,-0.1218636882,0.3608382017,-0.7555319991,0.6550190462,0.002492377996,0.01073477443
12.13483119,190.8386183,0.6359350711,-0.1222713218,0.3607724755,-0.7553340246,0.6552460419,0.002659224061,0.01077332106
12.15484118,190.8586283,0.6357871375,-0.1226159949,0.360706296,-0.7551660998,0.655439257,0.002778706171,0.01076201076
12.17493439,190.8787215,0.6356234684,-0.1229759109,0.3606179424,-0.7549919129,0.6556400733,0.002908499476,0.01071664206
12.19991422,190.9037013,0.6354168168,-0.1234014665,0.36050128,-0.7547875292,0.6558754895,0.00308146096,0.01065986262
12.22491932,190.9287064,0.6352089505,-0.1238545853,0.3603906656,-0.7545679532,0.6561280537,0.003249891192,0.01061222509
12.24984241,190.9536295,0.6350251139,-0.1242788017,0.3602967193,-0.7543609834,0.6563660046,0.003390321046,0.01056789935
12.26991415,190.9737012,0.6348847489,-0.1246584473,0.3602345446,-0.7541729421,0.6565820877,0.003480551913,0.01053666144
12.28991771,190.9937048,0.6347534954,-0.1250026667,0.3601793882,-0.7540025589,0.6567775999,0.003568906362,0.01051610024
12.3099215,191.0137086,0.6346519994,-0.1253558201,0.3601497333,-0.7538240031,0.6569824514,0.003612421072,0.01050625255
12.32994008,191.0337272,0.6345610893,-0.1257116571,0.3601325493,-0.7536423509,0.6571906599,0.003641205577,0.01050643199
12.35491633,191.0587034,0.6344643675,-0.1261269701,0.3601268925,-0.7534292304,0.6574346816,0.003661290784,0.01051803508
12.37492156,191.0787086,0.6343849484,-0.1264705473,0.3601188401,-0.7532534326,0.6576360066,0.003674760679,0.01051880543
12.39493346,191.0987206,0.6342966527,-0.1268374433,0.3601080449,-0.753065482,0.6578510721,0.003694521675,0.01052127583
12.41989851,191.1236856,0.6341918004,-0.1272985472,0.3601057366,-0.7528281088,0.6581223066,0.003712855077,0.01053959081
12.44490957,191.1486967,0.6340910271,-0.1277715855,0.3601059048,-0.7525852937,0.6583997608,0.003718033798,0.01055021255
12.46492887,191.168716,0.6339984623,-0.1281698071,0.3601048904,-0.7523814586,0.6586322428,0.003737248146,0.01057083165
12.48986411,191.1936512,0.633888543,-0.1285993491,0.3601035116,-0.7521637206,0.6588799596,0.003778161551,0.01061422461
12.50992584,191.2137129,0.6338110432,-0.1289310786,0.3601072769,-0.7519947152,0.6590722463,0.003796558266,0.01064465225
12.5349133,191.2387004,0.6337218349,-0.1293321934,0.3601232753,-0.7517882176,0.659306804,0.00381473987,0.01069867997
12.55492902,191.2587161,0.6336610312,-0.1296255449,0.3601387691,-0.7516402288,0.6594748149,0.003821455087,0.01073924306
12.57493138,191.2787185,0.6336011181,-0.129905409,0.3601503238,-0.7515089645,0.6596237945,0.003829157158,0.01077328218
12.59980202,191.3035891,0.6335281532,-0.1302313714,0.3601662372,-0.7513609355,0.6597914595,0.003845510153,0.01082527498
12.61980462,191.3235917,0.6334738333,-0.1304938127,0.3601828915,-0.7512360512,0.6599329298,0.00385112757,0.01086702757
12.63983607,191.3436232,0.6334206302,-0.1307518298,0.3601910004,-0.751130746,0.6600524756,0.003849784471,0.01088627548
12.66480803,191.3685951,0.6333562469,-0.1310668467,0.3602022155,-0.7510206278,0.6601774731,0.003841491099,0.0109070417
12.68982077,191.3936079,0.6332960658,-0.1313659368,0.3602186303,-0.7509047308,0.6603091631,0.003819392243,0.01092275446
12.7147963,191.4185834,0.6332338538,-0.1316707164,0.3602304166,-0.7507760158,0.6604554613,0.003800884897,0.01093210613
12.73485398,191.4386411,0.6331855659,-0.1319061282,0.3602402189,-0.7506853843,0.6605583408,0.003788648812,0.0109443295
12.7549274,191.4587145,0.6331377072,-0.1321394742,0.36025554,-0.7506064332,0.6606476987,0.003779213323,0.01096896787
12.77991104,191.4836981,0.6330725157,-0.1324441026,0.3602733899,-0.7505105549,0.6607559226,0.003779949983,0.0110104367
12.79992008,191.5037072,0.633017864,-0.1326953123,0.3602832456,-0.7507004409,0.6605396756,0.003778954245,0.01104103372
12.82491279,191.5286999,0.6329486587,-0.1330266388,0.3602948657,-0.7520693095,0.658980408,0.003747045398,0.01106956506
12.84491873,191.5487058,0.6328858876,-0.1333250487,0.360299229,-0.7539089066,0.656874952,0.003708510766,0.01108625296
12.86991119,191.5736983,0.6327901781,-0.1337564764,0.360295007,-0.7567446392,0.653606057,0.003659180681,0.01110331944
12.89493012,191.5987172,0.6326872215,-0.1342208207,0.3602901305,-0.7599020884,0.6499324522,0.003601522885,0.01111992215
12.91992497,191.6237121,0.6325746127,-0.1347490417,0.3602922111,-0.7631059509,0.6461677481,0.003535522001,0.01113773568
12.93992877,191.6437159,0.632469514,-0.1352130693,0.3602883434,-0.7654427927,0.6433979591,0.003502883059,0.011141239
12.96492434,191.6687114,0.6322967503,-0.1358694196,0.3602592736,-0.7679544058,0.6403984788,0.003509693462,0.0111131032
12.98991942,191.6937065,0.6321209956,-0.1365880509,0.3602401758,-0.7700398704,0.6378893166,0.003488653114,0.01111967277
13.01483917,191.7186263,0.6319584664,-0.1373372896,0.360240814,-0.7717480321,0.6358215965,0.003445241762,0.01113565481
13.03491521,191.7387023,0.6318257935,-0.1379475946,0.3602409938,-0.772768566,0.6345808374,0.003415515287,0.01114623502
13.05993915,191.7637262,0.6316475771,-0.1387583807,0.3602401297,-0.7735844718,0.6335859502,0.00338770896,0.01115491587
13.08492184,191.7887089,0.6314696201,-0.1395848291,0.3602433841,-0.7740620142,0.6330022085,0.00334876943,0.01117980089
13.10985804,191.8136451,0.6313005746,-0.140415629,0.3602571208,-0.7743862956,0.632604863,0.003282257076,0.01123295754
13.13491106,191.8386981,0.6311242372,-0.1412304419,0.3602635441,-0.7745802817,0.632367048,0.003247385396,0.01125869409
13.15491414,191.8587012,0.6309757188,-0.1418846856,0.3602632859,-0.7746622448,0.6322665694,0.003237697447,0.01126538756
13.1799221,191.8837092,0.6307895276,-0.1426991533,0.3602677601,-0.7747181811,0.6321976907,0.003228633437,0.01128696941
13.20491338,191.9087005,0.6306122536,-0.1434816245,0.3602751555,-0.7747472578,0.6321617043,0.003216798086,0.01131010334
13.2249217,191.9287088,0.6304759914,-0.1440751544,0.3602801064,-0.7748352919,0.6320534507,0.003210501237,0.0113313061
13.24983978,191.9536269,0.6303096121,-0.1447782924,0.3602893932,-0.7749874718,0.6318662063,0.003208297446,0.01136761633
13.26992178,191.9737089,0.6301834541,-0.1453269907,0.3603045894,-0.7752047177,0.6315989911,0.003198393334,0.01140747201
13.29489756,191.9986846,0.6300349616,-0.1459739554,0.3603262774,-0.7756924044,0.6309989602,0.003183523877,0.01146608514
13.31986642,192.0236535,0.6298908018,-0.1465943428,0.3603411022,-0.7762565619,0.6303040755,0.003168120587,0.01151023754
13.33988571,192.0436728,0.6297712461,-0.1471067938,0.3603542184,-0.7767076883,0.6297474736,0.003154864582,0.011547007
13.35991049,192.0636976,0.6296550986,-0.1476041329,0.3603666287,-0.7771596837,0.629189026,0.00314080779,0.0115814891
13.38491011,192.0886972,0.6295013278,-0.1482588798,0.3603784908,-0.7776104985,0.6286311929,0.003125102732,0.0116176455
13.40991211,192.1136992,0.6293554669,-0.1488757983,0.3603879072,-0.7778886936,0.6282864621,0.003112895942,0.01164524971
13.42991662,192.1337037,0.6292233227,-0.1494323873,0.3603953046,-0.7778902783,0.6282841259,0.003105681878,0.01166734166
13.44992065,192.1537077,0.6290981057,-0.1499594622,0.3604054548,-0.7779147319,0.6282533926,0.003097869065,0.01169392375
13.46992803,192.1737151,0.628960052,-0.1505388258,0.3604129567,-0.7778423907,0.628342587,0.003090498614,0.01171569054
13.49492621,192.1987133,0.6287871855,-0.1512584532,0.3604186463,-0.7777429581,0.6284653143,0.003082939606,0.01173607042
13.51990485,192.2236919,0.6285975899,-0.1520442613,0.360423851,-0.7775474093,0.6287069922,0.00307357585,0.01175148322
13.53991842,192.2437055,0.6284503226,-0.1526520904,0.360428574,-0.7773326773,0.6289722249,0.003067595169,0.01176600951
13.56491399,192.2687011,0.6282588835,-0.1534388413,0.3604341359,-0.7769994493,0.629383566,0.003060425774,0.01178204236
13.58992028,192.2937074,0.628073873,-0.1541941967,0.3604364874,-0.7766792594,0.6297785023,0.003053733359,0.01179155245
13.61492181,192.3187089,0.6278854227,-0.1549593041,0.3604386541,-0.7763824111,0.6301442921,0.003046208029,0.01180014559
13.63985348,192.3436406,0.6277041622,-0.1556922705,0.3604448258,-0.7760878387,0.6305067446,0.003039695258,0.01181828658
13.65986395,192.363651,0.6275681757,-0.1562400257,0.3604508513,-0.7758728804,0.630770941,0.003034966571,0.01183564335
13.679914,192.3837011,0.6274379199,-0.1567624557,0.360455824,-0.7756561026,0.6310371909,0.003031852387,0.01185251233
13.7048912,192.4086783,0.6272812592,-0.1573878904,0.3604608376,-0.7753603543,0.6314002963,0.003027467495,0.01186681565
13.72489619,192.4286833,0.6271561512,-0.1578854404,0.3604659827,-0.7751202031,0.6316948264,0.003024506517,0.01188147291
13.74492908,192.4487162,0.6270386041,-0.158352347,0.3604703589,-0.7749140422,0.6319474698,0.003020933698,0.01189523406
13.76993823,192.4737253,0.6268990494,-0.1589093331,0.3604771859,-0.774682094,0.6322312909,0.00301318073,0.01192345528
13.79489994,192.498687,0.6267796029,-0.1593838159,0.3604812398,-0.774481159,0.6324767055,0.003014116902,0.01196103501
13.81491923,192.5187063,0.6266869543,-0.1597476421,0.3604831941,-0.7743338671,0.632656622,0.00301724662,0.01198153468
13.8397882,192.5435753,0.6265738363,-0.1601915997,0.360493895,-0.7741886542,0.6328336255,0.003017800841,0.01201761476
13.85990191,192.563689,0.6264945593,-0.160508959,0.3604987381,-0.7741839771,0.6328388691,0.003013926611,0.01204373768
13.88491249,192.5886996,0.6263924457,-0.1609078626,0.3604889212,-0.774358307,0.6326252384,0.003014877288,0.01205946326
13.90992284,192.6137099,0.6262921485,-0.161297014,0.3604858646,-0.7746507951,0.6322666672,0.003012782619,0.01208016205
13.92992568,192.6337128,0.6262140788,-0.1616014208,0.3604862971,-0.7750329153,0.631798082,0.003001288351,0.01208949967
13.94995189,192.653739,0.626141455,-0.1618834331,0.3604846222,-0.7755160436,0.6312048883,0.00298877535,0.01209637211
13.97491121,192.6786983,0.6260518034,-0.1622292849,0.3604804336,-0.7761929051,0.6303722032,0.0029760304,0.0121079624
13.99988389,192.703671,0.6259546385,-0.1626037311,0.3604790427,-0.7768517661,0.6295599285,0.00296043006,0.0121188193
14.02489567,192.7286828,0.6258555709,-0.1629849054,0.3604761256,-0.7774904472,0.6287709912,0.002943083611,0.01212367008
14.04491615,192.7487032,0.6257796965,-0.1632761661,0.3604736916,-0.7779459662,0.6282072921,0.002930689399,0.0121277735
14.06989288,192.77368,0.6256821254,-0.1636555462,0.360476166,-0.7783663602,0.6276863071,0.002912656913,0.01213365448
14.089921,192.7937081,0.6255971575,-0.1639833684,0.3604771911,-0.7785661806,0.6274384385,0.00290108537,0.01213639322
14.1148963,192.8186834,0.6254835605,-0.1644162989,0.3604754799,-0.7786547953,0.6273284752,0.002891969478,0.01213797087
14.13489842,192.8386855,0.6253837852,-0.1647959911,0.3604754585,-0.7785836575,0.6274167415,0.002886080048,0.01214048596
14.15988946,192.8636765,0.6252558571,-0.1652910269,0.3604790759,-0.7784292608,0.6276082411,0.002875162248,0.01214557575
14.18489933,192.8886864,0.6251198902,-0.1658047188,0.3604791648,-0.7782521998,0.6278278129,0.002868428097,0.01214590579
14.20490885,192.9086959,0.6250004589,-0.1662536224,0.3604803079,-0.7780609629,0.628064739,0.002864100258,0.01214983565
14.22989392,192.933681,0.6248588574,-0.1667858505,0.3604806589,-0.7778289884,0.6283519693,0.002858184728,0.01215311943
14.24991822,192.9537053,0.6247366454,-0.1672434926,0.3604806094,-0.7776360303,0.6285907397,0.002852745439,0.01215517116
14.26992154,192.9737086,0.6246159922,-0.1676932941,0.3604845018,-0.7774763872,0.6287880692,0.002846869237,0.01216250949
14.29484272,192.9986298,0.6244708218,-0.1682333958,0.3604853444,-0.7773763352,0.6289116905,0.002839142908,0.01216792206
14.31490993,193.018697,0.6243505721,-0.1686786522,0.3604840152,-0.7773482791,0.6289463037,0.00283328632,0.01217261454
14.33989096,193.043678,0.6242233515,-0.1691575961,0.3604895937,-0.7775094602,0.6287469629,0.002816062132,0.01218054488
14.35991502,193.0637021,0.6241298734,-0.1695187737,0.3604953993,-0.7776920649,0.6285210165,0.002799011754,0.01218809246
14.384902,193.0886891,0.6240321128,-0.1698788891,0.3604977688,-0.778081078,0.6280392345,0.002785378509,0.01219826361
14.40491128,193.1086984,0.6239619483,-0.1701370355,0.3604974972,-0.7785015447,0.6275179619,0.002772151144,0.01220112875
14.42986703,193.1336541,0.6238796666,-0.170437954,0.3604967968,-0.7791106075,0.6267615939,0.002755513335,0.0122054405
14.44989228,193.1536794,0.6238295831,-0.1706220387,0.3604983331,-0.7796527334,0.6260870938,0.002740251704,0.01220890294
14.46989703,193.1736841,0.6237796624,-0.1708043422,0.3604984254,-0.7802052559,0.6253984403,0.0027261997,0.01221135746
14.49480128,193.1985884,0.6237228275,-0.1710128682,0.3604982671,-0.7808911358,0.6245418264,0.002708303069,0.0122150008
14.51978421,193.2235713,0.6236731894,-0.1712002611,0.3605004255,-0.7815391163,0.6237307592,0.00268879934,0.01221966484
14.54480696,193.248594,0.6236324926,-0.1713783268,0.3605092428,-0.7821504932,0.622963904,0.002660874782,0.01222702036
14.56480885,193.2685959,0.6235981094,-0.1715211987,0.3605125862,-0.7826743636,0.6223055672,0.002641993721,0.01223280574
14.58979774,193.2935848,0.6235530852,-0.1716867507,0.3605113042,-0.7832863381,0.6215350979,0.002628065925,0.01223633518
14.60981965,193.3136067,0.623523761,-0.171794071,0.3605123668,-0.7837365117,0.6209673529,0.002616509025,0.01223849131
14.63476753,193.3385546,0.623484586,-0.1719356875,0.3605119663,-0.784313354,0.6202386117,0.002603586947,0.01224126664
14.6547935,193.3585806,0.6234580281,-0.172030799,0.3605090061,-0.7848731196,0.6195301137,0.002594355703,0.0122431112
14.67978978,193.3835769,0.6234318711,-0.1721259644,0.3605005023,-0.7855778735,0.6186362098,0.002585358974,0.01224583886
14.70479512,193.4085822,0.6234063837,-0.1722204073,0.360500089,-0.7862864304,0.617735367,0.002569087498,0.01225012722
14.7297945,193.4335816,0.6233879648,-0.1723110549,0.3605098151,-0.7870981626,0.616700673,0.002540738085,0.0122599746
14.75475407,193.4585412,0.6233719523,-0.1723898499,0.360513278,-0.7879141563,0.6156577739,0.002517896563,0.01226572427
14.77491355,193.4787006,0.6233556124,-0.1724499559,0.3605119319,-0.7884876631,0.6149231288,0.002505908636,0.01226666962
14.79994774,193.5037348,0.6233415566,-0.1725407275,0.3605260153,-0.7891645912,0.6140540856,0.002471901709,0.0122767097
14.82490182,193.5286889,0.6233346804,-0.1726337824,0.3605458331,-0.7899334197,0.6130645972,0.00242844614,0.01229206082
14.84491563,193.5487027,0.6233256669,-0.1726827806,0.360548695,-0.7906120211,0.6121891839,0.002409230198,0.01229759216
14.86992192,193.573709,0.6233150185,-0.1727217792,0.3605474902,-0.7913847385,0.6111899518,0.002393444061,0.01230080929
14.89488435,193.5986714,0.6233038874,-0.172762058,0.3605519401,-0.7920974829,0.6102659669,0.002375673237,0.0123037978
14.91490507,193.6186922,0.6232949672,-0.1728006147,0.360552462,-0.7926701536,0.6095219331,0.002362016826,0.01230696848
14.93492007,193.6387072,0.623283485,-0.172841691,0.3605480096,-0.7931718983,0.6088689103,0.002354222613,0.01230639776
14.95990086,193.6636879,0.6232672677,-0.1729005927,0.3605443085,-0.7936559628,0.6082378072,0.002345888009,0.01230769427
14.97991204,193.6836991,0.6232496429,-0.1729649528,0.3605465861,-0.7939280354,0.6078826338,0.002337089683,0.01230918857
15.00486231,193.7086494,0.6232244607,-0.1730758051,0.3605548139,-0.7942034427,0.6075227413,0.002319289197,0.0123138661
15.02981353,193.7336006,0.6231930433,-0.1732178643,0.3605601312,-0.7944544717,0.6071943333,0.002302821587,0.0123219713
15.04986477,193.7536519,0.6231609706,-0.1733333758,0.3605563639,-0.7946340971,0.6069592235,0.002299936341,0.01232327328
15.0748136,193.7786007,0.6231037652,-0.1735460407,0.3605603967,-0.7948587716,0.6066649593,0.002286531064,0.01232607362
15.09972715,193.8035142,0.6230309003,-0.17387116,0.3605797452,-0.7950633442,0.6063967054,0.002250084309,0.01233902054
15.11983323,193.8236203,0.6229630472,-0.1741610763,0.3605900016,-0.7952552035,0.6061449575,0.002224751884,0.01234918261
15.14472151,193.8485086,0.6228495781,-0.1745715274,0.3605812634,-0.7955155396,0.6058031929,0.002218167914,0.01235303581
15.16481209,193.8685992,0.622747867,-0.1749354567,0.360582332,-0.7956682896,0.6056025375,0.002206955886,0.01235592303
15.18484187,193.888629,0.6226363829,-0.1753405979,0.3605849462,-0.795891651,0.6053089577,0.002190837918,0.01235903946
15.20984411,193.9136312,0.6224856948,-0.1758838049,0.3605811378,-0.7961923698,0.6049132717,0.002176157033,0.01236561032
15.23486638,193.9386535,0.6223411201,-0.1763949163,0.3605692634,-0.7965086232,0.6044967203,0.00216995173,0.01237011247
15.25488424,193.9586713,0.6222201369,-0.1768241743,0.360572173,-0.7967689792,0.6041535263,0.002152613607,0.01237241717
15.27984738,193.9836345,0.6220589933,-0.1774093782,0.360582683,-0.7970840782,0.6037374647,0.002126651369,0.01239045521
15.30487537,194.0086625,0.6219216519,-0.1779184619,0.3605838421,-0.7974333143,0.6032760542,0.002103508834,0.01239705565
15.32984066,194.0336277,0.6217755586,-0.1784328659,0.3605802646,-0.7977094076,0.6029109086,0.002089828187,0.01240039769
15.35491848,194.0587056,0.6216419492,-0.1789307101,0.3605947636,-0.7980205656,0.6024988964,0.002056553082,0.01241077491
15.37983418,194.0836213,0.6215084719,-0.1794855548,0.3606194167,-0.7983244968,0.6020959205,0.002002597245,0.01242940242
15.40489554,194.1086826,0.6213562463,-0.1800459958,0.3606281746,-0.7985983174,0.6017326077,0.001973389782,0.01243792599
15.42492533,194.1287124,0.6212357185,-0.1804815085,0.3606346304,-0.7987716248,0.6015025392,0.00195180617,0.01244094339
15.4498446,194.1536317,0.6210744741,-0.1810520704,0.3606428155,-0.7990140118,0.6011804119,0.001927074082,0.01245021118
15.46984625,194.1736333,0.620958471,-0.1814751007,0.3606490666,-0.7992396866,0.6008802938,0.001904168542,0.01245672941
15.49483204,194.1986191,0.6208068424,-0.182005171,0.3606452578,-0.7994767164,0.6005648982,0.001889064914,0.01245850993
15.51977563,194.2235627,0.6206550265,-0.1825236746,0.3606458441,-0.7996940809,0.6002754309,0.001873366273,0.01246091754
15.53985929,194.2436464,0.6205294088,-0.1829690248,0.3606536945,-0.7998485747,0.6000694944,0.001851560925,0.01246720204
15.56487584,194.2686629,0.6203683392,-0.1835282747,0.3606566935,-0.8000193584,0.5998417066,0.001832290726,0.01247381077
15.58987164,194.2936587,0.6202249281,-0.1840125694,0.3606534483,-0.8001486847,0.5996692702,0.001820922078,0.01247128908
15.6098845,194.3136716,0.6201017102,-0.1844263595,0.3606548449,-0.8001539148,0.5996622831,0.001811740628,0.01247302739
15.62988925,194.3336763,0.6199832371,-0.1848335503,0.3606606,-0.8000871036,0.5997513773,0.001798716199,0.01247704282
15.65486431,194.3586514,0.6198316641,-0.1853764712,0.3606680641,-0.7999835494,0.5998894538,0.001775601213,0.01248243327
15.67986155,194.3836486,0.619652036,-0.185975759,0.3606672189,-0.7998546618,0.6000612887,0.001767253716,0.01248385887
15.69986176,194.4036489,0.619513354,-0.1864413025,0.3606693207,-0.7996692184,0.600308439,0.001758477446,0.01248306768
15.72487187,194.428659,0.6193073054,-0.1871316412,0.3606720728,-0.7993750973,0.6007000064,0.0017470107,0.0124861529
15.74985504,194.4536421,0.6191159861,-0.1877791755,0.3606749687,-0.7991103471,0.6010521384,0.001732262638,0.01248916766
15.77486849,194.4786556,0.6188963655,-0.1885165867,0.3606794545,-0.7987761115,0.6014962149,0.001716705259,0.0124931999
15.79487848,194.4986656,0.6187243817,-0.1890886786,0.3606834549,-0.7985100629,0.6018493555,0.001705800028,0.01249492013
15.81487989,194.518667,0.6185251051,-0.1897563834,0.3606888253,-0.7982002357,0.6022601577,0.001691292229,0.01249902952
15.83985281,194.5436399,0.6182744122,-0.1905813283,0.3606909204,-0.7978196833,0.6027641266,0.00167810604,0.01250378102
15.86488581,194.5686729,0.6180213172,-0.1914046389,0.3606919481,-0.7974415823,0.6032642732,0.001666603442,0.01250447713
15.88985658,194.5936437,0.6177687591,-0.1922192497,0.3606944728,-0.7970554908,0.603774284,0.001656447796,0.0125065896
15.90986967,194.6136568,0.61755902,-0.1929042908,0.3606984079,-0.7967351699,0.6041968775,0.001643589592,0.01251002872
15.92988515,194.6336722,0.6173442832,-0.1935909659,0.3606960576,-0.7964142877,0.6046197731,0.001637828141,0.01251118441
15.95489907,194.6586862,0.6170810536,-0.1944283138,0.3606962352,-0.796023334,0.6051343826,0.001628635557,0.01251312493
15.97489953,194.6786866,0.6168824074,-0.1950630822,0.3607002233,-0.7957255178,0.6055259332,0.001617571047,0.01251511469
15.99989915,194.7036862,0.6166395707,-0.1958319306,0.3607023752,-0.79536213,0.6060031434,0.001607577855,0.01251751117
16.02487373,194.7286608,0.616408062,-0.1965624218,0.3607016212,-0.7950227044,0.6064483652,0.001599076232,0.01251889267
16.04987478,194.7536619,0.6161870086,-0.1972598252,0.3607041584,-0.7947050662,0.6068645247,0.001587821746,0.01252139142
16.06988239,194.7736695,0.6160187329,-0.1977950264,0.3607083508,-0.7944814256,0.6071572378,0.001576246957,0.01252470922
16.0948782,194.7986653,0.6157964731,-0.1984966275,0.3607114557,-0.7942258174,0.6074915441,0.001562009559,0.01252736917
16.11491537,194.8187025,0.6156162748,-0.199077033,0.3607175628,-0.7940456115,0.6077269817,0.001541576736,0.01253419721
16.13982058,194.8436077,0.6153850609,-0.1998136614,0.3607241346,-0.7937547453,0.608106675,0.001514871159,0.01254517391
16.15982127,194.8636084,0.6151986202,-0.200400226,0.3607285631,-0.7935022714,0.6084360169,0.001499925963,0.01255025265
16.1798718,194.8836589,0.6149992106,-0.2010119843,0.3607282371,-0.7932278673,0.6087937131,0.001493164413,0.0125513298
16.20489502,194.9086821,0.61475513,-0.2017566435,0.3607259796,-0.7928955121,0.6092264883,0.001485180837,0.01255336627
16.22489977,194.9286869,0.6145631212,-0.2023447392,0.3607268956,-0.7926258689,0.6095771978,0.001472856342,0.01255796842
16.24988317,194.9536703,0.6143220288,-0.2030774383,0.3607288614,-0.7922885713,0.6100154949,0.001461877859,0.01256099997
16.27488112,194.9786682,0.6140879846,-0.2037852401,0.3607283292,-0.7919643483,0.6104363383,0.001452525411,0.01256336106
16.29990292,195.00369,0.6138631852,-0.2044684986,0.3607279757,-0.791655186,0.6108370791,0.00143410535,0.012572695
16.32489109,195.0286782,0.6136760521,-0.2050502689,0.3607300644,-0.7914057334,0.6111598389,0.001394701003,0.01259648208
16.34490561,195.0486927,0.6135291722,-0.2055000179,0.360732052,-0.7912099617,0.611413115,0.001375537241,0.01260584397
16.3649075,195.0686946,0.6133952074,-0.205901028,0.3607314063,-0.7910405885,0.6116321865,0.00136841775,0.01260885317
16.38989711,195.0936842,0.6132321692,-0.2063879102,0.3607290613,-0.7908734164,0.6118482509,0.001357828748,0.01261401446
16.40992403,195.1137111,0.6131253369,-0.206713687,0.3607300151,-0.7907979757,0.6119455925,0.001339468603,0.01262376142
16.43491292,195.1387,0.6130152395,-0.2070679695,0.3607342333,-0.7906941098,0.6120793614,0.001295966,0.01264913019
16.45491552,195.1587026,0.6129383147,-0.2073062757,0.3607325021,-0.7905874024,0.612216864,0.001270959935,0.0126670933
16.47990108,195.1836882,0.6128588212,-0.2075482789,0.3607307722,-0.7904704016,0.6123677199,0.001253820454,0.0126786284
16.5048213,195.2086084,0.612813616,-0.2077017223,0.3607328974,-0.790394647,0.6124651426,0.00122232935,0.01269870015
16.52486897,195.2286561,0.6127995945,-0.2077644043,0.3607335977,-0.790363242,0.6125052402,0.001187668494,0.01272264907
16.54487872,195.2486658,0.612788473,-0.2078100773,0.3607315009,-0.7903404536,0.6125343322,0.001164169037,0.0127398591
16.56987691,195.273664,0.6127802745,-0.2078434211,0.3607240722,-0.7903238058,0.6125555456,0.001150387613,0.01275390866
16.5898807,195.2936678,0.612783497,-0.2078524448,0.3607180364,-0.7903190678,0.6125612168,0.001124778873,0.01277738825
16.61487007,195.3186572,0.6127999077,-0.207833618,0.3607219166,-0.7903278263,0.6125488935,0.0010780792,0.01283034863
16.63987398,195.3436611,0.6128152597,-0.207805159,0.3607298201,-0.7903414207,0.6125304341,0.001055865051,0.01287598914
16.65987611,195.3636632,0.6128245595,-0.2077898992,0.3607269517,-0.7903486856,0.612520537,0.001050486249,0.01290129258
16.68488002,195.3886671,0.6128409165,-0.2077644393,0.3607310281,-0.7903608253,0.6125039497,0.001029321518,0.01294673563
16.709903,195.4136901,0.6128692676,-0.207727754,0.360745481,-0.7903779674,0.6124804094,0.0009948786171,0.01301640948
16.73487163,195.4386587,0.6128935009,-0.2077020459,0.3607431431,-0.7903897698,0.6124640948,0.0009831705254,0.01306819465
16.75985622,195.4636433,0.6129387669,-0.2076729993,0.3607741777,-0.7904020785,0.6124464579,0.0009223150823,0.01315446265
16.77988696,195.483674,0.6129907418,-0.2076278816,0.3608144304,-0.7904222463,0.6124180481,0.000832268273,0.01327080229
16.80486774,195.5086548,0.6130602834,-0.2075661846,0.3608417011,-0.790449967,0.6123783499,0.0006726678783,0.01345933339
16.82985973,195.5336468,0.6131092937,-0.2075441259,0.3608398439,-0.7904586105,0.6123642088,0.0005238688733,0.01360097122
16.85480237,195.5585895,0.6131786115,-0.207528299,0.3608503771,-0.7904629262,0.6123545566,0.00029986909,0.01379018893
16.87487411,195.5786612,0.6132487013,-0.2075117651,0.3608472584,-0.7904675732,0.612343792,4.080313147e-05,0.01400337723
16.89989305,195.6036801,0.6133173265,-0.207489993,0.3608264321,-0.790474765,0.6123293649,-0.0002164681238,0.01422490575
16.92486453,195.6286516,0.6133630573,-0.2074657347,0.3608267514,-0.7904845167,0.6123136714,-0.0003509824288,0.01435525977
16.94487929,195.6486664,0.613395845,-0.2074276239,0.3608212843,-0.7905019136,0.6122891993,-0.0004019995238,0.01443950401
16.96988845,195.6736755,0.6134370379,-0.2073806224,0.360811535,-0.7905233052,0.6122591631,-0.000441266271,0.01454050999
16.99487519,195.6986623,0.6134749477,-0.2073497056,0.3608110669,-0.7905365526,0.6122401642,-0.0004712354924,0.01461910683
17.01988292,195.72367,0.6135287854,-0.2073107125,0.3608111722,-0.7905529883,0.6122159254,-0.0005461971928,0.01474228882
17.04490256,195.7486897,0.6136082091,-0.2072759841,0.3607953921,-0.7905656891,0.6121947301,-0.0007010442674,0.01493359291
17.06990767,195.7736948,0.6137050615,-0.2072610349,0.3607790678,-0.7905671897,0.6121866894,-0.0009410646909,0.0151687276
17.09481287,195.7986,0.6138399191,-0.2072547258,0.3608218039,-0.7905620499,0.612184807,-0.001330208801,0.0154802394
17.11489439,195.8186815,0.6140771404,-0.207345375,0.3609998475,-0.7905009413,0.6122538375,-0.001823134237,0.01581696505
17.13490534,195.8386924,0.6144730811,-0.2075777002,0.3610205782,-0.790356565,0.6124292142,-0.002178147233,0.01619300914
17.15987921,195.8636663,0.6154483646,-0.2080302991,0.3610967096,-0.7900591618,0.6127853347,-0.002780177051,0.01711505063
17.17990136,195.8836884,0.6165480527,-0.2085117695,0.3610248517,-0.789734849,0.6131697874,-0.003310058374,0.01818580668
17.20487571,195.9086628,0.6182695762,-0.2092324527,0.3607161359,-0.7892368932,0.6137538379,-0.003970507443,0.01988939225
17.22488165,195.9286687,0.6199086375,-0.2099513298,0.3603005794,-0.7887399062,0.6143342664,-0.004512916486,0.02150355967
17.24989724,195.9536843,0.6221465254,-0.2109960234,0.3594847853,-0.7880155557,0.6151785433,-0.005070925277,0.02368817119
17.2748816,195.9786687,0.6243420105,-0.2119232979,0.3582929538,-0.7873389681,0.615961061,-0.004992578165,0.02577585548
17.29988861,196.0036757,0.6263436167,-0.2125438578,0.3570085824,-0.786828588,0.6165604865,-0.003434985514,0.02724225425
17.31990218,196.0236893,0.6277539145,-0.2129453963,0.3558917869,-0.786482539,0.6169837307,-0.001118941764,0.02783953684
17.34489536,196.0486825,0.6293635733,-0.2136443349,0.3545743206,-0.7859687075,0.61762942,0.002461005253,0.02794698316
17.36990595,196.073693,0.6308459701,-0.2144022978,0.3534562713,-0.7854519757,0.6182718584,0.006341895044,0.0276565252
17.38990831,196.0936954,0.632007869,-0.2149561966,0.3527953095,-0.7850561785,0.6187453881,0.009287712132,0.02747143501
17.4148798,196.1186669,0.6334407769,-0.2155783772,0.3521652619,-0.7845803132,0.6192919338,0.01274546114,0.02736395759
17.43989801,196.1436851,0.6348592871,-0.2160238293,0.3516435916,-0.7841828157,0.6197146888,0.01607425434,0.02743418212
17.4649117,196.1686988,0.6363412065,-0.2162707083,0.3513059765,-0.7838775455,0.6199985031,0.01900449279,0.02786896402
17.48988128,196.1936684,0.6379002289,-0.216450077,0.3510341478,-0.783612089,0.6202228517,0.0212304575,0.02872239473
17.51488638,196.2186735,0.6395776015,-0.2168471655,0.3510798546,-0.783248001,0.620583579,0.02235444246,0.02998114975
17.53988838,196.2436755,0.6413152215,-0.2175007407,0.3512955563,-0.782824955,0.6210439167,0.02251849872,0.03134422628
17.55989742,196.2636845,0.6426780887,-0.2180526925,0.3515031119,-0.7825420354,0.6213562346,0.02229711319,0.03236095275
17.58481407,196.2886012,0.6443320698,-0.2187953475,0.3518724444,-0.7822717941,0.6216636847,0.02165868119,0.03340665681
17.60487604,196.3086631,0.6455721448,-0.2193951215,0.3522220938,-0.7821231251,0.621838229,0.02103659957,0.03403080258
17.62488151,196.3286686,0.6467184887,-0.2198946472,0.3526437893,-0.7820586835,0.6219114598,0.02039539679,0.03455979739
17.64489341,196.3486805,0.6477872506,-0.2203320867,0.3530901508,-0.78203905,0.6219303382,0.01978667621,0.03501522807
17.66989541,196.3736825,0.6490456129,-0.220861666,0.3537039562,-0.7820969591,0.6218651086,0.01894785667,0.0353427783
17.69484663,196.3986337,0.6501997851,-0.2214559057,0.3543747632,-0.782226444,0.6217322055,0.01799375667,0.03531401607
17.71986794,196.423655,0.6511625592,-0.2220618576,0.3550558079,-0.7824103032,0.6215482743,0.01723965273,0.03485189334
17.74484634,196.4486334,0.6519204389,-0.2224919433,0.3557040506,-0.7826902693,0.6212464683,0.01697789131,0.03406639359
17.76486945,196.4686565,0.6524017198,-0.2226543173,0.356153761,-0.783039416,0.6208497365,0.01710213303,0.03320232823
17.78984308,196.4936302,0.6529028119,-0.2228318439,0.3567996579,-0.7835803476,0.6202364135,0.01718366253,0.03183318981
17.81483841,196.5186255,0.6532285382,-0.2230283935,0.3574400692,-0.7842030711,0.6195354635,0.01730787217,0.03002982274
17.83490968,196.5386968,0.6533776722,-0.2231833718,0.3578901682,-0.7847347005,0.618936732,0.0174669574,0.02834919694
17.85984516,196.5636322,0.6535360254,-0.2232763075,0.3583916091,-0.7854404718,0.6181272978,0.01760790583,0.02630343389
17.88485789,196.588645,0.6536932897,-0.2232147187,0.3588443752,-0.7861940448,0.6172431858,0.01760633435,0.02449062043
17.90983009,196.6136172,0.6538215948,-0.2230582721,0.3592945231,-0.7869437568,0.6163505272,0.0175244143,0.02290078746
17.9298315,196.6336186,0.653903483,-0.2228161642,0.3595981864,-0.7875255029,0.615644046,0.01755192265,0.0218614029
17.94983339,196.6536205,0.6539838186,-0.2224866004,0.3598173271,-0.78807904,0.6149604461,0.01770141319,0.0210175254
17.9748683,196.6786554,0.6541198964,-0.2219879926,0.3600408464,-0.7887304675,0.6141434671,0.01785965428,0.02032447139
17.99977803,196.7035651,0.6542589302,-0.2214657114,0.3602547036,-0.7893054865,0.6134131221,0.01798851077,0.01994001455
18.02471614,196.7285032,0.6544207244,-0.220861003,0.3603989016,-0.7898287934,0.6127362837,0.01818419484,0.01985091348
18.04474211,196.7485292,0.6545992339,-0.220299671,0.360423693,-0.7902092537,0.6122328066,0.01838367616,0.02005907397
18.06966138,196.7734485,0.6548847113,-0.2195127945,0.3603453382,-0.7906459026,0.6116404214,0.01863314638,0.0206847159
18.08970952,196.7934966,0.6551215831,-0.2188491935,0.3601767491,-0.7909505684,0.6112119155,0.01899509156,0.02136303441
18.10978866,196.8135757,0.6553612666,-0.2182083699,0.3598792996,-0.7912357545,0.6108037715,0.0194586224,0.02204757358
18.12987971,196.8336668,0.6555977604,-0.2176264029,0.3594551412,-0.7914977644,0.6104249192,0.01996733776,0.0226718428
18.14988136,196.8536685,0.6558394099,-0.2171210936,0.3588957399,-0.7917220879,0.6100942137,0.02052824474,0.02323310454
18.1698966,196.8736837,0.6560733711,-0.2166638439,0.3582428472,-0.7919194047,0.6097970404,0.02114337908,0.0237525468
18.19488668,196.8986738,0.6563439422,-0.2161893176,0.3573382374,-0.7921201942,0.6094859823,0.02195244438,0.02430073025
18.21986771,196.9236548,0.6566421803,-0.2158946462,0.356320962,-0.7922428613,0.6092812668,0.02271843335,0.02472770492
18.24488735,196.9486744,0.6569694472,-0.2157816315,0.3551902074,-0.7923000835,0.6091679552,0.02342056723,0.02502912339
18.26989007,196.9736772,0.6572718697,-0.2158933093,0.3539390572,-0.7922824315,0.6091616296,0.02408453087,0.02511161544
18.29489636,196.9986835,0.6575889599,-0.2162565453,0.3527131848,-0.7922175905,0.6092391734,0.02445138532,0.02492084886
18.31988049,197.0236676,0.6579873286,-0.2167917423,0.3516490189,-0.7921331824,0.609362117,0.02447099149,0.02457645568
18.33990026,197.0436873,0.6583611516,-0.2172269471,0.3508740358,-0.7920470672,0.6094843586,0.02440318559,0.02438738271
18.36489677,197.0686839,0.6588528371,-0.217769293,0.3499810271,-0.7919010845,0.6096827306,0.02429957621,0.0242728432
18.38990092,197.093688,0.6593830472,-0.2183635301,0.3492497004,-0.7916828116,0.6099731446,0.02409551728,0.02430009777
18.40990877,197.1136959,0.6598622753,-0.2188622578,0.348802402,-0.7914711042,0.6102541363,0.02381864594,0.02441418578
18.43483019,197.1386173,0.6607109113,-0.218982955,0.3483663257,-0.7913836722,0.6103728539,0.02340336496,0.02468086496
18.45981979,197.1636069,0.6618236261,-0.2186861307,0.3481158391,-0.7914642642,0.6102785809,0.02280484655,0.02498621924
18.48482156,197.1886086,0.6631813621,-0.217918653,0.3480835377,-0.7917619954,0.6099084669,0.02198347213,0.0253245246
18.50482893,197.208616,0.6644236521,-0.2170846679,0.3481242831,-0.792116376,0.6094671263,0.02118319452,0.02554879841
18.52982473,197.2336118,0.666147994,-0.2157068468,0.3482232364,-0.7927770531,0.6086426563,0.02007781995,0.02560355597
18.55482316,197.2586102,0.6679445994,-0.2140778176,0.3485542265,-0.7936580839,0.6075480921,0.0190505325,0.02508463353
18.57982063,197.2836077,0.669729268,-0.212367989,0.3490265342,-0.794697437,0.6062622451,0.0181899874,0.02389975028
18.60480857,197.3085957,0.6715100567,-0.2106886678,0.3495831307,-0.7958317532,0.6048625088,0.01742831416,0.02212283808
18.62481189,197.328599,0.6729123553,-0.2095140862,0.3501035391,-0.7967473281,0.6037388833,0.01675183152,0.02030842617
18.64481378,197.3486009,0.67424526,-0.2085949947,0.3507140829,-0.7976027858,0.6026952628,0.0160667055,0.01816802868
18.66482544,197.3686125,0.6755084442,-0.2078242643,0.3513211955,-0.7983964823,0.6017230149,0.01550605698,0.01587553226
18.68986058,197.3936477,0.677025869,-0.2068555679,0.3520595287,-0.7993528897,0.6005345692,0.01500002399,0.01296873848
18.70987344,197.4136605,0.6782288567,-0.206160078,0.3526758895,-0.8000491163,0.5996625181,0.01455412289,0.01069829096
18.73482943,197.4386165,0.6796726203,-0.2055334582,0.353507026,-0.8007855248,0.5987377201,0.0139320533,0.007847532433
18.75983977,197.4636269,0.6809634904,-0.2052083396,0.3541945592,-0.8013270457,0.5980509663,0.013593716,0.005021790124
18.78482485,197.4886119,0.6821367935,-0.2050794368,0.3547068852,-0.8016873175,0.5975839443,0.01361037545,0.002373219135
18.80983925,197.5136263,0.6832528183,-0.2050481158,0.3551114552,-0.8019077597,0.5972888774,0.01378268876,2.486252661e-05
18.82990956,197.5336967,0.684135668,-0.2050164899,0.3553090025,0.8020229565,-0.5971288529,-0.0139266847,0.001535494432
18.85488391,197.558671,0.6852387745,-0.2050118886,0.3554235766,0.8020467141,-0.5970869339,-0.01412080594,0.002977359586
18.87490344,197.5786905,0.6861090286,-0.2050599432,0.3554095581,0.8019610512,-0.5971924989,-0.01433402762,0.003758611221
18.89980459,197.6035917,0.6871519399,-0.2052100012,0.3552351537,0.8017463566,-0.5974657816,-0.01475005525,0.004455935232
18.92485619,197.6286433,0.6882010984,-0.2053987494,0.3549579824,0.8014503343,-0.59785035,-0.01514596695,0.004787517129
18.9498117,197.6535988,0.6892692393,-0.2055233292,0.3545153251,0.8011187342,-0.5982841656,-0.01556638537,0.004745370874
18.97478628,197.6785734,0.6903276597,-0.2056553935,0.3540168583,0.8007716158,-0.5987404568,-0.01593326559,0.004562443169
18.99486494,197.698652,0.6911761685,-0.2057976208,0.3535887444,0.8004791496,-0.5991277477,-0.01613196932,0.004339638536
19.01979709,197.7235842,0.6922560564,-0.2060381848,0.352995255,0.800086764,-0.599651443,-0.01623846306,0.003953389817
19.04483676,197.7486238,0.6933384151,-0.2063686076,0.352390583,0.7996498548,-0.6002365685,-0.01624683764,0.003494542803
19.06484556,197.7686327,0.6941406725,-0.2066903354,0.351847404,0.7992789967,-0.6007288087,-0.01636697711,0.003178971896
19.08485818,197.7886453,0.6948956654,-0.2070557657,0.3512654012,0.7988898167,-0.6012414731,-0.01659011967,0.002918841859
19.10486579,197.8086529,0.695632587,-0.2074166788,0.3505874137,0.7985048164,-0.6017460111,-0.01687288865,0.002664938509
19.12981939,197.8336065,0.6965770273,-0.2079024323,0.3497927759,0.7980036625,-0.6024056571,-0.01709816816,0.002287253025
19.14985466,197.8536417,0.697295684,-0.2083858001,0.3491363296,0.7975638085,-0.602984895,-0.01724415979,0.001956185111
19.174793,197.8785801,0.6981813959,-0.2090406132,0.3483838454,0.7969911733,-0.6037399792,-0.0173441745,0.001512204944
19.19484854,197.8986356,0.6988588734,-0.2095624866,0.3477460072,0.796538202,-0.6043336876,-0.0174990806,0.001212011584
19.21485019,197.9186373,0.6995330534,-0.2100672665,0.3471705898,0.7960944686,-0.6049146058,-0.01763606911,0.0009412180736
19.23977971,197.9435668,0.7003484349,-0.2107120202,0.3465806354,0.7955335151,-0.6056482342,-0.01778316295,0.0006341116573
19.2598455,197.9636326,0.7009452109,-0.2112238824,0.3462118632,0.7950875012,-0.6062269892,-0.01801264484,0.0004970434489
19.27986479,197.9836519,0.7015002404,-0.2116875647,0.3458689355,0.7946669828,-0.6067670522,-0.01838200587,0.0004818928133
19.30484104,198.0086281,0.7021416806,-0.2122549382,0.3454744102,0.7941504699,-0.6074244671,-0.01897948999,0.0005718657711
19.32986426,198.0336514,0.7028073748,-0.21274472,0.3452488599,0.7936720001,-0.6080366702,-0.0193859534,0.0005901453039
19.35485935,198.0586464,0.7034886513,-0.2131334604,0.3450742688,0.7932459171,-0.6085831727,-0.01967540843,0.0005611408623
19.37985063,198.0836377,0.7041664243,-0.2134870578,0.3449648539,0.7928422562,-0.6091029399,-0.01986268223,0.0004885026506
19.40484023,198.1086273,0.7048679426,-0.2137168746,0.3448905783,0.7925021113,-0.6095429638,-0.01994091018,0.0003706118739
19.42484832,198.1286354,0.7054391639,-0.2139051124,0.3448518879,0.7922337133,-0.6098945645,-0.01985772623,0.000185959234
19.44487715,198.1486642,0.7060559375,-0.2140194611,0.3448331047,-0.7920010215,0.6102051199,0.01959814466,0.0001070823496
19.46987557,198.1736627,0.7068278375,-0.2142424024,0.3448551652,-0.7916775242,0.610640383,0.01909674621,0.0005781569288
19.49485517,198.1986423,0.7076601536,-0.2143761045,0.3449523474,-0.7913924667,0.6110308279,0.01838280692,0.001167660549
19.51986694,198.223654,0.7084995531,-0.2144937136,0.3450108848,-0.7911122811,0.6114131208,0.01766988933,0.001769029938
19.54479432,198.2485814,0.7093510827,-0.2145426548,0.3450468258,-0.7908615864,0.6117549242,0.01697976612,0.00235614709
19.56489325,198.2686803,0.7100035101,-0.2146793493,0.3450646641,-0.790616507,0.6120843337,0.0164435115,0.002813944823
19.58988285,198.2936699,0.71080384,-0.2148503014,0.3450945681,-0.7903116623,0.6124926766,0.01576856014,0.003398527918
19.61487603,198.3186631,0.7116140301,-0.2149830354,0.3450831764,-0.7900218081,0.612879588,0.01510803118,0.003987569572
19.63980675,198.3435938,0.7124194657,-0.2150480053,0.3449851564,-0.7897636086,0.6132224234,0.01452585752,0.004549879042
19.6647985,198.3685856,0.7132138624,-0.2151142823,0.3448673278,-0.7895051647,0.6135638019,0.01396610125,0.005099410013
19.68977642,198.3935635,0.7140097504,-0.2152266138,0.3447061541,-0.7892199549,0.613938014,0.0134119102,0.005665539393
19.70986366,198.4136508,0.714645105,-0.2152896456,0.344460454,-0.7890017644,0.6142219348,0.01305322845,0.006102779562
19.73484874,198.4386358,0.7154470389,-0.2153391814,0.344128988,-0.7887395502,0.6145620423,0.0126214459,0.00664207305
19.75486112,198.4586482,0.7160676015,-0.2154110318,0.343852435,-0.7885169899,0.6148495267,0.01229019192,0.007068756439
19.77988315,198.4836702,0.7168601691,-0.2154360836,0.3434136205,-0.7882637682,0.6151748955,0.01193471634,0.007592250326
19.80491877,198.5087059,0.7176791807,-0.2154207508,0.3428810908,-0.7880198506,0.6154865602,0.01163142161,0.008106743372
19.82980204,198.5335891,0.7185138823,-0.2153961049,0.34235603,-0.7877758696,0.6157978002,0.0113156818,0.008614162224
19.84984231,198.5536294,0.7191845911,-0.2154343664,0.3419364814,-0.7875520057,0.6160833809,0.0110369589,0.009016184724
19.86986113,198.5736482,0.7198653172,-0.215461712,0.3414845777,-0.7873306587,0.6163650479,0.01076915084,0.00941207172
19.88986778,198.5936549,0.7205656179,-0.2154514149,0.340978878,-0.7871220804,0.6166296839,0.010533135,0.00978348585
19.91484666,198.6186337,0.7214429847,-0.2154011621,0.3403889717,-0.7868729266,0.616944905,0.01026533229,0.01022763535
19.93487716,198.6386642,0.722141702,-0.2153782755,0.340011419,-0.7866579437,0.6172167184,0.0100416135,0.01058149894
19.95984364,198.6636307,0.7229890913,-0.215345977,0.3395815679,-0.7863904357,0.6175543556,0.009880642254,0.01091207613
19.97984886,198.683636,0.7236179368,-0.2153264748,0.3392634307,-0.7861810845,0.6178183404,0.009923966755,0.01101433195
20.00483584,198.7086229,0.7243543306,-0.2153203372,0.3390198176,-0.7859109857,0.6181587206,0.0100841382,0.01104666955
20.0248456,198.7286327,0.7249078208,-0.2153588936,0.3389507457,-0.7856760393,0.6184551438,0.01023539993,0.01102873564
20.04485154,198.7486386,0.7254242331,-0.215397122,0.3388916823,-0.7854451151,0.6187458212,0.01052889607,0.0108959752
20.06986427,198.7736514,0.7260560089,-0.2154409455,0.3389069406,-0.7851623685,0.6191019656,0.01092639009,0.01065013283
20.08987045,198.7936575,0.7265477288,-0.2155072015,0.3389678474,-0.784923295,0.6194031495,0.01121197007,0.01046188975
20.11483049,198.8186176,0.7271398299,-0.2155987278,0.3390420478,-0.7846219045,0.6197818911,0.01158704727,0.01022813624
20.13983345,198.8436205,0.7276905451,-0.2157019366,0.3390537972,-0.7843194777,0.6201598107,0.01210822776,0.00990741266
20.16486716,198.8686543,0.7282007892,-0.2158065877,0.3390751865,-0.7840184385,0.6205336399,0.01278577626,0.009466456044
20.18985772,198.8936448,0.7287231205,-0.2159296082,0.3391209561,-0.7837017532,0.6209266268,0.01333400767,0.009159170454
20.21483231,198.9186194,0.7292708238,-0.2160700488,0.3390625711,-0.7833768867,0.6213303655,0.01371501557,0.009007145226
20.23984456,198.9436316,0.7298722165,-0.2162255711,0.3389202502,-0.7830394361,0.6217514454,0.01391543103,0.008985684531
20.2598722,198.9636593,0.7303711899,-0.2163939922,0.3387741099,-0.7827445559,0.6221204724,0.01394439562,0.009090205397
20.28474975,198.9885368,0.7310385483,-0.2165498483,0.3385213783,-0.7824006599,0.6225519714,0.01379662691,0.009375680344
20.3097508,199.0135379,0.7317411012,-0.2166990428,0.3381702228,-0.7820602417,0.6229800141,0.01348890327,0.009784167333
20.32977009,199.0335572,0.7323127917,-0.2167619389,0.3378627876,-0.7818149724,0.6232879423,0.01322648656,0.01012669716
20.34983659,199.0536237,0.7328733149,-0.216830822,0.3375528714,-0.7815682424,0.6235970586,0.01296090724,0.0104788352
20.36984062,199.0736277,0.733419815,-0.2169104214,0.3371739581,-0.7813212617,0.6239055605,0.01270413758,0.01084170024
20.39483571,199.0986228,0.7340981171,-0.2170443176,0.3366285533,-0.7809989526,0.6243074937,0.01238469806,0.01128753888
20.41483927,199.1186264,0.7346413851,-0.2171899215,0.3362261371,-0.780722038,0.6246529311,0.01208525969,0.01165167584
20.43981385,199.1436009,0.7353141309,-0.2173520147,0.3357110841,-0.7803853906,0.6250717695,0.01172946721,0.01209730136
20.45982122,199.1636083,0.7358343024,-0.2175192921,0.3352406451,-0.780101004,0.6254246135,0.01147660535,0.01244041173
20.484828,199.1886151,0.7364898728,-0.2177252368,0.3346293338,-0.7797458137,0.6258647319,0.01115991554,0.01285533991
20.50984025,199.2136273,0.7371119811,-0.2180524712,0.3340548811,-0.7793344118,0.626373855,0.01081535422,0.01329271972
20.53486109,199.2386482,0.737752658,-0.2182863666,0.3334543971,-0.7789563217,0.626839535,0.010501647,0.01374632971
20.55987048,199.2636576,0.7383815841,-0.2185191218,0.3327562663,-0.7785783973,0.6273034479,0.01025520435,0.01417372047
20.58484912,199.2886362,0.7390254145,-0.2186225645,0.3320044644,-0.778267018,0.6276845819,0.01004635384,0.01454596651
20.60984278,199.3136299,0.739654308,-0.2188324369,0.331385594,-0.7779045999,0.6281289645,0.009734341987,0.01495593792
20.6298461,199.3336332,0.7401922514,-0.2189047381,0.330930969,-0.7776490311,0.6284411509,0.009456796016,0.01530598602
20.64986515,199.3536522,0.7407176682,-0.2189898777,0.3304250529,-0.7773873156,0.6287600487,0.009216698638,0.01564657157
20.67484617,199.3786333,0.7413914425,-0.2190158893,0.3298461777,-0.7770977524,0.6291121314,0.008888078734,0.01606273323
20.69971299,199.4035001,0.7420010425,-0.2191281981,0.3292833913,-0.7767863514,0.6294910327,0.008584138935,0.01644130614
20.71981812,199.4236052,0.7424855162,-0.2192037899,0.3288535907,-0.7765462969,0.6297826081,0.00832397223,0.0167459454
20.7398715,199.4436586,0.7429670799,-0.2193130919,0.3284417872,-0.7762899641,0.6300940268,0.008038639899,0.01705254577
20.76483011,199.4686172,0.7435758274,-0.2194585139,0.3279761356,-0.7759604703,0.6304938081,0.007644362481,0.01744907424
20.78982544,199.4936125,0.7441318022,-0.2197467993,0.3275490445,-0.7755721596,0.6309650679,0.007236455419,0.01784774589
20.81481552,199.5186026,0.7446394842,-0.2201117277,0.3271444658,-0.7751606478,0.63146424,0.006838883158,0.01822397752
20.83483839,199.5386255,0.7450089229,-0.2204569037,0.3268214195,-0.7748164517,0.6318814596,0.006536258085,0.01850849951
20.85485888,199.558646,0.7453556986,-0.2207860386,0.3265229651,-0.7744893267,0.6322773069,0.006244971492,0.01878005192
20.87976694,199.583554,0.7457541061,-0.2212254704,0.3262535118,-0.7740829027,0.632768934,0.005843118861,0.01910481345
20.89985013,199.6036372,0.7460561625,-0.2215431115,0.3261424495,-0.7737825199,0.633131264,0.005495222078,0.0193705168
20.92481804,199.6286051,0.7464005358,-0.2218930638,0.3260526768,-0.7734440107,0.6335386607,0.005096651009,0.01967617461
20.94483948,199.6486266,0.7466361802,-0.2221354032,0.3260355493,-0.7732103461,0.6338200312,0.004816451462,0.01986782618
20.96986365,199.6736507,0.7468808129,-0.2223938967,0.3261691884,-0.7729654121,0.6341148834,0.004467198092,0.02007063706
20.99484825,199.6986353,0.7470619865,-0.2225590827,0.3264328499,-0.7727994479,0.6343148619,0.004165430545,0.02020689226
21.0197773,199.7235644,0.747180828,-0.2226997775,0.3267692633,-0.7726762101,0.6344637627,0.003894381242,0.02029881621
21.03985667,199.7436438,0.7472739226,-0.2228362977,0.3270717648,-0.7725651292,0.6345974483,0.003662206655,0.02039087936
21.06487346,199.7686605,0.7473784291,-0.2230798639,0.3274713734,-0.7723840774,0.6348163266,0.003414686896,0.0204794633
21.08984184,199.7936289,0.7474724704,-0.2233338877,0.3278714173,-0.7721991219,0.6350402283,0.00319507817,0.02054789543
21.10984683,199.8136339,0.747567518,-0.223535804,0.3282132375,-0.772046622,0.6352234313,0.00294735978,0.02065233313
21.12988782,199.8336749,0.747670443,-0.2237330157,0.3285587791,-0.7718971464,0.6354017221,0.002647411505,0.02079514466
21.1498878,199.8536749,0.7477711148,-0.2239670672,0.3289274281,-0.7717267187,0.6356048169,0.002337511115,0.02095052043
21.17473292,199.87852,0.7478881627,-0.2242821577,0.3294180166,-0.7715007308,0.635874509,0.001982812676,0.02112580369
21.1996758,199.9034629,0.7480051272,-0.2246067006,0.3299612786,-0.771265067,0.6361562197,0.001651596561,0.02127751786
21.21973658,199.9235237,0.7480975735,-0.2248802013,0.330453394,-0.7710674794,0.6363925152,0.001385036508,0.02139136718
21.23980808,199.9435952,0.7481844881,-0.2251962381,0.3309987057,-0.7708460897,0.6366583153,0.001120240393,0.02147651413
21.26481581,199.9686029,0.7482916179,-0.2256455651,0.3318196573,-0.7705314785,0.6370369499,0.0008060642733,0.02155261706
21.28483796,199.988625,0.7483516182,-0.2259614521,0.332979185,-0.7703299176,0.6372793571,0.0002987946624,0.0216043937
21.304842,200.0086291,0.7483399538,-0.2261711007,0.3343840692,-0.7702262468,0.6374053644,-0.0002514820877,0.02158394768
21.32486677,200.0286539,0.7483343491,-0.2263551808,0.3363840373,-0.7701520582,0.6374912661,-0.001203631981,0.02166204606
21.34984946,200.0536366,0.7483090599,-0.2264579933,0.3394732797,-0.7701467282,0.6374878657,-0.002712339782,0.02181470546
21.37485576,200.0786428,0.7482769318,-0.2265444062,0.3434357502,-0.7701541798,0.6374594295,-0.004701491261,0.02204339239
21.39985561,200.1036427,0.7482425807,-0.226568932,0.3481827504,-0.7701855966,0.6373883865,-0.007121636922,0.0223489098
21.4248395,200.1286266,0.7482000006,-0.2265147638,0.3534826366,-0.7702414172,0.6372707468,-0.009854702458,0.02273850026
21.44985461,200.1536417,0.7481396068,-0.2263825406,0.3593007884,-0.7703173791,0.6371063885,-0.01289395464,0.02324502311
21.47482133,200.1786084,0.7480090018,-0.2262486188,0.3654784172,-0.7703799947,0.6369393782,-0.01605738323,0.02377083787
21.49986339,200.2036505,0.7477883654,-0.2260938041,0.3718964091,-0.7704336345,0.6367740121,-0.01912502802,0.02418895758
21.52488303,200.2286701,0.7474673063,-0.2258556315,0.3785325779,-0.7705101454,0.6365772857,-0.02200917621,0.0244759324
21.5498364,200.2536235,0.74700872,-0.2255536781,0.3850966883,-0.7706104312,0.6363703217,-0.02433748454,0.02449619823
21.56988716,200.2736742,0.7465581794,-0.2252599643,0.3904651844,-0.7707030786,0.6361971525,-0.02595924987,0.02441444557
