time_s,recording_time_s,x_m,y_m,z_m,qx,qy,qz,qw
0,6.519944668,0.6271762821,0.07207820734,0.400707108,-0.9967859797,-0.03546211744,0.02459234804,0.0674934468
0.02502202988,6.544966698,0.6284468328,0.07180506733,0.3976572921,-0.9966837885,-0.03470970604,0.02586012313,0.06890512379
0.05001044273,6.569955111,0.62969143,0.07158625042,0.3945770971,-0.9965795373,-0.03396805125,0.02681812119,0.0704001825
0.07502388954,6.594968557,0.6308518301,0.07140637935,0.3915674023,-0.996475413,-0.03326825458,0.02768753484,0.07185662818
0.09999012947,6.619934797,0.6319983693,0.07125642295,0.3887716259,-0.9963778619,-0.03258163666,0.02827174103,0.07328234333
0.1200129986,6.639957666,0.6329080808,0.07117219423,0.3865808524,-0.9963025424,-0.03205080532,0.02855248616,0.07442274836
0.1450254917,6.66497016,0.6340675229,0.07106903841,0.3839756192,-0.99621483,-0.03137211689,0.02862166557,0.07584591698
0.1698999405,6.689844608,0.6352741117,0.0709669118,0.3816319047,-0.9961372977,-0.0306742926,0.02832912772,0.07724656845
0.189991951,6.709936619,0.6362543872,0.07083957687,0.3799285209,-0.9960822556,-0.03007358288,0.0279842028,0.07831094428
0.2100052834,6.729949951,0.6372176998,0.0706326149,0.3783521662,-0.9960332483,-0.02942849729,0.02766525209,0.0792866044
0.2300083637,6.749953032,0.6381678957,0.07036237215,0.3768963924,-0.99599027,-0.0287594196,0.02739263524,0.0801618447
0.2548816204,6.774826288,0.6393571708,0.06998668043,0.3753104763,-0.9959435607,-0.02790839379,0.02699441963,0.08117171198
0.2748823166,6.794826984,0.6403038777,0.06968786269,0.3743629367,-0.995911345,-0.02724779409,0.02667563272,0.08189359694
0.2949120998,6.814856768,0.6411688263,0.06940250962,0.3735215638,-0.9958802327,-0.02664727425,0.02658230923,0.08249767163
0.3149263859,6.834871054,0.6419455219,0.0691076978,0.3727826194,-0.9958546527,-0.02609838102,0.02662023305,0.08296835785
0.3398997784,6.859844446,0.6428135305,0.06872290296,0.3719647248,-0.9958326007,-0.02545634554,0.02663208528,0.08342744059
0.359910965,6.879855633,0.6434485043,0.06842076179,0.3714149068,-0.9958209518,-0.02496699072,0.02660056387,0.0837238999
0.3800134659,6.899958134,0.6440418863,0.06811617914,0.3709651078,-0.9958166695,-0.02449387527,0.02651522023,0.08394137195
0.4000253677,6.919970036,0.6445859761,0.06777782355,0.3705971038,-0.9958218786,-0.02402129359,0.02639361595,0.08405439033
0.425014019,6.944958687,0.6451981726,0.06730043885,0.3702574775,-0.9958407969,-0.02340279654,0.02617991183,0.08407156768
0.4499943256,6.969938993,0.6457395588,0.06688733988,0.3701184056,-0.9958650256,-0.02286706508,0.02585360879,0.08403296449
0.4700314999,6.989976168,0.6460854783,0.06662687094,0.3701122943,-0.9958849864,-0.02253314257,0.02558641885,0.08396836668
0.4949994087,7.014944077,0.646442623,0.0662982744,0.3702412811,-0.9959181082,-0.02215614898,0.02519673202,0.08379350539
0.5150020123,7.03494668,0.6467040051,0.06599240236,0.3703745506,-0.9959518062,-0.02183633157,0.02487288659,0.08357340372
0.5399909019,7.05993557,0.6470683025,0.06562810885,0.3705979645,-0.9959904652,-0.0214278888,0.02440420376,0.08335630599
0.5600087643,7.079953432,0.6473336116,0.06541271115,0.3707815041,-0.9960147509,-0.02116851593,0.0240502842,0.08323517171
0.5850059986,7.104950666,0.6476453906,0.06523262056,0.3710416931,-0.996037309,-0.02091984088,0.02360357418,0.08315594207
0.605039835,7.124984503,0.6479094639,0.06513988558,0.3713081944,-0.996048991,-0.02075697335,0.02319797049,0.08317096743
0.6299834251,7.149928093,0.6482203541,0.06505873119,0.3716482891,-0.9960588429,-0.02058822227,0.02269970529,0.08323238562
0.650001049,7.169945717,0.6484602154,0.06501555461,0.37190508,-0.9960652033,-0.02047104332,0.02231814469,0.08328833987
0.6749560833,7.194900751,0.6486448927,0.06499118378,0.3720612772,-0.9960704659,-0.02038803406,0.02205452657,0.08331598272
0.6950144768,7.214959145,0.6487671705,0.06497170084,0.3721704522,-0.9960743475,-0.02033160457,0.02187517766,0.08333064693
0.720004797,7.239949465,0.6489236231,0.06500378022,0.3723411631,-0.9960760128,-0.02029426999,0.02160955913,0.08338912536
0.7450039387,7.264948606,0.6490347916,0.0651467525,0.3724799303,-0.9960760992,-0.02035844515,0.02141582229,0.08342242369
0.7650125027,7.28495717,0.649115327,0.06528861185,0.3725610408,-0.9960768918,-0.02043320093,0.02128910881,0.08342711684
0.7899875641,7.309932232,0.6491991196,0.06542298469,0.3726251789,-0.9960781241,-0.02049867399,0.02117399923,0.08342563583
0.8099997044,7.329944372,0.6492146224,0.06557851462,0.3726435519,-0.9960761851,-0.02060485359,0.02114634981,0.08342964347
0.8349845409,7.354929209,0.6492149643,0.06579838411,0.3726515808,-0.9960726722,-0.02076414477,0.02113756833,0.08343431657
0.8550179005,7.374962568,0.649203708,0.06602482159,0.3726368504,-0.9960685045,-0.02093249383,0.02115516328,0.083437546
0.8799111843,7.399855852,0.6491976261,0.06633369777,0.3726248087,-0.9960644221,-0.02115905041,0.02116398325,0.08342689919
0.9000096321,7.4199543,0.6491953472,0.06658597155,0.3726217733,-0.9960627722,-0.02134296807,0.02116310516,0.08339996722
0.9200518131,7.439996481,0.6491929486,0.06682304059,0.3726119687,-0.9960622239,-0.02151517829,0.02116735516,0.08336117945
0.9449706078,7.464915276,0.6492027473,0.06702264031,0.3725783807,-0.9960643254,-0.02165275113,0.02117889975,0.08329749218
0.9650051594,7.484949827,0.6492282656,0.06704567691,0.3725236317,-0.9960716883,-0.02165217744,0.02119423638,0.08320564505
0.9899330139,7.509877682,0.6492611312,0.06692624908,0.3723919476,-0.9960898182,-0.02153794757,0.02125928182,0.08300140834
1.00995636,7.529901028,0.6492798625,0.06678512734,0.3722312561,-0.9961091258,-0.02141208358,0.02135508371,0.08277736787
1.029988766,7.549933434,0.6493006541,0.06663111455,0.3720447431,-0.9961324191,-0.02127425095,0.02146357222,0.08250409093
1.050012589,7.569957256,0.6493323644,0.06643847173,0.3718465239,-0.9961610158,-0.02110066275,0.02156726185,0.082175701
1.070043564,7.589988232,0.6493753634,0.06619582667,0.3716374064,-0.9961945311,-0.0208833261,0.02166777809,0.08179761818
1.095027924,7.614972591,0.6494301113,0.06585033422,0.3714012103,-0.9962379653,-0.02058150149,0.02177465113,0.08131532955
1.115056753,7.635001421,0.6494691696,0.06556270239,0.3712221113,-0.9962720882,-0.02033541956,0.02185864081,0.08093575689
1.140015841,7.659960508,0.6495235515,0.06509820086,0.3709438103,-0.9963213908,-0.01994531994,0.02199404193,0.08038739075
1.160018206,7.679962873,0.6495710654,0.06467256315,0.3706860545,-0.9963653119,-0.0195870307,0.02212360484,0.07989405188
1.185018778,7.704963446,0.649625952,0.06413105393,0.3702899903,-0.9964238064,-0.01912887674,0.0223423868,0.07921175378
1.210004807,7.729949474,0.6496953333,0.06350590702,0.369825272,-0.9964930508,-0.0185980614,0.02259157123,0.07839217216
1.230006695,7.749951363,0.6497607048,0.06290752939,0.3694099824,-0.9965562432,-0.01809036889,0.0228086734,0.07764120797
1.250041008,7.769985676,0.6498228744,0.06233256351,0.3689731876,-0.9966204478,-0.01759924027,0.02304416212,0.07685646558
1.275032282,7.79497695,0.6498935968,0.06177108437,0.3684783172,-0.9967022758,-0.01710864711,0.02329944203,0.07582218456
1.300019503,7.81996417,0.649958028,0.06151552738,0.368025138,-0.9967863139,-0.01683959847,0.02351826392,0.074701831
1.32003212,7.839976788,0.649977471,0.06158829844,0.367660023,-0.9968489079,-0.01683981252,0.02371408665,0.07379917076
1.345048189,7.864992857,0.6499723486,0.06199327145,0.3671525388,-0.9969256613,-0.01708863167,0.02400462064,0.07260153381
1.370024443,7.88996911,0.6499521128,0.0625822163,0.3665529012,-0.9970136147,-0.01749232131,0.02434787483,0.07116917662
1.395033836,7.914978504,0.6499045798,0.063316307,0.3658713236,-0.9971109416,-0.01798702891,0.0247617749,0.06952043858
1.420004606,7.939949274,0.649806819,0.06431195382,0.3651135514,-0.9972106092,-0.01867613393,0.02526969269,0.06770262662
1.440024853,7.959969521,0.649720863,0.06538266247,0.3644852116,-0.9972892794,-0.01943559741,0.02566171713,0.0661651489
1.464975119,7.984919786,0.6496726531,0.0668508084,0.363737624,-0.9973993692,-0.02048757813,0.02603657372,0.06400667448
1.485024452,8.00496912,0.6497261389,0.06809297906,0.363207991,-0.9975106422,-0.02155966274,0.0260958965,0.06186035811
1.510006428,8.029951096,0.6498543449,0.06964550034,0.3625539185,-0.9977111177,-0.0237347764,0.02570549103,0.0578654802
1.535027742,8.05497241,0.6500463236,0.07122521113,0.3619526082,-0.9979453787,-0.02675166009,0.02482662138,0.05265936485
1.560006142,8.079950809,0.650411011,0.07268395857,0.3613893568,-0.9981921329,-0.03039762544,0.02342017748,0.0462595454
1.580052853,8.09999752,0.6507566389,0.07378023299,0.3609471448,-0.998372202,-0.03369536792,0.02203629944,0.04039764784
1.605006456,8.124951124,0.6512216181,0.07510263842,0.3604166949,-0.9985429017,-0.03819384753,0.02007080865,0.03241089499
1.625061512,8.14500618,0.6516381146,0.07606615986,0.360008657,-0.9986221291,-0.04195602261,0.01834327291,0.0256331789
1.650019646,8.169964314,0.6521950197,0.07710780771,0.3594921415,-0.9986371179,-0.04673413907,0.01607870443,0.01677206517
1.675035477,8.194980145,0.6526920691,0.07796124154,0.3589008714,-0.9985490961,-0.05140766184,0.01395724924,0.007883537307
1.700032473,8.21997714,0.6528943738,0.07898549269,0.3581324828,0.9983561002,0.05596070277,-0.01238614339,0.0002848226469
1.720038891,8.239983559,0.6528036877,0.0800751102,0.3573837228,0.9981436622,0.05948134568,-0.01163766568,0.005980288113
1.745043516,8.264988184,0.6523928841,0.08156005532,0.3562747627,0.9978378668,0.06360052305,-0.01126457979,0.01215212771
1.770001173,8.289945841,0.6518508848,0.08290651944,0.3551195313,0.9975190751,0.06725902813,-0.01122707388,0.0174891603
1.790026665,8.309971333,0.6513456555,0.08389237694,0.3541974949,0.9972700184,0.06983348319,-0.011416839,0.02110570522
1.815010309,8.334954977,0.6506375175,0.0850689297,0.3530832526,0.9969836742,0.07260684114,-0.01189354497,0.02470513309
1.835019588,8.354964256,0.650038615,0.08596627227,0.3522529638,0.9967891701,0.07442517458,-0.0124390374,0.02678645464
1.855024338,8.374969006,0.6494311259,0.08675846495,0.3514832155,0.9966343499,0.07584437629,-0.01310799213,0.02820963756
1.880016565,8.399961233,0.6486834293,0.08765622579,0.3506667014,0.9965057892,0.07706398478,-0.0140711706,0.02897165026
1.900031567,8.419976234,0.6480983916,0.08825597527,0.3501062912,0.9964384354,0.077753466,-0.01487166434,0.02904611174
1.925024271,8.444968939,0.647434486,0.08882105146,0.3495195582,0.9963710138,0.07846959552,-0.01575662037,0.02896643503
1.945035696,8.464980364,0.6469814455,0.0892647991,0.3491937819,0.9963283192,0.07900039158,-0.01630466659,0.02868756417
1.970014811,8.489959478,0.6465487587,0.08979883169,0.348952084,0.9962855415,0.07958348348,-0.01677822746,0.02828568442
1.990020752,8.50996542,0.646281709,0.09026056177,0.3488651628,0.9962559358,0.08003638308,-0.01701449223,0.02790689684
2.014915943,8.534860611,0.6460542689,0.09085605921,0.3488791327,0.9962259704,0.08056596893,-0.01713491157,0.02737398972
2.034969091,8.554913759,0.6459904091,0.09127229411,0.3489900774,0.9962122746,0.08089083671,-0.01707019535,0.02695152692
2.055000067,8.574944735,0.6459446496,0.09173786184,0.349159404,0.9961978874,0.08124081785,-0.01693814482,0.02651033497
2.075016975,8.594961643,0.6458762969,0.09231254755,0.3493599867,0.9961785561,0.08167693484,-0.01679717646,0.02598110024
2.095031977,8.614976645,0.6457755663,0.09297892169,0.3495565525,0.9961537988,0.08219398644,-0.01667846719,0.0253690059
2.119952679,8.639897346,0.6456541821,0.09386872047,0.3498304359,0.9961206865,0.08287918767,-0.01649937045,0.02454361188
2.145009756,8.664954424,0.6455526103,0.0947050869,0.3501317544,0.9960903577,0.08351606604,-0.01628999711,0.02374240872
2.165029526,8.684974194,0.6454720145,0.09529592803,0.3503442104,0.9960679757,0.08396952208,-0.01615156026,0.02316968261
2.189993382,8.709938049,0.6453690456,0.0959590043,0.3505596289,0.9960406784,0.08448435483,-0.01602167856,0.0225536376
2.214986324,8.734930992,0.6452823616,0.09657122942,0.3507538886,0.9960151726,0.08495536613,-0.01589604588,0.02199266989
2.234991789,8.754936457,0.6452172633,0.09701000332,0.3508749839,0.9959962542,0.08529463645,-0.01582300096,0.02158516403
2.255007982,8.77495265,0.6451600803,0.09735305763,0.3509466675,0.9959807163,0.0855628129,-0.01578863351,0.02126351096
2.280011177,8.799955845,0.6451024771,0.09765734417,0.3510085779,0.9959663739,0.085804113,-0.0157641608,0.02097921586
2.305030584,8.824975252,0.6450745942,0.09785256694,0.3510502243,0.9959578563,0.08595473418,-0.01573955089,0.02078457822
2.329999685,8.849944353,0.6450656533,0.09791129235,0.3510274186,0.9959548591,0.08600100157,-0.01576006754,0.02072116277
2.354933023,8.874877691,0.6450568303,0.09790224371,0.3509531942,0.9959538777,0.08600145434,-0.01582466934,0.02071721802
2.37493515,8.894879818,0.6450517581,0.09788730396,0.35089817,0.9959537232,0.08599675193,-0.01587276885,0.02070736685
2.399893522,8.91983819,0.6450483931,0.0978897406,0.3508413359,0.9959531742,0.08599979063,-0.01591975427,0.02068507344
2.424896002,8.94484067,0.645045215,0.09786561412,0.3507530062,0.9959534835,0.08598682114,-0.01599375609,0.02066700177
2.444963455,8.964908123,0.6450446015,0.09782668369,0.3506658534,0.9959544678,0.08596513105,-0.01606559564,0.02065408065
2.464993,8.984937668,0.6450450462,0.09780373321,0.3505499235,0.9959546833,0.08595053135,-0.01615682533,0.02063327243
2.484995127,9.004939795,0.6450441957,0.09779850381,0.3503709815,0.9959537344,0.08594512219,-0.01629714932,0.02059120579
2.51001358,9.029958248,0.6450146399,0.09777780935,0.3499716022,0.9959496925,0.08594367419,-0.01663256208,0.02052444502
2.53499341,9.054938078,0.644992094,0.09770563484,0.3493939445,0.9959462872,0.0859121882,-0.01710122693,0.02043616969
2.559969902,9.07991457,0.6449998483,0.09759646911,0.3487123539,0.9959458089,0.08583866056,-0.01763018793,0.02031862468
2.58493042,9.104875088,0.6450032403,0.09746808827,0.3478643791,0.9959436178,0.08575579013,-0.01829082704,0.02019158662
2.60498786,9.124932528,0.6450049375,0.09737867594,0.3471109359,0.9959400695,0.08569961537,-0.01887403275,0.02006800585
2.629982471,9.149927139,0.6449890369,0.09730961474,0.3460342298,0.995930436,0.0856646684,-0.01971588591,0.01988504763
2.654909849,9.174854517,0.6449673662,0.09727854476,0.3448578306,0.9959168084,0.08565715232,-0.020626108,0.01967553393
2.674921513,9.19486618,0.6449526723,0.09724701905,0.3438665516,0.9959057232,0.08564425475,-0.02137698473,0.01949042662
2.695017815,9.214962482,0.6449374971,0.09720561274,0.3428416918,0.9958934365,0.08563314665,-0.02214790529,0.01930537725
2.720015049,9.239959717,0.6449232625,0.0971668201,0.3415469657,0.9958780943,0.08562052692,-0.02308856315,0.01904901414
2.740032673,9.259977341,0.6449235818,0.09718864413,0.3405391383,0.9958677516,0.08563893553,-0.02368811375,0.01876878533
2.765027046,9.284971714,0.6450057447,0.09737651073,0.3393627842,0.9958675224,0.08577191311,-0.02371407376,0.01813006911
2.789935589,9.309880257,0.6451828049,0.09770807212,0.3383848658,0.9958850092,0.08597419168,-0.02293407259,0.01719055412
2.81001544,9.329960108,0.6453720919,0.09794150665,0.3377421122,0.9959096454,0.0860931693,-0.02197786399,0.01639871459
2.835018873,9.354963541,0.64564828,0.09808649466,0.337029607,0.9959511998,0.08612517599,-0.02057341104,0.01550472501
2.85999155,9.379936218,0.6459429666,0.09820113907,0.3364652624,0.9959946107,0.08612970479,-0.01901051899,0.01466320611
2.884991169,9.404935837,0.6462442339,0.09825589073,0.336074015,0.9960393333,0.08608359305,-0.01738022147,0.01389926166
2.909994125,9.429938793,0.6465425463,0.09827983905,0.3358113898,0.9960823751,0.08601858702,-0.01571324426,0.01318327167
2.934970379,9.454915047,0.6468247303,0.09834501408,0.3356178011,0.9961185118,0.08598859086,-0.0140647187,0.01249225138
2.959988117,9.479932785,0.6470906559,0.09841858795,0.335568255,0.9961498101,0.08596520785,-0.01243693699,0.01186850965
2.984979391,9.504924059,0.6473346335,0.09839444735,0.3355644398,0.9961798363,0.08587604429,-0.01103879768,0.01136589859
3.005002975,9.524947643,0.6475116797,0.09814939865,0.3355407732,0.9962126164,0.08564774929,-0.01017618792,0.01101504547
3.02995491,9.549899578,0.6476863916,0.09771669672,0.335519158,0.9962545824,0.08528468498,-0.009479846491,0.01065186146
3.049987793,9.569932461,0.64782808,0.09726698253,0.3355481699,0.9962935916,0.08491387417,-0.009038079087,0.01034535934
3.075011253,9.594955921,0.6480226445,0.09653158117,0.3355988504,0.9963527054,0.08431936909,-0.00852205711,0.009945094693
3.099993467,9.619938135,0.6482233383,0.09569192917,0.3356800331,0.9964175697,0.08364808723,-0.008055642164,0.009493729933
3.124944687,9.644889355,0.6484388808,0.09465259834,0.3358129987,0.996494361,0.08282163528,-0.007652506271,0.009000246993
3.145017624,9.664962292,0.648620375,0.09375459685,0.3359512221,0.9965603432,0.08210620729,-0.007308503042,0.008522849192
3.169971466,9.689916134,0.6488357403,0.09251431724,0.3361402726,0.9966478646,0.08112739278,-0.007014497077,0.007885242411
3.194943905,9.714888573,0.6490082646,0.09134500158,0.3363690765,0.9967277933,0.08021808814,-0.006885016246,0.007166650154
3.219882965,9.739827633,0.649149787,0.09040913058,0.3366733518,0.9967939921,0.07948264902,-0.006711091018,0.006261548517
3.239937782,9.75988245,0.6492519442,0.08976113782,0.3369712307,0.9968415235,0.07896073651,-0.006530474102,0.005434344761
3.259947538,9.779892206,0.6493585748,0.08909665676,0.3372963512,0.9968895594,0.07842387811,-0.00632826274,0.004566708679
3.284949303,9.80489397,0.64946579,0.08841176348,0.3377478406,0.9969399599,0.07786338663,-0.006057632744,0.003363698176
3.30992794,9.829872608,0.6495293217,0.08803091022,0.3382559218,0.9969709984,0.07753459971,-0.005756451478,0.002019260174
3.32993865,9.849883318,0.6495569744,0.08791803413,0.3386975886,0.9969833037,0.07741690315,-0.005490634856,0.0008765015787
3.349942446,9.869887114,0.6495726542,0.08792234221,0.3391516264,-0.9969873384,-0.07738887078,0.005208945839,0.0002769906545
3.369943857,9.889888525,0.6495841072,0.08796755633,0.3396056145,-0.9969875151,-0.07739289353,0.004923780163,0.001411075416
3.394966364,9.914911032,0.649603218,0.08794820071,0.3401451613,-0.9969903296,-0.07734054268,0.004596230183,0.002756419728
3.419973135,9.939917803,0.6496232799,0.08785528328,0.3406442735,-0.9969952509,-0.07723903067,0.004316786262,0.003995894411
3.444959641,9.964904308,0.6496528149,0.08768739674,0.341081151,-0.9970031784,-0.07708622541,0.004068019926,0.005082068395
3.469944,9.989888668,0.6497014531,0.08742298165,0.3414563152,-0.9970165669,-0.07685936354,0.003839837315,0.005988253142
3.490013361,10.00995803,0.6497298657,0.08717393104,0.3417040593,-0.9970288313,-0.07665551669,0.003736328474,0.006594030179
3.514980316,10.03492498,0.6497022948,0.08672816677,0.3419147055,-0.997049002,-0.07633393212,0.004091730554,0.007048125552
3.539988756,10.05993342,0.6495358804,0.08616837702,0.3420867774,-0.9970692615,-0.0759865505,0.005457536495,0.007010505243
3.565000296,10.08494496,0.6492717555,0.08557797702,0.3422307973,-0.9970840001,-0.07565592221,0.007489734,0.006601673079
3.589974403,10.10991907,0.6489284626,0.08513117814,0.3423328768,-0.997082222,-0.07545837166,0.009853049582,0.005999515068
3.609975576,10.12992024,0.6485923354,0.08493070083,0.3423871309,-0.9970638878,-0.07543713733,0.01199714803,0.005376843722
3.629981279,10.14992595,0.648233035,0.08479092148,0.3424277191,-0.9970352254,-0.0754700668,0.01425819442,0.004661782699
3.650011778,10.16995645,0.6478769325,0.0846849083,0.3424608202,-0.9969999328,-0.07552492048,0.01648206005,0.003932180096
3.67499733,10.194942,0.6474785872,0.08457436403,0.342499157,-0.9969537406,-0.0755912258,0.01895904614,0.003124150546
3.699883223,10.21982789,0.6471779505,0.08456559338,0.3425583621,-0.9969113338,-0.07569639974,0.02076393219,0.002589739954
3.724853039,10.24479771,0.6470103913,0.08468918024,0.3426521278,-0.9968807329,-0.07584694708,0.02168265912,0.002430507036
3.74497366,10.26491833,0.6469796492,0.08481576799,0.3427358133,-0.9968699662,-0.0759477854,0.02181435496,0.002517583596
3.76997757,10.28992224,0.6469880031,0.08496861363,0.3428357731,-0.9968638011,-0.07605247122,0.02170742931,0.002715003779
3.789994955,10.30993962,0.6469844666,0.08507470352,0.342907163,-0.9968586275,-0.07612950968,0.02165546478,0.002866261579
3.814982414,10.33492708,0.6469931815,0.08511742219,0.3429726851,-0.9968573938,-0.07615583547,0.02160239076,0.002993631449
3.839978933,10.3599236,0.647015926,0.08510405157,0.3430263082,-0.9968598738,-0.07613524262,0.02154857237,0.003078282084
3.859986305,10.37993097,0.647029157,0.08512425027,0.3430785968,-0.996860025,-0.07614376296,0.02149761039,0.003173440095
3.884977102,10.40492177,0.647032488,0.08519760397,0.3431575632,-0.9968568787,-0.07619472241,0.02143789377,0.003338304249
3.904987574,10.42493224,0.6470502968,0.08519210045,0.3432133143,-0.9968585398,-0.07618258131,0.02138837541,0.003435584989
3.929884672,10.44982934,0.6470905572,0.08503855746,0.3432570073,-0.9968690234,-0.07605493244,0.0213437429,0.003498867742
3.949970007,10.46991467,0.6471168053,0.08484537036,0.3432632627,-0.9968803317,-0.07590553333,0.02134064831,0.003539929082
3.969975233,10.4899199,0.6471494049,0.08459839685,0.3432590961,-0.9968945628,-0.07571508996,0.02134510482,0.003583606608
3.994947672,10.51489234,0.6471981341,0.08424193901,0.3432660227,-0.996915338,-0.07543938692,0.02134000994,0.003648531707
4.0149827,10.53492737,0.6472444714,0.08391744842,0.3432736304,-0.9969343471,-0.07518742282,0.02133212312,0.003701297088
4.035000563,10.55494523,0.6472975065,0.08353719593,0.3432789927,-0.9969564861,-0.07489239792,0.02132571043,0.003756013046
4.059932709,10.57987738,0.6473751745,0.08301302595,0.3433007154,-0.9969872739,-0.07448423638,0.02130150104,0.003836687993
4.079972744,10.59991741,0.64745642,0.08258688699,0.3433357565,-0.9970134858,-0.07414437449,0.02124797528,0.00390440693
4.099980593,10.61992526,0.6475541228,0.08213934893,0.343384258,-0.9970418556,-0.0737813846,0.02116650706,0.003977994068
4.124924898,10.64486957,0.6476484151,0.08169050864,0.343453107,-0.9970700148,-0.07341867664,0.02107650348,0.004106642396
4.144981861,10.66492653,0.6477003068,0.08145278847,0.3435295478,-0.9970850015,-0.073225826,0.0210088877,0.004254974328
4.164988279,10.68493295,0.6477449638,0.08123306351,0.3436165371,-0.9970986351,-0.07304929543,0.02093880568,0.00443607015
4.189922333,10.709867,0.6477849602,0.08106960403,0.3437425408,-0.9971091468,-0.07291490036,0.02084314757,0.004725441625
4.209952593,10.72989726,0.6478128924,0.08098215734,0.3438430823,-0.9971151003,-0.07283976295,0.02076490779,0.004966310341
4.229977608,10.74992228,0.6478242734,0.08098754627,0.3439528565,-0.9971154303,-0.07283850815,0.02068753632,0.00523414211
4.249995232,10.7699399,0.6478367206,0.0810660471,0.3440876376,-0.997112323,-0.07288945047,0.02058265432,0.005522475854
4.274987698,10.79493237,0.647939332,0.08121724489,0.3443637953,-0.9971117152,-0.0729502945,0.02028248306,0.005924755552
4.300013781,10.81995845,0.6483002614,0.08138451798,0.3448497453,-0.9971253231,-0.07290023797,0.01964956729,0.006367096676
4.324957132,10.8449018,0.6488974335,0.08149359001,0.3455633896,-0.9971557641,-0.07269941423,0.01867051207,0.006825636811
4.344959021,10.86490369,0.6495378952,0.08151138108,0.3462807618,-0.9971924359,-0.0724135571,0.01765491229,0.007199065269
4.369976521,10.88992119,0.6505239909,0.08145784762,0.3472805908,-0.9972502498,-0.0719135481,0.01617032329,0.007674738904
4.395015717,10.91496038,0.6517674785,0.08138972206,0.3483525427,-0.9973172455,-0.07127699249,0.01444473531,0.008321762923
4.419967175,10.93991184,0.6531802463,0.08130303766,0.3493894677,-0.9973872621,-0.07054495458,0.01262222196,0.009096063942
4.444920301,10.96486497,0.6547385675,0.08116391325,0.3502996377,-0.9974598395,-0.06970106444,0.01078813144,0.0099622513
4.464978933,10.9849236,0.6560831083,0.08099182013,0.3508633299,-0.9975199076,-0.0689309978,0.009382073777,0.01070178751
4.484982729,11.0049274,0.6574675923,0.08078415135,0.3512999586,-0.9975791282,-0.06811237252,0.008077596603,0.01146037315
4.504988432,11.0249331,0.6588188365,0.08050186789,0.3515008965,-0.9976370503,-0.0672526596,0.007048983199,0.01215349849
4.529992819,11.04993749,0.6604363861,0.0800325761,0.3514552674,-0.9977087155,-0.06611944676,0.006403707345,0.01282693504
4.550000191,11.06994486,0.6617669042,0.07957310726,0.3512607194,-0.9977692775,-0.06513130646,0.006087141532,0.01331647741
4.570021391,11.08996606,0.6631103735,0.07901152686,0.3509142851,-0.997833706,-0.06405974547,0.005989058051,0.01372498945
4.59499979,11.11494446,0.6646960719,0.07822993817,0.3502858938,-0.9979121246,-0.06269911941,0.006464285559,0.01408634456
4.615029573,11.13497424,0.6659038148,0.0775667575,0.3496416584,-0.997971701,-0.06160413536,0.0073150596,0.01427951022
4.640010595,11.15995526,0.6674544602,0.07670792929,0.3488033001,-0.9980452134,-0.06018843305,0.008564595612,0.01448282593
4.660015106,11.17995977,0.6687191746,0.07598362451,0.3481587448,-0.9981035554,-0.05901171586,0.009665658433,0.01461112722
4.684926271,11.20487094,0.6702115349,0.07510220158,0.347322341,-0.9981679913,-0.05759447209,0.01128699988,0.01470175264
4.705019951,11.22496462,0.6713811766,0.07443270287,0.3467284702,-0.998214568,-0.05649890036,0.01253628939,0.01477809249
4.730023861,11.24996853,0.6728920796,0.07364461315,0.3460930429,-0.9982728487,-0.05514599881,0.01360558863,0.01500421023
4.750036716,11.26998138,0.6740987057,0.07303322356,0.3456675936,-0.9983198337,-0.05408483247,0.01414522903,0.0152398493
4.774967909,11.29491258,0.6755808041,0.07224104537,0.3453481536,-0.9983809382,-0.05275580332,0.01457983097,0.01548405445
4.795026779,11.31497145,0.6767260031,0.07160671237,0.3452017708,-0.9984291478,-0.05171773609,0.01483526647,0.01563417747
4.819922686,11.33986735,0.6781504705,0.07081568199,0.3451691873,-0.9984904879,-0.0504334958,0.01493884905,0.01581261956
4.839982033,11.3599267,0.6792753356,0.07017141914,0.3452220243,-0.9985402667,-0.0494069215,0.01489089848,0.01595471939
4.860048532,11.3799932,0.6804204437,0.06952124576,0.3453972542,-0.998592314,-0.04836835035,0.01462968998,0.01612033572
4.885020733,11.4049654,0.6818475332,0.0687428431,0.345744131,-0.9986566167,-0.04709669841,0.01413892507,0.01633871962
4.910018206,11.42996287,0.6832100982,0.06801125263,0.3461588838,-0.9987168171,-0.04589104028,0.01362182057,0.01652808444
4.934984922,11.45492959,0.6845183838,0.06727228723,0.3467042012,-0.998775386,-0.0447098894,0.01307813995,0.01666482207
4.955014706,11.47495937,0.6855698954,0.06665062673,0.3473150446,-0.9988240732,-0.04374503456,0.0125073226,0.01674543803
4.980002642,11.49994731,0.6868344954,0.06585742476,0.3481531838,-0.9988828771,-0.04255134649,0.01186054523,0.01678416724
5.000011921,11.51995659,0.6877330843,0.06522242989,0.3488680436,-0.9989252429,-0.04164948992,0.01161357458,0.01669742639
5.024972439,11.54491711,0.6887415884,0.06439714807,0.3498408172,-0.998974407,-0.04055634727,0.01161441255,0.01644452075
5.044989347,11.56493402,0.6895236986,0.06362687199,0.3507645516,-0.9990159734,-0.03961660659,0.01163126586,0.01619639088
5.069983482,11.58992815,0.6904514713,0.06261379693,0.3519935695,-0.9990678932,-0.03843173093,0.01157088797,0.01588903194
5.090013742,11.60995841,0.6911492947,0.06176234966,0.3530158425,-0.9991092195,-0.03748028537,0.01146878944,0.01563530021
5.114929914,11.63487458,0.69195185,0.06064223521,0.354239716,-0.9991591626,-0.03628568869,0.01136724129,0.01533305024
5.134975195,11.65491986,0.6926033871,0.05971862878,0.3551842155,-0.9991998474,-0.03531205767,0.01108115058,0.01516349448
5.159972429,11.6799171,0.6934551471,0.05849664543,0.3563058875,-0.9992529704,-0.0340459648,0.01037472657,0.01505783482
5.179979801,11.69992447,0.6941853264,0.05739710638,0.35719622,-0.9992988352,-0.03293063324,0.009479811203,0.01508457706
5.200013161,11.71995783,0.694885418,0.05632261812,0.3580249628,-0.9993415959,-0.03184760625,0.008506641861,0.01515723444
5.224966288,11.74491096,0.6956984268,0.05490161443,0.3589635303,-0.9993920676,-0.03047441273,0.007359509464,0.01525263938
5.250001192,11.76994586,0.6964279625,0.05348147955,0.3597866364,-0.9994374654,-0.02914600397,0.006283351453,0.01535521835
5.275004864,11.79494953,0.697090924,0.05200243214,0.3605105246,-0.9994795839,-0.02781787587,0.005291435574,0.01545081852
5.29997921,11.81992388,0.6976638409,0.05046247037,0.3611128252,-0.9995183147,-0.02649350762,0.004478328949,0.01552988208
5.32497406,11.84491873,0.6981339421,0.04889054494,0.3615822764,-0.9995533739,-0.02520349525,0.003845104172,0.01559011591
5.34996295,11.86990762,0.6985129588,0.04731100154,0.3619381259,-0.9995851108,-0.02396118185,0.003360016285,0.01562620734
5.370006561,11.88995123,0.6987654148,0.04606102303,0.3621518136,-0.9996080489,-0.02301633253,0.00305311406,0.01564210548
5.394976377,11.91492105,0.6990311338,0.04445479275,0.3623518899,-0.9996350208,-0.02184503952,0.002748858037,0.01565449566
5.419927359,11.93987203,0.6992529487,0.04288213916,0.3625031974,-0.9996593414,-0.02072041038,0.002511619099,0.0156702741
5.439951897,11.95989656,0.6994235406,0.0416714412,0.3626249929,-0.9996771973,-0.01986505885,0.002325038771,0.01566763396
5.464907885,11.98485255,0.6996334695,0.04017104199,0.3627867403,-0.9996982218,-0.01881357088,0.002082950486,0.01565810624
5.484988451,12.00493312,0.6998044075,0.03901621619,0.3629282008,-0.9997130749,-0.01802359321,0.001875634197,0.01566524897
5.509969234,12.0299139,0.6999823675,0.03763686157,0.3630711942,-0.9997301569,-0.01705796871,0.001690204305,0.01567744315
5.529999018,12.04994369,0.7000634325,0.03661796524,0.3631184746,-0.9997423737,-0.01633671953,0.001667681141,0.01566897113
5.55000782,12.06995249,0.7001110671,0.03559932034,0.3631262651,-0.9997539733,-0.01562686284,0.001720698303,0.01564714788
5.570011616,12.08995628,0.7001425732,0.03458196573,0.3631215035,-0.9997651061,-0.01492684826,0.001853697431,0.01560402819
5.595021248,12.11496592,0.7001780822,0.03329961523,0.3631231661,-0.9997784469,-0.01404474791,0.002057529967,0.0155424829
5.620006084,12.13995075,0.7002320172,0.03202913528,0.363132644,-0.9997909996,-0.0131513044,0.002175783052,0.0155005229
5.640020609,12.15996528,0.7002815553,0.03097404987,0.3631507852,-0.9998009875,-0.01239986364,0.002276680024,0.01546109506
5.664944649,12.18488932,0.7003454807,0.02956901697,0.3631817837,-0.9998133618,-0.0113926705,0.002421376421,0.0154138096
5.689887762,12.20983243,0.7004013361,0.02816183675,0.3631987656,-0.9998246844,-0.01038746408,0.002617645611,0.01535737763
5.714857101,12.23480177,0.7004522246,0.02674427431,0.363204,-0.9998349184,-0.009379495025,0.002809506401,0.01530580777
5.734889507,12.25483418,0.7004947404,0.02561921526,0.363202406,-0.9998421578,-0.00858223079,0.002895227921,0.0152847148
5.759855747,12.27980042,0.7005420183,0.0242171197,0.3632028523,-0.9998502739,-0.007586491437,0.002984546208,0.01526326807
5.779976845,12.29992151,0.7005683978,0.02311766074,0.3632006951,-0.9998559781,-0.006806113219,0.003098921016,0.01523471462
5.804963112,12.32490778,0.7005997059,0.02173986325,0.3631915128,-0.9998622492,-0.00582588377,0.003240611307,0.01520000401
5.829939604,12.34988427,0.7006273659,0.02033715874,0.3631804001,-0.9998676159,-0.004827945656,0.003402074821,0.01516138289
5.849963903,12.36990857,0.7006394466,0.01919061911,0.3631636948,-0.9998712055,-0.00401579867,0.003582054581,0.01512000676
5.869992018,12.38993669,0.7006433221,0.0180540838,0.3631372098,-0.9998740253,-0.00321453701,0.003794453248,0.01507323506
5.894975424,12.41492009,0.7006538983,0.01660775353,0.3630953299,-0.9998765731,-0.002191390006,0.004029586275,0.01502660629
5.919988871,12.43993354,0.7006787201,0.01514140219,0.3630530566,-0.9998780309,-0.001150169945,0.00416104499,0.01500953231
5.944986343,12.46493101,0.7007249167,0.01367832155,0.363025353,-0.9998784804,-0.000106208487,0.004191748886,0.01501473977
5.969920397,12.48986506,0.7007794281,0.01222057538,0.3630108926,-0.9998779245,0.000935915493,0.004185789786,0.01502462591
5.989997864,12.50994253,0.7008261799,0.01106823783,0.3630128708,-0.9998767748,0.001757620791,0.004153038411,0.01503656544
6.014927387,12.53487206,0.7008777298,0.009641981033,0.3630286689,-0.999874484,0.002752467111,0.004106198952,0.01505254837
6.039878607,12.55982327,0.7009317617,0.008261338122,0.3630647548,-0.9998714858,0.003706439957,0.004037182126,0.0150656979
6.059912205,12.57985687,0.7009768893,0.007171882798,0.3630986591,-0.9998685548,0.004448967739,0.003972171432,0.0150765236
6.08487463,12.6048193,0.7010221155,0.005822558482,0.3631293948,-0.999864031,0.005393427158,0.00391221268,0.01508393578
6.109951496,12.62989616,0.7010445922,0.004465431312,0.3631386234,-0.9998583261,0.006355156226,0.003911708365,0.01508768582
6.129992008,12.64993668,0.7010566093,0.003376435788,0.3631448208,-0.9998531108,0.007128519238,0.003934592209,0.01508177659
6.154957771,12.67490244,0.701068377,0.002010547665,0.3631593436,-0.9998458021,0.008094851333,0.003973890902,0.01506829669
6.174966812,12.69491148,0.7010752566,0.0009215769459,0.3631823046,-0.9998394021,0.008859721656,0.004021679523,0.01504996616
6.194969177,12.71491385,0.7010764751,-0.0001578021799,0.3632039068,-0.9998324657,0.009616461184,0.004078066373,0.01503108847
6.219912529,12.7398572,0.7010724899,-0.001487987901,0.3632271787,-0.9998231596,0.01053943334,0.004151550124,0.01501114605
6.244976044,12.76492071,0.7010823009,-0.002786461612,0.3632586477,-0.9998132016,0.01145528249,0.004159325267,0.01500128183
6.26991868,12.78986335,0.7010961266,-0.004068705084,0.3632921293,-0.9998024197,0.01236981148,0.004128708243,0.01500210506
6.289934874,12.80987954,0.7011025266,-0.005073154301,0.3633182786,-0.9997934504,0.01308239851,0.004121038274,0.0149974795
6.314985514,12.83493018,0.7011082533,-0.006285482828,0.3633508376,-0.9997820639,0.01393303038,0.004111016766,0.01499316091
6.339905262,12.85984993,0.7011163465,-0.007436027594,0.3633902829,-0.9997707235,0.01473860965,0.004101645958,0.0149816654
6.360011816,12.87995648,0.7011084514,-0.008289978741,0.3634182672,-0.9997618475,0.0153357261,0.004168979038,0.01495604962
6.38487339,12.90481806,0.7010661683,-0.009249041142,0.3634421862,-0.9997515414,0.01598505672,0.004403423009,0.01489775989
6.409861803,12.92980647,0.7010138195,-0.01011632553,0.3634692983,-0.9997423123,0.01655198709,0.004722536131,0.0147999431
6.430001497,12.94994617,0.7009643326,-0.01074264539,0.3634827673,-0.9997356201,0.01696065611,0.005005295125,0.01469601917
6.454960823,12.97490549,0.7008838596,-0.01147288088,0.3634987384,-0.9997284354,0.01740565042,0.005469808865,0.01449758435
6.474966764,12.99491143,0.7008162328,-0.01201344598,0.3635100944,-0.9997228236,0.01773129549,0.005855370555,0.01433847339
6.494972944,13.01491761,0.7007456628,-0.01249391757,0.3635193324,-0.9997177084,0.01801833457,0.006265671353,0.01416278567
6.519958496,13.03990316,0.7006428272,-0.01320043073,0.3635218061,-0.9997131705,0.0183685072,0.006822123836,0.01377073985
6.539986849,13.05993152,0.7005624271,-0.01376131376,0.363519823,-0.9997180534,0.01845501354,0.007246906098,0.01306554562
6.564940214,13.08488488,0.700460412,-0.0145851713,0.3635128295,-0.9997314757,0.01842475537,0.007759815649,0.01171708637
6.584962368,13.10490704,0.7003833173,-0.01530418725,0.3635097405,-0.9997466446,0.01828225652,0.008133744117,0.01030766136
6.604975224,13.12491989,0.7003194033,-0.0160923782,0.3635099221,-0.9997651321,0.01803099353,0.008426670461,0.008576434524
6.629950285,13.14989495,0.7002487525,-0.01724948607,0.3635032094,-0.9997886428,0.01763587901,0.008694394474,0.006004411793
6.649970055,13.16991472,0.7001913072,-0.01819109481,0.3634983676,-0.9998043653,0.01725181915,0.008909168557,0.003772608119
6.674957991,13.19490266,0.7001015918,-0.01949073104,0.3634989731,-0.9998151752,0.01681962254,0.009271066096,0.0008733652084
6.694996595,13.21494126,0.7000346499,-0.02052273425,0.3635003147,0.9998175779,-0.01649424887,-0.009529183936,0.001394686666
6.714999914,13.23494458,0.6999598756,-0.02155752989,0.3635015875,0.9998135851,-0.01624646108,-0.009823709831,0.003513165731
6.73504281,13.25498748,0.6998799655,-0.02249782006,0.3635104086,0.9998050832,-0.01606880637,-0.01015302778,0.005339013869
6.759940147,13.27988482,0.6997760543,-0.02346553644,0.3635335531,0.9997913223,-0.01593101679,-0.01061686247,0.007127188509
6.780011654,13.29995632,0.6996852159,-0.02411491033,0.363549556,0.9997785422,-0.01589059813,-0.01105830311,0.008250421019
6.800016165,13.31996083,0.6995992649,-0.02471690196,0.3635661302,0.999765604,-0.01592736601,-0.0114722864,0.009134693072
6.824946165,13.34489083,0.6994823129,-0.02537452142,0.3635872973,0.9997490473,-0.01605576031,-0.01205753109,0.009933320759
6.845006943,13.36495161,0.6993722933,-0.02589878763,0.3635918074,0.9997341788,-0.01625685691,-0.01261699355,0.01039700732
6.869992733,13.3899374,0.6991984789,-0.02666153253,0.3635938674,0.9997115794,-0.01671230844,-0.01349548629,0.01073911705
6.890007496,13.40995216,0.6990452612,-0.02732290132,0.36360176,0.9996909107,-0.01716849712,-0.01428651693,0.01091884598
6.915014505,13.43495917,0.6988461314,-0.02827724107,0.363614518,0.9996626021,-0.01782879587,-0.01526831749,0.01112180126
6.939987421,13.45993209,0.6986217971,-0.02930644638,0.3636211428,0.9996299084,-0.01853976816,-0.01635865882,0.01134537665
6.960003376,13.47994804,0.6984212265,-0.03024000578,0.3636158329,0.9996000063,-0.01918219062,-0.01728907493,0.01153077558
6.984993935,13.5049386,0.6981853613,-0.03143300262,0.3636228482,0.9995630116,-0.02000208956,-0.01834409895,0.01171308542
7.010002375,13.52994704,0.6980254389,-0.03268817953,0.3636541529,0.9995324502,-0.0208840454,-0.01896505244,0.01179255712
7.030011892,13.54995656,0.6979298739,-0.03372950777,0.3636678474,0.9995113532,-0.02162242783,-0.0192387595,0.01180658983
7.05502224,13.57496691,0.6978323428,-0.03499996915,0.363660684,0.9994896237,-0.02251766439,-0.01936814852,0.01176102703
7.079990387,13.59993505,0.6977622216,-0.03614048588,0.3636714395,0.9994720511,-0.02331222336,-0.01938098564,0.01168489133
7.105012417,13.62495708,0.6977060269,-0.03722996711,0.3637028216,0.999455182,-0.02407949446,-0.01936454705,0.01159876671
7.1299932,13.64993787,0.6976420966,-0.03823366432,0.3637407301,0.9994397951,-0.02477422749,-0.01936502071,0.01145991283
7.150007486,13.66995215,0.6975670038,-0.0389556179,0.3637655831,0.9994286331,-0.0252389481,-0.01942783664,0.01131203011
7.174961567,13.69490623,0.6974859758,-0.03978287869,0.3638408703,0.9994178491,-0.02572377563,-0.01948425942,0.01107311953
7.199934721,13.71987939,0.6974149139,-0.04055154792,0.3639518226,0.9994128572,-0.02597510925,-0.01955625813,0.01080681476
7.224851847,13.74479651,0.6972854745,-0.04127060646,0.3640662732,0.9994091173,-0.02593549307,-0.01993613817,0.01055067663
7.244961739,13.76490641,0.6971201446,-0.04181906663,0.3641586453,0.9994045492,-0.02568493015,-0.02056672021,0.01038467367
7.269937277,13.78988194,0.6968708354,-0.04253126038,0.364302877,0.9993891421,-0.025411753,-0.0216865672,0.01026051672
7.289960146,13.80990481,0.6966584854,-0.04309798564,0.3644306413,0.9993748086,-0.02516587384,-0.02266151827,0.01015511774
7.314959288,13.83490396,0.696343151,-0.04374146359,0.3645932251,0.9993519567,-0.02476250744,-0.0241253233,0.01002265171
7.334959507,13.85490417,0.6960530313,-0.04423682478,0.3647311041,0.9993250353,-0.02443814659,-0.02554894782,0.009975075277
7.359947443,13.87989211,0.6956510252,-0.04478617987,0.364915764,0.9992822941,-0.02395314579,-0.02760229599,0.009962771537
7.379948378,13.89989305,0.6952883991,-0.04519886644,0.3650499386,0.9992395868,-0.02353554738,-0.02944044064,0.009979314172
7.399957657,13.91990232,0.6948683312,-0.0455856471,0.3651396641,0.9991856885,-0.02316388771,-0.03147911218,0.01002296319
7.419962645,13.93990731,0.6942796673,-0.04587249557,0.3650043,0.9991210981,-0.02264877043,-0.03380230107,0.01007317998
7.439994097,13.95993876,0.6935498206,-0.04606742006,0.3646632504,0.9990466915,-0.02207193203,-0.03629122327,0.01007398282
7.460004807,13.97994947,0.692681957,-0.04612954493,0.3640705518,0.9989658283,-0.0213611541,-0.03886980662,0.01000565237
7.480020046,13.99996471,0.6917052265,-0.04614826222,0.3632679195,0.9988828235,-0.02050039278,-0.04141444809,0.009883439682
7.500024557,14.01996922,0.6906712064,-0.04616901375,0.3623006913,0.9988038077,-0.01947033391,-0.04378867386,0.009716574578
7.524953842,14.04489851,0.6893173195,-0.04614800744,0.3608764308,0.9987099901,-0.01818640863,-0.04646029116,0.009436711949
7.549891472,14.06983614,0.6879166615,-0.04621982202,0.3592650907,0.9986102811,-0.01754769118,-0.04883727219,0.009192706335
7.574901581,14.09484625,0.6864837235,-0.04644856304,0.3576063564,0.9985023967,-0.01696781481,-0.0512105161,0.009085156665
7.599893808,14.11983848,0.6850504354,-0.04686577227,0.3559589977,0.9983889444,-0.01640683549,-0.05351619005,0.009292409886
7.624946594,14.14489126,0.6835881843,-0.04729777119,0.3542743735,0.9982700032,-0.01572634971,-0.05581435664,0.009718036073
7.644966364,14.16491103,0.6824614286,-0.04769442241,0.3530113171,0.9981778259,-0.01514293935,-0.05750938307,0.01021715037
7.669949532,14.1898942,0.6812323151,-0.0482838384,0.3516982771,0.9980816294,-0.01437374553,-0.05918131586,0.01113679983
7.689965487,14.20991015,0.6803721756,-0.04882256283,0.3508193726,0.9980161753,-0.01374639604,-0.06024910977,0.01203308681
7.714979172,14.23492384,0.6794076634,-0.04943739797,0.34990083,0.9979470396,-0.01286658609,-0.06132707691,0.01323430058
7.739943504,14.25988817,0.6785844335,-0.05002251125,0.3492111238,0.9978949328,-0.01190951439,-0.06206829635,0.01453936311
7.759949207,14.27989388,0.6780107539,-0.05047204659,0.3487714197,0.9978621173,-0.01109856239,-0.06247764301,0.01563844381
7.78497529,14.30491996,0.677374893,-0.05101068585,0.3483307355,0.9978289872,-0.01003418404,-0.0628135454,0.01706124012
7.805004358,14.32494903,0.6769145476,-0.05145297426,0.3480535054,0.9978064692,-0.009148958579,-0.06295997622,0.01829174415
7.829987764,14.34993243,0.6763394845,-0.05198363863,0.3477146549,0.9977763031,-0.00799489755,-0.06312266462,0.01985093773
7.854983091,14.37492776,0.6757345293,-0.05257123118,0.3473415199,0.9977387194,-0.006822119667,-0.06331221787,0.02150510628
7.874983788,14.39492846,0.6752193321,-0.0530860258,0.3470148545,0.9977027766,-0.005875505456,-0.06349499246,0.02286993545
7.89998126,14.41992593,0.6745245992,-0.05372328232,0.3465681671,0.997652231,-0.004714372113,-0.06380660696,0.02442370986
7.924990654,14.44493532,0.6737371143,-0.05435068252,0.3460445891,0.9975943895,-0.003613981168,-0.06428550319,0.02568554456
7.945008278,14.46495295,0.6730596019,-0.05477369215,0.3456117635,0.9975471847,-0.002719481528,-0.06473640348,0.02648427344
7.969922543,14.48986721,0.6722650692,-0.05517929905,0.3452215361,0.9975020169,-0.00161929864,-0.06517830588,0.02718257779
7.989978075,14.50992274,0.6716702254,-0.05532042347,0.3450321139,0.9974813862,-0.0007602241971,-0.06545941366,0.02730148954
8.009982347,14.52992702,0.6711133365,-0.05526531679,0.3449596929,0.9974759209,8.363903379e-05,-0.06568042551,0.02697891764
8.030026436,14.5499711,0.670582209,-0.0550413734,0.3449771816,0.9974825542,0.0009057354206,-0.06586584124,0.02625689707
8.05493021,14.57487488,0.6699630714,-0.05469103844,0.3450946262,0.997501844,0.001844003328,-0.06603542526,0.02501985988
8.074974537,14.5949192,0.6694927136,-0.05439283772,0.3452487818,0.9975230414,0.002515990905,-0.06613265497,0.02383114623
8.094976664,14.61492133,0.6690394662,-0.05413661553,0.345425001,0.9975446029,0.003131365946,-0.06620808572,0.0226152411
8.119966269,14.63991094,0.6684944751,-0.0539757557,0.3456662214,0.9975702324,0.003813999826,-0.0662425366,0.02123702152
8.139969349,14.65991402,0.6680710257,-0.05398205127,0.3458654348,0.9975898978,0.004296800308,-0.06622638472,0.0202484404
8.164962053,14.68490672,0.6675029776,-0.05417806586,0.3460406389,0.9976072419,0.004769962403,-0.06628618147,0.01905729413
8.184986115,14.70493078,0.6669790588,-0.05443054172,0.3461107515,0.997613096,0.005064417768,-0.06645825251,0.01804890732
8.209974289,14.72991896,0.6662594063,-0.05482359118,0.346128502,0.9976132643,0.00536017818,-0.06677931396,0.01672024633
8.234997749,14.75494242,0.6655065968,-0.05527896556,0.3461068749,0.9976091415,0.005596645432,-0.06714954201,0.01534983294
8.255000353,14.77494502,0.6649049087,-0.05565380654,0.3460863742,0.9976037689,0.005785445796,-0.06744623552,0.01429175123
8.279923201,14.79986787,0.6641478,-0.05626136132,0.3460441187,0.997594347,0.005951508405,-0.06781090553,0.01310646377
8.299996376,14.81994104,0.6635403031,-0.05683496105,0.3459959392,0.9975852785,0.006089226784,-0.06807633583,0.01233474625
8.324961662,14.84490633,0.6628019703,-0.0575887549,0.3459506347,0.9975755138,0.006323313861,-0.06833096417,0.01157537337
8.344970226,14.86491489,0.662230998,-0.05819372018,0.3459373375,0.9975708354,0.006552058163,-0.06846405932,0.01105312378
8.369907856,14.88985252,0.6614969462,-0.05893163459,0.3459051271,0.9975618305,0.006878495487,-0.06865900921,0.01044131743
8.394855499,14.91480017,0.6607255885,-0.05967658109,0.3458334591,0.9975485222,0.00726950456,-0.06888447504,0.009951346866
8.419878483,14.93982315,0.6599267311,-0.06026662213,0.345746462,0.9975355824,0.0078022004,-0.06909182341,0.00939188155
8.444864988,14.96480966,0.6591474097,-0.06067012217,0.3456573056,0.9975381912,0.008484277714,-0.06906375291,0.008704716139
8.464869261,14.98481393,0.6586208358,-0.06089227352,0.3455689165,0.9975877057,0.009157930298,-0.06833141511,0.008106749754
8.484995127,15.00493979,0.6581953732,-0.06107797347,0.3454516107,0.9976826402,0.009899290487,-0.06689808506,0.0074832956
8.509988785,15.02993345,0.6577441236,-0.06118691589,0.3451804633,0.9978485095,0.01092129784,-0.06431777973,0.006503885659
8.534976244,15.05492091,0.6573791199,-0.06111858085,0.3447807117,0.9980516683,0.01220556348,-0.06092953032,0.005611050953
8.554992914,15.07493758,0.6570991868,-0.06115692872,0.3444120347,0.9982072176,0.01335293187,-0.0580960587,0.005375681221
8.579972982,15.09991765,0.6567231773,-0.0614056406,0.3438897974,0.9983769568,0.01486699129,-0.05468170599,0.005686454486
8.599982738,15.11992741,0.6563870856,-0.06167579344,0.3434252426,0.9984931597,0.01617269143,-0.05206324322,0.006266798076
8.624978781,15.14492345,0.6559939965,-0.06207129293,0.3428360387,0.998621444,0.01784362487,-0.04883170708,0.007230563088
8.645000458,15.16494513,0.6556059242,-0.06243533011,0.3422987747,0.9986911095,0.01916051442,-0.04671089595,0.008187471834
8.669938803,15.18988347,0.6548627449,-0.06300704372,0.3415093885,0.9987059984,0.02078452237,-0.04536794269,0.009802146833
8.689958811,15.20990348,0.654120305,-0.06352860648,0.3408695036,0.9986681647,0.02210900314,-0.04518359349,0.01146872298
8.714940548,15.23488522,0.6532255961,-0.0641387742,0.34020121,0.9985978438,0.02380486403,-0.04524328912,0.01373752476
8.739896536,15.2598412,0.6524322235,-0.06459029757,0.3396871658,0.9985213129,0.02545534164,-0.04534757522,0.01583700426
8.759918213,15.27986288,0.6518517332,-0.06482688518,0.3393951493,0.9984600579,0.02670340689,-0.04545540901,0.01726981788
8.779927731,15.2998724,0.6513375964,-0.06494971697,0.3394322304,0.9984124916,0.0278775707,-0.04530380604,0.01851763827
8.799957752,15.31990242,0.6507987542,-0.06495080735,0.3397189205,0.9983743562,0.0290055507,-0.04495356397,0.01965960353
8.819967985,15.33991265,0.6503291135,-0.06472909919,0.3404930099,0.9983615035,0.03012376095,-0.04404392102,0.02066398802
8.84495163,15.3648963,0.6497652075,-0.0643801711,0.3419631846,0.9983698271,0.03132441487,-0.04244441009,0.02179315166
8.86995101,15.38989568,0.649101616,-0.0638776207,0.3439292802,0.9983964152,0.03234710168,-0.04057118981,0.02263275531
8.894946575,15.41489124,0.6484330594,-0.06314349986,0.3462790206,0.9984485001,0.03331652941,-0.03813644234,0.02315628137
8.914960623,15.43490529,0.6478826334,-0.0623667902,0.3482728499,0.9984885923,0.03426128324,-0.0358859694,0.02364091154
8.939830065,15.45977473,0.6470209354,-0.06138531699,0.350784881,0.9985176941,0.03552730155,-0.03317940429,0.02448167643
8.964854479,15.48479915,0.6459571429,-0.06039675277,0.3531521273,0.998528167,0.03689726754,-0.03053030416,0.02545568626
8.989935637,15.5098803,0.644727721,-0.05941195035,0.3553735511,0.9985150808,0.03832972079,-0.0281971394,0.02652144805
9.009945631,15.5298903,0.6435653917,-0.05871817542,0.3569558908,0.9984817681,0.03946176665,-0.02691452675,0.02743238999
9.034947395,15.55489206,0.6418650498,-0.05777513369,0.3585965848,0.9984186246,0.04104948158,-0.02575681709,0.02849169296
9.059891462,15.57983613,0.6400211664,-0.05679919226,0.3599729831,0.9983392921,0.04273343488,-0.0248938095,0.02954335048
9.079955578,15.59990025,0.6384535641,-0.05618250748,0.3607449861,0.9982630083,0.0439758385,-0.0247980835,0.03036687335
9.104939222,15.62488389,0.6363798215,-0.05551809886,0.3612954105,0.9981507591,0.04547915491,-0.02540841356,0.03132285186
9.124958515,15.64490318,0.6347410723,-0.05508699665,0.361485292,0.9980625877,0.04659885676,-0.02604139213,0.03196034226
9.14983654,15.66978121,0.6328688699,-0.05455328357,0.3615372347,0.9979700303,0.047936666,-0.02647343048,0.03251233945
9.169837236,15.6897819,0.6315211413,-0.05412255706,0.3614209011,0.9979099906,0.04896163305,-0.02656134325,0.0327552168
9.194856644,15.71480131,0.6300148171,-0.05364786819,0.361132406,0.9978508931,0.05011983941,-0.0264681764,0.03287905801
9.214926958,15.73487163,0.6288980538,-0.05325248081,0.3607527521,0.9978094202,0.0510298732,-0.02634373954,0.03283778775
9.234927177,15.75487185,0.62790182,-0.05280465277,0.3603273805,0.9977732998,0.05193335223,-0.02610320943,0.03271072465
9.259889841,15.77983451,0.626831905,-0.05236229494,0.3597764529,0.9977435546,0.05288591057,-0.02564435718,0.03245376316
9.279903173,15.79984784,0.6260996492,-0.05199421874,0.3593308801,0.9977252178,0.05360377462,-0.02519108296,0.03219370238
9.299943924,15.81988859,0.6255130991,-0.05166614081,0.3589157319,0.9977166845,0.0542218076,-0.024595171,0.03188244945
9.319949389,15.83989406,0.6250691503,-0.05128457306,0.3585510005,0.9977156988,0.05482200116,-0.02379956414,0.03148830342
9.344956875,15.86490154,0.6246619913,-0.0507962121,0.3581532588,0.9977190214,0.05551003438,-0.02270403831,0.03098252922
9.364958525,15.88490319,0.6244339929,-0.05046748797,0.3578574263,0.9977242618,0.05595692699,-0.02189534397,0.03058943693
9.38996315,15.90990782,0.6242654495,-0.05013755585,0.3574853894,0.9977356699,0.05638851353,-0.02094888078,0.03008343432
9.409986973,15.92993164,0.624207875,-0.04996313664,0.3572434157,0.9977495139,0.0566176806,-0.02017761805,0.02971884133
9.434984922,15.95492959,0.6241993618,-0.04985086178,0.3570316953,0.9977707116,0.05677317999,-0.0192387988,0.02933056089
9.459969759,15.97991443,0.6242743725,-0.04982171006,0.3569355363,0.9977954417,0.05681434479,-0.01831271209,0.02900053885
9.479987621,15.99993229,0.6243906077,-0.04982494493,0.3569198882,0.9978182659,0.05679920175,-0.01749973598,0.02874575168
9.504979372,16.02492404,0.6245657395,-0.04984593068,0.3569309887,0.9978485603,0.05675397575,-0.01641496981,0.02842156968
9.529959917,16.04990458,0.6247491309,-0.04982349399,0.356929535,0.9978781642,0.05674492405,-0.01523706144,0.02805378786
9.549966812,16.06991148,0.6249132601,-0.04973806631,0.3569342015,0.9979007904,0.05679085233,-0.01418203469,0.02770706532
9.574961662,16.09490633,0.6251726019,-0.04957351892,0.3569692695,0.9979320807,0.05688608593,-0.01255359725,0.02716510317
9.599902868,16.11984754,0.6254771062,-0.04935602237,0.3570287336,0.9979643221,0.05701600477,-0.01065758033,0.02651043289
9.619965553,16.13991022,0.6256851492,-0.04924516009,0.3570439094,0.9979858691,0.05707299264,-0.009333022682,0.02607246233
9.644978285,16.16492295,0.6258465236,-0.04920086839,0.3570322832,0.9980028959,0.05708654266,-0.008280343266,0.02574455943
9.669950008,16.18989468,0.6259373506,-0.04922544976,0.3570254833,0.9980141497,0.05705305955,-0.007688848989,0.0255653481
9.689986467,16.20993114,0.625992432,-0.04923883503,0.3570261806,0.9980206128,0.05703344287,-0.007338556496,0.02545954284
9.709989786,16.22993445,0.6260338376,-0.04925221899,0.3570240032,0.998025728,0.05701626675,-0.007063588738,0.02537513051
9.734998941,16.25494361,0.6260597591,-0.04928794962,0.3570219603,0.9980303601,0.05698229385,-0.006879177338,0.02531986299
9.759978771,16.27992344,0.6260576004,-0.04931373784,0.3570183352,0.9980317419,0.05695927407,-0.006878974117,0.02531724505
9.779985666,16.29993033,0.626054673,-0.04932732727,0.3570000682,0.998032419,0.05694686668,-0.006894766482,0.02531417086
9.799987555,16.31993222,0.6260517808,-0.04934960934,0.3569882233,0.9980334441,0.05692619001,-0.006905726277,0.02531727391
9.824958086,16.34490275,0.6260493991,-0.04939080022,0.3569866902,0.9980353817,0.05688927694,-0.006908274638,0.0253231651
9.849967718,16.36991239,0.6260460864,-0.04943892899,0.3569842443,0.9980376111,0.05684977124,-0.006910884651,0.02532331142
9.869989872,16.38993454,0.6260437756,-0.04946665941,0.356979576,0.9980389398,0.05682737604,-0.006914415684,0.02532024565
9.894959927,16.41490459,0.6260411913,-0.04949680583,0.3569810137,0.9980404921,0.05680085379,-0.006914123705,0.02531865074
9.919837713,16.43978238,0.6260369657,-0.04953210713,0.3569799443,0.9980421767,0.05677210895,-0.006916496551,0.02531606587
9.939844608,16.45978928,0.626030556,-0.04954377038,0.3569755164,0.9980426847,0.05676495159,-0.006922417929,0.02531047046
9.964821339,16.48476601,0.6260240357,-0.04955187417,0.3569715115,0.9980429801,0.05676101712,-0.006928575039,0.02530596014
9.984872818,16.50481749,0.6260201226,-0.04957705228,0.356969806,0.998044071,0.05674166656,-0.006931634086,0.02530549552
10.00981355,16.52975821,0.6260153677,-0.04962324327,0.3569674716,0.998046098,0.05670542636,-0.006935199227,0.02530580609
10.02986836,16.54981303,0.6260125248,-0.04965997724,0.3569596543,0.9980477783,0.05667649464,-0.006940877302,0.0253027928
10.05484819,16.57479286,0.62601093,-0.04970906823,0.3569416653,0.9980503575,0.05663736747,-0.006939224895,0.02528912305
10.08028841,16.60023308,0.6260090876,-0.04977094629,0.3569314071,0.9980535263,0.05658783485,-0.006927425339,0.02527818146
10.10492492,16.62486959,0.6260041423,-0.04987392691,0.3569211426,0.9980583387,0.05650629385,-0.006917891691,0.02527318973
10.12497902,16.64492369,0.6260029373,-0.04995696483,0.356903538,0.9980627619,0.05643975502,-0.006896088071,0.02525314362
10.14996481,16.66990948,0.6259995981,-0.05004528051,0.3568907953,0.9980673087,0.05636853731,-0.00687987163,0.02523693194
10.16997766,16.68992233,0.625990857,-0.05012276207,0.3568853097,0.9980707279,0.05630817818,-0.006884289235,0.02523524954
10.19496942,16.71491408,0.6259866239,-0.05021882563,0.356884425,0.9980753083,0.05623168806,-0.006866115971,0.02522960089
10.21992421,16.73986888,0.6259867341,-0.05028984229,0.35688798,0.9980788776,0.05617353759,-0.006843587104,0.02522405818
10.23992586,16.75987053,0.6259830356,-0.05034196499,0.3568872151,0.9980813673,0.05613140137,-0.006839070562,0.025220568
10.25996685,16.77991152,0.6259757576,-0.05039949319,0.3568820148,0.9980838536,0.05608658879,-0.006845535971,0.02522011724
10.28494239,16.80488706,0.6259710952,-0.05045861331,0.356878505,0.9980865221,0.0560399584,-0.006845939909,0.02521806115
10.30497384,16.82491851,0.6259719366,-0.05048846911,0.3568798652,0.9980881292,0.05601558975,-0.006830258333,0.02521284638
10.32996964,16.84991431,0.6259721741,-0.0505122206,0.3568792994,0.9980895094,0.05599666217,-0.006812224266,0.02520513194
10.35487747,16.87482214,0.6259680036,-0.05055378591,0.3568784023,0.9980913114,0.055963989,-0.0068135905,0.0252059713
10.37993407,16.89987874,0.6259638685,-0.05061714153,0.3568766219,0.9980939873,0.05591366596,-0.006816056371,0.02521102789
10.39996195,16.91990662,0.6259594145,-0.05067445113,0.3568701579,0.9980964258,0.05586796243,-0.00682155658,0.0252143203
10.42493749,16.94488215,0.625954024,-0.05074207469,0.3568597392,0.9980993887,0.05581456199,-0.006827830163,0.02521360307
10.44986606,16.96981072,0.6259488422,-0.05081639551,0.3568611013,0.998102727,0.05575559847,-0.006823959442,0.02521295749
10.4748373,16.99478197,0.6259428768,-0.05090508718,0.3568612496,0.9981067488,0.0556849036,-0.006819592274,0.02521116272
10.49979639,17.01974106,0.6259374819,-0.05099666069,0.3568602936,0.9981110018,0.05561206195,-0.006808320477,0.02520661287
10.51983118,17.03977585,0.625934796,-0.05107057125,0.356862092,0.9981145324,0.0555533335,-0.006788206799,0.02520173783
10.53983235,17.05977702,0.6259337237,-0.05115617845,0.3568650584,0.998118743,0.0554836897,-0.006762891038,0.02519520597
10.56481266,17.08475733,0.6259207897,-0.05132396361,0.3568613957,0.9981261981,0.05535006893,-0.006762485984,0.02519387382
10.58483791,17.10478258,0.625908691,-0.05150654516,0.3568605134,0.998134597,0.05520401045,-0.006746263268,0.02518593597
10.6049149,17.12485957,0.6259024396,-0.05168487815,0.3568616304,0.9981432612,0.05506074649,-0.006696128614,0.02516954861
10.62491894,17.14486361,0.6258973201,-0.05188801818,0.3568636537,0.9981533487,0.05489698295,-0.006625896012,0.02514580042
10.64493442,17.16487908,0.6258907141,-0.0521026472,0.3568631769,0.9981638991,0.05472418415,-0.006557225701,0.02512164318
10.66493726,17.18488193,0.6258816811,-0.05235483145,0.3568617488,0.9981761202,0.05452127698,-0.006485048555,0.0250959661
10.68494177,17.20488644,0.6258858245,-0.05262249644,0.3568609146,0.9981903715,0.05430409682,-0.006318316788,0.02504248803
10.70986915,17.22981381,0.6259275225,-0.0529956212,0.3568606939,0.9982134634,0.0539954552,-0.005859241081,0.02490063351
10.72988725,17.24983191,0.6259584068,-0.05338857967,0.3568579798,0.9982364043,0.05367264669,-0.00545011321,0.02477144112
10.75484538,17.27479005,0.6260019348,-0.05396625795,0.3568541805,0.998269454,0.05319847718,-0.004858776122,0.02458478319
10.77490211,17.29484677,0.6260533089,-0.05447000405,0.3568539312,0.9982989039,0.052783082,-0.004252231843,0.02439596962
10.79987431,17.31981897,0.6261044411,-0.05515266354,0.3568531434,0.9983365644,0.05222215352,-0.003545436697,0.02417396705
10.82484674,17.34479141,0.6261060697,-0.05599395467,0.3568506261,0.9983772116,0.0515408245,-0.003067349581,0.02402245188
10.84488463,17.3648293,0.626092196,-0.05668190563,0.3568526403,0.9984087795,0.05098767825,-0.002769525018,0.02392687511
10.86990452,17.38984919,0.6260712591,-0.05752164944,0.3568597895,0.9984467918,0.05031037609,-0.002420583175,0.023811988
10.89493275,17.41487741,0.6259972941,-0.05838185814,0.3568637336,0.9984815888,0.04962406903,-0.002389228286,0.02379622377
10.9199419,17.43988657,0.625920175,-0.05919275521,0.3568640729,0.9985135466,0.04897755956,-0.002405819267,0.02379302144
10.94494557,17.46489024,0.6258439042,-0.05989410757,0.356857807,0.9985407101,0.04842206925,-0.002432193104,0.02378734894
10.96993542,17.48988008,0.6257833649,-0.06045803169,0.3568585429,0.9985621864,0.04797487172,-0.002449170878,0.0237901879
10.99483967,17.51478434,0.625732962,-0.06097355131,0.3568645215,0.9985818655,0.04756350668,-0.002453965946,0.02378967831
11.01493025,17.53487492,0.6257029303,-0.06128515085,0.3568612713,0.9985935436,0.0473155688,-0.002461923797,0.02379307647
11.03995037,17.55989504,0.6256682949,-0.06163988294,0.3568582936,0.9986068123,0.04703279677,-0.002470190846,0.02379598002
11.05995226,17.57989693,0.6256470407,-0.06186211465,0.3568595788,0.9986152135,0.04685521652,-0.002470499235,0.02379371148
11.08492565,17.60487032,0.6256222025,-0.06213173818,0.3568606529,0.9986251718,0.04664049719,-0.00247353933,0.02379730737
11.10494351,17.62488818,0.6256005695,-0.06235179619,0.3568579284,0.9986332446,0.04646506565,-0.002480486692,0.0238010011
11.12494564,17.64489031,0.6255775444,-0.06258114802,0.3568543758,0.9986416055,0.04628221852,-0.002488812174,0.02380558538
11.14495897,17.66490364,0.625555358,-0.06280255815,0.3568539748,0.9986497826,0.04610517093,-0.002493382594,0.02380563022
11.16496444,17.68490911,0.6255326585,-0.06302571178,0.356854182,0.998658024,0.04592684719,-0.002497529448,0.02380416089
11.1849649,17.70490956,0.6255100919,-0.06324991345,0.3568542134,0.9986662347,0.04574790995,-0.002501591746,0.02380383228
11.2099309,17.72987556,0.625479244,-0.06355623586,0.3568547597,0.998677417,0.04550316665,-0.002506915702,0.02380323585
11.23495698,17.75490165,0.6254465978,-0.06387119358,0.3568533953,0.9986888575,0.04525161648,-0.002515000359,0.02380192865
11.25991464,17.7798593,0.6254104198,-0.06421654842,0.3568530372,0.998701324,0.04497593907,-0.002522395228,0.02380058633
11.27992749,17.79987216,0.6253803643,-0.06451506524,0.3568540604,0.9987120429,0.04473747887,-0.002526248159,0.02379981973
11.30494022,17.82488489,0.625338938,-0.06492703243,0.3568548877,0.9987267396,0.04440805065,-0.002532553187,0.02379938806
11.3298676,17.84981227,0.6252876001,-0.06540514245,0.3568518688,0.9987436879,0.0440260617,-0.002545625445,0.02379646097
11.35494494,17.87488961,0.6252296808,-0.0659357596,0.3568485767,0.998762267,0.04360285821,-0.002560048543,0.02379434797
11.37494659,17.89489126,0.6251802982,-0.06640667722,0.3568494422,0.9987785933,0.04322708637,-0.002567341975,0.02379389244
11.39989829,17.91984296,0.6251141647,-0.06703980371,0.356853768,0.9988004776,0.04272055572,-0.002573954188,0.02378938596
11.41996741,17.93991208,0.6250622224,-0.06752159155,0.3568525924,0.9988168935,0.04233534799,-0.002584441902,0.02378764667
11.4448688,17.96481347,0.6249918891,-0.06813651787,0.3568476431,0.9988376077,0.04184463973,-0.002603159228,0.02378409453
11.46493959,17.98488426,0.6249452446,-0.06856864726,0.3568489646,0.9988519931,0.04149947698,-0.002609116494,0.02378406736
11.48494005,18.00488472,0.6248976231,-0.06902237629,0.3568521561,0.9988670828,0.04113617827,-0.002611606417,0.02378119485
11.50992942,18.02987409,0.6248437702,-0.06950847203,0.3568519032,0.9988831127,0.04074814316,-0.002618933433,0.02377513994
11.5299356,18.04988027,0.6248085929,-0.06982582581,0.3568486925,0.9988932715,0.04049513575,-0.002628140845,0.02377959224
11.55492187,18.07486653,0.624765938,-0.07020674662,0.356852133,0.9989056378,0.0401919952,-0.002631347944,0.02377406807
11.57493758,18.09488225,0.6247426429,-0.07042251417,0.3568547567,0.9989127084,0.04001937835,-0.002627977945,0.02376855345
11.59494114,18.11488581,0.6247235659,-0.07060063088,0.3568531047,0.9989183639,0.03987760226,-0.002629257999,0.02376901721
11.61494637,18.13489103,0.6247081307,-0.07074030012,0.3568511635,0.9989227272,0.03976753722,-0.002632128154,0.02376972943
11.6399467,18.15989137,0.6246979365,-0.07085340561,0.3568549123,0.9989263512,0.0396764051,-0.002629579238,0.02377000149
11.66494608,18.18489075,0.6246877722,-0.07094100877,0.3568528692,0.9989291425,0.03960638552,-0.002633109595,0.02376908099
11.68994617,18.20989084,0.6246790296,-0.07101922831,0.3568489597,0.9989315068,0.03954488984,-0.002637646652,0.02377160617
11.71494174,18.23488641,0.6246724543,-0.07110990918,0.3568528903,0.9989343367,0.03947225585,-0.002633791898,0.02377383186
11.73992777,18.25987244,0.6246632762,-0.07119414116,0.3568532387,0.9989370007,0.03940497918,-0.002634953523,0.02377337463
11.76491499,18.28485966,0.6246530682,-0.07128318819,0.3568524153,0.9989397644,0.0393343677,-0.002637441591,0.02377390323
11.78990483,18.3098495,0.6246383809,-0.07142114559,0.3568522849,0.9989439764,0.03922476716,-0.002639571361,0.0237777707
11.80991864,18.32986331,0.6246200716,-0.07158400312,0.3568527778,0.9989491064,0.03909430176,-0.002641989667,0.02377684393
11.83494711,18.35489178,0.6245934424,-0.07181654328,0.3568526968,0.9989563801,0.03890829619,-0.002646006463,0.02377590675
11.85992002,18.37986469,0.6245632028,-0.07208499741,0.3568531661,0.9989647235,0.03869364039,-0.00264894785,0.02377533117
11.87992501,18.39986968,0.6245441057,-0.07230847614,0.3568590289,0.998971718,0.03851294432,-0.002640508092,0.02377577695
11.90492463,18.4248693,0.6245151123,-0.07266534596,0.3568706386,0.9989829554,0.03822244718,-0.002624424306,0.02377418166
11.929914,18.44985867,0.6244647449,-0.0730994931,0.3568709766,0.9989962712,0.03787453309,-0.002631612004,0.02377066436
11.95490718,18.47485185,0.6244075386,-0.07358642726,0.3568697095,0.9990109186,0.03748525799,-0.00264196446,0.02377099192
11.97990942,18.49985409,0.624344175,-0.07412937175,0.356871351,0.999027247,0.03705082463,-0.00264529315,0.0237654906
11.99992871,18.51987338,0.6242958291,-0.07455232264,0.3568723749,0.9990399175,0.03671203363,-0.002639672463,0.02375924784
12.02487493,18.54481959,0.624232146,-0.07509266744,0.3568713882,0.9990557389,0.03627973964,-0.00264401629,0.02375753125
12.04490852,18.56485319,0.6241772713,-0.07555799386,0.35687216,0.9990692779,0.03590778874,-0.002643740715,0.02375330177
12.06491756,18.58486223,0.6241279346,-0.07599220087,0.356873514,0.9990819175,0.03556058549,-0.002630569075,0.02374546403
12.08492446,18.60486913,0.6240755579,-0.07645153026,0.3568730823,0.9990951915,0.03519240681,-0.002615943915,0.02373709469
12.10992956,18.62987423,0.6240115349,-0.0769900815,0.3568731426,0.9991104227,0.03476126726,-0.002611408558,0.02373179641
12.13492298,18.65486765,0.6239520658,-0.07751802266,0.3568737832,0.9991253233,0.03433902225,-0.002585356525,0.02372205521
12.15492916,18.67487383,0.6239080789,-0.0779478688,0.3568738424,0.999137721,0.03399447112,-0.002530360181,0.0237020607
12.17991829,18.69986296,0.6238553876,-0.07845932282,0.356873639,0.9991522667,0.03358419462,-0.00246673721,0.02368047779
12.20495462,18.72489929,0.6237950963,-0.07899881539,0.3568736094,0.9991672064,0.03315176661,-0.002425503248,0.02366370365
12.22989249,18.74983716,0.6237463487,-0.07946389103,0.3568754482,0.9991800372,0.03277966212,-0.00237023351,0.02364590734
12.2499218,18.76986647,0.6237091103,-0.07984139488,0.3568772943,0.9991904913,0.03247609969,-0.002314792452,0.02362851433
12.26994944,18.7898941,0.6236722847,-0.08020263739,0.3568768755,0.9992004746,0.0321856552,-0.002259418568,0.02360911217
12.28996086,18.80990553,0.6236413183,-0.08051938175,0.3568756099,0.9992091953,0.03193107989,-0.002203024776,0.02359103369
12.31496096,18.83490562,0.6236039056,-0.08090172449,0.3568753684,0.9992195918,0.03162429132,-0.002133075378,0.02357035227
12.33995581,18.85990047,0.623582954,-0.0812957234,0.3568770774,0.9992312829,0.03130550802,-0.001946470688,0.02351636875
12.35995841,18.87990308,0.6236029979,-0.08162414754,0.3568760106,0.9992430578,0.03103535175,-0.001548648542,0.02340342061
12.3849802,18.90492487,0.6236843522,-0.08199889098,0.3568716832,0.9992592053,0.03072114252,-0.0007105412046,0.02316780539
12.40984201,18.92978668,0.623813216,-0.08235119229,0.3568705916,0.9992758208,0.03042027671,0.0004201248628,0.022853099
12.42985821,18.94980288,0.62394301,-0.08264233053,0.3568704153,0.9992891886,0.0301690528,0.001499280221,0.02255433372
12.44993687,18.96988153,0.6240821555,-0.08295218574,0.3568683039,0.9993020022,0.02990162458,0.002657848377,0.02223369314
12.47493744,18.99488211,0.6242656507,-0.08336239677,0.356866981,0.999316642,0.02954809506,0.004196577227,0.02180705826
12.49497652,19.01492119,0.6244123491,-0.08369493195,0.3568684934,0.9993264993,0.02926161444,0.00542955339,0.02146685133
12.51996994,19.03991461,0.6245803633,-0.08410800283,0.3568677275,0.9993362757,0.02890791167,0.006864101044,0.0210766421
12.5449214,19.06486607,0.6246808635,-0.08460998116,0.3568657605,0.9993465384,0.02848829642,0.007954339444,0.02077598842
12.56987166,19.08981633,0.6247036286,-0.08512660781,0.3568662386,0.9993570272,0.02806472106,0.008554432916,0.02060886677
12.5899415,19.10988617,0.6246518165,-0.08553116616,0.3568674513,0.999366009,0.02774052463,0.008576350273,0.02060314644
12.61492181,19.13486648,0.6245729694,-0.0860057809,0.3568570915,0.9993766399,0.02736461003,0.00854017722,0.02060522155
12.6399343,19.15987897,0.6245132598,-0.08642356468,0.3568513048,0.9993856575,0.02703160425,0.008526653527,0.02061300707
12.66483212,19.18477678,0.6244554205,-0.08683691393,0.3568488209,0.9993945008,0.02670102555,0.008513871378,0.02062040289
12.6898396,19.20978427,0.6243968397,-0.08725299874,0.3568479281,0.9994033296,0.0263681483,0.008502545984,0.02062552257
12.71478248,19.23472714,0.6243326036,-0.08771730216,0.3568487983,0.9994130432,0.02599642225,0.008497049286,0.02062899247
12.73480606,19.25475073,0.6242812378,-0.08809754993,0.356851051,0.9994209078,0.02569168736,0.008496533647,0.02062995703
12.75481772,19.27476239,0.624232176,-0.08844752542,0.3568504284,0.9994280763,0.02541167352,0.008491986515,0.02063136512
12.77483034,19.29477501,0.6241861604,-0.0887720654,0.3568490336,0.9994346291,0.02515197981,0.008485050018,0.0206350165
12.79984546,19.31979012,0.6241292005,-0.0891719212,0.3568496311,0.9994426132,0.02483245484,0.008479020426,0.02063778995
12.8248446,19.34478927,0.6240741757,-0.08956118428,0.3568507447,0.9994502622,0.02452284044,0.008474245096,0.0206395444
12.84984875,19.36979342,0.624017571,-0.08995445089,0.3568437009,0.9994579553,0.02420842951,0.008461546872,0.02064339586
12.86985183,19.3897965,0.6239659925,-0.0903052984,0.3568381669,0.9994646939,0.02392808831,0.00844925447,0.02064902899
12.89485621,19.41480088,0.6238965367,-0.09078301685,0.3568395865,0.999473633,0.02355166386,0.008442573166,0.02065185251
12.91489673,19.43484139,0.6238426548,-0.09115376639,0.356840032,0.9994804805,0.02325961467,0.008436907568,0.02065376679
12.93983054,19.45977521,0.6237757269,-0.09160162306,0.3568332351,0.9994888699,0.02290141417,0.008422512,0.02065394622
12.95984936,19.47979403,0.6237164917,-0.0919606221,0.3568206397,0.9994956021,0.02261612157,0.008401631644,0.02065102844
12.97988939,19.49983406,0.6236605652,-0.0922788095,0.3568119769,0.9995013497,0.02236697096,0.008381601179,0.02065234509
13.00484681,19.52479148,0.6236059264,-0.09263486792,0.3568111499,0.9995076672,0.02208402963,0.008373974958,0.02065418495
13.02982306,19.54976773,0.6235620138,-0.09293014003,0.3568116993,0.999512893,0.02184782555,0.008370189093,0.0206540372
13.04990125,19.56984591,0.6235319505,-0.09313139517,0.3568087305,0.9995163001,0.02169048001,0.008364416397,0.02065733625
13.06992936,19.58987403,0.6235044777,-0.09331854529,0.356807747,0.9995193708,0.02154914283,0.0083623458,0.02065751466
13.08994627,19.60989094,0.6234818606,-0.09347350183,0.3568109865,0.999521951,0.02142848919,0.00836295171,0.02065793457
13.11488748,19.63483214,0.62345489,-0.09365609686,0.3568087798,0.999525059,0.0212829049,0.008358285547,0.02065994847
13.13987327,19.65981793,0.6234272899,-0.09383993181,0.3568003585,0.999528215,0.02113701632,0.008348939503,0.02066081236
13.15993786,19.67988253,0.623405934,-0.09398477635,0.3568014529,0.9995305851,0.02102448417,0.008349159354,0.02066088016
13.18492699,19.70487165,0.6233791087,-0.09416165892,0.3568026184,0.9995334952,0.0208874192,0.008347279875,0.02065987799
13.2049799,19.72492456,0.6233556271,-0.09431621869,0.3568009491,0.9995360187,0.020765358,0.008342558857,0.02066274502
13.229949,19.74989367,0.6233175181,-0.09456804433,0.3567976642,0.9995399524,0.02057676765,0.008335983741,0.02066377326
13.24995446,19.76989913,0.6232867264,-0.09477178874,0.3567964894,0.9995429789,0.02043016684,0.008331846402,0.02066451151
13.27494907,19.79489374,0.6232453799,-0.09504343898,0.3567970394,0.9995473047,0.02021678648,0.008327718941,0.02066679288
13.29993272,19.81987739,0.6231991053,-0.09534723034,0.3567971116,0.999552093,0.01997795217,0.008323056586,0.02066933731
13.3249507,19.84489536,0.6231468288,-0.095689008,0.3567966242,0.9995573271,0.01971446141,0.0083175181,0.02067144977
13.34495521,19.86489987,0.6231043021,-0.09596511023,0.3567966194,0.9995615651,0.01949840463,0.008312909422,0.02067330132
13.36995292,19.88989758,0.6230523822,-0.09630195532,0.3567971973,0.999566662,0.01923439679,0.008307532855,0.02067634155
13.39493442,19.91487908,0.6229943905,-0.09667867656,0.3567974421,0.9995722951,0.01893846505,0.008301744327,0.02067951529
13.41983294,19.93977761,0.6229317608,-0.09708154211,0.3567973865,0.9995783224,0.01861797465,0.00829515928,0.02068184746
13.43996024,19.95990491,0.6228800765,-0.09741122791,0.356796091,0.9995831664,0.01835440241,0.008287837064,0.0206862546
13.46494889,19.98489356,0.622808823,-0.09786755769,0.3567959435,0.9995896051,0.01799661688,0.00828070146,0.02069234721
13.48993397,20.00987864,0.6227362869,-0.09834721926,0.3567991698,0.9995960344,0.01763490867,0.008282635163,0.02069241084
13.50995755,20.02990222,0.6226810443,-0.09870434894,0.3567994802,0.9996008353,0.01735831769,0.008278646857,0.02069596093
13.53493381,20.05487847,0.6226060093,-0.0991751589,0.356798607,0.9996072432,0.01698549193,0.008270023183,0.02069925197
13.55993915,20.07988381,0.6225303301,-0.09965442634,0.3567997168,0.9996135488,0.01660916101,0.008267036164,0.02070132588
13.58496666,20.10491133,0.6224612903,-0.1000987204,0.3568011375,0.9996193206,0.0162555755,0.008265484144,0.02070390841
13.60993147,20.12987614,0.6223960473,-0.1005029734,0.3568009865,0.999624518,0.01593291826,0.008258692548,0.02070650151
13.62994075,20.14988542,0.6223459589,-0.1008139511,0.3568014099,0.9996282851,0.01569259011,0.008253995381,0.020710039
13.65493441,20.17487907,0.6222801525,-0.1012231778,0.3568014659,0.999633061,0.015384379,0.008249538318,0.02071254072
13.67494154,20.19488621,0.6222285863,-0.1015393138,0.3568010737,0.9996368975,0.01513369192,0.008244107382,0.02071422911
13.69494319,20.21488786,0.6221791608,-0.101841338,0.3567998543,0.9996404847,0.01489593496,0.008238110434,0.02071584077
13.71495962,20.23490429,0.6221327838,-0.1021228461,0.3567977794,0.9996436943,0.01468104587,0.008231573441,0.02071696144
13.73993754,20.25988221,0.622080443,-0.1024430396,0.3567987651,0.999647366,0.01442792644,0.008227597514,0.02071920061
13.75994492,20.27988958,0.6220394142,-0.1026918619,0.3567966486,0.9996502194,0.01423061842,0.008221857286,0.02072026379
13.7799449,20.29988956,0.6219963722,-0.1029525539,0.3567874467,0.9996530986,0.01403708872,0.008211937913,0.02071730407
13.804883,20.32482767,0.6219482657,-0.1032466402,0.3567865095,0.9996562081,0.01381442568,0.008209258397,0.02071799729
13.82493567,20.34488034,0.6219109785,-0.1034748862,0.3567873566,0.9996586684,0.01363331558,0.008206777305,0.02072023791
13.84494972,20.36489439,0.6218708893,-0.1037153,0.356786404,0.9996612369,0.01344422941,0.008201905034,0.02072179692
13.86994886,20.38989353,0.621823191,-0.1040027239,0.3567851401,0.9996641036,0.01323058743,0.008197892597,0.02072259968
13.89492846,20.41487312,0.6217779843,-0.1042725221,0.3567841738,0.9996669039,0.01301815026,0.008192462674,0.02072420263
13.91493654,20.43488121,0.6217404445,-0.1044966271,0.356782759,0.9996691822,0.01283901884,0.008187198015,0.02072813304
13.93994069,20.45988536,0.6216885532,-0.1048065779,0.3567827623,0.9996722542,0.01259636924,0.008182785561,0.02073059576
13.95994782,20.47989249,0.6216465981,-0.1050567125,0.3567795732,0.9996747435,0.01240157682,0.00817820259,0.0207298141
13.98488235,20.50482702,0.6215937761,-0.1053682904,0.3567761604,0.9996778557,0.01215212036,0.008170558896,0.0207304812
14.00488973,20.52483439,0.6215465381,-0.1056470144,0.3567761906,0.9996805274,0.01192874127,0.008165915864,0.02073321236
14.02995729,20.54990196,0.6214827231,-0.1060275484,0.356776999,0.9996839904,0.01163088715,0.00816205537,0.0207369855
14.05486035,20.57480502,0.6214169322,-0.1064181775,0.3567780241,0.9996875958,0.01131840523,0.008158590375,0.02073745295
14.0748992,20.59484386,0.621363239,-0.1067299414,0.3567766501,0.9996904046,0.01106807859,0.008151549483,0.02073993164
14.09993052,20.61987519,0.6212889221,-0.1071625553,0.3567764376,0.9996941511,0.01072080021,0.008144221949,0.02074464764
14.12480974,20.64475441,0.6212073477,-0.1076371872,0.3567786406,0.9996981714,0.01034007204,0.008139163909,0.02074615518
14.14490032,20.66484499,0.621142987,-0.1080105874,0.3567786884,0.9997012408,0.01003978572,0.008133735292,0.02074787163
14.16490149,20.68484616,0.6210787021,-0.1083846273,0.3567756957,0.9997040818,0.009740116823,0.00812513541,0.02075719673
14.18490934,20.70485401,0.6210066546,-0.1088064909,0.3567760666,0.9997071748,0.009404540889,0.008120330405,0.02076486192
14.20990157,20.72984624,0.6209114392,-0.1093794421,0.3567830204,0.99971136,0.008946320358,0.008134375031,0.0207603447
14.23490071,20.75484538,0.6208214923,-0.1099497919,0.356788385,0.9997151774,0.008484660884,0.008147006658,0.02076537514
14.25490117,20.77484584,0.6207335136,-0.1104507841,0.3567887731,0.9997184952,0.008081825573,0.008144057738,0.02076749097
14.27490187,20.79484653,0.6206557247,-0.1109126413,0.3567920745,0.9997212962,0.00771410859,0.008160236959,0.02076614923
14.2949121,20.81485677,0.6205798997,-0.1113999979,0.3567985986,0.9997240251,0.007323327333,0.008193669943,0.02076310144
14.31991673,20.83986139,0.6204714741,-0.1120167537,0.3567997603,0.9997275402,0.006826644289,0.008198162331,0.02076131839
14.33997035,20.85991502,0.6203842598,-0.1125075311,0.3567994745,0.9997301094,0.006431490153,0.008191712227,0.02076632205
14.36489344,20.8848381,0.6202643594,-0.1131723981,0.3568002765,0.9997333986,0.005896139687,0.008187864012,0.02076839049
14.38988352,20.90982819,0.620153776,-0.1137892766,0.3568034166,0.9997361518,0.005398898309,0.008185078949,0.02077217298
14.40994787,20.92989254,0.6200616353,-0.114295842,0.3568035278,0.9997382813,0.004990270338,0.008177598219,0.02077481519
14.43492723,20.95487189,0.6199553757,-0.1148713177,0.3568020128,0.9997404995,0.004526953886,0.008167639379,0.02077811526
14.45494413,20.9748888,0.6198675262,-0.1153511986,0.3568033907,0.9997421265,0.004141103931,0.008167499254,0.02078036887
14.47994447,20.99988914,0.6197744813,-0.1158937883,0.3568115472,0.999743707,0.003701695633,0.00817371531,0.02078480413
14.50493789,21.02488256,0.6196756054,-0.1164361702,0.3568126094,0.9997452126,0.003263771251,0.00816965836,0.02078736283
14.52493858,21.04488325,0.6196107694,-0.1167881258,0.3568127967,0.999746027,0.002982188215,0.008170414053,0.02079020062
14.5499115,21.06985617,0.6195460244,-0.1171835365,0.3568207656,0.9997466475,0.002666736777,0.008194703407,0.02079365452
14.56992936,21.08987403,0.6195019692,-0.1174547842,0.3568275804,0.9997471368,0.002447810837,0.008225062837,0.02078506946
14.59495664,21.1149013,0.6194530821,-0.1177596694,0.3568289312,0.9997474505,0.002203438474,0.008258370512,0.02078411211
14.61991382,21.13985848,0.6194078002,-0.1180379484,0.3568288574,0.9997474824,0.001986359896,0.008290835424,0.02079153496
14.63993216,21.15987682,0.6193825684,-0.1182179478,0.3568314359,0.9997473775,0.001845801457,0.008336847893,0.02079113274
14.659935,21.17987967,0.6193606245,-0.1183824025,0.3568341573,0.9997473288,0.001714805067,0.008383092985,0.02078609556
14.68493962,21.20488429,0.6193270724,-0.1186042017,0.3568350113,0.9997472972,0.001539446861,0.008425520187,0.02078418522
14.70992184,21.2298665,0.6192913614,-0.1188578412,0.3568379939,0.9997471511,0.001338085618,0.008479504064,0.02078319974
14.73493981,21.25488448,0.6192530287,-0.1191487328,0.3568456269,0.99974702,0.001102288168,0.008552478028,0.02077344784
14.75991082,21.27985549,0.6192109,-0.1194662623,0.3568563258,0.9997468874,0.0008426182642,0.008614512915,0.02076635099
14.77992153,21.2998662,0.6191647749,-0.1197648794,0.3568592272,0.9997468257,0.0006004060486,0.008663068952,0.02075753551
14.80492353,21.3248682,0.6190991137,-0.120177798,0.3568589629,0.999746653,0.0002663709403,0.00874693719,0.02073764726
14.82991552,21.34986019,0.6190354739,-0.120588666,0.3568651001,0.9997463184,-6.766737291e-05,0.008816973421,0.02072571486
14.84993196,21.36987662,0.6189756292,-0.1209362225,0.3568683258,0.9997460948,-0.0003495975523,0.008844751183,0.02072182415
14.86993241,21.38987708,0.6189131813,-0.1212969269,0.3568660895,0.9997457972,-0.0006412372502,0.00889015267,0.02070978125
14.89492774,21.41487241,0.6188729346,-0.1217221532,0.3568595112,0.9997445005,-0.0009862886006,0.009158179015,0.02064191837
14.91994476,21.43988943,0.6189274973,-0.1221155055,0.3568605093,0.9997401936,-0.001311058941,0.01000547437,0.02043812445
14.94492841,21.46487308,0.6190400327,-0.1225174902,0.3568637953,0.9997325946,-0.00164636321,0.01124144844,0.02014096795
14.96493244,21.48487711,0.6191723983,-0.1228252932,0.3568649919,0.9997233436,-0.001905409539,0.01248628698,0.01984182995
14.98993826,21.50988293,0.619382053,-0.1231810732,0.3568703756,0.9997070138,-0.002208037841,0.01429520507,0.01940768622
15.01480031,21.53474498,0.61960981,-0.1235206857,0.3568798716,0.9996859638,-0.002497973862,0.01620288593,0.01895258294
15.03485227,21.55479693,0.6197761858,-0.1238013301,0.3568849907,0.9996675171,-0.002735807636,0.01763366879,0.0186124758
15.05486202,21.57480669,0.6199092024,-0.1240891284,0.35688794,0.9996497202,-0.002976538399,0.01886479434,0.01832202793
15.07992363,21.5998683,0.6200169697,-0.1244507507,0.3568958723,0.9996310869,-0.003277421228,0.02003078632,0.01804761225
15.10485387,21.62479854,0.6200254578,-0.1248327606,0.3569001865,0.9996212002,-0.003590525501,0.02057492926,0.01792307009
15.12487078,21.64481544,0.6199478843,-0.1251655624,0.3568894779,0.9996208833,-0.003856773885,0.02053221377,0.01793441456
15.14487481,21.66481948,0.6198220121,-0.125475776,0.3568577632,0.9996246248,-0.004097460805,0.02025446687,0.01798824426
15.169945,21.68988967,0.6195791625,-0.1258310714,0.3568353755,0.999639252,-0.004370621903,0.019236612,0.0182267998
15.19486356,21.71480823,0.6192374456,-0.1261866888,0.3568307834,0.9996623857,-0.004643964995,0.01748014306,0.01865456721
15.21990156,21.73984623,0.6188458839,-0.1265207478,0.3568224975,0.999686237,-0.004897878632,0.01537220841,0.0191607273
15.23990965,21.75985432,0.6185444268,-0.1267497459,0.356818276,0.9997017797,-0.00506966286,0.01370746336,0.01956414141
15.26489639,21.78484106,0.6182050596,-0.1270374272,0.3568197519,0.9997154237,-0.005289234907,0.01186279331,0.02000924237
15.2899003,21.80984497,0.6179157389,-0.1273097916,0.3568209024,0.9997239161,-0.005499588492,0.01032020324,0.02037987837
15.30990672,21.82985139,0.6177326939,-0.1274985128,0.3568227774,0.9997277893,-0.00564609149,0.009360089969,0.02061207508
15.33490396,21.85484862,0.6175657543,-0.1276774767,0.3568260802,0.9997303863,-0.00578567078,0.008491693878,0.02082238839
15.35993409,21.87987876,0.6174119738,-0.1278569357,0.3568194502,0.9997318129,-0.005925148496,0.007724897131,0.02101239648
15.38488364,21.90482831,0.6172731436,-0.1280779578,0.3568099747,0.9997320543,-0.006099123238,0.007110417599,0.02116748057
15.40489149,21.92483616,0.6171900892,-0.1282545531,0.3568048384,0.9997316143,-0.00623906954,0.006798264231,0.02124987082
15.42490625,21.94485092,0.6171279114,-0.1284608539,0.3568015968,0.9997305989,-0.006404755573,0.00665602831,0.02129333167
15.44980025,21.96974492,0.6170622789,-0.1287571218,0.3568008524,0.9997290636,-0.006644809923,0.00662434619,0.02130173702
15.46990728,21.98985195,0.6170119562,-0.1289939561,0.3567980818,0.9997277329,-0.006836404173,0.006610146448,0.02130796845
15.49486732,22.01481199,0.6169496151,-0.1293210375,0.3567975659,0.9997256273,-0.007102012027,0.006605964556,0.02132117915
15.51488853,22.03483319,0.6168958477,-0.1296061234,0.3568035062,0.9997238384,-0.007334959701,0.006609111365,0.02132521748
15.53491092,22.05485559,0.6168312336,-0.1299182598,0.3568052261,0.9997219441,-0.007588703359,0.00660465264,0.02132661691
15.55987692,22.07982159,0.6167466116,-0.1303171434,0.356802488,0.9997194401,-0.007911781904,0.006591325431,0.02133071217
15.57992744,22.09987211,0.616678578,-0.1306436837,0.3567964741,0.9997172113,-0.008176077592,0.0065787733,0.02133937638
15.60489798,22.12484264,0.6165908396,-0.1310729795,0.3568002426,0.9997142361,-0.008525436478,0.006575463687,0.02134306138
15.62492871,22.14487338,0.6165175349,-0.1314193371,0.3568009576,0.999711788,-0.008806433557,0.006569778186,0.0213453884
15.64989829,22.16984296,0.6164226045,-0.1318758314,0.3568021911,0.9997084177,-0.009177324984,0.006564580192,0.02134859823
15.67490482,22.19484949,0.6163170456,-0.1323814545,0.3568050966,0.9997045325,-0.009587969322,0.006560379761,0.02135134558
15.69490504,22.21484971,0.616234829,-0.1327844689,0.3568094629,0.9997012671,-0.009916465993,0.006559639054,0.02135442512
15.7198267,22.23977137,0.6161312042,-0.1332843128,0.356813634,0.9996971066,-0.01032368876,0.00655696096,0.02135703288
15.73992443,22.2598691,0.6160474308,-0.1336725688,0.356815011,0.9996938342,-0.01063859505,0.006552559218,0.02135701554
15.76490569,22.28485036,0.6159644958,-0.1341000185,0.356822793,0.9996898853,-0.0109877694,0.006557660528,0.02136350246
15.78988504,22.30982971,0.6158800391,-0.1345270165,0.3568311543,0.9996858764,-0.01133716677,0.006562373741,0.02136708827
15.80990243,22.3298471,0.6158086746,-0.1348537465,0.3568325069,0.9996828712,-0.0116027402,0.006558148655,0.02136642557
15.82991385,22.34985852,0.615743373,-0.1351617801,0.3568343377,0.9996798943,-0.01185329591,0.006556064844,0.02136881536
15.85489202,22.37483668,0.6156736883,-0.1355053804,0.3568371116,0.999676473,-0.01213382485,0.006556758665,0.02137120673
15.87490129,22.39484596,0.615622592,-0.13575345,0.3568401646,0.9996739557,-0.01233644555,0.006556861371,0.02137292662
15.89988685,22.41983151,0.6155553804,-0.1360869103,0.3568460037,0.9996704763,-0.01260958715,0.006559475468,0.02137546062
15.91990137,22.43984604,0.61549258,-0.1363788665,0.3568423523,0.9996675055,-0.0128471587,0.006553218981,0.02137485284
15.93990564,22.45985031,0.6154301172,-0.1366692934,0.356837375,0.9996645088,-0.01308360363,0.006546254628,0.02137371375
15.96489263,22.48483729,0.6153493671,-0.137040314,0.3568389407,0.9996605176,-0.01338572149,0.006542535379,0.02137445295
15.98988461,22.50982928,0.6152744855,-0.1373789288,0.3568390299,0.9996568198,-0.01366127775,0.006537682211,0.02137453699
16.00990963,22.5298543,0.6152196361,-0.1376365871,0.3568347107,0.9996539875,-0.01387102984,0.006532452543,0.02137350661
16.03490257,22.55484724,0.6151575793,-0.1379413131,0.3568354296,0.9996504987,-0.01412037272,0.006533224999,0.02137317419
16.05495119,22.57489586,0.6151106971,-0.1381791564,0.3568414188,0.9996476417,-0.01431583139,0.006538183047,0.02137525417
16.07989764,22.59984231,0.6150489536,-0.1384845953,0.3568412453,0.9996440363,-0.01456610894,0.006537748257,0.02137491725
16.09991646,22.61986113,0.6150014513,-0.1387280869,0.3568375348,0.9996411492,-0.01476604342,0.006536276033,0.02137320473
16.12494826,22.64489293,0.6149516169,-0.1390227019,0.35684812,0.999637376,-0.01501093516,0.006551737291,0.02137435673
16.14994001,22.66988468,0.6149154394,-0.1392876624,0.3568702769,0.9996337068,-0.01523404995,0.006579790151,0.02137948187
16.16995287,22.68989754,0.6148865254,-0.1395068865,0.3568854762,0.9996306751,-0.01541895176,0.006602546315,0.02138166933
16.18995571,22.70990038,0.614859886,-0.1397164795,0.3568963425,0.9996278031,-0.01559601843,0.00662318287,0.02138113647
16.21494317,22.73488784,0.6148395891,-0.139935775,0.3569166836,0.9996245909,-0.01578374119,0.006654887661,0.02138371388
16.23993206,22.75987673,0.6148304931,-0.1401327315,0.3569505518,0.9996214001,-0.01595547746,0.006700423425,0.02139120038
16.25994134,22.77988601,0.6148341774,-0.1402753963,0.3569848108,0.9996188828,-0.016083164,0.006747855779,0.02139830398
16.27994728,22.79989195,0.6148348674,-0.1404162604,0.3570157496,0.9996164358,-0.0162083855,0.006790975925,0.02140448947
16.30489874,22.82484341,0.6148285001,-0.1405897729,0.3570476632,0.9996135196,-0.0163602326,0.006833901092,0.02141149112
16.32988381,22.84982848,0.6148104927,-0.1407811152,0.357071778,0.9996104599,-0.01652436162,0.006864727583,0.02141843586
16.34988809,22.86983275,0.6147817839,-0.1409678513,0.3570850211,0.9996076749,-0.01668074077,0.006881178138,0.02142191653
16.3699019,22.88984656,0.6147493541,-0.1411580622,0.3570955357,0.9996048737,-0.01683891979,0.006893335556,0.02142496482
16.39489722,22.91484189,0.6147102065,-0.1414081919,0.3571127456,0.9996010772,-0.01704790879,0.0069142633,0.02143007775
16.41987062,22.93981528,0.6146832715,-0.1416574118,0.357141137,0.9995970303,-0.01726040947,0.006952508001,0.02143636862
16.43991923,22.9598639,0.6146710182,-0.141864963,0.3571712634,0.9995934836,-0.017440407,0.006995829353,0.02144197322
16.46490693,22.9848516,0.6146507944,-0.1421593452,0.3572112392,0.9995884458,-0.01769504077,0.007053740948,0.02144922777
16.48491192,23.00485659,0.6146244228,-0.1424071127,0.3572399148,0.9995842752,-0.01790640421,0.007091336241,0.02145577764
16.50991654,23.02986121,0.6145851544,-0.1427039711,0.3572672732,0.9995793614,-0.01815742426,0.007126471365,0.02146209608
16.52993655,23.04988122,0.6145616727,-0.1428935277,0.3572807653,0.9995762388,-0.01831781956,0.007149642689,0.02146352643
16.55494356,23.07488823,0.614547634,-0.1430924584,0.3573045962,0.9995727281,-0.0184891663,0.007189950806,0.02146663731
16.57992506,23.09986973,0.614550413,-0.1432827016,0.3573491831,0.9995689207,-0.01865873254,0.007251561517,0.0214764835
16.59993887,23.11988354,0.6145481072,-0.143456996,0.3573852684,0.9995655093,-0.01881277316,0.007301131586,0.02148407973
16.62492013,23.1448648,0.6145356804,-0.1436537694,0.357411247,0.9995619104,-0.01898348118,0.007341985528,0.02148743915
16.64973903,23.16968369,0.6145323385,-0.1438001991,0.3574323221,0.9995591509,-0.01911220664,0.007377321594,0.02148959239
16.66974664,23.18969131,0.6145350636,-0.1439040561,0.3574550124,0.9995570215,-0.01920531084,0.007410264257,0.02149429458
16.68986034,23.20980501,0.6145435467,-0.1440142836,0.3574861216,0.9995545963,-0.01930589459,0.007454269961,0.02150174966
16.71483302,23.23477769,0.6145728511,-0.1441630245,0.3575390031,0.9995510356,-0.01944712097,0.007534615203,0.02151200336
16.73483753,23.2547822,0.6147258143,-0.1443666023,0.3577053926,0.9995440281,-0.01967719823,0.007787459376,0.02153832137
16.75485611,23.27480078,0.6150409482,-0.1446792681,0.3580305079,0.999531459,-0.02005622225,0.008286448431,0.02158576234
16.77984643,23.2997911,0.6156179253,-0.1452217572,0.3586638045,0.9995073263,-0.020723156,0.009224770034,0.02169237195
16.80490828,23.32485294,0.6163947308,-0.1459242923,0.3595131357,0.9994733731,-0.02159602659,0.01048366592,0.02183302212
16.82492328,23.34486794,0.6171086077,-0.146571099,0.3603025368,0.9994399249,-0.02239963795,0.01164403938,0.02196608722
16.84979701,23.36974168,0.6181182898,-0.14751813,0.361445802,0.9993881039,-0.02356833147,0.0132913008,0.02216512497
16.86988258,23.38982725,0.6189068947,-0.1482998744,0.3623529559,0.9993446727,-0.02452752725,0.0144662344,0.02234622269
16.88988304,23.40982771,0.6195106054,-0.1490459924,0.3629042464,0.9993151115,-0.02542002156,0.01467636892,0.02253296727
16.90993166,23.42987633,0.6200646863,-0.1497938426,0.3631262253,0.999298298,-0.02632862048,0.01407238849,0.02262041449
16.93491745,23.45486212,0.6207586962,-0.1507565981,0.3628385864,0.9992877408,-0.02749069001,0.01277398272,0.02247439472
16.95992684,23.47987151,0.6215283606,-0.1517162781,0.3620154302,0.9992835545,-0.02866300032,0.01133334428,0.02196281843
16.98492217,23.50486684,0.6222093034,-0.152652936,0.3604383001,0.9992911311,-0.02979522026,0.0090400918,0.02116026902
17.00493073,23.5248754,0.622595702,-0.1534634311,0.358769712,0.9992978884,-0.03073227039,0.006206078365,0.0205120067
17.02989197,23.54983664,0.6229432254,-0.1545537767,0.3562609489,0.9992940153,-0.03195712467,0.001651717607,0.01968464072
17.04991508,23.56985974,0.6232602781,-0.1554726707,0.3541233666,0.9992729408,-0.03300472439,-0.002246111198,0.01895344207
17.07485127,23.59479594,0.6237756298,-0.15672212,0.3514315248,0.9992192537,-0.03444966025,-0.007108248727,0.0179882412
17.09991002,23.61985469,0.6244472933,-0.1580037086,0.3487694305,0.999144993,-0.0359597502,-0.0114628986,0.01687546275
17.12488008,23.64482474,0.62528999,-0.1593262645,0.3463292696,0.999061,-0.03753393305,-0.01488977204,0.01570404023
17.14491749,23.66486216,0.6260897695,-0.1604071748,0.3446187695,0.998993671,-0.0388384277,-0.01688465846,0.01476923143
17.16983199,23.68977666,0.6272042874,-0.1617471177,0.342821127,0.9989144652,-0.04047988676,-0.01859391679,0.01362116921
17.18983293,23.70977759,0.6281673978,-0.1628167676,0.3415976177,0.9988562863,-0.04180283972,-0.01942235412,0.01270488162
17.20988083,23.7298255,0.6292122703,-0.1638985179,0.3407182825,0.9988046793,-0.04314883817,-0.0196582143,0.01187202444
17.22990108,23.74984574,0.6303269971,-0.1651103645,0.3401664145,0.9987538866,-0.04462226673,-0.01932250747,0.01123245057
17.24990392,23.76984859,0.6315319693,-0.166400112,0.3400874426,0.9987059457,-0.04617773744,-0.01837419346,0.01079071814
17.26996326,23.78990793,0.6327556721,-0.1676921757,0.3403064442,0.9986588854,-0.04773589203,-0.01709398015,0.01046474965
17.29490876,23.81485343,0.6341895904,-0.1692201194,0.3408879259,0.9985998407,-0.04957337116,-0.01536599187,0.01023353698
17.31988192,23.83982658,0.6355524421,-0.1707197177,0.3418863052,0.9985379039,-0.0513537829,-0.01341456726,0.01024172553
17.33989167,23.85983634,0.6366209547,-0.171954079,0.3429146821,0.9984823728,-0.05279574826,-0.01173270167,0.0103876791
17.36490607,23.88485074,0.6379047319,-0.1734664588,0.344400258,0.9984071692,-0.05455702991,-0.009618410975,0.0106836844
17.38989162,23.90983629,0.6390720229,-0.1749332519,0.3460214394,0.9983236452,-0.05626182256,-0.007835933008,0.01109526091
17.41491485,23.93485951,0.640099938,-0.1763742589,0.3476212236,0.998231017,-0.05792613001,-0.006686101515,0.01160587036
17.43992496,23.95986962,0.6409061301,-0.1777446394,0.3491255635,0.9981320962,-0.05949838354,-0.006509291582,0.01224296119
17.46475697,23.98470163,0.6414408313,-0.1789673798,0.3504775258,0.9980315046,-0.06089982252,-0.007444713572,0.01299629738
17.4847815,24.00472617,0.6417024222,-0.1798419274,0.3514348383,0.9979504932,-0.06189723606,-0.008789794027,0.01364861681
17.50979447,24.02973914,0.6418945767,-0.1808665418,0.352518902,0.9978461309,-0.06305069158,-0.01086012649,0.0144833349
17.53477597,24.05472064,0.642034022,-0.1818079794,0.353524949,0.997741324,-0.06411603339,-0.01296772652,0.01527163373
17.55980492,24.07974958,0.6420682261,-0.1825459093,0.3543440349,0.9976443375,-0.06496166517,-0.01517347941,0.01598510124
17.58484626,24.10479093,0.6419449467,-0.1830883341,0.3549409036,0.9975521143,-0.06558010475,-0.01765626655,0.01665188625
17.60486937,24.12481403,0.6417848127,-0.1834143847,0.3552796215,0.997483725,-0.06594412259,-0.0196048803,0.01712424157
17.62990117,24.14984584,0.641580464,-0.1836647489,0.3555331354,0.9974178143,-0.06621947572,-0.02155091632,0.01755684493
17.65489721,24.17484188,0.6414858809,-0.1838127969,0.355678681,0.9973813887,-0.06638175353,-0.02252938808,0.01778355775
17.6748991,24.19484377,0.6414817859,-0.1838853817,0.3557299692,0.9973716469,-0.06645715302,-0.0226955043,0.01783700715
17.69989896,24.21984363,0.6414869018,-0.183959021,0.3557446486,0.997367778,-0.06652330612,-0.02266676084,0.01784329139
17.72490978,24.24485445,0.6414701469,-0.1840196373,0.3557296461,0.9973643125,-0.06657133944,-0.02268319251,0.01783697538
17.74987268,24.26981735,0.6414440345,-0.1841140542,0.3557148733,0.9973592426,-0.06664490777,-0.02269430558,0.01783160253
17.77493143,24.2948761,0.6414081712,-0.1842783101,0.3557067552,0.9973504519,-0.06677465695,-0.02269476789,0.01783728452
17.79993153,24.31987619,0.6413569514,-0.18454321,0.3557180111,0.9973364774,-0.06698219579,-0.02267471804,0.01786598738
17.82494307,24.34488773,0.6412888968,-0.1848940398,0.3557464038,0.9973181372,-0.06726148097,-0.02263705896,0.01788826113
17.8499248,24.36986947,0.6411985963,-0.1852771475,0.3557643724,0.9972980378,-0.06756551337,-0.0226153701,0.01789050665
17.87488103,24.3948257,0.6410823278,-0.1857147504,0.3557643187,0.997274996,-0.06790794557,-0.0226114136,0.01788343265
17.89987636,24.41982102,0.6409807104,-0.1861230616,0.3557773649,0.9972534081,-0.06823152084,-0.02259482933,0.01787661423
17.9248755,24.44482017,0.6408876547,-0.1864609719,0.3557786689,0.9972353123,-0.06849649903,-0.0225968845,0.01787015327
17.94987583,24.4698205,0.6407992922,-0.1867669668,0.355774271,0.9972189288,-0.06873392418,-0.0226037713,0.01786407446
17.9748776,24.49482226,0.6407369001,-0.1870358198,0.3557907561,0.9972046903,-0.0689468882,-0.02258265422,0.01786493734
17.99488378,24.51482844,0.6407069298,-0.1871866729,0.3558052202,0.9971966413,-0.06906922096,-0.02256419469,0.01786500384
18.01490092,24.53484559,0.640679894,-0.1872835908,0.3558021907,0.9971913208,-0.06914520946,-0.0225680499,0.01786316895
18.03987336,24.55981803,0.6406520124,-0.1873803024,0.3557911267,0.9971860262,-0.06922017406,-0.02257609246,0.0178582413
18.05990696,24.57985163,0.6406378323,-0.1874398433,0.3557856472,0.9971828618,-0.06926564319,-0.02257707376,0.01785739645
18.08484888,24.60479355,0.6406301344,-0.1874986164,0.355782085,0.9971797927,-0.06931078199,-0.02257171269,0.01786041374
18.10487366,24.62481833,0.6406281815,-0.1875500042,0.355791059,0.9971771206,-0.06935232263,-0.02255593344,0.01786827648
18.12489414,24.64483881,0.6406277196,-0.187602576,0.3558044399,0.9971744039,-0.06939646236,-0.02253574323,0.0178739872
18.14489555,24.66484022,0.6406311256,-0.1876373846,0.3558118614,0.9971726029,-0.06942723724,-0.02252007304,0.01787470413
18.16988373,24.6898284,0.6406417296,-0.1876614157,0.3558131701,0.9971713284,-0.06945152201,-0.02250468181,0.01787084788
18.19487715,24.71482182,0.6406572416,-0.1876903041,0.3558081674,0.9971696699,-0.06948130025,-0.0224895312,0.0178667103
18.2148838,24.73482847,0.640671336,-0.1877200085,0.355806266,0.9971681147,-0.06950914615,-0.02247258064,0.01786652459
18.23990321,24.75984788,0.6407005186,-0.1877612628,0.3558303598,0.9971659387,-0.0695550647,-0.02242447119,0.01786971667
18.26488161,24.78482628,0.6407358419,-0.187800585,0.3558432681,0.9971637402,-0.06960354551,-0.02237982555,0.01785959289
18.28489447,24.80483913,0.6407675394,-0.1878385209,0.355836934,0.9971615515,-0.0696482264,-0.02235095009,0.01784376042
18.30986571,24.82981038,0.6408391314,-0.1879311506,0.3558640637,0.9971563377,-0.06975485312,-0.02225963811,0.01783275613
18.33491087,24.85485554,0.6409526067,-0.18806757,0.3559515109,0.9971489804,-0.0699166336,-0.0220861844,0.0178262661
18.35989213,24.8798368,0.6410752688,-0.1882132588,0.3560385979,0.9971410713,-0.07009001434,-0.02190241925,0.01781454248
18.37993026,24.89987493,0.6411668925,-0.1883241401,0.3560800626,0.9971349105,-0.07022031522,-0.02178026623,0.01779599879
18.40493107,24.92487574,0.6413286734,-0.1885154023,0.3560523885,0.9971237851,-0.07044484694,-0.02163109269,0.01771374128
18.42494202,24.94488668,0.6415190028,-0.1887304172,0.3560098566,0.9971111944,-0.07070014957,-0.02146339106,0.0176090248
18.44496274,24.96490741,0.6417316911,-0.1889794199,0.3558489761,0.9970957685,-0.07099127409,-0.0213511356,0.01744696141
18.46990514,24.98984981,0.6420469993,-0.1893434012,0.3555171682,0.9970726293,-0.07141677757,-0.02124483177,0.01716021313
18.49492049,25.01486516,0.6424194701,-0.1897677745,0.3550992451,0.9970453544,-0.07191478838,-0.02113137576,0.01680147074
18.51492333,25.034868,0.6427543586,-0.1901527424,0.3547021565,0.9970201235,-0.072365867,-0.02104485465,0.01646719924
18.53990436,25.05984902,0.6432062874,-0.1906851037,0.3540693914,0.9969838456,-0.0729849684,-0.02099281237,0.01599086846
18.56486368,25.08480835,0.6437026148,-0.1912898445,0.3533613534,0.9969417977,-0.07368437674,-0.02093881094,0.01546708668
18.58989429,25.10983896,0.6442404357,-0.1919464389,0.3525785772,0.9968952146,-0.07444518347,-0.02088443337,0.01488912817
18.61488748,25.13483214,0.6448114509,-0.1925972623,0.3517385758,0.9968477768,-0.07521336667,-0.02083655435,0.01425823766
18.63986659,25.15981126,0.6454090863,-0.1932498882,0.3508717189,0.9967989021,-0.07599569558,-0.02077967747,0.0135944104
18.66487193,25.1848166,0.6459893797,-0.1938908306,0.349989097,0.9967496151,-0.07676387881,-0.02074562844,0.01292790348
18.68490505,25.20484972,0.6464365874,-0.194336019,0.3492978992,0.9967143817,-0.0773135417,-0.02072639343,0.01238846719
18.70988774,25.22983241,0.647001644,-0.1947164565,0.3485134015,0.9966832088,-0.07784896675,-0.02065339043,0.01164289984
18.73490143,25.2548461,0.6476042508,-0.1949017333,0.3479117615,0.9966682789,-0.07823020627,-0.02042512537,0.01073269938
18.75490189,25.27484655,0.6480948041,-0.194979684,0.3476025138,0.9966630677,-0.07847827969,-0.02011495031,0.009963833
18.77994227,25.29988694,0.6487131501,-0.1950484971,0.3473857663,0.996659417,-0.07876692088,-0.019606723,0.009019707609
18.80491543,25.3248601,0.6493670242,-0.195112003,0.3473589828,0.9966564184,-0.07906639786,-0.01893918629,0.008111445032
18.82989812,25.34984279,0.6500383659,-0.1951399949,0.3474591188,0.9966556435,-0.07934274513,-0.01817545436,0.00720485964
18.84990597,25.36985064,0.6505698851,-0.195186105,0.3476779235,0.9966534617,-0.07958331473,-0.01747782882,0.006549720009
18.87490606,25.39485073,0.6511985673,-0.1952944915,0.3480369583,0.9966463303,-0.07991652012,-0.01658618354,0.00586008838
18.89989567,25.41984034,0.651803615,-0.1954590101,0.3484428308,0.9966343712,-0.0802879344,-0.01568252347,0.005275999877
18.9199152,25.43985987,0.652272324,-0.1956448589,0.3488228879,0.9966204676,-0.08062597418,-0.01493700872,0.004897111332
18.94490051,25.46484518,0.652813143,-0.1959984093,0.3493364738,0.9965934911,-0.0811397244,-0.01402272053,0.004595861522
18.96989703,25.4898417,0.6533115443,-0.1964770604,0.3498616923,0.9965564382,-0.08174686958,-0.01314083054,0.004475868157
18.99490523,25.5148499,0.6537661444,-0.1969218424,0.3503169851,0.9965207365,-0.0823079822,-0.01235371851,0.004382163273
19.01985526,25.53979993,0.6541877831,-0.1973276571,0.3507588968,0.9964873173,-0.08282302209,-0.01161418949,0.004299310968
19.04491305,25.56485772,0.6545651881,-0.1977450845,0.3512139174,0.9964529965,-0.0833317913,-0.01090660021,0.004276015773
19.06983542,25.58978009,0.6548948173,-0.1981302535,0.3516265751,0.9964208456,-0.08379478864,-0.01027790881,0.004277437466
19.09489918,25.61484385,0.6551614324,-0.1984215967,0.3519248269,0.9963957493,-0.08415102487,-0.009795481061,0.004261955847
19.1198175,25.63976216,0.6553633569,-0.1986190224,0.352137492,0.9963781487,-0.08440094476,-0.009441532095,0.004233528694
19.13982105,25.65976572,0.6554807767,-0.1986907762,0.3522427608,0.9963709692,-0.0845085367,-0.009252937814,0.004193107444
19.1598289,25.67977357,0.6555641868,-0.1986479787,0.3522928987,0.9963727524,-0.08450305204,-0.009145790462,0.00411423899
19.18487692,25.70482159,0.6556276759,-0.1984583942,0.3522831139,0.9963857471,-0.08436149847,-0.009112026611,0.003943531295
19.20488739,25.72483206,0.6556736886,-0.1983084788,0.3522647299,0.9963960435,-0.08424818563,-0.009094306736,0.003802805513
19.22492027,25.74486494,0.655721173,-0.1981620911,0.3522594236,0.9964060973,-0.08413872627,-0.009064673004,0.003660026068
19.24982572,25.76977038,0.6557826372,-0.1979815101,0.3522303293,0.9964182896,-0.08400503808,-0.00903896474,0.003470269888
19.27491021,25.79485488,0.6558624947,-0.1977236352,0.3521321399,0.9964353749,-0.08381096542,-0.00905333672,0.003209786259
19.29983807,25.81978273,0.6559491301,-0.1974434123,0.3520190468,0.9964538048,-0.08360041316,-0.009072098878,0.00291253385
19.32488847,25.84483314,0.6560288106,-0.197198142,0.3518943232,0.9964695068,-0.08341822125,-0.009104089279,0.002652922101
19.34491897,25.86486363,0.6560908762,-0.1970041416,0.3517744804,0.9964817036,-0.08327381962,-0.009147304029,0.002451961802
19.36981392,25.88975859,0.656151417,-0.1968339854,0.351576439,0.9964916072,-0.08314979771,-0.009245591379,0.002259873889
19.38989902,25.90984368,0.656191531,-0.1967361441,0.3514130097,0.996496765,-0.083081032,-0.009334086441,0.002148083465
19.41491055,25.93485522,0.6562359324,-0.1966330048,0.3511725204,0.9965017313,-0.08300963095,-0.009470225306,0.002003878159
19.43985248,25.95979714,0.6562676137,-0.196551234,0.3509210371,0.9965054017,-0.08295118879,-0.009621379505,0.001874477629
19.45989704,25.97984171,0.6562968874,-0.1964769631,0.350747111,0.996509019,-0.08289864316,-0.009719585564,0.00176622961
19.48483324,26.00477791,0.6563432923,-0.196380215,0.3505490122,0.9965136759,-0.08283351904,-0.009821605642,0.001624166447
19.50489116,26.02483582,0.6563854969,-0.1963324649,0.350390175,0.9965152165,-0.08280829245,-0.009894477069,0.001519656879
19.52987623,26.0498209,0.6564510222,-0.1963053976,0.3501980721,0.9965145636,-0.08281045292,-0.009961592872,0.001385679776
19.55483007,26.07477474,0.6565438453,-0.1962696983,0.3500263124,0.9965138863,-0.08281736151,-0.009993048186,0.001223933924
19.57484984,26.09479451,0.6566096546,-0.1962170333,0.3498705735,0.9965151168,-0.08279832825,-0.01004348993,0.001089531343
19.59985352,26.11979818,0.6567048531,-0.1961989244,0.3496768693,0.9965129985,-0.08282119041,-0.01008255371,0.0009145368721
19.61987686,26.13982153,0.656803527,-0.1962217099,0.349526563,0.9965081468,-0.08288128734,-0.01008130737,0.0007565707781
19.63988185,26.15982652,0.6569149846,-0.1962764381,0.3493942563,0.9965008049,-0.08297440041,-0.01005148305,0.000601592692
19.66481805,26.18476272,0.6570721693,-0.196390511,0.3492312948,0.9964878764,-0.08313756937,-0.009993616008,0.0004281178787
19.68484664,26.20479131,0.6572324852,-0.1965104804,0.3490841887,0.996474483,-0.08330675247,-0.009925334556,0.0002779414272
19.70985723,26.22980189,0.6575011574,-0.1966685017,0.3488936947,0.9964554058,-0.08355249285,-0.009777987975,4.169209395e-05
19.73488855,26.25483322,0.6578851247,-0.1965769015,0.3487056564,-0.9964509962,0.08362459404,0.009607611423,0.0001811505353
19.75488949,26.27483416,0.658365077,-0.1963522385,0.3485899175,-0.9964542117,0.08361442193,0.009355296092,0.0003300542832
19.77984905,26.29979372,0.6591659386,-0.1958707162,0.3484680962,-0.9964675188,0.08350352715,0.008908151052,0.0005384506133
19.80489874,26.32484341,0.6602002672,-0.1951858843,0.3483712184,-0.9964895198,0.08330130538,0.008303360879,0.0007638877384
19.82491159,26.34485626,0.661180049,-0.1945759661,0.348308492,-0.9965063279,0.08315506765,0.007710133502,0.0009627591756
19.84988546,26.36983013,0.6624990371,-0.1937243238,0.3482394441,-0.9965298084,0.08293842498,0.006934494261,0.001213059541
19.87483454,26.39477921,0.6638783717,-0.1928868546,0.348254514,-0.9965498937,0.08275569031,0.00615199063,0.001399319195
19.89987516,26.41981983,0.6652318161,-0.1920901399,0.3483426902,-0.9965619067,0.08263813285,0.005747339426,0.001507718985
19.91988277,26.43982744,0.6662351279,-0.1916470987,0.3485058495,-0.9965554024,0.08271230636,0.005817699823,0.001469260814
19.93988991,26.45983458,0.667104804,-0.1914902117,0.348795141,-0.9965321405,0.08295699718,0.006353349355,0.001210156178
19.96482778,26.48477244,0.6680491311,-0.1916646807,0.3492897509,-0.99649519,0.08331986967,0.007419003463,0.0003038830262
19.98483944,26.50478411,0.6687447958,-0.1918949986,0.3497232515,0.9964688756,-0.08353534286,-0.008429314866,0.0007571383638
20.00484467,26.52478933,0.6694153335,-0.1922451488,0.3502995492,0.9964410486,-0.08374465899,-0.00936174121,0.00210392436
20.02985358,26.54979825,0.6702370459,-0.192832508,0.3511314818,0.9964019719,-0.08400984594,-0.01042067367,0.004106790404
20.04986119,26.56980586,0.670880056,-0.1933681593,0.3519064932,0.9963654639,-0.08424697723,-0.0111518226,0.005826314394
20.06987286,26.58981752,0.6714953887,-0.1939825149,0.3526806891,0.9963204917,-0.08455691737,-0.01180017672,0.00750741988
20.08987808,26.60982275,0.6721277174,-0.1946779688,0.3534898345,0.9962684896,-0.08494801599,-0.01221133689,0.009155029
20.11483812,26.63478279,0.672979338,-0.1954961139,0.3545455616,0.9962058105,-0.08545690082,-0.01221891222,0.01103627658
20.13484454,26.65478921,0.6737482428,-0.195929569,0.3553487296,0.9961662905,-0.08583976062,-0.01174430445,0.01209663287
20.15484667,26.67479134,0.6746148494,-0.1960934233,0.3560701353,0.99613979,-0.08617170949,-0.01089470954,0.01269883907
20.17990208,26.69984674,0.6757633915,-0.1960307387,0.3568110214,0.9961186957,-0.08653759173,-0.009560745092,0.01293760061
20.2048285,26.72477317,0.6769375518,-0.1959098831,0.357517346,0.9960941629,-0.08696703153,-0.008156598065,0.01290829439
20.22483516,26.74477983,0.6778645772,-0.195827481,0.3580529255,0.9960716285,-0.08732670086,-0.007065400028,0.01286228474
20.24983239,26.76977706,0.6789691692,-0.1956785923,0.3585312953,0.99604676,-0.08771399317,-0.005885525503,0.01274629293
20.26990843,26.7898531,0.6797837512,-0.1954549136,0.3587386666,0.9960353277,-0.08790568982,-0.005184657265,0.01262280009
20.28991127,26.80985594,0.6805285666,-0.1951828952,0.3588310739,0.9960284809,-0.08802965233,-0.004699415104,0.01248843284
20.31490326,26.83484793,0.6813877095,-0.1948315375,0.358789777,0.9960223319,-0.0881466727,-0.004311517862,0.01229183816
20.3398664,26.85981107,0.6822139009,-0.194560358,0.3586552086,0.9960108926,-0.08831708984,-0.004038609928,0.01208648383
20.35991192,26.87985659,0.6828453904,-0.1944131949,0.3585096525,0.9959966362,-0.08850246117,-0.003941947278,0.01193633435
20.38490725,26.90485191,0.6835808078,-0.1943469289,0.3583352537,0.9959691579,-0.08882789885,-0.004018036678,0.01178542924
20.40980268,26.92974734,0.6842371332,-0.1942714452,0.3580936954,0.9959420964,-0.08913754311,-0.004353060083,0.01161420988
20.42988157,26.94982624,0.6847145148,-0.1941773912,0.3577859811,0.9959235335,-0.08934099468,-0.004813704973,0.01145994877
20.45485187,26.97479653,0.6852922551,-0.1941539883,0.3573858388,0.9958925427,-0.08966942947,-0.005478941014,0.01128795687
20.47975206,26.99969673,0.6858539681,-0.1942798397,0.3569847237,0.9958495125,-0.09012296531,-0.006164902706,0.01111725982
20.49976873,27.0197134,0.6862908519,-0.1945032628,0.3566348892,0.9958057588,-0.09059040347,-0.006674354171,0.01094177987
20.51986003,27.0398047,0.6867405021,-0.1947024342,0.3561859037,0.9957644271,-0.09103396284,-0.007148119304,0.01072043268
20.54484439,27.06478906,0.6873465125,-0.1950339786,0.3556543216,0.9957070758,-0.09166506535,-0.007501593609,0.01042406366
20.56990027,27.08984494,0.6879980416,-0.1953811041,0.3551403178,0.9956501865,-0.09231468726,-0.007551586431,0.01008355545
20.59486985,27.11481452,0.6886999241,-0.1957720081,0.3546004764,0.9955919265,-0.09300776513,-0.007266930637,0.009667634803
20.61488271,27.13482738,0.6892619618,-0.1961151923,0.3541448907,0.9955430683,-0.09358615831,-0.006989744298,0.00931523114
20.63986969,27.15981436,0.6899899026,-0.1965459556,0.3537055069,0.9954803208,-0.09432051425,-0.006538414643,0.00893423577
20.66486359,27.18480825,0.6907150845,-0.1970444217,0.3533312715,0.9954114966,-0.09510976137,-0.006034898325,0.00858287999
20.68487287,27.20481753,0.6912917038,-0.1974402602,0.3531036101,0.9953557576,-0.09574234437,-0.005581362851,0.008316711154
20.70987201,27.22981668,0.6920072862,-0.1978550992,0.3528569085,0.9952920928,-0.09645821886,-0.005013667643,0.008020295033
20.72987652,27.24982119,0.6925872714,-0.1981821127,0.3527032747,0.9952409118,-0.09702604353,-0.00452337429,0.007811103984
20.74988961,27.26983428,0.6931634803,-0.1985260903,0.3526034289,0.9951880781,-0.09760382004,-0.00399613115,0.007629837819
20.76993537,27.28988004,0.6937599735,-0.1988441162,0.3525940923,0.9951356955,-0.09817069675,-0.003398438702,0.007477462832
20.79485035,27.31479502,0.6945220066,-0.1991617877,0.3526265731,0.9950746873,-0.09882444243,-0.002627861554,0.007293195762
20.81486011,27.33480477,0.6951554098,-0.1992899444,0.3527118329,0.9950344763,-0.09925234452,-0.001984072678,0.007171228471
20.8398757,27.35982037,0.6959781175,-0.1993157182,0.352876642,0.9949938898,-0.09967908581,-0.001145711193,0.007065872042
20.86487222,27.38481688,0.6968011323,-0.1993270458,0.3530523901,0.9949544177,-0.1000836796,-0.0002987717476,0.006991028101
20.88488412,27.40482879,0.6974608695,-0.1993349093,0.3532719955,0.9949219428,-0.1004077218,0.0004316996784,0.006959223476
20.90988278,27.42982745,0.6982997812,-0.1993422753,0.3536065079,0.994879088,-0.1008253396,0.001395784925,0.006921190196
20.93488407,27.45482874,0.699143082,-0.19924464,0.3539388183,0.9948440409,-0.1011546286,0.002334537713,0.006901113125
20.95981455,27.47975922,0.6999792043,-0.1991696669,0.3543009992,0.9948060819,-0.1015016092,0.003293779061,0.006887219485
20.97985506,27.49979973,0.7006140332,-0.1991074671,0.3545555931,0.9947767641,-0.1017644555,0.004010583694,0.006862980936
20.99992561,27.51987028,0.7012494628,-0.1990465989,0.3547837163,0.9947461522,-0.1020366312,0.004710294164,0.006814084206
21.02483463,27.5447793,0.7020330821,-0.1989684626,0.3550227982,0.9947077041,-0.1023741043,0.005545373375,0.006736091439
21.04486251,27.56480718,0.7026409475,-0.1989360221,0.3551359427,0.9946751821,-0.1026602619,0.006157103789,0.006651523616
21.06980801,27.58975267,0.7033800239,-0.1988607648,0.3552336074,0.9946381303,-0.1029812955,0.006867698346,0.006532776994
21.0898242,27.60976887,0.7039599764,-0.1987845539,0.3552060385,0.9946105381,-0.1032220154,0.007355938299,0.006401818584
21.11482501,27.63476968,0.7046945154,-0.1986666301,0.3550966496,0.9945780328,-0.1035030176,0.007923323062,0.006235624877
21.13486767,27.65481234,0.7052652688,-0.198605487,0.3549311704,0.9945505608,-0.10374398,0.008321858973,0.006092227571
21.15981126,27.67975593,0.705961041,-0.1986129664,0.3546658255,0.9945091736,-0.1041133591,0.0087912451,0.005884399889
21.1798141,27.69975877,0.7065172499,-0.1986424868,0.3544127498,0.9944734504,-0.1044339792,0.009147141825,0.005694761676
21.19983125,27.71977592,0.7070761362,-0.1987012899,0.3541419813,0.9944347988,-0.1047797786,0.009504320772,0.005504249417
21.22479558,27.74474025,0.7077584452,-0.1988108147,0.3537377958,0.9943841022,-0.1052359526,0.009904302421,0.005249416268
21.24488616,27.76483083,0.7082882213,-0.1989427004,0.3534301946,0.9943394947,-0.105635428,0.01023234735,0.005042293103
21.26491523,27.7848599,0.7088031017,-0.1990730289,0.3530882196,0.9942954801,-0.1060305912,0.01052531375,0.004819722044
21.28989863,27.8098433,0.7094468639,-0.199196547,0.3526227279,0.9942442903,-0.1064882428,0.01085691003,0.004546748902
21.30990982,27.82985449,0.7099508605,-0.1993379127,0.3522258039,0.9942008297,-0.1068757695,0.01110658113,0.004350161825
21.334867,27.85481167,0.710548022,-0.1995980624,0.3517946684,0.9941395199,-0.1074177408,0.01144779293,0.004122120592
21.35981679,27.87976146,0.7111035368,-0.1999203005,0.3513696944,0.9940735351,-0.1080003274,0.01177691507,0.003878197675
21.37990308,27.89984775,0.7115495796,-0.2001560671,0.3510181683,0.9940226618,-0.1084456434,0.0120365311,0.003689467838
21.40486813,27.92481279,0.7121073314,-0.2005135114,0.3505805601,0.9939528899,-0.1090522451,0.0123798945,0.0034639228
21.42488503,27.9448297,0.7125389656,-0.2008197244,0.3502637578,0.9938947764,-0.1095533547,0.01266677215,0.003284623386
21.44986606,27.96981072,0.7130656207,-0.2011724517,0.3498506599,0.9938255218,-0.1101479254,0.0129958561,0.003061790141
21.4698844,27.98982906,0.7134928135,-0.20142089,0.3495204064,0.9937725981,-0.1105978516,0.01325884311,0.00288815643
21.49486423,28.01480889,0.7140275037,-0.2017008542,0.3490840925,0.993708808,-0.1111379821,0.01356703584,0.002662592971
21.51985788,28.03980255,0.7145782386,-0.2019904015,0.3487052605,0.9936421023,-0.111692745,0.0139298792,0.002462049329
21.53987217,28.05981684,0.7150151582,-0.2022312422,0.3484394683,0.9935867854,-0.112147938,0.0142423311,0.00230125755
21.55987263,28.0798173,0.7154633755,-0.2024446493,0.3482180097,0.9935322383,-0.1125890705,0.01458715631,0.002146525151
21.57990003,28.09984469,0.7159414242,-0.2026014368,0.3479764449,0.9934813298,-0.1129948532,0.01493379948,0.001998041326
21.60489821,28.12484288,0.7165497865,-0.2028293404,0.3477591084,0.9934124554,-0.1135336351,0.01544097563,0.001839428167
21.62989521,28.14983988,0.7171841704,-0.2029603796,0.3476308167,0.9933488619,-0.1140139315,0.01600062878,0.001685787625
21.65490031,28.17484498,0.7178385885,-0.2031192449,0.3475483532,0.9932798954,-0.1145272794,0.01661772099,0.001550144707
21.67991257,28.19985723,0.7185178296,-0.2032611451,0.3475193037,0.9932090534,-0.1150428853,0.0172882441,0.001423870359
21.69991469,28.21985936,0.7190711442,-0.2033792319,0.3475318161,0.9931504867,-0.1154614933,0.01785919297,0.001342944558
21.72488499,28.24482965,0.719783179,-0.203524925,0.3476509087,0.9930735788,-0.1159965955,0.01865625248,0.001265325817
21.74488616,28.26483083,0.7203540507,-0.2036348766,0.3477541755,0.9930120187,-0.1164183504,0.01929830817,0.001214008341
21.76985025,28.28979492,0.7210598968,-0.2037815289,0.3478885816,0.9929333589,-0.116952557,0.02010301407,0.001145826796
21.79479241,28.31473708,0.7217696802,-0.2039068845,0.3480854016,0.992854751,-0.1174711899,0.02094649705,0.001098707067
21.81484699,28.33479166,0.7223403756,-0.2039946284,0.3482122745,0.992794378,-0.1178613706,0.02160598148,0.001096277218
21.83988976,28.35983443,0.723039624,-0.2041009085,0.3484082715,0.9927246028,-0.1182898838,0.02244646842,0.001233842166
21.86480618,28.38475084,0.7237042152,-0.204236587,0.3485940032,0.9926592726,-0.1186772542,0.02326033878,0.001494812405
21.88976073,28.4097054,0.7243373247,-0.2043081294,0.3487570332,0.9926056521,-0.1189682244,0.02402661807,0.001817287863
21.90984273,28.4297874,0.7248260587,-0.204355079,0.3488722053,0.9925667105,-0.1191681447,0.02461325339,0.002113379611
21.93488097,28.45482564,0.7254001269,-0.2043941693,0.3489846526,0.9925267042,-0.1193532486,0.02527801021,0.002562370376
21.95979643,28.4797411,0.7259050485,-0.2045292328,0.3490779134,0.9924851656,-0.119555728,0.02588736775,0.003077025822
21.97986531,28.49980998,0.7262987863,-0.2045839206,0.3491469374,0.9924596071,-0.1196521926,0.02636023216,0.003524081836
21.99987483,28.5198195,0.7266421456,-0.2046590233,0.3491340788,0.9924385864,-0.1197312239,0.02672551876,0.003979050576
22.02488327,28.54482794,0.7270277597,-0.2047200903,0.3490704482,0.9924223504,-0.1197646487,0.0270789298,0.00458682642
22.04985428,28.56979895,0.7273450629,-0.2048532917,0.3489285543,0.9924076465,-0.1197932303,0.0273711734,0.00524061922
22.07481766,28.59476233,0.7276291128,-0.2049076201,0.3487130487,0.992403698,-0.1197500222,0.02758406693,0.005826797185
22.09483457,28.61477923,0.7278459864,-0.2048897792,0.3485093931,0.9924089459,-0.1196534885,0.02770938844,0.006302104575
22.11487889,28.63482356,0.7280526233,-0.2048416977,0.3482676876,0.9924179389,-0.1195359309,0.02779100472,0.006742093149
22.13489485,28.65483952,0.7282408392,-0.2047576266,0.3480040945,0.9924323888,-0.1193819586,0.02783081074,0.007165722697
22.15988898,28.67983365,0.7284500273,-0.2045683608,0.3476092706,0.9924617675,-0.1191171926,0.02778985647,0.007645810642
22.1848681,28.70481277,0.7286524768,-0.2042982809,0.3471253053,0.9924998233,-0.1188043695,0.02765599881,0.008047873024
22.20487452,28.72481918,0.7287815258,-0.2040793401,0.3466856043,0.9925356786,-0.1185269861,0.02745819161,0.008386172352
22.22985578,28.74980044,0.728889494,-0.203776228,0.3460564419,0.9925890442,-0.1181405162,0.02707472135,0.008761691625
22.24987864,28.76982331,0.7289787,-0.2034632253,0.3455086683,0.9926363445,-0.117809027,0.02671668003,0.008963245835
22.27493715,28.79488182,0.729088864,-0.203023614,0.3447038249,0.9927005479,-0.1173863282,0.02612931576,0.009128578086
22.29981279,28.81975746,0.7291345369,-0.2026368997,0.3438775765,0.9927664087,-0.117010484,0.02523361867,0.009309612827
22.32480359,28.84474826,0.7291236627,-0.2022674868,0.3429820674,0.9928358943,-0.1166713008,0.02398256737,0.00946208776
22.34976339,28.86970806,0.7291251463,-0.2018633723,0.3420726845,0.9929053559,-0.1163252547,0.02270489117,0.009585262858
22.36978364,28.88972831,0.7291276749,-0.2015566953,0.3413198814,0.992958254,-0.1160610285,0.02167847404,0.009684384016
22.39473987,28.91468453,0.7291132021,-0.201236653,0.3404166139,0.993017086,-0.1157720415,0.0204334815,0.009817030733
22.4197433,28.93968797,0.7291312667,-0.2009613988,0.3396000789,0.9930668224,-0.1155030623,0.01942656832,0.009996866784
22.43975902,28.95970368,0.7291670889,-0.2007285304,0.3389051542,0.9931071696,-0.1152548061,0.01873981595,0.01016359825
22.46474242,28.98468709,0.7292121616,-0.2004986631,0.3381507991,0.9931493439,-0.1149800108,0.01805045672,0.01039994798
22.48975611,29.00970078,0.7292652683,-0.2003366679,0.3374127623,0.9931829264,-0.1147476461,0.01754744818,0.01061788086
22.51474929,29.03469396,0.7293516773,-0.2002035823,0.3367601239,0.99321149,-0.1145187168,0.01724629034,0.01090711617
22.53476882,29.05471349,0.7294430919,-0.2001218895,0.3362781724,0.9932314318,-0.114343318,0.01706334566,0.01121475577
22.55974793,29.0796926,0.729568624,-0.2000348494,0.3357386105,0.9932536402,-0.1141336681,0.01688852261,0.01164001028
22.5847683,29.10471296,0.7296856971,-0.200017026,0.3351890131,0.9932710337,-0.1139570801,0.01672369926,0.01211426371
22.60968828,29.12963295,0.7298249801,-0.2000676874,0.334669951,0.9932808499,-0.1138270703,0.01662452441,0.01265608674
22.63482165,29.15476632,0.7299858927,-0.2001342285,0.3341080929,0.993287369,-0.1137235496,0.01652580544,0.01319297729
22.6548574,29.17480206,0.7301354784,-0.2001919318,0.3336696101,0.9932887665,-0.1136726401,0.01647089689,0.01358921681
22.67989087,29.19983554,0.7303315192,-0.2003078045,0.3330889112,0.9932865365,-0.1136366595,0.01640918252,0.0141175333
22.70486522,29.22480989,0.730527602,-0.2005259472,0.33256072,0.9932734515,-0.1136804495,0.01640690392,0.01467717286
22.72986364,29.24980831,0.7307275789,-0.2008006073,0.3321219915,0.9932523354,-0.1137807922,0.01647546871,0.01524101222
22.75486064,29.27480531,0.7309332882,-0.2010866744,0.3317605016,0.9932249505,-0.1139393154,0.01658956152,0.01571039612
22.77985263,29.2997973,0.7311456631,-0.2013907091,0.3315517663,0.9931919034,-0.1141308715,0.01680160973,0.01617693362
22.79985428,29.31979895,0.7313088859,-0.2016500334,0.3314479952,0.9931622128,-0.1143096997,0.01700276453,0.01652324463
22.81985545,29.33980012,0.7314774851,-0.2019083194,0.3314699018,0.9931274389,-0.114531578,0.0172748284,0.01679250064
22.83985972,29.35980439,0.7316460929,-0.2021629494,0.3315952409,0.9930894655,-0.1147786419,0.01760048026,0.01701175725
22.86486483,29.38480949,0.7318505789,-0.2024737814,0.3318803366,0.9930402608,-0.1150914206,0.01807062197,0.01727593531
22.88487077,29.40481544,0.7320163343,-0.20270327,0.3321832178,0.9929998522,-0.1153487718,0.01848454582,0.0174435065
22.90987372,29.42981839,0.7322310943,-0.2029359739,0.3325875471,0.9929501433,-0.1156808608,0.01900374855,0.01751596435
22.93484902,29.45479369,0.7324247989,-0.203108919,0.3329342097,0.9929086761,-0.115953734,0.01944132007,0.01758202628
22.95487809,29.47482276,0.7325474101,-0.2032236322,0.333153528,0.9928821073,-0.11612569,0.019716881,0.01764057124
22.97989202,29.49983668,0.7326700766,-0.2033298015,0.3333728336,0.9928569099,-0.1162813823,0.01999517281,0.01771975327
23.00486493,29.5248096,0.7327716694,-0.2034192926,0.3335523207,0.9928360791,-0.11640763,0.0202265221,0.01779526482
23.02985811,29.54980278,0.7328520836,-0.2035034401,0.3336982826,0.9928187107,-0.1165097846,0.02041364076,0.01788186515
23.05484891,29.57479358,0.7329052108,-0.2036041684,0.3338175209,0.9928029223,-0.1166060824,0.02054553844,0.01797942724
23.07980108,29.59974575,0.7329426078,-0.2037044568,0.3339202306,0.9927885437,-0.1167002994,0.02063130616,0.01806368667
23.09985828,29.61980295,0.7329699741,-0.2037868457,0.3339981346,0.9927774795,-0.1167702585,0.02069807513,0.01814311408
23.12484431,29.64478898,0.7330127544,-0.2038862396,0.3341002758,0.9927631223,-0.1168565578,0.02081296502,0.01824139381
23.14985991,29.66980457,0.7330593328,-0.2039842512,0.3342077992,0.99274775,-0.116953172,0.02093846048,0.0183150549
23.17485452,29.69479918,0.7331061629,-0.2040997943,0.3343253815,0.9927300664,-0.1170687523,0.02107043791,0.01838366558
23.19486523,29.71480989,0.7331530248,-0.2042118062,0.3344393792,0.992712346,-0.1171867637,0.02120533079,0.0184335123
23.2198391,29.73978376,0.733216087,-0.2043479556,0.3345863403,0.9926896718,-0.1173386013,0.02138383448,0.01848241624
23.24473739,29.76468205,0.7332719569,-0.2044676357,0.3347205112,0.9926693604,-0.1174766219,0.02153675644,0.01851897095
23.26478386,29.78472853,0.7333233286,-0.204564495,0.3348380968,0.9926520144,-0.1175936853,0.02167461148,0.01854493942
23.28973198,29.80967665,0.7334058272,-0.2047079601,0.3350194954,0.9926254398,-0.1177709602,0.02189338072,0.01858540162
23.30977368,29.82971835,0.7334852319,-0.2048352671,0.3351921651,0.9926008791,-0.1179339745,0.02210088587,0.01861782473
23.32983589,29.84978056,0.7335846371,-0.2049633726,0.3354080546,0.9925733571,-0.1181141612,0.02235383887,0.01864085782
23.35485053,29.8747952,0.7337523845,-0.2051435806,0.3357827352,0.9925305375,-0.1183884294,0.02276983402,0.01867743738
23.37988687,29.89983153,0.7339715524,-0.2053991374,0.3362988891,0.99247153,-0.118761982,0.02333872206,0.01873920365
23.40485382,29.92479849,0.7342676666,-0.2057300534,0.3369671083,0.9923927379,-0.1192566534,0.02409676593,0.01881090651
23.42980528,29.94974995,0.7346434668,-0.2061121568,0.3378280761,0.9922954379,-0.1198570285,0.02503808327,0.01889843799
23.44985199,29.96979666,0.7349944898,-0.2064510736,0.3389417421,0.9921999568,-0.1203966139,0.02608527745,0.01906460875
23.4748702,29.99481487,0.7352989739,-0.2068065236,0.3407977105,0.9920936218,-0.1209389025,0.02724378091,0.01953980233
23.49496698,30.01491165,0.735455557,-0.2071078472,0.342951504,0.9920032758,-0.1213859716,0.02809479406,0.02014023909
23.51983452,30.03977919,0.7355286869,-0.2073184029,0.3462643855,0.9919098402,-0.1218013194,0.02884941112,0.02114282357
23.54484558,30.06479025,0.7354013228,-0.2075467032,0.3503971866,0.9918175715,-0.1222007185,0.02933520893,0.02245739978
23.56485939,30.08480406,0.7351954817,-0.2075863935,0.3540678475,0.9917603621,-0.1223852504,0.02955509428,0.02365863632
23.58983994,30.1097846,0.7348145264,-0.2074566257,0.3590684752,0.9917074449,-0.122451718,0.02967382098,0.0253255769
23.60985327,30.12979794,0.7343907103,-0.2072378976,0.3633792095,0.9916784248,-0.1224161407,0.02950436251,0.02678960532
23.62986231,30.14980698,0.733890272,-0.2069899013,0.3679453976,0.991648099,-0.1223927189,0.02914841264,0.02836265524
23.6548574,30.17480206,0.7332378057,-0.2066074577,0.3738561488,0.9916044862,-0.1223548726,0.02875800748,0.03037770872
23.67984462,30.19978929,0.7326267678,-0.2059954257,0.37998217,0.9915619485,-0.1221904808,0.02869540922,0.03241854775
23.70483685,30.22478151,0.7320092421,-0.2052786183,0.3861974131,0.9915147081,-0.1219811292,0.02883420766,0.03446413046
