time_s,recording_time_s,x_m,y_m,z_m,qx,qy,qz,qw
0,120.1591344,0.6177571825,0.1463650642,0.4064796234,-0.9884489793,0.1476236794,-0.02097968304,0.02712411327
0.02004957199,120.179184,0.6185704625,0.1456751304,0.4029409744,-0.9883531139,0.1484586654,-0.0202697444,0.02659481959
0.04007601738,120.1992104,0.6194467647,0.1450487221,0.3991959808,-0.9882574763,0.1492692402,-0.01942026633,0.02624324193
0.06008076668,120.2192152,0.6204213343,0.1444263616,0.3953650047,-0.9881518922,0.150116154,-0.01852479353,0.02603479063
0.08008742332,120.2392218,0.6214839447,0.1437227188,0.3916327094,-0.988028571,0.1510580853,-0.01762111337,0.0258939021
0.1050605774,120.264195,0.622832504,0.1427023533,0.3870155169,-0.9878593825,0.1523473073,-0.01625637271,0.02568790931
0.1250677109,120.2842021,0.6239412087,0.141904816,0.3835010678,-0.9877180876,0.1533813518,-0.01513022565,0.02565573196
0.1500506401,120.309185,0.625398884,0.1410838771,0.3794191983,-0.9875442718,0.1545781296,-0.01388230317,0.02586880037
0.1700763702,120.3292108,0.6265963269,0.1404690863,0.3763419581,-0.9874046325,0.1555190846,-0.01291508122,0.02605967504
0.195069313,120.3542037,0.6281517591,0.1397198114,0.3729166206,-0.9872249477,0.1567075026,-0.01182669417,0.02626386291
0.2200775146,120.3792119,0.6297846963,0.1390335111,0.3699220922,-0.9870424882,0.157886188,-0.01084890383,0.0264835684
0.2449798584,120.4041142,0.6314854592,0.1383752953,0.3672797361,-0.9868561005,0.1590689909,-0.009980598026,0.02669233581
0.2699625492,120.4290969,0.6332413284,0.1377612296,0.3650525001,-0.9866678664,0.1602301386,-0.009350839602,0.02693298816
0.2900676727,120.4492021,0.6346813927,0.1373216399,0.3634564847,-0.986515353,0.1611384584,-0.009020735732,0.02721179427
0.3150815964,120.474216,0.6365343023,0.1368384366,0.3617240737,-0.9863208751,0.1622526438,-0.008839878339,0.0276959819
0.3400611877,120.4991956,0.63843956,0.1363509635,0.3602488543,-0.9861175267,0.163385391,-0.008901863693,0.02825233522
0.3600792885,120.5192137,0.6399889129,0.1359124888,0.3592180351,-0.9859465517,0.1643272242,-0.009108453936,0.0286879196
0.3800835609,120.5392179,0.6415725668,0.1353972802,0.3582767872,-0.9857653945,0.1653250961,-0.009435904803,0.02907169244
0.4050767422,120.5642111,0.6435997691,0.1346666832,0.3572097371,-0.9855254082,0.1666418758,-0.009993220636,0.02950068681
0.4300363064,120.5891707,0.6456077902,0.1338583064,0.3562291034,-0.9852767075,0.1680049155,-0.01063336983,0.02985112238
0.4500627518,120.6091971,0.6472079359,0.1331971403,0.3555906606,-0.9850733745,0.1691024194,-0.01126359744,0.03013220974
0.4748790264,120.6340134,0.6492001603,0.1323235549,0.3549169264,-0.9848132191,0.1704931849,-0.01215970595,0.03044895595
0.4949688911,120.6541033,0.6507458975,0.1315706303,0.3544265711,-0.9846022473,0.1716212467,-0.01289985678,0.03062933357
0.5199604034,120.6790948,0.6525473292,0.1306118552,0.3537857655,-0.9843493087,0.1729815544,-0.0137446982,0.03073928315
0.5400710106,120.6992054,0.6539378365,0.1298250307,0.3533841006,-0.9841496107,0.174046983,-0.01449579477,0.03077439619
0.5650341511,120.7241685,0.6556198471,0.1287850687,0.3529560509,-0.983899208,0.1753816116,-0.01548124116,0.03072409595
0.5850434303,120.7441778,0.656907123,0.1279428915,0.3527071095,-0.9836999754,0.1764340039,-0.01630385794,0.03065264933
0.6050636768,120.7641981,0.6580934725,0.1271075915,0.3524858509,-0.9835094414,0.1774400096,-0.01708655729,0.03053311692
0.6250998974,120.7842343,0.6592033088,0.126243663,0.3523277895,-0.9833223384,0.1784290392,-0.01787908141,0.03034131172
0.6500563622,120.8091908,0.6605436428,0.1251144945,0.3522317043,-0.9830863663,0.1796695297,-0.01893370425,0.03002617626
0.6750478745,120.8341823,0.6617914485,0.1239775267,0.3521911976,-0.982855262,0.18087985,-0.01997478999,0.02964829775
0.6950702667,120.8542047,0.6626943189,0.1230968214,0.3522277964,-0.9826807501,0.1817875666,-0.02079568675,0.02931490185
0.7200951576,120.8792295,0.6636919317,0.122056152,0.3523383462,-0.9824786115,0.1828309301,-0.02177403431,0.02888806657
0.7450649738,120.9041994,0.6645749545,0.1210689164,0.3525152017,-0.9822905388,0.1837924804,-0.02271515991,0.02845422646
0.7700047493,120.9291391,0.665362283,0.1201195107,0.3527692802,-0.9821120811,0.1846951075,-0.02363905593,0.02801379086
0.7950060368,120.9541404,0.6660137248,0.119273191,0.3530602469,-0.9819551555,0.1854810637,-0.02447917123,0.02759742319
0.8199894428,120.9791238,0.6665254673,0.1185954711,0.3533224248,-0.9818293774,0.1861038287,-0.02516788445,0.02725832432
0.8401062489,120.9992406,0.6668619631,0.1181841452,0.3535159016,-0.9817498192,0.1864878069,-0.02563195838,0.02706645645
0.8649950027,121.0241294,0.6672059647,0.1177842759,0.3537266401,-0.9816696981,0.186867613,-0.02610924529,0.02689621397
0.8899869919,121.0491214,0.6674864329,0.1175004499,0.353909475,-0.9816075289,0.1871523629,-0.02649513847,0.02680783324
0.9099924564,121.0691268,0.667673917,0.1173692592,0.3540532017,-0.9815710743,0.187306125,-0.02675245489,0.0268132012
0.9350130558,121.0941474,0.6678750334,0.1172680971,0.3542150032,-0.98153578,0.1874452289,-0.0270246525,0.02686013636
0.9599993229,121.1191337,0.6680335185,0.117198142,0.3543475376,-0.9815087548,0.1875489856,-0.0272424207,0.02690339698
0.9850122929,121.1441467,0.6681639043,0.1171467631,0.3544447282,-0.9814874499,0.1876305771,-0.02741399143,0.02693743397
1.010018826,121.1691532,0.6682594783,0.1170948879,0.3544876701,-0.9814710137,0.1876995808,-0.02752209568,0.02694533009
1.030044556,121.1891789,0.6683271367,0.1170363117,0.3544975443,-0.9814575533,0.1877623715,-0.02758685989,0.0269319153
1.055048466,121.2141829,0.6684121234,0.1169465029,0.3544886321,-0.9814394193,0.1878521305,-0.02765631849,0.02689556393
1.080072403,121.2392068,0.6684928688,0.1168437241,0.3544581268,-0.9814208125,0.1879493141,-0.02771096174,0.02683927525
1.100162506,121.2592969,0.6685388048,0.1167629624,0.3544147042,-0.9814085127,0.1880192053,-0.02772868332,0.02678114697
1.125046968,121.2841814,0.6685847987,0.1166544524,0.3543574327,-0.9813937637,0.1881066862,-0.02774285983,0.02669248628
1.145058632,121.304193,0.6686192982,0.1165268829,0.3542986293,-0.9813784234,0.1882016449,-0.02775342573,0.02657589765
1.170038223,121.3291726,0.6686594049,0.1163516815,0.3542220787,-0.9813580459,0.1883292018,-0.02776511074,0.02641204358
1.190044165,121.3491786,0.6686877137,0.1161752817,0.3541380796,-0.9813390138,0.1884530192,-0.02776361321,0.02623702147
1.215053797,121.3741882,0.6687322086,0.1159109371,0.3540189156,-0.9813100263,0.1886388768,-0.02777006293,0.02597748947
1.240049362,121.3991838,0.6687884073,0.1155904775,0.3538835821,-0.9812742941,0.1888648202,-0.02778676015,0.02566584043
1.260052919,121.4191873,0.6688394744,0.1152928878,0.3537552731,-0.9812412149,0.1890739727,-0.02779967271,0.02537497216
1.285065651,121.4442,0.6689108349,0.1148666985,0.3535780691,-0.9811936736,0.1893728578,-0.02782073475,0.02495801184
1.310045481,121.4691799,0.6689905616,0.1143925523,0.3533852426,-0.9811402373,0.1897057208,-0.02784793083,0.024496265
1.335047483,121.4941819,0.6690865771,0.1138537438,0.3531620442,-0.98107855,0.1900860487,-0.02787885803,0.02397795243
1.355082989,121.5142174,0.6691761538,0.1133600394,0.3529519953,-0.9810216437,0.1904350711,-0.02790421511,0.02350261654
1.379981518,121.5391159,0.6692998205,0.1126610116,0.3526711615,-0.9809404885,0.1909276708,-0.02795120353,0.0228278959
1.400069475,121.5592039,0.6694065987,0.1120442138,0.3524388576,-0.980868237,0.1913610346,-0.02800226173,0.02223351831
1.420073986,121.5792084,0.6695146701,0.1114053431,0.3521968809,-0.9807931896,0.1918085621,-0.02805229997,0.02161627265
1.445051908,121.6041863,0.669648763,0.1105943891,0.3519039352,-0.9806969896,0.1923757785,-0.02812351305,0.0208336844
1.465058565,121.624193,0.6697498848,0.1099660795,0.3516901372,-0.9806219545,0.1928132838,-0.02818644275,0.02022731523
1.485062838,121.6441972,0.6698434124,0.1093781211,0.3514907854,-0.9805514383,0.1932216746,-0.02824468481,0.01965958028
1.510051966,121.6691864,0.6699525049,0.1086918824,0.3512539274,-0.9804687543,0.1936975136,-0.02831000215,0.01899575751
1.535051346,121.6941857,0.6700534899,0.1080815478,0.3510425471,-0.9803940169,0.1941229989,-0.02837100792,0.01840974547
1.560078621,121.719213,0.6701333031,0.1075906518,0.3508566478,-0.9803339505,0.1944653955,-0.02840501664,0.01793629003
1.585046768,121.7441812,0.6701883384,0.1072377154,0.3506999452,-0.980291769,0.1947084009,-0.02841199895,0.01759103751
1.610058069,121.7691925,0.670235147,0.1070188263,0.3506001494,-0.980263938,0.1948652286,-0.02842303637,0.01738636181
1.63506484,121.7941992,0.6702788761,0.1068956095,0.3505236788,-0.980246798,0.1949605886,-0.02842475202,0.01728054744
1.660062075,121.8191965,0.6702973115,0.1068291149,0.3504422687,-0.9802403656,0.1950057139,-0.02838026356,0.01720923634
1.685032845,121.8441672,0.6703334855,0.1067995576,0.3504090449,-0.9802348101,0.1950327741,-0.02839227893,0.01719920197
1.710018635,121.869153,0.6704205711,0.1068258455,0.3504629283,-0.9802267893,0.195052396,-0.02849003276,0.01727201004
1.730027199,121.8891616,0.670509045,0.1068764399,0.3505028804,-0.9802229566,0.1950529434,-0.02857528168,0.01734237542
1.755032063,121.9141665,0.6705708956,0.1069535768,0.350486759,-0.9802299381,0.1950088431,-0.02860822353,0.01738934122
1.779943943,121.9390783,0.670658359,0.1070555452,0.3504958845,-0.9802366297,0.1949577007,-0.02868411574,0.01746041989
1.800054073,121.9591885,0.6708126973,0.1071639931,0.3504519996,-0.980235024,0.1949447124,-0.02876623329,0.01756020354
1.825021982,121.9841564,0.6711406161,0.1073030628,0.3503421554,-0.9802207355,0.1949780739,-0.02892490935,0.01772597065
1.850024223,122.0091586,0.6715452611,0.1073759403,0.3500885047,-0.980193078,0.1950895678,-0.02900591086,0.01789545808
1.87502408,122.0341585,0.6720506538,0.1074354238,0.3497228388,-0.980153736,0.1952532274,-0.02909591131,0.01811791527
1.900000095,122.0591345,0.6727088323,0.1074629664,0.3492240165,-0.9800971401,0.1954959091,-0.02919839029,0.01839563828
1.920042992,122.0791774,0.6732995854,0.1074515079,0.3486942153,-0.9800448555,0.1957409172,-0.02918175745,0.018601061
1.945021391,122.1041558,0.6740273939,0.1073580024,0.3479577179,-0.9799861204,0.1961160074,-0.02864436039,0.018579993
1.970019341,122.1291537,0.6747127176,0.1071819865,0.3471972548,-0.9799505154,0.1965657131,-0.02711857895,0.01798584297
1.995031118,122.1541655,0.6754037941,0.1069428207,0.3463110929,-0.9799256576,0.1970881962,-0.02478423566,0.01696142874
2.020045757,122.1791801,0.675998421,0.1066830461,0.3452858094,-0.9799216736,0.1976132393,-0.02154334324,0.01544038903
2.045017004,122.2041514,0.6765527674,0.1064719436,0.3442013742,-0.9799239196,0.1981055787,-0.01780229926,0.01365172476
2.069918156,122.2290525,0.677235804,0.1062864872,0.3432634601,-0.9799010518,0.1986299529,-0.01411434061,0.01186827653
2.090032101,122.2491665,0.6777684812,0.1061079607,0.3425414479,-0.9798702925,0.199073954,-0.0108770143,0.01026943392
2.110037565,122.269172,0.6782529254,0.1059966585,0.3418988217,-0.9798395532,0.1994638291,-0.007442437427,0.00855809281
2.13504076,122.2941751,0.6789612558,0.1060245989,0.3412765662,-0.9797964206,0.1998536397,-0.003654610592,0.006643849245
2.160048008,122.3191824,0.6800268444,0.1061639455,0.3410564876,-0.9797250157,0.2002671954,-0.001370164425,0.005483307205
2.185051441,122.3441858,0.6813998502,0.1064310298,0.3413952141,-0.9796412473,0.2006904418,-0.0006591586768,0.005093006202
2.210049391,122.3691838,0.6829504571,0.106653599,0.3420905682,-0.9795368423,0.2011930213,-0.001068902587,0.005272596702
2.235073328,122.3942077,0.6846135288,0.106908946,0.3431052516,-0.9794265819,0.2017033077,-0.002295504675,0.005837545845
2.260115862,122.4192502,0.6862372317,0.1070890444,0.3442338715,-0.979307177,0.2022372363,-0.003829618955,0.006548845977
2.285044909,122.4441793,0.6878278065,0.1073396268,0.3455565232,-0.9791953633,0.2026961869,-0.005879752969,0.007491651201
2.305055618,122.46419,0.689121401,0.107466136,0.3468518829,-0.9790882255,0.2031152957,-0.007795546974,0.008345828462
2.329995155,122.4891295,0.690661354,0.1076462985,0.3485210432,-0.9789573609,0.2035957248,-0.01016150242,0.00938137669
2.350022078,122.5091565,0.6918625978,0.107753817,0.349896969,-0.978845613,0.2039896554,-0.01206303797,0.01019654111
2.374927044,122.5340614,0.6932998407,0.1078447582,0.3517200768,-0.9786989757,0.2044841845,-0.0144595753,0.01120062403
2.394999743,122.5541341,0.6943891692,0.1079215415,0.3532003114,-0.9785828311,0.2048537492,-0.01634588795,0.01197480692
2.4150424,122.5741768,0.6954270561,0.1080115414,0.3546312935,-0.9784700531,0.2052005881,-0.01810807444,0.01269532846
2.435069561,122.5942039,0.696343033,0.1081222812,0.3559432152,-0.9783733784,0.2054959383,-0.01952874756,0.01325065203
2.460082054,122.6192164,0.6972710556,0.1082415388,0.3574454397,-0.9782816967,0.2058063124,-0.02061269713,0.0135572978
2.48502779,122.6441622,0.6979892558,0.1083302826,0.3588117146,-0.9782193822,0.2060775355,-0.0209306307,0.01344612744
2.505055428,122.6641898,0.6984132268,0.1083937936,0.3597761191,-0.9781934187,0.2062589003,-0.02060528525,0.01305081648
2.525069714,122.6842041,0.6986679409,0.1084920966,0.3605654289,-0.9781964376,0.2063668984,-0.01976444474,0.01240158941
2.550059319,122.7091937,0.698740699,0.108734469,0.3612954276,-0.978247262,0.2063387655,-0.01813062246,0.01130879538
2.575044155,122.7341785,0.6985522572,0.1090716052,0.3618136244,-0.9783421261,0.2061583206,-0.01577140833,0.009833301281
2.595047951,122.7541823,0.6982268187,0.1094191414,0.3620760631,-0.978444141,0.2059067356,-0.01337974246,0.008394145148
2.619987965,122.7791224,0.6976529291,0.1099848118,0.3621565874,-0.9785958473,0.2054461429,-0.01003015333,0.006437852763
2.640018702,122.7991531,0.6971671438,0.1104568984,0.3619860846,-0.9787128908,0.2050448436,-0.00731856107,0.004912046441
2.660040379,122.8191748,0.6967186766,0.1109914607,0.3617245343,-0.9788262559,0.2046076046,-0.004762243317,0.003494270082
2.68503952,122.8441739,0.6962151245,0.1116442789,0.3612609772,-0.9789498523,0.2040853652,-0.001712126964,0.001849048378
2.710032701,122.8691671,0.6958847681,0.1122966155,0.3606570704,-0.9790522108,0.2036072734,0.0006497032514,0.0006516807277
2.730035305,122.8891697,0.6958118559,0.1127872619,0.3601387863,-0.9791163145,0.2032937646,0.001687041212,0.0002053738098
2.754934072,122.9140685,0.6958766742,0.11334943,0.3594620402,-0.9791821371,0.2029714195,0.002221504827,0.0001010802832
2.779888868,122.9390233,0.6960117403,0.1137365661,0.358721084,-0.97922018,0.2027834168,0.002591169758,0.0001139362208
2.799916267,122.9590507,0.6961141035,0.1139765075,0.3580296277,-0.9792413728,0.2026758653,0.002967701064,9.740175403e-05
2.819927692,122.9790621,0.6962124806,0.1140894701,0.3571773992,-0.9792455293,0.2026477932,0.003475548257,4.783963352e-05
2.845022917,123.0041573,0.696336867,0.1141556072,0.3560281553,0.9792401213,-0.2026606614,-0.004175082767,2.042868293e-05
2.869983196,123.0291176,0.6965242135,0.1141707372,0.3549449547,0.9792225195,-0.2027322927,-0.004781594737,5.739089476e-05
2.895013094,123.0541475,0.6968094635,0.114137465,0.3539258002,0.9791892758,-0.2028805616,-0.005277229029,3.696213548e-05
2.919968843,123.0791032,0.6971254,0.1140846517,0.3529037596,-0.9791093981,0.2030496903,0.005752239821,1.147365221e-06
2.939972162,123.0991066,0.6973831191,0.1140307771,0.3521198841,-0.9791168103,0.2032068578,0.006105517557,3.411766805e-05
2.964985609,123.12412,0.6977350161,0.1139423172,0.3511648846,-0.9790707869,0.2034162544,0.006497583116,9.373161871e-05
2.989984989,123.1491194,0.6981365659,0.1138492682,0.3502593179,-0.9790199613,0.2036502031,0.0068171365,0.0001957806883
3.010010242,123.1691446,0.6984720701,0.1137845079,0.3495577809,-0.9789791672,0.2038383367,0.007045420395,0.0002904543021
3.034958363,123.1940928,0.6988982502,0.1136978661,0.3487538304,-0.9789270753,0.2040801874,0.007272014644,0.0004199472204
3.055003643,123.214138,0.6992562701,0.1136064922,0.3481701813,-0.9788815086,0.2042938436,0.007398264372,0.0005319276804
3.075012684,123.2341471,0.6996145879,0.1134944633,0.3476133712,-0.9788332485,0.2045209409,0.007500503897,0.0006313729046
3.09502697,123.2541614,0.6999658162,0.1133763979,0.3471097715,-0.9787850455,0.2047486901,0.007568415945,0.000726425245
3.120032787,123.2791672,0.7003827484,0.1132383651,0.3465081448,-0.9787277869,0.2050184881,0.007657715866,0.0008353981632
3.145048141,123.3041825,0.7007900163,0.1131009951,0.3459740633,-0.9786717397,0.2052836712,0.007703467389,0.0009470918718
3.170014381,123.3291488,0.7011610704,0.112977871,0.3455079676,-0.978620683,0.2055251498,0.007737306675,0.001051544336
3.195026636,123.354161,0.7014613684,0.1128873296,0.3451193939,-0.9785805153,0.2057144487,0.007773666964,0.001144874048
3.215029478,123.3741639,0.701653442,0.112829066,0.3448452498,-0.9785545129,0.205836132,0.007817433288,0.00119986854
3.240064144,123.3991985,0.7018722401,0.1127522875,0.3446373903,-0.9785244224,0.2059798597,0.007787767238,0.001266012469
3.265059233,123.4241936,0.7020365883,0.1126735262,0.3445262413,-0.9784994525,0.2061003436,0.007732103359,0.001297879373
3.289993525,123.4491279,0.7021504617,0.1126006903,0.344527142,-0.9784804092,0.2061942578,0.007636343662,0.00130503236
3.310003996,123.4691384,0.7022308232,0.1125424796,0.3445993594,-0.9784667917,0.206263344,0.007513258476,0.00131207837
3.33001256,123.4891469,0.7023391822,0.1124806907,0.3447263673,-0.9784506322,0.2063463158,0.007331332883,0.001345334301
3.355008602,123.514143,0.7024983086,0.1124028117,0.3449168103,-0.9784283894,0.2064606018,0.007065368275,0.001409737918
3.375036716,123.5341711,0.7026102934,0.1123545175,0.3450554595,-0.9784134129,0.2065374424,0.006880455811,0.001462115014
3.395039797,123.5541742,0.7027172799,0.1123081167,0.3451823016,-0.9783991091,0.2066105709,0.006705999515,0.001511607295
3.420063257,123.5791976,0.702824054,0.1122584434,0.3452837932,-0.9783840929,0.2066862325,0.006554449912,0.001551519788
3.445019484,123.6041539,0.7028652522,0.1122324931,0.3452913676,-0.9783771222,0.2067201385,0.006525778815,0.001550929335
3.46503377,123.6241682,0.702869615,0.1122191677,0.34525718,-0.9783744586,0.2067316047,0.006567977824,0.001524439013
3.485046387,123.6441808,0.7028606081,0.1122102998,0.345188042,-0.9783730255,0.2067356058,0.006665171938,0.001479076209
3.510024071,123.6691585,0.7028461256,0.1121980844,0.3450774355,-0.9783710069,0.2067407449,0.00681487047,0.00141234611
3.530025959,123.6891603,0.7028385933,0.1121771565,0.3449796094,-0.9783678172,0.2067526238,0.006923482075,0.00135359827
3.555018663,123.7141531,0.7028353655,0.112124233,0.3448716035,-0.9783600229,0.2067864094,0.00703199331,0.001263944725
3.579997301,123.7391317,0.7028410826,0.1120404348,0.3447989406,-0.9783478958,0.2068423524,0.007090275601,0.001167905765
3.60495019,123.7640846,0.7028556552,0.1118961722,0.3447395382,-0.978327379,0.2069391025,0.00712193914,0.001012550256
3.629927635,123.789062,0.7028845316,0.1116626425,0.3446649176,-0.9782943181,0.207096412,0.00712282799,0.0007541518195
3.649942398,123.8090768,0.7029196417,0.1114122666,0.3446009162,-0.9782586281,0.2072666085,0.00709739856,0.000486129523
3.674865484,123.8339999,0.7029719331,0.1110307438,0.3445012549,-0.9782042184,0.2075251488,0.007058566355,7.925458234e-05
3.694970131,123.8541045,0.7030175846,0.1106715299,0.3444012466,0.9781528854,-0.2077674486,-0.007037060291,0.0003161230964
3.719928741,123.8790631,0.7030770386,0.110166491,0.3442500471,0.9780803986,-0.2081067462,-0.007037266514,0.0008905732295
3.739934683,123.8990691,0.7031029815,0.1096885697,0.3441147811,0.9780115408,-0.2084209004,-0.007201076819,0.001516166618
3.764931917,123.9240663,0.703066166,0.1090233253,0.3439502582,0.9779149354,-0.208841336,-0.007809160728,0.002586977787
3.784944773,123.9440792,0.7029925417,0.1084535303,0.3438162795,0.9778303747,-0.2091925017,-0.008553305677,0.003618899024
3.80992794,123.9690623,0.7028529388,0.1077351252,0.3436548174,0.9777201292,-0.2096257583,-0.009740842585,0.005050383829
3.834915638,123.99405,0.7026755144,0.1070874783,0.3435092818,0.9776157747,-0.2100054882,-0.01108996278,0.006488821238
3.854924202,124.0140586,0.7025271305,0.1065915209,0.3434085278,0.977532475,-0.2102942622,-0.01219226671,0.007611319262
3.879915714,124.0390501,0.7023609341,0.1059772752,0.3432899756,0.9774264286,-0.2106573273,-0.01346164836,0.008935946857
3.899937391,124.0590718,0.7022454848,0.1055471241,0.3432036977,0.9773499389,-0.210912685,-0.01434128251,0.009862238307
3.919950247,124.0790846,0.7021711035,0.1052044513,0.3431286097,0.9772887896,-0.2111205555,-0.01495059596,0.01054573003
3.939953804,124.0990882,0.7021435795,0.1049305079,0.343076695,0.9772414273,-0.211293801,-0.01527065293,0.01099680217
3.959967613,124.119102,0.7021807383,0.1046748707,0.3430430381,0.977200055,-0.2114718459,-0.01527129037,0.01124715975
3.980041742,124.1391761,0.7022354786,0.1044170173,0.3430182875,0.9771588879,-0.211656778,-0.01520048107,0.01143947429
4.000050068,124.1591845,0.702278058,0.1041365731,0.342971524,0.9771149865,-0.2118512914,-0.01515724208,0.01164437825
4.020061255,124.1791956,0.7023197662,0.1038439151,0.3429210576,0.9770694434,-0.2120529292,-0.01512414349,0.01183715677
4.045049191,124.2041836,0.7024163566,0.1031761824,0.3429060089,0.9769678828,-0.2125183017,-0.01512835027,0.01186846297
4.070006371,124.2291408,0.7025305724,0.1024097127,0.3429693126,0.9768535104,-0.213054631,-0.0151885188,0.01158673277
4.090029001,124.2491634,0.7026446985,0.1016422805,0.3430735535,0.9767400444,-0.2135918313,-0.01528568898,0.0111248793
4.115031481,124.2741659,0.7027972994,0.1006140847,0.3432749487,0.9765887581,-0.2143137023,-0.01547136791,0.01023090116
4.140055895,124.2991903,0.7029719124,0.09943678521,0.3435614043,0.9764152209,-0.2151401471,-0.01571869889,0.008997554317
4.160073757,124.3192081,0.7031234565,0.09841040096,0.3438505216,0.9762626985,-0.2158610536,-0.01595717481,0.007779306559
4.185024738,124.3441591,0.7033174729,0.09708408886,0.3442681086,0.97606317,-0.2167921085,-0.01630101566,0.006012210264
4.205041409,124.3641758,0.7034670726,0.0960525328,0.3446353139,0.9759057627,-0.2175141026,-0.01660899233,0.004438351249
4.225054026,124.3841884,0.7035973321,0.09515915387,0.3450524796,0.9757666462,-0.218140526,-0.01693620937,0.002707008311
4.250041485,124.4091759,0.7037333585,0.09422426399,0.345632417,0.9756161948,-0.2187951594,-0.01736589037,0.0003802781531
4.270046949,124.4291813,0.7038330197,0.09353681478,0.3461124803,-0.975500956,0.2192743473,0.01772566059,0.001564136157
4.295036793,124.4541712,0.7039643661,0.0926229868,0.3467243028,-0.9753450869,0.2199011542,0.01815639846,0.003973538642
4.320044518,124.4791789,0.7041003865,0.09169962284,0.34735572,-0.9751830036,0.2205314206,0.01854006038,0.006345723765
4.340074062,124.4992085,0.7042115508,0.09091846444,0.3478397518,-0.9750454324,0.2210564492,0.01882347376,0.008131909979
4.36502099,124.5241554,0.7043414271,0.08993046363,0.3484035106,-0.9748692376,0.2217167381,0.01917798481,0.01019129727
4.385022402,124.5441568,0.7044512827,0.08903696702,0.348811372,-0.9747155666,0.2222986926,0.01944722795,0.01160434474
4.405048609,124.564183,0.7045716532,0.08803416195,0.349178592,-0.9745452244,0.2229547782,0.01968905406,0.01284965334
4.430042505,124.5891769,0.7046909551,0.08658411076,0.3495680907,-0.9743012817,0.2238990858,0.02022899559,0.01403565138
4.455086946,124.6142213,0.7047232905,0.08494326853,0.3498706301,-0.9740290118,0.2249452865,0.02128919822,0.01462437544
4.479989052,124.6391234,0.7046600505,0.08328337794,0.3501237493,-0.9737576445,0.2259644463,0.02282298204,0.01467072995
4.500046015,124.6591804,0.7045452571,0.08196227968,0.3502873081,-0.9735413267,0.2267539995,0.02435456558,0.01437929157
4.520069361,124.6792037,0.7043829457,0.08060860121,0.350415402,-0.9733155183,0.2275575805,0.02613383538,0.01383734364
4.545026064,124.7041605,0.7041499344,0.07885098933,0.3505321404,-0.9730190363,0.2285921408,0.02851763566,0.01289699578
4.565031767,124.7241662,0.7039711424,0.07743116356,0.3505931472,-0.9727785713,0.2294248054,0.03035232876,0.01203519628
4.58505249,124.7441869,0.7038492996,0.07601976456,0.3506259142,-0.9725390622,0.2302762119,0.03184602459,0.01124586658
4.610036135,124.7691705,0.7038039848,0.07439143142,0.3506487693,-0.9722648011,0.2312960981,0.03303577273,0.0105787207
4.630038261,124.7891726,0.7038372648,0.07320896282,0.3506523146,-0.9720702404,0.2320574318,0.03350853286,0.01029438704
4.654976368,124.8141108,0.7039466817,0.07180307748,0.3506528033,-0.9718405096,0.232997619,0.03367949435,0.0101894625
4.675022364,124.8341568,0.7040588235,0.07071479469,0.3506543964,-0.9716620141,0.2337430338,0.03365787131,0.01021137944
4.70000124,124.8591356,0.7041941322,0.0693534164,0.3506578934,-0.9714363077,0.2346790708,0.03364759351,0.01025052737
4.724939108,124.8840735,0.7043256873,0.06799052196,0.350657884,-0.9712108298,0.2356110255,0.0336375888,0.01027041543
4.745034933,124.9041693,0.7044312181,0.06689083521,0.3506574292,-0.9710288062,0.2363616853,0.03362256582,0.01028272239
4.765044451,124.9241788,0.7045375805,0.06576117894,0.3506573384,-0.970840705,0.2371342127,0.03360951677,0.01030005322
4.789975405,124.9491098,0.7046760536,0.06425655195,0.3506577772,-0.9705895969,0.2381612827,0.03359431619,0.01031793607
4.815032244,124.9741666,0.704823848,0.06257106418,0.3506577881,-0.9703068032,0.2393101689,0.0335956246,0.01032882701
4.839965105,124.9990995,0.704975223,0.06074786776,0.3506560898,-0.9699985664,0.2405534074,0.03361473981,0.01033869521
4.865072489,125.0242069,0.7051290633,0.05890368544,0.3506584577,-0.9696860983,0.2418095819,0.03360929179,0.01036399366
4.889962196,125.0490966,0.7052842267,0.0570241137,0.3506610691,-0.9693675932,0.2430856334,0.03358353982,0.01039182565
4.909969568,125.069104,0.7054045344,0.05549651834,0.3506632902,-0.9691064874,0.2441246748,0.03357497185,0.01041539267
4.935054064,125.0941885,0.7055489192,0.05359307407,0.3506672267,-0.9687804724,0.2454152743,0.03356734764,0.01043899791
4.959976912,125.1191113,0.7056939125,0.05166682585,0.3506713025,-0.9684544386,0.2467039888,0.03352755678,0.01044247579
4.985015392,125.1441498,0.7058335153,0.04975553424,0.3506745757,-0.968135879,0.247960123,0.033470468,0.01041273328
5.005025148,125.1641595,0.7059302479,0.04831924439,0.350675506,-0.967891498,0.2489148896,0.03345564661,0.01039930624
5.025025845,125.1841602,0.7059912307,0.04697003456,0.3506586404,-0.9676609842,0.2498003142,0.03354396698,0.01033561736
5.050007343,125.2091417,0.7060090509,0.04538459959,0.3506638654,-0.9673907302,0.2507987066,0.03396473504,0.01007872708
5.070031643,125.229166,0.7059955695,0.04421902168,0.3506821669,-0.967190429,0.2515185284,0.03442180542,0.009810361611
5.095016479,125.2541509,0.7059383781,0.04294229235,0.350702205,-0.9669628579,0.2523063256,0.03514851905,0.009430332757
5.115049839,125.2741842,0.7058304738,0.04205711501,0.3507107066,-0.9667964553,0.2528373728,0.03601351841,0.008994630572
5.14004612,125.2991805,0.7056273955,0.04108178905,0.3507253904,-0.9666021068,0.2533995626,0.03741838606,0.008300195689
5.160052776,125.3191872,0.705451064,0.04038974213,0.3507486107,-0.9664586513,0.2537861913,0.03861180377,0.007705384215
5.180064201,125.3391986,0.7052808367,0.03974396007,0.3507719521,-0.966324358,0.2541383358,0.0397526632,0.007118083155
5.205012083,125.3641465,0.7050880299,0.03894523139,0.3507965177,-0.9661569826,0.2545839608,0.04106214079,0.006449226255
5.225021601,125.384156,0.7049530314,0.0383216507,0.3508142103,-0.9660239882,0.2549463468,0.04200066601,0.005996537489
5.249964476,125.4090989,0.7048011378,0.03755348845,0.3508372124,-0.9658596657,0.255400791,0.04307387614,0.005493935149
5.270022869,125.4291573,0.704677717,0.03697938654,0.3508582435,-0.9657347609,0.2557353319,0.04392960448,0.005099160992
5.294981718,125.4541161,0.7045291561,0.03620366508,0.3508817442,-0.9655678634,0.2561921437,0.04497909686,0.004600816815
5.315014124,125.4741485,0.7044276461,0.03551183521,0.3509006504,-0.9654214492,0.2566144014,0.04574231375,0.004256187326
5.335018396,125.4941528,0.7043591465,0.0347770157,0.3509149212,-0.965271462,0.2570771457,0.04632940554,0.003991479486
5.359978676,125.5191131,0.7043159191,0.03379340364,0.3509298374,-0.9650786506,0.2577115472,0.04683765221,0.00376708775
5.380001783,125.5391362,0.7043180246,0.03295483715,0.3509411047,-0.9649203781,0.2582664024,0.04704708549,0.003701488355
5.400067568,125.559202,0.7043593569,0.03209900814,0.3509539331,-0.9647634028,0.2588508427,0.04705029426,0.003753355197
5.425021887,125.5841563,0.7044169834,0.03105959228,0.3509856572,-0.9645721415,0.2595642546,0.04703304376,0.003856732633
5.450031757,125.6091661,0.7044788856,0.0299546921,0.3510220577,-0.9643689113,0.2603211951,0.04700834363,0.003961556575
5.475020647,125.634155,0.7045367342,0.0287710429,0.3510499502,-0.9641513213,0.2611273936,0.04699225747,0.004054845659
5.500023842,125.6591582,0.7045878559,0.02751594871,0.35106464,-0.9639186463,0.2619836567,0.04699184285,0.004144106861
5.520102262,125.6792367,0.7046294955,0.0264997202,0.3510757301,-0.9637296814,0.2626778579,0.04698656819,0.004207924517
5.544967413,125.7041018,0.7046906203,0.02518662886,0.3510979412,-0.963485759,0.2635753867,0.04695720352,0.00426950381
5.56500411,125.7241385,0.7047485824,0.02411238709,0.3511280564,-0.9632858016,0.264312115,0.04691396689,0.004318567958
5.5850389,125.7441733,0.7048118573,0.02299780736,0.3511666225,-0.9630771235,0.2650797371,0.04686160649,0.004379145594
5.610021353,125.7691557,0.7048903326,0.02159581144,0.3512191256,-0.9628136116,0.2660454874,0.04679555397,0.004463639445
5.630043745,125.7891781,0.7049524359,0.0204721553,0.3512599484,-0.962603473,0.2668146063,0.04673486968,0.004513485572
5.655038595,125.814173,0.7050378522,0.01906855274,0.3513244357,-0.9623417992,0.267773404,0.04663449835,0.004570478485
5.679972172,125.8391066,0.7051405561,0.01767673964,0.3514180733,-0.9620793693,0.2687363095,0.04650215965,0.004651044544
5.700023413,125.8591578,0.7052380758,0.01655822348,0.3515162456,-0.9618695596,0.2695088879,0.04636389188,0.00472220921
5.720039129,125.8791735,0.7053669624,0.01549811888,0.3516614781,-0.9616722446,0.2702461416,0.04615688115,0.00480199297
5.74007082,125.8992052,0.7055273175,0.01445657597,0.351852846,-0.9614754723,0.2709893581,0.04588772581,0.004899048403
5.76502347,125.9241579,0.7057546856,0.0131928985,0.3521353745,-0.9612341809,0.2719067884,0.04549842652,0.005043907686
5.785042286,125.9441767,0.705979223,0.01220605457,0.3524233303,-0.9610451146,0.2726371692,0.04510406879,0.005185049609
5.809989929,125.9691243,0.7063228746,0.011021104,0.3528705489,-0.9608170088,0.2735365802,0.04448923229,0.005396572483
5.830022335,125.9891567,0.7066215714,0.01014865616,0.3532701913,-0.9606460475,0.2742197471,0.04394892496,0.005585128703
5.854951143,126.0140855,0.7070414867,0.009067555035,0.3538405944,-0.9604320759,0.2750841043,0.04318237982,0.005851937847
5.875008583,126.034143,0.7074114268,0.008259047266,0.3543492506,-0.9602708113,0.2757474456,0.04250055742,0.006084226019
5.895039558,126.0541739,0.7078293707,0.007444007771,0.354927813,-0.9601064143,0.2764315222,0.04172543691,0.006346226475
5.920004129,126.0791385,0.7083835128,0.006444744785,0.355694105,-0.9599009262,0.2772884748,0.04069931519,0.006699201195
5.94500351,126.1041379,0.7089479785,0.005386782295,0.3564863787,-0.9596840224,0.2781826121,0.03963970044,0.007050220623
5.965018749,126.1241531,0.7094297198,0.004521726183,0.3571695146,-0.9595058542,0.2789173864,0.03872538263,0.007345200738
5.985024214,126.1441586,0.7099289781,0.003600742694,0.3578799714,-0.9593135755,0.279699184,0.03777763869,0.007660306712
6.01001358,126.169148,0.7105279374,0.002445217575,0.3587288884,-0.9590688314,0.2806764147,0.03664559794,0.008051525048
6.034909964,126.1940444,0.7111111321,0.001250534226,0.3595699023,-0.9588165059,0.2816697068,0.03552576988,0.008426390434
6.055032015,126.2141664,0.7115739204,0.000260160505,0.3602455738,-0.9586067293,0.2824851832,0.03462866449,0.00872441293
6.075034142,126.2341685,0.7120224692,-0.0007586236721,0.3609043479,-0.9583880252,0.2833215876,0.03376025409,0.009028643601
6.100043297,126.2591777,0.7125416841,-0.002008888157,0.3616520456,-0.9581191987,0.2843350132,0.03276071644,0.009377464033
6.120064735,126.2791991,0.7129126872,-0.002989785206,0.3621796317,-0.9579113489,0.285108229,0.03204232579,0.009614296344
6.14503932,126.3041737,0.713326095,-0.004185902756,0.3627844469,-0.9576632349,0.286023552,0.03121523149,0.009862327081
6.170030355,126.3291647,0.7137181603,-0.005398307445,0.363372162,-0.9574104477,0.2869464744,0.03041435976,0.01009564819
6.195036888,126.3541713,0.7140756703,-0.006631605125,0.363891137,-0.9571520225,0.2878752224,0.02969155539,0.01030891322
6.219960213,126.3790946,0.7143676061,-0.007864685765,0.3643330502,-0.9568950866,0.2887837788,0.02908202992,0.01048608302
6.240004063,126.3991385,0.7145654585,-0.008883005756,0.3646479345,-0.956684526,0.2895192487,0.02864996952,0.01060667717
6.264983654,126.424118,0.7147668574,-0.01016980392,0.364975381,-0.9564192899,0.2904341128,0.028196261,0.01073028039
6.28500247,126.4441369,0.7148681662,-0.01118107622,0.3651468271,-0.9562118716,0.2911373362,0.02795236841,0.01079690208
6.305033684,126.4641681,0.7149196147,-0.01224564295,0.3652497145,-0.9559980363,0.2918529337,0.02779361813,0.01082286906
6.330033541,126.4891679,0.7149326087,-0.01362103315,0.3653041606,-0.9557273305,0.2927498185,0.02767895817,0.01080225778
6.350043058,126.5091774,0.7149169354,-0.01475410129,0.3653113348,-0.9555043077,0.2934821989,0.02763611298,0.01076857622
6.374978542,126.5341129,0.7148846646,-0.0162167799,0.3652888697,-0.9552128362,0.294431858,0.02762391527,0.01073489302
6.395054817,126.5541892,0.7148590558,-0.0173380628,0.3652741639,-0.9549873007,0.2951641677,0.027612171,0.01072089843
6.42004323,126.5791776,0.7148252978,-0.0187262526,0.3652733587,-0.9547078915,0.2960700252,0.02758248052,0.01070461837
6.44501853,126.6041529,0.7147885446,-0.02010400796,0.3652719612,-0.9544280685,0.296973222,0.0275590513,0.01069888348
6.469952345,126.6290867,0.7147497465,-0.02145665985,0.3652588187,-0.9541507179,0.2978639185,0.02754871166,0.01070336606
6.490005016,126.6491394,0.7147181242,-0.02249307292,0.3652555485,-0.9539361636,0.2985507621,0.02753951182,0.01071510768
6.510040522,126.6691749,0.7146859524,-0.02350048851,0.3652572836,-0.953726746,0.2992194212,0.02752904639,0.01073236092
6.535015583,126.69415,0.7146455594,-0.024716184,0.3652585315,-0.9534760248,0.300018353,0.02751338046,0.01074578533
6.559932232,126.7190666,0.7146057711,-0.02585700678,0.3652584293,-0.9532422796,0.3007618128,0.02749510577,0.01074744064
6.579993486,126.7391279,0.7145743796,-0.02671647251,0.3652591443,-0.9530644636,0.3013259893,0.02748257455,0.01074637462
6.605022192,126.7641566,0.7145319096,-0.02780354155,0.3652612983,-0.9528388423,0.3020395516,0.02747266488,0.01074720697
6.629962444,126.7890968,0.7144871593,-0.02892148006,0.3652614666,-0.9526089436,0.3027662221,0.02745451724,0.01072682885
6.655000448,126.8141348,0.7144403478,-0.03005955717,0.3652604049,-0.9523763112,0.3035006399,0.02742914377,0.0106941872
6.675001144,126.8341355,0.71440103,-0.03095975116,0.3652593881,-0.9521894447,0.3040878696,0.02741750938,0.01068218711
6.695016623,126.854151,0.7143595293,-0.03189467017,0.3652601541,-0.9519945193,0.3046989617,0.02740461438,0.01067544215
6.719970226,126.8791046,0.7143064046,-0.0330933857,0.3652631672,-0.9517463196,0.305476785,0.02737438681,0.01065457004
6.745005131,126.9041395,0.7142483495,-0.03434429374,0.3652625772,-0.9514871062,0.3062867977,0.02734467132,0.01062794645
6.769979239,126.9291136,0.714181329,-0.0356838735,0.3652619675,-0.9512049833,0.3071633877,0.02733155917,0.01061691233
6.789993286,126.9491277,0.7141242013,-0.03675177313,0.3652606258,-0.950977372,0.3078672075,0.02733197627,0.01061996431
6.814988852,126.9741232,0.71405097,-0.03810082299,0.3652586123,-0.9506896879,0.3087549949,0.02732487101,0.01062176712
6.83993721,126.9990716,0.7139722518,-0.03948003365,0.3652595026,-0.9503939825,0.3096637662,0.02732732249,0.01062296101
6.864996672,127.0241311,0.7138859311,-0.04089150645,0.3652590835,-0.9500890739,0.3105960386,0.02734582146,0.0106328991
6.890004158,127.0491385,0.7137975615,-0.04228824643,0.3652569377,-0.9497866071,0.3115179782,0.02735861121,0.01065160493
6.910022974,127.0691574,0.7137308399,-0.04337493628,0.3652609621,-0.9495504033,0.3122365465,0.0273574361,0.01067432799
6.935038328,127.0941727,0.7136477407,-0.04467223136,0.3652686584,-0.9492668302,0.3130956108,0.02736388513,0.01071640684
6.960041761,127.1191761,0.7135663593,-0.04588704997,0.3652800052,-0.9489999204,0.3139004543,0.0273798751,0.0107702492
6.984978914,127.1441133,0.7134882881,-0.04700599547,0.3652949567,-0.9487535958,0.3146401623,0.02740290657,0.01082882545
7.005012512,127.1641469,0.713429373,-0.04780830984,0.3653068879,-0.9485765611,0.31516969,0.02743077453,0.01086861713
7.025037527,127.1841719,0.7133678366,-0.04859165852,0.365316704,-0.9484029349,0.3156870646,0.02747470715,0.01089452977
7.049993753,127.2091281,0.7132867525,-0.04954411737,0.3653282109,-0.9481909942,0.3163152124,0.02755771827,0.01091316136
7.070018768,127.2291532,0.7132275467,-0.05025160077,0.3653357397,-0.9480336599,0.3167815578,0.02760888093,0.01092583908
7.094964743,127.2540991,0.7131519936,-0.05114546807,0.3653439687,-0.947834354,0.3173715554,0.02767117133,0.01093798107
7.114988089,127.2741225,0.7130892667,-0.05185560807,0.365350716,-0.9476753258,0.3178406663,0.02773135024,0.01094348687
7.140007257,127.2991416,0.7130096166,-0.05275934702,0.3653602313,-0.9474727647,0.3184372579,0.02780202414,0.01095994666
7.164989948,127.3241243,0.7129326588,-0.05370251784,0.365365084,-0.9472618923,0.3190608162,0.02783233724,0.01097560692
7.189995527,127.3491299,0.7128518717,-0.05469897076,0.3653717507,-0.9470388674,0.319720035,0.02785108808,0.01099089434
7.209996939,127.3691313,0.7127794217,-0.05554617302,0.3653789903,-0.9468482498,0.3202804039,0.02788473461,0.01101346417
7.234912395,127.3940468,0.71267701,-0.05665630107,0.3653840308,-0.946597807,0.3210131683,0.02796181778,0.01101246208
7.255002499,127.4141369,0.7125911543,-0.05757944108,0.3653865071,-0.9463893954,0.3216222011,0.02802190105,0.01100205036
7.279935837,127.4390702,0.7124835229,-0.05874745436,0.3653908524,-0.9461249654,0.3223939683,0.02808225687,0.01100299358
7.300033331,127.4591677,0.7123905253,-0.05970656827,0.3653905538,-0.945907206,0.323027113,0.02814189532,0.01100343745
7.320052624,127.479187,0.7122879623,-0.06068712421,0.3653906543,-0.9456836402,0.3236731797,0.02823940724,0.010984595
7.345016003,127.5041504,0.712090276,-0.06191480601,0.3654012289,-0.9453983704,0.3244667624,0.02875326635,0.01079309576
7.369906187,127.5290406,0.7118051222,-0.06318877881,0.3654138794,-0.9450953461,0.3252728714,0.02973481403,0.01040128307
7.389962196,127.5490966,0.7115461992,-0.06418793142,0.3654262901,-0.9448534893,0.3258971805,0.03069936669,0.0100229914
7.410001993,127.5691364,0.7112649992,-0.06520310863,0.3654406351,-0.9446044019,0.326528201,0.03177491823,0.009602725322
7.430012703,127.5891471,0.710966979,-0.0662018879,0.3654580603,-0.9443557035,0.3271437128,0.03294768168,0.00915132239
7.455040932,127.6141753,0.7105917307,-0.06734695774,0.3654755336,-0.944065692,0.3278400405,0.03445727221,0.008577492001
7.479932785,127.6390672,0.7102198285,-0.06842999849,0.3654965205,-0.9437861955,0.328495435,0.03597732969,0.007999885082
7.505053997,127.6641884,0.7098632998,-0.06945609062,0.3655280104,-0.9435180666,0.3291142345,0.0374358314,0.007485796089
7.530017614,127.689152,0.7095472214,-0.07036015145,0.3655712176,-0.9432799616,0.329655421,0.03873139701,0.00707787558
7.550018787,127.7091532,0.7093392639,-0.07097965173,0.365610146,-0.9431171884,0.3300261036,0.0395713066,0.006844825714
7.575010538,127.7341449,0.7091191469,-0.0716626468,0.3656557637,-0.9429377133,0.3304377145,0.04044095739,0.006626807511
7.600007772,127.7591422,0.7089105356,-0.07225435154,0.3656876526,-0.9427801633,0.330789082,0.0412662939,0.006421826485
7.625031948,127.7841663,0.7087087612,-0.0728149762,0.3657185106,-0.9426307728,0.3311186259,0.04205542268,0.006246853724
7.649996519,127.8091309,0.7085555385,-0.07328115875,0.3657590172,-0.9425075444,0.3313944632,0.0426587543,0.006121213713
7.670003414,127.8291378,0.708468514,-0.07368521527,0.3657744302,-0.9424068237,0.331648712,0.04291463358,0.006069986862
7.695030212,127.8541646,0.7083818553,-0.07408362625,0.3657828084,-0.9423084832,0.3318986002,0.04314409188,0.006052186202
7.719925642,127.87906,0.708304911,-0.07441329956,0.3657836475,-0.9422288581,0.3320989438,0.04334511145,0.006022611012
7.740063667,127.8991981,0.708278416,-0.07457723769,0.365792132,-0.9421980486,0.3321827015,0.04337484939,0.006009359364
7.765023947,127.9241583,0.708256853,-0.07473908551,0.3657988095,-0.9421704877,0.3322609606,0.04337851791,0.005977488522
7.790004492,127.9491389,0.7082160291,-0.074908314,0.3657885822,-0.9421389096,0.332341477,0.0434579501,0.005901205811
7.810033083,127.9691675,0.7081761658,-0.07500751273,0.3657761878,-0.9421243088,0.3323701226,0.04356976591,0.005793427134
7.834986925,127.9941213,0.7081529923,-0.07507699851,0.3657676951,-0.9421455022,0.332313782,0.04357191066,0.005558020536
7.855008602,128.014143,0.7081449286,-0.0751309321,0.3657601389,-0.9422168919,0.3321374324,0.04342800864,0.005105164767
7.879996061,128.0391304,0.7081337778,-0.07521521768,0.365749033,-0.942339629,0.3318323402,0.04318072207,0.004329757035
7.900002956,128.0591373,0.7081227173,-0.07529939899,0.3657317036,-0.9424635953,0.3315234269,0.04291834471,0.003550296406
7.925014496,128.0841489,0.7081205948,-0.07533162364,0.365727996,-0.9426463982,0.3310607451,0.04253997032,0.00262714189
7.945015192,128.1041496,0.7081336546,-0.07530590354,0.3657619015,-0.9428120302,0.3306364135,0.04220484833,0.001946446523
7.969999313,128.1291337,0.708168895,-0.07525087744,0.3658363395,-0.9430442575,0.3300405938,0.04170929214,0.00103431784
7.995022297,128.1541567,0.7082211619,-0.07511651379,0.365944001,-0.9433174381,0.3293311161,0.04114895876,9.55918798e-05
8.01999402,128.1791284,0.7082755412,-0.07486449239,0.3660731396,0.9436108795,-0.3285534135,-0.04062877536,0.000681991297
8.040007591,128.199142,0.7083192675,-0.07457705684,0.3661878266,0.9438517932,-0.3279044892,-0.04026289187,0.001156663194
8.060024023,128.2191584,0.7083657254,-0.0742298213,0.3663181444,0.9440984572,-0.3272334196,-0.03992550407,0.00153176357
8.085002184,128.2441366,0.708428581,-0.07374978451,0.3665043904,0.9444030095,-0.3263992027,-0.03953530583,0.001864321306
8.105026245,128.2641606,0.7084757396,-0.07334216477,0.3666641247,0.9446332804,-0.3257624932,-0.03927870603,0.001986653442
8.130013704,128.2891481,0.7085279877,-0.07282530832,0.3668670101,0.9448955089,-0.325029361,-0.0390438126,0.001993095487
8.155016422,128.3141508,0.7085849655,-0.07233803526,0.3670661731,0.9451354007,-0.3243594722,-0.03880841519,0.00197839996
8.179994345,128.3391287,0.7086185409,-0.07191552264,0.3672232314,0.9453060046,-0.3238741159,-0.03871537428,0.001798466371
8.200005293,128.3591397,0.7086125642,-0.07160574077,0.3673038156,0.9453923222,-0.3236090211,-0.03883587463,0.001527586947
8.220025063,128.3791595,0.7085964243,-0.07132428144,0.3673758049,0.9454621487,-0.3233836225,-0.03902174652,0.001288956422
8.244977951,128.4041123,0.7086125499,-0.07107406555,0.367464404,0.9455300044,-0.3231811407,-0.03906240866,0.001043683507
8.264990807,128.4241252,0.7086151658,-0.07091833209,0.3675015897,0.945572109,-0.3230551828,-0.03908956765,0.0008609132194
8.285014629,128.444149,0.7085514131,-0.07079008672,0.3674344733,0.9456081846,-0.3229313118,-0.03924217557,0.0007621393219
8.310017824,128.4691522,0.708251276,-0.07064171505,0.3670380587,0.9456648208,-0.3226977799,-0.03979031461,0.0009592872366
8.330030441,128.4891648,0.7078949925,-0.07051986712,0.3665151049,0.9457216913,-0.3224480388,-0.04044889206,0.001277446707
8.354969501,128.5141039,0.7072442724,-0.07038652015,0.3655192489,0.9458046072,-0.3220460404,-0.04167220542,0.001849347738
8.38000226,128.5391366,0.7063734814,-0.07017246319,0.3642075266,0.9458998391,-0.3215400528,-0.04335235514,0.002462131613
8.404929399,128.5640638,0.7053490723,-0.06987612371,0.3626600778,0.946017062,-0.3209160666,-0.04532379003,0.003217241476
8.429980755,128.5891151,0.704191143,-0.06961850944,0.3609411108,0.9461472275,-0.320209647,-0.04747391621,0.00417529365
8.45000577,128.6091402,0.7031676261,-0.06931550174,0.3594263278,0.9462714814,-0.3195409159,-0.04938640148,0.004986967726
8.474948168,128.6340826,0.7018281685,-0.06884895488,0.3574509379,0.9464400683,-0.3186259145,-0.05188666024,0.006041375658
8.494979858,128.6541142,0.7007578478,-0.06842415498,0.3558863795,0.946580598,-0.3178606199,-0.05387394348,0.00688448362
8.514993429,128.6741278,0.6997191886,-0.06804109149,0.3544269359,0.9467213642,-0.3171002951,-0.05572782755,0.007776282333
8.540002108,128.6991365,0.698509626,-0.06766442428,0.3527547917,0.9469121353,-0.3161340921,-0.05774420054,0.009069244336
8.564941168,128.7240756,0.6974351119,-0.067364678,0.3512321799,0.9471249309,-0.3151389828,-0.05941950626,0.01054083324
8.584970474,128.7441049,0.6966238475,-0.0671286905,0.3500637355,0.9473087878,-0.3143091369,-0.06063364182,0.01180629283
8.605001211,128.7641356,0.6958286613,-0.06695733409,0.3489591402,0.9474957232,-0.3134756197,-0.06173941071,0.01315810003
8.629940271,128.7890747,0.694886366,-0.06681063714,0.3476722765,0.9477243036,-0.312461454,-0.06297465562,0.0148551964
8.650009632,128.809144,0.6941639564,-0.06670598112,0.3466622169,0.9479025849,-0.3116643358,-0.06390442789,0.01619430336
8.674886465,128.8340209,0.6933243201,-0.06665269466,0.3455315337,0.9481149196,-0.3107190454,-0.06489766523,0.01789041749
8.694944143,128.8540785,0.6927054227,-0.06662668672,0.3447307114,0.9482867055,-0.3099721409,-0.06556545037,0.01925533192
8.714957952,128.8740923,0.6921099467,-0.06656806069,0.3439540666,0.948456174,-0.3092310376,-0.06622295772,0.02053219754
8.734998465,128.8941329,0.6915350379,-0.06644484367,0.3431799324,0.9486281277,-0.3084784055,-0.06688556588,0.02172716493
8.754998684,128.9141331,0.6909898829,-0.06629715537,0.3424250037,0.9487971135,-0.3077375519,-0.06751642541,0.02287288554
8.780002356,128.9391367,0.6903509269,-0.06616382253,0.3415668349,0.9489982321,-0.3068555129,-0.0682020671,0.0243007752
8.804999113,128.9641335,0.6897660409,-0.06606854942,0.3407968862,0.9491882242,-0.3060239386,-0.06878746262,0.02567779056
8.825003862,128.9841383,0.6893298574,-0.06596984486,0.3402166417,0.9493296715,-0.3053992243,-0.06923808895,0.02665662604
8.845030069,129.0041645,0.6889329754,-0.06587560651,0.3396907525,0.9494565652,-0.3048311344,-0.06965549318,0.02753765912
8.869933844,129.0290682,0.6884921614,-0.06582318263,0.3391007578,0.9495857146,-0.3042290589,-0.07012051827,0.02854405851
8.895013332,129.0541477,0.6880528768,-0.0657838628,0.3385287216,0.9496693602,-0.303767382,-0.07067919613,0.029290529
8.9199512,129.0790856,0.6875989101,-0.0657012845,0.3379654854,0.949722518,-0.3033947867,-0.07134946346,0.02979926487
8.944996357,129.1041307,0.6871713725,-0.06562012567,0.3374309903,0.9497698483,-0.303049187,-0.07198817413,0.03026760953
8.964999437,129.1241338,0.6868580671,-0.06556725216,0.3370233307,0.9498112166,-0.3027711623,-0.07244122597,0.0306683029
8.98993969,129.1490741,0.6865037254,-0.06546184005,0.3365673012,0.9498618104,-0.3024436588,-0.07297497517,0.03106488861
9.014955044,129.1740894,0.6861649109,-0.06527533555,0.3361685825,0.9499151033,-0.3021192935,-0.07351540812,0.03131635127
9.039867401,129.1990018,0.6858663895,-0.06509808108,0.3358400286,0.9499624952,-0.3018362426,-0.07399073786,0.03148827066
9.059940577,129.219075,0.6856340163,-0.06498064112,0.3355858755,0.9499936472,-0.3016338739,-0.07435949462,0.03161869633
9.084937572,129.244072,0.6853269971,-0.06488903369,0.335302936,0.9500258557,-0.3014025926,-0.0747869396,0.0318475175
9.104948759,129.2640831,0.6850572318,-0.06485819363,0.3354974244,0.9500764616,-0.3012058725,-0.07480634461,0.03215198877
9.124960423,129.2840948,0.6846228206,-0.06488078497,0.3358713867,0.9501403263,-0.3009554537,-0.07479864782,0.03262418648
9.144981384,129.3041158,0.6841299321,-0.0649649732,0.3367698084,0.9502158061,-0.3007536548,-0.07445381999,0.0330724927
9.16997242,129.3291068,0.6833534864,-0.06501183417,0.3383697459,0.9503289816,-0.3004809377,-0.07386592193,0.03361336634
9.194973946,129.3541083,0.6823657313,-0.06508626844,0.3406550491,0.9504482477,-0.3002503544,-0.07303016181,0.03412401854
9.214998007,129.3741324,0.6814549409,-0.06499273569,0.3429424254,0.9505988776,-0.2999415798,-0.07213001054,0.03455552416
9.239982128,129.3991165,0.6802035537,-0.0646516871,0.3459476699,0.9508427849,-0.2993731422,-0.07095576516,0.03519942464
9.265002251,129.4241366,0.6788905878,-0.06398329228,0.3490805043,0.9511883796,-0.2985485383,-0.06949098351,0.03578323555
9.289978266,129.4491127,0.6776453079,-0.06302208429,0.3521939559,0.9517001795,-0.2975291325,-0.06677000192,0.03584620747
9.314962149,129.4740965,0.6764357611,-0.06196123658,0.3547803046,0.95229659,-0.2964040546,-0.06337610614,0.03548676185
9.339945316,129.4990797,0.6753569259,-0.06087954928,0.3569896005,0.952927379,-0.2952815626,-0.05944209001,0.03471090716
9.35994792,129.5190823,0.6745263996,-0.06005447715,0.3584924888,0.9534184021,-0.2944108563,-0.05622067539,0.03398284656
9.379950523,129.5390849,0.6735653681,-0.05929726138,0.3595788483,0.9538551074,-0.2935368648,-0.05364328017,0.03345058451
9.404924393,129.5640588,0.6722857999,-0.05866772652,0.3605930059,0.9542807386,-0.2926331859,-0.05121090451,0.03303836552
9.42493391,129.5840683,0.6712763273,-0.05840283651,0.3612343309,0.9545406772,-0.2920928709,-0.04960444568,0.03276048441
9.444948912,129.6040833,0.6702923459,-0.05819866263,0.3618398663,0.954770945,-0.2916240113,-0.04809758162,0.03247308551
9.469932795,129.6290672,0.6690320478,-0.05796343096,0.3622891436,0.9550506442,-0.2910231358,-0.04641126822,0.03209042953
9.494935989,129.6540704,0.6677861303,-0.05764738633,0.3625795979,0.9553570942,-0.2903202737,-0.0447546483,0.03168568565
9.519944668,129.6790791,0.6664773063,-0.05754648364,0.3627425427,0.9556203605,-0.2897151573,-0.04327334506,0.03134121632
9.54493618,129.7040706,0.6650314288,-0.05759521256,0.362694552,0.9558507766,-0.2891706458,-0.04204838475,0.03100909348
9.564942122,129.7240765,0.6638451673,-0.05765394448,0.3626180247,0.956031406,-0.2887625772,-0.04096839945,0.03068737625
9.589947701,129.7490821,0.6623495585,-0.05762989428,0.3623405339,0.9562834734,-0.2881664848,-0.03958686469,0.03024691026
9.609956503,129.7690909,0.6611248811,-0.05765906081,0.3620414627,0.9564762632,-0.2876960083,-0.03855952338,0.02995543305
9.634956598,129.794091,0.6596224808,-0.05785907159,0.3616919371,0.9566835248,-0.2872386757,-0.03711279074,0.02955025237
9.654995918,129.8141303,0.6584973022,-0.05815118177,0.3614013586,0.9568277931,-0.2869879415,-0.0356685134,0.02909042693
9.674997091,129.8341315,0.6574532285,-0.05855664452,0.3610463476,0.9569528322,-0.2868234593,-0.03403355572,0.0285534086
9.700024605,129.859159,0.6562551426,-0.05927259163,0.3607534198,0.9570839119,-0.2867321988,-0.0315914175,0.0278749738
9.724925041,129.8840594,0.6550887729,-0.06002710277,0.3606607158,0.9572005161,-0.2866859069,-0.02896837742,0.0271881575
9.744937181,129.9040716,0.6541610283,-0.06051124287,0.3605746031,0.9572855547,-0.2866654225,-0.02695228961,0.02647406882
9.764939547,129.9240739,0.6532904081,-0.06094530565,0.3605183279,0.9573581003,-0.2866809055,-0.02492557439,0.02565622442
9.784955978,129.9440904,0.6524235658,-0.06145306481,0.3604425886,0.9574039492,-0.2867544826,-0.02302148422,0.02489088096
9.804956913,129.9640913,0.6515025775,-0.06211997403,0.3603712377,0.9574101825,-0.2869264951,-0.0212801457,0.02420917793
9.829925776,129.9890602,0.6502888184,-0.06309422245,0.3602299125,0.9573845033,-0.2872195207,-0.01929793996,0.02339763305
9.849957466,130.0090919,0.6493346445,-0.06381534239,0.36006925,0.9573677984,-0.2874255489,-0.01778281052,0.02274256005
9.869961023,130.0290954,0.6484724556,-0.06440933706,0.359864101,0.9573677553,-0.2875765597,-0.01618287583,0.02201858111
9.894980431,130.0541148,0.6474859076,-0.06493917015,0.3594527579,0.957403224,-0.2876359631,-0.01420452928,0.02104401854
9.919849396,130.0789838,0.6465815134,-0.06528422616,0.3589152339,0.9574687117,-0.2875784935,-0.01229186154,0.02002963684
9.944848537,130.1039829,0.6456736149,-0.06555220687,0.3582732363,0.9575407023,-0.2874680935,-0.01066299322,0.01908400188
9.969822168,130.1289566,0.6446998842,-0.0657003015,0.3575570705,0.95762739,-0.2872657972,-0.009541604552,0.01836032143
9.989829063,130.1489635,0.6438818723,-0.06572475776,0.3569511176,0.9577079639,-0.2870375735,-0.00904591311,0.01797383402
10.00988531,130.1690197,0.6430331866,-0.06565469929,0.3562144911,0.9578023142,-0.2867385101,-0.008983748866,0.0177495363
10.03487182,130.1940062,0.6419807434,-0.06553421495,0.3553445305,0.9579176358,-0.2863536571,-0.009201786347,0.01762705978
10.05487823,130.2140126,0.6411019474,-0.06546987672,0.3546403593,0.9579955131,-0.2860736871,-0.009704021829,0.01767128649
10.07488227,130.2340167,0.6402325034,-0.06539369456,0.353952782,0.9580697389,-0.2857956922,-0.0103439593,0.0177820213
10.09495163,130.254086,0.6393788418,-0.0652832226,0.3532229854,0.9581467979,-0.2854989313,-0.01111441839,0.01793163533
10.11499381,130.2741282,0.6385544414,-0.0651168176,0.3524907056,0.9582314065,-0.285169207,-0.01196284538,0.01811036537
10.13996983,130.2991042,0.6376075676,-0.06476763573,0.3516357391,0.9583602029,-0.2846737365,-0.01303058126,0.01835181524
10.16497755,130.3241119,0.636720599,-0.06437044151,0.3508209887,0.9584879064,-0.2841631932,-0.0142712879,0.01866931532
10.19000125,130.3491356,0.6359205462,-0.06394976312,0.3500876249,0.9586150118,-0.2836551058,-0.01543929282,0.01893854226
10.21497416,130.3741086,0.6352700676,-0.06368706444,0.3495100731,0.958695312,-0.2833157786,-0.01635287009,0.01918468024
10.23499322,130.3941276,0.6348882135,-0.06359226585,0.3492231872,0.9587270084,-0.2831688164,-0.01685229629,0.01933765299
10.25999355,130.4191279,0.6345851843,-0.06354817939,0.3490795413,0.9587455037,-0.2830779748,-0.01718093186,0.01946111362
10.28000546,130.4391398,0.6344637374,-0.06356134672,0.3490987815,0.9587476189,-0.2830632793,-0.01725091762,0.0195086918
10.30498672,130.4641211,0.6344329014,-0.06362458359,0.3492824864,0.9587353015,-0.2831119936,-0.01712440374,0.0195185963
10.32996559,130.4891,0.6344341887,-0.06369773274,0.3495545246,0.9587189788,-0.283180554,-0.01690428347,0.01951765204
10.35495615,130.5140905,0.6344340319,-0.06374370494,0.3498372219,0.9587106017,-0.2832222645,-0.01667809863,0.01951850718
10.37497067,130.5341051,0.634435669,-0.06375516272,0.3500369831,0.9587100009,-0.2832345964,-0.01652187588,0.01950193031
10.39497256,130.554107,0.634436358,-0.06377001905,0.3502232774,0.9587087124,-0.2832490407,-0.01637806389,0.01947677564
10.41996527,130.5790997,0.6344365781,-0.0638022721,0.3504269571,0.9587038123,-0.2832768954,-0.01622024305,0.01944491193
10.43997502,130.5991094,0.6344369495,-0.0638276344,0.3505582906,0.9586988696,-0.2833009796,-0.0161161553,0.01942426175
10.46486735,130.6240017,0.6344427933,-0.06380704112,0.3506667849,0.9587024115,-0.2832975,-0.01602585981,0.01937483949
10.48498416,130.6441185,0.6344549522,-0.06372045021,0.3507342676,0.9587232161,-0.2832360623,-0.0159695136,0.0192899607
10.50498557,130.66412,0.6344868952,-0.06349150146,0.3508411555,0.9587795271,-0.2830653555,-0.01588254648,0.01906745064
10.52500081,130.6841352,0.6345451842,-0.0631641847,0.3509923556,0.9588603912,-0.282823027,-0.01572970042,0.01872063497
10.5499301,130.7090645,0.6346567594,-0.06269434411,0.3511914709,0.9589804134,-0.2824777674,-0.01531526606,0.01811960996
10.56996441,130.7290988,0.6347454663,-0.06230639035,0.3513322842,0.9590799315,-0.2821912147,-0.01496127737,0.01760577953
10.58997679,130.7491112,0.6348167464,-0.06187487249,0.3514842737,0.9591872121,-0.2818690157,-0.01472733954,0.01711302142
10.60998392,130.7691183,0.6348794917,-0.06138646301,0.3516596177,0.9593052406,-0.2815033579,-0.01459270505,0.01662431328
10.63492417,130.7940586,0.6349549591,-0.06069522707,0.3518899912,0.9594700163,-0.2809841333,-0.01448638406,0.01597965659
10.65988779,130.8190222,0.6350394419,-0.05993880691,0.3521349273,0.9596495497,-0.2804162752,-0.01435908041,0.01527321719
10.67997742,130.8391118,0.6351117497,-0.05928987353,0.3523549558,0.9598032063,-0.2799283173,-0.01424013386,0.01466836432
10.69998431,130.8591187,0.6351857794,-0.05863977507,0.352582816,0.959958046,-0.2794350924,-0.01410914499,0.01405385971
10.7249167,130.8840511,0.6352960718,-0.05785189259,0.3528745043,0.9601471624,-0.2788369831,-0.0138434509,0.01325602382
10.74493957,130.904074,0.6354121339,-0.05722554937,0.3531181555,0.9603003354,-0.2783608669,-0.0134543011,0.01254892077
10.76995826,130.9290926,0.635554071,-0.05646957595,0.3534006896,0.9604851167,-0.277784691,-0.01294647182,0.01167882103
10.78997135,130.9491057,0.6356297441,-0.05590942303,0.3535991196,0.960618921,-0.2773550384,-0.01272911734,0.01111039403
10.80999017,130.9691246,0.6356762594,-0.05540441459,0.3537952038,0.9607379892,-0.2769637288,-0.0126514783,0.01065594819
10.83498836,130.9941227,0.6357219799,-0.05488823611,0.354011476,0.9608587893,-0.2765662281,-0.01256756526,0.01017667631
10.85998344,131.0191178,0.6357572717,-0.05450098786,0.3541918939,0.9609510877,-0.276262073,-0.01248811578,0.009814326208
10.8799901,131.0391245,0.6357789566,-0.05428202599,0.3543190893,0.9610049887,-0.2760849684,-0.01241977693,0.0096047403
10.90497899,131.0641134,0.6357960231,-0.054134495,0.3544573974,0.9610464595,-0.2759497962,-0.01232434325,0.009461673754
10.92499399,131.0841284,0.6358037347,-0.05407335642,0.3545639921,0.9610661603,-0.2758868633,-0.01224268686,0.009401635332
10.94499683,131.1041312,0.635811059,-0.05401981879,0.3546633857,0.9610825785,-0.275834943,-0.01216736968,0.009344339035
10.96998334,131.1291177,0.635817227,-0.05396814793,0.3547553079,0.9610985655,-0.2757844008,-0.01210059966,0.009278311623
10.98998785,131.1491222,0.6358187634,-0.05396278175,0.3548026505,0.9611034766,-0.2757698475,-0.01206389519,0.009249915305
11.0149827,131.1741171,0.6358169556,-0.0539961776,0.3548492593,0.9611003685,-0.2757828436,-0.01202451697,0.009236657518
11.03999233,131.1991267,0.635813736,-0.05404061952,0.3548837293,0.9610927504,-0.2758110704,-0.01199778544,0.009221267099
11.06494164,131.224076,0.6358122727,-0.05405923059,0.3549089396,0.9610899717,-0.2758222076,-0.0119806656,0.00919998346
11.08497834,131.2441127,0.6358116461,-0.05407179331,0.354918786,0.9610885058,-0.2758279087,-0.01197250937,0.009192818169
11.10499334,131.2641277,0.6358101196,-0.05409486804,0.3549214393,0.9610853477,-0.2758389689,-0.01196669592,0.009198684094
11.12993646,131.2890708,0.6358068738,-0.05413495489,0.3549215192,0.961078714,-0.2758619703,-0.0119622242,0.009207825459
11.14999771,131.3091321,0.6358048995,-0.05416346483,0.354922627,0.961074197,-0.2758777096,-0.01195781811,0.009213457607
11.17498708,131.3341215,0.635803685,-0.054186148,0.3549250251,0.961071709,-0.2758864728,-0.01195099137,0.009219436655
11.19997239,131.3591068,0.6358042602,-0.05418860891,0.3549282407,0.9610741013,-0.2758783338,-0.01194304181,0.009223913899
11.22497344,131.3841078,0.6358062832,-0.05417951076,0.3549331681,0.9610796891,-0.2758592804,-0.01193139644,0.009226615187
11.24498534,131.4041197,0.6358076361,-0.05417102184,0.3549374454,0.9610844287,-0.2758430735,-0.01192346225,0.009227719926
11.26998806,131.4291224,0.6358093229,-0.05416003972,0.3549430914,0.9610897333,-0.2758250408,-0.01191502415,0.009225164336
11.29501104,131.4541454,0.6358104325,-0.05415969756,0.3549463579,0.9610928924,-0.2758143481,-0.01190534533,0.009228237255
11.31991148,131.4790459,0.6358106756,-0.05417599872,0.3549467529,0.9610930292,-0.2758139856,-0.01189233104,0.009241592241
11.33997059,131.499105,0.6358113384,-0.05418336163,0.3549485372,0.9610940018,-0.2758108508,-0.01188194067,0.009247363692
11.35997272,131.5191071,0.6358129224,-0.05417702719,0.3549523361,0.9610978492,-0.2757978894,-0.01187261806,0.009246049238
11.37999129,131.5391257,0.6358150125,-0.05416802996,0.3549565821,0.9611026685,-0.2757816266,-0.01186142776,0.009244545905
11.40498185,131.5641162,0.6358181892,-0.05415952565,0.354962598,0.961108989,-0.275760438,-0.01184208692,0.009244302127
11.42498446,131.5841188,0.6358199651,-0.05415715971,0.3549673692,0.961113728,-0.2757444596,-0.01182751691,0.009246878641
11.44997406,131.6091084,0.635820921,-0.05417561784,0.3549718909,0.9611154267,-0.2757391181,-0.01180660749,0.009256309304
11.47497821,131.6341126,0.6358250464,-0.05420169356,0.3549757544,0.9611172914,-0.2757341127,-0.01176273717,0.009267644272
11.49998307,131.6591175,0.6358295838,-0.05422942368,0.3549774194,0.9611210101,-0.2757224107,-0.0117133393,0.009292678982
11.5249486,131.684083,0.635831503,-0.05425643852,0.3549786127,0.9611253097,-0.2757076751,-0.01167845435,0.009329018023
11.54499388,131.7041283,0.635834218,-0.05426724472,0.3549824941,0.9611307754,-0.2756891612,-0.01164902199,0.009349826288
11.56994629,131.7290807,0.6358383108,-0.05427249284,0.3549889706,0.9611393676,-0.2756601146,-0.01161188227,0.009369173025
11.59493184,131.7540662,0.6358413458,-0.05428179649,0.3549924117,0.9611463197,-0.2756364938,-0.01158035344,0.009389933217
11.61497355,131.7741079,0.6358453259,-0.05427968119,0.3549960155,0.9611533772,-0.2756127816,-0.01155102659,0.009399671223
11.6349802,131.7941146,0.635851798,-0.05426379722,0.3550031283,0.9611635789,-0.2755787923,-0.01151376523,0.009398782047
11.65987992,131.8190143,0.6358620845,-0.05424968546,0.3550131468,0.9611773687,-0.2755328945,-0.01145275777,0.009408732859
11.67988467,131.8390191,0.6358701352,-0.05426833423,0.3550164851,0.961184055,-0.275510751,-0.01139635922,0.009442532574
11.69998217,131.8591166,0.6358709368,-0.05429300953,0.3550135919,0.9611886002,-0.2754947467,-0.01136734487,0.009481708613
11.72499466,131.884129,0.6358709112,-0.05431807479,0.3550120909,0.9611999715,-0.2754542838,-0.0113331506,0.009545262511
11.74996877,131.9091032,0.6358848709,-0.05431598869,0.3550262914,0.9612214148,-0.2753812439,-0.01125553328,0.009585156739
11.7749815,131.9341159,0.6358975337,-0.05433531447,0.3550305148,0.9612578017,-0.2752531383,-0.01113855327,0.009750956336
11.79499674,131.9541311,0.6358988038,-0.0543986353,0.355015029,0.9613276873,-0.2750015032,-0.01096901298,0.01014552446
11.81987715,131.9790115,0.6359134736,-0.05450667218,0.3550103245,0.9614762505,-0.2744666149,-0.01060664414,0.01090853452
11.84485483,132.0039892,0.6359583861,-0.05464310901,0.3550354051,0.9616724661,-0.2737568191,-0.01005670954,0.01192202159
11.8649826,132.024117,0.635999179,-0.0547813328,0.3550477251,0.9618463475,-0.2731204958,-0.009537249232,0.01287786653
11.88499117,132.0441256,0.6360350468,-0.05494179351,0.3550496631,0.9620274787,-0.272448729,-0.008999753765,0.01392209287
11.9099803,132.0691147,0.6360713708,-0.05514487043,0.3550508137,0.9622651293,-0.2715556594,-0.00832658802,0.01529747178
11.93486714,132.0940015,0.6361108205,-0.05534871567,0.3550576735,0.9625090596,-0.2706265325,-0.007631963388,0.01671356708
11.95989799,132.1190324,0.6361557023,-0.05554117891,0.3550696531,0.9627431024,-0.2697228509,-0.006938649991,0.01808749666
11.9848392,132.1439736,0.6362017214,-0.05571773016,0.3550840589,0.9629560861,-0.2688898421,-0.006286382895,0.01934710737
12.00484991,132.1639843,0.6362325446,-0.05583069978,0.3550973713,0.9631099133,-0.2682827157,-0.005827471781,0.02024153983
12.02500629,132.1841407,0.6362596162,-0.05592009895,0.35511366,0.9632463755,-0.2677406778,-0.005426658081,0.021021441
12.04992914,132.2090635,0.6362854544,-0.05600485255,0.3551276499,0.9633874231,-0.2671765553,-0.005019366633,0.02182125552
12.06997347,132.2291079,0.6362994326,-0.05605132246,0.3551337917,0.963474887,-0.2668250726,-0.004773255692,0.02231006235
12.08997536,132.2491097,0.6363129639,-0.05608500806,0.3551432377,0.9635334919,-0.2665883339,-0.004596366702,0.02264384378
12.10997677,132.2691112,0.6363219311,-0.05611266217,0.3551508656,0.9635665191,-0.2664533487,-0.00448625526,0.02284840856
12.13498354,132.2941179,0.6363244798,-0.05613123876,0.3551522476,0.9635772179,-0.2664083638,-0.004444706845,0.02292975109
12.15498781,132.3141222,0.6363242003,-0.05613830587,0.355152334,0.9635770215,-0.2664086235,-0.004441354222,0.02293563596
12.17990637,132.3390408,0.6363247927,-0.05613833912,0.3551557473,0.9635775292,-0.2664071763,-0.004437530215,0.02293185602
12.19991803,132.3590524,0.6363256928,-0.05612616785,0.3551604411,0.9635792334,-0.2664021653,-0.004435962537,0.02291876068
12.21992278,132.3790572,0.6363262772,-0.05612194747,0.355165369,0.9635788071,-0.2664046414,-0.004433422832,0.02290839077
12.24497366,132.404108,0.6363267499,-0.05611430626,0.3551704572,0.9635802709,-0.2664011283,-0.004433255529,0.02288769449
12.26991963,132.429054,0.6363245102,-0.05608334709,0.3551715069,0.9635874564,-0.2663772986,-0.004440495472,0.02286111623
12.28995109,132.4490855,0.6363269948,-0.05605568528,0.3551826331,0.9635938222,-0.2663568152,-0.004435522169,0.02283240938
12.31499004,132.4741244,0.6363291051,-0.05603743746,0.3551970851,0.9635980874,-0.2663447193,-0.004429803958,0.02279458805
12.33994317,132.4990776,0.6363283799,-0.05602907402,0.3552048916,0.9635998284,-0.2663412603,-0.004431000098,0.0227611529
12.36499453,132.5241289,0.6363273985,-0.05602927124,0.3552111294,0.963599822,-0.2663432411,-0.004430784944,0.02273827409
12.3898828,132.5490172,0.6363273995,-0.05603208614,0.3552200081,0.9635994383,-0.2663465445,-0.004427583831,0.02271645168
12.40995026,132.5690846,0.6363257013,-0.05605086706,0.3552262571,0.9635953337,-0.2663627997,-0.004425958893,0.0227002812
12.43495369,132.5940881,0.6363202344,-0.05611150763,0.3552291138,0.9635822111,-0.2664112032,-0.004426960648,0.02268909916
12.45993543,132.6190698,0.6363124931,-0.05619826373,0.3552293988,0.9635641029,-0.2664771604,-0.00442938897,0.02268310182
12.47994375,132.6390781,0.6363064592,-0.05626954669,0.355233275,0.9635493132,-0.2665313821,-0.00442879359,0.02267441669
12.49994898,132.6590834,0.6362993214,-0.05635568798,0.3552386065,0.9635314196,-0.2665969456,-0.004427499536,0.02266427376
12.51995945,132.6790938,0.6362865615,-0.05649848921,0.3552423375,0.9635016329,-0.2667055543,-0.004429255039,0.02265242802
12.54497886,132.7041132,0.6362654566,-0.05673462177,0.3552452546,0.9634522458,-0.2668849558,-0.004433545552,0.0226392153
12.56995368,132.7290881,0.6362422743,-0.05699524583,0.3552493942,0.9633977542,-0.2670825905,-0.004436880633,0.02262677768
12.58998418,132.7491186,0.6362217709,-0.05722320113,0.3552535681,0.9633501287,-0.2672553129,-0.004439888058,0.02261448048
12.61498594,132.7741203,0.6361888222,-0.05758573528,0.3552605483,0.963274367,-0.2675300288,-0.004444740869,0.02259251715
12.63500476,132.7941391,0.6361578713,-0.057923167,0.3552683942,0.9632038799,-0.2677858924,-0.004449634779,0.02256551023
12.65995932,132.8190937,0.6361199086,-0.05833925347,0.3552780011,0.9631169484,-0.2681008601,-0.004454539587,0.02253507348
12.68497157,132.844106,0.63608251,-0.05874747234,0.3552943914,0.9630317056,-0.2684106052,-0.004456557752,0.02249044426
12.71000051,132.8691349,0.6360456154,-0.05914644095,0.3553125018,0.9629485286,-0.2687132946,-0.004458812632,0.02243692161
12.73495364,132.894088,0.6360099967,-0.05952865969,0.3553242736,0.9628685797,-0.2690026322,-0.004462622483,0.02240015943
12.7549665,132.9141009,0.6359827789,-0.05982077095,0.355336892,0.9628075201,-0.2692240847,-0.004463875183,0.02236392653
12.7798965,132.9390309,0.6359517665,-0.06015248475,0.3553586789,0.9627385537,-0.2694756141,-0.004462813472,0.02230367369
12.79995131,132.9590857,0.6359288224,-0.06039401223,0.3553746912,0.962688379,-0.2696587331,-0.004462946306,0.02225611692
12.82488251,132.9840169,0.6359013281,-0.06068482888,0.3553940734,0.962627823,-0.2698794732,-0.004462465779,0.02219979007
12.84489369,133.0040281,0.6358798741,-0.060911789,0.35541015,0.9625806055,-0.2700516495,-0.00446169872,0.02215350436
12.86489677,133.0240312,0.6358571588,-0.06114760968,0.3554219385,0.9625312152,-0.27023051,-0.004462813888,0.02211819439
12.88999462,133.049129,0.635831209,-0.06141624219,0.3554321252,0.9624747421,-0.2704340112,-0.004464793634,0.02208805228
12.91496158,133.074096,0.6358071902,-0.06165587094,0.3554409204,0.9624243741,-0.2706154815,-0.004467694438,0.02205957998
12.93496561,133.0941,0.6357905372,-0.06182759579,0.3554484733,0.9623882773,-0.2707456102,-0.004468527595,0.02203747977
12.95497084,133.1141052,0.6357723487,-0.06201534826,0.3554552557,0.9623487524,-0.2708876884,-0.004469783624,0.02201726585
12.97998357,133.139118,0.6357486684,-0.06225643631,0.3554654667,0.9622980938,-0.2710703337,-0.004471752164,0.0219830898
13.00497222,133.1641066,0.6357277094,-0.06245326858,0.3554789704,0.9622569889,-0.2712197862,-0.004473694029,0.02193857403
13.02999663,133.189131,0.6357135715,-0.06259407448,0.3554947662,0.9622278751,-0.2713267702,-0.004471933978,0.02189296647
13.05490947,133.2140439,0.6357011467,-0.06272005071,0.3555095502,0.9622018689,-0.2714224541,-0.004469932026,0.02185027847
13.0749743,133.2341087,0.6356915261,-0.06281772729,0.355520654,0.9621817196,-0.2714965755,-0.004468730511,0.02181693174
13.09497452,133.2541089,0.6356816564,-0.06291807318,0.3555307556,0.9621608592,-0.2715728859,-0.004467446029,0.02178739435
13.11996436,133.2790987,0.635670175,-0.06303476712,0.355543719,0.9621366636,-0.2716615944,-0.004465554829,0.02175034734
13.13996506,133.2990994,0.6356604291,-0.06313460424,0.35555406,0.962115895,-0.2717374352,-0.004463858855,0.02172199022
13.15996742,133.3191018,0.6356496157,-0.06324463582,0.3555646037,0.9620929757,-0.2718210733,-0.004462602894,0.02169090467
13.18496609,133.3441005,0.6356345197,-0.06339663247,0.3555778762,0.9620613188,-0.2719364485,-0.004461829847,0.02164899157
13.20497274,133.3641071,0.6356209278,-0.06353421525,0.3555875996,0.9620324188,-0.2720408882,-0.004461093498,0.02162126112
13.22497511,133.3841095,0.63560311,-0.06371246142,0.3555966357,0.9619947737,-0.272176022,-0.004461368479,0.02159547476
13.2499702,133.4091046,0.6355771808,-0.06397063773,0.3556111293,0.9619402692,-0.2723720126,-0.004461884504,0.02155218776
13.26997042,133.4291048,0.6355540139,-0.06420095239,0.3556231723,0.9618915591,-0.2725469166,-0.004462556147,0.02151493586
13.29496646,133.4541008,0.6355248901,-0.06448907033,0.355637023,0.9618307669,-0.2727652991,-0.004464879367,0.02146467817
13.31998229,133.4791167,0.6354948269,-0.06478841987,0.3556589969,0.9617678138,-0.2729920769,-0.004462530342,0.02140289844
13.34496045,133.5040948,0.6354608412,-0.0651220865,0.3556845632,0.9616975551,-0.2732454453,-0.004460594502,0.02132703194
13.36996436,133.5290987,0.63542684,-0.06543682782,0.3557041643,0.9616314204,-0.27348356,-0.004463679329,0.02125627847
13.39491248,133.5540469,0.6353957341,-0.0657409707,0.3557255757,0.9615671338,-0.2737142948,-0.004461260148,0.02119502726
13.41496682,133.5741012,0.6353715945,-0.06597577753,0.3557456108,0.9615176924,-0.273892382,-0.004458771949,0.0211378715
13.43992853,133.5990629,0.6353417276,-0.06626481263,0.3557742981,0.9614571257,-0.2741114046,-0.004454767445,0.02105441379
13.45994711,133.6190815,0.635317967,-0.06649471879,0.3557948585,0.9614087086,-0.27428576,-0.004451720306,0.02099521721
13.48494792,133.6440823,0.6352875712,-0.06678589605,0.3558207006,0.9613472446,-0.274506846,-0.0044484412,0.02092075937
13.50994515,133.6690795,0.6352562797,-0.06708478047,0.355852857,0.9612844303,-0.2747337902,-0.004443485741,0.02082892238
13.53493381,133.6940682,0.6352258462,-0.06737434108,0.3558842745,0.961223564,-0.2749535402,-0.004438567284,0.02073908905
13.55493426,133.7140687,0.6352025938,-0.06758918578,0.355907269,0.9611784057,-0.275116511,-0.004435768524,0.02067127748
13.57995439,133.7390888,0.6351704551,-0.0678902663,0.3559405438,0.9611150026,-0.2753451567,-0.00443077884,0.02057582725
13.60493898,133.7640734,0.6351350765,-0.0682235078,0.3559743696,0.9610447116,-0.2755976449,-0.004425543489,0.0204796228
13.62987161,133.789006,0.6350956152,-0.06859065344,0.3559920762,0.9609660043,-0.2758757735,-0.004425730055,0.02042814421
13.65496802,133.8141024,0.6350528154,-0.06898634598,0.3560098884,0.9608809985,-0.2761754608,-0.004426501798,0.02037713748
13.67981529,133.8389497,0.635008611,-0.0693940073,0.3560298693,0.9607934806,-0.2764840362,-0.004426710338,0.02031919169
13.69983792,133.8589723,0.6349725332,-0.06972447249,0.3560450745,0.9607225801,-0.2767335741,-0.004427208909,0.02027443759
13.72483134,133.8839657,0.6349262422,-0.0701465827,0.3560750374,0.9606322131,-0.2770534265,-0.00442434889,0.02018848929
13.74983668,133.9089711,0.6348846514,-0.07052484436,0.3561161162,0.9605518934,-0.2773403705,-0.004417284112,0.02007153704
13.77482915,133.9339635,0.6348417684,-0.07091230197,0.3561561681,0.9604695407,-0.2776337381,-0.004410735838,0.01995781429
13.79495978,133.9540942,0.6348135063,-0.07116848389,0.3562021076,0.9604159135,-0.2778286397,-0.004399853941,0.01982829828
13.81997681,133.9791112,0.6347796,-0.07147319225,0.3562597947,0.960352192,-0.2780606092,-0.004386374442,0.01966531425
13.84493995,134.0040743,0.6347430193,-0.07179359378,0.3563088905,0.9602846243,-0.2783039707,-0.004376781032,0.01952393598
13.86990404,134.0290384,0.6347114191,-0.07206512923,0.3563731701,0.9602285939,-0.2785103225,-0.004362161453,0.0193395785
13.88995576,134.0490901,0.634687244,-0.07227973295,0.356425918,0.9601842073,-0.2786737709,-0.004348722923,0.01919130393
13.90997982,134.0691142,0.6346666669,-0.07246300536,0.3564836897,0.9601469462,-0.2788134613,-0.004333061557,0.01902945449
13.93497229,134.0941067,0.6346439869,-0.07266445869,0.3565633429,0.9601066813,-0.2789675584,-0.004310806866,0.01880635265
13.95988059,134.119015,0.6346258166,-0.07282483044,0.3566499162,0.9600756668,-0.2790908902,-0.004285877153,0.01856395116
13.97997117,134.1391056,0.6346102493,-0.07296169982,0.3567238237,0.9600491904,-0.2791959289,-0.00426447038,0.01835754915
14.00496602,134.1641004,0.6345905707,-0.07313768877,0.3568190179,0.9600154216,-0.279329724,-0.004235990356,0.01809286975
14.024966,134.1841004,0.6345728764,-0.07329359009,0.3568926638,0.9599846189,-0.2794491125,-0.004214639511,0.01788747548
14.04990125,134.2090356,0.6345488153,-0.07350327343,0.3569903022,0.959943043,-0.2796095538,-0.004186250905,0.01761610084
14.06995749,134.2290919,0.6345287247,-0.07368022534,0.3570667184,0.9599076755,-0.2797444709,-0.004163617362,0.01740545343
14.09490442,134.2540388,0.6344969843,-0.0739558517,0.3571572077,0.9598511616,-0.2799542724,-0.004137944371,0.01715314138
14.11498499,134.2741194,0.6344715676,-0.07417650686,0.3572361964,0.9598060903,-0.2801225251,-0.004114936388,0.01693242936
14.13988924,134.2990236,0.6344385957,-0.07446700133,0.3573356045,0.9597466474,-0.280343044,-0.004083224961,0.01665766548
14.15990472,134.3190391,0.6344090613,-0.07472149928,0.357420762,0.9596944086,-0.280536129,-0.004057564405,0.01642128581
14.17991471,134.3390491,0.6343863742,-0.07491837172,0.3575128585,0.9596548247,-0.280686636,-0.004028923856,0.01616779404
14.20496511,134.3640995,0.6343520929,-0.07521084913,0.3576255998,0.9595948514,-0.2809097738,-0.003994960651,0.01585750369
14.22989821,134.3890326,0.6343265148,-0.07543016866,0.3577506921,0.9595515047,-0.2810775812,-0.003955921175,0.01551301909
14.25495148,134.4140859,0.6342882695,-0.07575424927,0.357865183,0.9594842195,-0.2813248032,-0.003920916416,0.01519914439
14.27496004,134.4340944,0.6342607552,-0.07596311005,0.3579576989,0.9594421183,-0.2814834859,-0.003898429054,0.01492216717
14.29990339,134.4590378,0.6342276558,-0.076237352,0.3580760248,0.959386333,-0.2816912547,-0.003862404526,0.01459393329
14.31991172,134.4790461,0.6342082906,-0.07639968323,0.358184062,0.9593546184,-0.2818147898,-0.003827449993,0.0143000383
14.34497905,134.5041134,0.6341893699,-0.07655991373,0.3583183814,0.9593239974,-0.2819378513,-0.003783143591,0.01393570423
14.36498833,134.5241227,0.6341620564,-0.07677773427,0.3584121328,0.9592790845,-0.2821036641,-0.003755267101,0.01367693776
14.38992476,134.5490592,0.6341388633,-0.07694960109,0.3585347558,0.959245634,-0.2822341397,-0.003718359486,0.01333708692
14.41495419,134.5740886,0.6341099323,-0.07718740102,0.3586483541,0.9591967106,-0.2824151268,-0.003681750407,0.01303116176
14.43994546,134.5990798,0.6340915659,-0.07733865,0.3587613387,0.9591668778,-0.2825307722,-0.003644716833,0.01272710795
14.4649477,134.6240821,0.6340571142,-0.07760470514,0.3588459471,0.9591107158,-0.2827321349,-0.003620657802,0.01249262139
14.48498344,134.6441178,0.6340310833,-0.07777810406,0.3589111463,0.9590747422,-0.2828626311,-0.003605706249,0.01230323862
14.50997019,134.6691046,0.6339982445,-0.07804022779,0.3589814215,0.9590186628,-0.2830611846,-0.003584500875,0.01211286656
14.5349822,134.6941166,0.6339618756,-0.07831754945,0.3590389567,0.9589588392,-0.2832709093,-0.00357017217,0.01194950234
14.55502009,134.7141545,0.6339317354,-0.07854638028,0.3590716053,0.9589091699,-0.2834432424,-0.00356409688,0.01185029071
14.57994246,134.7390769,0.6338980894,-0.07881641926,0.3591051575,0.9588500365,-0.2836470869,-0.003554745478,0.01176016061
14.59994745,134.7590818,0.6338732018,-0.0790162552,0.359126433,0.9588059945,-0.283798371,-0.003549072566,0.01170272111
14.61996746,134.7791018,0.6338447092,-0.07924298726,0.3591413621,0.9587556789,-0.2839700532,-0.003546232026,0.01166110246
14.64493036,134.8040648,0.6338076091,-0.079537935,0.3591545632,0.958690156,-0.2841927815,-0.003544832032,0.01162247584
14.66996408,134.8290985,0.6337720251,-0.07982170065,0.3591686671,0.958627076,-0.2844070305,-0.003541942393,0.01158554463
14.694911,134.8540454,0.6337402037,-0.08007396821,0.3591885032,0.9585710841,-0.2845979218,-0.003537148123,0.01153205448
14.71997023,134.8791046,0.6337068452,-0.08033634942,0.3592042201,0.9585126674,-0.2847964005,-0.003534405124,0.01148845501
14.74488235,134.9040167,0.6336725517,-0.08060711474,0.3592136314,0.9584523666,-0.2850002956,-0.003533088428,0.01146340905
14.76489854,134.9240329,0.6336446514,-0.08082617249,0.3592194984,0.9584033596,-0.2851656894,-0.003532926344,0.0114476339
14.78490281,134.9440372,0.6336162528,-0.08104789184,0.3592248968,0.9583536878,-0.2853331849,-0.003533081623,0.01143240737
14.80493784,134.9640722,0.6335862797,-0.08128042071,0.359228953,0.95830141,-0.2855091918,-0.003534093397,0.01142012132
14.82995915,134.9890935,0.6335477256,-0.08158006034,0.359232234,0.9582339548,-0.2857358632,-0.003535695235,0.01141066062
14.85477304,135.0139074,0.6335110195,-0.08186398856,0.3592331315,0.958169971,-0.2859504563,-0.003537994361,0.01140727237
14.8748095,135.0339439,0.6334836253,-0.08207560752,0.3592342454,0.9581222646,-0.2861103816,-0.003539467205,0.01140385249
14.89986348,135.0589979,0.6334485812,-0.08234064647,0.3592346056,0.9580624037,-0.2863108703,-0.003542714248,0.01140023443
14.91992497,135.0790594,0.6334165538,-0.08257871502,0.3592343276,0.9580086804,-0.2864906871,-0.003546276493,0.01139642159
14.94482875,135.1039631,0.6333766758,-0.08288130086,0.3592348884,0.9579402816,-0.2867193783,-0.003549145967,0.01139379215
14.96493268,135.1240671,0.6333458727,-0.08311587131,0.3592351006,0.9578871909,-0.2868967024,-0.003551120233,0.01139303056
14.98993254,135.1490669,0.6333095343,-0.08338740101,0.3592344311,0.9578255711,-0.2871023684,-0.003554850756,0.01139159395
15.01493859,135.174073,0.6332700859,-0.08367245115,0.3592337929,0.9577611136,-0.2873174574,-0.003559938264,0.01138660564
15.03994179,135.1990762,0.6332274944,-0.0839912747,0.3592382108,0.9576889628,-0.2875583993,-0.003561561626,0.01137246193
15.05995703,135.2190914,0.6331936645,-0.08424505582,0.359241696,0.9576314081,-0.2877503901,-0.00356264313,0.01136251517
15.08490086,135.2440352,0.6331542722,-0.0845402655,0.3592446751,0.9575644267,-0.2879735488,-0.003564277709,0.01135340528
15.10492611,135.2640605,0.6331233103,-0.08476994571,0.3592469108,0.957512292,-0.2881471793,-0.003566040498,0.01134447356
15.12994933,135.2890837,0.6330815865,-0.08508012596,0.3592517367,0.9574418948,-0.2883815942,-0.003567410333,0.0113290705
15.15492821,135.3140626,0.6330367481,-0.08541253966,0.359257742,0.9573663015,-0.2886331202,-0.003568397101,0.01131164387
15.17998004,135.3391144,0.6329898015,-0.08575883016,0.3592630027,0.9572875167,-0.288894896,-0.003569774668,0.01129629222
15.20495701,135.3640914,0.6329421235,-0.08610769538,0.3592715056,0.957208184,-0.2891586136,-0.003570173696,0.01127131508
15.22993207,135.3890665,0.6328954032,-0.08645043468,0.3592867872,0.9571303355,-0.2894178468,-0.003567610594,0.01122955428
15.24993324,135.4090676,0.632859224,-0.08671483386,0.3592990147,0.9570701602,-0.2896181028,-0.003565416066,0.01119601395
15.26994395,135.4290783,0.6328196821,-0.08700242142,0.3593085762,0.9570046653,-0.2898354652,-0.003564507892,0.01116996176
15.28996539,135.4490998,0.6327762369,-0.0873177678,0.359318972,0.9569327259,-0.2900740002,-0.00356345018,0.01114156308
15.31494617,135.4740806,0.6327227767,-0.0877045008,0.3593347171,0.9568445347,-0.2903664654,-0.003560997966,0.01109826437
15.33985567,135.4989901,0.6326707561,-0.08807878234,0.359346011,0.9567589034,-0.2906496808,-0.003560068631,0.0110675065
15.36484289,135.5239773,0.6326154507,-0.08847497753,0.3593591594,0.9566682389,-0.2909493279,-0.003558555227,0.01103203926
15.38985825,135.5489926,0.6325564977,-0.08889574242,0.3593736275,0.9565717365,-0.2912679922,-0.00355696909,0.01099170751
15.41484022,135.5739746,0.6324949801,-0.08932416327,0.3593856352,0.9564731061,-0.2915931898,-0.00355834941,0.01095203442
15.43487,135.5940044,0.6324410339,-0.08968101801,0.3593920135,0.9563912655,-0.2918625586,-0.003563740922,0.01092217633
15.45984745,135.6189818,0.6323750392,-0.09014039074,0.3594020153,0.9562855703,-0.2922097673,-0.003564545943,0.01089283773
15.48484635,135.6439807,0.6323070249,-0.09061479388,0.3594127465,0.9561761357,-0.2925687957,-0.00356489957,0.01086226503
15.50495815,135.6640925,0.6322526989,-0.09099104577,0.3594224005,0.9560893687,-0.2928532889,-0.003565059136,0.01083330974
15.52998877,135.6891232,0.6321855017,-0.0914553061,0.3594305249,0.9559820629,-0.2932042581,-0.003566324045,0.01080924912
15.55495477,135.7140892,0.6321114233,-0.09195563661,0.3594400077,0.9558663241,-0.2935824466,-0.003568777117,0.01077874232
15.57995343,135.7390878,0.6320391278,-0.09244495998,0.3594527523,0.9557529726,-0.2939526296,-0.003569258885,0.01074091792
15.60495329,135.7640877,0.6319575032,-0.09298013186,0.3594625928,0.9556291917,-0.294356136,-0.00357395009,0.01070233974
15.62989283,135.7890272,0.6318803907,-0.09346953843,0.3594806213,0.955516149,-0.2947250952,-0.003576870726,0.01064017314
15.64994884,135.8090832,0.6318230263,-0.09385500638,0.3594904003,0.9554265432,-0.2950164339,-0.003576289611,0.01061293705
15.67495036,135.8340847,0.6317414029,-0.0943868671,0.3594989175,0.9553026994,-0.2954182818,-0.00358047055,0.01058166509
15.69988465,135.859019,0.6316650122,-0.09488437318,0.3595043949,0.9551866926,-0.2957938572,-0.003584590935,0.0105606321
15.72494864,135.884083,0.6315833271,-0.09540908345,0.3595095745,0.9550642398,-0.296189769,-0.003590178108,0.01053703872
15.74496603,135.9041004,0.631527501,-0.09576611936,0.3595209923,0.9549809629,-0.2964594162,-0.003590608031,0.01050155099
15.76997852,135.9291129,0.6314594442,-0.09621034509,0.3595285017,0.9548769395,-0.2967950996,-0.003592042379,0.01047838445
15.79496288,135.9540973,0.6313890198,-0.09664194196,0.3595353372,0.9547761634,-0.2971205198,-0.003599853092,0.01043626527
15.81993842,135.9790728,0.6313294394,-0.09702401383,0.3595533058,0.9546868774,-0.2974091099,-0.003596939454,0.01038506015
15.83995128,135.9990857,0.6312823486,-0.0973282202,0.3595662236,0.9546156241,-0.2976390128,-0.003594635238,0.01034924615
15.86495662,136.024091,0.6312235873,-0.09770593565,0.3595853112,0.9545270897,-0.2979246882,-0.003590671944,0.01029671295
15.88994503,136.0490794,0.6311678047,-0.09806530887,0.3596036892,0.9544427618,-0.2981965085,-0.003586404341,0.010246681
15.90995288,136.0690873,0.6311235888,-0.09834890542,0.3596133104,0.9543760941,-0.298410736,-0.003584945186,0.01022017148
15.92996097,136.0890954,0.6310796459,-0.09863057337,0.3596241148,0.9543098125,-0.2986236455,-0.00358281301,0.01019134852
15.95493436,136.1140687,0.6310228276,-0.0989932772,0.3596380957,0.9542243612,-0.2988979132,-0.003580220631,0.01015322261
15.9749434,136.1340778,0.6309750311,-0.09929683399,0.3596459217,0.9541527072,-0.2991273323,-0.003579833694,0.01013090293
15.99497914,136.1541135,0.6309245216,-0.09961733163,0.3596531029,0.9540769162,-0.2993696424,-0.003579425511,0.01011152206
16.01990485,136.1790392,0.6308591321,-0.1000305391,0.3596636146,0.9539791512,-0.2996820232,-0.003578532825,0.0100825672
16.03993797,136.1990724,0.6308075153,-0.1003557287,0.3596693223,0.9539020212,-0.2999279853,-0.003578805945,0.01006626846
16.0649538,136.2240882,0.6307407004,-0.1007748713,0.3596725989,0.9538024119,-0.3002449113,-0.003580696732,0.01005638247
16.08987498,136.2490094,0.630670131,-0.1012162182,0.3596781983,0.9536975362,-0.3005783801,-0.003581849147,0.01004078292
16.10991812,136.2690525,0.6306136547,-0.1015673117,0.3596825816,0.9536139643,-0.3008438273,-0.003582905672,0.01002803388
16.13482833,136.2939627,0.6305390207,-0.1020293718,0.3596868987,0.9535038341,-0.3011931659,-0.003585137945,0.01001309166
16.15484905,136.3139834,0.6304792886,-0.1023979097,0.3596933706,0.9534159674,-0.3014717901,-0.003585396674,0.009994885169
16.17986393,136.3389983,0.6304080539,-0.1028361609,0.3596992513,0.9533114301,-0.3018027399,-0.003586181101,0.009978109295
16.19989252,136.3590269,0.6303522002,-0.1031777118,0.3597047377,0.9532298781,-0.3020607978,-0.003586993568,0.009960286711
16.21996689,136.3791013,0.6302993466,-0.1035003069,0.35971181,0.9531528098,-0.3023048188,-0.003587724607,0.009932067906
16.24492741,136.4040618,0.6302390307,-0.1038672038,0.3597207166,0.9530651536,-0.3025820977,-0.003588011471,0.009900165173
16.26494384,136.4240782,0.6301956241,-0.1041296545,0.3597261231,0.9530026405,-0.3027799314,-0.003589997332,0.00986875531
16.28495383,136.4440882,0.6301584368,-0.1043546815,0.3597364195,0.9529489843,-0.3029504009,-0.003590048806,0.009818323189
16.30984187,136.4689763,0.630122818,-0.1045707112,0.3597506892,0.9528976654,-0.303113645,-0.003587402476,0.009761559418
16.32995486,136.4890893,0.6301009662,-0.1047028583,0.3597535807,0.9528662344,-0.3032133457,-0.003589529011,0.009732497254
16.35493088,136.5140653,0.6300854765,-0.1047985143,0.3597546834,0.9528436999,-0.303285143,-0.003591278849,0.009700944112
16.37495232,136.5340867,0.6300796827,-0.1048356993,0.3597560465,0.9528351336,-0.3033129825,-0.003592105668,0.009671588135
16.3998847,136.5590191,0.6300758706,-0.1048611254,0.3597565039,0.9528294291,-0.3033321232,-0.003595042262,0.00963212279
16.41992426,136.5790586,0.6300721006,-0.1048854235,0.3597625957,0.9528239772,-0.3033500632,-0.003592793187,0.009607258382
16.43994355,136.5990779,0.63006636,-0.104920764,0.3597703354,0.9528156996,-0.3033767517,-0.003589203713,0.009586800405
16.46497369,136.6241081,0.6300597795,-0.1049604353,0.3597804978,0.9528064139,-0.3034068388,-0.003585123896,0.009559011123
16.489923,136.6490574,0.6300525527,-0.1050041433,0.3597890143,0.9527961943,-0.3034398852,-0.003582617559,0.009529586915
16.50992632,136.6690607,0.6300445527,-0.1050526337,0.3597951953,0.9527848245,-0.3034762226,-0.003580594415,0.009509988783
16.53488851,136.6940229,0.6300267884,-0.1051591565,0.3598018471,0.9527594748,-0.3035563526,-0.003578308612,0.009493133032
16.55494547,136.7140799,0.6300045465,-0.1052923834,0.3598090895,0.9527274547,-0.3036574565,-0.0035762352,0.009473997629
16.57495999,136.7340944,0.6299773153,-0.1054550031,0.3598167038,0.9526884997,-0.3037803235,-0.003574388437,0.009453114175
16.59496808,136.7541025,0.6299477086,-0.1056320783,0.3598233098,0.9526461606,-0.3039136337,-0.003572767641,0.009435639434
16.61995029,136.7790847,0.6299048441,-0.1058891993,0.3598287734,0.9525848616,-0.3041061105,-0.003571321436,0.00942340781
16.64494181,136.8040762,0.6298535386,-0.1061954454,0.3598345925,0.9525116306,-0.304335906,-0.003569988788,0.009407716692
16.66996789,136.8291023,0.6297911007,-0.1065654654,0.3598424086,0.9524229127,-0.3046141881,-0.003568929715,0.009383732837
16.68999147,136.8491259,0.62974005,-0.106868178,0.3598483044,0.9523501685,-0.3048420515,-0.003567789842,0.009367550868
16.71494722,136.8740816,0.6296790283,-0.1072296919,0.3598557021,0.9522630164,-0.3051147825,-0.003565614083,0.009348980977
16.73995376,136.8990881,0.6296171282,-0.107593177,0.3598655506,0.9521757246,-0.3053880153,-0.003563173867,0.009319512145
16.76495433,136.9240887,0.6295537894,-0.1079680505,0.3598782309,0.9520859004,-0.3056691112,-0.003556524925,0.009283522069
16.78994083,136.9490752,0.6294905812,-0.1083422581,0.3598874439,0.9519957415,-0.3059506436,-0.003550078008,0.009257900582
16.81495452,136.9740889,0.629423825,-0.1087294435,0.3598962064,0.9519020035,-0.3062429532,-0.00354826466,0.009232501028
16.83994198,136.9990764,0.6293574643,-0.1091160601,0.359907613,0.9518083375,-0.3065349559,-0.003543633489,0.009200655309
16.85994387,137.0190783,0.6293090632,-0.1093984151,0.359913551,0.9517403341,-0.3067466251,-0.003539993075,0.009182203333
16.88495278,137.0440872,0.6292511571,-0.1097432291,0.3599206772,0.9516576318,-0.307004003,-0.003526970973,0.009157207077
16.90994406,137.0690784,0.6291907812,-0.1100992247,0.3599311037,0.951571416,-0.3072722506,-0.003514555209,0.009124263301
16.93495369,137.0940881,0.629125038,-0.1104893215,0.3599377096,0.9514772739,-0.3075645346,-0.003499279147,0.009099966481
16.95993376,137.1190681,0.6290627139,-0.1108770794,0.3599449474,0.9513839302,-0.3078545098,-0.003465248145,0.009066984438
16.9799366,137.139071,0.629018097,-0.1111709378,0.3599559721,0.9513126525,-0.3080766387,-0.003420436856,0.009017897048
17.00497437,137.1641088,0.6289637222,-0.1115237445,0.3599708723,0.9512268642,-0.3083437746,-0.003369863303,0.008956196235
17.02988029,137.1890147,0.6289058548,-0.1119060598,0.3599848334,0.9511339973,-0.3086325926,-0.003308677932,0.008893516576
17.04993701,137.2090714,0.6288569462,-0.1122276265,0.3599977339,0.9510558313,-0.3088755096,-0.003257172478,0.008838330511
17.07493806,137.2340724,0.6287948055,-0.1126388011,0.3600110914,0.9509555623,-0.3091866441,-0.003188632584,0.008773270815
17.09995651,137.2590909,0.6287287062,-0.1130751903,0.3600189212,0.9508489013,-0.3095167304,-0.003117531289,0.008720174372
17.11995697,137.2790914,0.6286734774,-0.1134466265,0.3600255634,0.9507583066,-0.3097968878,-0.003050163355,0.008673369738
17.14493775,137.3040721,0.6286073211,-0.113898225,0.360033813,0.9506477588,-0.3101383051,-0.002966240385,0.008618109403
17.16994214,137.3290765,0.628532353,-0.1143832868,0.3600349046,0.950528627,-0.3105050457,-0.002892695409,0.008577778005
17.18994904,137.3490834,0.6284732713,-0.1147958513,0.3600382862,0.950428184,-0.3108145748,-0.002800982124,0.008527704144
17.20997024,137.3691046,0.6284473336,-0.1151980025,0.3600399058,0.9503313105,-0.3111163659,-0.002528085832,0.008403331687
17.23491931,137.3940537,0.6284663093,-0.1157440604,0.3600408987,0.950198707,-0.3115341643,-0.001842853393,0.008092310153
17.25992942,137.4190638,0.6285243805,-0.1162717738,0.3600437743,0.950070237,-0.311940121,-0.0009459480925,0.007681856442
17.28491449,137.4440489,0.62860408,-0.1168352131,0.3600428374,0.9499321716,-0.3123729359,0.0001149879657,0.007211454465
17.30992866,137.469063,0.628699649,-0.1174112955,0.3600465731,0.949789224,-0.3128164566,0.001286689841,0.0066812333
17.32995152,137.4890859,0.6287821738,-0.1178710128,0.3600468388,0.9496737777,-0.3131701632,0.002258185838,0.006250238189
17.35488248,137.5140169,0.6288695705,-0.1185238305,0.360049042,0.9495083386,-0.3136706753,0.003472414944,0.005706555911
17.37991214,137.5390465,0.6289592953,-0.1191130722,0.3600522215,0.949357402,-0.3141211654,0.004631380561,0.005192977471
17.39993358,137.559068,0.6290043008,-0.1196441236,0.3600547218,0.9492206847,-0.3145264958,0.005473159615,0.004818695027
17.4248631,137.5839975,0.6290171532,-0.1202521615,0.3600572909,0.9490642665,-0.3149892391,0.006218601181,0.00448624109
17.44487882,137.6040132,0.6289440152,-0.1208091874,0.3600530484,0.9489235506,-0.3154100135,0.006429397946,0.004391063084
17.46983647,137.6289709,0.6288187822,-0.1213727835,0.3600476255,0.9487830953,-0.3158331138,0.006398747602,0.00437474512
17.49476504,137.6538994,0.6287095457,-0.1219037081,0.3600532376,0.9486499256,-0.3162333569,0.006392851018,0.004349030465
17.51488519,137.6740196,0.6286387172,-0.1222480599,0.3600632064,0.9485633204,-0.3164935058,0.006391786445,0.004316607778
17.53989792,137.6990323,0.628552303,-0.122688623,0.3600695733,0.9484526437,-0.3168252224,0.006392767881,0.00430041887
17.56491017,137.7240446,0.6284700458,-0.1231102434,0.3600793044,0.9483462389,-0.3171437881,0.006396706296,0.004279122246
17.58494759,137.744082,0.6284045607,-0.1234464282,0.3600832903,0.948261081,-0.3173983381,0.006398664121,0.004274848444
17.60495782,137.7640922,0.6283335797,-0.1238070345,0.3600836347,0.9481703882,-0.3176691446,0.006398275065,0.004276864563
17.6299336,137.789068,0.6282482422,-0.1242397037,0.3600873655,0.9480610296,-0.3179954653,0.006398771678,0.004268961483
17.65494657,137.814081,0.6281686855,-0.1246406571,0.36008782,0.9479596314,-0.3182976222,0.006397333464,0.004270253583
17.67987609,137.8390105,0.6280866363,-0.1250502294,0.3600873895,0.9478558979,-0.3186064112,0.006394719906,0.004273076055
17.6999228,137.8590572,0.6280161813,-0.1254033317,0.3600885013,0.9477663603,-0.318872692,0.006394075395,0.004271809231
17.71992993,137.8790643,0.627946973,-0.1257497039,0.3600887422,0.94767849,-0.3191337627,0.006393193008,0.004271785063
17.73993731,137.8990717,0.6278769467,-0.1260988133,0.3600887976,0.9475898858,-0.3193967509,0.006392161111,0.004273655738
17.76488996,137.9240243,0.627788701,-0.1265374714,0.3600913847,0.9474782116,-0.3197279244,0.006392050963,0.004270205149
17.78492045,137.9440548,0.6277215673,-0.1268699959,0.3600925722,0.9473934618,-0.3199789972,0.006391326063,0.004268596668
17.80994487,137.9690793,0.6276341515,-0.1273018568,0.3600924675,0.9472834564,-0.3203045116,0.006389942848,0.004271029614
17.83493447,137.9940689,0.6275418314,-0.1277560192,0.3600952855,0.9471675505,-0.3206471535,0.006389777331,0.004266736816
17.85494828,138.0140827,0.6274694085,-0.1281112651,0.3600969443,0.9470768169,-0.3209150906,0.006389271645,0.004264348391
17.87495708,138.0340915,0.6273934278,-0.1284831456,0.3600968286,0.9469819315,-0.3211949531,0.006388441917,0.004267476851
17.89992976,138.0590641,0.6272902167,-0.1289859919,0.3600977261,0.946853351,-0.3215738051,0.006387313285,0.004268708179
17.91993189,138.0790663,0.6272102156,-0.129374249,0.3600983355,0.9467538839,-0.3218665435,0.006386084477,0.004269585613
17.94492126,138.1040556,0.6271101945,-0.1298580795,0.3600983968,0.9466298983,-0.3222309921,0.006384722876,0.00427302084
17.96495199,138.1240864,0.6270253793,-0.1302667096,0.3600998716,0.9465249342,-0.3225392172,0.006383823681,0.004271891041
17.98996377,138.1490982,0.6269220495,-0.1307641883,0.3601003869,0.9463977422,-0.3229121683,0.006383596605,0.004277238702
18.01495838,138.1740928,0.6268102108,-0.1313012464,0.3601005628,0.9462617891,-0.3233101263,0.006386082281,0.004290308166
18.03992295,138.1990573,0.6266974993,-0.1318401611,0.3601026976,0.9461245708,-0.3237113203,0.006388625061,0.004296878011
18.05992842,138.2190628,0.6266067772,-0.1322736726,0.360102361,0.946015423,-0.3240298947,0.006392090142,0.004311381796
18.07993793,138.2390723,0.6265079608,-0.1327448521,0.360102684,0.9458974425,-0.3243737875,0.006397877552,0.004329127209
18.10493946,138.2640738,0.6263918997,-0.1332977047,0.3601047141,0.9457589484,-0.3247769437,0.006405768994,0.004349075591
18.12993121,138.2890656,0.6262622888,-0.1339090318,0.3601043337,0.9456054593,-0.3252231085,0.006412117213,0.004373759348
18.14994073,138.3090751,0.6261590865,-0.1343923576,0.3601058581,0.9454815377,-0.325583078,0.006414067343,0.004379608344
18.17492771,138.3340621,0.6260282325,-0.13500469,0.3601062375,0.9453255573,-0.326035386,0.006418179853,0.004395993545
18.19494963,138.354084,0.6259169825,-0.1355219771,0.3601062186,0.9451935393,-0.3264176639,0.006421267006,0.004410144935
18.21993375,138.3790681,0.6257788374,-0.1361631413,0.3601069712,0.9450306386,-0.3268885672,0.006427489222,0.004432165781
18.2399509,138.3990853,0.6256578117,-0.1367203139,0.3601063478,0.9448882179,-0.3272997432,0.006430313128,0.004448018508
18.26492023,138.4240546,0.6255162947,-0.1373700076,0.3601062078,0.9447215801,-0.3277801055,0.006434129804,0.004465478139
18.28989673,138.4490311,0.6253667893,-0.1380523194,0.3601065264,0.9445458572,-0.32828584,0.006437555798,0.004482039749
18.30990815,138.4690425,0.6252515421,-0.1385749843,0.3601066716,0.944410372,-0.3286752316,0.006438952594,0.004492349453
18.3349123,138.4940467,0.6250989656,-0.1392634938,0.3601071285,0.9442313216,-0.3291890815,0.006440236442,0.004503698676
18.35990739,138.5190418,0.6249522568,-0.1399234048,0.3601066901,0.9440608474,-0.3296773571,0.006443360968,0.004521027179
18.37991786,138.5390522,0.6248308018,-0.1404679265,0.3601068389,0.9439203214,-0.3300791994,0.006447083565,0.004536964276
18.40489006,138.5640244,0.6246883756,-0.1411043486,0.3601072143,0.9437564779,-0.3305469612,0.006452697259,0.004558465606
18.42490053,138.5840349,0.6245643752,-0.1416535983,0.3601076458,0.9436134638,-0.3309548247,0.006454618213,0.004568686224
18.4449029,138.6040373,0.6244577855,-0.1421258124,0.3601086489,0.9434905276,-0.3313049478,0.006457576822,0.004577719957
18.46993041,138.6290648,0.624308545,-0.1427830311,0.3601089304,0.9433194223,-0.3317915209,0.006461272697,0.004594133607
18.49491858,138.654053,0.624178204,-0.1433544359,0.3601092715,0.9431702621,-0.3322150408,0.00646422028,0.004608390524
18.51989079,138.6790252,0.6240317969,-0.1439938943,0.3601098119,0.9430050054,-0.3326834366,0.006469979352,0.004629266698
18.53990245,138.6990368,0.6239334181,-0.1444235898,0.3601118324,0.9428939299,-0.3329978435,0.006475568451,0.004641134823
18.55990267,138.7190371,0.6238285481,-0.1448810063,0.3601115402,0.9427774639,-0.3333269324,0.006483211985,0.004666650823
18.57991123,138.7390456,0.6237211729,-0.145345047,0.3601119171,0.9426574391,-0.3336658897,0.006488092925,0.004683085553
18.60490966,138.764044,0.6235993879,-0.1458720965,0.3601127612,0.9425213569,-0.3340496321,0.00649543414,0.004705784528
18.62493896,138.7840734,0.6234954988,-0.1463190708,0.3601132586,0.9424058225,-0.3343750664,0.006501238231,0.004723821204
18.64991784,138.8090522,0.6233874,-0.1467837147,0.3601151668,0.9422857477,-0.3347129115,0.00650846218,0.00474094196
18.67490911,138.8340435,0.6232699949,-0.1472861426,0.3601148778,0.942156878,-0.3350749438,0.006516318489,0.004768318151
18.69493318,138.8540676,0.6231801422,-0.1476674671,0.3601159227,0.9420570498,-0.3353553036,0.006519642017,0.004778022153
18.71493983,138.8740742,0.6230941093,-0.1480353461,0.3601166247,0.9419623665,-0.3356207554,0.006526382409,0.004797387485
18.73995304,138.8990874,0.6229857159,-0.148496003,0.3601164399,0.9418447187,-0.3359501795,0.006535319754,0.004826216572
18.76493931,138.9240737,0.6228878564,-0.1489104545,0.3601166012,0.9417377621,-0.3362494362,0.006542031168,0.004848285145
18.78993106,138.9490654,0.6227911473,-0.1493195352,0.3601164464,0.9416330699,-0.3365419782,0.006550333361,0.00487357762
18.81493402,138.9740684,0.6227029096,-0.1496919503,0.360116818,0.9415377309,-0.3368081193,0.006558183407,0.004897163611
18.83986282,138.9989972,0.6226151269,-0.1500615475,0.3601166673,0.9414433436,-0.3370713435,0.006566023458,0.004922146648
18.85993028,139.0190647,0.6225464127,-0.1503506135,0.3601166708,0.9413700921,-0.3372754043,0.006573271466,0.004944032667
18.88492513,139.0440595,0.6224621229,-0.1507044059,0.3601169277,0.9412795416,-0.3375275329,0.006581314197,0.004967435733
18.90493441,139.0640688,0.6223977004,-0.1509738457,0.360116962,0.9412105443,-0.3377195084,0.006587053971,0.00498554806
18.92994475,139.0890791,0.6223191525,-0.151301591,0.3601169712,0.9411264912,-0.3379532063,0.006594032775,0.005007652712
18.9549098,139.1140442,0.6222399182,-0.1516316716,0.3601168285,0.9410421553,-0.3381874783,0.006601322808,0.005031297098
18.97494602,139.1340804,0.622173798,-0.1519067361,0.3601169189,0.9409720408,-0.3383820851,0.006608045158,0.005051392405
18.99992347,139.1590579,0.6220894639,-0.1522577595,0.3601176003,0.9408811017,-0.3386344135,0.006615197145,0.005072040294
19.02484441,139.1839788,0.6220052455,-0.1526051501,0.3601173242,0.9407912985,-0.3388833814,0.006621151315,0.005093807479
19.04493713,139.2040715,0.6219406947,-0.1528696731,0.3601172524,0.9407217611,-0.3390761369,0.006623965656,0.005105361885
19.06992316,139.2290576,0.6218681844,-0.1531658927,0.3601175042,0.9406425493,-0.3392956731,0.006625525614,0.005113029657
19.09488773,139.2540221,0.6217976231,-0.1534534776,0.3601175097,0.9405654394,-0.3395092368,0.006626793548,0.005120337897
19.11492825,139.2740626,0.6217408697,-0.1536850085,0.3601174813,0.9405042542,-0.3396784974,0.006629199331,0.005130299535
19.13993907,139.2990735,0.6216689045,-0.1539786159,0.3601177365,0.9404269595,-0.3398921543,0.006633120755,0.005143824941
19.16487312,139.3240075,0.6216019157,-0.1542514715,0.3601179228,0.9403552465,-0.3400902324,0.006636978761,0.005157006548
19.18490791,139.3440423,0.6215543458,-0.1544481205,0.3601188823,0.9403033325,-0.3402335368,0.006640716911,0.00516567604
19.20985532,139.3689897,0.6214981256,-0.1546796316,0.360119729,0.9402421457,-0.3404023522,0.006644832781,0.005176137444
19.22991657,139.389051,0.621447915,-0.1548832504,0.3601197658,0.9401885918,-0.3405500311,0.006647642428,0.005186237129
19.24992108,139.4090555,0.621395695,-0.1550942189,0.3601201423,0.9401324758,-0.3407047496,0.006649855102,0.005194325614
19.26992655,139.4290609,0.6213444761,-0.155301161,0.3601204118,0.9400769796,-0.3408577081,0.006651630939,0.005201068454
19.2948854,139.4540198,0.6212843961,-0.1555426171,0.3601201369,0.9400121735,-0.3410362251,0.006653084288,0.005209930004
19.31492066,139.4740551,0.6212297399,-0.1557619798,0.3601202793,0.9399532252,-0.3411985359,0.006654446496,0.005216500025
19.3398931,139.4990275,0.6211533807,-0.1560692532,0.3601210146,0.9398698478,-0.3414280239,0.00665589833,0.005222332191
19.36482859,139.523963,0.6210705226,-0.1563998095,0.360120921,0.9397797183,-0.3416759368,0.006656003671,0.005228082136
19.38484955,139.5439839,0.6210052017,-0.1566604247,0.3601213059,0.9397084609,-0.3418717998,0.006656335136,0.00523203271
19.40489054,139.5640249,0.6209402081,-0.1569193997,0.3601215405,0.939637769,-0.3420659826,0.006656719154,0.005235912981
19.4298296,139.588964,0.6208568615,-0.1572502495,0.3601218633,0.939547036,-0.3423150704,0.006656550797,0.005239282845
19.44984102,139.6089754,0.6207895896,-0.1575192836,0.3601229273,0.9394729994,-0.3425181626,0.006657184116,0.005241534077
19.4698987,139.6290331,0.6207263987,-0.1577710626,0.3601235293,0.9394035841,-0.342708459,0.006657397298,0.005243792331
19.48990631,139.6490407,0.6206648777,-0.1580134505,0.360123573,0.9393367867,-0.3428914664,0.006657096475,0.005246570955
19.51489186,139.6740263,0.6205934367,-0.1583060455,0.3601273761,0.9392559955,-0.343112585,0.006661747906,0.005248820545
19.53987908,139.6990135,0.6205253295,-0.1585959781,0.3601334304,0.9391753564,-0.3433330729,0.006669836734,0.005250160645
19.56489325,139.7240276,0.6204518593,-0.1588863929,0.3601342007,0.9390946067,-0.3435538278,0.006670248676,0.005253090998
19.58491397,139.7440484,0.6203947786,-0.159120633,0.3601374509,0.9390294273,-0.3437318198,0.006674496256,0.005255645738
19.60492468,139.7640591,0.6203325622,-0.1593785046,0.3601423453,0.9389578777,-0.3439270742,0.00668053473,0.005257571614
19.6298902,139.7890246,0.6202483876,-0.1597282806,0.3601485641,0.9388605979,-0.344192368,0.006688442888,0.005258922036
19.65484118,139.8139756,0.6201631192,-0.1600765427,0.3601531985,0.9387633794,-0.3444573092,0.006693913553,0.005260341199
19.67490411,139.8340385,0.6200964129,-0.1603416848,0.3601552802,0.9386890687,-0.3446596996,0.006695755667,0.005262187854
19.69491601,139.8540504,0.620030823,-0.1606068666,0.3601594029,0.9386150741,-0.3448610471,0.00670029575,0.005263729437
19.71990061,139.879035,0.6199463529,-0.1609510704,0.3601648425,0.9385188111,-0.3451227807,0.006706830747,0.005265536296
19.73991227,139.8990467,0.6198811758,-0.1612219687,0.3601700793,0.9384426262,-0.3453297275,0.006713804872,0.005267022499
19.76491976,139.9240541,0.6197938297,-0.161579199,0.3601758543,0.938342038,-0.3456027682,0.006721369956,0.005269674226
19.78992152,139.9490559,0.6196973575,-0.161960347,0.3601796303,0.9382352916,-0.3458923481,0.00672502693,0.00527211474
19.80992937,139.9690638,0.6196106652,-0.1623047489,0.3601832231,0.9381390398,-0.3461532134,0.006728904179,0.005274157304
19.83493376,139.9940681,0.6195020349,-0.1627362058,0.3601877068,0.93801807,-0.3464807482,0.006734177419,0.00527658687
19.85991955,140.0190539,0.6193864696,-0.1631840451,0.360190254,0.9378923789,-0.3468207512,0.00673626345,0.005279678758
19.88493896,140.0440733,0.6192671186,-0.1636511987,0.3601950501,0.937761277,-0.3471749366,0.006741086971,0.005282854014
19.90993261,140.069067,0.6191497727,-0.1641286905,0.3602039046,0.937627044,-0.347537033,0.006752851179,0.005285457821
19.93493152,140.0940659,0.6190175792,-0.1646350746,0.3602060789,0.9374846198,-0.3479209789,0.006754257203,0.005287728424
19.95988369,140.1190181,0.618896197,-0.1651102012,0.3602113787,0.9373506943,-0.3482814746,0.006760227886,0.005290532226
19.97989511,140.1390295,0.6187938899,-0.1655121686,0.3602157686,0.9372372922,-0.3485863574,0.006765948328,0.005294474487
20.00492811,140.1640625,0.6186570292,-0.1660300184,0.3602180762,0.9370911846,-0.3489788918,0.006766899095,0.005296587179
20.02990723,140.1890416,0.6185336314,-0.1664993583,0.3602199434,0.9369585784,-0.3493346909,0.006768528591,0.005299356363
20.04991531,140.2090497,0.618429893,-0.1668869677,0.3602209475,0.9368490637,-0.3496282552,0.006768320493,0.005301390171
20.06992626,140.2290606,0.6183328604,-0.1672606591,0.360225661,0.9367431319,-0.3499118677,0.006773343971,0.005302025805
20.09490252,140.2540369,0.6182254786,-0.167695064,0.3602356755,0.9366197752,-0.3502416363,0.006786924244,0.005303822512
20.11493444,140.2740688,0.6181326005,-0.1680474086,0.3602385258,0.93651986,-0.3505086293,0.006789996112,0.005305531416
20.13495946,140.2940938,0.6180411669,-0.1683945326,0.3602419468,0.9364212017,-0.3507720388,0.006793467048,0.005306474478
20.15496612,140.3141005,0.6179583844,-0.1687276805,0.360249828,0.9363263531,-0.3510249099,0.006804531804,0.005307676156
20.17984152,140.3389759,0.6178547543,-0.1691440862,0.3602602765,0.9362075903,-0.3513412335,0.006818894375,0.005309248695
20.19991231,140.3590467,0.617772544,-0.169469489,0.3602679183,0.9361144073,-0.3515892405,0.006828532958,0.005309754341
20.21993732,140.3790717,0.6176869881,-0.1697956472,0.3602720373,0.9360210954,-0.3518374796,0.006833138732,0.005310842757
20.24489737,140.4040318,0.6175865142,-0.1701686447,0.360273989,0.9359144078,-0.3521211162,0.006834733093,0.0053129296
20.26991224,140.4290466,0.6174974474,-0.1704939454,0.3602749113,0.9358208335,-0.3523697089,0.006834491293,0.005314660567
20.29488468,140.4540191,0.6174137399,-0.170797302,0.3602753638,0.9357337929,-0.3526007759,0.006833661457,0.005316275968
20.31489682,140.4740312,0.6173467939,-0.171040313,0.360275571,0.935664224,-0.352785333,0.006833056477,0.005317711031
20.3399086,140.499043,0.6172735599,-0.1713089683,0.3602766422,0.9355872687,-0.3529893289,0.006833758397,0.005319396978
20.3599124,140.5190468,0.6172234302,-0.1715025024,0.3602805787,0.9355313551,-0.3531373756,0.006838930599,0.005320400759
20.38489556,140.54403,0.617164592,-0.1717394536,0.3602888211,0.9354626735,-0.3533190624,0.006849462668,0.005320855125
20.40991354,140.5690479,0.6170951688,-0.1720045203,0.3602932591,0.9353859955,-0.353521899,0.006854620718,0.00532171173
20.43489599,140.5940304,0.6170204675,-0.1722723924,0.3602925088,0.9353088137,-0.3537260505,0.006852895643,0.005323727649
20.45988417,140.6190186,0.6169463239,-0.1725379473,0.3602930428,0.9352321132,-0.353928779,0.006851855245,0.005325975488
20.48492336,140.6440578,0.6168699215,-0.172812256,0.3602934604,0.9351530097,-0.3541376988,0.006851478634,0.00532878096
20.50988579,140.6690202,0.6167886914,-0.1731070745,0.3602944889,0.9350683323,-0.3543611702,0.006852351792,0.00533107162
20.534899,140.6940334,0.6167154437,-0.1733878415,0.3603001799,0.9349873973,-0.3545744949,0.006860036731,0.005332381322
20.55491924,140.7140536,0.6166653263,-0.1735915955,0.3603076469,0.9349282398,-0.3547302382,0.00687035986,0.005333174568
20.57989264,140.739027,0.6166079141,-0.1738358134,0.3603188278,0.9348570698,-0.3549174048,0.006886539406,0.005335767078
20.60490775,140.7640421,0.6165541664,-0.1740835703,0.3603339186,0.9347851045,-0.3551064193,0.006909552845,0.005338296738
20.62988567,140.7890201,0.6165069981,-0.1743289528,0.3603575967,0.9347132209,-0.3552949856,0.006942951817,0.005335093426
20.65488362,140.814018,0.616470559,-0.1745413711,0.3603826601,0.9346506029,-0.3554590418,0.006978163277,0.005331536102
20.67489982,140.8340342,0.6164482313,-0.1746895685,0.3604029933,0.9346064555,-0.355574575,0.007007291267,0.005328498225
20.69491124,140.8540456,0.6164371271,-0.1748147987,0.3604285161,0.9345691025,-0.355672071,0.007044194393,0.005324463847
20.7199235,140.8790579,0.6164428693,-0.1749372952,0.3604715214,0.9345317375,-0.3557691052,0.007106885786,0.005316716858
20.74492478,140.9040592,0.616456944,-0.1750423282,0.3605179715,0.9344990869,-0.3558536547,0.007173522578,0.005307888159
20.76989555,140.9290299,0.6164611496,-0.1751238669,0.3605461926,0.9344741109,-0.3559184849,0.007214394002,0.005302888783
20.79490089,140.9540353,0.6164646085,-0.1752029986,0.3605740023,0.9344499779,-0.355981106,0.007254083844,0.005298036346
20.81490278,140.9740372,0.6164703326,-0.1752697786,0.3606009934,0.9344294428,-0.3560342995,0.00729251024,0.005292763121
20.83991957,140.999054,0.616477281,-0.1753594573,0.3606346942,0.9344018654,-0.3561057602,0.007341214402,0.005286585993
20.86489105,141.0240254,0.6164836775,-0.175437469,0.3606645264,0.9343779934,-0.3561675741,0.007384135867,0.005281969218
20.88985205,141.0489864,0.6164883203,-0.1755194456,0.3606947178,0.9343528786,-0.3562326419,0.00742701111,0.005276603744
20.90986681,141.0690012,0.6164892592,-0.1755873316,0.3607171217,0.9343322258,-0.356286204,0.007458541414,0.00527284193
20.92988873,141.0890231,0.6164871033,-0.1756650651,0.3607388322,0.9343087281,-0.3563472297,0.007489061924,0.005269380214
20.95487595,141.1140103,0.6164812554,-0.1757586095,0.3607596623,0.9342807304,-0.3564200443,0.007519360112,0.00526573177
20.97490263,141.134037,0.6164659042,-0.1758304158,0.3607650404,0.9342597403,-0.3564749093,0.00752687959,0.005265238474
20.9999001,141.1590345,0.6164500922,-0.1759443258,0.36078688,0.9342260198,-0.3565626946,0.007555588377,0.005263251489
21.01991773,141.1790521,0.6164460043,-0.1760435068,0.3608144697,0.9341961757,-0.3566401175,0.007593944394,0.005259646868
21.04481745,141.2039518,0.6164398809,-0.1761491623,0.3608376884,0.9341645969,-0.3567221248,0.007628895104,0.005256570832
21.0649159,141.2240503,0.6164330836,-0.1762163713,0.3608509112,0.934144658,-0.3567739499,0.00764775155,0.005255331804
21.0898757,141.2490101,0.6164245822,-0.1762950506,0.3608668812,0.9341212455,-0.3568347946,0.007669975716,0.005253529223
21.10988736,141.2690217,0.6164210671,-0.1763536927,0.3608809285,0.9341038352,-0.3568799419,0.007690434122,0.00525255802
21.13491178,141.2940462,0.6164352268,-0.1764141941,0.3609137812,0.9340843045,-0.3569300686,0.007738738945,0.005248830279
21.15987492,141.3190093,0.6164590871,-0.1764351187,0.3609453789,0.9340761149,-0.3569505944,0.007784440676,0.005242825171
21.17990303,141.3390374,0.6164640005,-0.1764376512,0.3609522981,0.9340750031,-0.3569533288,0.007793800407,0.005240834454
21.20489955,141.3640339,0.6164646958,-0.1764384086,0.3609551602,0.9340746978,-0.3569540595,0.0077967831,0.005241034792
21.22491956,141.3840539,0.6164697758,-0.1764422087,0.3609623133,0.9340733162,-0.3569574707,0.007806897699,0.005239882889
21.24989843,141.4090328,0.6164811209,-0.176450873,0.3609753669,0.9340701317,-0.3569653999,0.007827122324,0.005237213665
21.27492309,141.4340575,0.6164903845,-0.1764581286,0.3609878534,0.9340678536,-0.3569709789,0.007845205527,0.005236199816
21.29982352,141.4589579,0.6165049812,-0.1764697587,0.3610119453,0.9340644139,-0.3569792708,0.007877589915,0.005235888844
21.31984448,141.4789789,0.6165241322,-0.1764849287,0.3610383745,0.9340598773,-0.3569903022,0.007916160611,0.005234905122
21.33988643,141.4990208,0.6165402152,-0.1765065439,0.3610561688,0.934066694,-0.3569706725,0.007964085495,0.005284259162
21.35989332,141.5190277,0.6165461274,-0.176547948,0.3610633361,0.9341103331,-0.3568511237,0.008057055716,0.005499533065
21.38489056,141.5440249,0.6165577224,-0.1766619858,0.3610833803,0.9342375309,-0.3565017271,0.008320656198,0.006125448882
21.40990829,141.5690427,0.6165808573,-0.1768435779,0.3611145218,0.9344269452,-0.355977577,0.008727313388,0.007076915546
21.42991471,141.5890491,0.6165891544,-0.1770219309,0.3611223593,0.9346275184,-0.3554196429,0.009117515241,0.00807156684
21.45489359,141.614028,0.6165923363,-0.1772779632,0.3611282982,0.9349269287,-0.3545792814,0.009686733899,0.009557113771
21.47988892,141.6390233,0.6166063575,-0.177579467,0.3611529988,0.9352645808,-0.3536182775,0.0103632694,0.0112641222
21.49990606,141.6590405,0.6166228323,-0.1778529645,0.3611772175,0.9355583604,-0.3527704122,0.01096760859,0.01277897054
21.52487779,141.6840122,0.6166432658,-0.1782194195,0.3612078483,0.9359506069,-0.3516219351,0.011779507,0.01482293613
21.5448854,141.7040198,0.6166602074,-0.1785056791,0.3612321931,0.9362638846,-0.3506914285,0.0124309445,0.01646001065
21.569875,141.7290094,0.6166676357,-0.1788140871,0.3612468172,0.936620914,-0.3496183412,0.01314281369,0.01831790044
21.58989835,141.7490327,0.6166736169,-0.179036687,0.3612600001,0.9368646373,-0.3488748035,0.01364321544,0.01961850021
21.61488914,141.7740235,0.616682997,-0.1792934907,0.361276483,0.9371342391,-0.3480414318,0.01421082523,0.02108629979
21.63490176,141.7940361,0.616688865,-0.1794874217,0.3612852504,0.9373356006,-0.3474121559,0.01463415159,0.02219475965
21.65987372,141.8190081,0.6166889753,-0.1797241662,0.3612923074,0.9375645274,-0.3466881874,0.01512015979,0.02348272728
21.67992687,141.8390613,0.6166844862,-0.1799176834,0.3613025169,0.9377237058,-0.3461767313,0.01547870257,0.0244199099
21.70489621,141.8640306,0.616685227,-0.1801447354,0.3613218803,0.9378982332,-0.3456088194,0.01589431499,0.02547192087
21.72983694,141.8889713,0.6166936226,-0.1803305438,0.3613380767,0.9380560151,-0.3450930298,0.01626462408,0.02640407621
21.74992156,141.9090559,0.6166971795,-0.1804447337,0.3613463013,0.9381687929,-0.3447243535,0.01651313158,0.02705092462
21.7699306,141.929065,0.6166968402,-0.1805432484,0.361351657,0.9382562396,-0.3444359808,0.01670900861,0.02756615781
21.79490495,141.9540393,0.6166883302,-0.1806563732,0.3613513345,0.9383217891,-0.3442142815,0.01687081093,0.02800221966
21.81491804,141.9740524,0.6166832477,-0.1807258911,0.3613493339,0.9383473919,-0.3441242458,0.01694704728,0.02820413283
21.8398912,141.9990256,0.6166738405,-0.1807898806,0.3613449935,0.9383571308,-0.3440854313,0.01699035609,0.02832735065
21.8599,142.0190344,0.6166571819,-0.1808462964,0.361338029,0.9383478256,-0.3441084067,0.01699224803,0.02835535516
21.87991762,142.039052,0.6166402037,-0.1809103567,0.3613340121,0.9383343609,-0.3441433783,0.01699537496,0.0283746292
21.90482235,142.0639567,0.6166226963,-0.1809866396,0.3613276349,0.9383187036,-0.3441838252,0.01700077276,0.02839856942
21.92970705,142.0888414,0.6166048555,-0.1810509921,0.3613089661,0.9383061216,-0.3442169145,0.01699235414,0.0284182665
21.9497261,142.1088605,0.6165838733,-0.1811193783,0.3612925961,0.9382906811,-0.3442584734,0.01698117087,0.02843134004
21.97477007,142.1339045,0.6165538399,-0.1812343111,0.3612838801,0.9382649724,-0.3443261275,0.01698370534,0.02845897409
21.9948554,142.1539898,0.616533081,-0.181326825,0.3612883579,0.9382451404,-0.3443769891,0.01699940384,0.02848800076
22.01487875,142.1740131,0.6165134719,-0.1814011888,0.3612859922,0.9382289439,-0.3444192461,0.0170041148,0.02850775113
22.03489709,142.1940315,0.6164946564,-0.1814575283,0.3612693994,0.9382154325,-0.344456229,0.01698980044,0.02851412178
22.05987382,142.2190082,0.616478466,-0.1815111273,0.3612505828,0.9382026732,-0.3444912442,0.01697487045,0.02851982569
22.08486128,142.2439957,0.6164698608,-0.1815480166,0.3612446328,0.9381943258,-0.3445134817,0.01697387511,0.0285264013
22.10983419,142.2689686,0.6164631318,-0.1815684442,0.3612307005,0.9381895242,-0.3445270942,0.01696279683,0.02852650688
22.12992215,142.2890565,0.6164553435,-0.18159253,0.3612182814,0.9381835744,-0.3445437726,0.01695213439,0.02852708546
22.15487933,142.3140137,0.6164464632,-0.1816249404,0.3612142752,0.9381766554,-0.3445618885,0.01695042189,0.0285368437
22.17488718,142.3340216,0.6164450897,-0.1816308039,0.3612147601,0.9381759762,-0.3445633295,0.01695226256,0.02854068007
22.19974971,142.3588841,0.61644413,-0.1816256398,0.3612113682,0.9381777779,-0.3445588759,0.01694796989,0.02853777271
22.21979237,142.3789268,0.6164404605,-0.1816231311,0.361201634,0.9381789984,-0.3445560724,0.01693679452,0.02853813296
22.24474597,142.4038804,0.6164409054,-0.1816244423,0.361201983,0.9381782058,-0.3445580942,0.01693665193,0.02853986243
22.26479626,142.4239306,0.6164404795,-0.1816248018,0.3612021091,0.9381775886,-0.3445597864,0.01693395061,0.02854132471
22.28986382,142.4489982,0.6164364871,-0.1816358509,0.3611940122,0.938174575,-0.3445683893,0.01692530012,0.02854165728
22.30988812,142.4690225,0.616431274,-0.1816547522,0.3611858331,0.9381697676,-0.3445817067,0.01691911053,0.02854256912
22.33480835,142.4939427,0.6164311566,-0.1816766528,0.3611937848,0.9381635869,-0.3445978646,0.01693058252,0.02854384977
22.35481858,142.513953,0.6164272238,-0.1816977175,0.3611990143,0.9381565331,-0.3446167681,0.01693577386,0.02854438822
22.37486458,142.533999,0.6164166712,-0.1817269339,0.3611982164,0.9381465139,-0.3446441207,0.01693122018,0.02854614148
22.39985561,142.55899,0.6164077321,-0.1817541608,0.3611979471,0.9381374364,-0.3446688953,0.01692598124,0.02854845352
22.42472291,142.5838573,0.616414177,-0.1817586121,0.361205641,0.9381354963,-0.3446737883,0.0169391758,0.02854530795
22.44483137,142.6039658,0.6164232549,-0.1817542203,0.3612165199,0.9381361622,-0.3446721686,0.01695252977,0.0285350498
22.46492887,142.6240633,0.616425236,-0.1817513965,0.3612185414,0.9381357492,-0.344673599,0.01695339899,0.02853083359
22.48990822,142.6490426,0.6164204753,-0.1817671364,0.3612187667,0.9381302521,-0.3446884578,0.01695133106,0.0285333057
22.51481962,142.673954,0.616435555,-0.1817797174,0.3612392726,0.9381253628,-0.3447007001,0.01698130657,0.02852834129
22.53483176,142.6939662,0.6164475543,-0.181777913,0.3612522702,0.9381252245,-0.3447010922,0.01699961113,0.02851724634
22.55990458,142.719039,0.6164476198,-0.1817741776,0.3612525668,0.9381264203,-0.3446981104,0.01699805826,0.02851487676
22.58481669,142.7439511,0.6164603146,-0.1817621012,0.3612711292,0.938129757,-0.3446894574,0.01701831452,0.02849761432
22.60989308,142.7690275,0.6164857766,-0.1816981462,0.3612999538,0.9381477348,-0.3446445886,0.01704243088,0.02843397301
22.63483596,142.7939703,0.6164938016,-0.1816438766,0.3613084144,0.9381638692,-0.3446044688,0.0170380094,0.02839050755
22.6598711,142.8190055,0.616494135,-0.1816261378,0.3613144724,0.9381694399,-0.3445903015,0.01703317082,0.02838128276
22.6848712,142.8440056,0.6165080421,-0.1816086436,0.361342035,0.9381739477,-0.3445783702,0.01705968829,0.02836120018
22.70487142,142.8640058,0.616509217,-0.1815982387,0.3613413943,0.9381770962,-0.3445706821,0.01705695006,0.02835209984
22.72492313,142.8840575,0.6165033834,-0.1815955555,0.3613323486,0.9381782798,-0.3445679963,0.01704388687,0.02835343243
22.74981165,142.908946,0.6165078064,-0.1815989427,0.3613417912,0.9381773809,-0.3445697602,0.01705542535,0.02835480343
22.76983809,142.9289725,0.6165184959,-0.1816048032,0.3613563964,0.9381754957,-0.344573953,0.0170769795,0.02835325329
22.79488635,142.9540207,0.6165180034,-0.1816022936,0.361353525,0.9381762797,-0.3445721011,0.01707295352,0.02835224094
22.81491351,142.9740479,0.6165128462,-0.1815994755,0.3613471409,0.9381769793,-0.3445707443,0.01705408297,0.02835693857
22.83492494,142.9940593,0.6165150028,-0.1815915463,0.3613479336,0.9381795536,-0.3445643636,0.01705226385,0.02835039454
22.85982108,143.0189555,0.6165237788,-0.1815657323,0.3613573515,0.9381873795,-0.3445446587,0.01706148752,0.02832533826
22.88491917,143.0440536,0.6165278281,-0.1815533487,0.3613622159,0.9381909642,-0.3445357203,0.01706433955,0.02831360785
22.90983009,143.0689645,0.6165231767,-0.1815590537,0.3613555568,0.9381894641,-0.344539911,0.0170489005,0.02832162105
22.93494177,143.0940762,0.6165217531,-0.1815587178,0.3613358964,0.9381903519,-0.3445384976,0.01703123801,0.0283200333
22.95980954,143.1189439,0.6165241289,-0.1815518211,0.3613189213,0.9381931022,-0.3445324064,0.0170205102,0.02830947128
22.98492074,143.1440551,0.6165245083,-0.1815472529,0.3613184382,0.9381946376,-0.3445285888,0.01701915731,0.02830585968
23.00496125,143.1640956,0.6165257616,-0.1815428003,0.3613197624,0.9381958593,-0.3445255812,0.01701997292,0.02830148561
23.02982926,143.1889637,0.6165228997,-0.181538184,0.3613106007,0.9381976621,-0.3445213712,0.01700911952,0.02829949529
23.05478024,143.2139146,0.616509073,-0.1815568945,0.3612878586,0.9381933193,-0.3445339003,0.01698411381,0.02830595532
23.07974315,143.2388775,0.6164785374,-0.1816573072,0.3612840978,0.9381651794,-0.3446092283,0.01697944396,0.0283244498
23.10468912,143.2638235,0.6164172054,-0.1819105014,0.3612918277,0.9380944052,-0.3447992601,0.01699378168,0.02834728571
23.12483764,143.283972,0.6162963195,-0.1823314092,0.3612936374,0.9379768057,-0.3451183639,0.01698925635,0.02835828012
23.14484358,143.303978,0.6161402201,-0.1828575064,0.3612938029,0.9378293432,-0.3455189057,0.01697715583,0.02836520838
23.16488838,143.3240228,0.6159648082,-0.1834475863,0.3612953853,0.9376638161,-0.3459677688,0.01696530599,0.02837339059
23.18988323,143.3490176,0.6157485826,-0.184174695,0.36130746,0.937459413,-0.3465211184,0.01696045396,0.028377923
23.20991755,143.3690519,0.6156088072,-0.1846659532,0.3613252634,0.9373202953,-0.3468962608,0.01696953796,0.0283845551
23.23490071,143.3940351,0.6154360757,-0.1852149985,0.3613203343,0.9371655551,-0.3473154206,0.01694551959,0.02838257102
23.25990009,143.4190345,0.6153151702,-0.1855767049,0.3613099377,0.9370642914,-0.3475896145,0.01691915391,0.02838513724
23.28490019,143.4440346,0.6152210146,-0.1859024643,0.3613248612,0.9369720377,-0.3478379842,0.0169271119,0.02838327326
23.30492353,143.4640579,0.6151644715,-0.1861007912,0.3613466916,0.9369155184,-0.3479897756,0.01694169264,0.02837968563
23.32989669,143.4890311,0.6151048777,-0.1862906263,0.361344014,0.9368621026,-0.3481336362,0.01693373986,0.02838345576
23.35489941,143.5140338,0.6150768912,-0.1863704016,0.3613398902,0.9368401999,-0.3481925367,0.01692600057,0.02838851481
23.37983966,143.538974,0.6150528486,-0.1864767375,0.3613547826,0.9368123088,-0.3482653184,0.01694597553,0.02840422618
23.39985895,143.5589933,0.6150092267,-0.1866560561,0.3613692598,0.9367741228,-0.3483611125,0.01698147753,0.0284676585
23.41987872,143.5790131,0.6149240917,-0.1869374737,0.3613652691,0.936704388,-0.3485444467,0.01698649432,0.02851521065
23.44486833,143.6040027,0.6147947043,-0.1873472115,0.3613574033,0.9365975541,-0.3488278665,0.01697980073,0.02856269681
23.46988273,143.6290171,0.6146557389,-0.187811474,0.3613621542,0.9364778537,-0.34914332,0.01699276273,0.02862547178
23.49480367,143.6539381,0.6145033096,-0.1883228748,0.3613802308,0.9363447467,-0.3494935093,0.01701700559,0.02869187871
23.51488376,143.6740181,0.6143645581,-0.1887816388,0.3613784551,0.9362222116,-0.3498178492,0.0170195985,0.0287363208
23.5398674,143.6990018,0.6141707537,-0.1894110143,0.3613718134,0.9360487931,-0.3502773708,0.01701447472,0.02879110994
23.5647881,143.7239225,0.613935862,-0.1901817963,0.3613763711,0.9358326678,-0.3508486744,0.0170204521,0.02885705705
23.58489585,143.7440302,0.6137232316,-0.1908724155,0.3613797691,0.9356411134,-0.3513562498,0.01701813553,0.02889421598
23.60987759,143.769012,0.6134644844,-0.1916664481,0.361365017,0.9354162399,-0.3519547765,0.01698310615,0.02891137462
23.63487411,143.7940085,0.6132627391,-0.1922751648,0.3613504651,0.93524273,-0.3524162593,0.01695147654,0.02892168039
23.65985894,143.8189933,0.6131384393,-0.1926773269,0.3613531506,0.935129587,-0.352714933,0.01695070106,0.02893968178
23.67986059,143.838995,0.6130590164,-0.1929483184,0.3613599919,0.9350562879,-0.3529064414,0.01696188169,0.02896681936
23.70486093,143.8639953,0.6129704798,-0.1932439257,0.3613608909,0.9349777817,-0.3531108639,0.0169699993,0.02900490883
23.72488856,143.884023,0.6129184471,-0.1934117265,0.3613518445,0.9349345832,-0.3532234183,0.01696701067,0.02902864785
23.74490118,143.9040356,0.612901274,-0.1934719889,0.3613510387,0.9349239611,-0.3532485673,0.01697599691,0.02905945757
23.76986814,143.9290025,0.6129066974,-0.1934790998,0.3613615684,0.934926792,-0.3532382716,0.01699720315,0.02908113019
23.78987646,143.9490108,0.6129114691,-0.1934783571,0.3613638773,0.934926753,-0.3532382926,0.01700262232,0.02907896243
23.81488323,143.9740176,0.6129085779,-0.1934776796,0.3613193217,0.9349288588,-0.3532345649,0.01696660994,0.02907757238
23.83489442,143.9940288,0.6129104383,-0.1934769967,0.3612971108,0.9349317405,-0.3532274004,0.01695357239,0.02907955516
23.85991216,144.0190465,0.6129210377,-0.1934713113,0.3613120368,0.9349345894,-0.3532193276,0.01697313884,0.02907460459
23.87993217,144.0390666,0.6129244405,-0.1934550708,0.361309827,0.9349393662,-0.3532080802,0.01696840155,0.02906040163
23.9048419,144.0639763,0.6129168547,-0.1934400624,0.3612445024,0.9349457798,-0.3531951475,0.01690779132,0.02904656859
23.92488265,144.084017,0.6129222322,-0.1934218293,0.3612084447,0.9349524632,-0.3531807977,0.01687899947,0.02902266442
23.94967651,144.1088109,0.6129359492,-0.1934077875,0.3612034933,0.9349567585,-0.3531713322,0.01688073653,0.02899845952
23.96971345,144.1288478,0.6129392535,-0.1933985742,0.361178618,0.9349601225,-0.3531645419,0.01686089219,0.02898423734
23.98988438,144.1490188,0.6129417971,-0.1933828671,0.361122519,0.9349665464,-0.3531516245,0.01681482319,0.02896116172
24.01489377,144.1740282,0.612954245,-0.1933564651,0.3610816276,0.934976559,-0.3531293448,0.01678651962,0.02892598838
24.03988147,144.1990159,0.6129787271,-0.1933439523,0.361107035,0.9349797615,-0.3531213898,0.01682066446,0.02889973808
24.06489897,144.2240334,0.6130057888,-0.1933082873,0.3610941487,0.9349904081,-0.3530969079,0.01682059433,0.02885442856
24.08491182,144.2440462,0.613020189,-0.1932577574,0.361024552,0.9350077305,-0.3530575374,0.01676402493,0.02880775212
24.10992312,144.2690575,0.6130344108,-0.193227215,0.3609708764,0.9350191462,-0.3530325177,0.01672478678,0.02876663262
24.1348989,144.2940333,0.6130627193,-0.1932439168,0.3609924912,0.9350132813,-0.3530469881,0.01676519959,0.02875614868
24.15987968,144.3190141,0.6131456567,-0.1933074117,0.3610446893,0.9349896678,-0.3531064323,0.01687710441,0.02872859072
24.17989469,144.3390291,0.6133378325,-0.1934542529,0.3610597096,0.9349368592,-0.3532452729,0.01704823323,0.02863920758
24.2049005,144.3640349,0.6139940472,-0.1939025428,0.3609167384,0.9347774888,-0.3536771167,0.01746670151,0.02825699675
24.22490501,144.3840394,0.6148256686,-0.1944591418,0.360656691,0.9345803768,-0.3542143741,0.01793696688,0.02774818375
24.2498107,144.4089451,0.6162179787,-0.1952871365,0.3600978042,0.9342838565,-0.3550328142,0.01861403032,0.02681220345
24.26982665,144.428961,0.6176664762,-0.196010891,0.3594270988,0.9340172677,-0.355780621,0.01921567746,0.02574200939
24.29488611,144.4540205,0.619749165,-0.1969793191,0.3582403227,0.9336569566,-0.356805078,0.01990107802,0.02405765729
24.31972361,144.478858,0.6220618583,-0.198100724,0.3569646032,0.9332315555,-0.3579909268,0.02071141822,0.02219002568
24.33981609,144.4989505,0.6239647911,-0.1989238558,0.3558011953,0.9329061269,-0.3589051557,0.02121741738,0.02056863561
24.3598206,144.518955,0.6258838097,-0.1996943851,0.3547444668,0.9325837795,-0.3598162165,0.02143054413,0.01898727012
24.37982512,144.5389595,0.6276927132,-0.2004901147,0.3539434962,0.9322433518,-0.3607905576,0.02090925055,0.01775696522
24.39989352,144.5590279,0.6292731663,-0.2012227396,0.3533069055,0.9319212244,-0.3617405448,0.01949512872,0.01692778254
24.42487764,144.584012,0.631081079,-0.2021493933,0.3528616879,0.9315151696,-0.3629311486,0.01716620353,0.01630311563
24.44987869,144.6090131,0.6326535692,-0.2031807444,0.3525845694,0.9310857946,-0.364162534,0.01424439013,0.01618608208
24.47481298,144.6339474,0.6342508206,-0.2042906773,0.352857134,0.9306519673,-0.3653520731,0.01175867039,0.01632520122
24.49486303,144.6539974,0.6354709383,-0.2051040494,0.3531860356,0.9303422273,-0.3661880834,0.009863891349,0.0165024624
24.51488662,144.674021,0.6367114588,-0.2057954493,0.3535975398,0.9300663648,-0.366927389,0.008197976414,0.01654211206
24.53985691,144.6989913,0.6383068836,-0.2064460363,0.354204663,0.9297724006,-0.3677177453,0.006378850204,0.01631726618
24.55988121,144.7190156,0.6395533871,-0.2067685557,0.3547185724,0.9295619266,-0.3682930871,0.004975456083,0.01581364739
24.58486772,144.7440021,0.6411160514,-0.207002684,0.3554508858,0.9293318254,-0.3689306142,0.003544720798,0.0148322329
24.60986996,144.7690043,0.6425811167,-0.2071212924,0.3561020751,0.9291479539,-0.369444203,0.002203528638,0.01379148557
24.62987328,144.7890077,0.6437477129,-0.2071464086,0.356671496,0.9290250125,-0.3697903802,0.001382773045,0.01287201813
24.65486383,144.8139982,0.6451927725,-0.2070084843,0.3573988245,0.9289305325,-0.3700735907,0.0006910186342,0.01153801361
24.67488861,144.834023,0.6462473987,-0.2067753426,0.3578870328,0.9289020533,-0.3701780974,9.973200263e-05,0.01044708377
24.69986057,144.858995,0.6474941124,-0.2064518978,0.3585295111,0.9288830135,-0.3702611992,-0.0005458773248,0.009093601577
24.72486663,144.884001,0.6486903515,-0.2061287627,0.359169907,0.928868903,-0.3703268561,-0.0009933536486,0.007719706614
24.74981499,144.9089494,0.6498059541,-0.2058360034,0.3596991616,0.9288568864,-0.3703814431,-0.001308102606,0.006384358723
24.76984119,144.9289756,0.6506129093,-0.205635975,0.360049308,0.9288456619,-0.370424012,-0.001551803037,0.005420291318
24.79478192,144.9539163,0.6515698534,-0.2054847971,0.3605073765,0.928808066,-0.3705320216,-0.001676657301,0.004334323634
24.81974649,144.9788809,0.6524691089,-0.2054523364,0.3609595646,0.9287376977,-0.3707190078,-0.001597417902,0.003339815391
24.83986568,144.9990001,0.6531314494,-0.2055401753,0.3613122982,0.928650182,-0.3709442579,-0.001442930341,0.002667371359
24.86487889,145.0240133,0.6538904886,-0.2058302952,0.36169125,0.9284901598,-0.3713494022,-0.00123956609,0.002026872599
24.88986826,145.0490026,0.6545411808,-0.2062502288,0.3619329241,0.9282964379,-0.3718359928,-0.001101365219,0.001582621367
24.91487384,145.0740082,0.6551034979,-0.2066537421,0.3620722802,0.9281150129,-0.3722900881,-0.001032875997,0.001243481105
24.9398582,145.0989926,0.6555994986,-0.2070882031,0.3621529883,0.9279313627,-0.372748652,-0.000924284582,0.0009870703214
24.95987177,145.1190062,0.6559653571,-0.2074840341,0.3621912611,0.9277731137,-0.3731431055,-0.0007684986757,0.0008257214693
24.97987819,145.1390126,0.6563184383,-0.207885843,0.3622170229,0.9276149491,-0.3735368347,-0.0005528159036,0.0006585527313
25.00485754,145.1639919,0.6567247167,-0.2083566356,0.3621391812,0.9274291312,-0.3739984089,-0.0004296983482,0.0004605017554
25.02488232,145.1840167,0.6570232333,-0.2086914804,0.3620104766,0.9272957971,-0.3743290648,-0.0004068658708,0.0002973931388
25.04984212,145.2089765,0.6573805505,-0.2090468717,0.3618202295,0.9271506178,-0.3746886411,-0.0003875610143,6.786346664e-05
25.06988144,145.2290158,0.6576444323,-0.2092459852,0.3615703567,-0.9270649009,0.3749006701,0.0003694153142,0.000154024413
25.09490037,145.2540348,0.6579557859,-0.2093790507,0.3612617898,-0.9269961388,0.3750704418,0.0003433142905,0.0004523340017
25.11986017,145.2789946,0.6582292002,-0.2094342155,0.3608590359,-0.926954881,0.3751718009,0.0004310799881,0.0007632034621
25.14487386,145.3040082,0.6584794291,-0.2094211616,0.3604340788,-0.9269366497,0.3752158492,0.0005691684219,0.00109094719
25.16487718,145.3240116,0.658675878,-0.209346105,0.3600916868,-0.9269423089,0.375200701,0.0007032358694,0.001376747423
25.18987226,145.3490067,0.6589162444,-0.2091040857,0.359630894,-0.9269958326,0.3750665862,0.0009348250749,0.001705360999
25.21497416,145.3741086,0.6592784648,-0.2084954196,0.359148736,-0.9271524364,0.3746778075,0.001180929366,0.001872324309
25.23979568,145.3989301,0.6596932792,-0.2076421245,0.3586501926,-0.9273790746,0.3741150062,0.001497599193,0.001941970672
25.25985646,145.4189909,0.6601003384,-0.2067401838,0.3582833635,-0.9276203172,0.3735150131,0.00172295193,0.002028187825
25.27987289,145.4390073,0.6605663504,-0.2057706625,0.3579053259,-0.9278770109,0.3728754312,0.001925422263,0.002111439048
25.30489683,145.4640312,0.6612514937,-0.2043854156,0.3574522576,-0.9282394015,0.3719704184,0.002155311667,0.002230683197
25.32986403,145.4889984,0.6620043617,-0.2028207637,0.357112008,-0.9286450556,0.370955066,0.002291563129,0.002334198026
25.34986806,145.5090024,0.6626450758,-0.2014700846,0.3569246291,-0.9289922156,0.3700837845,0.002415052562,0.00237136873
25.37485194,145.5339863,0.663470341,-0.1998788385,0.3567996681,-0.9293965208,0.3690667196,0.002565821634,0.002297853069
25.39486647,145.5540009,0.6641487387,-0.1988258308,0.3568801164,-0.9296425386,0.3684467001,0.002640619112,0.002192448943
25.41487288,145.5740073,0.6648013815,-0.1979942258,0.3571092389,-0.9298178531,0.3680041731,0.002748045262,0.002033910972
25.43987179,145.5990062,0.6655810727,-0.1972446418,0.3575375035,-0.9299479878,0.3676749987,0.002930403853,0.001802261841
25.46481371,145.6239481,0.6663587036,-0.1966933618,0.3580848651,-0.9300038335,0.3675328893,0.003187308668,0.001511924787
25.4848516,145.643986,0.6669211259,-0.1963970795,0.3585726982,-0.9299959481,0.3675504954,0.003575695766,0.001176515213
25.50487566,145.66401,0.6674349557,-0.1962830351,0.3591610551,-0.9299201791,0.3677385497,0.004025514187,0.000783974066
25.52986741,145.6890018,0.6680143868,-0.196413309,0.359940863,-0.9297426103,0.368180982,0.004620022418,0.0003113463117
25.55485177,145.7139862,0.6685721758,-0.1967513422,0.3607332502,0.929528473,-0.3687146827,-0.005127348502,9.303295325e-05
25.57987428,145.7390087,0.6690626955,-0.1972242098,0.3614480822,0.9292806272,-0.3693301285,-0.005705028712,0.0004739863291
25.60485983,145.7639942,0.6695384225,-0.1977245785,0.362094667,0.929035466,-0.3699374213,-0.006226679206,0.0007971919458
25.62984419,145.7889786,0.6700318186,-0.1981982247,0.3626620491,0.9288055186,-0.3705067559,-0.006629218151,0.00105163979
25.64987469,145.8090091,0.6704216738,-0.1986075076,0.362973195,0.928617906,-0.3709708161,-0.006929944028,0.001189189506
25.66991544,145.8290498,0.6708255431,-0.1990674285,0.3632077043,0.9284169079,-0.3714692649,-0.007144861819,0.001257468247
25.69483757,145.853972,0.6713292608,-0.1996788374,0.3632661113,0.9281589786,-0.3721085252,-0.007389873098,0.001243235037
25.71978927,145.8789237,0.6718605831,-0.2002816087,0.3631058151,0.9279077132,-0.3727323766,-0.007525159881,0.001106014419
25.73979163,145.898926,0.6723042355,-0.2007386272,0.3628311418,0.9277169598,-0.3732067837,-0.007556998345,0.0009115301589
25.76470685,145.9238412,0.6728808985,-0.2012999093,0.3622639444,0.9274859764,-0.3737824122,-0.007494191727,0.0005556648127
25.78482533,145.9439597,0.6733579378,-0.2017703083,0.3616590935,0.9272973694,-0.3742516308,-0.007433414936,0.0002253570507
25.80985618,145.9689906,0.6739722489,-0.2024179939,0.3607393131,-0.9270425792,0.3748821908,0.00744006896,0.0002105014395
25.82985735,145.9889917,0.6744938557,-0.2029926153,0.3599904277,-0.9268206944,0.3754307025,0.007407447542,0.0005639178665
25.84989357,146.009028,0.6750165561,-0.2035957399,0.3592127529,-0.9265902484,0.3759989089,0.007382846574,0.0009085514396
25.87482595,146.0339603,0.675690429,-0.2043737185,0.3582337477,-0.9262904566,0.3767365252,0.007329768828,0.001362007488
25.89987969,146.0590141,0.6763860637,-0.2051173136,0.3572552339,-0.9259953893,0.3774603676,0.007269014734,0.001836146236
25.91988635,146.0790207,0.6769481944,-0.205708712,0.3565103558,-0.9257591125,0.3780391493,0.007183396731,0.002205891607
25.94483376,146.1039681,0.6776394705,-0.2064869797,0.3556868958,-0.9254525338,0.378789732,0.006997464516,0.00264236559
25.96988773,146.1290221,0.6783473721,-0.2072545612,0.3549927369,-0.9251462861,0.3795391023,0.006702992285,0.003080434952
25.9948256,146.15396,0.6790765644,-0.207903435,0.3544501385,-0.9248725001,0.3802088255,0.006312843748,0.003500787128
26.01987362,146.179008,0.6798422167,-0.2084112745,0.3540453954,-0.9246413063,0.380774782,0.005836696306,0.003866908033
26.0398767,146.1990111,0.680439576,-0.2087786443,0.3537964244,-0.9244691874,0.3811957093,0.005418322671,0.004146636561
26.05988002,146.2190144,0.681058503,-0.2090621166,0.3536644686,-0.9243195914,0.3815620109,0.004915141138,0.004423358766
26.0798862,146.2390206,0.6817030749,-0.209276228,0.3536141867,-0.9241874531,0.3818856105,0.00434953896,0.004691854769
26.09989929,146.2590337,0.682367274,-0.2094266176,0.3536577994,-0.9240735733,0.3821645989,0.00371415595,0.004945257809
26.11991715,146.2790515,0.6830387378,-0.2094757678,0.353769687,-0.9239879342,0.3823741158,0.003058111859,0.00519432308
26.13992524,146.2990596,0.6837360328,-0.2094330144,0.3538969747,-0.9239296044,0.382516706,0.002386290963,0.005418605046
26.16485405,146.3239884,0.6846028775,-0.2093229265,0.3541749433,-0.9238720336,0.3826563685,0.001486866925,0.005688443036
26.18983579,146.3489702,0.6854895483,-0.2090562969,0.3545268295,-0.9238596306,0.3826850694,0.0005757162506,0.005932042663
26.20986009,146.3689945,0.6861965023,-0.2087802393,0.3548249071,-0.9238692394,0.3826596357,-0.0001391442229,0.006100190193
26.23478222,146.3939166,0.6870895721,-0.2083449862,0.3552493498,-0.9239065578,0.3825647539,-0.001041491823,0.006308479127
26.25486779,146.4140022,0.6877825009,-0.2080261028,0.3556359987,-0.9239290201,0.3825056781,-0.001765674168,0.006438508693
26.27984571,146.4389801,0.6885994243,-0.207611983,0.3561119966,-0.9239644154,0.3824143146,-0.002501166593,0.006541811238
26.29985619,146.4589906,0.6892428352,-0.2072609448,0.3565128794,-0.9239964181,0.3823326437,-0.002982373553,0.006593516668
26.32486987,146.4840043,0.6900087757,-0.2067680885,0.3569954768,-0.9240528546,0.382193039,-0.003363435596,0.006594704204
26.34974742,146.5088818,0.690709245,-0.2062776451,0.3574662879,-0.9241124229,0.3820501985,-0.003451612546,0.006477805844
26.36977267,146.5289071,0.6912228585,-0.2059083069,0.3578324854,-0.9241553726,0.3819502929,-0.003322472818,0.006307321509
26.39477134,146.5539057,0.6918525361,-0.2054277821,0.3582610441,-0.9242134872,0.3818160071,-0.003030242973,0.006065017337
26.41487265,146.574007,0.6923595276,-0.2050349911,0.3585650846,-0.9242602282,0.3817083999,-0.002718691502,0.005859754054
26.43984079,146.5989752,0.692918237,-0.204556257,0.3588676181,-0.9243187359,0.3815764806,-0.001990716132,0.00550463271
26.4648478,146.6239822,0.6934255291,-0.2041322566,0.3590977185,-0.9243654546,0.3814731009,-0.001035020017,0.005070339788
26.48486519,146.6439996,0.6938382768,-0.2038240603,0.3592401922,-0.9243925639,0.3814131311,-0.0002631063505,0.004726730654
26.50987387,146.6690083,0.6943295722,-0.2034219101,0.3592506579,-0.9244337129,0.3813176247,0.0008418357203,0.004297781136
26.53485918,146.6939936,0.6947933053,-0.203148536,0.3592578616,-0.924456948,0.3812630959,0.001970817369,0.003730809563
26.55486584,146.7140002,0.6951502792,-0.2030290868,0.3591719828,-0.9244795556,0.3812081781,0.002870970594,0.003103826038
26.57488465,146.734019,0.6955240778,-0.2029503229,0.3590426815,-0.9245038626,0.3811472254,0.00367607432,0.002426323455
26.59984708,146.7589815,0.6959728134,-0.202943717,0.3588222085,-0.9245444008,0.3810439103,0.004610014007,0.001391839638
26.62481713,146.7839515,0.6964032217,-0.2030899034,0.3585283032,-0.924573689,0.3809640772,0.005462095826,0.0001726653543
26.64486408,146.8039985,0.6967398257,-0.2032985024,0.3581817968,0.9245860098,-0.3809234047,-0.006110884865,0.0008527551758
26.66486883,146.8240032,0.697087701,-0.2035264197,0.3577435395,0.9245978732,-0.3808810275,-0.006701998564,0.001870571992
26.68986225,146.8489966,0.69751668,-0.2039623857,0.3571335309,0.9245819222,-0.3809007513,-0.007275974528,0.003153872232
26.70986605,146.8690004,0.6978859589,-0.2043812149,0.3566393839,0.924548451,-0.3809683682,-0.007515980981,0.004095638652
26.73484802,146.8939824,0.6983940865,-0.2049373917,0.3559362839,0.9244973121,-0.3810771561,-0.007604578379,0.005204937841
26.7548542,146.9139886,0.6988249544,-0.2054030097,0.3553084927,0.9244583793,-0.3811603343,-0.007523492298,0.006074664345
26.77984428,146.9389787,0.6994218171,-0.2059958251,0.3545679622,0.9244067344,-0.3812773038,-0.007103468613,0.007024788959
26.80483699,146.9639714,0.7000527918,-0.2065505176,0.3538346617,0.924345473,-0.3814215725,-0.006534672169,0.007767155419
26.82485366,146.983988,0.7005788925,-0.2069180625,0.3532387284,0.9242940144,-0.3815432296,-0.006125755248,0.008234932806
26.84486866,147.004003,0.7011050852,-0.2072667203,0.3526343762,0.9242340788,-0.381685325,-0.005751309961,0.008637283674
26.86985278,147.0289872,0.7017563018,-0.2076371906,0.3519019939,0.9241549464,-0.3818747407,-0.005331178413,0.008994216667
26.8948679,147.0540023,0.7024383629,-0.2079396241,0.351252489,0.9240653463,-0.3820925525,-0.004890380782,0.009197892525
26.91986203,147.0789964,0.7031128078,-0.2082176668,0.3506697164,0.9239548601,-0.38236361,-0.004465739343,0.009248974621
26.9448545,147.1039889,0.7037750631,-0.2084675911,0.3501754674,0.9238149268,-0.382709843,-0.004068011833,0.009088910946
26.96486115,147.1239955,0.70429713,-0.2086506187,0.3497982952,0.9236856089,-0.3830307002,-0.003789043625,0.008832990756
26.98987174,147.1490061,0.7049370944,-0.2088567695,0.3494199659,0.9235265953,-0.3834256176,-0.003406396924,0.008474671989
27.01491165,147.174046,0.7055564723,-0.2089290888,0.349090678,0.9234117714,-0.3837120702,-0.003043759626,0.008153719145
27.03987575,147.1990101,0.7061754528,-0.2089504856,0.3488641116,0.9233123346,-0.3839605792,-0.002623988287,0.007856278852
27.06489325,147.2240276,0.7067652778,-0.2089377435,0.3486532352,0.9232270127,-0.3841739168,-0.002226673646,0.007571427757
27.08490205,147.2440364,0.7072372763,-0.2088620942,0.3485117428,0.9231797513,-0.3842932101,-0.001907795111,0.00736449005
27.10990644,147.2690408,0.7078047652,-0.2088149603,0.3483358364,0.9231094128,-0.3844687249,-0.001512061568,0.00710811611
27.13492846,147.2940629,0.7083828418,-0.2086797989,0.348160032,0.9230635837,-0.3845846741,-0.001130130961,0.006853592164
27.15980864,147.318943,0.7089616828,-0.2085598659,0.3479800047,0.9230122031,-0.3847134234,-0.000744923174,0.006595449978
27.17984486,147.3389792,0.7094369222,-0.2084129924,0.3478044491,0.9229846413,-0.3847835558,-0.000459083536,0.006384074626
27.204808,147.3639424,0.7100470995,-0.2082138699,0.3475883295,0.9229518868,-0.3848667188,-8.815792582e-05,0.006116831758
27.22485495,147.3839893,0.7105600362,-0.2080223562,0.3474315253,0.9229313186,-0.3849194219,0.0002345764956,0.005896166584
27.24983835,147.4089727,0.7112157579,-0.2077158083,0.3471751886,0.9229235606,-0.3849418028,0.000593862518,0.005617561905
27.26986265,147.428997,0.7117555339,-0.2074390556,0.3469376125,0.9229245508,-0.3849421204,0.000867581787,0.005393021371
27.29486585,147.4540002,0.7124547275,-0.207094102,0.3467299132,0.9229207955,-0.3849538422,0.001294249972,0.005105825006
27.31487775,147.4740121,0.7130306645,-0.2068093396,0.3465603045,0.9229172265,-0.3849641473,0.001647252358,0.004866713683
27.33981228,147.4989467,0.7137551378,-0.2064324436,0.3462668335,0.9229162064,-0.384968414,0.002033925199,0.00456720673
27.35983944,147.5189738,0.7143328792,-0.2061432303,0.3460242095,0.9229101369,-0.3849839857,0.002340945059,0.004327821723
27.37985396,147.5389884,0.7149106657,-0.2058920782,0.3457926969,0.9228921596,-0.3850275899,0.002666257884,0.004087525927
27.40482521,147.5639596,0.715621472,-0.2056680289,0.3454860619,0.9228399009,-0.3851529494,0.003077579432,0.003775097745
27.4298625,147.5889969,0.7163141464,-0.2054870401,0.3451315934,0.9227698154,-0.3853206026,0.003453715142,0.003460168569
27.45486593,147.6140003,0.7170070145,-0.2053866171,0.3447674149,0.922680121,-0.3855342318,0.003853440264,0.003146648909
27.47980809,147.6389425,0.7176898253,-0.2053639261,0.3443399517,0.922568737,-0.3857993744,0.004224612652,0.002814393926
27.50481462,147.663949,0.7183765028,-0.2053155916,0.3438468013,0.9224596999,-0.3860586662,0.004545030594,0.002480129858
27.52980709,147.6889415,0.7190225389,-0.2053706945,0.3432668485,0.9223197082,-0.3863920005,0.004792618286,0.002146753708
27.54981041,147.7089448,0.719545646,-0.2054008735,0.3427691915,0.9222135442,-0.3866443959,0.004978401322,0.001872319926
27.5748055,147.7339399,0.7201859254,-0.2055101755,0.3421238085,0.9220601446,-0.3870086019,0.005208061418,0.001519153093
27.59485817,147.7539926,0.7206936292,-0.2055962611,0.3415724755,0.9219371462,-0.3873003911,0.00536450939,0.001235934007
27.61977601,147.7789104,0.721294972,-0.2057883943,0.3408684613,0.9217621416,-0.3877151927,0.00553993383,0.0008903754057
27.63982987,147.7989643,0.7217640896,-0.2059391841,0.340288782,0.9216250596,-0.3880396794,0.005663997652,0.0006131954444
27.66483808,147.8239725,0.7223708121,-0.2061094066,0.3395937211,0.9214549858,-0.3884409079,0.005856855458,0.0002655123327
27.68484235,147.8439767,0.7228547397,-0.2062631533,0.3390566959,-0.9213121456,0.3887764691,-0.006025230773,1.150662997e-05
27.7098465,147.8689809,0.7234574752,-0.2064456568,0.3384563034,-0.921136849,0.3891881936,-0.00627189886,0.0003449468086
27.73485565,147.89399,0.7240488439,-0.206628737,0.3378742837,-0.9209624799,0.3895960731,-0.006523789208,0.000671175135
27.75983119,147.9189656,0.724648625,-0.2068185335,0.337337786,-0.9207836732,0.3900126546,-0.006823271531,0.0009997217392
27.78479409,147.9439285,0.7252552399,-0.2069569636,0.3368153534,-0.9206185743,0.3903961626,-0.007110292108,0.001311674304
27.80484128,147.9639757,0.7257257501,-0.2071102058,0.3364238211,-0.9204745272,0.3907303899,-0.007347164593,0.001557698079
27.82983828,147.9889727,0.7263156166,-0.2072929218,0.335957947,-0.9202967141,0.3911412166,-0.007680867279,0.001873770496
27.84985065,148.008985,0.7268084996,-0.2074075715,0.3355892496,-0.920160881,0.3914534466,-0.007976248774,0.002128770615
27.87483501,148.0339694,0.7274064624,-0.2076123209,0.3351349116,-0.9199737194,0.3918834376,-0.008350726964,0.002447924848
27.89984155,148.0589759,0.7280082712,-0.2078004081,0.334766581,-0.9197899236,0.3923030979,-0.008782726025,0.002763979913
27.91985083,148.0789852,0.7284946746,-0.2079547663,0.334493587,-0.9196411754,0.3926413895,-0.009153744143,0.003009434094
27.94474006,148.1038744,0.7290937385,-0.2081467171,0.3341243281,-0.9194571864,0.3930591177,-0.00959431643,0.003310810017
27.96478748,148.1239219,0.7295689121,-0.2082737153,0.3338497883,-0.9193200895,0.3933688783,-0.009950421493,0.003533808638
27.98484278,148.1439772,0.7300334797,-0.2084495296,0.3336014324,-0.9191682966,0.3937115977,-0.01032945429,0.003758017516
28.00985765,148.168992,0.7305936478,-0.2087154659,0.3333023734,-0.918964047,0.3941725536,-0.01080050086,0.004053088526
28.0348475,148.1939819,0.7311491999,-0.2089371088,0.3329648888,-0.9187743242,0.3945994164,-0.01123477018,0.00433839553
28.05977869,148.2189131,0.7316921874,-0.2092189267,0.3326178813,-0.9185669203,0.3950660872,-0.01167184852,0.004622509286
28.07987118,148.2390056,0.7321001097,-0.2094579069,0.3323227518,-0.918400708,0.3954402211,-0.0119875921,0.00484444265
28.10486889,148.2640033,0.7325974096,-0.209756569,0.331902932,-0.9181958063,0.3959015247,-0.01234277181,0.005108813804
28.12986493,148.2889993,0.7331043621,-0.2100794538,0.3314772889,-0.9179820733,0.3963815808,-0.01271866375,0.005365729944
28.15477538,148.3139098,0.7336083678,-0.210449266,0.3310817977,-0.9177509087,0.3968995616,-0.0131249465,0.005634124637
28.17484426,148.3339787,0.7339988235,-0.2107687539,0.3307775166,-0.917560066,0.3973265407,-0.01345300524,0.005844829793
28.1948719,148.3540063,0.7343937809,-0.2110960986,0.3304653967,-0.9173657418,0.3977604403,-0.0137872244,0.006053128832
28.21985316,148.3789876,0.7348908714,-0.2114838346,0.3300433435,-0.9171289038,0.3982883028,-0.01418544763,0.006306717883
28.244838,148.4039724,0.7353745572,-0.2118551097,0.3295988622,-0.9168978259,0.3988028702,-0.01454704539,0.006559807029
28.26485944,148.4239938,0.7357434173,-0.2121607729,0.3292274018,-0.9167130815,0.3992143821,-0.01481102771,0.006755506771
28.28982568,148.4489601,0.7361899745,-0.2125532218,0.3287534806,-0.916482385,0.3997276994,-0.01513150114,0.006988704959
28.30989528,148.4690297,0.7365476398,-0.2128679354,0.3283827326,-0.9162964328,0.4001403069,-0.01539695034,0.007177467477
28.33484364,148.493978,0.7369763646,-0.2131945854,0.3278582242,-0.9160891216,0.4006008224,-0.01565045822,0.007400376119
28.35985279,148.5189872,0.7373885853,-0.2134797028,0.327325444,-0.9159024067,0.4010152464,-0.01587404877,0.007587368034
28.38483429,148.5439687,0.7377889272,-0.2137086765,0.3267711752,-0.9157387623,0.4013782032,-0.01606157198,0.007751335914
28.40486002,148.5639944,0.7381084861,-0.213844493,0.3263500659,-0.9156219037,0.4016361876,-0.01620841135,0.007886047528
28.4298327,148.5889671,0.7384963896,-0.2139789278,0.3258292605,-0.9154894073,0.4019284777,-0.01636856587,0.008044498409
28.45485425,148.6139886,0.7388751795,-0.2140950947,0.3253262107,-0.915367239,0.4021972694,-0.01653000388,0.00818127209
28.47982526,148.6389596,0.7392610059,-0.2141908649,0.3248767438,-0.9152476913,0.4024580776,-0.0167252034,0.008332280913
28.50485682,148.6639912,0.739645358,-0.214242265,0.3244268935,-0.9151412102,0.4026895243,-0.01690221913,0.008486890784
28.5298295,148.6889639,0.7400212702,-0.2142592412,0.3240230777,-0.9150479098,0.4028903941,-0.01709031495,0.00863563859
28.54985237,148.7089868,0.7403226287,-0.2142646477,0.3237730308,-0.9149759769,0.4030429635,-0.01728402684,0.008751784334
28.57484198,148.7339764,0.7407063116,-0.214220779,0.3234568794,-0.9149008057,0.4032004595,-0.01751515969,0.00889518788
28.59984827,148.7589827,0.7410942049,-0.2141347484,0.3231977847,-0.9148371435,0.4033304266,-0.01776989904,0.009044253662
28.61985564,148.77899,0.7413916831,-0.2140501174,0.3229767085,-0.9147934157,0.4034191027,-0.0179453062,0.00916515761
28.64485168,148.8039861,0.7417587026,-0.2138922351,0.3227352579,-0.9147594014,0.4034834149,-0.01816747875,0.009290542034
28.66980171,148.8289361,0.7421134032,-0.213760857,0.3225321831,-0.9147185525,0.4035622328,-0.01840590768,0.009418943937
28.68986416,148.8489985,0.7423692382,-0.2136321231,0.3223375556,-0.9146996587,0.4035969217,-0.01853610114,0.00951168236
28.71485043,148.8739848,0.7426704015,-0.2134738278,0.3221097582,-0.9146811406,0.4036293465,-0.01869300323,0.009609025911
28.73485327,148.8939877,0.7428910955,-0.2133629257,0.3218973432,-0.9146660406,0.4036575958,-0.01878492281,0.009680198787
28.75985193,148.9189863,0.7431409962,-0.213228223,0.3216497324,-0.9146495458,0.4036883927,-0.0188776546,0.009773641701
28.78483415,148.9439685,0.7433458756,-0.2130909047,0.3213676024,-0.9146462187,0.4036933386,-0.01890005901,0.009837215211
28.80485153,148.9639859,0.743473092,-0.2130055257,0.3211179982,-0.9146451813,0.4036963896,-0.01886893533,0.009868162588
28.82485867,148.9839931,0.743589789,-0.2129262116,0.3209004119,-0.9146448697,0.4036975394,-0.01884634931,0.009893138335
28.84979129,149.0089257,0.7436830043,-0.2128710972,0.3206465776,-0.9146426915,0.40370505,-0.01878408055,0.009906447918
28.86979771,149.0289321,0.7437222094,-0.2128547019,0.32046531,-0.9146401819,0.4037139855,-0.01871467612,0.009905371155
28.89483714,149.0539715,0.743745725,-0.2128366229,0.3202753177,-0.9146437047,0.403710868,-0.0186199552,0.009885634041
28.91483951,149.0739739,0.743755812,-0.2128272545,0.3201786657,-0.9146487534,0.4037025343,-0.01856857346,0.009855441507
28.93485141,149.0939858,0.7437660027,-0.2128181227,0.3201412155,-0.914653717,0.4036927618,-0.01855171553,0.009826793117
28.95978856,149.1189229,0.7437847551,-0.2128124142,0.3201558784,-0.9146569697,0.4036851303,-0.01857523263,0.009793063413
28.97981358,149.138948,0.7438043553,-0.212805726,0.3201897578,-0.9146583984,0.4036806999,-0.01861073199,0.009774834475
28.99981928,149.1589537,0.7438255602,-0.2127950364,0.3202287772,-0.9146591528,0.4036779195,-0.01863965207,0.009763962384
29.02486324,149.1839976,0.7438388211,-0.212786548,0.3202816568,-0.9146580563,0.4036833217,-0.01859494421,0.009728511948
29.04979944,149.2089338,0.7438064572,-0.2127711356,0.3203461524,-0.9146614706,0.4036941274,-0.01825378318,0.009604432926
29.07483315,149.2339675,0.7437376337,-0.2127480214,0.3204214638,-0.914671258,0.4037011877,-0.0177018339,0.009406693082
29.09972262,149.258857,0.7436351805,-0.2128007417,0.3205548308,-0.9146599235,0.403763101,-0.01700898221,0.00912562809
29.11983228,149.2789667,0.7435687264,-0.2129243358,0.3207696726,-0.9146195855,0.403882058,-0.01648400793,0.00886423066
29.1398623,149.2989967,0.7435395186,-0.2131238888,0.3211092382,-0.9145452756,0.4040726526,-0.01606952626,0.008602362828
29.16479921,149.3239336,0.7435536282,-0.2134628304,0.3217116002,-0.9144064979,0.4044061296,-0.01572488433,0.008316665174
29.18480492,149.3439393,0.7435796138,-0.2137542297,0.3226299908,-0.9142869913,0.4046807955,-0.01572945098,0.00808304653
29.20480514,149.3639395,0.7435440489,-0.2139548486,0.3238057756,-0.9142182107,0.4048390536,-0.01580477691,0.007785423249
29.22984672,149.3889811,0.743509654,-0.2140863311,0.3260854645,-0.9141792802,0.4049094759,-0.01642375945,0.007404059842
29.254807,149.4139414,0.743460041,-0.2141052136,0.3291114682,-0.9141830377,0.4048641557,-0.0174745628,0.007002050751
29.27985406,149.4389884,0.743388005,-0.2141363771,0.332904402,-0.9141790109,0.4048212071,-0.01882028131,0.006505633222
29.30480957,149.463944,0.7433090929,-0.2141293944,0.3374677456,-0.9141755302,0.4047553006,-0.02051164699,0.005959774445
29.32984018,149.4889746,0.7432273142,-0.2139766496,0.3425678821,-0.9142044827,0.4045934632,-0.02246985811,0.005422067034
29.34984064,149.508975,0.7430562059,-0.2136357098,0.3467484158,-0.9143071704,0.4042984362,-0.02368307253,0.004927952883
29.37480021,149.5339346,0.7425991098,-0.2129197087,0.3520407455,-0.9145667922,0.403669114,-0.02452159788,0.004185728468
29.3998549,149.5589893,0.7419432195,-0.2118819115,0.3574216564,-0.9149597244,0.4027650269,-0.024861294,0.003309360986
29.42480326,149.5839376,0.7411560838,-0.2104729422,0.3625434521,-0.9154969444,0.4015530536,-0.02478908731,0.00244767743
29.44983315,149.6089675,0.7402439274,-0.2087493794,0.3674842793,-0.9161568641,0.4000751201,-0.02437198131,0.001582781969
29.47481203,149.6339464,0.7391300799,-0.2067336879,0.3721359646,-0.9169443675,0.3983364878,-0.02325407705,0.0005632115033
29.49980617,149.6589406,0.7378569001,-0.2044032206,0.376542739,0.9178543326,-0.3963327936,0.02152537921,0.0006314112646
29.51983643,149.6789708,0.73679788,-0.2023486159,0.3800036483,0.9186423522,-0.3945766249,0.0200729947,0.001609579279
29.54481053,149.7039449,0.7353991785,-0.1998680079,0.3841196545,0.9196075533,-0.3923998461,0.01833043911,0.002881598081
29.56987047,149.7290049,0.7339232454,-0.1973989895,0.3881613757,0.9205719871,-0.390194194,0.01667960574,0.004183089579
29.59474683,149.7538812,0.7324022617,-0.1949870179,0.3920613997,0.9215177103,-0.3880002596,0.01518319726,0.005511682789
29.6197505,149.7788849,0.7309146826,-0.192558415,0.3959767003,0.9224547175,-0.3857855601,0.01417514842,0.006772078208
29.63983202,149.7989664,0.7297442285,-0.1905917333,0.399056156,0.9232068008,-0.3839832349,0.01367619515,0.007683745857
29.66478562,149.82392,0.7282923891,-0.1882299593,0.402917043,0.9241079535,-0.38179308,0.01347622784,0.008770730947
