time_s,recording_time_s,x_m,y_m,z_m,qx,qy,qz,qw
0,32.21972704,0.5787815169,0.1265689138,0.401542493,0.9975192861,0.0584263015,0.01390261937,0.0367199984
0.02007436752,32.23980141,0.5760843204,0.127895784,0.4007313124,0.9974013567,0.06037131426,0.01404843131,0.03672165016
0.0450694561,32.2647965,0.5730383479,0.1294297692,0.3997008785,0.9972853713,0.0623376556,0.014437003,0.03643457048
0.06995558739,32.28968263,0.5702770135,0.1308697225,0.3984036087,0.9972137799,0.0637815972,0.01484912144,0.03572238298
0.09000563622,32.30973268,0.5683052455,0.1319169958,0.3972219241,0.997195458,0.06443393792,0.01518798152,0.03491147998
0.1100568771,32.32978392,0.5664873357,0.1329016972,0.3959011441,0.9972079395,0.06470802026,0.01548883131,0.03390123404
0.130058527,32.34978557,0.5647839864,0.1339264308,0.3942979797,0.9972345152,0.06496863692,0.01593440054,0.03238043984
0.155040741,32.37476778,0.562971093,0.1352815953,0.3921977926,0.9972698309,0.06542172876,0.01731363325,0.02954860292
0.1750864983,32.39481354,0.5617118145,0.1362555697,0.39030299,0.9973038309,0.06567048961,0.0185336021,0.02699928155
0.2000639439,32.41979098,0.5602890303,0.1374191959,0.3878038622,0.997360157,0.06569358565,0.01998553545,0.02361457938
0.224956274,32.44468331,0.5589977206,0.1385106515,0.3852261336,0.9974166003,0.06558329336,0.02128465156,0.02014747358
0.2449913025,32.46471834,0.5581298027,0.1393065026,0.3832146735,0.9974647657,0.06532141033,0.02224356975,0.01738902462
0.2699656487,32.48969269,0.5571384152,0.1401030169,0.380756508,0.9975586976,0.06439295974,0.02288170438,0.01437425598
0.2949974537,32.51472449,0.5560842493,0.1407265558,0.3783222511,0.997695686,0.06280353686,0.02267322893,0.01203987799
0.3199446201,32.53967166,0.5550151438,0.141267959,0.3760169828,0.9978340521,0.06116701295,0.02190783615,0.01028822891
0.3399775028,32.55970454,0.5542792479,0.1415620712,0.3743306916,0.9979402632,0.05988890546,0.02101531587,0.009322373281
0.3648891449,32.58461618,0.5534333616,0.1417488124,0.3723826859,0.9980854662,0.05810107958,0.01932026837,0.008740367763
0.3849022388,32.60462928,0.5527840062,0.1418355552,0.3709516117,0.9981973786,0.05669919477,0.01768804897,0.008621340634
0.4050617218,32.62478876,0.5522207875,0.1419447353,0.3696392916,0.9982887767,0.05553953289,0.01622854252,0.008456541552
0.4300498962,32.64977694,0.5517115179,0.1420389238,0.3681870831,0.9983733782,0.0544803369,0.01465831946,0.008223393035
0.4500732422,32.66980028,0.5515176628,0.1420418557,0.3672364189,0.9984298229,0.05373331021,0.01366305076,0.007996316965
0.4750888348,32.69481587,0.55141617,0.1420264915,0.3662520196,0.9984916927,0.05286943416,0.0126515649,0.007687678
0.5000245571,32.7197516,0.551423706,0.1420271186,0.3654829306,0.998536168,0.05224161509,0.01191433419,0.007374513999
0.5200815201,32.73980856,0.5514638599,0.1420084882,0.3650043806,0.9985490057,0.05211799357,0.0114833729,0.0071923583
0.5400824547,32.75980949,0.5515175384,0.1419610766,0.3646336804,0.9985548584,0.05209002611,0.0111727525,0.007070616461
0.5649986267,32.78472567,0.5515491921,0.1418802655,0.3643209033,0.9985612047,0.05203844413,0.01089409093,0.006988532882
0.5850641727,32.80479121,0.5515575905,0.1418304452,0.3641679952,0.9985647111,0.05200657614,0.01074303043,0.00695852243
0.6050670147,32.82479405,0.5515665122,0.1418071973,0.3641009677,0.9985658925,0.0519968879,0.01069005902,0.006942956685
0.6300573349,32.84978437,0.551570529,0.1418044526,0.3640730301,0.9985656292,0.05200563072,0.01067549738,0.006937747728
0.6500804424,32.86980748,0.551569152,0.1418087139,0.3640542302,0.9985654249,0.05201382887,0.01065906786,0.00693094739
0.6750771999,32.89480424,0.5515526094,0.1418123521,0.3640030138,0.9985654155,0.05202708317,0.01060054011,0.006922576257
0.695079565,32.9148066,0.5515364615,0.1418164605,0.3639406505,0.998565475,0.05204144718,0.01053240896,0.006910008234
0.7150936127,32.93482065,0.5515361773,0.1418146963,0.3638657972,0.9985664123,0.05204152006,0.01046130808,0.006881967606
0.7401006222,32.95982766,0.5515411144,0.1418119257,0.3636978142,0.9985684689,0.05204210179,0.01030318217,0.006817400608
0.7650706768,32.98479772,0.5515438835,0.1418078138,0.3634393917,0.9985715222,0.05204442986,0.01005541491,0.006721678735
0.785074234,33.00480127,0.5515457879,0.141806798,0.3631578598,0.9985749091,0.05204594542,0.009781600351,0.006609897697
0.8100597858,33.02978683,0.551549183,0.141809668,0.3626937394,0.9985799939,0.05205370837,0.009337460817,0.006420205871
0.8350982666,33.05482531,0.5515579236,0.1418107938,0.3620690644,0.9985863488,0.05206395958,0.008757485562,0.006160721673
0.8600795269,33.07980657,0.5515643445,0.1418102693,0.3613045391,0.9985937236,0.05207492565,0.008028674871,0.005858129744
0.8849949837,33.10472202,0.5515649993,0.1418085476,0.3603854388,0.9986018215,0.05208780761,0.007138984143,0.005504290423
0.9050819874,33.12480903,0.551569114,0.1418030871,0.3595796066,0.9986080488,0.05209968892,0.006367107009,0.005200686138
0.9300649166,33.14979196,0.5515779339,0.1417886547,0.3584860192,0.9986152532,0.05211626671,0.005329903035,0.004802397741
0.9550805092,33.17480755,0.5515839165,0.1417664964,0.3573202266,0.9986218199,0.05212933939,0.00422372735,0.004376409732
0.9800608158,33.19978786,0.5515882677,0.1417364708,0.3561225884,0.9986274483,0.05213632411,0.003086881564,0.003936292564
1.005070686,33.22479773,0.5515933479,0.141709456,0.3549451505,0.9986314399,0.05214490404,0.001974305839,0.003501195184
1.025070906,33.24479795,0.5516008013,0.1416902612,0.354078919,0.9986328734,0.05216145422,0.001170475399,0.003193248096
1.050070047,33.26979709,0.5516054455,0.1416689672,0.3530983622,0.9986328127,0.05219436097,0.0002724911906,0.002860038834
1.075094461,33.2948215,0.5516027271,0.1416711259,0.3522252769,0.9986304764,0.05225259265,-0.0005192001033,0.002562939758
1.100061893,33.31978893,0.5515956968,0.1416866146,0.3514969056,0.9986267433,0.05232473464,-0.001173760229,0.002317743575
1.12007761,33.33980465,0.5516088022,0.1416709407,0.3510647783,0.9986205902,0.0524361676,-0.001467841363,0.002282691575
1.140095472,33.35982251,0.5516548914,0.1416209283,0.3507444766,0.9986075248,0.05267516227,-0.001485408166,0.00247632201
1.165002108,33.38472915,0.551758399,0.1415099192,0.3505034379,0.9985793457,0.05318489995,-0.001091626313,0.003076548344
1.185078859,33.4048059,0.5518761992,0.1413905365,0.3503972384,0.9985471583,0.05374876567,-0.0005018168331,0.003793543565
1.210055828,33.42978287,0.5520598094,0.1412084372,0.3503533655,0.998494737,0.05462148234,0.0005257620777,0.004947463512
1.230072021,33.44979906,0.5522340546,0.1410381713,0.3503434754,0.9984423384,0.05544387828,0.001524186082,0.006045669441
1.255001068,33.47472811,0.5524794455,0.1408021527,0.3503239232,0.9983632735,0.05660882612,0.002929150804,0.007591777974
1.280004978,33.49973202,0.5527370447,0.1405605383,0.3502834826,0.9982728162,0.05785321565,0.004399018502,0.009221632926
1.300017357,33.5197444,0.552948292,0.1403617288,0.3502554174,0.9981947878,0.058861061,0.005596990395,0.01054584443
1.325065851,33.54479289,0.5532175945,0.1401034301,0.3502166414,0.9980911555,0.06012025271,0.007100631976,0.01221399306
1.350075245,33.56980228,0.5534867435,0.139847256,0.3501595618,0.9979808447,0.06138327937,0.008587393308,0.01387743519
1.375056744,33.59478378,0.5537535445,0.1395926484,0.3500866819,0.99786526,0.06263505342,0.01004314675,0.0155212182
1.395066261,33.6147933,0.5539577384,0.1393992679,0.3500347642,0.99777136,0.06360489107,0.01117060773,0.01679132486
1.420011044,33.63973808,0.554188304,0.1391891929,0.3499740084,0.9976586852,0.06472541627,0.01245829173,0.01823620777
1.44002223,33.65974927,0.5543425132,0.1390594794,0.3499270648,0.9975785431,0.06550101657,0.01332866538,0.01920973366
1.465074539,33.68480158,0.5545091279,0.1389179518,0.3498790339,0.997491667,0.0663145412,0.0142504038,0.02024060043
1.490011454,33.70973849,0.5546518207,0.1387877103,0.349833392,0.9974177405,0.0669839388,0.01501671639,0.02110689658
1.515068054,33.73479509,0.554764398,0.1386868299,0.349778854,0.997357603,0.06752236352,0.0156114238,0.02179049542
1.539912224,33.75963926,0.5548521602,0.1386079641,0.3497297285,0.9973104034,0.06793922723,0.01606614446,0.0223181446
1.560026646,33.77975368,0.5549062185,0.1385554855,0.3496948084,0.9972820787,0.06818539048,0.01633475198,0.02263590011
1.585054874,33.80478191,0.5549617129,0.1385015442,0.349657335,0.9972524895,0.06844061725,0.01661108244,0.02296575974
1.605102062,33.8248291,0.5549892753,0.1384780031,0.3496306915,0.9972370207,0.06857696634,0.01674725278,0.02313122699
1.630005836,33.84973288,0.5550001368,0.1384694714,0.3496003836,0.9972310222,0.06863478698,0.01678531886,0.02319067461
1.655038834,33.87476587,0.5550031582,0.1384658681,0.349574706,0.9972298417,0.06864998974,0.01677943617,0.023200695
1.675060034,33.89478707,0.5550043877,0.1384654934,0.349559542,0.9972291023,0.06866002119,0.01677542997,0.02320568904
1.700073242,33.91980028,0.5550037939,0.1384691827,0.3495336901,0.997228964,0.06866961111,0.01675626179,0.02319710309
1.720075369,33.93980241,0.5550032957,0.1384688925,0.3495065144,0.9972292294,0.06867392993,0.01673359956,0.0231892668
1.740076065,33.9598031,0.5550050321,0.1384633695,0.3494820791,0.9972291055,0.06867844339,0.01671886549,0.02319185211
1.764980555,33.98470759,0.5550113479,0.1384480423,0.3494613678,0.9972284151,0.06868302196,0.01671783024,0.02320872308
1.784988165,34.0047152,0.555012966,0.1384410361,0.3494340725,0.9972286693,0.06868431935,0.01669865161,0.0232077666
1.805009604,34.02473664,0.5550097732,0.1384391151,0.3493926154,0.9972292675,0.06868860721,0.01666019923,0.02319700529
1.825021029,34.04474807,0.5550124464,0.1384282206,0.3493546426,0.9972299721,0.06868703104,0.01663071713,0.02319253679
1.850037098,34.06976414,0.5550257394,0.1383890499,0.3493047973,0.9972313238,0.06867069418,0.0166042903,0.02320172746
1.875011206,34.09473825,0.5550396587,0.1383378499,0.3492223543,0.9972340491,0.06864601979,0.01654607101,0.02319919976
1.900033951,34.11976099,0.5550555361,0.138274773,0.3490998749,0.9972386802,0.06860897851,0.01644726419,0.02317995414
1.92499876,34.1447258,0.5550829658,0.1381666937,0.3489742243,0.9972459108,0.06853181238,0.01634568009,0.0231690065
1.950079203,34.16980624,0.5551748103,0.1377637702,0.3488094043,0.9972738228,0.0681832182,0.01618447178,0.02310917532
1.975008726,34.19473577,0.5553408244,0.1370428606,0.3485997131,0.9973235861,0.06754273701,0.01595973041,0.02299848637
2.000042439,34.21976948,0.5555960272,0.135988259,0.3484049872,0.997392202,0.06659753807,0.01574990413,0.02292387125
2.020056248,34.23978329,0.5558308162,0.1350044971,0.3482494851,0.9974549973,0.06571664289,0.01557821869,0.02285104656
2.045003891,34.26473093,0.5561677033,0.1335889738,0.3480043944,0.9975443978,0.06444959682,0.0153153748,0.0227346244
2.070058823,34.28978586,0.5565425496,0.131976797,0.347750953,0.9976431385,0.06301063459,0.01503840271,0.02262022551
2.095014811,34.31474185,0.5569718995,0.1301622646,0.3475436898,0.9977508258,0.06138134831,0.01483395774,0.02248495976
2.11508584,34.33481288,0.5573027414,0.1287281895,0.3473698936,0.9978346919,0.0600968098,0.01466313323,0.02234487983
2.140067339,34.35979438,0.5576711772,0.1270624537,0.3471974007,0.997929534,0.05861527655,0.01445277757,0.022181337
2.164990902,34.38471794,0.5580137043,0.125529804,0.3471916776,0.9980148291,0.05724263431,0.01437965742,0.0219751482
2.18503499,34.40476203,0.5582906395,0.1243082252,0.3472740658,0.9980810838,0.05614309371,0.0143980636,0.02178988298
2.20503664,34.42476368,0.5585678611,0.1230692112,0.3473728324,0.9981469685,0.05502853629,0.01442851535,0.02159415071
2.225046873,34.44477391,0.5588496571,0.1217938679,0.3474769924,0.9982132707,0.0538817358,0.01446221962,0.02139787174
2.250025988,34.46975303,0.5592048147,0.120172195,0.3476586033,0.9982955386,0.05242271812,0.01454524232,0.0211260994
2.270041466,34.48976851,0.559470063,0.1189540517,0.3478441038,0.998356641,0.05132417348,0.01464412487,0.02086615104
2.295017719,34.51474476,0.5597886454,0.1174922467,0.3480806875,0.9984292984,0.0500049238,0.01477191795,0.02049961072
2.315052032,34.53477907,0.5600343967,0.1163383854,0.3482751883,0.998485746,0.04896572807,0.01487423697,0.02018240661
2.335070848,34.55479789,0.5602772442,0.1151900133,0.3485030802,0.9985411591,0.04793098581,0.01500127614,0.01982765439
2.359994173,34.57972121,0.5605908761,0.1137206137,0.3488212786,0.9986102158,0.046610559,0.01519271315,0.01934616773
2.380044222,34.59977126,0.5608435032,0.1125334766,0.3490811435,0.9986642178,0.04555126653,0.01535885499,0.01894644631
2.400060654,34.61978769,0.5610723443,0.1114301493,0.3493600227,0.9987142648,0.04456414883,0.01553243185,0.01850939017
2.425028563,34.6447556,0.5613283527,0.1101711738,0.3497479391,0.9987716204,0.04342748196,0.01576631916,0.01790885976
2.45004344,34.66977048,0.5615797519,0.1089335152,0.3501616617,0.9988255461,0.04232051594,0.01603250335,0.0173049459
2.474989891,34.69471693,0.56183572,0.1076720875,0.3505760125,0.9988775758,0.04120688713,0.01631524784,0.0167150766
2.495016575,34.71474361,0.5620331528,0.1066789244,0.3509014164,0.9989177595,0.04032997122,0.01653357165,0.01623096405
2.519942522,34.73966956,0.5622786139,0.1054275376,0.3512902378,0.9989663168,0.03923249235,0.01679547084,0.01565316479
2.540005684,34.75973272,0.5624695312,0.1044575076,0.351602138,0.9990017168,0.03840272718,0.01701829079,0.01520454435
2.560039282,34.77976632,0.5626467384,0.1035658712,0.351920227,0.9990337901,0.03763739651,0.01725471127,0.01473728675
2.585011482,34.80473852,0.562858109,0.1024908417,0.3522943482,0.9990715625,0.0367165402,0.0175334831,0.01415929636
2.605020285,34.82474732,0.5630323134,0.101594859,0.3525705186,0.9991004805,0.03596881986,0.01775622254,0.01375465034
2.630018234,34.84974527,0.5632913677,0.1003568857,0.3528958238,0.9991272345,0.03509806203,0.01818696908,0.01349553878
2.650037766,34.8697648,0.5635213496,0.09933508819,0.353133118,0.9991397215,0.03450215222,0.01865057504,0.01347495398
2.675024271,34.89475131,0.5638176526,0.09808591087,0.3533813996,0.9991448238,0.03391119765,0.01932352487,0.01364745742
2.69506216,34.9147892,0.5640671564,0.09706194269,0.3535417446,0.9991425863,0.03350521948,0.01992153219,0.01395080702
2.720046997,34.93977404,0.5643995415,0.09572455958,0.3537081235,0.9991336372,0.03303851937,0.0207382384,0.01450368049
2.740053892,34.95978093,0.5646701834,0.09463125512,0.3538130198,0.9991246364,0.03266602717,0.02139225478,0.01500876635
2.765065908,34.98479295,0.5649980356,0.09329492635,0.3539075192,0.9991127618,0.03221331318,0.02216537514,0.01564250296
2.790013075,35.00974011,0.5653119642,0.09200300412,0.353972976,0.9990993235,0.03178993921,0.02290071863,0.01629412797
2.81002903,35.02975607,0.5655531604,0.09103205633,0.354030793,0.9990852833,0.03151451418,0.02350225363,0.01682486946
2.83503294,35.05475998,0.5658420489,0.08984669813,0.3540668958,0.9990682158,0.03117385672,0.0241982222,0.01747388952
2.860013723,35.07974076,0.5661008973,0.08869136418,0.3540471936,0.999059729,0.03074226656,0.02472008166,0.0179857847
2.880057096,35.09978414,0.5662889006,0.08779292207,0.3540088938,0.9990594896,0.03032698706,0.02502213931,0.01828394223
2.905035257,35.1247623,0.566506155,0.08661822193,0.353935723,0.9990697755,0.02963421214,0.02524893792,0.01854422444
2.930024624,35.14975166,0.566701347,0.08543764439,0.3538362368,0.9990898812,0.02879552596,0.02531725478,0.01868859606
2.950039387,35.16976643,0.5668328865,0.08453198001,0.3537489411,0.9991129965,0.02804422236,0.02525389558,0.01868107274
2.975076437,35.19480348,0.5669869788,0.0834321478,0.3536704616,0.9991424565,0.02709215049,0.02516334399,0.01863258385
3.000066519,35.21979356,0.5671408922,0.08229040814,0.3536227207,0.9991711425,0.02610224412,0.02509531852,0.01859908344
3.025041103,35.24476814,0.5673097065,0.08106817735,0.3535814874,0.9992005847,0.02503585952,0.02503356726,0.0185665776
3.049953461,35.2696805,0.5674697609,0.0798268791,0.3535330399,0.9992302092,0.02395457356,0.02495519608,0.0185042068
3.069961548,35.28968859,0.5675868321,0.07886191875,0.3535016279,0.9992527285,0.02311690154,0.02489471773,0.01843492509
3.089973211,35.30970025,0.5676985692,0.07790492391,0.353489672,0.9992745329,0.02228753058,0.02484327098,0.01834354646
3.110059977,35.32978702,0.5678028645,0.07693454227,0.3534892815,0.9992961814,0.02144739806,0.02479322699,0.01823312505
3.135071754,35.35479879,0.5679094826,0.07573874987,0.3535271162,0.9993220136,0.02042239485,0.02474465744,0.01805937242
3.159945488,35.37967253,0.5679476279,0.07461565415,0.3536035995,0.9993454927,0.01949725676,0.02470759215,0.01783193759
3.180046558,35.3997736,0.567911069,0.07374256511,0.3536805639,0.9993635976,0.01881918147,0.02465428309,0.01761829876
3.205025673,35.42475271,0.5678106072,0.0726481373,0.353747907,0.9993863836,0.01800710776,0.02453584845,0.0173376055
3.230023623,35.44975066,0.5676237758,0.07159275745,0.3537878294,0.999408152,0.0172875557,0.02434149154,0.01708736354
3.255025864,35.4747529,0.5673626263,0.07052572065,0.3538042154,0.9994301615,0.01660871098,0.02407506418,0.01684916261
3.280020475,35.49974751,0.5670253807,0.06941753161,0.3537745424,0.9994535442,0.01594053215,0.02372527558,0.01660192126
3.300052166,35.51977921,0.5667232437,0.06848657377,0.3537075899,0.9994726814,0.01539014336,0.02341074994,0.01641461215
3.324977398,35.54470444,0.5662997607,0.06734816351,0.3536091686,0.9994962037,0.01474657522,0.02299962935,0.01615222619
3.345023155,35.56475019,0.5659356278,0.06646924622,0.3535351134,0.9995142402,0.01427545809,0.02266490002,0.01593101493
3.365050793,35.58477783,0.565546993,0.06561927792,0.3534710682,0.9995318931,0.01384134884,0.0223330579,0.01567310795
3.390022516,35.60974956,0.5650526076,0.06456779918,0.3534010632,0.999553593,0.01330624754,0.02192331473,0.01532731926
3.415035248,35.63476229,0.564569049,0.06353708288,0.3533591824,0.9995741079,0.01278209064,0.02154709574,0.01496474524
3.440036535,35.65976357,0.5641186561,0.06249983902,0.3533617163,0.9995931918,0.01224021043,0.02123345738,0.0145865874
3.465011358,35.6847384,0.5636973405,0.06147512902,0.3533945427,0.9996111481,0.01168812715,0.02096548162,0.01419115636
3.485028505,35.70475554,0.5633735314,0.06070103156,0.3534372722,0.9996248007,0.01126415702,0.02076740553,0.01385970474
3.51000905,35.72973609,0.5629371677,0.05981005356,0.3534820194,0.9996409393,0.01081606081,0.02049395214,0.01345374753
3.534983635,35.75471067,0.562511173,0.05891327107,0.3535453868,0.999655939,0.01037056946,0.02024091567,0.01306752809
3.555013895,35.77474093,0.5621903382,0.05816106263,0.3535951292,0.9996675845,0.009973606193,0.02006040618,0.01276040293
3.575015545,35.79474258,0.56189874,0.05736142451,0.3536298483,0.99967906,0.009514225317,0.01988566958,0.01248265792
3.600021124,35.81974816,0.5615828133,0.05626101346,0.3536432419,0.9996929815,0.008829301696,0.01966684104,0.01221480849
3.62002635,35.83975339,0.5613447821,0.05537031243,0.353638029,0.9997037206,0.008256864099,0.01948723486,0.01202259955
3.640033245,35.85976028,0.5611209476,0.05445297274,0.3536289069,0.9997138505,0.007657460896,0.01931775486,0.01184924938
3.660084009,35.87981105,0.5609413219,0.05345180791,0.3536071214,0.9997233344,0.006966281614,0.01916416831,0.01172434118
3.685067415,35.90479445,0.5607848755,0.05206855347,0.3535540643,0.9997338467,0.005961169787,0.0189907902,0.01166405439
3.709988594,35.92971563,0.5607004159,0.0505397896,0.353490947,0.9997433526,0.004775644193,0.01883308775,0.01165061955
3.734977722,35.95470476,0.5606132435,0.04895799353,0.3533845732,0.9997517385,0.00354217598,0.01863750333,0.0116857958
3.754977942,35.97470498,0.5605726267,0.04762419747,0.3532812056,0.9997565331,0.002494869842,0.01849383643,0.01177404785
3.774987459,35.9947145,0.560546699,0.04630546915,0.3531888884,0.999760132,0.001439757202,0.01836041874,0.01185329049
3.794994116,36.01472116,0.5605146118,0.04499436572,0.3531000308,0.9997628095,0.0003856706037,0.01822187372,0.01192221647
3.815005064,36.0347321,0.5604682935,0.04366908546,0.3530028894,0.9997644437,-0.000667728665,0.0180715455,0.01200127136
3.839995146,36.05972219,0.5604015035,0.04196078567,0.3528625115,0.999764311,-0.001999579478,0.01788323148,0.01214554338
3.864974976,36.08470201,0.5603707465,0.04020212962,0.3527400519,0.9997579603,-0.003252781703,0.01785019903,0.01244229341
3.885004997,36.10473204,0.5603607669,0.03880860038,0.352657387,0.9997492558,-0.004164890033,0.01791957099,0.01276590022
3.905007124,36.12473416,0.560349489,0.03740726225,0.3525708202,0.9997376651,-0.005002926837,0.01804950022,0.01318283992
3.930048227,36.14977527,0.5603640971,0.03555564227,0.352462785,0.9997172435,-0.005999138971,0.01835033151,0.01388195868
3.950060129,36.16978717,0.5603885787,0.0340411704,0.3523834229,0.9996976918,-0.006765089111,0.01866452591,0.0145049645
3.974990129,36.19471717,0.5604183465,0.03213710042,0.3522896693,0.9996709198,-0.007707209985,0.01908405156,0.01531175974
4.000045776,36.21977282,0.5604390007,0.03023452261,0.3521943555,0.9996411691,-0.008591975071,0.01954163958,0.01618132922
4.020055532,36.23978257,0.5604571372,0.02870296936,0.3521154852,0.9996150441,-0.00927544278,0.01993480351,0.01692138812
4.044884443,36.26461148,0.5604448294,0.02678815901,0.351991113,0.9995823225,-0.0101413456,0.02036406374,0.0178224155
4.06499362,36.28472066,0.5603995456,0.02529531217,0.3518857448,0.9995579736,-0.01086085531,0.02062444873,0.01845348967
4.085059166,36.30478621,0.5603226796,0.02384329934,0.3517741251,0.9995349793,-0.0115756865,0.02082751785,0.01902743292
4.109983683,36.32971072,0.5601955057,0.02207977496,0.3516366089,0.9995083036,-0.01248782708,0.02100859677,0.01964291362
4.134973526,36.35470057,0.5600088237,0.02037350478,0.3514676938,0.9994848937,-0.01340381061,0.02106889749,0.0201590337
4.155047894,36.37477493,0.5598209663,0.0190500313,0.3513175738,0.9994686484,-0.01415657227,0.02102546755,0.02049248929
4.179995775,36.39972281,0.5595569487,0.0174230904,0.3511283865,0.9994489267,-0.01508557727,0.02093883503,0.02087662627
4.205038786,36.42476583,0.5592932444,0.01579667026,0.3509523606,0.9994276522,-0.01599125189,0.02088778433,0.02126848236
4.230000734,36.44972777,0.5589913353,0.01420348116,0.3507696704,0.9994080205,-0.01688852665,0.02078431448,0.02159625964
4.254971743,36.47469878,0.5586629257,0.01267699416,0.3506042955,0.9993907849,-0.01778834737,0.02063062797,0.02181767438
4.275068283,36.49479532,0.5584125215,0.01151835118,0.3505195689,0.999376767,-0.01844989594,0.02056924244,0.02196782146
4.300060511,36.51978755,0.5581473093,0.01006994792,0.3504646741,0.9993570701,-0.01929185012,0.0205740544,0.02213547462
4.325008631,36.54473567,0.557913883,0.008649248486,0.3504556857,0.9993368919,-0.02015038475,0.02062096557,0.02223767758
4.350059509,36.56978655,0.5577775927,0.007227970353,0.3505394945,0.9993119558,-0.02102588052,0.02083041217,0.02235221093
4.370068073,36.58979511,0.5577535347,0.006083555972,0.3506796578,0.9992869181,-0.02170301447,0.02116679859,0.02250780252
4.394980192,36.61470723,0.5578198367,0.004656770754,0.3509291088,0.999250508,-0.02253794499,0.02174987125,0.0227465703
4.420051098,36.63977814,0.557905014,0.003297057786,0.3512056167,0.9992132228,-0.0232453071,0.02241391753,0.02302623219
4.440058231,36.65978527,0.5579791577,0.002229731022,0.3514169813,0.9991822919,-0.02374636783,0.02297930742,0.02329826199
4.46498704,36.68471408,0.558079989,0.0009421759067,0.3516883838,0.999141547,-0.02426399601,0.02375684362,0.02372846374
4.49004817,36.70977521,0.5581965386,-0.0003764667241,0.3519264641,0.9990963502,-0.02463423298,0.02462481674,0.02435684607
4.51497817,36.73470521,0.5583324705,-0.00159581698,0.3521732335,0.9990581031,-0.02433206638,0.025633437,0.02517507053
4.535037994,36.75476503,0.5584529588,-0.002496113229,0.3523777289,0.9990646044,-0.02223472565,0.02647729333,0.02597087103
4.555043459,36.7747705,0.5585711446,-0.003332751674,0.3525651144,0.9990935585,-0.01870909439,0.02725803586,0.02681474798
4.575049877,36.79477692,0.558688337,-0.004168331081,0.3526909636,0.9991220413,-0.01427763487,0.0279579399,0.02774255609
4.595050335,36.81477737,0.5588020179,-0.005001604406,0.3527760457,0.9991354966,-0.009246674318,0.02858595588,0.02873328222
4.619959354,36.83968639,0.5589311369,-0.006057270447,0.3528075975,0.9991192121,-0.002878491193,0.0292190191,0.02997937992
4.639974117,36.85970116,0.5590141125,-0.006914115905,0.3527821535,0.9990835075,0.00195120072,0.02956435249,0.03089153351
4.664948225,36.88467526,0.559096553,-0.00789646172,0.3527187794,0.9990207363,0.007473733436,0.0298343476,0.03180603
4.68499279,36.90471983,0.5591427713,-0.008633986201,0.3526351142,0.9989668539,0.01124014193,0.02990880392,0.0323163654
4.710003376,36.92973042,0.5591589469,-0.009511652909,0.3525016795,0.9989154247,0.01473553141,0.02979766139,0.0326027282
4.735052109,36.95477915,0.5591534414,-0.01040103496,0.3523477754,0.9988827347,0.01720509266,0.02954645467,0.0326232135
4.760001183,36.97972822,0.5591701177,-0.01130799352,0.3521822795,0.9988566111,0.01907243914,0.02931225744,0.03259607469
4.7800529,36.99977994,0.5591766399,-0.01202090042,0.3520024545,0.998842668,0.02022202216,0.02908811859,0.03253114936
4.805021524,37.02474856,0.5591615766,-0.01292208784,0.3516786792,0.9988341383,0.02137846306,0.02872284792,0.03237782274
4.825037718,37.04476476,0.5591540759,-0.01363211483,0.3513751758,0.9988295544,0.0222532029,0.02840355477,0.03221108858
4.845049381,37.06477642,0.5591595265,-0.01426238907,0.3510174531,0.9988255411,0.02316755628,0.0280424855,0.03200658852
4.865056753,37.08478379,0.5592045051,-0.01487153003,0.3506435275,0.9988248617,0.02394697136,0.02769329553,0.0317571968
4.890026331,37.10975337,0.5594162559,-0.0156177817,0.3501783667,0.9988280253,0.02474008201,0.02734031616,0.03135301009
4.910035133,37.12976217,0.5597696671,-0.01621823786,0.3498683494,0.9988319557,0.02521264922,0.02721168848,0.03096079245
4.935038805,37.15476584,0.5604806182,-0.0168851072,0.3495791376,0.9988348459,0.02571611666,0.02727463255,0.03039286829
4.955052614,37.17477965,0.5612722485,-0.01739162278,0.3494156188,0.9988378526,0.0259874325,0.02749964282,0.0298557741
4.975062132,37.19478917,0.5621964063,-0.01790162907,0.3492907145,0.9988420441,0.02614365043,0.02782999629,0.0292672477
5.00004077,37.21976781,0.5635333684,-0.01864373745,0.34922646,0.9988485691,0.02612060692,0.02841584531,0.02849192114
5.025038958,37.244766,0.5650702804,-0.01950982343,0.3492328539,0.9988589315,0.02578208543,0.02916901277,0.02766383355
5.050046444,37.26977348,0.5667159634,-0.02044560682,0.3492471579,0.9988761979,0.02510209276,0.02999381499,0.02676933543
5.074962854,37.29468989,0.5684092743,-0.02144019699,0.3492511768,0.9989001145,0.0240650977,0.03082465763,0.02587030703
5.095025063,37.3147521,0.569812097,-0.02228203022,0.3492771366,0.9989219187,0.02299762241,0.03151845361,0.02515346538
5.119859695,37.33958673,0.5715532308,-0.02332920617,0.3492437299,0.9989502402,0.02159907072,0.03234192594,0.02420532132
5.144911289,37.36463833,0.5731421757,-0.02430363992,0.3490786422,0.9989831906,0.02012255455,0.03295856402,0.02326802116
5.165018559,37.3847456,0.5742411337,-0.02506312724,0.3488555529,0.999019245,0.01886596115,0.03296413262,0.02275938419
5.18997097,37.40969801,0.5754785077,-0.02614295797,0.3486591099,0.9990791672,0.01717616472,0.03200320173,0.02283838922
5.214965343,37.43469238,0.576561522,-0.02728796986,0.3485470181,0.9991429533,0.01551089835,0.03036684327,0.02346541733
5.235003948,37.45473099,0.5773515367,-0.0282261901,0.348504534,0.9991913558,0.01421113817,0.02880047138,0.02419113349
5.255021334,37.47474837,0.5781501144,-0.02917035492,0.3485549681,0.9992311404,0.01293601829,0.02731979891,0.02496829958
5.279922485,37.49964952,0.5792028181,-0.03034266705,0.3487318913,0.9992652427,0.01163870129,0.02577983696,0.02586340009
5.299964428,37.51969147,0.5800856355,-0.03126065539,0.3489164594,0.9992814,0.01101939359,0.02480524463,0.02645669085
5.319983006,37.53971004,0.5809689801,-0.03209992341,0.34913213,0.9992891473,0.01077970291,0.02410791401,0.026903655
5.345060825,37.56478786,0.582092339,-0.03303442406,0.3494507534,0.9992874569,0.01100739355,0.02374070843,0.02719916438
5.365063667,37.58479071,0.5830399615,-0.03376928604,0.3497426868,0.9992795217,0.01140203281,0.02381527853,0.02726286146
5.390002728,37.60972977,0.5842447584,-0.03468196347,0.350123352,0.9992652333,0.01199612911,0.02418892932,0.02720261301
5.414988279,37.63471532,0.5854280185,-0.03554181092,0.3504837202,0.9992483157,0.01264469443,0.02476787475,0.02700865921
5.435028076,37.65475512,0.5863405383,-0.03617888035,0.3507255296,0.9992331599,0.01326542269,0.02531177801,0.02676629468
5.46001029,37.67973733,0.5874644256,-0.03694219191,0.350999954,0.9992124943,0.01407361487,0.02606501773,0.02639960994
5.480017662,37.6997447,0.588317287,-0.03753034616,0.3511651797,0.9991983302,0.01463882866,0.02659713009,0.02609586565
5.500019073,37.71974611,0.5890879485,-0.03806616891,0.3512414304,0.9991868757,0.01520001784,0.02701903636,0.02577825773
5.525028467,37.74475551,0.5899927078,-0.03869696196,0.3512964796,0.9991743183,0.01581518753,0.02750456012,0.02537834884
5.55002737,37.76975441,0.5908994119,-0.03933419921,0.3513264965,0.9991659078,0.01618509293,0.0279750695,0.02495850493
5.575013399,37.79474044,0.5917844948,-0.0399581682,0.3512729554,0.9991626621,0.01640567328,0.02837183137,0.0244921976
5.600029945,37.81975698,0.5926154699,-0.04054318796,0.351193324,0.999159863,0.01663313213,0.02872487388,0.02403723386
5.625015497,37.84474254,0.5933939151,-0.04108995004,0.3510786286,0.9991590058,0.01680516851,0.02902642573,0.0235867325
5.645025253,37.86475229,0.5940170186,-0.04153630661,0.3509541714,0.999163329,0.01672247226,0.02922499875,0.02321422673
5.670056581,37.88978362,0.5947972992,-0.04210992857,0.3507675763,0.999170956,0.01653716704,0.02944869477,0.0227309742
5.695044041,37.91477108,0.5955675449,-0.04267578417,0.3505508232,0.9991800186,0.01629139007,0.02966565941,0.02222227829
5.720038891,37.93976593,0.5963772414,-0.04326324273,0.3503561907,0.9991900062,0.01587785548,0.02994334442,0.02169380763
5.745047331,37.96477437,0.5971924612,-0.04383640495,0.3500919826,0.9992021069,0.01544123941,0.03018120352,0.02111427724
5.765052795,37.98477983,0.5978338642,-0.04428975153,0.3498444453,0.9992137397,0.01502067949,0.03034162654,0.02063170376
5.790052652,38.00977969,0.5986043868,-0.04484149264,0.3495013975,0.9992278927,0.01456979545,0.03050077274,0.02002604128
5.815044165,38.0347712,0.5993633788,-0.04538936918,0.3491044166,0.9992436776,0.01408994477,0.03061794731,0.01939297816
5.835050106,38.05477715,0.6000127543,-0.04587338865,0.3487648479,0.9992571483,0.01363845216,0.03071992103,0.01885287008
5.860048532,38.07977557,0.6008363677,-0.04649300802,0.3482562391,0.9992758303,0.01308921533,0.03079130561,0.01812134105
5.884924889,38.10465193,0.6016541401,-0.04710608346,0.3476977165,0.9992934872,0.012691536,0.03082067526,0.01736482962
5.909850121,38.12957716,0.6023960053,-0.04766568963,0.3470268892,0.9993170093,0.0122050594,0.03067463247,0.01660175547
5.929957867,38.14968491,0.6028858843,-0.04806924224,0.3463628554,0.9993432037,0.01180616621,0.03027932784,0.01602928243
5.954949617,38.17467666,0.6033533485,-0.04854983266,0.3454408115,0.9993869474,0.01119583277,0.02933709297,0.01548281583
5.975000381,38.19472742,0.6036468152,-0.04892689172,0.3446679081,0.9994274437,0.01068109409,0.02828895121,0.0151800594
5.995025158,38.2147522,0.6039009635,-0.04929846431,0.3438839297,0.9994690776,0.01018516696,0.02709889739,0.01494908151
6.019993544,38.23972058,0.6042090243,-0.04973168396,0.3428728968,0.9995169024,0.009635057532,0.02569655482,0.01458816533
6.040025234,38.25975227,0.6044856444,-0.05007796057,0.3421275706,0.9995496146,0.009176862247,0.0247570227,0.01426334637
6.065032721,38.28475976,0.6048858046,-0.05049907561,0.3412788261,0.9995829105,0.008576448876,0.02389187507,0.01377054418
6.089996815,38.30972385,0.6053334549,-0.0508970667,0.3404837912,0.9996090182,0.007970234691,0.02334964071,0.01315600197
6.109999657,38.3297267,0.605745117,-0.05122723759,0.3399236185,0.9996242191,0.007480063019,0.02316173003,0.01260965878
6.130000114,38.34972715,0.6062107298,-0.05160197287,0.3394561792,0.9996363926,0.006929301727,0.02308455503,0.01209010489
6.150010109,38.36973715,0.606703619,-0.05199090775,0.3390746537,0.9996457539,0.006358321375,0.02308994147,0.01161004057
6.17501688,38.39474392,0.607309922,-0.05246439594,0.3386645108,0.999653931,0.005840726497,0.0231418719,0.01106155165
6.199975967,38.41970301,0.6079134151,-0.05294449381,0.3383755602,0.9996559464,0.00579664993,0.02327863247,0.01060627184
6.220002651,38.43972969,0.6084070608,-0.05334063428,0.3382361121,0.9996531757,0.006087974111,0.02345803793,0.01030462245
6.240013599,38.45974064,0.6088957238,-0.05373494632,0.3381664236,0.9996469559,0.006623669378,0.02368458397,0.01005639264
6.264999628,38.48472667,0.6094829729,-0.05420859339,0.3381414929,0.9996349958,0.007603257314,0.02400086194,0.009799198369
6.285005569,38.50473261,0.6099398367,-0.05457911844,0.3381861946,0.9996213189,0.008599731002,0.0242928039,0.009650031456
6.310002089,38.52972913,0.6105049656,-0.05503311372,0.3383088122,0.9995989532,0.01005666277,0.0247056271,0.009509373929
6.33000493,38.54973197,0.6109497408,-0.05538954178,0.3384561556,0.9995760507,0.0114148359,0.02506681497,0.009437969698
6.35001874,38.56974578,0.6113634171,-0.05572348575,0.3386390482,0.9995474903,0.01301709844,0.02543322952,0.009408543358
6.37499404,38.59472108,0.6118112378,-0.05609149901,0.3388803284,0.9995041411,0.01530462733,0.02585397138,0.009424036059
6.39499402,38.61472106,0.6121259722,-0.05634871916,0.3390840516,0.9994621046,0.01734465362,0.02617347059,0.009466461988
6.415011168,38.63473821,0.6124258925,-0.05659704988,0.3392896671,0.9994154289,0.01941263727,0.02648194774,0.009521369509
6.439953804,38.65968084,0.6127965021,-0.05691440468,0.33954155,0.9993562414,0.02177649068,0.02684889748,0.009592906392
6.459999561,38.6797266,0.6130784749,-0.05715188314,0.3397219724,0.9993106015,0.02345621258,0.02711471537,0.009639506766
6.484936953,38.70466399,0.6134019857,-0.05741462067,0.3399139931,0.9992540949,0.02540295368,0.02742911026,0.009674072426
6.504980087,38.72470713,0.6136555801,-0.05762376415,0.3400601231,0.9992123145,0.02673780105,0.02767389438,0.009695157803
6.524983644,38.74471068,0.6138958094,-0.05783596381,0.3401903906,0.9991784807,0.02775525677,0.02788649549,0.009713541681
6.545015574,38.76474261,0.6141281021,-0.05805220666,0.3403167924,0.9991530753,0.02846287239,0.02807625673,0.009732466763
6.570005894,38.78973293,0.6144181313,-0.05831218901,0.3404705746,0.9991314551,0.02897746787,0.02831485323,0.009742220698
6.595020533,38.81474757,0.6147482834,-0.05859364662,0.3406629438,0.9991168089,0.02917377054,0.02862872386,0.009741118632
6.61999011,38.83971715,0.6151089959,-0.05890921341,0.3408853916,0.9991176884,0.02881170465,0.02896259127,0.009741595623
6.645012617,38.86473966,0.6154510056,-0.05925173933,0.3411340418,0.9991251839,0.02832061302,0.0291566025,0.009833736758
6.670009851,38.88973689,0.6157420312,-0.05960622184,0.3413830884,0.9991383172,0.02785353626,0.02907866054,0.0100615664
6.694996119,38.91472316,0.616031211,-0.05998600729,0.3416415924,0.9991537429,0.02738035541,0.02889666785,0.01034875828
6.71500802,38.93473506,0.6162394268,-0.06032070017,0.3418483088,0.9991700457,0.02699371658,0.02857948771,0.01066639063
6.740029097,38.95975614,0.6163951224,-0.06073598231,0.3420781074,0.999195974,0.0266175615,0.02779918967,0.0112301394
6.765009642,38.98473668,0.616451935,-0.06108820784,0.3422739076,0.9992192006,0.02654540367,0.02672999012,0.01190958782
6.789922714,39.00964975,0.6164691587,-0.06142303029,0.3424532607,0.9992411285,0.02655194333,0.02554668707,0.0126304488
6.814902782,39.03462982,0.6163576894,-0.06168554506,0.3425355782,0.9992677485,0.02655005153,0.02406958348,0.01340584522
6.834903717,39.05463076,0.6161200469,-0.06181269089,0.3425035823,0.9992859551,0.02683342933,0.02254083295,0.0141229561
6.855016708,39.07474375,0.6158517882,-0.06192822085,0.3424511034,0.9993002246,0.02722328008,0.0208944099,0.01487876858
6.880014658,39.0997417,0.6155423336,-0.06208121922,0.3423844871,0.9993120659,0.0277200309,0.01892102018,0.01577941311
6.905008316,39.12473536,0.6152653386,-0.06222793048,0.3423291148,0.9993223247,0.02802853625,0.01715207905,0.01658610154
6.925013065,39.1447401,0.615061227,-0.06233056315,0.3422819689,0.9993294972,0.02818763852,0.01584901714,0.0171703732
6.945042372,39.16476941,0.6148919778,-0.06241635523,0.3422337387,0.9993322588,0.02838500513,0.01475647979,0.01765146837
6.970030785,39.18975782,0.6147698072,-0.06248844016,0.3421774164,0.9993273572,0.02875889555,0.01391165777,0.01800624753
6.990041256,39.2097683,0.6147466334,-0.06250728398,0.3421263168,0.9993216011,0.02902603301,0.01370031491,0.01805902321
7.01506114,39.23478818,0.6147476771,-0.06250055578,0.3420487962,0.9993147362,0.02931800195,0.01365373763,0.01800245315
7.04003334,39.25976038,0.6147462931,-0.06249380751,0.3419667202,0.9993139508,0.02940718637,0.01359451391,0.01794531547
7.065014362,39.2847414,0.6147443029,-0.06249028219,0.3418750205,0.9993155276,0.02941940182,0.0135284114,0.01788734706
7.085033417,39.30476046,0.6147413147,-0.06248848935,0.3417735888,0.9993174745,0.02942568683,0.01345276097,0.01782518643
7.110034704,39.32976174,0.6147360397,-0.06248685455,0.3416013855,0.9993209768,0.02942852689,0.01332444776,0.01772022131
7.135039568,39.35476661,0.6147304548,-0.06248533995,0.3414002173,0.9993251005,0.02942864784,0.01317671605,0.01759751255
7.159986019,39.37971306,0.6147335962,-0.06248985953,0.341169069,0.9993301413,0.02941738721,0.01301306874,0.01745124982
7.179995775,39.39972281,0.6147412052,-0.06249628509,0.3409383658,0.9993352883,0.02940110774,0.01285257405,0.01730224895
7.200053215,39.41978025,0.6147420897,-0.06249711788,0.3406990702,0.9993403068,0.02939338311,0.01268197018,0.01715074223
7.225033045,39.44476008,0.614740261,-0.06249639959,0.3403834369,0.9993467501,0.0293860378,0.01245479022,0.01695323039
7.245037317,39.46476436,0.6147503909,-0.06250607631,0.3401389505,0.9993521121,0.02936491124,0.01228642154,0.01679588766
7.265039921,39.48476696,0.6147749282,-0.06252822284,0.3398821026,0.9993582846,0.02932335577,0.01211800492,0.01662268607
7.290018797,39.50974584,0.6148003484,-0.06255564291,0.3395758276,0.9993655034,0.0292752115,0.01191467614,0.01641929145
7.314973116,39.53470016,0.6148172832,-0.0625792677,0.3392676531,0.9993724871,0.02923432612,0.01170510544,0.01621655616
7.339962959,39.55969,0.6148341408,-0.06260343125,0.3389604754,0.9993793269,0.02919354665,0.01149673842,0.01601633047
7.364916563,39.5846436,0.6148569974,-0.06262638163,0.3386852822,0.9993855774,0.02915092187,0.01131464976,0.01583256528
7.384932995,39.60466003,0.6148734359,-0.06264078835,0.3384823245,0.999390098,0.0291215653,0.01118008019,0.01569624701
7.409923077,39.62965012,0.6148940768,-0.06266183045,0.3382512019,0.9993953454,0.02908279636,0.01102718868,0.01554141624
7.434931517,39.65465856,0.6149137952,-0.06269490481,0.3380379041,0.9994004786,0.02903503173,0.01088578644,0.01539967217
7.459898949,39.67962599,0.6149513991,-0.06275016473,0.3378776888,0.9994054192,0.02895974189,0.01079668611,0.01528309775
7.484849691,39.70457673,0.614991642,-0.062806323,0.337768147,0.9994095439,0.0288831984,0.01074501515,0.01519437611
7.509821415,39.72954845,0.6150279187,-0.06286247608,0.337699067,0.9994128457,0.0288104908,0.01071954293,0.01513310465
7.529835701,39.74956274,0.6150595671,-0.06290624569,0.3376734592,0.9994149418,0.02875321944,0.01072197291,0.01510184805
7.554856777,39.77458382,0.6151059826,-0.06295801219,0.3376559035,0.9994173136,0.02868121488,0.01073963807,0.01506921605
7.579832792,39.79955983,0.615144544,-0.06299749353,0.3376328144,0.9994193617,0.02862383386,0.01074786937,0.01503658302
7.599833965,39.819561,0.6151709347,-0.06302983526,0.3376043113,0.9994211302,0.02857930959,0.01074407713,0.01500641088
7.61984086,39.8395679,0.6151985963,-0.06307459204,0.3375663499,0.9994233971,0.02852287227,0.01073431733,0.01496975195
7.6448102,39.86453724,0.6152423074,-0.06313985384,0.3375153838,0.9994266571,0.0284390367,0.01072671789,0.01491696392
7.664829254,39.88455629,0.6152923415,-0.06319879572,0.3375015377,0.9994292119,0.02835788045,0.01074781451,0.01488507975
7.684905052,39.90463209,0.6153823222,-0.06328681946,0.3375191211,0.9994325995,0.02822857928,0.01081525316,0.01485451893
7.709894896,39.92962193,0.615552171,-0.06344390002,0.3375932485,0.9994379399,0.02799415508,0.01097524151,0.01482145844
7.734919786,39.95464683,0.6157921898,-0.06365730154,0.3377315478,0.9994445182,0.02767160405,0.01122568521,0.01479598874
7.75988698,39.97961402,0.6161205415,-0.06394004355,0.33794563,0.999452591,0.02723901969,0.011584788,0.01477656228
7.784877539,40.00460458,0.6165035581,-0.06427138456,0.3382123326,0.9994613229,0.02673368474,0.01201638998,0.01476416603
7.804881811,40.02460885,0.6168434346,-0.06456698921,0.3384532705,0.9994686472,0.02628422501,0.01240321849,0.01475543808
7.824980497,40.04470754,0.6172097526,-0.06488375934,0.3387137002,0.9994760971,0.02580156182,0.01282084919,0.01474573248
7.844992876,40.06471992,0.6175900246,-0.06521361551,0.3389903524,0.9994833417,0.02529923511,0.01325769482,0.01473878622
7.869963169,40.08969021,0.6180122219,-0.06558822868,0.3392837747,0.999491633,0.02473102401,0.01370254767,0.01473404669
7.889993668,40.10972071,0.6182230203,-0.06578416162,0.3393996958,0.9994964347,0.02443907658,0.013883073,0.01472646933
7.910004616,40.12973166,0.6183504545,-0.06591164168,0.3394404439,0.9994999791,0.02425523731,0.01396087765,0.0147162877
7.934994221,40.15472126,0.6184568596,-0.06603075065,0.339456783,0.9995034626,0.02409013624,0.01400208252,0.01471174074
7.954995394,40.17472243,0.6185352896,-0.06611953047,0.3394652743,0.9995061515,0.02396676124,0.01403151127,0.0147025242
7.980001688,40.19972873,0.6186503154,-0.0662471814,0.3394944723,0.999509698,0.02378829547,0.01410445026,0.01468145178
8.000007153,40.21973419,0.6187633608,-0.06636226923,0.3395245204,0.999512854,0.02362220208,0.01419402418,0.0146484099
8.024970531,40.24469757,0.6189252796,-0.06650745149,0.3395671224,0.9995168975,0.02340156152,0.01432454982,0.01459951541
8.04500246,40.2647295,0.6190496489,-0.06661964037,0.3396059042,0.9995198969,0.02323130492,0.01442311816,0.01456900546
8.069977283,40.28970432,0.6191975831,-0.06675713892,0.3396543516,0.9995234878,0.02302528984,0.01453776272,0.01453571126
8.089985132,40.30971217,0.619299859,-0.06685585035,0.3396880768,0.9995259606,0.02288010438,0.01462179094,0.01451062312
8.109992027,40.32971907,0.6193947943,-0.06696011968,0.3397330824,0.9995282696,0.0227345275,0.01470144559,0.01449989734
8.130005598,40.34973264,0.619496041,-0.06708299276,0.3397909143,0.9995308597,0.022568367,0.01477960013,0.01450147567
8.15499115,40.37471819,0.6196267505,-0.06724691012,0.3398711134,0.9995343806,0.02234816988,0.01485409976,0.0145236685
8.18001008,40.39973712,0.6197131119,-0.06739753274,0.3399415098,0.9995388247,0.02215752616,0.01474483956,0.01462093375
8.204988003,40.42471504,0.6197238778,-0.06755402922,0.3400085572,0.9995455341,0.02199055864,0.01425636868,0.01489618987
8.229968786,40.44969583,0.6196959183,-0.06772233281,0.3400756699,0.9995533955,0.02182668027,0.01352569213,0.01528598343
8.249994278,40.46972132,0.6196580093,-0.06787572542,0.3401316512,0.9995601781,0.0216833253,0.01280384387,0.01566350231
8.274985075,40.49471211,0.6195666134,-0.06808261783,0.340195975,0.9995684643,0.02151376838,0.01168703361,0.01623133126
8.300029755,40.51975679,0.6194400625,-0.06829316464,0.3402610971,0.9995748777,0.02137639674,0.01040325808,0.01687855962
8.32491231,40.54463935,0.6192962375,-0.06848745844,0.3403131106,0.9995787267,0.02127231458,0.009070935911,0.01753783872
8.345000505,40.56472754,0.6191767455,-0.06864950577,0.3403456979,0.9995805116,0.0211818421,0.007962364038,0.01807570421
8.365010262,40.5847373,0.6190623872,-0.06881218615,0.3403772303,0.9995812833,0.02107268437,0.006888288632,0.01859439754
8.385018587,40.60474563,0.6189685779,-0.06894795144,0.3404035148,0.9995808986,0.02097943183,0.005988562571,0.0190270241
8.405053377,40.62478042,0.618912458,-0.06904314875,0.340423009,0.9995802001,0.02091196683,0.005398084146,0.01931253373
8.430041075,40.64976811,0.6189155887,-0.06913994563,0.340448571,0.9995806377,0.02082074442,0.0050776227,0.01947467972
8.454988718,40.67471576,0.6189889197,-0.06922848833,0.3404838263,0.9995828717,0.02070206992,0.005106045424,0.01947909802
8.47990346,40.6996305,0.619085808,-0.06933154891,0.3405323299,0.999585633,0.02056092278,0.005202693715,0.01946131456
8.500016689,40.71974373,0.6191737724,-0.06943046956,0.3405815146,0.9995881162,0.02042882326,0.005294556875,0.01944810783
8.52005744,40.73978448,0.6192832456,-0.06955604691,0.3406431999,0.9995912226,0.02026088075,0.005408978467,0.01943263627
8.545033455,40.76476049,0.6194642876,-0.06976568469,0.3407569529,0.9995962015,0.01997700855,0.005598875118,0.01941663236
8.569994211,40.78972125,0.6196633092,-0.07000356126,0.3408787719,0.9996017039,0.01966125041,0.005810896788,0.01939335549
8.590000391,40.80972743,0.6198225246,-0.07019137929,0.3409665281,0.999606104,0.01941093828,0.005976242836,0.01936844713
8.610035896,40.82976294,0.6199886465,-0.07038839874,0.3410539151,0.9996106952,0.01914802609,0.006143100438,0.0193409777
8.635017633,40.85474467,0.6202125519,-0.07066125484,0.341159084,0.9996170385,0.01878777632,0.006353418433,0.01929844231
8.655020952,40.87474799,0.6203839518,-0.07087402098,0.3412017698,0.9996225098,0.01850595614,0.006484689767,0.01924360464
8.679935217,40.89966226,0.6205992675,-0.07114305389,0.3412132534,0.9996300264,0.01814688166,0.006622132134,0.01914806298
8.699995518,40.91972256,0.6207746246,-0.07136413451,0.3411794193,0.9996367977,0.01785152971,0.006711019328,0.01904095115
8.724995375,40.94472241,0.6210174818,-0.07167125935,0.3411107005,0.9996464076,0.01743998118,0.00681972215,0.0188785109
8.749991417,40.96971846,0.6212943918,-0.0719923768,0.3409958041,0.999657289,0.01699464007,0.006915603352,0.01867247258
8.774992228,40.99471927,0.6215786608,-0.07231308353,0.3408697704,0.9996681799,0.01654336661,0.007001601447,0.01846143978
8.799991131,41.01971817,0.6218805555,-0.07266074534,0.3407010612,0.9996800939,0.01605472733,0.007033464351,0.01823419948
8.824913502,41.04464054,0.6222288944,-0.07303123166,0.3405482465,0.999692456,0.01551954732,0.007128333726,0.01798120917
8.849885225,41.06961226,0.622581574,-0.07339302101,0.3403931935,0.9997044142,0.01498998183,0.007239515254,0.01771931131
8.869980574,41.08970761,0.6228813057,-0.07369597721,0.3402618231,0.9997142246,0.01454373488,0.007332732132,0.01749799952
8.894988775,41.11471581,0.6232639655,-0.07407838066,0.3401012427,0.999726195,0.01397758933,0.007456303995,0.017221076
8.919998407,41.13972545,0.6236321818,-0.0744466337,0.3399377862,0.9997374683,0.01343282523,0.007574832664,0.01694625338
8.940002203,41.15972924,0.6239191114,-0.07472100071,0.3398421883,0.9997453117,0.01301992421,0.0076926483,0.01675161066
8.964990616,41.18471766,0.6242475711,-0.07504553266,0.3397171068,0.9997543826,0.01253734588,0.007805828523,0.01652448037
8.989984989,41.20971203,0.6245819502,-0.07538542918,0.339634935,0.9997627223,0.01203842549,0.007948014572,0.01632190387
9.009990454,41.22971749,0.6248188805,-0.07562312739,0.3395859021,0.9997682477,0.01168827832,0.008062074508,0.01618141195
9.034983635,41.25471067,0.6250600202,-0.07587122586,0.3395530553,0.9997735029,0.01132702566,0.008188865447,0.016049418
9.054992437,41.27471948,0.6252184463,-0.07604089657,0.3395476948,0.9997766806,0.01108392105,0.008274085041,0.01597733198
9.074995041,41.29472208,0.625336198,-0.07619168664,0.3395609609,0.9997790342,0.01088070864,0.008321496646,0.01594508078
9.094997883,41.31472492,0.6254199706,-0.07631470354,0.3395922349,0.9997804493,0.01072337099,0.008368065066,0.01593857108
9.120013237,41.33974028,0.6255111086,-0.07642677729,0.3396406729,0.9997815254,0.01057270643,0.008450104139,0.01592843687
9.144968271,41.36469531,0.6255836296,-0.07652279467,0.3396853904,0.9997822811,0.01044784719,0.008514479309,0.01592911185
9.16497016,41.3846972,0.6256377595,-0.07661121961,0.3397201659,0.9997829803,0.01033969332,0.008565095542,0.01592865823
9.184994936,41.40472198,0.6256911843,-0.07670091075,0.3397510651,0.9997837403,0.01023053327,0.00861888139,0.01592242961
9.209982634,41.42970967,0.625746485,-0.07680432706,0.3397779741,0.9997846718,0.01010853985,0.00867107797,0.01591350991
9.234936237,41.45466328,0.6257888644,-0.07693167662,0.3397971392,0.9997857591,0.009973396316,0.008703333342,0.01591286756
9.25497508,41.47470212,0.6258177561,-0.07705080679,0.3398112465,0.9997867144,0.009852829253,0.008725246022,0.01591595494
9.275000334,41.49472737,0.6258450134,-0.07716828225,0.3398346989,0.9997875812,0.009734682044,0.008757565421,0.01591645404
9.300010204,41.51973724,0.6258679778,-0.07731782582,0.3398642556,0.9997886123,0.009590672667,0.008784763184,0.01592411929
9.324982882,41.54470992,0.6258714108,-0.0775074202,0.3398856522,0.9997900389,0.009420952353,0.008756940491,0.01595116529
9.349986792,41.56971383,0.625850656,-0.07780700474,0.3399165257,0.9997922664,0.009164426512,0.008631682662,0.01602907734
9.374996185,41.59472322,0.6257708742,-0.07820574441,0.339959388,0.9997952629,0.008836736104,0.008129248979,0.01628679421
9.395009756,41.6147368,0.6256405287,-0.07859119005,0.3399805945,0.9997978255,0.008541509183,0.007429697239,0.01661777219
9.415014982,41.63474202,0.6254644409,-0.07902387138,0.3399857378,0.999799904,0.00822332974,0.00653629188,0.0170236781
9.440024376,41.65975142,0.6252150986,-0.07962636154,0.3399976074,0.9998008924,0.00778265906,0.005264594073,0.01760369018
9.460043907,41.67977095,0.6250127193,-0.08013206244,0.340010289,0.9998003469,0.007417778913,0.004275770619,0.01805437923
9.485013247,41.70474029,0.6247732904,-0.08075710257,0.3400194891,0.999798436,0.006974916532,0.003163143317,0.01855889002
9.509994984,41.72972202,0.6245744379,-0.08135653383,0.340022356,0.9997964809,0.006536399199,0.00229209553,0.01894778719
9.534993887,41.75472093,0.6244480515,-0.08187188813,0.3400300502,0.9997961142,0.006156777473,0.001855787282,0.01914106183
9.559980392,41.77970743,0.6244177717,-0.08224169161,0.3400474971,0.9997975465,0.005877639553,0.001847582749,0.01915478358
9.585033894,41.80476093,0.6244164618,-0.08250456648,0.3400735264,0.9997986055,0.005681453909,0.001881686518,0.01915538615
9.609953165,41.8296802,0.6244360623,-0.08264512159,0.3401043644,0.9997991483,0.005573948038,0.001923798489,0.01915445556
9.630030394,41.84975743,0.6244456007,-0.08272810313,0.3401151221,0.9997995381,0.005501997631,0.001940934407,0.01915318469
9.655002356,41.87472939,0.6244466522,-0.08283287038,0.3401211624,0.9998000487,0.005412699918,0.001951445398,0.01915090378
9.679882288,41.89960933,0.6244556083,-0.08296154704,0.3401349515,0.9998006416,0.005302434207,0.00197491322,0.01914839474
9.699983597,41.91971064,0.6244663968,-0.08307079593,0.3401484869,0.9998011555,0.00520396548,0.00199798665,0.01914618069
9.724996805,41.94472384,0.6244783489,-0.08321567731,0.3401669287,0.9998017842,0.005071745197,0.002026202683,0.01914586416
9.74996376,41.9696908,0.6244780225,-0.08341016606,0.3401828353,0.99980257,0.00490217282,0.002047051596,0.01914678412
9.774992466,41.99471951,0.6244716717,-0.08365641635,0.3402002318,0.9998035244,0.004691543312,0.00207133942,0.01914710274
9.799987555,42.01971459,0.624461745,-0.0839709108,0.3402217825,0.9998046871,0.004423814595,0.002100999148,0.01914688994
9.819989443,42.03971648,0.6244426622,-0.084267673,0.3402375287,0.9998057012,0.004175327216,0.00211984468,0.01914765748
9.844984531,42.06471157,0.6244122013,-0.08467507117,0.3402566299,0.9998069879,0.003835860642,0.002141568882,0.01914906893
9.870034218,42.08976126,0.6243809476,-0.08508449985,0.3402723289,0.999808189,0.003499606737,0.002161316037,0.01914854007
9.890035152,42.10976219,0.6243520605,-0.08542989372,0.3402856877,0.9998090803,0.003223301093,0.002176744389,0.01914876317
9.915039062,42.1347661,0.6243099207,-0.08592426308,0.3403056822,0.9998102073,0.00282519074,0.00219817813,0.0191503422
9.940037251,42.15976429,0.6242681464,-0.08643463933,0.3403243902,0.9998112308,0.002410876412,0.00221974004,0.01915106331
9.965040922,42.18476796,0.6242185983,-0.08697220001,0.3403384871,0.999812182,0.001980913122,0.002236245773,0.01914878384
9.989985943,42.20971298,0.6241805732,-0.08748251012,0.3403638066,0.9998128266,0.001562353369,0.002266046921,0.01915035079
10.01000309,42.22973013,0.6241675501,-0.08789438299,0.3403971511,0.9998131869,0.001212355549,0.002309676115,0.0191516834
10.03496337,42.25469041,0.6241318303,-0.08839601562,0.3404231662,0.9998135362,0.0007945805101,0.002340967308,0.01915153509
10.05497527,42.27470231,0.62409918,-0.08876075847,0.3404363319,0.9998136775,0.0004974850433,0.002355594576,0.01915239017
10.07499123,42.29471827,0.6240726405,-0.08912510315,0.3404517152,0.9998137309,0.0001976349421,0.002375998822,0.01915252284
10.09995556,42.3196826,0.6240361425,-0.08955900611,0.340471641,0.9998136675,-0.0001575329258,0.00239867187,0.01915337492
10.11998534,42.33971238,0.6240072639,-0.089888479,0.340484859,0.9998135274,-0.0004272051108,0.002413582045,0.01915469953
10.14497995,42.36470699,0.623968499,-0.09030141317,0.3404932738,0.9998133626,-0.0007541918567,0.002425338376,0.01915173594
10.17002177,42.38974881,0.6239280555,-0.09072229882,0.3405029722,0.9998130996,-0.001056702911,0.002437591988,0.0191496041
10.19002461,42.40975165,0.6239015234,-0.0910677332,0.3405205148,0.9998127457,-0.001293720223,0.002457865524,0.01915094354
10.21497512,42.43470216,0.6238750431,-0.09149515363,0.3405479778,0.9998122889,-0.001532007578,0.002489892073,0.01915307862
10.23500681,42.45473385,0.6238513356,-0.09181941438,0.340562841,0.9998123702,-0.001453866147,0.002503015517,0.01915321094
10.2550137,42.47474074,0.6238256553,-0.09212950746,0.3405728286,0.999812714,-0.001192357684,0.00250713151,0.01915279175
10.27992511,42.49965215,0.6237955568,-0.09252465345,0.3405900058,0.9998132275,-0.0005505811882,0.002511516131,0.01915461638
10.29997444,42.51970148,0.6237681901,-0.09286031964,0.3406043872,0.9998133339,8.704684368e-05,0.002512171166,0.01915669245
10.32001781,42.53974485,0.623731808,-0.09319837846,0.340610064,0.9998130436,0.000789304846,0.002500026189,0.01915736803
10.3400476,42.55977464,0.6236870974,-0.09355605085,0.3406062893,0.9998123751,0.001475054618,0.002478449876,0.01915453058
10.36493778,42.58466482,0.6236367057,-0.09399054896,0.3405998547,0.9998108941,0.002348546354,0.002453103914,0.01914791566
10.3850317,42.60475874,0.6235999053,-0.09433243963,0.340600804,0.9998090734,0.003055219675,0.002438352266,0.01914515328
10.40990615,42.62963319,0.6235489191,-0.09477541174,0.3406034091,0.9998067155,0.003767586224,0.002422066093,0.01914342202
10.43491578,42.65464282,0.6234966413,-0.09523464117,0.3406004108,0.999804868,0.004261485751,0.002406235052,0.01913832846
10.45991135,42.67963839,0.6234399635,-0.09571033829,0.3405968552,0.9998037475,0.004556526263,0.002393306357,0.01913051635
10.47993469,42.69966173,0.623387514,-0.09608168515,0.3405958148,0.9998031163,0.004704563782,0.002380945963,0.01912921181
10.50001717,42.71974421,0.623342606,-0.0964212227,0.3405946744,0.9998030687,0.004725320728,0.002373641195,0.0191274906
10.52497506,42.7447021,0.6232958508,-0.0968317209,0.3405962084,0.9998037377,0.004601611899,0.002374947082,0.01912252196
10.54500604,42.76473308,0.6232593982,-0.09714899836,0.3406002097,0.9998039805,0.004559687613,0.002377773321,0.01911951804
10.57000446,42.7897315,0.6232213713,-0.09753298154,0.3406119056,0.9998033241,0.004696762185,0.002384490634,0.01911982784
10.59002447,42.80975151,0.6231947506,-0.09783978679,0.3406228819,0.9998033601,0.004686082572,0.002395523121,0.01911918633
10.61502504,42.83475208,0.6231625946,-0.09820584012,0.3406361145,0.9998031568,0.004727575456,0.00240790847,0.01911804455
10.64002061,42.85974765,0.6231352003,-0.09857765834,0.3406539287,0.9998019052,0.004980700557,0.002423335739,0.01911728101
10.66499448,42.88472152,0.6231274151,-0.09893675148,0.3406834773,0.9998003758,0.005260996256,0.002456618968,0.01911793882
10.68500185,42.90472889,0.6231433322,-0.09923318162,0.3407252821,0.9997985836,0.005562030842,0.00250760907,0.01911983294
10.70995879,42.92968583,0.6232066356,-0.09962064132,0.3408030772,0.9997956792,0.006020843138,0.00261490953,0.01911835416
10.72997427,42.94970131,0.6232845804,-0.09996715666,0.3408896811,0.9997931685,0.006371944713,0.002736578496,0.01911883223
10.75499606,42.9747231,0.6234178391,-0.1004323204,0.3410339062,0.9997901448,0.006728942162,0.002938476167,0.01912467361
10.77996063,42.99968767,0.6236070884,-0.1008900948,0.341222626,0.9997865234,0.00710413237,0.003203989533,0.01913565532
10.79996252,43.01968956,0.6237964306,-0.1012493509,0.3414023537,0.9997833473,0.00739429323,0.003458004298,0.01914745642
10.81996298,43.03969002,0.6240149425,-0.1015942942,0.341596986,0.9997804933,0.00761433752,0.003739811678,0.0191572695
10.8399775,43.05970454,0.6242612072,-0.1019587659,0.3418041451,0.9997782606,0.007735896205,0.004050757984,0.01916185951
10.86500692,43.08473396,0.6246011369,-0.102425054,0.3420776869,0.9997757814,0.007823616992,0.004471110465,0.01916212832
10.89000773,43.10973477,0.6249569966,-0.1028978029,0.3423520007,0.9997729559,0.007938559747,0.004900831833,0.01915718338
10.9150033,43.13473034,0.6253189523,-0.1033982951,0.3426407208,0.9997711713,0.007877833926,0.00534510033,0.01915658514
10.93996286,43.1596899,0.6256336696,-0.1038551516,0.3428865151,0.9997705677,0.007696218148,0.005727377512,0.01915143382
10.9599812,43.17970824,0.6258444956,-0.1041674161,0.3430426407,0.9997710476,0.007459223912,0.005984913159,0.01914139755
10.98501062,43.20473766,0.6260671524,-0.1045286746,0.3431992808,0.999771565,0.007210286523,0.006255224758,0.01912333095
11.00997329,43.22970033,0.6262796757,-0.1048821312,0.3433288347,0.999771887,0.007023392121,0.006499386598,0.01909460503
11.0349915,43.25471854,0.6264733542,-0.1052046812,0.3434345432,0.9997724869,0.006824878816,0.006712723204,0.01906134431
11.05499887,43.27472591,0.6266279128,-0.1054476155,0.3435191281,0.9997736807,0.006549726445,0.006883913128,0.01903418276
11.07499933,43.29472637,0.626779078,-0.1056548238,0.3435928945,0.9997747813,0.006294786882,0.007044777397,0.01900350881
11.09996271,43.31968975,0.6269622881,-0.1059114484,0.3436753299,0.9997761372,0.005976967411,0.007234429809,0.0189635011
11.1199646,43.33969164,0.6271133732,-0.1061381654,0.3437188405,0.9997776776,0.005692622541,0.007367209418,0.01891860516
11.1449883,43.36471534,0.6272969413,-0.1064134885,0.3437552872,0.9997797563,0.005343064089,0.007500890108,0.01885808178
11.16498876,43.3847158,0.6274343576,-0.1066155373,0.3437438695,0.9997818433,0.005084552382,0.007582728315,0.01878604324
11.18500113,43.40472817,0.6275746909,-0.1068077163,0.3436919403,0.9997844829,0.004832950069,0.007643491701,0.01868709199
11.20990968,43.42963672,0.6277444127,-0.1070494892,0.3435893172,0.9997882767,0.004518921614,0.007688052364,0.01854386629
11.22999334,43.44972038,0.6278611012,-0.107251066,0.3434932014,0.9997913864,0.004269788876,0.007690175154,0.01843403881
11.25499058,43.47471762,0.6279748869,-0.1074747777,0.343331054,0.9997955555,0.003999888933,0.007626826818,0.01829425115
11.2799933,43.49972034,0.6280749199,-0.1076704533,0.343122784,0.9998002397,0.00376207776,0.007526035531,0.01812970901
11.30498934,43.52471638,0.6281536329,-0.1078576767,0.34289893,0.9998049389,0.003542055243,0.007381306095,0.01797370976
11.32501054,43.54473758,0.6281732487,-0.1080021272,0.3427042994,0.999808673,0.00339019737,0.007150915268,0.01788821876
11.34991241,43.56963944,0.628111099,-0.1081844899,0.3424410549,0.9998133187,0.003226815049,0.006462968762,0.01792053065
11.37001848,43.58974552,0.6279956685,-0.1083389479,0.3422107693,0.9998164537,0.003108947874,0.005584733632,0.01806112352
11.39499474,43.61472178,0.6278111248,-0.1085640698,0.34196055,0.9998181964,0.002946378454,0.004308110287,0.01833938939
11.41993475,43.63966179,0.6275822349,-0.1088359505,0.3417424732,0.9998172238,0.002759947676,0.00290847836,0.01869337768
11.4399395,43.65966654,0.6273929154,-0.1090565056,0.3416017766,0.999814255,0.002611168752,0.001774323041,0.01901286531
11.46498251,43.68470955,0.6271536447,-0.1093636965,0.3414604567,0.9998081952,0.002400952532,0.0003728937628,0.01943371409
11.48995256,43.7096796,0.6269287184,-0.1096854909,0.3413721452,0.9998003877,0.002177532808,-0.000879737146,0.01984110023
11.51499701,43.73472404,0.626768583,-0.1099921829,0.341311333,0.9997941068,0.001954679914,-0.001749470153,0.02012119565
11.53985167,43.7595787,0.6266926617,-0.1102864891,0.3412480691,0.9997922676,0.00172693589,-0.002107486795,0.02019895652
11.5599153,43.77964234,0.6266827341,-0.1105127056,0.3412007103,0.999793463,0.001533316466,-0.002116061316,0.02015446753
11.57992792,43.79965496,0.6266768922,-0.1107331935,0.3411582442,0.9997945041,0.001339761183,-0.002128054155,0.02011531744
11.60497284,43.82469988,0.6266767131,-0.1109757621,0.3411144225,0.9997956261,0.00112232142,-0.002136877767,0.02007187521
11.62500405,43.84473109,0.6266666222,-0.111181031,0.3410866736,0.9997963372,0.0009441305826,-0.002144358864,0.02004480969
11.64998651,43.86971354,0.6266484822,-0.1114682801,0.3410733194,0.9997969902,0.0006971835043,-0.002138474527,0.02002296938
11.67498231,43.89470935,0.6266334374,-0.1117938382,0.3410787495,0.9997974908,0.0004144606092,-0.00211365325,0.0200084499
11.69499302,43.91472006,0.626618525,-0.1120455905,0.341085419,0.9997977723,0.0001977184555,-0.002094874232,0.01999967324
11.72002912,43.93975616,0.6265903719,-0.1123557517,0.3410955678,0.9997979415,-6.381383318e-05,-0.00207610864,0.01999404748
11.74497986,43.9647069,0.6265601775,-0.1126927075,0.3411133262,0.9997979855,-0.0003475944032,-0.002049993058,0.01999162251
11.76502275,43.98474979,0.6265352057,-0.1129981222,0.3411283973,0.9997979745,-0.0006066526445,-0.002026218521,0.01998841012
11.78996348,44.00969052,0.6265071881,-0.1134054012,0.3411520553,0.999797864,-0.0009551552303,-0.001988728063,0.01998408728
11.80997586,44.0297029,0.6264834749,-0.11377271,0.3411810444,0.9997976002,-0.001270125048,-0.001948680852,0.01998369587
11.82999969,44.04972672,0.6264536517,-0.1141666747,0.341212132,0.9997971724,-0.001606044094,-0.001908248989,0.01998482698
11.85498047,44.07470751,0.6264141228,-0.1146623943,0.3412415322,0.9997965586,-0.002026556007,-0.001865032564,0.01998139649
11.8750062,44.09473324,0.626383597,-0.1150468661,0.3412568643,0.9997960298,-0.00235218645,-0.001836711522,0.01997479816
11.89501786,44.1147449,0.6263389425,-0.1154713052,0.3412716373,0.9997952844,-0.002707309938,-0.00181328933,0.01996926927
11.91993141,44.13965845,0.6262735153,-0.1160075672,0.3412887593,0.9997941185,-0.003148494396,-0.001789559024,0.01996509394
11.93997836,44.1597054,0.626223178,-0.1164247964,0.3413005526,0.9997931067,-0.003488424415,-0.001771711258,0.01996085254
11.96497798,44.18470502,0.6261429388,-0.1169547006,0.3413066082,0.999791675,-0.003908040717,-0.001764544195,0.01995545596
11.98498034,44.20470738,0.6260838877,-0.1173374292,0.3413114916,0.9997905425,-0.004202227755,-0.001759522315,0.01995285728
12.00500298,44.22473001,0.6260365619,-0.1177098233,0.3413204258,0.9997893512,-0.004499063557,-0.001745717191,0.01994903592
12.02999949,44.24972653,0.625975418,-0.1181702847,0.3413356863,0.9997877109,-0.004867746105,-0.001727118307,0.0199463115
12.05500412,44.27473116,0.6259284642,-0.1186076455,0.3413602088,0.9997859804,-0.005219161035,-0.001696127214,0.01994685217
12.0800252,44.29975224,0.6258899804,-0.1190437408,0.3413867811,0.9997842368,-0.005560689105,-0.001658374655,0.01994513379
12.10499549,44.32472253,0.6258545209,-0.1194694709,0.3414186965,0.9997824392,-0.005886920065,-0.00161585257,0.01994510947
12.12500644,44.34473348,0.6258253033,-0.1198173695,0.341446461,0.9997807997,-0.006162038375,-0.001580500442,0.01994702832
12.15002179,44.36974883,0.6257845623,-0.1202489724,0.3414731661,0.9997786561,-0.006511169849,-0.001544140745,0.01994640487
12.17500854,44.39473557,0.6257329148,-0.1206911822,0.3414910388,0.9997763844,-0.006866204335,-0.001518885487,0.01994315641
12.19997025,44.41969728,0.6256786336,-0.121150257,0.3415108146,0.9997738684,-0.007235015046,-0.001491991843,0.01994092687
12.21997976,44.4397068,0.625644505,-0.1215136077,0.3415305577,0.9997718305,-0.007523714686,-0.001462551373,0.0199384469
12.23999,44.45971704,0.6256100579,-0.1218931578,0.3415516043,0.9997697453,-0.007810727608,-0.001430888282,0.01993492864
12.25999284,44.47971988,0.6255730566,-0.1222719555,0.3415720416,0.9997677485,-0.008075763796,-0.00140103601,0.01993158789
12.28496885,44.50469589,0.625538338,-0.1227202458,0.3416004771,0.9997658654,-0.008322046815,-0.00135913059,0.01992763438
12.30498815,44.52471519,0.625518696,-0.1230821507,0.3416264981,0.9997672888,-0.008167039131,-0.001325467636,0.01992262405
12.32998562,44.54971266,0.6254883413,-0.1235535554,0.3416513222,0.9997717251,-0.00764081239,-0.001296300536,0.0199106813
12.35493803,44.57466507,0.6254652654,-0.1240386265,0.3416807541,0.9997784794,-0.006742871314,-0.001265688089,0.01989783603
12.37501621,44.59474325,0.6254821199,-0.1244383913,0.3417192962,0.9997838387,-0.005958449623,-0.00121053835,0.01988233851
12.39999819,44.61972523,0.6255303383,-0.1249716694,0.3417879174,0.9997894465,-0.005037291527,-0.001106077603,0.01986114364
12.42487121,44.64459825,0.625574668,-0.1255447207,0.341863047,0.9997938006,-0.004198748342,-0.0009939476172,0.01984285396
12.44987702,44.66960406,0.6256313109,-0.126138959,0.3419400775,0.9997973571,-0.003416119141,-0.0008697140279,0.01981965057
12.46987724,44.68960428,0.6256964702,-0.1266354758,0.3420103181,0.9997995483,-0.002898612395,-0.0007483854341,0.01979649335
12.49483967,44.71456671,0.6257858633,-0.1272747207,0.3421035267,0.9998013537,-0.002479733353,-0.000582756792,0.0197677614
12.51484776,44.73457479,0.6258480108,-0.1277896644,0.3421630446,0.9998021993,-0.002391026163,-0.0004595996743,0.01973915168
12.53979921,44.75952625,0.6259100329,-0.1284786447,0.3422266607,0.9998027842,-0.002495126493,-0.0003143903895,0.01969944628
12.55995083,44.77967787,0.6259675019,-0.1290406539,0.3422797441,0.999802761,-0.002775462767,-0.0001854363628,0.01966472769
12.57997417,44.79970121,0.626035164,-0.1295852629,0.3423394716,0.9998021234,-0.003214017412,-4.428202931e-05,0.01963115132
12.60492635,44.82465339,0.6260958155,-0.1302772947,0.3424166495,0.9998006316,-0.003817794826,0.0001205622702,0.01959864866
12.62997651,44.84970355,0.6261322232,-0.1309319127,0.3424958282,0.9997987843,-0.004348436905,0.0002676382325,0.01958086831
12.65485954,44.87458658,0.6261653387,-0.131552043,0.3425756997,0.9997968959,-0.004807512192,0.0004101220321,0.01956748879
12.67995548,44.89968252,0.6261989567,-0.1321396492,0.3426679762,0.9997946335,-0.005258591738,0.0005586260791,0.01956338224
12.70492148,44.92464852,0.626253868,-0.1327178917,0.3427732248,0.9997919121,-0.005741056335,0.0007269839723,0.01956129567
12.72493672,44.94466376,0.6263104845,-0.1331969294,0.3428623767,0.9997894094,-0.006162005251,0.0008760845364,0.01955502693
12.74997377,44.96970081,0.6263582852,-0.1337836122,0.3429617777,0.9997861744,-0.006660319959,0.001039734003,0.01954902817
12.77494383,44.99467087,0.6264129587,-0.1343274086,0.3430504091,0.9997831157,-0.007108771643,0.00119473306,0.01953866591
12.79996419,45.01969123,0.6264778016,-0.1348293815,0.3431280349,0.9997800275,-0.007550061189,0.001343199725,0.01952150187
12.82493973,45.04466677,0.6264921039,-0.1353220327,0.3431540431,0.9997772473,-0.007966326412,0.001421331484,0.01949290163
12.84494042,45.06466746,0.626451979,-0.135701136,0.3431215932,0.9997755357,-0.008261590116,0.001418381835,0.01945796955
12.86996484,45.08969188,0.6263913167,-0.1361388414,0.3430536295,0.9997737908,-0.008598527053,0.001387419034,0.01940380199
12.89495015,45.11467719,0.626326359,-0.1365790863,0.3429659141,0.9997719971,-0.008955462865,0.001341541042,0.01933788428
12.91994977,45.13967681,0.626244202,-0.1370291326,0.3428574831,0.9997702001,-0.009313545521,0.001269590456,0.01926636897
12.93995905,45.15968609,0.626186238,-0.1373580754,0.3427448981,0.9997692783,-0.00957086418,0.001197619717,0.0191925633
12.96491957,45.18464661,0.6261284702,-0.1377435522,0.3425914705,0.9997683401,-0.009883729601,0.001107630214,0.01908798692
12.98993564,45.20966268,0.6260683381,-0.1381272094,0.3424460275,0.9997671147,-0.01020188939,0.001021815099,0.01898930304
13.01478648,45.23451352,0.6260051536,-0.1385259184,0.3422919391,0.9997657387,-0.01053358219,0.0009303240614,0.01888506814
13.03490019,45.25462723,0.6259549066,-0.1388209949,0.3421452468,0.9997650392,-0.01077559404,0.000836636924,0.01878970729
13.05985308,45.27958012,0.6258952134,-0.1391684648,0.3419406477,0.999764491,-0.01106231256,0.0007082545814,0.01865706603
13.07991052,45.29963756,0.625852449,-0.1394383693,0.3417982608,0.9997637604,-0.01128928289,0.0006217199053,0.01856310701
13.10481524,45.32454228,0.6258059072,-0.1397786011,0.3416222354,0.999762678,-0.01158013682,0.000515944917,0.01844510487
13.1298697,45.34959674,0.6257460561,-0.1401279332,0.3414448261,0.9997613725,-0.01187335592,0.0003957818055,0.01833207376
13.15479541,45.37452245,0.625675912,-0.1405072222,0.3412834821,0.9997595278,-0.0121879904,0.0002897402046,0.01822787938
13.17480874,45.39453578,0.6256288689,-0.140812191,0.341178185,0.9997576971,-0.01244516738,0.0002291091962,0.01815523021
13.1998179,45.41954494,0.6255803759,-0.1411715856,0.3410562982,0.9997553967,-0.01275270205,0.000160369523,0.01806902188
13.21995759,45.43968463,0.6255360312,-0.1414566228,0.3409638311,0.9997534546,-0.01299341795,0.0001044835196,0.01800528253
13.23995852,45.45968556,0.6254909718,-0.1417397446,0.3409000254,0.9997511695,-0.01323128248,6.949880269e-05,0.01795904632
13.25996923,45.47969627,0.6254558013,-0.1420509646,0.3408723064,0.9997481326,-0.0134988279,6.879504024e-05,0.01792897749
13.27997708,45.49970412,0.6254356609,-0.1423545323,0.3408668348,0.9997448609,-0.01376643788,9.153050563e-05,0.01790781823
13.30491805,45.52464509,0.6254044286,-0.1427218687,0.3408638373,0.9997407638,-0.01408781609,0.0001166410377,0.01788644924
13.32996249,45.54968953,0.6253539251,-0.1430831727,0.3408576208,0.9997366929,-0.01439369682,0.0001269991765,0.01787037517
13.3549304,45.57465744,0.6253075055,-0.1434513318,0.3408575846,0.9997323591,-0.01470782004,0.0001446586796,0.01785690944
13.37996531,45.59969234,0.6252695406,-0.1438203005,0.3408497523,0.9997279781,-0.01502775167,0.0001615442956,0.01783564923
13.40485001,45.62457705,0.6252247314,-0.1442036903,0.3408471302,0.9997232693,-0.01535712617,0.0001785301237,0.0178188574
13.4249177,45.64464474,0.6251770926,-0.1445485298,0.3408490625,0.9997189254,-0.0156493139,0.0001943659856,0.01780818327
13.44492817,45.66465521,0.6251297624,-0.1449034138,0.3408490294,0.9997143794,-0.0159507113,0.0002110717112,0.01779578515
13.46994042,45.68966746,0.6250850955,-0.1453310763,0.340854546,0.999708695,-0.01632026994,0.0002428160796,0.01777962153
13.48994184,45.70966887,0.6250544145,-0.1456896209,0.3408709961,0.9997036858,-0.01663387443,0.0002813569979,0.01777007774
13.51000762,45.72973466,0.6250136871,-0.146066694,0.340888881,0.9996983473,-0.01695884455,0.0003175281957,0.01776263455
13.53492355,45.75465059,0.6249756424,-0.1465327767,0.3409144691,0.9996915048,-0.01736635655,0.0003720115936,0.01775292967
13.55493379,45.77466083,0.624979588,-0.1469007891,0.3409542294,0.9996856534,-0.01770597878,0.0004491378131,0.01774516764
13.57994461,45.79967165,0.6249993513,-0.147382941,0.3410415847,0.9996773729,-0.01815890819,0.0005823121624,0.0177500722
13.59994602,45.81967306,0.6250111841,-0.147812673,0.3411259435,0.999669764,-0.01855956484,0.0007019441269,0.01775986465
13.61994791,45.83967495,0.6250327411,-0.1482363959,0.3412121925,0.9996619979,-0.01895958624,0.000828030678,0.01776902813
13.63995409,45.85968113,0.6250667168,-0.1486426407,0.3413035729,0.9996542425,-0.01934942244,0.0009629648988,0.0177783003
13.66497111,45.88469815,0.6251247294,-0.1491820252,0.3414456213,0.9996433827,-0.01987441908,0.001163620194,0.01779777971
13.68498063,45.90470767,0.6251660025,-0.1496665913,0.341568811,0.9996334605,-0.02034091892,0.001334822059,0.01781600444
13.70996284,45.92968988,0.6252259562,-0.1502823555,0.3417218675,0.9996205091,-0.02093662405,0.001555212845,0.0178347099
13.73497939,45.95470643,0.6253023423,-0.1508803377,0.3418803519,0.9996073499,-0.0215236346,0.001787416668,0.01785173389
13.75995064,45.97967768,0.625391829,-0.1514714502,0.3420570714,0.9995936177,-0.0221114117,0.002039104335,0.01787531933
13.77996516,45.9996922,0.6254676525,-0.151948671,0.3422018361,0.9995821612,-0.02258829131,0.002246013961,0.017894903
13.80490756,46.0246346,0.6255599898,-0.1525436593,0.3423637307,0.9995677373,-0.02318211827,0.002490365077,0.01790882438
13.82986212,46.04958916,0.6256438971,-0.1531303453,0.3425162278,0.9995532622,-0.02376432056,0.002723051079,0.01791977078
13.8548708,46.07459784,0.6257123323,-0.1537133295,0.3426596375,0.9995386824,-0.0243360964,0.002939943526,0.01793135457
13.87487936,46.0946064,0.6257645802,-0.1541854823,0.3427647882,0.9995267456,-0.02479804605,0.003103483148,0.01793628097
13.89985442,46.11958146,0.625796911,-0.1547685713,0.3428544205,0.9995123849,-0.0253537495,0.003242259468,0.01793509377
13.91990352,46.13963056,0.6257694651,-0.1552434888,0.3428857551,0.9995014824,-0.02577922796,0.003299917882,0.01792564165
13.9399507,46.15967774,0.6257110548,-0.1556984151,0.3428805505,0.9994916278,-0.02617040135,0.003323058923,0.01790400572
13.96496773,46.18469477,0.6256083738,-0.1562844948,0.3428353059,0.9994794304,-0.02666141788,0.003311467523,0.01786256419
13.98498225,46.20470929,0.6255027205,-0.1567865073,0.3427845072,0.9994691154,-0.02707362518,0.003283911677,0.01782476261
14.00994968,46.22967672,0.6253689715,-0.1574195754,0.3427334627,0.9994557085,-0.02759249848,0.003257702604,0.017785614
14.03497767,46.25470471,0.625225039,-0.1580718988,0.3426824825,0.99944166,-0.02812453766,0.003229060865,0.01774687999
14.05991864,46.27964568,0.625093927,-0.1586715323,0.3426464279,0.9994283082,-0.02861441659,0.003210382439,0.01771906884
14.07997441,46.29970145,0.6249776089,-0.1591971559,0.342621562,0.9994163476,-0.02904313474,0.003197667555,0.01769845478
14.10499907,46.3247261,0.6248445867,-0.1598065135,0.342601411,0.9994021345,-0.02954038084,0.003190251793,0.01767941427
14.12991047,46.34963751,0.6247069557,-0.1604725616,0.3425958578,0.9993860011,-0.03008874005,0.003198377269,0.01766518866
14.14997387,46.36970091,0.6246077232,-0.1609640225,0.342595225,0.9993738061,-0.03049531567,0.003207984407,0.01765616586
14.17489004,46.39461708,0.6244880711,-0.1616317855,0.3426048927,0.9993566737,-0.03105544906,0.003238069877,0.01764405505
14.19988084,46.41960788,0.6243574546,-0.1622283063,0.342601719,0.9993415795,-0.03154254287,0.003243122063,0.01763398991
14.22487807,46.44460511,0.6242357025,-0.1628046307,0.3425948201,0.9993267294,-0.03201587463,0.003248242137,0.01762159247
14.24496269,46.46468973,0.6241244193,-0.1632647154,0.3425720538,0.9993150961,-0.03238761635,0.003232836869,0.01760482217
14.2649672,46.48469424,0.6240299374,-0.1636819238,0.342551361,0.9993043081,-0.0327283269,0.003222997094,0.01758887913
14.28498459,46.50471163,0.6239274585,-0.1641266066,0.342519894,0.9992928204,-0.03309184334,0.003205661533,0.01756453048
14.30994296,46.52967,0.6238006543,-0.1646148205,0.3424608105,0.9992805205,-0.03348459356,0.003161989794,0.01752783941
14.32994413,46.54967117,0.6237095012,-0.16499717,0.3424141124,0.9992706458,-0.03379620107,0.003132784527,0.01749797028
14.35498714,46.57471418,0.6235848199,-0.1655050057,0.3423560018,0.9992574072,-0.03420885246,0.003095121987,0.01745877255
14.37998843,46.59971547,0.6234630907,-0.1659866503,0.3423073202,0.9992446325,-0.03459862701,0.003061265147,0.01742779608
14.39999557,46.6197226,0.6233662749,-0.1663666939,0.3422640864,0.9992345074,-0.03490634845,0.003031192229,0.01739994182
14.42491841,46.64464545,0.6232449802,-0.1668197823,0.3422136359,0.9992223773,-0.03527030999,0.002992866414,0.01736918652
14.44493532,46.66466236,0.6231598015,-0.1671548058,0.3421734587,0.9992132883,-0.03554165104,0.002965542301,0.01734361551
14.46499014,46.68471718,0.6230837119,-0.167479778,0.3421286099,0.9992043754,-0.03580847149,0.002939537899,0.01731267211
14.48996305,46.70969009,0.6229880723,-0.1678701578,0.3420656993,0.9991937365,-0.03612746568,0.002900179332,0.01727055861
14.51002812,46.72975516,0.6229133499,-0.1681671552,0.3420132043,0.9991856477,-0.03636934524,0.002866013443,0.01723653362
14.5349412,46.75466824,0.622826684,-0.1685396329,0.3419454289,0.9991753343,-0.03667620881,0.002826688435,0.01719060322
14.55992198,46.77964902,0.6227427833,-0.1689093952,0.3418787655,0.9991649469,-0.03698219042,0.002789118127,0.01714489399
14.57992792,46.79965496,0.6226632764,-0.1692389341,0.3418298977,0.9991555462,-0.03725265134,0.002759403742,0.01711198685
14.6049552,46.82468224,0.6225603555,-0.1696674897,0.3417762931,0.9991430933,-0.03760450236,0.002728027269,0.01707449473
14.62996936,46.8496964,0.6224484943,-0.1701217333,0.3417240947,0.9991297338,-0.0379761729,0.002696405141,0.01703862446
14.65498686,46.8747139,0.6223200867,-0.1706217195,0.3416760431,0.9991148195,-0.03838289369,0.002664370767,0.01700682116
14.67998362,46.89971066,0.6221870246,-0.1711573841,0.3416397551,0.9990984102,-0.03882051505,0.002642913352,0.01698085528
14.70494986,46.9246769,0.6220367796,-0.1717444974,0.341600596,0.9990802824,-0.03929831532,0.002618051787,0.01695221233
14.72496819,46.94469523,0.6219219314,-0.1721769751,0.3415650893,0.9990668845,-0.03964872872,0.002592549175,0.01692977802
14.74499059,46.96471763,0.621805646,-0.1726340019,0.3415214281,0.9990525812,-0.0400216924,0.002565037293,0.01690043764
14.76987672,46.98960376,0.6216343235,-0.1732637296,0.3414558434,0.9990328688,-0.04053113096,0.002517382501,0.01685874182
14.79486871,47.01459575,0.6214746422,-0.1738613636,0.3413791119,0.9990140131,-0.04101648532,0.002465398694,0.01680985911
14.81487131,47.03459835,0.6213298958,-0.1743854646,0.3413072078,0.9989974286,-0.04143982336,0.002414418604,0.01676452198
14.8398025,47.05952954,0.6211725294,-0.1749566205,0.341215901,0.9989792522,-0.04190176789,0.00235097045,0.01670833228
14.8599081,47.07963514,0.6210302028,-0.1754898203,0.3411465614,0.9989618351,-0.04233563876,0.002305269862,0.01666227399
14.87995529,47.09968233,0.6208906804,-0.1759836523,0.3410750161,0.998945734,-0.04273393088,0.002253733132,0.016617831
14.89996839,47.11969543,0.6207618504,-0.1764628616,0.3410079269,0.9989297962,-0.04312370883,0.002209443193,0.01657487185
14.92496943,47.14469647,0.6205813332,-0.1771049051,0.3409176937,0.998908333,-0.04364284125,0.002145624382,0.01651789763
14.94497919,47.16470623,0.6204573689,-0.1775676333,0.3408580922,0.9988925069,-0.04401993526,0.00210712718,0.01647923101
14.96996164,47.18968868,0.6202842685,-0.1782275012,0.3407934535,0.9988693857,-0.04456027312,0.002067908497,0.01643338296
14.994982,47.21470904,0.6201251661,-0.1788271992,0.3407332946,0.9988481303,-0.0450508857,0.002030468722,0.01639230277
15.01996922,47.23969626,0.6199487485,-0.1795001564,0.3406762447,0.9988238465,-0.04560246582,0.001997501067,0.01635080215
15.03998041,47.25970745,0.6198215006,-0.1799871516,0.3406410011,0.9988060019,-0.04600180312,0.001977813759,0.01632461388
15.0599966,47.27972364,0.6196892337,-0.1805215497,0.3406169426,0.9987859258,-0.04644369688,0.001970299272,0.01630261536
15.08495903,47.30468607,0.6195299549,-0.1811480949,0.340581461,0.9987622643,-0.0469607563,0.001954798715,0.01627284665
15.10992861,47.32965565,0.6193720225,-0.1817855586,0.3405486178,0.9987377794,-0.04748886193,0.001943468975,0.01624435029
15.12994671,47.34967375,0.6192477474,-0.1822889489,0.3405270969,0.9987181884,-0.04790638821,0.001938625168,0.0162234335
15.15494776,47.3746748,0.6191179106,-0.1829638091,0.3405353161,0.9986905697,-0.04848229041,0.001978791122,0.01620795673
15.17497444,47.39470148,0.6190514949,-0.1835271374,0.340564984,0.998666197,-0.04898355989,0.002053467533,0.0161932451
15.19993639,47.41966343,0.6190167291,-0.1842413719,0.3406195207,0.9986337678,-0.0496427316,0.002190371773,0.01616784856
15.21993947,47.43966651,0.6190174219,-0.1848323853,0.3406805147,0.9986058315,-0.05020220564,0.002332527403,0.01614593163
15.24490619,47.46463323,0.6190877644,-0.1854989626,0.3407968007,0.9985720026,-0.05086501315,0.002566791495,0.01612816415
15.2649703,47.48469734,0.6191903851,-0.1860365183,0.340930968,0.9985429877,-0.05142050174,0.002811239793,0.01612236412
15.28993559,47.50966263,0.6193790209,-0.186623065,0.3411415665,0.9985085955,-0.05206127705,0.003165827486,0.01613027211
15.30993938,47.52966642,0.6195806464,-0.1870538129,0.3413439305,0.9984811014,-0.05256059512,0.003496148801,0.01614468843
15.33492327,47.55465031,0.6198643353,-0.1875272409,0.3416176613,0.9984485238,-0.05313798006,0.003930793476,0.01616939416
15.35492468,47.57465172,0.6200980131,-0.1878742151,0.3418419745,0.9984234833,-0.05357303763,0.004281249548,0.01619099969
15.37996626,47.5996933,0.620371951,-0.1882751961,0.3420838102,0.998394247,-0.05407775024,0.004677323873,0.01620639286
15.40494108,47.62466812,0.6206117638,-0.1886345912,0.3422824187,0.9983680252,-0.05452787146,0.005016938839,0.01621196792
15.42495155,47.64467859,0.6207826048,-0.1889033535,0.3424153822,0.9983485777,-0.05486157522,0.005255612915,0.01620812969
15.44997239,47.66969943,0.6209628298,-0.189174325,0.3425168437,0.9983290256,-0.05520200407,0.00548183514,0.01618161929
15.47488475,47.69461179,0.621122115,-0.1894108507,0.3424959757,0.9983131087,-0.05550272424,0.005612236186,0.01608997702
15.49488711,47.71461415,0.6212528697,-0.1896060745,0.3424192034,0.9983005865,-0.05575269179,0.00568218897,0.01597776925
15.51495099,47.73467803,0.6213765973,-0.1897918972,0.3423145333,0.9982889678,-0.05599152129,0.005728229781,0.0158516168
15.53994155,47.75966859,0.6215201974,-0.1900044403,0.342072544,0.9982770286,-0.05626876058,0.005706930231,0.01562791506
15.56490636,47.7846334,0.6216451796,-0.1901860513,0.3416739256,0.9982689557,-0.05651156012,0.005572217985,0.01531293865
15.58491087,47.80463791,0.6217325213,-0.1903246987,0.3413083532,0.9982634868,-0.05669386879,0.00542452236,0.01504628825
15.60493851,47.82466555,0.6218354501,-0.1904848768,0.3408871122,0.9982569201,-0.05690671717,0.005255886661,0.01473508146
15.62998128,47.84970832,0.6220119559,-0.190752259,0.3403972531,0.9982431885,-0.05725926304,0.005111669305,0.01434518451
15.64999676,47.8697238,0.6221638665,-0.1909834265,0.3399660139,0.9982311502,-0.05756456716,0.004982362736,0.01400240929
15.67493749,47.89466453,0.6223793254,-0.191314601,0.3394660635,0.9982123239,-0.05799802864,0.004868042845,0.01358996777
15.69996166,47.9196887,0.6226146934,-0.1916738923,0.3390072339,0.9981906201,-0.05846759093,0.004798914215,0.01319079709
15.72495079,47.94467783,0.6228689182,-0.1920617973,0.3385799881,0.9981660977,-0.05897284475,0.004767136014,0.01280309741
15.74989247,47.96961951,0.6231316017,-0.1924618454,0.3382105746,0.9981397483,-0.05949154049,0.004779026869,0.01244830668
15.77483988,47.99456692,0.6234041469,-0.1928804135,0.3379119914,0.9981110377,-0.06003040738,0.004845251294,0.01213384031
15.7948761,48.01460314,0.6236271715,-0.1932235166,0.3377232677,0.9980867213,-0.0604705022,0.004933673973,0.01191108332
15.81496072,48.03468776,0.6238617608,-0.1935816835,0.3376095715,0.9980603266,-0.06092792316,0.005079461675,0.01172909584
15.83994269,48.05966973,0.6241447988,-0.19401677,0.3375319308,0.9980274762,-0.06148026164,0.005293122939,0.01154629757
15.85994911,48.07967615,0.6243701216,-0.1943552762,0.3375199127,0.9980011564,-0.06191123007,0.005495140592,0.01142343274
15.88495779,48.10468483,0.624646268,-0.1947736564,0.33757368,0.9979677324,-0.0624398468,0.005783198901,0.01132365794
15.90498424,48.12471128,0.6248575509,-0.195100151,0.3376732321,0.9979410334,-0.06284792378,0.006040192325,0.0112848793
15.92504787,48.14477491,0.6250674667,-0.1954240186,0.3378161577,0.9979139343,-0.06325126213,0.006323409828,0.0112726279
15.95003676,48.1697638,0.6253206773,-0.1958078351,0.3380451119,0.9978808357,-0.06372953784,0.006698813941,0.01129201864
15.97490287,48.19462991,0.6255689343,-0.196189068,0.3382954638,0.9978474917,-0.0642021837,0.00708409498,0.01132601044
15.9949522,48.21467924,0.6257767366,-0.1965018984,0.3384991812,0.9978197288,-0.0645920454,0.007400820676,0.01135272065
16.01497912,48.23470616,0.625964084,-0.1967800286,0.3386655323,0.9977948737,-0.06494066559,0.007675907369,0.01136575926
16.03498769,48.25471473,0.626133254,-0.1970244839,0.3388108083,0.9977727353,-0.06524911612,0.007919943063,0.01137524055
16.05992031,48.27964735,0.6263213416,-0.197284071,0.3389697908,0.997748736,-0.06558079058,0.008188440098,0.01138284497
16.08486986,48.3045969,0.6264934333,-0.1975073343,0.3391072758,0.9977275974,-0.06587168231,0.008427152275,0.01138182284
16.10496092,48.32468796,0.6266151263,-0.1976669105,0.3391800406,0.9977126966,-0.06607953621,0.008580532042,0.011368568
16.12497377,48.34470081,0.6267204329,-0.1978206669,0.3392217913,0.9976989564,-0.06627481612,0.008702867215,0.01134465867
16.14994168,48.36966872,0.6268388761,-0.197988385,0.3392612327,0.9976838386,-0.06648988295,0.00883505166,0.01131350715
16.17496538,48.39469242,0.6269534076,-0.19811732,0.3393049965,0.997671237,-0.06666632079,0.008960317928,0.0112879269
16.19496608,48.41469312,0.6270385329,-0.1981942361,0.339340022,0.9976630253,-0.06677973894,0.009051670261,0.01127038857
16.2199316,48.43965864,0.627114477,-0.1982502864,0.3393634723,0.9976565831,-0.06686922414,0.009126051353,0.01125007818
16.23993587,48.45966291,0.6271584606,-0.1982795035,0.3393671077,0.997653136,-0.06691827207,0.009161937922,0.01123494892
16.26497436,48.4847014,0.6272158196,-0.1982965981,0.3393706947,0.9976500132,-0.06696208558,0.00920434596,0.0112165144
16.289922,48.50964904,0.6272763754,-0.1982801446,0.3393796654,0.9976488914,-0.0669756945,0.009246135998,0.01120066151
16.31489706,48.5346241,0.6273327619,-0.1982288706,0.3393832241,0.9976502336,-0.0669549643,0.009276395151,0.01118001425
16.33498812,48.55471516,0.6273767144,-0.1981568923,0.3393711994,0.9976534828,-0.06690911705,0.009285053247,0.01115733346
16.35992837,48.57965541,0.6275466259,-0.197762362,0.3393552641,0.9976730357,-0.06661664585,0.009304583201,0.01114276058
16.37993073,48.59965777,0.6278047578,-0.1973141719,0.3393880383,0.9976922522,-0.06631567509,0.009396902894,0.01113998643
16.39993095,48.61965799,0.6281724364,-0.196753771,0.3394774535,0.9977140774,-0.06596184258,0.00957825209,0.01113157997
16.42496371,48.64469075,0.6287685582,-0.1959269164,0.3396560438,0.9977435384,-0.06546518394,0.009904711826,0.0111372365
16.44497108,48.66469812,0.6293493266,-0.1952001931,0.3398290475,0.9977668884,-0.06505818687,0.01023004764,0.01113619697
16.46992993,48.68965697,0.6301895203,-0.1942400572,0.3400959497,0.9977942702,-0.06456251254,0.01070354989,0.01112251324
16.49497056,48.7146976,0.6310329793,-0.1933651716,0.340384794,0.9978163099,-0.0641726431,0.01091047446,0.01120023239
16.51993895,48.73966599,0.6317765238,-0.1926494528,0.340732413,0.997834209,-0.0639472513,0.01018259313,0.01157390166
16.54495502,48.76468205,0.6324209128,-0.192195867,0.3411083409,0.9978393549,-0.06397617404,0.008662255041,0.0121916474
16.56997275,48.78969979,0.6329765557,-0.1920196656,0.3415067779,0.9978269898,-0.06426290246,0.006630281216,0.01294670493
16.5949676,48.81469464,0.6334732754,-0.1920069715,0.3419168579,0.9978004169,-0.06469892396,0.004323162276,0.01377271137
16.61497211,48.83469915,0.6338690732,-0.1919555902,0.34221009,0.9977775263,-0.06500973759,0.002459607911,0.01441153665
16.63993669,48.85966372,0.6344138965,-0.1917524192,0.3424663869,0.997752488,-0.06528680263,0.0002590418016,0.01508439577
16.66495919,48.88468623,0.6350406695,-0.1915434588,0.3426940149,0.9977237374,-0.06557826216,-0.001574920721,0.01563185758
16.684973,48.90470004,0.6356086388,-0.1914363883,0.342821756,0.997696554,-0.06588405034,-0.002709066965,0.01592290774
16.70996165,48.92968869,0.6364307688,-0.1913217757,0.3429295014,0.9976612744,-0.06631943028,-0.00371775849,0.0161211945
16.7299664,48.94969344,0.6371495113,-0.1912175535,0.3429201933,0.9976356213,-0.06667037821,-0.004258165185,0.01612748594
16.75494432,48.97467136,0.6381377912,-0.1909695882,0.342868219,0.9976141546,-0.06701512058,-0.004453164731,0.01597314616
16.77496409,48.99469113,0.639005877,-0.1906935067,0.3427724447,0.9976045067,-0.06723477548,-0.004241853834,0.01570795628
16.79997659,49.01970363,0.6401659427,-0.1903683864,0.3425862897,0.9975927927,-0.06754965792,-0.003666542151,0.01523876967
16.82496309,49.04469013,0.6413355211,-0.1901612786,0.3423670073,0.9975727553,-0.06798522158,-0.003084717857,0.01473404171
16.84992862,49.06965566,0.6425057295,-0.1900389121,0.3421618637,0.9975462261,-0.06850380373,-0.002478224612,0.01423425672
16.86994314,49.08967018,0.6434421856,-0.1899542675,0.3420064623,0.9975232128,-0.06893518864,-0.001984930667,0.01383617241
16.88996482,49.10969186,0.644374052,-0.1898572069,0.3418165708,0.9975005178,-0.06935570671,-0.001520124982,0.01342357003
16.91496158,49.13468862,0.6455022285,-0.1897513834,0.3415781209,0.9974712885,-0.06987968049,-0.0009617200809,0.01292029024
16.9399364,49.15966344,0.6465977628,-0.1897353697,0.3413726468,0.9974361005,-0.070472041,-0.0003873615542,0.0124405281
16.95995712,49.17968416,0.6474462955,-0.1897977686,0.3411949063,0.9974032745,-0.07100299484,6.183801242e-05,0.01205317134
16.97998309,49.19971013,0.6482804718,-0.1899197574,0.3410277423,0.9973661234,-0.07158468462,0.0005161061387,0.01166972502
17.00494075,49.22466779,0.6492846137,-0.1900486581,0.3408017234,0.9973215804,-0.07227090048,0.001040039582,0.01120269891
17.02494621,49.24467325,0.6500611333,-0.1900749914,0.3406228592,0.9972912759,-0.07273538982,0.001433344679,0.01084526119
17.04495978,49.26468682,0.6508290422,-0.19014215,0.3404898179,0.9972577009,-0.07323312407,0.001859158996,0.01051337588
17.06496501,49.28469205,0.6515936462,-0.1902230576,0.3403687356,0.9972225198,-0.07374361401,0.002282768548,0.01019384263
17.08997464,49.30970168,0.6525184562,-0.1903413674,0.3402266191,0.9971776848,-0.07438211444,0.002815336009,0.009799992089
17.11499238,49.33471942,0.6534012512,-0.1904797164,0.3401167979,0.9971319857,-0.07501698583,0.003331667941,0.009442186379
17.13979769,49.35952473,0.6542670066,-0.1905298157,0.3400455119,0.9970919237,-0.07556310856,0.00382242408,0.009126961759
17.15992403,49.37965107,0.6549536711,-0.1904742507,0.339976342,0.9970662349,-0.07591128354,0.004165374043,0.008890997513
17.17995071,49.39967775,0.6556400985,-0.1903707584,0.3399721731,0.9970432608,-0.07621449908,0.004544265223,0.008685381029
17.19995284,49.41967988,0.6563048576,-0.1902990364,0.3399639675,0.9970185923,-0.07653582744,0.004906155246,0.008492545136
17.21995592,49.43968296,0.6569698546,-0.1902239696,0.340027043,0.9969934378,-0.07685347962,0.005317446783,0.008327809048
17.24494147,49.46466851,0.6578027442,-0.1901077145,0.3401063776,0.996963006,-0.07723083361,0.005847038312,0.008122507982
17.26495934,49.48468637,0.6584670106,-0.1899743693,0.3402201079,0.9969409895,-0.0774931484,0.006305540658,0.007982204324
17.28497219,49.50469923,0.6591080901,-0.1897759645,0.3403350278,0.9969243317,-0.07768299499,0.006729034346,0.007870785224
17.30988503,49.52961206,0.6598961596,-0.1895041142,0.3405530688,0.9969050019,-0.077891408,0.007285761071,0.007762953104
17.32996583,49.54969287,0.6605077501,-0.1892904144,0.3407511432,0.9968896541,-0.07805051545,0.007737369694,0.007698552713
17.35484481,49.57457185,0.6612349862,-0.1891657844,0.3410431151,0.9968611056,-0.07835730981,0.008353657168,0.007634431213
17.37495542,49.59468246,0.6617924927,-0.1891486533,0.3413071842,0.9968327688,-0.07866460177,0.008855887969,0.007608196841
17.39496565,49.61469269,0.6623304041,-0.189139865,0.3415818105,0.9968043154,-0.07897020194,0.00934937556,0.00757979272
17.41995907,49.63968611,0.6629890136,-0.1891697665,0.3419616848,0.996765579,-0.07938452536,0.009955398357,0.007574143244
17.44494843,49.66467547,0.6635924081,-0.1892274031,0.3422992175,0.9967273293,-0.0797916997,0.01053067851,0.007551191664
17.46996832,49.68969536,0.664161161,-0.1893134384,0.3426123797,0.9966883722,-0.08020577135,0.01107385028,0.007529456418
17.49495053,49.71467757,0.6646580285,-0.189502111,0.3428908968,0.9966453315,-0.0806804684,0.01148529337,0.007538786181
17.51495814,49.73468518,0.6649722664,-0.1896999924,0.3430862781,0.996612511,-0.08108377446,0.01143645283,0.00762443527
17.53985929,49.75958633,0.6652565012,-0.1899803207,0.3432561144,0.9965758336,-0.08159282888,0.01087174107,0.007811754332
17.55994844,49.77967548,0.665428044,-0.1901489902,0.3433421659,0.9965538433,-0.08193312934,0.01016341159,0.008006540888
17.58496809,49.80469513,0.6656141936,-0.1904219032,0.3434276263,0.9965222307,-0.0824119666,0.009122157129,0.008276335166
17.60995126,49.8296783,0.6658037866,-0.1907206176,0.3434975027,0.9964872,-0.08291419939,0.008122446872,0.0085159581
17.63499022,49.85471725,0.6660134427,-0.1910258902,0.3434879414,0.9964503833,-0.08341550538,0.007325258964,0.008650300869
17.65990996,49.879637,0.6662563247,-0.1912773605,0.3434145776,0.9964160922,-0.08387162004,0.006695769408,0.008699957878
17.67992806,49.8996551,0.6664870643,-0.1913970052,0.3433064123,0.9963934138,-0.08417386464,0.006290689172,0.008680593245
17.69995236,49.9196794,0.6667435834,-0.1914535092,0.3431716518,0.9963746272,-0.08442470625,0.005980454975,0.008620054106
17.71995473,49.93968177,0.6670132833,-0.1914476217,0.3429784497,0.9963607573,-0.08461505524,0.005771972914,0.008498122044
17.74495292,49.96467996,0.66739363,-0.1913508574,0.3426666491,0.9963490496,-0.08478435907,0.005638587365,0.008269836774
17.76498628,49.98471332,0.6677142531,-0.1912471515,0.3423555362,0.9963413119,-0.08490311421,0.005544992743,0.008043913464
17.7849865,50.00471354,0.6680441773,-0.1910938274,0.3420252248,0.9963370619,-0.08498064806,0.005465064939,0.007802663668
17.809937,50.02966404,0.668458751,-0.1908551726,0.3415513539,0.9963354352,-0.08503733228,0.00532868324,0.007480500383
17.82993889,50.04966593,0.6687863033,-0.1906667466,0.34118423,0.996334028,-0.08508163561,0.005242465385,0.007220561637
17.84997559,50.06970263,0.6691232104,-0.1903968065,0.3407454211,0.9963385956,-0.08506107746,0.005076242285,0.006946067344
17.87491298,50.09464002,0.6695265881,-0.1902080826,0.3402636361,0.9963328349,-0.08516432749,0.004895650155,0.006629633479
17.89494276,50.1146698,0.6698368743,-0.1900544063,0.3398569953,0.9963287022,-0.08524417433,0.004665578227,0.006385941066
17.91496062,50.13468766,0.6701197175,-0.1899872596,0.3394874515,0.9963186711,-0.08539013643,0.004406388245,0.006181742136
17.93988395,50.15961099,0.6704465678,-0.1898926778,0.3390110883,0.9963076374,-0.08555782039,0.003950762137,0.00594496487
17.96494699,50.18467402,0.6707591502,-0.1898256504,0.3385650212,0.9962942344,-0.08574879016,0.003415893301,0.005768455645
17.98988461,50.20961165,0.6710352475,-0.1898304379,0.3382202547,0.9962763589,-0.08598377404,0.002910343978,0.005633582732
18.0149231,50.23465014,0.671280858,-0.1899195707,0.3379103567,0.9962526177,-0.08628077158,0.002363563494,0.005546511753
18.03492761,50.25465465,0.6714868787,-0.1900536508,0.3377181248,0.996227674,-0.08658112186,0.001968927447,0.005500379789
18.05979371,50.27952075,0.6717495022,-0.1901767045,0.3375163745,0.9961999039,-0.08691292158,0.001561615542,0.005427428685
18.07987761,50.29960465,0.6719871229,-0.19027857,0.3374431271,0.9961768152,-0.08718285864,0.001451135961,0.00536620591
18.09988141,50.31960845,0.6722508846,-0.1903435693,0.3374044195,0.9961558575,-0.08742583481,0.001459750712,0.005300946302
18.11989427,50.33962131,0.6725502808,-0.1904365096,0.3374466126,0.9961312834,-0.08770626631,0.001636407063,0.005234432289
18.1449244,50.36465144,0.6729414314,-0.1906031925,0.337545988,0.9960958223,-0.08810635798,0.001965411325,0.005149721043
18.16987967,50.38960671,0.6733576495,-0.1907856129,0.3377367961,0.9960573853,-0.08853262543,0.002386781738,0.005095360409
18.19486094,50.41458797,0.6738098299,-0.1909938422,0.3380291514,0.9960141226,-0.08900425345,0.002886955567,0.005076997976
18.21490979,50.43463683,0.6741814895,-0.1911364553,0.3382825166,0.9959805049,-0.08936578477,0.003306052998,0.005065608574
18.23491192,50.45463896,0.6745646336,-0.1912160762,0.3385509039,0.9959512262,-0.0896745533,0.003746688939,0.005058847246
18.25992751,50.47965455,0.6750664653,-0.1912446788,0.3388788851,0.9959186841,-0.09001147762,0.004291509919,0.005048914686
18.28487992,50.50460696,0.6755636999,-0.1912503288,0.3391925303,0.9958877836,-0.0903274062,0.004807554853,0.005036830307
18.30490351,50.52463055,0.6759631139,-0.1912501218,0.339439241,0.9958630109,-0.09057854556,0.005206700571,0.005028001545
18.32493353,50.54466057,0.6763525307,-0.1912786297,0.3396806563,0.9958362257,-0.09084901101,0.005616219734,0.005012665183
18.34494042,50.56466746,0.676742416,-0.1912895366,0.3399113099,0.9958106667,-0.09110393554,0.006022789284,0.004991497397
18.36494994,50.58467698,0.6771298063,-0.191285105,0.3401120815,0.995786399,-0.09134457532,0.00640484537,0.004959248167
18.38988996,50.60961699,0.6776007563,-0.1913383954,0.3403459642,0.9957515571,-0.09169235075,0.006873900572,0.004909052345
18.41495252,50.63467956,0.6780843911,-0.1913879649,0.340543947,0.9957159799,-0.09204643707,0.007329532373,0.004839296467
18.43990517,50.65963221,0.678560334,-0.1915237176,0.3406760651,0.9956732831,-0.09247773824,0.007758192541,0.00473198125
18.45994902,50.67967606,0.6789230875,-0.1916031078,0.3407409833,0.9956426878,-0.09278592989,0.008056113304,0.004637721966
18.48497295,50.70469999,0.6793743753,-0.1917740049,0.340791297,0.9955980869,-0.0932391108,0.008398993047,0.004513803507
18.50993776,50.7296648,0.6798365992,-0.191974822,0.3407893518,0.995550021,-0.09372749515,0.008742666901,0.004344891626
18.53493857,50.75466561,0.6802849248,-0.1921451723,0.3407618822,0.9955051881,-0.09418035322,0.009057552202,0.004176397165
18.55992961,50.77965665,0.6806924169,-0.192349028,0.3406264483,0.9954601746,-0.09464448924,0.009251376875,0.003984148255
18.5799334,50.79966044,0.6810119508,-0.1925434212,0.3405123636,0.995421576,-0.09504004666,0.009419062654,0.00381534572
18.59993815,50.81966519,0.6813169815,-0.1926930618,0.3403514517,0.9953879762,-0.09538486896,0.009555248773,0.003633304095
18.62487411,50.84460115,0.6816969449,-0.1928501456,0.3400817669,0.9953487047,-0.09579112134,0.009675812018,0.003375762396
18.64493847,50.86466551,0.6820019761,-0.192944567,0.3398687617,0.9953198178,-0.09608900247,0.009758074385,0.003184931778
18.66993618,50.88966322,0.6823602528,-0.1931494288,0.3395539026,0.9952773764,-0.09652843866,0.009831987869,0.002921758596
18.68995428,50.90968132,0.6826515579,-0.1933437869,0.3393026844,0.995240075,-0.09691044279,0.009911360933,0.002706320912
18.71494269,50.93466973,0.6830278437,-0.1935712811,0.3389184955,0.9951938519,-0.09738534491,0.009976552115,0.002400039895
18.73992443,50.95965147,0.6834070155,-0.1938226584,0.3385441129,0.9951448064,-0.09788467982,0.01004779939,0.00210842261
18.7648809,50.98460793,0.6837765275,-0.194136672,0.3381881876,0.9950901352,-0.09843602976,0.01013320005,0.0018135796
18.78986311,51.00959015,0.6841499337,-0.194414717,0.3377993783,0.9950380938,-0.09895816906,0.0102093225,0.001497428547
18.81478858,51.03451562,0.6845419226,-0.1945789413,0.3373960559,0.9949949708,-0.09938916176,0.010266661,0.001182415416
18.83483434,51.05456138,0.684862982,-0.1946996863,0.3370893654,0.9949605267,-0.09972987356,0.01032606813,0.0009353664792
18.85493731,51.07466435,0.685182961,-0.1948056993,0.3367816357,0.994927382,-0.1000562952,0.01038092932,0.0006917906349
18.87993383,51.09966087,0.6856081582,-0.1949204047,0.3364491629,0.9948853275,-0.1004631133,0.01049673939,0.0004067803843
18.90494657,51.1246736,0.6860618757,-0.195039698,0.3361313149,0.9948403019,-0.1008933425,0.01064372698,0.0001187342877
18.92993259,51.14965963,0.6865213967,-0.1951556792,0.3358652268,-0.9947945863,0.1013239394,-0.01082412931,0.0001473488371
18.95477748,51.17450452,0.6869947798,-0.1952934361,0.3356165788,-0.9947453977,0.1017836156,-0.01102383807,0.0004058732281
18.97486305,51.19459009,0.6873897197,-0.1954151063,0.3354066273,-0.9947034207,0.1021732426,-0.01119570624,0.0006239467104
18.99992967,51.21965671,0.6879172144,-0.1955169639,0.3352139524,-0.9946524606,0.1026361915,-0.01146853431,0.0008760438231
19.02486777,51.24459481,0.6884390105,-0.1955924411,0.3349591728,-0.9946046059,0.1030711942,-0.01169275005,0.001134219758
19.04994178,51.26966882,0.688976022,-0.1956471739,0.3347689727,-0.9945571701,0.1034938991,-0.01196605935,0.001364453458
19.07494307,51.2946701,0.6895208999,-0.1957388941,0.3345306349,-0.9945059233,0.103951401,-0.01222722284,0.001603027355
19.09992385,51.31965089,0.6900784456,-0.19579249,0.3343236178,-0.9944570261,0.1043807866,-0.01251154499,0.001826442782
19.1199429,51.33966994,0.6905331094,-0.1958617032,0.3341985567,-0.9944142992,0.1047523686,-0.01277452403,0.001988559723
19.14489412,51.36462116,0.6910949922,-0.195995837,0.3340464517,-0.9943566995,0.105252792,-0.01311053051,0.002172049606
19.16992188,51.38964891,0.6916786407,-0.1961284978,0.3339376171,-0.9942963189,0.1057695046,-0.0134930603,0.002362094734
19.19494104,51.41466808,0.6922897787,-0.1961639086,0.3338393034,-0.994242043,0.1062240828,-0.01387915868,0.002563803221
19.21989775,51.43962479,0.6929105732,-0.1961707202,0.3337735367,-0.9941893196,0.1066582114,-0.01428547785,0.002747341388
19.23991251,51.45963955,0.6934210275,-0.1960905711,0.3336985674,-0.9941545513,0.1069365061,-0.01459191071,0.002896181423
19.26488066,51.4846077,0.6940857815,-0.1959839008,0.3336784717,-0.9941086476,0.1072962393,-0.01503778406,0.003062476584
19.28492117,51.50464821,0.6946380417,-0.1958424027,0.3336325002,-0.9940756235,0.1075492014,-0.01537963501,0.003207923072
19.30990958,51.52963662,0.6953453967,-0.1956506491,0.3336237297,-0.9940340206,0.1078616884,-0.015840612,0.003361100144
19.33491206,51.5546391,0.6960672025,-0.1954466521,0.3335983603,-0.9939922427,0.1081718793,-0.01630582805,0.003519362783
19.35990787,51.5796349,0.6968139776,-0.1952453322,0.3336044907,-0.9939463722,0.1085101355,-0.01680889705,0.003690605562
19.38487387,51.60460091,0.6975551027,-0.1950072949,0.3335543055,-0.9939046826,0.10881355,-0.01726549898,0.00387244038
19.40489912,51.62462616,0.6981390025,-0.1948165623,0.3335416597,-0.9938721254,0.1090470202,-0.01763665629,0.003986735503
19.4299202,51.64964724,0.6988637556,-0.194577587,0.333484488,-0.9938311542,0.1093423116,-0.01807275287,0.00415588967
19.44992304,51.66965008,0.6994538647,-0.1943581322,0.3334660117,-0.9937999046,0.1095621064,-0.01842863865,0.004275490462
19.47491837,51.6946454,0.7001752701,-0.1941147757,0.3333755842,-0.9937604053,0.1098532735,-0.01879183604,0.004402494385
19.49992895,51.71965599,0.7008750879,-0.1939221476,0.3333374059,-0.9937177165,0.1101822518,-0.01910143964,0.004484014992
19.52490449,51.74463153,0.701555977,-0.1938076491,0.3332757045,-0.9936694499,0.1105853216,-0.01926989872,0.004536745582
19.54993129,51.76965833,0.7022497898,-0.1937117852,0.3332229318,-0.9936177089,0.1110145543,-0.01945904257,0.00457852594
19.57485032,51.79457736,0.7029518768,-0.1936372445,0.3331395875,-0.9935621019,0.1114738268,-0.01965440991,0.004651847642
19.59490538,51.81463242,0.7034977694,-0.1936265425,0.3330607149,-0.9935138488,0.1118791015,-0.01977779157,0.004705089456
19.61490798,51.83463502,0.7040389591,-0.1936854397,0.3329849952,-0.9934584704,0.1123452288,-0.01990431973,0.004757640071
19.63989592,51.85962296,0.7047426227,-0.1938188225,0.3328876687,-0.9933809333,0.1129829403,-0.02015344866,0.004797403244
19.65991282,51.87963986,0.7053154069,-0.1939170553,0.3328103472,-0.993325003,0.1134279807,-0.02043038262,0.004704359872
19.67992401,51.89965105,0.7058727082,-0.1940681956,0.3327097802,-0.9932727082,0.1138442969,-0.02071315173,0.004446178572
19.7048974,51.92462444,0.7065681986,-0.1942427326,0.3325411693,-0.9932159682,0.1142764073,-0.02114443945,0.003981960706
19.7249167,51.94464374,0.7071425923,-0.1943700991,0.3323572621,-0.9931763913,0.1145548666,-0.02157887013,0.003491524408
19.74492502,51.96465206,0.7077130378,-0.1945149646,0.3321425385,-0.9931402191,0.1148028149,-0.02201145753,0.00288350451
19.76990223,51.98962927,0.7084147001,-0.1947343273,0.3318525811,-0.9930991907,0.1150769619,-0.0225291846,0.001930284118
19.79491067,52.01463771,0.7090967811,-0.1949782814,0.3315353126,-0.9930631383,0.1152971291,-0.02305440097,0.0008183605543
19.81991816,52.0396452,0.7097654278,-0.1952103593,0.3311352729,0.9930299259,-0.1154845596,0.02355407678,0.0002961318425
19.84493184,52.06465888,0.7104061614,-0.1954568286,0.3306983659,0.9929969194,-0.1156673303,0.02400323628,0.00142523648
19.86988115,52.08960819,0.7110186995,-0.1956544553,0.3302599572,0.9929693606,-0.1157919878,0.02444881128,0.00251398496
19.89485765,52.11458468,0.7116034036,-0.1958113312,0.3298149238,0.9929425357,-0.1159086892,0.02486595374,0.003461354541
19.91493797,52.13466501,0.7120600416,-0.1958752785,0.3294224958,0.9929248672,-0.1159832338,0.02512153295,0.004123861602
19.93990827,52.15963531,0.7125905686,-0.1959858264,0.3289552036,0.9928987965,-0.1161198306,0.02538450378,0.004877680492
19.95991206,52.1796391,0.7129879627,-0.1960958751,0.3286483245,0.9928735731,-0.1162646039,0.02559969918,0.005409721778
19.98489523,52.20462227,0.7134379477,-0.1962445985,0.3282666283,0.9928402094,-0.1164708972,0.0258355452,0.005947552498
20.00489831,52.22462535,0.7137804892,-0.1963363561,0.3279603878,0.9928126601,-0.1166566631,0.02598788002,0.006234975551
20.0249095,52.24463654,0.7141042346,-0.1964587005,0.3276953039,0.9927791356,-0.1168982183,0.0261353682,0.00642938154
20.04491615,52.26464319,0.7144071248,-0.1965282244,0.3274179725,0.9927504505,-0.1171171124,0.02621778891,0.006538551445
20.0649178,52.28464484,0.7146944434,-0.1966463577,0.3271866646,0.9927142557,-0.117400778,0.02630964159,0.006577743549
20.08493757,52.30466461,0.7149691218,-0.1967144041,0.3269718157,0.9926804625,-0.1176749803,0.026376251,0.006510897846
20.10989571,52.32962275,0.7153032246,-0.1968032756,0.326708175,0.992636146,-0.1180412471,0.02644258837,0.006366714042
20.13491297,52.35464001,0.7156053523,-0.1968716125,0.3264174368,0.9925978281,-0.1183616794,0.02648408426,0.006217529934
20.15491915,52.37464619,0.7158387112,-0.196873387,0.3261987958,0.9925736416,-0.1185600746,0.02652995354,0.006102157016
20.17493176,52.3946588,0.7160717449,-0.1968455386,0.3260251189,0.9925530915,-0.1187229255,0.0265868641,0.006030431795
20.19990039,52.41962743,0.7163347981,-0.1968426013,0.3258144089,0.9925277196,-0.1189314189,0.02661581831,0.00597005287
20.22491574,52.44464278,0.7165820487,-0.1969187358,0.3256831233,0.9924932994,-0.1192028455,0.02669802873,0.00591165102
20.24988437,52.46961141,0.7168269159,-0.1969459646,0.3256071632,0.992463497,-0.1194217196,0.02683923709,0.005857925184
20.26991487,52.4896419,0.7170213428,-0.1969334556,0.3255713268,0.99244401,-0.1195562078,0.02696467157,0.005840091427
20.28993011,52.50965714,0.7172217973,-0.1969202219,0.3255976549,0.9924231212,-0.1196919542,0.02713057099,0.005840949887
20.31477714,52.53450418,0.7174623684,-0.1968722284,0.3256474261,0.9924011364,-0.1198278101,0.02733530787,0.00583621262
20.33483839,52.55456543,0.7176567495,-0.1967906048,0.3256910715,0.9923884926,-0.1198954367,0.02749604718,0.005842203979
20.35495067,52.57467771,0.7178698876,-0.1966894112,0.3257458743,0.9923764742,-0.1199520347,0.0276760683,0.005871800125
20.3798058,52.59953284,0.7181426376,-0.196565649,0.3258631507,0.9923600474,-0.1200244925,0.02793779067,0.005927684896
20.39984846,52.6195755,0.7183625713,-0.196413351,0.3259557828,0.9923524427,-0.1200395744,0.02813596537,0.005957981027
20.4249289,52.64465594,0.7186570947,-0.1961655525,0.3260631653,0.9923480036,-0.1200145525,0.02838546296,0.006017683276
20.44985962,52.66958666,0.7189638468,-0.1959244267,0.3261582647,0.9923427371,-0.119991305,0.02864752145,0.006107239243
20.47485042,52.69457746,0.7193039512,-0.195652287,0.3262722477,0.992338882,-0.1199436169,0.02894829043,0.006250477133
20.49489641,52.71462345,0.719575404,-0.1954959687,0.3263235947,0.992330943,-0.119944846,0.02918478844,0.006386044613
20.51493764,52.73466468,0.7198573264,-0.1953113005,0.3263293061,0.9923273901,-0.1199119092,0.02940404339,0.006548821163
20.54483247,52.76455951,0.720317797,-0.1951294431,0.3263287753,0.99231394,-0.1198971774,0.02981336101,0.006991051889
20.56485009,52.78457713,0.7206245064,-0.1950428183,0.3262840897,0.9923050709,-0.1198803191,0.03008437047,0.007367908788
20.58979106,52.8095181,0.7210079588,-0.194939393,0.3261559276,0.9922977048,-0.1198278572,0.03039633076,0.007912818566
20.60989952,52.82962656,0.721311217,-0.1949755599,0.3260157016,0.9922850807,-0.1198234076,0.03067290031,0.008476014068
20.6299274,52.84965444,0.7216392537,-0.1949663797,0.3258884182,0.9922781805,-0.1197549174,0.03097833276,0.009116750331
20.64993668,52.86966372,0.7219593492,-0.1949857889,0.3256871553,0.9922773773,-0.1196418432,0.03124443022,0.009758150398
20.66993833,52.88966537,0.7222887032,-0.1949848874,0.3254353412,0.9923245723,-0.1191312543,0.03148266127,0.01041774488
20.69495392,52.91468096,0.7226985101,-0.1950647952,0.3250702315,0.9924382711,-0.1180168655,0.0317733162,0.01134697807
20.71990991,52.93963695,0.7231045679,-0.1952729915,0.3246730788,0.9925777241,-0.1166476228,0.03208450109,0.01238460551
20.73991394,52.95964098,0.7234340028,-0.1954307546,0.3242995631,0.9927158306,-0.1153185284,0.03229436474,0.0131905528
20.76485085,52.98457789,0.723843204,-0.1956438238,0.3237912384,0.992908379,-0.1134675829,0.03252054746,0.01415883458
20.78490949,53.00463653,0.7241764367,-0.1958208843,0.3233543514,0.9930625274,-0.1119696453,0.03267731855,0.01489321843
20.80493832,53.02466536,0.7244899991,-0.1960756777,0.3229181463,0.9932040148,-0.1105637794,0.03282906231,0.01561051934
20.82991505,53.04964209,0.7248758682,-0.1963857492,0.3223806385,0.9933659551,-0.1089320803,0.0330027293,0.01639210216
20.84995365,53.06968069,0.725183452,-0.1966193168,0.3219354377,0.9934674663,-0.1079153176,0.0330936613,0.01677758287
20.87494087,53.09466791,0.7255302677,-0.1968220829,0.3213729644,0.9935565066,-0.1070817161,0.03307817666,0.01687626872
20.89995027,53.11967731,0.7258412987,-0.1969650701,0.3208295759,0.9936104074,-0.1066387363,0.03299087839,0.01667753339
20.92486405,53.14459109,0.7261513287,-0.1970816751,0.3203032642,0.9936385766,-0.106430673,0.03293391947,0.01643922064
20.94985557,53.16958261,0.726461811,-0.1970962186,0.319782872,0.9936727255,-0.1061667574,0.0328665341,0.01621496612
20.9699502,53.18967724,0.7267220779,-0.197108953,0.3194452351,0.9936709659,-0.1062066909,0.03287152492,0.01605033249
20.99494243,53.21466947,0.7270345943,-0.1971248969,0.3189912365,0.9936712285,-0.1062440106,0.03285190449,0.01582568018
21.01990747,53.23963451,0.7273368554,-0.1970292298,0.3185625208,0.9937055996,-0.1059639275,0.03281382758,0.01562306059
21.03990936,53.2596364,0.727594022,-0.1968482104,0.3181808047,0.9937371477,-0.1057118613,0.03275284575,0.01545104652
21.05992317,53.27965021,0.7278466031,-0.1966852242,0.3178525881,0.9937803267,-0.1053364393,0.0327202401,0.01530629325
21.08491254,53.30463958,0.7281493259,-0.1963977222,0.3174608629,0.9938393824,-0.1048204858,0.03266647983,0.01512775154
21.10491753,53.32464457,0.728389848,-0.1961302415,0.3171985244,0.9939010701,-0.1042582855,0.03264136353,0.01501379676
21.12492418,53.34465122,0.7286077562,-0.1958558796,0.316875466,0.9939585348,-0.1037524206,0.03256498308,0.01487911871
21.14991236,53.3696394,0.7288825292,-0.1954773538,0.316558269,0.9940283273,-0.1031181762,0.03250838726,0.01474893155
21.17492104,53.39464808,0.7291234195,-0.1952758221,0.3163059635,0.9940603548,-0.1028271585,0.03250593191,0.01462705861
21.19985628,53.41958332,0.7293403835,-0.1950032078,0.3160496778,0.9941065483,-0.1024074961,0.03246981321,0.01451160334
21.2248683,53.44459534,0.7295565792,-0.1947242016,0.3158010555,0.9941479912,-0.1020302421,0.03243642171,0.01440416192
21.24492836,53.4646554,0.7297147776,-0.1945214377,0.3156294518,0.9941750453,-0.1017829389,0.03241839599,0.01432690461
21.26992869,53.48965573,0.7298867177,-0.1943399976,0.3154661846,0.9941961386,-0.1015867454,0.03242122647,0.01424904406
21.29492617,53.51465321,0.7300527575,-0.1941940937,0.3153119361,0.9942313939,-0.1012482715,0.03243097214,0.01417585526
21.31992078,53.53964782,0.7302283661,-0.1939805869,0.3151520193,0.9942882374,-0.1006991241,0.03242761344,0.01410805784
21.3399322,53.55965924,0.7303650942,-0.1938188023,0.3150407831,0.9943335524,-0.1002555994,0.03243253354,0.01406172777
21.35994506,53.5796721,0.730494925,-0.1936935117,0.3149327339,0.9943599737,-0.09999658572,0.03244311692,0.01401319596
21.38490582,53.60463285,0.730654559,-0.1936101441,0.3147961175,0.9943796248,-0.09980119294,0.03247145349,0.0139459097
21.40491199,53.62463903,0.7307756752,-0.1935904324,0.3146829889,0.9943873567,-0.09972434822,0.03249587539,0.01388731013
21.42492342,53.64465046,0.7308977293,-0.1935706611,0.3145510549,0.994383019,-0.09977188333,0.03251213838,0.01381823705
21.44993949,53.66966653,0.7310584636,-0.1935522802,0.3144090929,0.9943713562,-0.09988551599,0.03255255631,0.01374120896
21.47486854,53.69459558,0.7312108365,-0.1936407988,0.3142628928,0.9943495191,-0.1000944753,0.03260773295,0.01366987727
21.49493384,53.71466088,0.7313394846,-0.1937903727,0.3141756597,0.9943232262,-0.1003359522,0.03269020612,0.01361502458
21.51992559,53.73965263,0.7315090127,-0.1940329565,0.3140577388,0.9942856164,-0.1006807653,0.03280557794,0.01353848253
21.54487324,53.76460028,0.7316817439,-0.1943493695,0.3139410823,0.9942381853,-0.1011153342,0.03293894626,0.01345904576
21.5649116,53.78463864,0.7318116011,-0.1946182449,0.3138100473,0.9942005387,-0.1014680481,0.0330224418,0.01338067489
21.58491421,53.80464125,0.7319438873,-0.1948878171,0.3136525912,0.9941636708,-0.1018174588,0.03309269028,0.01329189882
21.60493922,53.82466626,0.7320806181,-0.1951643294,0.3134512871,0.994125112,-0.1021893037,0.03314361991,0.01319501462
21.62993407,53.84966111,0.7322556045,-0.1955512034,0.3132072624,0.9940712648,-0.1027006325,0.03322334177,0.01308090752
21.65484643,53.87457347,0.7324337251,-0.1960310803,0.3129401525,0.9940100927,-0.1032768675,0.03331529412,0.01295821696
21.67987442,53.89960146,0.7326249031,-0.1965295294,0.3126883537,0.9939568357,-0.1037679549,0.03342724409,0.0128311953
21.69988632,53.91961336,0.7327738731,-0.1968892776,0.3124424167,0.993956482,-0.1037687456,0.03347631727,0.01272381766
21.71993828,53.93966532,0.7329276877,-0.1972544156,0.3122202761,0.9939683987,-0.1036456981,0.0335418361,0.012622875
21.74481821,53.96454525,0.7331062021,-0.1976944118,0.3119078349,0.9940210348,-0.103139207,0.03358563474,0.01250965616
21.76493382,53.98466086,0.7332489557,-0.1980369483,0.3116483017,0.9940863669,-0.1025094543,0.03361137346,0.01242507283
21.78982258,54.00954962,0.7334308605,-0.1984103223,0.3113348797,0.9941846247,-0.1015545356,0.03363878208,0.01233047284
21.81493306,54.0346601,0.7336207485,-0.1987675349,0.3109951429,0.9942797917,-0.1006256492,0.03365716968,0.01222167964
21.83992815,54.05965519,0.7337994382,-0.1991240235,0.3106244721,0.9943716192,-0.09973093919,0.03365062596,0.01210198982
21.86492324,54.08465028,0.73397737,-0.199474796,0.3102662699,0.9944546351,-0.0989136399,0.03365158724,0.01198503929
21.88984227,54.10956931,0.7341649019,-0.1998268996,0.3099711826,0.9945171732,-0.09827914535,0.03369754,0.01188602333
21.9099071,54.12963414,0.7343172152,-0.2001274908,0.3097635997,0.9945428158,-0.09800757668,0.03375985387,0.01180570464
21.93486905,54.15459609,0.7345106037,-0.2005387544,0.3095872314,0.9945578089,-0.09781758146,0.03389620231,0.0117274484
21.95487809,54.17460513,0.7346596564,-0.2009219305,0.3095120027,0.9945589994,-0.09775727598,0.03404954719,0.01168503216
21.97492504,54.19465208,0.7348142458,-0.2013411894,0.3094949961,0.9945326568,-0.09795892867,0.03424991932,0.01165271772
21.9999373,54.21966434,0.7350157268,-0.2018800037,0.3095525592,0.9944892154,-0.0982942018,0.03455576593,0.01163397525
22.02493024,54.24465728,0.7351992096,-0.2023785216,0.3096506458,0.9944485585,-0.09859737378,0.03486175596,0.01163100594
22.04493761,54.26466465,0.7353360849,-0.2027206382,0.3097625249,0.9944060797,-0.09893777053,0.03510553247,0.01163906796
22.06990528,54.28963232,0.7354901191,-0.2030764281,0.3099341049,0.9943508172,-0.09938771516,0.03539083879,0.01166288839
22.08993244,54.30965948,0.7356029927,-0.2033284605,0.3100778781,0.9943102715,-0.09971664787,0.03559585112,0.0116880085
22.11490798,54.33463502,0.7357371221,-0.2036022214,0.3102431298,0.9942645982,-0.1000856775,0.03582594604,0.01171612345
22.13491964,54.35464668,0.7358378658,-0.2037646178,0.3103639963,0.9942344925,-0.1003221627,0.03599282884,0.0117368589
22.15980792,54.37953496,0.7359519888,-0.2039047881,0.3104840712,0.9942050185,-0.1005529512,0.03615578496,0.01175773918
22.18479228,54.40451932,0.7360381956,-0.2039850955,0.3105525925,0.9941860659,-0.1007051546,0.03624996394,0.01176767786
22.20980883,54.42953587,0.7360928431,-0.2039701411,0.3105711464,0.9941817114,-0.1007409668,0.03626981371,0.01176787479
22.2347486,54.45447564,0.7361099802,-0.2039067162,0.3105304636,0.9941876826,-0.1007093439,0.03619583484,0.01176186375
22.25481391,54.47454095,0.7361102326,-0.2038687168,0.3104797552,0.994193497,-0.1006929162,0.03608247574,0.01175934416
22.27481461,54.49454165,0.7360893985,-0.2038551669,0.3104307178,0.9942008364,-0.1006983652,0.03585883909,0.01177623854
22.29979181,54.51951885,0.7360189547,-0.2038443423,0.3103756018,0.9942179883,-0.10071307,0.03531609526,0.01184240923
22.32482934,54.54455638,0.7358956239,-0.2038290368,0.3103247341,0.9942454568,-0.1007281464,0.03444830103,0.01196355868
22.34489989,54.56462693,0.7357568053,-0.2038376264,0.3103114407,0.9942721913,-0.1007631638,0.033507855,0.01211685097
22.36490059,54.58462763,0.7355990341,-0.2038669954,0.3103296521,0.9942991443,-0.1008210532,0.03245057157,0.01229988824
22.38491654,54.60464358,0.7354262035,-0.2039084326,0.3103618253,0.9943262709,-0.1008935666,0.03129840022,0.0124966157
22.40992785,54.62965488,0.7351697818,-0.2039537133,0.3103925933,0.9943653399,-0.1009753671,0.02963697496,0.01277481202
22.43492126,54.6546483,0.7348910552,-0.2039879316,0.3104245882,0.9944061879,-0.1010511703,0.02782028887,0.01307769043
22.45984626,54.6795733,0.7346169429,-0.2040195244,0.3104703476,0.9944433943,-0.1011359326,0.02597178913,0.01339122123
22.47991276,54.6996398,0.7344011908,-0.204059325,0.3105146669,0.9944686756,-0.1012203093,0.02450001004,0.01364741042
22.50484443,54.72457147,0.7341349202,-0.2041220359,0.3105748691,0.9944953708,-0.1013358055,0.02269351824,0.01396481761
22.52983689,54.74956393,0.7339025003,-0.2042089638,0.3106590696,0.9945123429,-0.1014812286,0.02105659502,0.01426112933
22.54985785,54.76958489,0.7337529379,-0.2043081488,0.3107592175,0.9945168714,-0.1016359947,0.019919649,0.01447496989
22.57491565,54.79464269,0.733626847,-0.2044996078,0.3109451541,0.9945072564,-0.1019116174,0.01878966241,0.01470672931
22.59491682,54.81464386,0.7335738339,-0.2046840014,0.3111378601,0.994490516,-0.102171295,0.01813568697,0.01485721999
22.61494374,54.83467078,0.7335716161,-0.2049003273,0.3113793099,0.9944649145,-0.1024755729,0.01773028995,0.01496421375
22.63985038,54.85957742,0.7336632832,-0.2051964025,0.3117571586,0.9944204966,-0.1029109663,0.01767112526,0.0149980106
22.65989304,54.87962008,0.7338129024,-0.2054397504,0.3121486791,0.9943764403,-0.1032934149,0.01800026147,0.01489819012
22.67992902,54.89965606,0.7340191547,-0.2057302957,0.3126434395,0.9943206834,-0.1037559972,0.01854956451,0.01473041967
22.70483112,54.92455816,0.7343269894,-0.2061224681,0.3133882304,0.9942406143,-0.1044099953,0.0193719848,0.01445267869
22.7299242,54.94965124,0.7346933061,-0.2065219604,0.3142920313,0.9941506374,-0.1051294005,0.02035939024,0.01406465213
22.7548337,54.97456074,0.7351192652,-0.206953297,0.3153373044,0.9940472168,-0.1059401833,0.02149920735,0.01358647925
22.77489352,54.99462056,0.7354990322,-0.2072690526,0.3162448315,0.9939604736,-0.1066043537,0.02248020915,0.01314263885
22.79493713,55.01466417,0.7359065071,-0.2075670995,0.3172130085,0.9938698495,-0.1072809881,0.02353183678,0.01263980087
22.8199122,55.03963923,0.736421589,-0.207913849,0.3189191313,0.9937510381,-0.1080663705,0.02513592476,0.01219504272
22.8399291,55.05965614,0.7367430507,-0.2081835391,0.3205058705,0.9936637421,-0.1085592607,0.02641824836,0.01222009179
22.86493325,55.08466029,0.7371032096,-0.2084944836,0.323069795,0.9935527524,-0.1090539207,0.02827949226,0.01266652834
22.88993239,55.10965943,0.7373691768,-0.2087568856,0.3261598187,0.9934473166,-0.1093750461,0.03026817713,0.01354126286
22.91495204,55.13467908,0.7375290305,-0.2088821016,0.3296435555,0.993358368,-0.1094560479,0.03231640667,0.01463476185
22.93990779,55.15963483,0.7376283264,-0.2088475947,0.3334714677,0.9932825467,-0.1093689966,0.0342929317,0.01588080221
22.96485758,55.18458462,0.737675834,-0.2086789776,0.3375443494,0.9932182741,-0.1091960538,0.03599467734,0.01726456083
22.98490882,55.20463586,0.7376273648,-0.208487677,0.3409801386,0.993179857,-0.1090387731,0.03689525706,0.0185218125
23.00985408,55.22958112,0.737445722,-0.2082180759,0.3452803798,0.9931504332,-0.1088549646,0.03734256676,0.02020758318
23.02990985,55.24963689,0.7372810459,-0.2078741694,0.3487786874,0.9931386621,-0.1086414926,0.03749345884,0.02160704553
23.05489898,55.27462602,0.7370878875,-0.2072637222,0.3531717973,0.9931346685,-0.1082719636,0.03760491881,0.02337909867
23.0749073,55.29463434,0.7369194651,-0.2067337485,0.3567631919,0.9931295162,-0.1079607337,0.03771565872,0.0248147763
23.09490943,55.31463647,0.7367538082,-0.2061374191,0.3603430704,0.9931256484,-0.1076193566,0.03782121346,0.02625026275
23.11982465,55.33955169,0.7365249019,-0.2053836239,0.3648622289,0.9931147231,-0.1072037861,0.03798879706,0.02805969173
23.13990498,55.35963202,0.7363311915,-0.2047262011,0.3685148547,0.993105548,-0.1068501839,0.0381261034,0.02950947269
23.15995073,55.37967777,0.7361167755,-0.2040484339,0.3721628421,0.9930955358,-0.1064939617,0.03822170677,0.03097408474
23.18490982,55.40463686,0.7358107762,-0.2031926725,0.3766873099,0.993082505,-0.1060643708,0.0382358578,0.03279491813
23.20491362,55.42464066,0.7355616057,-0.202405441,0.3802301238,0.9930804319,-0.1056615185,0.03815017194,0.03422665144
23.22492766,55.4446547,0.7352941031,-0.2016131192,0.3837163489,0.9930777728,-0.1052704285,0.03798660273,0.03566079111
23.24992347,55.46965051,0.734932818,-0.2006455976,0.3878595266,0.9930762362,-0.1048092881,0.03763613595,0.03739149025
23.26992631,55.48965335,0.7346459999,-0.1998788347,0.3910906315,0.9930710554,-0.1044548579,0.03739905683,0.03873463687
23.2948494,55.51457644,0.7343080308,-0.1988822863,0.3949783532,0.9930651278,-0.1039869834,0.0371862152,0.04031804444
23.31485033,55.53457737,0.7340434852,-0.1980569371,0.398027648,0.993059771,-0.103602596,0.03703578845,0.04155891934
23.33489752,55.55462456,0.7337448034,-0.1972747298,0.4008997056,0.9930580009,-0.1032458325,0.03670678468,0.04276350034
23.35490227,55.57462931,0.7334382493,-0.1964922092,0.4036662494,0.9930586279,-0.1029012992,0.03627914831,0.04392843667
23.37992501,55.59965205,0.7330577465,-0.1955439069,0.4069877792,0.9930571615,-0.1024907281,0.0357706345,0.04531651224
