time_s,recording_time_s,x_m,y_m,z_m,qx,qy,qz,qw
0,58.33960795,0.6371911281,0.1205709822,0.4034067245,-0.9975069934,0.02465925999,-0.03419157572,0.05659200533
0.02001595497,58.35962391,0.6373144421,0.1215135012,0.4017572053,-0.997373398,0.02635425133,-0.03310649301,0.05878536002
0.04504990578,58.38465786,0.6376681755,0.1224506655,0.3993755813,-0.9972172416,0.02858215629,-0.03132880743,0.06131345046
0.07004189491,58.40964985,0.6384418768,0.1233019322,0.396721752,-0.99703964,0.0309298408,-0.02953067534,0.0639002388
0.09004330635,58.42965126,0.6393178364,0.1239078494,0.3943284937,-0.9968853148,0.03289161467,-0.02802495065,0.06597281948
0.1100447178,58.44965267,0.6402966283,0.1245119955,0.3918019153,-0.9967396769,0.03478962904,-0.02632863055,0.06787121188
0.1350429058,58.47465086,0.6417143434,0.1250198068,0.3885225187,-0.9965848984,0.03718859536,-0.0239448795,0.06972941535
0.1600115299,58.49961948,0.6434315778,0.1253033817,0.3851368117,-0.9964508551,0.03956896047,-0.02154272463,0.07110486461
0.1800382137,58.51964617,0.6449947802,0.1254742611,0.3824823652,-0.99634282,0.0414144414,-0.01987731738,0.07204666014
0.2049446106,58.54455256,0.6469764151,0.1256725889,0.3792663216,-0.9962208304,0.04353109179,-0.01810410892,0.07294753136
0.2249565125,58.56456447,0.6486768995,0.1258048549,0.3770006131,-0.9961344731,0.04506940099,-0.01722422553,0.07340426875
0.2500350475,58.589643,0.6510177105,0.1259482736,0.3746822539,-0.9960264198,0.04692433441,-0.01688678684,0.07378559726
0.2749483585,58.61455631,0.6533407236,0.1263138429,0.3727736922,-0.9959424171,0.04825961808,-0.01706358934,0.07401719345
0.300000906,58.63960886,0.6556687041,0.1267354503,0.3713696558,-0.9958566619,0.04943464684,-0.01770813809,0.07424383193
0.3249566555,58.66456461,0.6579880567,0.1272088942,0.3703250203,-0.9957620095,0.05055463487,-0.01862885482,0.07453331477
0.3500263691,58.68963432,0.6603616848,0.127610192,0.3695048691,-0.9956561906,0.0517395136,-0.01977690476,0.07483746964
0.3748393059,58.71444726,0.662668527,0.1279294212,0.3687864004,-0.995551497,0.05292944956,-0.02097546869,0.07507143266
0.3950233459,58.7346313,0.6644093889,0.1281700787,0.3682547056,-0.9954726072,0.05383588657,-0.02190894733,0.07520627404
0.4150242805,58.75463223,0.6661228869,0.1283687011,0.3679409059,-0.9953886581,0.05473244145,-0.02299165159,0.07534695222
0.4400639534,58.77967191,0.6681644911,0.1284325695,0.3675212232,-0.9952921521,0.0558984933,-0.0242583426,0.0753685822
0.465023756,58.80463171,0.6701232291,0.1282267544,0.3672963193,-0.9951935244,0.05717047469,-0.02563883449,0.07525979038
0.4899384975,58.82954645,0.6718932749,0.1280830113,0.3672294939,-0.9951002814,0.05827911989,-0.02699122696,0.07516946102
0.5149047375,58.85451269,0.6734782482,0.1280053204,0.3672315311,-0.9950136837,0.05925139655,-0.02826550164,0.07508730074
0.5349152088,58.87452316,0.6746622295,0.127821229,0.367282747,-0.9949468326,0.06007742714,-0.02924966199,0.07493971123
0.5549714565,58.89457941,0.6757683893,0.127474423,0.3673364622,-0.9948836335,0.06098280805,-0.03018852283,0.07467466839
0.5749809742,58.91458893,0.6767993243,0.1269821924,0.3674007034,-0.9948246929,0.06195897927,-0.03108017154,0.07428955634
0.6000006199,58.93960857,0.6780006967,0.1260700596,0.367446077,-0.9947581573,0.06327689442,-0.03213488858,0.07361787839
0.6250047684,58.96461272,0.6790962051,0.1249930709,0.3675398268,-0.9946960826,0.06461067404,-0.03316594555,0.07283669503
0.6499922276,58.98960018,0.6799676948,0.1239058997,0.3676250696,-0.9946529352,0.06577398423,-0.03400391565,0.07199343899
0.6700072289,59.00961518,0.6804517168,0.1231836586,0.3676522216,-0.9946344406,0.06647716997,-0.0344966201,0.07136594891
0.690030098,59.02963805,0.6808043974,0.1225407996,0.3676309132,-0.994623285,0.06705984109,-0.0348406036,0.07080699829
0.7149786949,59.05458665,0.68111364,0.1218242115,0.3675124694,-0.9946198423,0.06766551084,-0.03509472192,0.07015061263
0.7399837971,59.07959175,0.6812991366,0.1212067029,0.3672971883,-0.9946283995,0.06814556416,-0.03517967542,0.06951920179
0.7599873543,59.09959531,0.6813680304,0.1208252633,0.3670868905,-0.9946424121,0.06841834171,-0.03514556209,0.06906657649
0.7849373817,59.12454534,0.6814266707,0.120465423,0.3668452653,-0.9946593462,0.06867203756,-0.03507783932,0.06860380003
0.8050074577,59.14461541,0.6814711298,0.1202134131,0.3666895697,-0.9946702336,0.06885136432,-0.03504583586,0.06828180807
0.8300020695,59.16961002,0.6815264607,0.1198991365,0.3665098074,-0.9946817802,0.06907567651,-0.03500979273,0.06790450302
0.850028038,59.18963599,0.6815680427,0.1196268686,0.3663352817,-0.994693094,0.06926889199,-0.03494197216,0.06757608962
0.8750169277,59.21462488,0.68160912,0.1192186774,0.3660716532,-0.9947167522,0.06954750773,-0.03473196545,0.06704787625
0.8999845982,59.23959255,0.6815238256,0.1186237114,0.3657380359,-0.9948092327,0.06987457013,-0.03360054319,0.06590249178
0.9200105667,59.25961852,0.6812940784,0.1179617422,0.365412135,-0.9949595217,0.07016459947,-0.03161794405,0.06428673809
0.9450113773,59.28461933,0.680851493,0.116988332,0.3649401748,-0.9952030751,0.07054129907,-0.02815319633,0.06166167315
0.970025301,59.30963326,0.6802908256,0.1159934764,0.3644351746,-0.9954663369,0.07087571301,-0.02401940195,0.05870667588
0.9949977398,59.33460569,0.6797114535,0.1150391946,0.363970605,-0.9957061998,0.07118387621,-0.01979182698,0.05577009001
1.015033722,59.35464168,0.6792854209,0.1143658513,0.3636675004,-0.9958631475,0.07139690862,-0.01670872784,0.05366461937
1.039996147,59.3796041,0.678803129,0.1137391608,0.363375044,-0.996017907,0.07155616482,-0.01333856228,0.05147938422
1.060002565,59.39961052,0.67843508,0.1134184919,0.3632119346,-0.9961183336,0.07157852707,-0.01093166946,0.05005275744
1.084895372,59.42450333,0.6780130501,0.113186665,0.3630627813,-0.9962196722,0.07151285483,-0.008279496228,0.04861816843
1.104983091,59.44459105,0.6777153114,0.1130872123,0.3629290909,-0.9962845222,0.07142422802,-0.006440339995,0.04768912288
1.125011921,59.46461987,0.6774783424,0.1130368155,0.3628300915,-0.9963340387,0.07133219733,-0.00499858488,0.04695971779
1.150006771,59.48961473,0.6772771604,0.112981903,0.3627509049,-0.9963750716,0.07126070523,-0.003753923446,0.04630914138
1.175002098,59.51461005,0.6772061809,0.1128972613,0.3626931394,-0.9963929313,0.07127817024,-0.00312697671,0.0459431273
1.199965954,59.53957391,0.6772446891,0.1128292848,0.3626473167,-0.9963915275,0.07134512392,-0.003061755568,0.0458739895
1.220038414,59.55964637,0.677283875,0.1127880609,0.3626217814,-0.9963885195,0.07139498976,-0.003071848297,0.04586106593
1.245004892,59.58461285,0.6773118623,0.1127459694,0.3625901146,-0.9963864409,0.07143936889,-0.00306906259,0.04583729707
1.265032768,59.60464072,0.6773229691,0.1127120864,0.3625479717,-0.996385796,0.07146875267,-0.003047155712,0.04580696094
1.289959192,59.62956715,0.6773281704,0.1126899959,0.3624740612,-0.9963859338,0.0714882628,-0.003000665098,0.04577657913
1.315007687,59.65461564,0.6773257679,0.1127068321,0.362390714,-0.9963876384,0.0714791305,-0.002942083268,0.04575753615
1.339954376,59.67956233,0.6773245165,0.1127144469,0.3623088954,-0.9963892652,0.07147609228,-0.002885204562,0.04573047148
1.364909649,59.7045176,0.677328195,0.1126915179,0.362242359,-0.9963904053,0.07149464671,-0.00284306614,0.04567923714
1.389876604,59.72948456,0.6773387473,0.1126217199,0.362151468,-0.9963906172,0.07154805621,-0.002778407831,0.04559489076
1.41489768,59.75450563,0.677354131,0.1125047695,0.3620078802,-0.9963911194,0.071637549,-0.00268500972,0.04544875579
1.439855337,59.77946329,0.6773678336,0.1123867628,0.361842596,-0.9963939781,0.0717257297,-0.002580355749,0.04525264579
1.459903955,59.79951191,0.677382479,0.1123022968,0.3617226899,-0.9963960796,0.07179119111,-0.002527329657,0.04510532078
1.479936361,59.81954432,0.6773940566,0.1122401373,0.3616056352,-0.9963987835,0.07184041203,-0.002475634433,0.04496988602
1.504975796,59.84458375,0.6773971891,0.112223822,0.3614591844,-0.9964034358,0.07185650195,-0.002397050819,0.04484518352
1.52996707,59.86957502,0.6773905119,0.1122659833,0.3613395043,-0.9964086155,0.07182894931,-0.002322063297,0.0447781313
1.554855585,59.89446354,0.6773859425,0.1123094199,0.3612157273,-0.9964126799,0.07180221791,-0.002240459294,0.04473469838
1.574860096,59.91446805,0.6773809916,0.1123447269,0.361091263,-0.9964157478,0.07178087495,-0.002153847345,0.04470485947
1.594913483,59.93452144,0.6773708808,0.1124077438,0.3609439682,-0.9964194401,0.07173975206,-0.002044761155,0.04469369412
1.619849443,59.9594574,0.6773527456,0.1125187273,0.3607648386,-0.9964250231,0.07166426363,-0.001906762347,0.0446964301
1.644876719,59.98448467,0.6773359326,0.1126217325,0.3605920439,-0.9964301026,0.07159435505,-0.001773042392,0.04470073006
1.669862509,60.00947046,0.6773288223,0.1126688721,0.3603794639,-0.9964328181,0.07156678119,-0.001614979921,0.04469034118
1.68991065,60.0295186,0.6773285919,0.1126701151,0.360171339,-0.9964333161,0.07157268778,-0.001462211409,0.04467503676
1.714930534,60.05453849,0.677330466,0.1126579825,0.3598648868,-0.9964327873,0.0715919341,-0.001236038725,0.04466282014
1.73991704,60.07952499,0.6773346562,0.1126316963,0.3595273454,-0.9964316547,0.07162244258,-0.0009884276381,0.04464533828
1.759946346,60.0995543,0.6773434439,0.1125781901,0.3592225151,-0.9964301409,0.07167132802,-0.0007721574376,0.04460491943
1.784963608,60.12457156,0.6773655302,0.1124473594,0.3587829311,-0.9964275893,0.07178176326,-0.0004765867665,0.04448832096
1.809966326,60.14957428,0.6773934227,0.1122690949,0.358322289,-0.9964248478,0.07192655123,-0.0001776034977,0.04431774432
1.834945917,60.17455387,0.677428816,0.1120477937,0.3578553112,-0.9964218251,0.07210248092,0.000112237106,0.04409950309
1.859978437,60.19958639,0.6774809481,0.111720972,0.3573572191,-0.9964182771,0.07235501575,0.0003942158463,0.04376315013
1.885010004,60.22461796,0.6775470658,0.1113069161,0.3568779811,-0.9964141962,0.07267066197,0.0006354737772,0.04332805917
1.909995079,60.24960303,0.67761944,0.110852557,0.3564548214,-0.9964099835,0.07301311154,0.0008215736697,0.04284338093
1.934977055,60.27458501,0.6776916451,0.110400607,0.3561131002,-0.9964059172,0.07335051528,0.0009455961354,0.04235629766
1.954984903,60.29459286,0.6777539623,0.1100190868,0.3558634824,-0.9964022679,0.07363492791,0.001020549572,0.04194491987
1.97996664,60.31957459,0.677829319,0.1095477942,0.355584927,-0.9963977223,0.07398454247,0.001092182798,0.04143276079
2.004964113,60.34457207,0.6779004494,0.1091022435,0.3553385158,-0.9963931656,0.07431398945,0.001146619902,0.04094845154
2.024969339,60.36457729,0.6779646189,0.1087256773,0.3551432234,-0.9963887958,0.07459407372,0.001180331351,0.04054255222
2.044981003,60.38458896,0.6780398938,0.1083066206,0.3549395152,-0.9963832932,0.07490775305,0.001205829105,0.04009622975
2.069913864,60.40952182,0.6781298821,0.1077532744,0.3546595292,-0.9963762571,0.07531783793,0.001253380546,0.0394969202
2.08992672,60.42953467,0.6781930925,0.107345631,0.3544475666,-0.9963709978,0.07561788471,0.001294671534,0.03905245348
2.114978552,60.45458651,0.6782744109,0.1068475889,0.3541934217,-0.9963638436,0.07598630992,0.001338657961,0.03851467039
2.134991884,60.47459984,0.678342818,0.1064329245,0.3539928448,-0.9963574683,0.07629357955,0.001367435643,0.03806855932
2.159936428,60.49954438,0.6784192005,0.1059402776,0.3537557943,-0.9963498391,0.07665575972,0.001403823537,0.03753560774
2.184891224,60.52449918,0.6784954162,0.1054847431,0.3535470358,-0.996342102,0.07699302697,0.001425521075,0.03704669308
2.204936981,60.54454494,0.6785614738,0.1051357973,0.3533961967,-0.9963353664,0.0772554256,0.00143038315,0.03667957031
2.229877949,60.5694859,0.6786415478,0.104692047,0.3532068257,-0.9963266259,0.07758722033,0.001440944936,0.03621327786
2.249884129,60.58949208,0.6786978544,0.1043313103,0.3530427895,-0.9963198928,0.07785257995,0.001461412498,0.03582612511
2.274852753,60.61446071,0.6787613821,0.103911251,0.3528430253,-0.9963120547,0.07816007295,0.001491456176,0.03537044237
2.299843788,60.63945174,0.6788288579,0.1035048755,0.3526500067,-0.9963036927,0.07846094676,0.001517248393,0.03493608034
2.324900866,60.66450882,0.6788957228,0.1030743611,0.3524413623,-0.9962947249,0.07877768742,0.001552357711,0.03447444312
2.349876404,60.68948436,0.6789615038,0.1026203356,0.3522176927,-0.9962852534,0.07910959801,0.001596649924,0.03398258559
2.369962215,60.70957017,0.6790123873,0.1022708753,0.3520379926,-0.9962777213,0.07936493386,0.001633634939,0.03360417572
2.394961596,60.73456955,0.6790764287,0.101831997,0.3518087108,-0.9962679249,0.07968564658,0.001682925379,0.03312985493
2.414984226,60.75459218,0.6791315269,0.1014546164,0.3516194676,-0.9962591051,0.07996155052,0.001720084293,0.03272594245
2.439955235,60.77956319,0.67920232,0.1009789924,0.3514022862,-0.9962477537,0.08030934391,0.001749688984,0.032214301
2.464962959,60.80457091,0.6792636385,0.1005608631,0.3512059451,-0.9962375691,0.08061443206,0.001780351735,0.03176239385
2.484988213,60.82459617,0.6793144301,0.1002439312,0.3510599919,-0.996229355,0.08084758792,0.001798510338,0.03142459487
2.509967566,60.84957552,0.6793779915,0.0998630713,0.3508947585,-0.9962190556,0.08112950853,0.0018118499,0.03102117509
2.534992218,60.87460017,0.6794400715,0.09946779584,0.3507228787,-0.9962083229,0.08141992328,0.00182914112,0.03060110513
2.559819221,60.89942718,0.6794968666,0.09907028349,0.3505343125,-0.9961975327,0.08170966787,0.001861728898,0.03017515611
2.579936028,60.91954398,0.6795434289,0.09875316645,0.3503819579,-0.996188699,0.0819413431,0.001888061466,0.02983500303
2.599936485,60.93954444,0.6795902587,0.09843971544,0.350232261,-0.9961797329,0.08217071086,0.001912922364,0.02950008019
2.619954348,60.9595623,0.6796388546,0.09809883763,0.3500714943,-0.9961699213,0.08241878878,0.00194069007,0.02913528698
2.644961119,60.98456907,0.6797030463,0.09764965865,0.3498651882,-0.9961567325,0.08274571811,0.001972089599,0.0286534687
2.664996386,61.00460434,0.6797536979,0.09730949486,0.349715778,-0.9961464288,0.082994067,0.001989120075,0.02828993898
2.689950228,61.02955818,0.6798239748,0.09688299667,0.3495371717,-0.996132681,0.08330906872,0.002001037499,0.02784379157
2.709991217,61.04959917,0.6798856762,0.09652044274,0.3493919636,-0.9961205399,0.08357781944,0.002006236772,0.02746985703
2.734980345,61.0745883,0.6799594418,0.09603071822,0.3491843317,-0.9961044225,0.08393593139,0.002027936085,0.0269560076
2.759939432,61.09954739,0.6800341292,0.09551712576,0.3489667663,-0.9960872909,0.08431005819,0.002051759467,0.02641426259
2.779941559,61.11954951,0.6800974637,0.09509148532,0.3487884674,-0.996072633,0.08462111646,0.002069208059,0.02596718745
2.799962997,61.13957095,0.6801616459,0.09465196346,0.3486029399,-0.9960571224,0.08494171711,0.002090597662,0.0255096641
2.819967508,61.15957546,0.6802252649,0.09418908707,0.348404335,-0.9960407226,0.08527747175,0.002117915163,0.02502291475
2.845003843,61.1846118,0.6803071552,0.0935891478,0.348152398,-0.9960187511,0.08571275131,0.002151148562,0.02439967611
2.869964838,61.20957279,0.6803940229,0.0929943008,0.3479109149,-0.9959960862,0.08614657021,0.002173794394,0.0237873774
2.889969587,61.22957754,0.6804651779,0.09250035916,0.3477105331,-0.9959768029,0.08650637703,0.00219482798,0.02328170152
2.909979582,61.24958754,0.6805398626,0.09197659456,0.3475023576,-0.9959558455,0.08688747047,0.002216010943,0.02275105508
2.929985046,61.269593,0.6806141826,0.09144387486,0.3472885738,-0.9959342236,0.08727475798,0.002238875657,0.02220644548
2.954991817,61.29459977,0.6807108121,0.09078013006,0.3470274769,-0.9959065529,0.08775875464,0.002259444748,0.02152751029
2.980000019,61.31960797,0.6808098889,0.09010481258,0.3467646706,-0.9958776854,0.08825072194,0.002278633591,0.02083875227
3.004974365,61.34458232,0.6809123973,0.08938168931,0.3464817008,-0.995846144,0.0887761857,0.002303016343,0.02009831838
3.024981499,61.36458945,0.680989825,0.08880617975,0.3462509024,-0.9958205723,0.08919375495,0.002329271857,0.01950478028
3.049972057,61.38958001,0.6810766007,0.08812226061,0.3459677727,-0.9957896787,0.08968857253,0.002370776961,0.01879508224
3.069979668,61.40958762,0.6811381347,0.08762065935,0.345756463,-0.9957668798,0.09004873048,0.002404412978,0.01826926608
3.094974518,61.43458247,0.6812133445,0.08699777364,0.3455029268,-0.9957378956,0.09049486546,0.002443185463,0.01762819746
3.11994648,61.45955443,0.6812885213,0.0863889317,0.3452581743,-0.9957087727,0.09093316151,0.002477365508,0.01700184878
3.144972801,61.48458076,0.6813566728,0.08583809243,0.3450352862,-0.995681885,0.09132999737,0.00250952433,0.01643526115
3.164993286,61.50460124,0.6814088385,0.0854152662,0.3448689494,-0.9956609402,0.09163365936,0.002531809986,0.01600483036
3.189985037,61.52959299,0.6814780728,0.08486487672,0.3446635459,-0.9956329123,0.09202957948,0.002555778765,0.01546377861
3.214963675,61.55457163,0.6815503771,0.08430421331,0.3444585644,-0.9956037128,0.0924336446,0.002577093908,0.01492069259
3.234981775,61.57458973,0.6816021986,0.08387327722,0.3442910919,-0.9955813701,0.09274219488,0.002599896272,0.0144865923
3.259872675,61.59948063,0.6816637156,0.08335069543,0.3440926271,-0.9955537903,0.09311617997,0.002628014289,0.01396857769
3.284860611,61.62446856,0.6817270862,0.08279985823,0.3438955214,-0.9955237504,0.09351143653,0.002658104445,0.01345392594
3.309864283,61.64947224,0.6817892307,0.08225053412,0.3436944102,-0.9954933621,0.09390544968,0.002690961566,0.01294184177
3.334846973,61.67445493,0.6818444991,0.08175052681,0.3434982919,-0.9954653362,0.09426633893,0.0027282793,0.01245705468
3.35485673,61.69446468,0.6818858239,0.0813728969,0.3433548536,-0.9954437336,0.09454068284,0.002755621067,0.01209293873
3.374973536,61.71458149,0.6819271192,0.08099115369,0.3432183473,-0.9954210094,0.09482225512,0.002784882353,0.01174727044
3.399955511,61.73956347,0.6819760749,0.08053112013,0.3430556162,-0.9953922762,0.09516976778,0.002826953856,0.01135517917
3.424944878,61.76455283,0.6820197255,0.08011042497,0.3429022963,-0.9953652647,0.0954918486,0.00287225163,0.01100213335
3.449952602,61.78956056,0.6820648709,0.07968017857,0.3427602938,-0.9953370241,0.09582251104,0.002913433152,0.01066615308
3.469952822,61.80956078,0.6821086075,0.07927519575,0.3426542236,-0.9953104446,0.09612641798,0.002939165636,0.01040153114
3.489984989,61.82959294,0.6821854609,0.07853539671,0.3425840071,-0.9952586927,0.09667475842,0.00296761644,0.01026249895
3.514980555,61.85458851,0.6822874517,0.07751125541,0.3425894587,-0.9951796935,0.09746519381,0.003020374511,0.01043028961
3.539936066,61.87954402,0.6824167452,0.07633517669,0.3427342295,-0.9950774667,0.09844041299,0.003070126297,0.01099521442
3.560000181,61.89960814,0.6825062552,0.07545069443,0.3429660851,-0.9949812505,0.09929901449,0.003179417926,0.01191252362
3.584980249,61.9245882,0.6826390916,0.07414021365,0.3433614251,-0.9948296688,0.1006070415,0.003349026692,0.0134512916
3.609993458,61.94960141,0.6827840607,0.07265451354,0.3438349804,-0.9946474162,0.1021199789,0.003561410636,0.01534091947
3.634973288,61.97458124,0.6829086825,0.07126174566,0.3443579263,-0.9944534227,0.1036307232,0.003842795471,0.01755836347
3.659876823,61.99948478,0.6830085584,0.07009806096,0.3449800114,-0.9942673713,0.104968893,0.004083550117,0.01993114203
3.679894924,62.01950288,0.6830838753,0.06927570957,0.345535945,-0.9941323446,0.1058729438,0.004182900861,0.02177853269
3.699989796,62.03959775,0.6831588941,0.06850490303,0.3461221961,-0.9940056932,0.1066695295,0.004217274263,0.02359042248
3.724900723,62.06450868,0.6832625952,0.06749013651,0.3468598621,-0.9938553046,0.1075832504,0.004165151,0.02569298172
3.749847651,62.0894556,0.6833902334,0.06627320173,0.3475631133,-0.993710748,0.1084883315,0.004008305722,0.02744384852
3.769942284,62.10955024,0.6834999676,0.0652405732,0.3480943316,-0.9935923715,0.1092457394,0.003870280453,0.02871565084
3.794977188,62.13458514,0.683624843,0.06395166533,0.3486885018,-0.9934458175,0.1101912648,0.003744516898,0.03015412894
3.819976807,62.15958476,0.6837417028,0.06272471392,0.3492207858,-0.9933061007,0.1110891669,0.003615856647,0.03145016474
3.844942093,62.18455005,0.683871086,0.06139133066,0.3496876354,-0.9931615679,0.1120619811,0.003473572756,0.03255989437
3.864966393,62.20457435,0.6839899992,0.06014966396,0.3499989815,-0.9930351577,0.1129679303,0.003365171661,0.03328810342
3.889958382,62.22956634,0.6841432871,0.0584295026,0.3502972621,-0.9928684541,0.1142188484,0.003255955113,0.03399538752
3.909968376,62.24957633,0.6842659871,0.05697273252,0.3504679435,-0.9927325663,0.1152758363,0.003190111131,0.03439994987
3.934904575,62.27451253,0.6844175638,0.05518907169,0.3506203208,-0.9925691505,0.1165719439,0.003103903764,0.03475383755
3.95492053,62.29452848,0.6845404121,0.05376254915,0.3506980917,-0.9924408712,0.1176109238,0.003036249526,0.03492232839
3.974970579,62.31457853,0.6846568759,0.05228459033,0.3507311537,-0.9923104576,0.1186845749,0.00299204718,0.03499964352
3.999927521,62.33953547,0.6847949735,0.05041942274,0.3507467534,-0.9921467841,0.1200350647,0.002951006473,0.03503760203
4.019942999,62.35955095,0.6848998168,0.04898582237,0.3507635633,-0.9920193897,0.1210730618,0.002909650351,0.03507674475
4.039943695,62.37955165,0.6849991157,0.04767057737,0.3507859621,-0.9919012206,0.1220273213,0.002860323284,0.03511580719
4.059947729,62.39955568,0.6850924807,0.04648373017,0.3508112999,-0.9917935701,0.1228911555,0.002807505815,0.03514820103
4.07995224,62.41956019,0.6851750525,0.04536850079,0.3508246934,-0.9916924292,0.1237016798,0.002765463339,0.03516208887
4.104961634,62.44456959,0.6852661583,0.04399891743,0.350829074,-0.9915678922,0.1246938547,0.002728290656,0.03517263528
4.12498045,62.4645884,0.6853350421,0.04293705416,0.3508325347,-0.9914708043,0.1254622702,0.002697929197,0.03517931471
4.149945974,62.48955393,0.6854291441,0.04162963773,0.3508504522,-0.9913498129,0.1264131827,0.002640990817,0.03518921493
4.169956446,62.5095644,0.6855053225,0.04063865184,0.3508711077,-0.9912570153,0.1271372168,0.002587549852,0.03519889537
4.194967985,62.53457594,0.6855843831,0.0395108775,0.3508878348,-0.9911511214,0.1279582883,0.002536921303,0.03520930336
4.219976187,62.55958414,0.6856616798,0.03852445809,0.3509157949,-0.9910572963,0.1286796462,0.00247447571,0.03522585884
4.244922638,62.58453059,0.6857903617,0.03758140906,0.3510094734,-0.9909633914,0.1293936607,0.002322761217,0.03526247604
4.264956474,62.60456443,0.6859826596,0.03680321747,0.3511884749,-0.9908797769,0.1300208244,0.002055441424,0.03532177871
4.28984046,62.62944841,0.6863140621,0.03582260824,0.3515268354,-0.9907677225,0.1308496035,0.001566518542,0.03542946868
4.309849024,62.64945698,0.6866672837,0.03506022122,0.3519074174,-0.9906729112,0.1315364753,0.001026630235,0.03555678041
4.329892635,62.66950059,0.6870673314,0.03438464519,0.3523510372,-0.9905823353,0.1321819966,0.0004017801495,0.03569867465
4.354851484,62.69445944,0.687635017,0.03358773738,0.3529900998,-0.9904677737,0.1329839649,-0.000496427243,0.0358971861
4.374951601,62.71455956,0.6881186069,0.03292545306,0.3535368658,-0.9903703894,0.1336554161,-0.001265141078,0.03607105562
4.394977808,62.73458576,0.6886355731,0.0322591225,0.354131036,-0.990268981,0.1343440884,-0.00209425348,0.036257762
4.41499424,62.75460219,0.6891836442,0.03157260163,0.3547618177,-0.9901620251,0.1350604107,-0.002975426926,0.03645540113
4.439944029,62.77955198,0.6898837493,0.03080061232,0.3555764128,-0.9900333534,0.1359015431,-0.004108423421,0.03671308582
4.464911938,62.80451989,0.6906317784,0.03008614097,0.3564576001,-0.9899041114,0.1367229846,-0.00533123834,0.03698991113
4.48497057,62.82457852,0.6912509226,0.02952258869,0.3571882913,-0.9897980004,0.1373837346,-0.006345225656,0.0372205052
4.50499177,62.84459972,0.6918910123,0.02892358992,0.3579408868,-0.9896853474,0.1380781335,-0.007389482446,0.03745314092
4.529971123,62.86957908,0.6927091286,0.02807451753,0.3588833731,-0.9895306322,0.1390240634,-0.008712590819,0.03775617229
4.554936886,62.89454484,0.6935117187,0.02723052876,0.3598084079,-0.9893748248,0.1399598243,-0.01001219079,0.03805863374
4.574939251,62.9145472,0.6941518263,0.02653741556,0.3605613415,-0.9892469062,0.1407197805,-0.01105513122,0.03829211382
4.594950438,62.93455839,0.6947835531,0.02579735045,0.3613078991,-0.9891134619,0.1415082636,-0.01208404145,0.03852202847
4.614968538,62.95457649,0.6954018556,0.0250003685,0.3620341026,-0.9889742659,0.1423305198,-0.01307800917,0.03874132309
4.639896154,62.97950411,0.6961733746,0.02391281698,0.3629213985,-0.9887891604,0.1434222109,-0.01430193739,0.03900667083
4.659896851,62.9995048,0.6967585633,0.02293606319,0.3635691154,-0.9886309566,0.1443564442,-0.01522569435,0.03922023521
4.684963226,63.02457118,0.6974568666,0.02170555806,0.3643167286,-0.9884331175,0.1455156585,-0.0163229121,0.03948072783
4.70497179,63.04457974,0.6979873749,0.02069175118,0.3647922802,-0.9882732391,0.1464532942,-0.01708990762,0.03969096197
4.729906321,63.06951427,0.6986352826,0.01955283952,0.3652766995,-0.9880866158,0.1475326735,-0.01795706512,0.03995614718
4.754884958,63.09449291,0.6992495151,0.0183841541,0.3655923645,-0.9879004037,0.1486207822,-0.01866035987,0.04020505394
4.774946213,63.11455417,0.699713137,0.01749262011,0.3657336537,-0.9877583951,0.1494503878,-0.0191201645,0.04040239832
4.794955254,63.13456321,0.7001757481,0.01655222481,0.3658054664,-0.9876104299,0.1503152957,-0.01953831905,0.04061040204
4.819888353,63.15949631,0.7007389017,0.01548569974,0.3657714766,-0.9874382257,0.1513181772,-0.01995252166,0.04087121915
4.839902401,63.17951035,0.701185103,0.01461905331,0.3656669538,-0.9872995321,0.1521299313,-0.02021473672,0.04107897574
4.864901304,63.20450926,0.7017017306,0.01365247678,0.3653832361,-0.987143233,0.1530493806,-0.02038865684,0.0413331261
4.884917021,63.22452497,0.7021025917,0.01284459957,0.3651122316,-0.9870155958,0.1538046578,-0.02048413554,0.04153000266
4.90989089,63.24949884,0.7025673893,0.01186063614,0.3646611895,-0.9868640631,0.1547181172,-0.02045561132,0.04175156463
4.929913044,63.269521,0.7028997839,0.01100859701,0.3642162995,-0.986744962,0.1554800228,-0.02022115648,0.04185029669
4.954903364,63.29451132,0.7032040841,0.009943749213,0.3636205536,-0.9866238576,0.1563979852,-0.01927673959,0.04173057811
4.97985363,63.31946158,0.7033806286,0.008842196931,0.3630153135,-0.98652674,0.1572951386,-0.01772024043,0.04134275777
4.999862909,63.33947086,0.7034584635,0.007920515861,0.3625537786,-0.9864574675,0.1580186148,-0.01614320587,0.04088005855
5.024884939,63.36449289,0.7034990918,0.006682343811,0.3619903828,-0.986367494,0.1589618452,-0.01393433585,0.04020115348
5.049892902,63.38950086,0.7034827652,0.005430924035,0.3615028915,-0.9862790449,0.1598818125,-0.01163902418,0.03944597261
5.074889183,63.41449714,0.703459146,0.004178928586,0.3611854543,-0.9861838426,0.1607929436,-0.009498122282,0.03868906269
5.094963074,63.43457103,0.7034377486,0.003151956113,0.3610118897,-0.9860982988,0.1615385705,-0.007911900218,0.03811610144
5.114973545,63.4545815,0.7034442973,0.002148209868,0.3609804242,-0.986006784,0.1622735289,-0.006616490005,0.03760513051
5.139942884,63.47955084,0.7034495831,0.0009216204665,0.3610330574,-0.9858878427,0.1631629604,-0.005343441056,0.03707367687
5.159953594,63.49956155,0.7034569205,-9.215842672e-05,0.361181906,-0.9857846313,0.1638920563,-0.004579892222,0.03670257842
5.184961081,63.52456903,0.7034818288,-0.001405066247,0.3614179459,-0.9856430717,0.1648380416,-0.003913146547,0.03634339612
5.209943295,63.54955125,0.7035662974,-0.002718082974,0.3616661945,-0.9854885737,0.1658049898,-0.003652881394,0.03616120796
5.229985952,63.56959391,0.7036481587,-0.003759877558,0.3618429204,-0.985361286,0.1665751971,-0.003627867667,0.03609263458
5.254969358,63.59457731,0.7037958543,-0.005069201194,0.362050374,-0.9851929674,0.1675586704,-0.003860112753,0.03611105874
5.279933453,63.61954141,0.7039759539,-0.006394137602,0.3622636985,-0.9850168036,0.1685667668,-0.004204333213,0.03618653541
5.299936295,63.63954425,0.7041162101,-0.007418593506,0.3624407712,-0.9848796381,0.1693472426,-0.00447959702,0.03624283615
5.319975853,63.65958381,0.7042600601,-0.008473472766,0.3626326968,-0.9847378303,0.1701508411,-0.004763291719,0.03629611404
5.344990492,63.68459845,0.7044312012,-0.009781389639,0.3628646704,-0.9845614291,0.171144907,-0.005103354423,0.03636164135
5.369983912,63.70959187,0.7045826088,-0.01103236959,0.3630632943,-0.9843927258,0.172091225,-0.005402879586,0.03641950678
5.38999629,63.72960424,0.7046824655,-0.01198907309,0.3631908194,-0.9842649567,0.1728089322,-0.005582314497,0.03644730023
5.414990187,63.75459814,0.7047682261,-0.0131706472,0.3632981436,-0.9841100348,0.1736802058,-0.005727806302,0.03646666721
5.434994698,63.77460265,0.7048226001,-0.01414686649,0.3633634334,-0.9839829839,0.1743935311,-0.005817155237,0.03647662855
5.460007191,63.79961514,0.7048545346,-0.01536534385,0.3633929608,-0.9838269563,0.1752702714,-0.005859982834,0.03647619139
5.480013132,63.81962109,0.7048417663,-0.01631198816,0.3633631374,-0.9837089456,0.1759363879,-0.005820074516,0.03645853164
5.50498724,63.84459519,0.7048086803,-0.01751245383,0.3632953296,-0.9835600883,0.1767743693,-0.005737935147,0.03643420221
5.530017138,63.86962509,0.7047670983,-0.0187469374,0.3632338054,-0.9834066804,0.1776344684,-0.005647499853,0.03640607622
5.554945469,63.89455342,0.7047006166,-0.02004049814,0.3631778609,-0.9832490905,0.1785268071,-0.005455365159,0.0363269077
5.574952841,63.91456079,0.7046224119,-0.02112694455,0.3631454599,-0.9831201001,0.179268497,-0.005174505311,0.03620634295
5.599913359,63.93952131,0.7044978826,-0.02249931258,0.3631234353,-0.9829595347,0.1801995232,-0.004708997065,0.03600708671
5.619957447,63.9595654,0.7043738809,-0.02363328555,0.363109915,-0.9828289553,0.1809631585,-0.004219821707,0.03580185876
5.644943237,63.98455119,0.7041791339,-0.02507265265,0.3630913948,-0.9826676949,0.1819210819,-0.003394393967,0.03545982778
5.664959431,64.00456738,0.7040089194,-0.02621953574,0.3630847616,-0.98254011,0.1826798353,-0.002664372309,0.03515552794
5.684960127,64.02456808,0.7038324497,-0.02737728888,0.36308306,-0.9824100417,0.18344545,-0.001915237198,0.03485123724
5.704962254,64.04457021,0.7036669913,-0.02852286422,0.3630761104,-0.9822782513,0.184206693,-0.001248471856,0.03457994441
5.729952335,64.06956029,0.7034615828,-0.02994586724,0.3630636761,-0.9821130973,0.1851511564,-0.0004259587724,0.03424517328
5.749953985,64.08956194,0.7033060043,-0.03105458643,0.3630633395,-0.9819822395,0.1858899681,0.00017969007,0.03399660068
5.774950266,64.11455822,0.7031422228,-0.03238769564,0.3630654382,-0.981819408,0.186788076,0.0007592627738,0.03376815542
5.794978857,64.13458681,0.7030282984,-0.0333687276,0.3630526157,-0.9816974735,0.1874514511,0.001124098447,0.03362678009
5.815001488,64.15460944,0.7029178304,-0.03433132709,0.3630290231,-0.9815773866,0.1881023498,0.001479239664,0.03348360676
5.839954376,64.17956233,0.7027882098,-0.03555705719,0.3630244575,-0.9814220197,0.1889359644,0.001857776836,0.03332520489
5.864930391,64.20453835,0.7026702636,-0.03681760573,0.363023946,-0.9812588016,0.1897996212,0.002140766367,0.03320670423
5.889980316,64.22958827,0.7025441911,-0.03809786829,0.3630146685,-0.9810925274,0.190675834,0.002454811756,0.0330779825
5.914943457,64.25455141,0.7024050295,-0.03938896012,0.3630077431,-0.9809254037,0.1915555467,0.002826398736,0.03292166948
5.934965611,64.27457356,0.702295579,-0.04043879141,0.3630100503,-0.9807878402,0.1922731765,0.003095464056,0.03281244004
5.954970837,64.29457879,0.7021932447,-0.04146256718,0.3630132157,-0.980652094,0.1929749674,0.003322119573,0.03272760265
5.979951143,64.3195591,0.7020694889,-0.04272993962,0.3630099415,-0.9804832042,0.1938444336,0.003572387836,0.03262299505
6.004916191,64.34452415,0.7019460526,-0.04396068988,0.3630089585,-0.9803183075,0.1946890196,0.003820786065,0.03252081099
6.024968386,64.36457634,0.7018390098,-0.04492880647,0.3630088425,-0.9801889004,0.195350884,0.004065551919,0.03242256933
6.044990778,64.38459873,0.7017168723,-0.0458230749,0.3630043135,-0.9800712262,0.1959555087,0.004415799423,0.03228514901
6.069983244,64.4095912,0.7015520358,-0.04686040366,0.3629965682,-0.9799365904,0.1966494072,0.004945921939,0.03207533815
6.094967365,64.43457532,0.7013895931,-0.04782100216,0.3629941724,-0.9798120828,0.1972894249,0.005498195954,0.03185804581
6.119922876,64.45953083,0.70121879,-0.04871301659,0.3629895833,-0.9796972268,0.1978788436,0.006112683463,0.03162186168
6.139936209,64.47954416,0.7010620179,-0.04940196008,0.3629859569,-0.9796104411,0.1983260385,0.006730467333,0.03138258975
6.159940481,64.49954844,0.7009025287,-0.05004754283,0.3629847058,-0.9795297349,0.1987409447,0.007388062388,0.03112799108
6.184940577,64.52454853,0.7007037033,-0.05080242515,0.3629802399,-0.97943499,0.1992240278,0.008219552725,0.03081113437
6.204979181,64.54458714,0.700532904,-0.05136848206,0.3629711711,-0.9793648292,0.1995794366,0.008945535672,0.03053779972
6.229941368,64.56954932,0.7003100651,-0.05205869299,0.3629636162,-0.9792795627,0.2000075548,0.009921605202,0.03016749587
6.254945517,64.59455347,0.7000825094,-0.05274052666,0.3629621465,-0.9791946479,0.2004282809,0.01095162093,0.02977259973
6.274956226,64.61456418,0.6999002837,-0.05332182174,0.362959002,-0.9791198821,0.2007920951,0.01174821387,0.02947491402
6.299866915,64.63947487,0.6996913212,-0.0540230279,0.3629574992,-0.979028018,0.2012343053,0.0126471178,0.02913665586
6.319941759,64.65954971,0.6995345048,-0.0546250666,0.3629575897,-0.9789469603,0.2016211842,0.01328038247,0.02890291276
6.344944954,64.68455291,0.6993613848,-0.05528808096,0.3629590714,-0.9788569976,0.2020473769,0.0139809402,0.02864208511
6.369927645,64.7095356,0.6992121011,-0.05599446716,0.362961346,-0.9787585832,0.202512919,0.01451339949,0.02845197112
6.39494729,64.73455524,0.6991094561,-0.05660122193,0.3629627071,-0.9786730646,0.2029195089,0.01481873916,0.02833920594
6.414965153,64.75457311,0.6990436671,-0.05716548196,0.3629634771,-0.9785919601,0.2033078485,0.01492467891,0.02830103017
6.439868212,64.77947617,0.6989742472,-0.05783539509,0.3629671832,-0.9784946582,0.203772521,0.0149936495,0.02828699569
6.459871292,64.79947925,0.6989194057,-0.05838194443,0.3629660246,-0.9784152599,0.2041521793,0.01503817316,0.02827225326
6.479913473,64.81952143,0.6988593835,-0.05895676277,0.3629612761,-0.9783317355,0.2045505578,0.01507971599,0.02826104628
6.499918938,64.83952689,0.6988010477,-0.05948704382,0.362961619,-0.9782546546,0.2049174684,0.01514516457,0.02823625093
6.519968987,64.85957694,0.6987287842,-0.06012373781,0.3629616281,-0.9781617003,0.2053580454,0.0152345608,0.02820761127
6.544936895,64.88454485,0.6986378985,-0.06086341996,0.3629478919,-0.9780537455,0.2058671803,0.01533333446,0.02818623487
6.564940214,64.90454817,0.6985708522,-0.0614856508,0.362936825,-0.9779628043,0.2062975971,0.01536346838,0.0281783376
6.58991456,64.92952251,0.6984944796,-0.06223164492,0.3629376883,-0.9778532933,0.2068151652,0.01539734878,0.02816639487
6.609948635,64.94955659,0.6984273358,-0.06284313856,0.3629404491,-0.9777629773,0.207239704,0.0154572562,0.02814850868
6.634957552,64.97456551,0.6983335644,-0.0635861581,0.3629304618,-0.9776533589,0.2077518424,0.01557558508,0.02811552802
6.659952164,64.99956012,0.6982507702,-0.06426746355,0.3629162076,-0.9775531652,0.2082207535,0.01563557143,0.02809725664
6.684964418,65.02457237,0.6981868037,-0.06490416712,0.362919769,-0.9774583768,0.2086646616,0.01565047722,0.02809347251
6.709946871,65.04955482,0.6981163089,-0.06556155075,0.3629142303,-0.9773599126,0.2091228176,0.01567154324,0.02810073267
6.734885693,65.07449365,0.6980531744,-0.06608562896,0.3628985602,-0.9772822238,0.2094835451,0.01568776736,0.02810682048
6.759830952,65.09943891,0.6980092641,-0.06654173563,0.362902658,-0.9772144498,0.209800404,0.0156773915,0.02810567492
6.784859419,65.12446737,0.6979707894,-0.06693590352,0.3629085381,-0.9771552032,0.2100757416,0.01567020085,0.02811292297
6.809837341,65.1494453,0.6979353486,-0.06727515896,0.3628989397,-0.9771041454,0.2103123829,0.01567341029,0.02811645295
6.834852695,65.17446065,0.6979117876,-0.06749071037,0.3628932017,-0.9770728149,0.2104588907,0.01567433793,0.0281084486
6.859816551,65.19942451,0.6978948895,-0.06766034447,0.3628966415,-0.9770487398,0.2105722905,0.01567114664,0.02809778835
6.879903078,65.21951103,0.6978807119,-0.06777959846,0.3628942816,-0.9770306429,0.2106552851,0.01567911342,0.02810051745
6.899976254,65.23958421,0.6978662002,-0.0678375902,0.3628818691,-0.9770224159,0.2106924566,0.01570425481,0.02809384073
6.92493701,65.26454496,0.6978489345,-0.06787366285,0.3628703999,-0.977018116,0.2107112296,0.01575700621,0.02807303868
6.944974184,65.28458214,0.6978342117,-0.06789477123,0.362866503,-0.9770154919,0.210721575,0.0158121682,0.02805568917
6.969970465,65.30957842,0.6978171441,-0.06791799227,0.3628583851,-0.9770124598,0.2107325063,0.01585495834,0.02805502677
6.99494648,65.33455443,0.6978062933,-0.06791931237,0.3628519113,-0.9770126753,0.2107281744,0.01587211375,0.02807035371
7.019928455,65.35953641,0.6977992504,-0.06791983562,0.3628487394,-0.9770135365,0.2107231025,0.01588596297,0.02807062014
7.039969683,65.37957764,0.6977918649,-0.06792804265,0.3628509504,-0.9770123008,0.2107259564,0.01589998693,0.02808426172
7.064940691,65.40454865,0.6977815887,-0.06792352984,0.362854311,-0.9770127483,0.2107175829,0.01591308948,0.02812407481
7.08494401,65.42455196,0.697777036,-0.06790968894,0.3628600416,-0.9770150002,0.2107026792,0.01591773827,0.02815485592
7.109945297,65.44955325,0.6977740973,-0.06792213672,0.3628712758,-0.9770133229,0.210707442,0.01591688719,0.02817788983
7.13495636,65.47456431,0.6977580348,-0.06795226001,0.36287338,-0.9770085453,0.210723617,0.01594941691,0.02820418047
7.15991354,65.49952149,0.6977292035,-0.06795543091,0.3628523335,-0.9770093058,0.2107137854,0.01600687214,0.02821873424
7.179941416,65.51954937,0.6977130754,-0.0679616693,0.3628392623,-0.9770098797,0.2107090562,0.01603665266,0.02821727016
7.204939842,65.5445478,0.6976873208,-0.06801514899,0.3628169522,-0.9770040565,0.2107350514,0.01608872774,0.02819511539
7.22992754,65.56953549,0.6976199292,-0.06803028073,0.3627400465,-0.9770053963,0.2107215275,0.01623318163,0.02816695287
7.249931574,65.58953953,0.6974211589,-0.06787381297,0.362491761,-0.9770439283,0.2105221866,0.01659463999,0.02811030125
7.269941568,65.60954952,0.6970889828,-0.06759347221,0.3620808362,-0.9771137485,0.2101652468,0.01719357784,0.02799414884
7.2949512,65.63455915,0.6965042339,-0.06711761731,0.3612614137,-0.9772256465,0.2095775691,0.0183175967,0.02778027957
7.314954281,65.65456223,0.6958593364,-0.06661372057,0.3603664835,-0.9773399151,0.2089613542,0.01955435829,0.02755848031
7.339928627,65.67953658,0.6948808512,-0.06584432521,0.3590128722,-0.9775136644,0.2080092872,0.02141836703,0.0272107685
7.36489296,65.70450091,0.6938007567,-0.06500595326,0.3575303529,-0.9777026492,0.2069532677,0.02345457701,0.02679099603
7.384933949,65.7245419,0.6928977158,-0.06434649359,0.3562950221,-0.9778478601,0.2061107481,0.02514962654,0.02644651802
7.404949665,65.74455762,0.6919489775,-0.06365469075,0.3550135538,-0.9779921518,0.2052420628,0.02692596662,0.02611587752
7.424962282,65.76457024,0.6910471061,-0.06300290076,0.3538556556,-0.9781281541,0.2044117258,0.02856465865,0.02579187225
7.449992418,65.78960037,0.690130327,-0.06239118411,0.352740545,-0.9782884676,0.2034915084,0.03009847038,0.02523811027
7.47497344,65.81458139,0.6895019742,-0.06215876276,0.3519372726,-0.9785589785,0.202299488,0.03069345876,0.02356171579
7.499975204,65.83958316,0.6889984428,-0.06211569696,0.3512064272,-0.9789459797,0.20070985,0.03073346967,0.02087531374
7.524932623,65.86454058,0.6884524743,-0.06215580314,0.3503613034,-0.9794190008,0.1987415329,0.03061120518,0.01741200862
7.544941902,65.88454986,0.6879884998,-0.06226243762,0.3496147349,-0.9798533175,0.1968950453,0.0303685789,0.01405584295
7.569937468,65.90954542,0.6873710972,-0.0624119829,0.348626329,-0.9804336475,0.1943254925,0.02997712473,0.009425384602
7.589949131,65.92955709,0.6868294212,-0.06247655786,0.3477845355,-0.9809088507,0.1921062058,0.02969414595,0.005593754537
7.614922523,65.95453048,0.6860889287,-0.06236963084,0.3466990996,-0.9815263774,0.1890550101,0.02938612997,0.0007931511926
7.634930372,65.97453833,0.6855332275,-0.06218445112,0.3459206197,0.9820212094,-0.186500364,-0.02903719693,0.002966444154
7.654967308,65.99457526,0.6850482063,-0.06191997554,0.3452648215,0.9824945726,-0.1839688576,-0.02860129519,0.006468389439
7.67991972,66.01952767,0.6844506449,-0.06141796436,0.3445224052,0.9830508388,-0.1808632866,-0.02814836894,0.01035322183
7.699955463,66.03956342,0.6839547779,-0.06085973518,0.3439751636,0.9834746208,-0.1784083705,-0.02788911569,0.01305070382
7.724943399,66.06455135,0.6833988967,-0.06006111085,0.3434215564,0.9839694197,-0.1754743515,-0.02754590042,0.01594228709
7.749946594,66.08955455,0.682897585,-0.05924848789,0.3429456494,0.9844078523,-0.1728036354,-0.02725411219,0.01836565512
7.769960165,66.10956812,0.6824936996,-0.05862934731,0.3425748973,0.9847166043,-0.1708686042,-0.02713286734,0.0200234073
7.789960861,66.12956882,0.6820600219,-0.05798697259,0.3421905935,0.9850025607,-0.169035317,-0.02713778426,0.02146060595
7.814926624,66.15453458,0.6814912536,-0.05718833349,0.3416943489,0.9853286698,-0.1668913551,-0.0273002027,0.02300841239
7.834963083,66.17457104,0.6810084249,-0.05666140551,0.3412824136,0.9855505658,-0.1653976955,-0.02754077433,0.02398312636
7.859931946,66.1995399,0.6803580647,-0.05613142748,0.3407249215,0.985781909,-0.1638031721,-0.02799216391,0.02487945935
7.884934425,66.22454238,0.6796212701,-0.05585508948,0.3401236179,0.9859491242,-0.1625855288,-0.02868119077,0.02544915784
7.904949903,66.24455786,0.6789655875,-0.05564931993,0.3396368467,0.9860556547,-0.1618070819,-0.02943270164,0.02542499033
7.929971695,66.26957965,0.6781058536,-0.05548576281,0.3390399803,0.9861496352,-0.161108292,-0.03052421922,0.02492563636
7.954930305,66.29453826,0.6772527126,-0.05545286223,0.3385036821,0.9862167499,-0.1605909129,-0.03161225238,0.02424348356
7.974942684,66.31455064,0.6765791284,-0.05553165388,0.338132486,0.9862572287,-0.1602705633,-0.03243766073,0.02361828827
7.999863386,66.33947134,0.6756783099,-0.05575234499,0.3376736217,0.9862888494,-0.1599885336,-0.03354664968,0.0226406028
8.024820566,66.36442852,0.6747834114,-0.05601268879,0.3372769755,0.9863174483,-0.1597407325,-0.0346091995,0.02151726846
8.049841881,66.38944983,0.6739568524,-0.05641721736,0.3370109676,0.9863282121,-0.1596332806,-0.03552069493,0.02030157416
8.069845676,66.40945363,0.6733125076,-0.05679505865,0.3368776338,0.9863289562,-0.1596139797,-0.03619283154,0.01920017196
8.09481144,66.43441939,0.6725088073,-0.05730830457,0.3368455512,0.9863289572,-0.1596213435,-0.03694305804,0.01764724811
8.114821434,66.45442939,0.6718953476,-0.05762975775,0.3369216567,0.9863440078,-0.1595548877,-0.0374481999,0.01629013476
8.134847403,66.47445536,0.6713352938,-0.05793664159,0.3370859381,0.9863615572,-0.1594904956,-0.03784372371,0.01488330579
8.159830809,66.49943876,0.6706943256,-0.0582716502,0.3374121103,0.9863882746,-0.1593973023,-0.03821083444,0.01306153922
8.184778214,66.52438617,0.6700525931,-0.05857068753,0.3380860018,0.98642574,-0.1592749307,-0.03832595841,0.0112639647
8.20489192,66.54449987,0.669378231,-0.05883117451,0.3388295301,0.986462496,-0.1591142273,-0.03837220644,0.01009853562
8.229925394,66.56953335,0.6684290304,-0.05915288438,0.3402968791,0.9865259364,-0.158855511,-0.03808917927,0.008984316535
8.254903316,66.59451127,0.6673062616,-0.05953213335,0.3421254958,0.9866102439,-0.1584812679,-0.03758653373,0.008436040302
8.279900789,66.61950874,0.6659748225,-0.059947123,0.3443562475,0.9867328132,-0.157893485,-0.03680457716,0.008568885147
8.304929495,66.64453745,0.6644950511,-0.06032739911,0.3468859255,0.9868888778,-0.157109176,-0.03579941646,0.00924399445
8.32494545,66.6645534,0.6632583637,-0.06056944499,0.3489881329,0.9870288113,-0.1563777191,-0.0349274787,0.01001028358
8.349929333,66.68953729,0.6616350983,-0.06083300343,0.3516624036,0.9872106808,-0.1553906378,-0.03381572038,0.01119457661
8.369929552,66.70953751,0.6602563266,-0.06091421825,0.3537433229,0.9873703902,-0.1544623186,-0.03300925227,0.01230828744
8.394951105,66.73455906,0.6584702863,-0.06086941518,0.356244045,0.9875751516,-0.1532106176,-0.03212675378,0.0137730982
8.419853687,66.75946164,0.6566346447,-0.0605969523,0.3584332541,0.9877880663,-0.151818264,-0.03153877236,0.01520712276
8.439866781,66.77947474,0.6551373059,-0.06016953938,0.3600035937,0.9879638656,-0.1506197913,-0.03128214408,0.01620204042
8.459919691,66.79952765,0.6536422792,-0.0595417102,0.3614668576,0.9881444451,-0.1493637149,-0.03117322705,0.0170078299
8.484946251,66.8245542,0.6517777742,-0.05865281888,0.3629581561,0.9883527052,-0.1478485873,-0.03137334827,0.01776058562
8.509827137,66.84943509,0.6499329502,-0.0577166679,0.3641408439,0.9885546682,-0.146321617,-0.03179331329,0.01840754302
8.529833078,66.86944103,0.6485001092,-0.05684708761,0.3648898886,0.9887260766,-0.145015571,-0.03221566419,0.01879842011
8.554824829,66.89443278,0.6468503256,-0.05564938378,0.365723636,0.9889565733,-0.1433390242,-0.03250839023,0.0190269481
8.574835539,66.91444349,0.6457158609,-0.05466392392,0.3661931992,0.9891560901,-0.1420254486,-0.03225022284,0.01894530026
8.594921589,66.93452954,0.64470801,-0.05388871688,0.3664566397,0.9893377552,-0.1409215277,-0.03165780383,0.01870060747
8.619932413,66.95954037,0.6436224092,-0.05307093129,0.3666217629,0.989551578,-0.1397250923,-0.03054705187,0.0182057854
8.644924164,66.98453212,0.642730535,-0.05253798401,0.3665460275,0.9897346343,-0.1388276442,-0.02907947329,0.01751065915
8.664928675,67.00453663,0.6420981151,-0.0522124104,0.3663029483,0.989860569,-0.1382179493,-0.02799273318,0.01697820003
8.684944391,67.02455235,0.6414997027,-0.05214504118,0.3659165769,0.989941726,-0.1378398831,-0.02720813447,0.01659105741
8.709915876,67.04952383,0.6407480022,-0.05220973711,0.3652326321,0.9900124428,-0.137497231,-0.02663339197,0.01614115619
8.729919434,67.06952739,0.6402312914,-0.05237142015,0.3646361767,0.9900496779,-0.1373510624,-0.02623649332,0.01574697732
8.754961967,67.09456992,0.6397153759,-0.05264710511,0.3638105272,0.9900831433,-0.1372804238,-0.02568918805,0.01514992463
8.779947519,67.11955547,0.6393469482,-0.05293159692,0.3630893088,0.9901178106,-0.1372802583,-0.02475941651,0.01441606853
8.804937363,67.14454532,0.6391386113,-0.05319646648,0.3625163845,0.9901549341,-0.1373310339,-0.02344208115,0.01355958532
8.829948187,67.16955614,0.6391253752,-0.05341543562,0.3621015346,0.9901955106,-0.1374194634,-0.02168645623,0.01258727605
8.854886532,67.19449449,0.6392547671,-0.05365954818,0.3618353447,0.9902257565,-0.1375867001,-0.0197078484,0.01159533929
8.874949455,67.21455741,0.6394408739,-0.05386442046,0.3617481758,0.9902376339,-0.1377772286,-0.01814360541,0.01084772832
8.899949074,67.23955703,0.6396950586,-0.05408323364,0.3617419673,0.9902429965,-0.138010306,-0.01645577343,0.01005837312
8.924932718,67.26454067,0.639897686,-0.05424199039,0.3617681121,0.9902461937,-0.1381812907,-0.01514121184,0.009441957385
8.949954033,67.28956199,0.6400306032,-0.0543848949,0.3617755627,0.9902439488,-0.1383170115,-0.01426734318,0.009042630563
8.974922895,67.31453085,0.6400633437,-0.05456127965,0.3617683921,0.9902300535,-0.1384545009,-0.01397196756,0.008920563308
8.994924545,67.3345325,0.6400430992,-0.05471637907,0.361761266,0.990214357,-0.1385642493,-0.01398634597,0.00893634338
9.014943123,67.35455108,0.640027672,-0.0548921628,0.3617582205,0.9901971496,-0.138686544,-0.01398086847,0.008954483722
9.039917946,67.3795259,0.6400104835,-0.05513567353,0.3617578081,0.9901750202,-0.1388434213,-0.01395959925,0.009003521679
9.064928532,67.40453649,0.6399883167,-0.05540916597,0.3617509056,0.9901497771,-0.1390216165,-0.01394528043,0.009051969716
9.084932804,67.42454076,0.6399622238,-0.05559677302,0.3617384784,0.9901317128,-0.1391479027,-0.01395402396,0.009074017165
9.104937792,67.44454575,0.6399435386,-0.05574219199,0.3617310534,0.9901180387,-0.1392436045,-0.0139558236,0.009095219714
9.129950523,67.46955848,0.6399309777,-0.05590482447,0.3617300727,0.9901030694,-0.1393493846,-0.01394286604,0.009124549532
9.154958725,67.49456668,0.6399220563,-0.05603539436,0.3617293804,0.9900915701,-0.1394304717,-0.0139285927,0.009155363466
9.179859161,67.51946712,0.6399110546,-0.05618560248,0.3617279368,0.9900780191,-0.1395257367,-0.01391594037,0.009188661015
9.199954748,67.5395627,0.6399011674,-0.05631550481,0.3617281723,0.9900658678,-0.139611456,-0.01390590761,0.009211106377
9.224944115,67.56455207,0.6398887489,-0.05647506046,0.3617289565,0.9900506739,-0.1397186247,-0.0138950426,0.009235628679
9.244951248,67.5845592,0.6398793547,-0.05658714183,0.3617275611,0.9900393554,-0.1397984223,-0.01389237263,0.009245428151
9.264956474,67.60456443,0.639867227,-0.05668644943,0.361718899,0.990028863,-0.1398717763,-0.01390095591,0.009246622343
9.289939404,67.62954736,0.6398517473,-0.05679161212,0.3617104713,0.9900176973,-0.1399497237,-0.01391129156,0.00924714979
9.309967041,67.649575,0.6398419952,-0.05688480388,0.361708754,0.9900078881,-0.1400187871,-0.01391252896,0.009249984903
9.334984303,67.67459226,0.6398320838,-0.05699770255,0.3617085194,0.9899959623,-0.1401028876,-0.01391158713,0.00925436485
9.359926462,67.69953442,0.6398168372,-0.05710772411,0.3616999987,0.9899841984,-0.1401848662,-0.0139226496,0.009254725941
9.379927635,67.71953559,0.6397940527,-0.05716299869,0.3616801275,0.9899787866,-0.1402202185,-0.01395134304,0.009254856169
9.399935484,67.73954344,0.6397691274,-0.05720732131,0.3616536343,0.9899746886,-0.1402455187,-0.01398640942,0.009256933619
9.419940948,67.7595489,0.6397444829,-0.05724632662,0.3616271514,0.9899712015,-0.1402664306,-0.01402153317,0.009259876489
9.439985752,67.77959371,0.639725195,-0.05729228241,0.36161127,0.989966818,-0.1402948178,-0.01404437957,0.00926383947
9.464922667,67.80453062,0.6397098478,-0.05735816084,0.3616014688,0.9899599459,-0.1403417475,-0.01405896031,0.009265260641
9.489961386,67.82956934,0.6396906285,-0.05740947122,0.3615854968,0.9899549139,-0.1403748714,-0.01408117205,0.009267392332
9.514970541,67.8545785,0.6396789106,-0.05744583241,0.3615724321,0.9899513409,-0.1403984933,-0.01409637098,0.009268123234
9.53990674,67.87951469,0.6396743954,-0.05748126141,0.3615698942,0.9899477661,-0.1404232793,-0.01409817532,0.009271702013
9.559919834,67.89952779,0.6396690791,-0.05751359355,0.3615668784,0.9899444416,-0.1404461143,-0.01410194925,0.009275047555
9.579941273,67.91954923,0.6396605266,-0.05753852739,0.3615599439,0.9899420117,-0.140462143,-0.01411171959,0.009276815714
9.604911566,67.94451952,0.6396467029,-0.05755981224,0.3615425388,0.9899403056,-0.1404717787,-0.0141325214,0.009281297166
9.624952316,67.96456027,0.6396407875,-0.05757793273,0.361531573,0.9899385653,-0.1404829446,-0.01414320349,0.009281652821
9.649907827,67.98951578,0.6396365245,-0.05761823731,0.3615286457,0.9899343773,-0.1405119172,-0.01414506075,0.009286931224
9.66992259,68.00953054,0.6396322534,-0.05766564021,0.3615288099,0.9899292277,-0.140548079,-0.01414506759,0.009288633796
9.694944143,68.0345521,0.6396267223,-0.05772620242,0.3615281009,0.9899225755,-0.140594852,-0.01414590583,0.009288458648
9.714949846,68.0545578,0.6396233481,-0.05776184278,0.3615273028,0.989918712,-0.1406219899,-0.01414673642,0.009288129441
9.739805698,68.07941365,0.6396195268,-0.05780338438,0.3615282537,0.9899142568,-0.1406534632,-0.01414606912,0.009287422655
9.759809494,68.09941745,0.6396164109,-0.05783670097,0.3615285379,0.9899106672,-0.1406787422,-0.01414597147,0.009287296044
9.784828424,68.12443638,0.6396119782,-0.05787998645,0.3615271733,0.9899060471,-0.1407111226,-0.01414707327,0.009287528585
9.809787273,68.14939523,0.639607897,-0.05792757249,0.3615272824,0.9899009321,-0.1407471823,-0.01414598048,0.009287983205
9.834794998,68.17440295,0.6396020214,-0.05798981514,0.3615275346,0.989894096,-0.1407951961,-0.014146731,0.00928770502
9.854817867,68.19442582,0.6395918103,-0.05806254188,0.3615239472,0.9898862309,-0.1408498539,-0.01415292197,0.009287804825
9.879758835,68.21936679,0.6395779101,-0.05818568827,0.3615203283,0.98987276,-0.1409440118,-0.01415823652,0.009287023123
9.899855852,68.23946381,0.6395657384,-0.05831821571,0.3615199137,0.989858153,-0.1410465485,-0.0141594098,0.009285434773
9.924841881,68.26444983,0.6395474091,-0.0585000018,0.3615180305,0.9898381789,-0.1411863514,-0.01416352106,0.009283774448
9.944868088,68.28447604,0.6395240198,-0.05866545622,0.3615093804,0.9898202041,-0.1413109014,-0.01417743161,0.009284023138
9.969834089,68.30944204,0.6394940552,-0.05892471783,0.3615018766,0.9897917916,-0.1415085161,-0.01418914231,0.009285336787
9.994806528,68.33441448,0.6394595293,-0.0592941271,0.3615002098,0.9897509483,-0.1417937528,-0.01419283993,0.00928198324
10.01981354,68.35942149,0.6394163775,-0.05975567467,0.3614979018,0.9896998423,-0.1421501902,-0.01419631536,0.009274169985
10.04483485,68.38444281,0.6393722393,-0.06022576356,0.3614959148,0.9896476024,-0.142513407,-0.01420031575,0.009268386359
10.06488395,68.4044919,0.6393332245,-0.06063683184,0.3614920685,0.9896017419,-0.1428312806,-0.01420626826,0.009262812661
10.0849247,68.42453265,0.6392891064,-0.06108552987,0.361490561,0.9895515782,-0.1431781995,-0.01421191293,0.009257361062
10.10992765,68.44953561,0.6392332982,-0.06166705765,0.3614906116,0.9894863321,-0.1436284762,-0.01421585885,0.009250336618
10.13490605,68.47451401,0.6391737007,-0.06226499556,0.3614883864,0.9894192255,-0.1440903028,-0.01422126369,0.00923777068
10.15492487,68.49453282,0.6391312794,-0.06268294023,0.3614844317,0.9893721685,-0.1444126277,-0.01422829176,0.009233677107
10.17988586,68.51949382,0.6390738501,-0.06323889172,0.361479746,0.9893093403,-0.1448417611,-0.01423786627,0.00922911265
10.19990277,68.53951073,0.6390236251,-0.06366026316,0.3614714782,0.9892618397,-0.1451645769,-0.01425326742,0.009225105615
10.22478676,68.56439471,0.6389697388,-0.06416397035,0.3614651391,0.9892047164,-0.1455526799,-0.01426334864,0.009219727847
10.24492693,68.58453488,0.6389292146,-0.06454973271,0.3614562536,0.9891609198,-0.1458497523,-0.01427090241,0.009212270686
10.26992536,68.60953331,0.6388853965,-0.06497357385,0.3614517586,0.9891125405,-0.1461770384,-0.0142777983,0.009208695707
10.2949059,68.63451385,0.6388391466,-0.0654234759,0.3614515535,0.9890610291,-0.1465251151,-0.01428128753,0.009204135537
10.31994581,68.65955377,0.6387966157,-0.06583680197,0.361452419,0.9890136718,-0.146844611,-0.01428341206,0.009197895631
10.34491038,68.68451834,0.6387601853,-0.06618951068,0.361451199,0.9889731103,-0.1471174735,-0.01428641128,0.009194266324
10.36495161,68.70455956,0.6387343525,-0.06643558118,0.3614485733,0.9889447317,-0.1473079267,-0.01429036253,0.009191186404
10.38989639,68.72950435,0.638700719,-0.06674367966,0.3614472042,0.9889092454,-0.147545717,-0.01429483596,0.009188218941
10.40992498,68.74953294,0.6386728605,-0.06700888733,0.3614470917,0.9888786083,-0.1477509114,-0.01429672354,0.009185310687
10.43493462,68.77454257,0.6386416546,-0.06730604785,0.3614468566,0.9888442043,-0.147980929,-0.01429893836,0.009182850131
10.45494628,68.79455423,0.6386185673,-0.06752469846,0.361446633,0.9888188622,-0.1481501226,-0.01430070412,0.009180889962
10.47496843,68.81457639,0.6385960885,-0.06773568669,0.3614466644,0.9887944018,-0.148313254,-0.01430235636,0.009178902865
10.49990773,68.83951569,0.6385656536,-0.06802247225,0.3614464971,0.9887610643,-0.1485353704,-0.01430445254,0.009175187705
10.52492285,68.8645308,0.6385349201,-0.06831019033,0.3614452239,0.9887275867,-0.1487580001,-0.01430738963,0.009171441149
10.54493833,68.88454628,0.6385114696,-0.06852900744,0.3614450826,0.9887020691,-0.1489274795,-0.01430908514,0.009169208653
10.56993413,68.90954208,0.6384838682,-0.06878554011,0.3614453542,0.9886721279,-0.1491261473,-0.01431062626,0.00916633126
10.59489608,68.93450403,0.6384583028,-0.06902235982,0.361444751,0.9886444584,-0.1493094329,-0.01431285912,0.009163523981
10.61490345,68.9545114,0.6384370226,-0.06921948924,0.3614437323,0.9886213925,-0.1494620401,-0.01431489946,0.009161031327
10.63494802,68.97455597,0.6384123555,-0.06944645298,0.3614438264,0.9885947966,-0.149637873,-0.01431638473,0.009158392663
10.65992284,68.99953079,0.6383779121,-0.06976244602,0.3614439802,0.9885577721,-0.1498822824,-0.01431846647,0.009155010774
10.68492675,69.0245347,0.6383421399,-0.07008895269,0.3614436242,0.9885194124,-0.1501350694,-0.01432095455,0.009151096428
10.7099297,69.04953766,0.6383088662,-0.07039516822,0.3614429957,0.9884833895,-0.1503722949,-0.01432146513,0.00914643384
10.73490644,69.07451439,0.6382727589,-0.07072380632,0.3614441162,0.988444705,-0.1506266623,-0.01432171923,0.0091412264
10.75493431,69.09454226,0.6382420539,-0.07100185126,0.3614441061,0.9884118735,-0.150842033,-0.01432298864,0.00913790908
10.77995181,69.11955976,0.6382048363,-0.07133930431,0.3614433577,0.9883720382,-0.1511030827,-0.01432350208,0.009132898736
10.80495286,69.14456081,0.6381748686,-0.07161931127,0.3614428866,0.9883390071,-0.1513200067,-0.01431735665,0.009125560008
10.82991529,69.16952324,0.638150133,-0.07185544179,0.3614435528,0.988311186,-0.1515029107,-0.01430820643,0.009118267761
10.84993052,69.18953848,0.6381312759,-0.0720346765,0.3614434869,0.9882899982,-0.1516420459,-0.01430145494,0.009112502439
10.87494993,69.21455789,0.6381107142,-0.07222595166,0.3614417926,0.9882673621,-0.1517901588,-0.01429775477,0.009107295733
10.89981985,69.2394278,0.6380955902,-0.07236981232,0.3614409576,0.9882504109,-0.1519012927,-0.01429233162,0.009102302049
10.91984797,69.25945592,0.6380871713,-0.07245024976,0.3614411461,0.9882408716,-0.1519638529,-0.0142886427,0.009099546937
10.93993855,69.2795465,0.6380799275,-0.07252013667,0.3614410144,0.9882326427,-0.1520178612,-0.01428483854,0.009097093577
10.96494794,69.30455589,0.638073696,-0.07258870412,0.3614404404,0.9882246726,-0.1520707128,-0.01427666498,0.009092389293
10.98997521,69.32958317,0.6380689084,-0.07264465392,0.3614397556,0.9882181497,-0.1521142323,-0.01426785768,0.009087200792
11.01491714,69.35452509,0.6380634746,-0.07269661998,0.3614398333,0.9882120095,-0.1521544642,-0.01426522146,0.009085520881
11.0349195,69.37452745,0.6380583987,-0.07274336555,0.3614397541,0.9882064763,-0.1521905558,-0.01426407974,0.009084657262
11.05990267,69.39951062,0.6380526216,-0.07279911572,0.3614384677,0.9881998914,-0.1522336362,-0.01426197619,0.009082437751
11.07990646,69.41951442,0.6380487225,-0.07283843859,0.3614362622,0.9881952488,-0.152264089,-0.01426017667,0.009079910907
11.10489535,69.44450331,0.6380425574,-0.0728956521,0.3614359131,0.9881884494,-0.1523084237,-0.01425870467,0.009078644188
11.12492275,69.46453071,0.6380359704,-0.07295628784,0.361435961,0.9881812432,-0.1523553996,-0.01425719852,0.009077178848
11.14995122,69.48955917,0.6380262692,-0.07305000055,0.3614346617,0.98817016,-0.1524278447,-0.01425265902,0.009074623618
11.17494106,69.51454902,0.6380163492,-0.07315335784,0.3614328305,0.9881579694,-0.1525081215,-0.01424320157,0.009068159447
11.19495106,69.53455901,0.6380065504,-0.07324850008,0.361432766,0.9881466787,-0.152582086,-0.0142369714,0.009064057178
11.21988964,69.55949759,0.6379907315,-0.07340189952,0.3614329521,0.9881285048,-0.1527010126,-0.01422730034,0.009057741723
11.23993158,69.57953954,0.6379766438,-0.0735457369,0.3614317408,0.9881115387,-0.1528124518,-0.01421426154,0.009049665769
11.25993347,69.59954143,0.6379623496,-0.07369884454,0.3614300027,0.9880934385,-0.152931701,-0.01419663225,0.009039203519
11.28481293,69.62442088,0.6379449565,-0.07390415328,0.3614298873,0.9880693203,-0.1530919259,-0.01416017321,0.00902053044
11.30489731,69.64450526,0.6379291276,-0.07408659679,0.3614296036,0.988047945,-0.1532336217,-0.01412916325,0.009004568796
11.32490158,69.66450953,0.6379144194,-0.07428715756,0.3614288558,0.9880247633,-0.1533889936,-0.01407986027,0.008980051289
11.3449204,69.68452835,0.6378998625,-0.07450225928,0.361427523,0.9879997834,-0.1535571624,-0.01401887763,0.008949692282
11.36493564,69.70454359,0.6378801463,-0.07471934179,0.3614264646,0.9879740871,-0.1537263767,-0.01398636051,0.008932308793
11.38991499,69.72952294,0.6378502955,-0.07501700182,0.3614259918,0.9879387145,-0.153957069,-0.01395797344,0.008915844402
11.40991521,69.74952316,0.6378294339,-0.07525475265,0.361425649,0.9879108297,-0.1541408633,-0.01391678121,0.008894384595
11.42992425,69.7695322,0.6378135218,-0.07549098403,0.3614223445,0.9878832808,-0.1543254992,-0.01384828678,0.008859384082
11.44992876,69.78953671,0.6378123021,-0.07571128558,0.3614167951,0.9878586439,-0.1545001062,-0.01370218577,0.008790162308
11.47491837,69.81452632,0.6378695676,-0.07598998341,0.3614103585,0.9878319123,-0.1547313869,-0.01316078551,0.008550124102
11.49493623,69.83454418,0.6379628819,-0.07620734159,0.3614067994,0.987813857,-0.1549229742,-0.01244241285,0.008236641009
11.51989222,69.85950017,0.638130092,-0.07644671954,0.361400252,0.9877969199,-0.1551475236,-0.01126217347,0.007723630631
11.53990078,69.87950873,0.6382936942,-0.07663808608,0.361393094,0.987783667,-0.1553328706,-0.01013806539,0.007235062055
11.55991626,69.89952421,0.6384783443,-0.07683489583,0.3613880351,0.9877691706,-0.1555261569,-0.008882741469,0.006691563807
11.57992101,69.91952896,0.6386723812,-0.07704926965,0.3613839222,0.9877509664,-0.1557351204,-0.007559085495,0.00612053501
11.60491467,69.94452262,0.6389086571,-0.07734459507,0.3613773227,0.9877219098,-0.156016414,-0.005918037655,0.005411500455
11.62495089,69.96455884,0.6390791253,-0.07760879525,0.3613721122,0.9876928087,-0.1562595078,-0.004694697181,0.004882792537
11.64495492,69.98456287,0.6392171431,-0.07791318485,0.3613695117,0.9876568622,-0.1565282397,-0.003638227845,0.004426730145
11.66989613,70.00950408,0.6393193648,-0.07831750953,0.3613685632,0.9876072298,-0.1568702502,-0.002723826505,0.004032994789
11.69490767,70.03451562,0.639314495,-0.07877558367,0.3613680373,0.987550726,-0.1572340282,-0.002414001282,0.003898265024
11.71490884,70.05451679,0.6392665154,-0.07915220926,0.3613663984,0.9875044559,-0.1575243056,-0.002418387006,0.003897959105
11.73994136,70.07954931,0.6392025382,-0.0796116366,0.3613529876,0.987448152,-0.1578763568,-0.002436488955,0.00390724115
11.76494861,70.10455656,0.6391289609,-0.08009595136,0.3613367826,0.9873889881,-0.1582454596,-0.00245951193,0.00391297979
11.78990769,70.12951565,0.6390660678,-0.08053995735,0.361330065,0.9873344313,-0.1585853592,-0.002469838124,0.00391209002
11.81488848,70.15449643,0.6390156422,-0.08093908692,0.3613279846,0.9872850415,-0.1588924313,-0.002471514258,0.003915832277
11.83489561,70.17450356,0.6389758419,-0.08125511908,0.3613276989,0.9872458344,-0.1591358567,-0.00247078589,0.003916231316
11.8549304,70.19453835,0.6389367067,-0.08156369825,0.3613284037,0.9872073907,-0.1593742093,-0.002470370698,0.003914901187
11.87993574,70.2195437,0.6388902023,-0.08192702977,0.36132806,0.9871621654,-0.1596540834,-0.002471671437,0.003914555966
11.90482044,70.2444284,0.6388498804,-0.08224090483,0.3613275689,0.987123046,-0.1598957305,-0.002472838668,0.0039156831
11.9298265,70.26943445,0.638812399,-0.08253125412,0.3613276163,0.9870866684,-0.1601201516,-0.00247373665,0.003914931289
11.95480633,70.29441428,0.6387744426,-0.0828189029,0.3613266035,0.9870506087,-0.16034228,-0.002476260459,0.003913724276
11.97492123,70.31452918,0.6387478011,-0.0830228649,0.361326818,0.9870250143,-0.1604997391,-0.002477144365,0.00391389249
11.99986744,70.33947539,0.6387178149,-0.08325301908,0.3613269427,0.9869960786,-0.160677582,-0.002477832659,0.003913552714
12.019912,70.35951996,0.6386991715,-0.08339462179,0.3613263263,0.986978221,-0.1607872231,-0.002479046943,0.003913381284
12.0399313,70.37953925,0.6386803346,-0.08352838318,0.3613251023,0.9869614061,-0.1608903512,-0.002482099446,0.003913681628
12.0649035,70.40451145,0.6386581163,-0.08368706036,0.3613238479,0.9869414821,-0.1610124924,-0.002484598783,0.003913431844
12.08494163,70.42454958,0.6386424645,-0.08380575715,0.3613238779,0.9869265284,-0.1611041231,-0.002484812573,0.003913419868
12.10986328,70.44947124,0.6386224198,-0.08395808373,0.3613241331,0.9869073033,-0.1612218512,-0.002485019296,0.003913321534
12.13486028,70.47446823,0.6386016112,-0.08411465669,0.3613238017,0.9868875161,-0.1613429145,-0.002486072969,0.003913313023
12.15972114,70.49932909,0.6385771857,-0.08428896601,0.3613212609,0.9868655724,-0.1614769835,-0.002489830796,0.003914903496
12.17986298,70.51947093,0.6385554197,-0.08445134305,0.3613208521,0.9868450536,-0.1616023276,-0.00249079095,0.003914569167
12.20485806,70.54446602,0.6385282218,-0.08465675469,0.361320561,0.9868190604,-0.1617609849,-0.002491174944,0.003914042677
12.22990394,70.56951189,0.6384970166,-0.08488816323,0.3613198802,0.9867897374,-0.1619397476,-0.002492848681,0.00391383327
12.25479388,70.59440184,0.6384627146,-0.08514579603,0.3613210842,0.9867570823,-0.1621386286,-0.00249258138,0.003913152599
12.27487302,70.61448097,0.6384317767,-0.08537708491,0.3613205326,0.9867276898,-0.1623173993,-0.00249375338,0.003912713894
12.29989791,70.63950586,0.6383895063,-0.0856862846,0.3613186838,0.9866884214,-0.1625559039,-0.002496675754,0.003912011765
12.32486582,70.66447377,0.6383452435,-0.08601571913,0.3613195613,0.9866464842,-0.1628102643,-0.002496738831,0.003911424013
12.34990835,70.68951631,0.6382929734,-0.08640280634,0.361319282,0.9865971612,-0.1631089004,-0.002497640692,0.003910222379
12.37487197,70.71447992,0.638233691,-0.08683963537,0.3613190738,0.9865414293,-0.1634456609,-0.002498679901,0.003909070285
12.39980984,70.73941779,0.6381715329,-0.08729498327,0.3613192805,0.9864833645,-0.1637957845,-0.002499713401,0.003906917039
12.41983509,70.75944304,0.6381195009,-0.08765781052,0.3613181579,0.9864370082,-0.164074744,-0.002503334493,0.00390391537
12.43989706,70.77950501,0.6380691106,-0.08800672438,0.3613163363,0.9863923994,-0.1643426749,-0.002507447435,0.003902854425
12.46485639,70.80446434,0.6380069607,-0.08845470919,0.3613154711,0.9863349085,-0.1646873291,-0.002509584601,0.003903060014
12.48992419,70.82953215,0.6379378603,-0.08894357805,0.3613138898,0.9862720805,-0.1650631435,-0.002513009494,0.003902147011
12.51496625,70.8545742,0.6378684494,-0.08943197645,0.3613129373,0.9862092324,-0.1654382056,-0.002515900075,0.003901322625
12.53985476,70.87946272,0.6378005154,-0.08991570384,0.3613130078,0.9861467009,-0.1658105516,-0.002516696737,0.003900190114
12.55990291,70.89951086,0.6377463331,-0.09029810907,0.3613133281,0.9860970636,-0.1661055277,-0.002517660866,0.003898235854
12.58493876,70.92454672,0.637682819,-0.09073735427,0.3613117469,0.9860399835,-0.1664440006,-0.002521145383,0.003897366265
12.60993028,70.94953823,0.6376200015,-0.09114869002,0.3613069101,0.985986889,-0.1667581338,-0.002528959776,0.003896648875
12.63495636,70.97456431,0.6375641126,-0.09153443188,0.3613065257,0.9859366333,-0.1670550024,-0.002530459006,0.003895912751
12.65985703,70.99946499,0.6375124152,-0.09189196138,0.3613053521,0.9858898158,-0.1673310382,-0.002532579758,0.003896253998
12.68484831,71.02445626,0.6374603483,-0.09222869143,0.3613007214,0.9858460186,-0.1675887915,-0.002539459501,0.003895607699
12.70492435,71.0445323,0.6374174851,-0.09250112302,0.3612978284,0.9858104749,-0.1677976819,-0.002544927014,0.003894717803
12.72993088,71.06953883,0.6373673304,-0.09283583365,0.3612961,0.9857665429,-0.1680555347,-0.002548221697,0.003894454719
12.75486135,71.09446931,0.6373185449,-0.09316632694,0.3612950041,0.98572306,-0.1683103554,-0.002550422256,0.003894680049
12.77487302,71.11448097,0.6372793107,-0.0934177791,0.3612924947,0.9856901442,-0.1685029558,-0.002554748457,0.003894448535
12.79488325,71.13449121,0.6372379876,-0.09367388406,0.3612887605,0.9856565623,-0.1686991907,-0.00256102338,0.003894275248
12.81984568,71.15945363,0.637183991,-0.09401407961,0.3612849678,0.9856117476,-0.1689607207,-0.002567867261,0.003894086097
12.83988905,71.179497,0.6371397412,-0.09430685049,0.3612835644,0.9855729765,-0.1691866881,-0.002570550261,0.003894205788
12.86480641,71.20441437,0.6370808597,-0.09467923267,0.3612794921,0.985523706,-0.1694733532,-0.00257723995,0.003894265243
12.88487887,71.22448683,0.6370342581,-0.09497178591,0.3612769068,0.985484971,-0.1696984044,-0.002581975082,0.003893175253
12.90990305,71.249511,0.6369741786,-0.09536198827,0.3612754277,0.9854330509,-0.1699996307,-0.00258536953,0.003891488112
12.93489957,71.27450752,0.6369139704,-0.09575989845,0.3612743555,0.9853799424,-0.1703071656,-0.002587638768,0.003891355862
12.9598887,71.29949665,0.636853481,-0.09615803363,0.3612737099,0.985326697,-0.1706149343,-0.002589536833,0.003890837896
12.98492408,71.32453203,0.636792056,-0.09655516124,0.3612732788,0.985273563,-0.1709215474,-0.002591182559,0.003887987705
13.00984526,71.34945321,0.636732549,-0.09694521568,0.3612722647,0.9852211973,-0.1712231207,-0.002592682881,0.003887592271
13.02986383,71.36947179,0.6366844953,-0.09725833773,0.3612706341,0.9851790913,-0.1714651972,-0.002594985125,0.003887190829
13.04989338,71.38950133,0.636634315,-0.09758020261,0.3612698353,0.9851357775,-0.1717138746,-0.002597159944,0.003885854339
13.0699029,71.40951085,0.6365818907,-0.09790678409,0.3612677289,0.9850918572,-0.1719656176,-0.002601259474,0.003884919276
13.08990741,71.42951536,0.6365310964,-0.09822615249,0.3612652,0.9850488547,-0.1722117185,-0.002605276682,0.003884628732
13.10991836,71.44952631,0.63648238,-0.09853790727,0.3612626804,0.9850067974,-0.1724520788,-0.002608373166,0.003884066032
13.12995267,71.46956062,0.6364342405,-0.09884594627,0.3612620109,0.9849652349,-0.1726893014,-0.00260998592,0.00388319675
13.15492606,71.49453402,0.6363765591,-0.09921102021,0.3612612177,0.9849159223,-0.1729703275,-0.002612037631,0.003881886759
13.17493629,71.51454425,0.6363305618,-0.09949982377,0.3612596302,0.9848767134,-0.1731934086,-0.002614658627,0.003881511368
13.19495559,71.53456354,0.6362846561,-0.09979067369,0.361257887,0.9848372595,-0.1734175911,-0.002616870568,0.003881148157
13.21993327,71.55954123,0.636226038,-0.1001626764,0.3612568135,0.9847866739,-0.1737046215,-0.002618652223,0.003879951607
13.24489427,71.58450222,0.6361678852,-0.100527188,0.3612556997,0.9847369648,-0.1739861905,-0.002620942952,0.003878962122
13.26494694,71.60455489,0.636118264,-0.1008286841,0.3612525546,0.9846958333,-0.1742187739,-0.002625619398,0.003878248031
13.28991413,71.62952209,0.6360573607,-0.1012001033,0.3612492494,0.9846452323,-0.1745044797,-0.002630445895,0.003877359852
13.31479168,71.65439963,0.6359956591,-0.1015859733,0.3612480692,0.9845923859,-0.1748023987,-0.002632492753,0.003876216417
13.33480382,71.67441177,0.6359451922,-0.1018932784,0.3612437781,0.9845502192,-0.1750396861,-0.002637886101,0.003875010137
13.35978127,71.69938922,0.635873623,-0.1023023698,0.3612354292,0.9844942118,-0.1753542585,-0.00264973143,0.003874263745
13.38477087,71.72437882,0.6357974479,-0.1027390342,0.3612291322,0.9844343237,-0.1756900135,-0.002659863616,0.00387383404
13.40477872,71.74438667,0.6357376317,-0.1030927893,0.3612233673,0.9843856037,-0.1759626915,-0.002667150338,0.003873073323
13.42490244,71.76451039,0.6356771917,-0.1034460579,0.361216868,0.9843368447,-0.1762351418,-0.002675268741,0.003872194147
13.44988227,71.78949022,0.6355849546,-0.103935417,0.3612038143,0.9842696563,-0.1766096986,-0.002695535798,0.003871981211
13.46993327,71.80954123,0.6355060074,-0.1043294109,0.3611887142,0.9842157079,-0.176909722,-0.002718375215,0.003873124183
13.49490499,71.83451295,0.6354098938,-0.1048533886,0.3611768299,0.9841432861,-0.1773118625,-0.002735935127,0.003874349902
13.5198915,71.85949945,0.6353028631,-0.1054235055,0.3611645784,0.9840643909,-0.1777489347,-0.002755548214,0.003872690441
13.54485369,71.88446164,0.6352021375,-0.1059609344,0.3611524072,0.9839898264,-0.1781609434,-0.002774008412,0.003873588944
13.56488419,71.90449214,0.6351104669,-0.1064416437,0.3611416709,0.9839230329,-0.1785292288,-0.00279109985,0.003871643204
13.58488441,71.92449236,0.6350238575,-0.1068782162,0.36112877,0.9838624428,-0.1788625483,-0.002811252837,0.003870305713
13.60490108,71.94450903,0.6349471462,-0.1073062544,0.3611210775,0.9838024915,-0.1791918394,-0.002821046536,0.003870923071
13.62490368,71.96451163,0.6348598009,-0.1077719778,0.3611127989,0.9837375151,-0.1795481642,-0.00283142463,0.003865389546
13.64987707,71.98948503,0.6347716495,-0.1082601982,0.361108829,0.983669259,-0.1799217711,-0.002835772858,0.003860521984
13.6698885,72.00949645,0.6347043408,-0.1086461816,0.3611059674,0.983614739,-0.1802195354,-0.002839350899,0.00386035902
13.6947732,72.03438115,0.6346195085,-0.1090852019,0.3610948012,0.9835529923,-0.1805560093,-0.002855531378,0.003858073415
13.71483374,72.05444169,0.6345634517,-0.1094001219,0.3610913541,0.9835083366,-0.1807990247,-0.00285978771,0.003858265327
13.73982143,72.07942939,0.6344935832,-0.1097898326,0.3610858566,0.983452961,-0.1810999196,-0.002866135655,0.003857172843
13.75988579,72.09949374,0.6344412534,-0.1100759305,0.3610831713,0.9834122796,-0.1813206445,-0.002870609891,0.003856404506
13.78491211,72.12452006,0.634378881,-0.1104305797,0.3610812276,0.9833616452,-0.1815950332,-0.002873237951,0.003855280926
13.80989838,72.14950633,0.6343242616,-0.1107376474,0.3610779745,0.9833177896,-0.1818323213,-0.002877117351,0.003854052712
13.83493733,72.17454529,0.63427649,-0.1110123268,0.3610776447,0.9832784653,-0.1820449188,-0.002875350977,0.003852206051
13.85988188,72.19948983,0.6342296641,-0.1112796706,0.3610750992,0.9832400998,-0.1822520361,-0.002876823401,0.003850381409
13.87990093,72.21950889,0.6341912255,-0.111499284,0.3610731469,0.9832085755,-0.1824220392,-0.00287794543,0.003848918044
13.9049449,72.24455285,0.6341445343,-0.1117643103,0.3610725879,0.9831705252,-0.1826270335,-0.002877755942,0.003847521893
13.92989492,72.26950288,0.6341001758,-0.1120146338,0.361072072,0.9831344836,-0.1828209505,-0.00287867268,0.003847128568
13.95486403,72.29447198,0.6340512423,-0.1122931788,0.3610697028,0.9830945291,-0.1830357196,-0.002878895269,0.003845003498
13.97491622,72.31452417,0.6340113797,-0.1125262886,0.3610675197,0.9830611908,-0.1832148968,-0.002872442748,0.003840031026
13.99986863,72.33947659,0.6339559282,-0.1128445086,0.3610663291,0.9830152255,-0.1834615272,-0.002866968428,0.003836016067
14.01988316,72.35949111,0.6339048687,-0.1131275977,0.3610642008,0.9829743375,-0.1836804746,-0.002868983215,0.003834588768
14.04493403,72.38454199,0.6338384742,-0.1134982803,0.3610611727,0.9829213504,-0.1839638764,-0.002868830327,0.003831571683
14.06993723,72.40954518,0.6337747722,-0.1138720039,0.3610601242,0.9828685381,-0.1842463079,-0.002850611509,0.003822155157
14.09482622,72.43443418,0.6337117557,-0.1142314163,0.3610591249,0.9828166732,-0.1845230121,-0.002841834792,0.003816908219
14.11487889,72.45448685,0.6336550336,-0.1145430327,0.3610569905,0.9827718518,-0.1847615799,-0.002843978436,0.003815447526
14.13492322,72.47453117,0.6335969611,-0.1148648236,0.3610558529,0.9827265447,-0.1850025043,-0.002841710798,0.003812669928
14.15991068,72.49951863,0.6335233051,-0.115277381,0.3610547976,0.9826686485,-0.185309979,-0.002835356718,0.003807845532
14.17995977,72.51956773,0.6334672432,-0.1155860363,0.3610525243,0.982626175,-0.1855350855,-0.002836576902,0.003806054091
14.20490527,72.54451323,0.6333959918,-0.1159794647,0.3610518242,0.9825736226,-0.1858133071,-0.002833750607,0.003802746281
14.22991538,72.56952333,0.6333256257,-0.1163780045,0.3610515343,0.9825231632,-0.1860803257,-0.002818823814,0.003794792441
14.24993563,72.58954358,0.6332724565,-0.1166878107,0.3610473156,0.9824861252,-0.186276272,-0.002800153758,0.003784633194
14.27490258,72.61451054,0.6332056089,-0.1170776743,0.3610433237,0.9824460682,-0.1864881018,-0.002773989323,0.003770401672
14.29984522,72.63945317,0.6331358986,-0.1174983547,0.3610442811,0.982505654,-0.1861750963,-0.002726826463,0.003746693042
14.32489586,72.66450381,0.6330670186,-0.1179226794,0.3610403849,0.9828972554,-0.1840978292,-0.002678671808,0.003714747428
14.34989786,72.68950582,0.6329940237,-0.1183523794,0.3610314954,0.9835438502,-0.1806124323,-0.002656910109,0.003685756871
14.37488532,72.71449327,0.6329051844,-0.1188441951,0.3610319485,0.9843106734,-0.1763860321,-0.002654547765,0.003663239294
14.39987278,72.73948073,0.6328049141,-0.1193824983,0.3610310728,0.9850885888,-0.1719885343,-0.0026682817,0.003646446829
14.42485595,72.7644639,0.6326862551,-0.1200003939,0.3610282486,0.9857997749,-0.1678640953,-0.002691604921,0.003633802186
14.44489932,72.78450727,0.6325804499,-0.1205312924,0.3610245374,0.9862810756,-0.1650125845,-0.002712844981,0.003623176546
14.46986103,72.80946898,0.6324425384,-0.1212512027,0.3610232808,0.9867668083,-0.1620825474,-0.002729005519,0.003614744323
14.4898715,72.82947946,0.6323178024,-0.1218943442,0.3610227477,0.9870575383,-0.1603025972,-0.002739988989,0.003603590462
14.50989962,72.84950757,0.6321979901,-0.1225125367,0.3610227723,0.9872625404,-0.1590351522,-0.002749155698,0.003597049824
14.5299046,72.86951256,0.6320666289,-0.1231856873,0.3610220795,0.9873698129,-0.1583677785,-0.002756333101,0.003591927763
14.55489421,72.89450216,0.6319063416,-0.1240004418,0.361022467,0.9874210241,-0.1580482045,-0.002762020878,0.003585732346
14.57976007,72.91936803,0.6317446623,-0.1248240492,0.361023377,0.9874263615,-0.1580149508,-0.002763582052,0.003580293524
14.59981298,72.93942094,0.6316261818,-0.1254292007,0.3610244107,0.9874220258,-0.1580423584,-0.002757963121,0.003570641373
14.61988783,72.95949578,0.6315107974,-0.1260167651,0.3610244164,0.9874269443,-0.1580118538,-0.002751805062,0.003565285629
14.64488626,72.98449421,0.6313741975,-0.1267250118,0.3610259324,0.9874487817,-0.1578760721,-0.002726155997,0.003552102868
14.66981578,73.00942373,0.6312489358,-0.1273868376,0.3610267306,0.9875173051,-0.1574481571,-0.002681832226,0.003529562642
14.68989825,73.02950621,0.6311542074,-0.1278879218,0.3610259386,0.9876024851,-0.1569139737,-0.002646299693,0.003511890954
14.71493363,73.05454159,0.6310562584,-0.1284235032,0.3610262666,0.9877700096,-0.1558575455,-0.002586929824,0.003484452847
14.73991346,73.07952142,0.6309754525,-0.1288869335,0.3610288467,0.9880027691,-0.1543773584,-0.002508022529,0.003445183776
14.7648015,73.10440946,0.6309086786,-0.1292335151,0.3610284728,0.9882743107,-0.1526299648,-0.002491131156,0.003431472001
14.78488398,73.12449193,0.6308575882,-0.12948541,0.3610271926,0.9885022175,-0.1511469984,-0.002493964151,0.003425070085
14.80489993,73.14450788,0.6308160223,-0.1296930698,0.3610278669,0.988746422,-0.1495413511,-0.002493454261,0.003417583648
14.82989025,73.16949821,0.6307696542,-0.1299217939,0.3610296724,0.9890515518,-0.1475098205,-0.00249802364,0.003411837416
14.85490727,73.19451523,0.6307220602,-0.1301503776,0.3610265955,0.9893185884,-0.1457080158,-0.002508649645,0.003407557982
14.87987661,73.21948457,0.6306762842,-0.1303721029,0.3610262572,0.9895428121,-0.1441773587,-0.002515417551,0.003403661747
14.89988017,73.23948812,0.6306364892,-0.1305656892,0.3610268313,0.9896942542,-0.1431341274,-0.002519063072,0.003399853333
14.92487931,73.26448727,0.6305823956,-0.1308261947,0.3610264637,0.9898382656,-0.1421348028,-0.002524423905,0.003396048205
14.94487977,73.28448772,0.6305311057,-0.1310731488,0.3610265407,0.9899181398,-0.1415774425,-0.00252752792,0.003393501926
14.96489358,73.30450153,0.6304801696,-0.1313189535,0.3610270203,0.9899650736,-0.1412489078,-0.00252915135,0.003391530237
14.98988008,73.32948804,0.6304210845,-0.1316036947,0.361026888,0.9900014069,-0.1409940608,-0.002530250163,0.00338923592
15.01490164,73.35450959,0.6303726428,-0.1318406429,0.3610269814,0.9899950441,-0.1410388935,-0.002524970937,0.003386406589
15.03987598,73.37948394,0.6303273087,-0.1320752043,0.3610264878,0.9899796972,-0.1411471047,-0.002505130232,0.003379108913
15.05989003,73.39949799,0.6302921382,-0.132278764,0.361024086,0.9899750921,-0.141180562,-0.002461430074,0.003362644045
15.08489251,73.42450047,0.6302537362,-0.1325366427,0.3610231642,0.9899865212,-0.1411027863,-0.002366467297,0.00333035589
15.10489821,73.44450617,0.6302295708,-0.1327117293,0.3610229537,0.9900111544,-0.1409317361,-0.002289389346,0.003304339779
15.12988353,73.46949148,0.6302146595,-0.1328960612,0.3610203068,0.9900513495,-0.1406524939,-0.002144690247,0.00325599378
15.15490031,73.49450827,0.6302408618,-0.1330551625,0.3610136828,0.990131986,-0.1400914956,-0.001782898097,0.003137580518
15.17987013,73.51947808,0.6302893846,-0.1332552402,0.3610028249,0.9902274849,-0.1394247674,-0.001232286425,0.002957010622
15.19989109,73.53949904,0.6303459999,-0.1334449437,0.36099515,0.9903204561,-0.1387707551,-0.0006421817244,0.002767544679
15.2248888,73.56449676,0.6304311674,-0.1337219739,0.3609841292,0.9904480872,-0.1378634901,0.0002366454217,0.002487696785
15.24988747,73.58949542,0.6305318705,-0.1339787749,0.3609769697,0.990598298,-0.1367801189,0.001188410473,0.002190606527
15.27491522,73.61452317,0.6306401074,-0.1342377269,0.360973983,0.9907639151,-0.1355673585,0.002193356139,0.001882821135
15.29983687,73.63944483,0.6307263402,-0.1345405476,0.3609709823,0.9909285723,-0.1343437788,0.003122267259,0.001601575216
15.31992865,73.6595366,0.6307799687,-0.1348316602,0.3609666089,0.9910638851,-0.1333257343,0.003833854622,0.001387702765
15.34488869,73.68449664,0.6308188758,-0.1352216279,0.3609662305,0.991220177,-0.1321368258,0.004588827416,0.001167293628
15.36991477,73.70952272,0.630792054,-0.1356476039,0.3609656984,0.9913387829,-0.1312303216,0.004990862572,0.001054210735
15.39493561,73.73454356,0.6306957289,-0.1360831268,0.3609595189,0.991429521,-0.1305428025,0.004997168079,0.001053487837
15.41990376,73.75951171,0.6306031252,-0.1365028945,0.3609513775,0.9915069915,-0.1299533533,0.004989344827,0.001057452644
15.44475198,73.78435993,0.6305078005,-0.1369418195,0.3609478794,0.9915642544,-0.1295158051,0.004985763942,0.00106207031
15.46486068,73.80446863,0.6304252352,-0.1373209332,0.3609480213,0.9915915036,-0.1293070276,0.004984554544,0.001066221984
15.48492169,73.82452965,0.6303416556,-0.1377037034,0.3609483532,0.9915852702,-0.1293548267,0.004983699967,0.001069291082
15.50986719,73.84947515,0.6302391143,-0.1381698581,0.360946987,0.9915494858,-0.1296289056,0.004981596932,0.001071317117
15.52992129,73.86952925,0.630161448,-0.1385219763,0.3609464417,0.9915187532,-0.1298637767,0.004981067534,0.001072551009
15.55487823,73.89448619,0.6300702273,-0.1389382937,0.3609469894,0.9914893695,-0.1300878674,0.004982192027,0.001074631996
15.5748992,73.91450715,0.629996457,-0.1392720921,0.3609458736,0.9914774165,-0.1301789615,0.004981221811,0.001076134234
15.59981275,73.9394207,0.6299069964,-0.1396759067,0.3609453923,0.9914624663,-0.1302928005,0.004980072986,0.001078394506
15.61982608,73.95943403,0.6298392337,-0.1399810606,0.3609460211,0.9914350906,-0.1305009351,0.004979886991,0.001080625358
15.6398294,73.97943735,0.629777918,-0.1402567341,0.3609460684,0.9914075283,-0.1307101618,0.004979594111,0.001081676145
15.65988779,73.99949574,0.6297211875,-0.1405110062,0.3609459798,0.9913821391,-0.1309025947,0.004979324943,0.00108229728
15.67989492,74.01950288,0.6296721052,-0.1407303866,0.3609453323,0.991360393,-0.1310672054,0.004978555583,0.001082952809
15.7048955,74.04450345,0.6296152951,-0.1409839843,0.3609444644,0.9913358733,-0.1312525703,0.004977365281,0.001083912829
15.72988081,74.06948876,0.6295613223,-0.1412248194,0.3609447134,0.9913124093,-0.1314296675,0.004977160838,0.001085084356
15.75487232,74.09448028,0.6295122232,-0.1414433668,0.3609444934,0.9912918361,-0.1315847606,0.004976687045,0.0010858206
15.77487731,74.11448526,0.6294832822,-0.1415708778,0.3609424974,0.9912815916,-0.1316619917,0.004974691128,0.00108558322
15.79488397,74.13449192,0.629459611,-0.1416756518,0.3609412499,0.9912725074,-0.1317304164,0.00497343128,0.001085534634
15.8149035,74.15451145,0.6294382654,-0.1417698672,0.3609415225,0.9912635151,-0.1317980749,0.004973139216,0.001085843422
15.83983421,74.17944217,0.6294057243,-0.1419137435,0.3609401196,0.9912491543,-0.1319060917,0.004971552325,0.001086583378
15.85991073,74.19951868,0.6293758629,-0.1420464588,0.360936702,0.9912364255,-0.1320018103,0.004968689197,0.001087661662
15.87992549,74.21953344,0.6293447386,-0.1421843408,0.3609363277,0.991223414,-0.1320994934,0.004968251959,0.001088073505
15.90485573,74.24446368,0.6293108642,-0.1423338481,0.3609362268,0.9912094198,-0.1322044624,0.004968038602,0.001088562099
15.92490911,74.26451707,0.6292857426,-0.1424448776,0.3609357872,0.9912006442,-0.1322702543,0.004967583038,0.001089038496
15.94491124,74.2845192,0.629261729,-0.1425519186,0.3609357343,0.9911918019,-0.1323364813,0.004967947906,0.001089578332
15.96988845,74.3094964,0.6292319784,-0.1426831632,0.3609346997,0.9911789624,-0.1324326516,0.004966809438,0.001090017651
15.99486566,74.33447361,0.6291954371,-0.1428422171,0.3609276654,0.9911632502,-0.1325504281,0.004960775868,0.001089115999
16.01488495,74.3544929,0.6291601155,-0.1429964622,0.3609224626,0.9911484374,-0.1326613113,0.004956704818,0.001087543494
16.03976297,74.37937093,0.6291096755,-0.1432185221,0.3609190236,0.991126362,-0.1328262409,0.004954086994,0.001086912129
16.05986452,74.39947248,0.6290683246,-0.1433997232,0.3609108974,0.9911078329,-0.132964683,0.004947742078,0.001084631289
16.08494067,74.42454863,0.6290099545,-0.143654968,0.3609017261,0.9910818683,-0.1331583642,0.004940562507,0.001082291553
16.10986066,74.44946861,0.6289438277,-0.1439442312,0.3609008708,0.9910534157,-0.1333699872,0.004939689796,0.001083162547
16.13487411,74.47448206,0.6288659951,-0.1442837488,0.3608969623,0.9910197991,-0.1336196701,0.004936436431,0.001083063114
16.15489006,74.49449801,0.6287951619,-0.1445917754,0.3608911951,0.9909900182,-0.1338405426,0.004931827893,0.001081731574
16.17988706,74.51949501,0.6287040372,-0.1449869325,0.3608889619,0.99095231,-0.1341195165,0.00492974884,0.001082646598
16.20485711,74.54446507,0.6286130597,-0.1453789629,0.3608884872,0.9909174139,-0.1343771197,0.004928752229,0.001084395942
16.22486711,74.56447506,0.6285375096,-0.1457050765,0.3608883273,0.9908889376,-0.1345869468,0.004928359093,0.001085568174
16.24490833,74.58451629,0.6284562783,-0.146055126,0.3608866409,0.9908589431,-0.1348076358,0.004927042373,0.001086418374
16.269876,74.60948396,0.6283554426,-0.1464882617,0.3608839316,0.9908269744,-0.1350424867,0.004924368882,0.001088130314
16.294873,74.63448095,0.6282481926,-0.1469468628,0.3608845384,0.9908423198,-0.1349298495,0.004923602908,0.001091441798
16.31490302,74.65451097,0.628158612,-0.1473296328,0.3608850151,0.9908809989,-0.1346454887,0.004923316601,0.001095105341
16.33982086,74.67942882,0.6280491047,-0.1477955481,0.3608815673,0.9909753987,-0.1339490487,0.004918833047,0.001103033494
16.35985756,74.69946551,0.6279572388,-0.1481834057,0.3608762218,0.9910718653,-0.1332336081,0.004912992477,0.00110727076
16.38486195,74.7244699,0.6278408069,-0.1486728678,0.3608758914,0.9912120985,-0.1321863117,0.004910367363,0.00111490567
16.40487194,74.74447989,0.6277446829,-0.1490783284,0.360875652,0.9913244819,-0.131340851,0.004908167856,0.001123497922
16.42488623,74.76449418,0.6276389352,-0.149522549,0.360875302,0.9914221052,-0.1306019168,0.004906238486,0.001130236952
16.44980502,74.78941298,0.627508173,-0.1500704284,0.3608752963,0.9915383647,-0.1297163112,0.004904417766,0.001138691918
16.46984267,74.80945063,0.6274028417,-0.1505097499,0.3608752305,0.9916217601,-0.1290772588,0.004902475499,0.001145389777
16.48986626,74.82947421,0.6272924935,-0.150968863,0.3608755456,0.9916858526,-0.1285839112,0.004901230415,0.001151226012
16.50988388,74.84949183,0.6271832892,-0.1514230231,0.3608761215,0.9917339617,-0.1282123036,0.004900621502,0.001156836901
16.53484368,74.87445164,0.6270375357,-0.1520242478,0.3608745892,0.9917712541,-0.1279235753,0.004897826571,0.00116180278
16.55488586,74.89449382,0.6269319802,-0.1524566407,0.3608731933,0.9917888149,-0.1277874285,0.004895189383,0.001164847457
16.57983065,74.9194386,0.6268013155,-0.1529928123,0.360874013,0.9917980675,-0.1277155703,0.004894674268,0.001169814288
16.60481882,74.94442677,0.6266762341,-0.1535049162,0.3608748652,0.9917837078,-0.1278270034,0.004895081932,0.001171455596
16.62985659,74.96946454,0.6265613291,-0.1539736349,0.3608723024,0.9917672627,-0.1279545927,0.004892465144,0.001175858026
16.64989948,74.98950744,0.6264613729,-0.1543795693,0.3608693519,0.9917421603,-0.1281491056,0.004889978388,0.001175705379
16.66991377,75.00952172,0.6263682715,-0.1547582165,0.3608707782,0.9917207002,-0.128315013,0.00489106666,0.001177950929
16.69487381,75.03448176,0.6262536811,-0.1552233014,0.3608711227,0.9916950529,-0.1285130372,0.004891382251,0.00118140885
16.71489835,75.0545063,0.6261620051,-0.1555919967,0.3608708395,0.9916798472,-0.1286303324,0.00489082773,0.001182321176
16.73980188,75.07940984,0.6260596223,-0.1560045881,0.3608710241,0.9917064376,-0.1284251351,0.004890609357,0.001186731203
16.76487541,75.10448337,0.6259595365,-0.1564052122,0.3608700952,0.9917504276,-0.1280850182,0.004888211335,0.001192800925
16.78984714,75.12945509,0.625855148,-0.1568222586,0.3608708504,0.9917983621,-0.1277133027,0.004887513351,0.001197277741
16.80989075,75.1494987,0.6257675091,-0.1571716499,0.3608706907,0.9918402985,-0.1273872092,0.004886557938,0.001201074261
16.83487248,75.17448044,0.6256687998,-0.1575638909,0.3608673093,0.9919116962,-0.1268301723,0.00488236535,0.001206953857
16.85487795,75.1944859,0.6255950264,-0.1578567534,0.3608678617,0.9919786328,-0.1263055539,0.004881600909,0.001212032329
16.87979937,75.21940732,0.6255009008,-0.1582300044,0.3608697274,0.9920609525,-0.1256572874,0.004881498936,0.001218018219
16.89986515,75.2394731,0.6254247166,-0.1585307676,0.3608670829,0.9921238408,-0.1251598596,0.004878304632,0.001223151795
16.9248538,75.26446176,0.6253302805,-0.158902895,0.3608624906,0.9922089248,-0.1244836973,0.004873397262,0.001228224766
16.94486547,75.28447342,0.6252565347,-0.1591928528,0.3608638105,0.9922826187,-0.123894859,0.004873239622,0.001232902318
16.96487284,75.30448079,0.6251822534,-0.159484203,0.3608644578,0.9923416808,-0.1234208963,0.004872303217,0.001237556941
16.98487449,75.32448244,0.6251087015,-0.1597723941,0.3608634831,0.9923841397,-0.123079062,0.004870568867,0.00124146814
17.00488281,75.34449077,0.6250382424,-0.1600477907,0.3608626393,0.992421272,-0.1227793138,0.00486910671,0.001245301185
17.02488852,75.36449647,0.6249712379,-0.1603099938,0.3608633167,0.992436188,-0.1226586571,0.004869179326,0.001248068397
17.04986715,75.38947511,0.6248827801,-0.1606541853,0.360863376,0.9924472437,-0.1225691801,0.004868226269,0.001250967009
17.07487202,75.41447997,0.6247825719,-0.1610432465,0.360862651,0.9924330297,-0.1226842458,0.004866918641,0.001253179729
17.09979367,75.43940163,0.6246871103,-0.1614134449,0.3608622359,0.9924074061,-0.1228913512,0.004866464843,0.001254449058
17.11982298,75.45943093,0.6246180927,-0.1616804917,0.3608625157,0.9923897353,-0.1230339517,0.004866523746,0.001255734157
17.14490032,75.48450828,0.6245358724,-0.1619979673,0.360862949,0.992370998,-0.123184978,0.004866348818,0.001257839816
17.16990948,75.50951743,0.6244473354,-0.1623415749,0.360863401,0.9923483012,-0.1233676323,0.004867219762,0.001259593458
17.19479156,75.53439951,0.6243610441,-0.1626737475,0.3608627258,0.9923241385,-0.1235618164,0.004867492916,0.001260630047
17.21479654,75.5544045,0.6242942797,-0.1629303088,0.3608630114,0.9923077055,-0.1236936912,0.004867826469,0.001261932151
17.23976684,75.57937479,0.6242125233,-0.1632436324,0.3608639084,0.9923002888,-0.1237531403,0.004868029894,0.001264668629
17.26481485,75.60442281,0.6241323644,-0.1635501412,0.3608634868,0.992316073,-0.1236265138,0.004867056186,0.001268079493
17.28482223,75.62443018,0.6240696338,-0.163789697,0.3608634333,0.9923363585,-0.1234635771,0.00486641458,0.001270686437
17.30976629,75.64937425,0.6239874662,-0.1641048868,0.3608640273,0.9923785384,-0.1231240377,0.004866459985,0.001274832151
17.32979584,75.66940379,0.6239119556,-0.1643920609,0.3608640453,0.9924207778,-0.1227830988,0.00486562161,0.001279158055
17.34987736,75.68948531,0.6238326616,-0.1646955263,0.3608647215,0.9924673884,-0.1224057249,0.00486551478,0.001283800314
17.37476897,75.71437693,0.6237257146,-0.1651021166,0.3608652203,0.992527038,-0.1219210795,0.004864860645,0.001289288788
17.39488506,75.73449302,0.6236360182,-0.1654411002,0.3608651561,0.9925765257,-0.1215175112,0.004864325119,0.001293611184
17.41981673,75.75942469,0.6235230487,-0.1658710374,0.3608661605,0.9926445899,-0.1209601505,0.004865232617,0.00129982504
17.4398241,75.77943206,0.6234307072,-0.1662241461,0.360867675,0.9927060078,-0.1204549377,0.00486684748,0.001305346078
17.45983601,75.79944396,0.6233241503,-0.1666230236,0.3608676224,0.9927664894,-0.1199554424,0.004865481843,0.001310121234
17.479846,75.81945395,0.623215385,-0.1670302541,0.3608675941,0.9928285627,-0.1194405596,0.004864917346,0.001315470939
17.50483131,75.84443927,0.6230797592,-0.1675369158,0.3608677031,0.9929071834,-0.1187851389,0.004864825234,0.001322641814
17.52489829,75.86450624,0.6229637693,-0.167968467,0.3608684563,0.9929638622,-0.1183103269,0.004865801814,0.0013262507
17.54490566,75.88451362,0.6228556605,-0.1683710539,0.3608687011,0.9930173192,-0.117860731,0.004866006217,0.001331853811
17.56988502,75.90949297,0.6227175981,-0.1688816555,0.3608665802,0.9930665712,-0.1174450578,0.004863543864,0.001337762479
17.59489918,75.93450713,0.6225815776,-0.1693851734,0.3608671407,0.9931167266,-0.1170199883,0.004868381611,0.001337355962
17.61980891,75.95941687,0.6224601726,-0.1698383406,0.3608678009,0.9931639659,-0.1166181558,0.004871631668,0.001345244689
17.63982701,75.97943497,0.6223614011,-0.1702008795,0.3608669479,0.9931981496,-0.116326633,0.004871476422,0.001348639848
17.65987563,75.99948359,0.6222721681,-0.1705294409,0.3608676083,0.9932240673,-0.1161049745,0.004874857735,0.001350113488
17.67990422,76.01951218,0.6221952722,-0.1708170337,0.3608679449,0.9932625184,-0.1157751213,0.004885023788,0.001351812263
17.70488763,76.04449558,0.6221126532,-0.1711273457,0.3608672624,0.9933084032,-0.1153801529,0.004899733125,0.001352447043
17.72489619,76.06450415,0.6220542448,-0.1713433266,0.3608671291,0.9933496695,-0.1150240876,0.004904972619,0.001354497928
17.74987888,76.08948684,0.6219840423,-0.1716078633,0.360865616,0.9934009822,-0.1145794577,0.004919574898,0.001354309527
17.76989102,76.10949898,0.6219415433,-0.1717736235,0.3608622599,0.9934350257,-0.1142832315,0.004936285097,0.001351245463
17.79491735,76.1345253,0.6219002906,-0.1719302663,0.3608614641,0.9934838926,-0.1138571539,0.004947210686,0.001352365721
17.81983733,76.15944529,0.6218646283,-0.1720606264,0.3608608314,0.9935133568,-0.1135996781,0.004948531064,0.001354648229
17.83989024,76.1794982,0.6218393117,-0.1721538848,0.3608584356,0.9935266538,-0.1134832944,0.004949291478,0.001354460435
17.86488771,76.20449567,0.6218101064,-0.1722616004,0.3608553195,0.9935433261,-0.1133372378,0.004949060002,0.001355176996
17.88988686,76.22949481,0.6217823413,-0.172363333,0.3608553147,0.9935481755,-0.1132946786,0.004949801723,0.001355825193
17.91489625,76.2545042,0.6217588747,-0.1724479666,0.3608545191,0.9935468428,-0.1133063859,0.004949259855,0.001356032544
17.93984437,76.27945232,0.6217360738,-0.1725305805,0.3608508956,0.9935443593,-0.1133282788,0.004946780227,0.001355266627
17.95989895,76.2995069,0.6217162567,-0.1726025034,0.3608482346,0.9935413529,-0.1133547063,0.004945170107,0.001354947997
17.98491573,76.32452369,0.6216860756,-0.1727122938,0.3608468219,0.9935364877,-0.1133973548,0.004944930975,0.00135470884
18.00990176,76.34950972,0.6216519421,-0.1728397655,0.3608447445,0.9935285806,-0.1134665589,0.004946008469,0.001355192617
18.03490496,76.37451291,0.6216190222,-0.1729836062,0.3608460801,0.993519654,-0.1135440414,0.004961156981,0.001354515813
18.05986357,76.39947152,0.6215890194,-0.1731231569,0.3608521058,0.9935110348,-0.1136183675,0.004986083466,0.001352561674
18.07992721,76.41953516,0.6215636249,-0.1732273119,0.3608517964,0.9935027516,-0.1136901031,0.005002270154,0.001349173054
18.10489798,76.44450593,0.6215339672,-0.173348327,0.3608472992,0.9934931487,-0.1137732911,0.005019477252,0.001344041028
18.12991118,76.46951914,0.6215156912,-0.1734569035,0.360847926,0.9934845493,-0.1138461288,0.00507273105,0.001332925984
18.15487933,76.49448729,0.6215190234,-0.1735488369,0.360849414,0.993477395,-0.1139011266,0.005245931736,0.001295816959
18.17488527,76.51449323,0.6215595443,-0.1736139468,0.3608474658,0.9934700588,-0.1139486168,0.005610246624,0.001216558654
18.19988871,76.53949666,0.6216482106,-0.1736903885,0.360846095,0.9934597406,-0.1140043438,0.006293720181,0.001068909481
18.22489285,76.56450081,0.6218055293,-0.1737581914,0.3608499578,0.9934479289,-0.1140432765,0.007392704143,0.0008315683198
18.24489403,76.58450198,0.6219810362,-0.1738032008,0.360854067,0.9934347141,-0.1140778186,0.008566605403,0.0005774084981
18.26490641,76.60451436,0.6221781035,-0.1738594847,0.3608559816,0.9934161705,-0.1141331964,0.009891194647,0.0002936114221
18.28980303,76.62941098,0.6224255157,-0.1739562832,0.3608575999,-0.9933872179,0.1142246772,-0.0115985345,6.908176582e-05
18.31480217,76.65441012,0.6226623956,-0.1740628333,0.3608622053,-0.9933550647,0.1143237601,-0.01325208792,0.0004180257479
18.33974791,76.67935586,0.6228485497,-0.1741984472,0.3608698523,-0.9933214022,0.114445033,-0.01464298476,0.0007137134004
18.35976315,76.6993711,0.622914828,-0.1743209654,0.3608719572,-0.9932998815,0.1145480584,-0.01527633939,0.0008492025582
18.37983894,76.7194469,0.6228811893,-0.1744405753,0.3608702296,-0.9932887776,0.1146433045,-0.0152837742,0.0008503718037
18.40487599,76.74448395,0.6227835337,-0.1745802411,0.3608667931,-0.9932817262,0.1147514434,-0.01493051668,0.0007735321479
18.42986441,76.76947236,0.6226062117,-0.1747048142,0.3608637323,-0.9932841539,0.114843404,-0.01404427794,0.0005836191155
18.45484781,76.79445577,0.6223779882,-0.1748253122,0.3608575686,-0.9932907989,0.1149292426,-0.01282791929,0.0003190751992
18.47487712,76.81448507,0.6221812206,-0.1749489164,0.3608521849,-0.9932929334,0.1150202274,-0.01181013732,9.371770133e-05
18.49985027,76.83945823,0.6219278473,-0.1751693371,0.3608521962,0.9932873833,-0.1151864357,0.01059366276,0.0001736712097
18.51987696,76.85948491,0.6217525769,-0.1753820735,0.3608492335,0.9932758441,-0.1153494792,0.009873555365,0.0003284996547
18.54487753,76.88448548,0.6216050229,-0.175657479,0.3608469342,0.9932550315,-0.1155647531,0.009436687074,0.0004236514401
18.56982493,76.90943289,0.6215271354,-0.1759281264,0.3608485681,0.9932299846,-0.1157810984,0.009420685057,0.0004298279023
18.5898335,76.92944145,0.621473578,-0.1761197893,0.3608497201,0.993212075,-0.1159345746,0.009421394411,0.0004311065617
18.6148963,76.95450425,0.6214030513,-0.1763684262,0.3608486854,0.9931889411,-0.1161326566,0.009420526471,0.0004323276163
18.63491821,76.97452617,0.6213432915,-0.1765791991,0.3608472825,0.9931692981,-0.1163005903,0.009419664423,0.0004333475404
18.65977168,76.99937963,0.621268772,-0.1768458246,0.3608483234,0.9931442496,-0.1165141517,0.009421347281,0.0004357129561
18.67978168,77.01938963,0.6212181779,-0.1770275136,0.3608496392,0.9931271338,-0.1166598064,0.009423197827,0.0004354258125
18.69982266,77.03943062,0.6211808368,-0.177157922,0.360847381,0.9931149047,-0.1167640044,0.009421486008,0.0004342339773
18.71985364,77.05946159,0.6211534995,-0.1772530439,0.3608414873,0.9931060234,-0.1168399018,0.009416806647,0.0004326066742
18.74485135,77.0844593,0.6211278203,-0.1773436708,0.3608370281,0.9930975805,-0.116911895,0.009413724335,0.000431517445
18.76486039,77.10446835,0.6211081242,-0.177412806,0.3608346199,0.9930911035,-0.1169670441,0.009411954771,0.0004310545577
18.78488779,77.12449574,0.6210863344,-0.1774891537,0.3608281197,0.9930839746,-0.1170279459,0.009407142783,0.0004296706156
18.80985332,77.14946127,0.6210502425,-0.1776155575,0.3608172175,0.9930721992,-0.1171284726,0.0093991434,0.0004286759809
18.83485436,77.17446232,0.6210035913,-0.1777794637,0.3608131835,0.9930568013,-0.1172591844,0.009396200991,0.0004302112898
18.85485864,77.19446659,0.6209622927,-0.1779242238,0.3608130468,0.9930431262,-0.1173749318,0.009396197649,0.000431082097
18.87487841,77.21448636,0.6209218858,-0.1780646788,0.3608063982,0.9930298885,-0.1174872924,0.009391030493,0.0004293639955
18.89979625,77.2394042,0.6208707677,-0.1782432017,0.3607914784,0.993013138,-0.117629695,0.009379691852,0.0004289820932
18.92487836,77.26448631,0.6207990596,-0.1785055982,0.3607921292,0.9929882437,-0.1178394943,0.009381225296,0.0004404853754
18.94487977,77.28448772,0.6207233469,-0.1787857468,0.3607968174,0.9929614139,-0.1180647783,0.009388421393,0.0004427818638
18.96986246,77.30947042,0.6206155269,-0.1791606102,0.3607930054,0.9929257263,-0.1183647535,0.00938561745,0.0004437215589
18.99488211,77.33449006,0.6205115413,-0.1795205629,0.360786263,0.9928914192,-0.1186525701,0.009380866099,0.0004435138994
19.01985288,77.35946083,0.6204062115,-0.179884541,0.3607866855,0.9928565742,-0.1189437616,0.009381118144,0.000446337543
19.0399003,77.37950826,0.6203146291,-0.1802001546,0.3607871025,0.9928262745,-0.1191963836,0.00938131787,0.0004482468874
19.06486773,77.40447569,0.6202013874,-0.1805894912,0.3607845323,0.9927888725,-0.1195076564,0.00937927022,0.0004512752822
19.08486891,77.42447686,0.6201123897,-0.1808968093,0.3607835706,0.99275928,-0.1197532575,0.009378696077,0.0004570318975
19.10486984,77.4444778,0.6200117554,-0.1812475756,0.3607876077,0.9927252883,-0.1200343987,0.009382558682,0.00046126806
19.12988472,77.46949267,0.619859205,-0.1817752928,0.36078897,0.9926740338,-0.1204573474,0.009384747722,0.0004650789232
19.14989638,77.48950434,0.6197290735,-0.182217792,0.3607845639,0.9926310203,-0.1208115742,0.009380799654,0.0004699290642
19.17485189,77.51445985,0.6195487251,-0.1828293916,0.3607827595,0.9925712994,-0.1213013836,0.009378875438,0.0004754171095
19.19485521,77.53446317,0.6194030672,-0.1833264358,0.360785724,0.9925225452,-0.1216994412,0.009381390681,0.0004824131302
19.21984458,77.55945253,0.6191878091,-0.1840563774,0.3607865893,0.9924506115,-0.1222845805,0.00938221885,0.0004895958247
19.24486446,77.58447242,0.6189771498,-0.1847638497,0.3607861495,0.9923805634,-0.1228517596,0.009381756029,0.0004945691164
19.26984906,77.60945702,0.6187503269,-0.1855223191,0.3607860787,0.9923051172,-0.1234596633,0.009381689423,0.0005004876617
19.29482293,77.63443089,0.6185373739,-0.1862307218,0.36078661,0.9922342712,-0.1240277115,0.009382013922,0.0005048258925
19.31486082,77.65446877,0.6183682331,-0.1867918014,0.3607879208,0.9921780086,-0.1244769038,0.009383043413,0.0005079631067
19.334867,77.67447495,0.6182220354,-0.1872750337,0.3607889362,0.9921293464,-0.1248640851,0.009384054276,0.0005096436888
19.35984492,77.69945288,0.6180551077,-0.1878253881,0.3607882763,0.9920738335,-0.1253043937,0.009383631222,0.0005144220558
19.37986565,77.7194736,0.6179366165,-0.1882154313,0.3607888186,0.9920345984,-0.1256145802,0.009384273274,0.000517513045
19.40485024,77.7444582,0.6177931139,-0.1886868699,0.3607892861,0.9919876579,-0.1259846322,0.009385518034,0.0005205302663
19.42986798,77.76947594,0.6176691914,-0.1890930743,0.3607876532,0.991948867,-0.1262896871,0.009385350759,0.0005245111906
19.45484471,77.79445267,0.6175547578,-0.1894759076,0.3607900512,0.9919188212,-0.1265248885,0.009392846342,0.0005286160443
19.47978806,77.81939602,0.6174538789,-0.1898196189,0.360795216,0.9919409172,-0.126350971,0.009400081988,0.0005359723975
19.50484157,77.84444952,0.6173571811,-0.1901381824,0.3607943853,0.992059861,-0.1254136623,0.009398968028,0.0005514920333
19.52487111,77.86447906,0.6172842328,-0.1903758101,0.3607938373,0.9922020705,-0.1242835701,0.009398041864,0.000567107658
19.54983807,77.88944602,0.6171977777,-0.190661947,0.3607958629,0.9924314796,-0.1224379207,0.00940039247,0.0005888718429
19.56985736,77.90946531,0.6171233829,-0.1909031684,0.3607957484,0.9926451036,-0.1206937863,0.0093987576,0.0006094387368
19.5948503,77.93445826,0.617022318,-0.1912309218,0.3607963114,0.9929306781,-0.1183214131,0.009397091868,0.000637187046
19.61981297,77.95942092,0.6169250242,-0.1915533227,0.3607988439,0.9932072689,-0.1159764584,0.009398868462,0.0006655833936
19.63981462,77.97942257,0.6168460565,-0.1918076232,0.3607988316,0.9934144498,-0.1141882235,0.00939730021,0.0006862654597
19.66485929,78.00446725,0.6167356049,-0.1921625367,0.3607991526,0.993654733,-0.1120780557,0.009395475518,0.0007112991488
19.68976974,78.0293777,0.6166212931,-0.1925356348,0.3608006748,0.9938694103,-0.1101579185,0.009396155407,0.0007354039926
19.70983744,78.04944539,0.6165336396,-0.1928253702,0.3608030578,0.9940237792,-0.1087557117,0.009399676926,0.0007533857673
19.73486161,78.07446957,0.6164333102,-0.1931644529,0.3608096897,0.994197428,-0.1071557484,0.009408524403,0.0007741319563
19.75975394,78.0993619,0.6163314803,-0.1935194608,0.3608188421,0.9943487128,-0.1057413991,0.009421425399,0.0007939617607
19.77977037,78.11937833,0.6162484844,-0.1937981653,0.3608212348,0.9944629444,-0.1046611491,0.009425604908,0.0008086881799
19.80476284,78.14437079,0.6161561562,-0.1941002946,0.3608223634,0.9946066423,-0.1032862897,0.009428093143,0.0008248849245
19.82476878,78.16437674,0.6160995092,-0.1942827988,0.3608243669,0.9947110049,-0.1022759224,0.009431647418,0.0008345635561
19.84477568,78.18438363,0.6160589824,-0.1944127169,0.3608249522,0.9948058237,-0.1013492437,0.009433564135,0.0008437296117
19.86488819,78.20449615,0.6160344774,-0.1944911478,0.3608247344,0.9948911817,-0.1005078093,0.009433427616,0.0008528100096
19.88976073,78.22936869,0.6160157231,-0.194551637,0.3608249052,0.9949851458,-0.09957320201,0.009433764368,0.0008609567853
19.91474295,78.2543509,0.6160021127,-0.1945942626,0.3608264575,0.9950597702,-0.09882455822,0.009434660337,0.0008645836292
19.93971205,78.27932,0.6159828361,-0.1946552831,0.3608264992,0.9951102284,-0.09831517215,0.009434142162,0.0008700857222
19.95973897,78.29934692,0.6159640137,-0.1947154348,0.3608267095,0.9951346303,-0.09806779207,0.009434676453,0.0008733135966
19.97973967,78.31934762,0.6159436518,-0.1947852966,0.3608285574,0.9951455935,-0.09795612859,0.009438100605,0.0008756393495
19.99976754,78.3393755,0.6159188725,-0.1948689902,0.3608300539,0.9951437668,-0.09797451586,0.009439673874,0.0008775927343
20.0249095,78.36451745,0.6158818914,-0.1949851162,0.360826879,0.9951363985,-0.09804972196,0.009435200642,0.0008817682562
20.0498898,78.38949776,0.6158500244,-0.1950858055,0.3608249588,0.9951296737,-0.09811812763,0.009433064474,0.0008847737752
20.06989098,78.40949893,0.6158311712,-0.1951466802,0.3608256801,0.9951254061,-0.09816128668,0.009434225349,0.0008851664761
20.09484577,78.43445373,0.6158135935,-0.1952029236,0.3608254304,0.9951211763,-0.09820415857,0.009434187879,0.0008853889432
20.11485004,78.454458,0.6158009823,-0.1952420423,0.3608235802,0.9951181842,-0.09823464109,0.009432520419,0.0008845468588
20.13486719,78.47447515,0.6157945085,-0.1952623115,0.3608202641,0.9951169257,-0.09824761585,0.009430421345,0.0008816140877
20.15978813,78.49939609,0.6157948157,-0.1952618113,0.360817788,0.9951175753,-0.09824110939,0.009430211747,0.0008757044087
20.17982006,78.51942801,0.6157965907,-0.1952566346,0.3608182203,0.9951182203,-0.09823445172,0.009431978972,0.0008705210631
20.20487642,78.54448438,0.6157973442,-0.1952536202,0.3608127193,0.9951187325,-0.0982296383,0.009428672898,0.0008641321779
20.22981119,78.56941915,0.6157973835,-0.1952536514,0.3608003443,0.9951189866,-0.09822794346,0.009420029953,0.000858311824
20.24987149,78.58947945,0.6157983067,-0.1952514361,0.3607905331,0.9951192695,-0.09822573807,0.009413557503,0.0008536229713
20.26988149,78.60948944,0.6157999405,-0.1952460455,0.3607753798,0.9951198264,-0.09822113814,0.009403571003,0.0008437145111
20.28989601,78.62950397,0.6158002176,-0.1952449444,0.3607538492,0.9951200735,-0.09822014245,0.009388822063,0.000832368873
20.31476593,78.65437388,0.61580066,-0.1952462276,0.3607369429,0.9951201158,-0.09822084888,0.009377644626,0.0008243831092
20.33479881,78.67440677,0.6158042154,-0.1952476571,0.3607284643,0.9951199653,-0.09822267507,0.009374947805,0.0008190682533
20.35486174,78.69446969,0.6158079311,-0.1952390046,0.3607071924,0.9951208249,-0.09821531817,0.0093618389,0.0008067645838
20.37987709,78.71948504,0.6158107656,-0.195229979,0.3606710669,0.9951220732,-0.09820511632,0.009338158748,0.0007830431402
20.40483928,78.74444723,0.6158101473,-0.1952321337,0.3606602664,0.9951222218,-0.09820440196,0.009330256536,0.0007779492571
20.42484426,78.76445222,0.6158103176,-0.1952321053,0.3606602428,0.9951222675,-0.09820393373,0.009330345677,0.0007775215548
20.44980907,78.78941703,0.6158114877,-0.1952276571,0.360648544,0.9951228324,-0.09819899799,0.009322660207,0.0007701243493
20.47484374,78.81445169,0.6158118369,-0.1952293156,0.3606376379,0.9951228267,-0.09819975453,0.009315740203,0.0007649895953
20.49485302,78.83446097,0.615816792,-0.1952389843,0.3606452229,0.9951218075,-0.09820904425,0.009326464409,0.0007672684192
20.51975727,78.85936522,0.6158267078,-0.1952474626,0.3606564681,0.9951207224,-0.09821839068,0.009343674648,0.0007689762833
20.53982091,78.87942886,0.6158320322,-0.195247201,0.3606591942,0.9951206216,-0.09821882293,0.009349930905,0.0007680150784
20.56485963,78.90446758,0.6158429471,-0.1952559121,0.360673658,0.9951195364,-0.09822787003,0.009370166532,0.0007705993729
20.58487701,78.92448497,0.6158599358,-0.1952749347,0.3606961667,0.9951173635,-0.09824674764,0.009402587493,0.0007750631376
20.6048913,78.94449925,0.6158760374,-0.1952909461,0.3607149241,0.9951156389,-0.09826146107,0.009431072874,0.0007780726559
20.6298213,78.96942925,0.6158918487,-0.1952977012,0.3607233132,0.9951150727,-0.09826533936,0.009450600253,0.0007755239825
20.65492344,78.99453139,0.6159055978,-0.195312088,0.3607376289,0.9951140766,-0.09827317171,0.009473825558,0.0007777366354
20.67990422,79.01951218,0.6159269129,-0.1953369474,0.3607664333,0.9951113719,-0.09829655102,0.009514823885,0.000783570786
20.70487404,79.04448199,0.6159437931,-0.195342164,0.3607722528,0.9951107791,-0.09830085066,0.00953272444,0.0007793795104
20.72487736,79.06448531,0.6159562086,-0.1953187857,0.3607561154,0.995113017,-0.09827889669,0.009526792449,0.0007629606285
20.74488354,79.08449149,0.6159642375,-0.195302227,0.3607467204,0.9951146256,-0.09826297434,0.009524126815,0.0007487773999
20.76983118,79.10943913,0.6159695684,-0.1953100479,0.3607531799,0.9951142636,-0.09826568555,0.009533981393,0.0007486905642
20.79484463,79.13445258,0.6159806358,-0.1953189434,0.3607520495,0.9951139804,-0.09826765175,0.009543614921,0.0007442540276
20.81486201,79.15446997,0.6159900313,-0.195324072,0.3607397647,0.9951140898,-0.09826663858,0.009543292145,0.0007358240337
20.83488464,79.1744926,0.6160003921,-0.195338976,0.36073556,0.9951131208,-0.09827573808,0.009550971297,0.0007316220612
20.85981965,79.1994276,0.6160229137,-0.195373654,0.3607663507,0.9951099267,-0.09830360901,0.009596272131,0.000738659024
20.88487697,79.22448492,0.6160532547,-0.1953980221,0.3607946333,0.9951076455,-0.09832196846,0.009644449817,0.000740806071
20.90487742,79.24448538,0.6160780615,-0.1954041615,0.3608010251,0.9951070474,-0.09832562693,0.009669334689,0.0007342389874
20.92979884,79.2694068,0.6160966584,-0.1954124236,0.3607936628,0.9951070283,-0.09832487689,0.009679765414,0.0007232216106
20.94980788,79.28941584,0.6161044858,-0.1954277213,0.3607986521,0.9951068875,-0.09832507349,0.009692303935,0.0007223514254
20.96981978,79.30942774,0.6161235863,-0.195447312,0.3608186378,0.9951065306,-0.09832541682,0.009725200905,0.0007250120501
20.99481869,79.33442664,0.6161669201,-0.1954688217,0.3608475194,0.995106885,-0.098315938,0.009784998897,0.0007195938585
21.01484513,79.35445309,0.6162032816,-0.1954808839,0.3608714353,0.9951104727,-0.09827491839,0.00983280529,0.000709836169
21.03983712,79.37944508,0.6162191079,-0.1955081299,0.3608925806,0.9951171478,-0.09820427575,0.009862681735,0.0007142265793
21.06485319,79.40446115,0.6162320171,-0.1955208018,0.3609080127,0.995120983,-0.09816303952,0.009886021841,0.0007166958978
21.08979249,79.42940044,0.6162534981,-0.1955224049,0.3609050257,0.9951236933,-0.09813411423,0.009900967251,0.0007082478082
21.10984492,79.44945288,0.6162677253,-0.1955293604,0.3608823975,0.995123725,-0.09813427367,0.009897268784,0.000692989894
21.12984586,79.46945381,0.6162751632,-0.1955471557,0.3608640622,0.9951226941,-0.09814520858,0.009893270086,0.0006821337598
21.1548214,79.49442935,0.6162946167,-0.1955700286,0.3608660952,0.9951210893,-0.09815928211,0.009915489849,0.0006754765194
21.17982411,79.51943207,0.6163328438,-0.1955907123,0.3608721271,0.9951188644,-0.09817782084,0.009956000637,0.0006627100591
21.2047987,79.54440665,0.6163718573,-0.195595104,0.360852043,0.9951177829,-0.09818714146,0.009974263138,0.0006304920615
21.22482681,79.56443477,0.6163903484,-0.1956079723,0.3608235846,0.9951164043,-0.09820152963,0.009971633031,0.0006063521876
21.2498517,79.58945966,0.6164156515,-0.1956348666,0.360796257,0.9951136087,-0.09822935196,0.009977972723,0.0005836435065
21.274755,79.61436296,0.6164840006,-0.1956867417,0.3608243935,0.9951070504,-0.09828738892,0.01006099551,0.0005689690747
21.29481292,79.63442087,0.6166518843,-0.1958195511,0.3609654454,0.9950893202,-0.09844066292,0.01031286445,0.000570468259
21.31988573,79.65949368,0.6169808317,-0.1961512844,0.3613169268,0.9950474127,-0.09880295429,0.0108739956,0.0006157930403
21.34481978,79.68442774,0.6174519447,-0.1966463136,0.3618979965,0.9949841533,-0.0993390829,0.01173744566,0.0007169839474
21.36987662,79.70948458,0.618058191,-0.197234398,0.3626460314,0.9949054752,-0.09998739938,0.01284178147,0.0008391484696
21.39480948,79.73441744,0.61869134,-0.1978857752,0.363485675,0.9948176139,-0.1006975143,0.01403410023,0.0009847842285
21.41481185,79.7544198,0.61918123,-0.1984245803,0.3641623681,0.9947449523,-0.1012756036,0.01498274086,0.001117737301
21.43481326,79.77442122,0.6196757716,-0.1989677303,0.364841571,0.9946704163,-0.1018592364,0.01593390755,0.001252772566
21.45482779,79.79443574,0.6201464713,-0.1994718795,0.3654623922,0.9945996326,-0.1024037164,0.01682801148,0.001366642422
21.47982693,79.81943488,0.6206735601,-0.2000071645,0.3661457021,0.9945218654,-0.1029878479,0.01782097548,0.001474840028
21.50477695,79.84438491,0.621135696,-0.2004793438,0.3667659976,0.9944522694,-0.1034997255,0.0187090085,0.001569645749
21.52484345,79.86445141,0.6214827205,-0.2008082663,0.3672188603,0.9944018902,-0.1038618909,0.01936371477,0.001623243421
21.54978275,79.88939071,0.6218999246,-0.2010774407,0.3676899866,0.9943540954,-0.1041829579,0.02008006804,0.001623308233
21.5697968,79.90940475,0.6222301961,-0.2011673783,0.3677253761,0.9943324256,-0.1043308999,0.02039943154,0.001397832402
21.5898037,79.92941165,0.6227317221,-0.2012118019,0.3676182479,0.9943088274,-0.1044849509,0.02078945038,0.0008058755902
21.60980892,79.94941688,0.6233218656,-0.2012859559,0.3670916156,-0.9942838685,0.1046882657,-0.0209747244,0.0001091055059
21.62981105,79.969419,0.6240132017,-0.2014141771,0.3662824488,-0.9942518917,0.1049663952,-0.02106422284,0.001236981943
21.64984941,79.98945737,0.624824887,-0.2016000684,0.3650927287,-0.9942120489,0.1053278735,-0.0210139287,0.002618324358
21.67483282,80.01444077,0.6259478051,-0.2019260967,0.3631106434,-0.9941502209,0.1059013837,-0.02070254032,0.004651878839
21.6997695,80.03937745,0.6271438186,-0.2024686722,0.3607927802,-0.9940624814,0.106700577,-0.02020081248,0.006833522829
21.7248292,80.06443715,0.6283497772,-0.2032837679,0.3582992345,-0.9939497277,0.1077681801,-0.01925032346,0.00890972533
21.74979615,80.08940411,0.6295410271,-0.2043114348,0.3558372591,-0.9938203176,0.1090491155,-0.01767681129,0.01081652104
21.77483392,80.11444187,0.6307181465,-0.2054115607,0.3536237973,-0.9936796941,0.1104141209,-0.01581970857,0.01261444316
21.79975438,80.13936234,0.6319168948,-0.2065546685,0.3518554359,-0.9935252218,0.1118251688,-0.01412498621,0.01425657565
21.82484555,80.16445351,0.6330799085,-0.2077532169,0.3505372362,-0.9933631418,0.1132763431,-0.01241312756,0.01562219298
21.84979963,80.18940759,0.6341230948,-0.2089502795,0.3494491331,-0.9932046648,0.1146995659,-0.01038458316,0.01675302434
21.8748548,80.21446276,0.6351330449,-0.2102373094,0.3487400697,-0.9930342692,0.1161893905,-0.008450273705,0.01765102504
21.89979577,80.23940372,0.6361285417,-0.211600498,0.3483555449,-0.9928531988,0.1177331742,-0.006731317027,0.01833342914
21.91986322,80.25947118,0.6369599728,-0.2125808484,0.3483899885,-0.99271431,0.1188706531,-0.005722836209,0.01884981955
21.94480515,80.2844131,0.6381019353,-0.2137275448,0.3488597867,-0.9925406001,0.1202296134,-0.00520743884,0.01951614376
21.96978855,80.30939651,0.6392865098,-0.214792137,0.3496413497,-0.992370417,0.1215184493,-0.005248746661,0.02016612739
21.98987031,80.32947826,0.6401791516,-0.2155268365,0.3504007934,-0.9922478854,0.1224307964,-0.005318954688,0.02065291145
22.01471925,80.3543272,0.641237764,-0.2162727767,0.3514692989,-0.9921133152,0.1234025927,-0.005509760985,0.02127469125
22.03480768,80.37441564,0.6420655626,-0.2167215267,0.3524224735,-0.9920198553,0.1240413992,-0.005865388023,0.02181593682
22.0598557,80.39946365,0.6430807675,-0.217160819,0.3537060072,-0.9919144654,0.1247224566,-0.006558042462,0.02251653088
22.08479691,80.42440486,0.6440349648,-0.217500452,0.3549790662,-0.9918212567,0.1252931312,-0.007364350784,0.02319466221
22.10976553,80.44937348,0.6449369843,-0.2177092486,0.3562985012,-0.9917424312,0.1257347218,-0.008261183034,0.02386383916
22.13466024,80.4742682,0.6456929191,-0.2178227485,0.3574900681,-0.9916822265,0.1260526941,-0.00883837551,0.02447372073
22.15466762,80.49427557,0.6462135152,-0.2178763195,0.3583561381,-0.9916453176,0.1262414609,-0.009114672227,0.02489137306
22.17969298,80.51930094,0.6468253144,-0.2179825701,0.3593969061,-0.9915977359,0.1265045425,-0.009421807356,0.02533299
22.19975376,80.53936172,0.6472628716,-0.2180405938,0.3600645779,-0.9915646031,0.1266894881,-0.009507263658,0.02567145313
22.22469473,80.56430268,0.6477387838,-0.2180037405,0.360646611,-0.991544001,0.1268137548,-0.009133339408,0.02598745603
22.24474525,80.58435321,0.6480964044,-0.217921281,0.3609194596,-0.9915451304,0.1268652874,-0.008374494132,0.02594842932
22.26972198,80.60932994,0.648558368,-0.2176717413,0.3610487212,-0.9915696424,0.1268106836,-0.007078995601,0.02566286645
22.29473019,80.63433814,0.6491443473,-0.2172859119,0.3609067474,-0.9916094221,0.1266648757,-0.005769963303,0.02516884711
22.31474924,80.65435719,0.6497300549,-0.2169791808,0.3606719228,-0.9916464796,0.126545377,-0.004876220786,0.02448978387
22.33484983,80.67445779,0.6503726038,-0.216716072,0.3603130667,-0.9917047424,0.1263312788,-0.004061498093,0.02335842544
22.35486102,80.69446898,0.6510505623,-0.2164726865,0.3599210783,-0.9917815579,0.1260236182,-0.003316325819,0.02182638225
22.37486315,80.7144711,0.6518078332,-0.216088686,0.3593964693,-0.9918777801,0.1255657623,-0.00262755675,0.0201197549
22.39981961,80.73942757,0.6528828605,-0.2154893672,0.3586218624,-0.9920139319,0.1248580373,-0.001940062364,0.01775008766
22.41982436,80.75943232,0.653800783,-0.2149650927,0.3579392111,-0.9921231045,0.1242636606,-0.001437896816,0.01575501684
22.44483972,80.78444767,0.6549135007,-0.2143894285,0.3569493788,-0.9922438234,0.123604891,-0.0006261156344,0.01317702237
22.46486998,80.80447793,0.6557842989,-0.2139906294,0.3560472551,-0.9923294623,0.123129698,0.0001268807732,0.01101361183
22.48981857,80.82942653,0.6569602747,-0.2135165746,0.3549079867,-0.9924236569,0.1225823974,0.0007901357871,0.008259345381
22.50983429,80.84944224,0.657925551,-0.2130403252,0.3539821607,-0.9924922903,0.1221425876,0.001243190651,0.006220652317
22.52985883,80.86946678,0.6588499905,-0.2125748018,0.3530271789,-0.9925382045,0.1218398817,0.001738650232,0.004464634001
22.54986072,80.88946867,0.6597636651,-0.2121161807,0.3520726482,-0.992562376,0.121680457,0.002141748295,0.003034637251
22.56986284,80.9094708,0.6607203821,-0.2116216572,0.3511314352,-0.9925782537,0.1215692843,0.002426291013,0.001852692462
22.59486222,80.93447018,0.6619840772,-0.2108812613,0.3500819168,-0.9926060998,0.1213502671,0.002627507291,0.0005824754931
22.61980963,80.95941758,0.6632153104,-0.2101280389,0.3491022824,0.9926347394,-0.121112336,-0.002790626161,0.0005366721044
22.64485669,80.98446465,0.6643375577,-0.2094767909,0.3480810915,0.9926553277,-0.1209275682,-0.00305050814,0.001618046227
22.6698544,81.00946236,0.6654496071,-0.2088293679,0.3471304542,0.9926751266,-0.1207447487,-0.003190828544,0.002572402343
22.69485998,81.03446794,0.666543881,-0.2081992817,0.3462598295,0.9926933544,-0.120573497,-0.003244695671,0.003377571574
22.7148602,81.05446815,0.66739544,-0.2076728229,0.3456128026,0.9927108908,-0.1204129988,-0.003254939056,0.003899020039
22.73487568,81.07448363,0.6682352387,-0.2071346053,0.3450179301,0.9927301006,-0.120240618,-0.00321540486,0.004336157326
22.75979519,81.09940314,0.6692771131,-0.2064109285,0.3443564857,0.9927596344,-0.1199831155,-0.003100615627,0.004769327746
22.77983308,81.11944103,0.6700865428,-0.205817042,0.343917387,0.992785782,-0.1197593879,-0.002951418507,0.005036775239
22.79986382,81.13947177,0.6708695643,-0.2052497294,0.3435501192,0.9928102794,-0.1195517038,-0.002753891831,0.005249322645
22.81989861,81.15950656,0.6716229235,-0.2047016714,0.3432424018,0.9928341556,-0.1193525959,-0.002516374439,0.005381922136
22.8448472,81.18445516,0.6725175549,-0.2040716278,0.3428986663,0.9928602942,-0.1191377702,-0.002197343442,0.005458901569
22.86977124,81.2093792,0.6733657459,-0.2034934266,0.3426800481,0.9928831226,-0.1189536481,-0.001801914019,0.005466952824
22.88977504,81.22938299,0.6740180209,-0.2029654906,0.3425727704,0.992909033,-0.1187443737,-0.00146318174,0.005411566935
22.90986562,81.24947357,0.6746416275,-0.2024191907,0.3424528593,0.9929377381,-0.1185121707,-0.001153040938,0.005308882317
22.93484044,81.27444839,0.675396631,-0.201758091,0.3423613377,0.9929721872,-0.1182318999,-0.0007369210444,0.005187515139
22.95982361,81.29943156,0.676092495,-0.2012057086,0.3422459351,0.9929978689,-0.1180218878,-0.000362031134,0.005092672433
22.98484659,81.32445455,0.6767590811,-0.200779787,0.3422179136,0.9930116292,-0.1179082803,7.091466187e-05,0.005053391977
23.00986695,81.34947491,0.6774078568,-0.2004102589,0.3421743525,0.9930200396,-0.1178386854,0.0004932549728,0.005000196711
23.03485203,81.37445998,0.6780173565,-0.2000585363,0.3420844818,0.993028156,-0.1177708806,0.000860516479,0.004935636235
23.05486107,81.39446902,0.6784807406,-0.1998292777,0.3419594844,0.9930303579,-0.1177520029,0.001108764023,0.004893337034
23.07487392,81.41448188,0.6789457095,-0.1996773162,0.3418584571,0.9930245502,-0.1177993402,0.00139248385,0.004859945962
23.09979272,81.43940067,0.6795007431,-0.1996052356,0.3416358808,0.9930064447,-0.1179476469,0.001679062481,0.004871776773
23.11982298,81.45943093,0.6799334519,-0.199634489,0.3414436478,0.992983523,-0.1181350774,0.001904456577,0.004919308365
23.14485288,81.48446083,0.6804417089,-0.1997879185,0.3411019621,0.9929445619,-0.1184531671,0.002106183563,0.00505056213
23.16983867,81.50944662,0.680968613,-0.2000125077,0.3407982927,0.9928971265,-0.1188364231,0.00235553813,0.005258538493
23.18985248,81.52946043,0.6813972436,-0.2002435522,0.3405531885,0.9928532739,-0.1191883458,0.002564810813,0.005471422616
23.20989966,81.54950762,0.6818130103,-0.200513802,0.3402605175,0.9928058366,-0.1195686112,0.002739031454,0.00569348138
23.23485684,81.5744648,0.6823195331,-0.2009460575,0.3399110144,0.9927370584,-0.1201163136,0.002967555233,0.006033046117
23.25985289,81.59946084,0.6828247952,-0.2014546127,0.3395680194,0.9926599763,-0.1207258621,0.00321878442,0.006409149108
23.28478026,81.62438822,0.6833814282,-0.2019266917,0.3392869915,0.9925833683,-0.1213236546,0.003544228837,0.006801936623
23.30485606,81.64446402,0.6838162522,-0.2022687032,0.3390616125,0.9925258717,-0.1217684582,0.003789748216,0.007104538681
23.32488585,81.6644938,0.6842525615,-0.2025402374,0.3387968742,0.9924754047,-0.1221547105,0.003988719165,0.007408634807
23.34983325,81.6894412,0.6847988893,-0.2029456954,0.3385551181,0.9924046955,-0.1226907902,0.004318691746,0.007825547197
23.36985207,81.70946002,0.6852828535,-0.2031360752,0.3383650285,0.9923593997,-0.1230268563,0.004598381086,0.008128303372
23.39486027,81.73446822,0.6858939968,-0.2033987569,0.33815976,0.9922993543,-0.1234686122,0.00497768619,0.008527367728
23.41983557,81.75944352,0.6865467812,-0.2035326535,0.3380130069,0.9922499616,-0.1238179607,0.005401612765,0.008941417877
23.44484019,81.78444815,0.6872106499,-0.2036361771,0.3378500532,0.9922026862,-0.1241463274,0.005818360389,0.009362990451
23.46484208,81.80445004,0.6877944852,-0.2036210943,0.3377861577,0.9921719381,-0.1243485134,0.006221504184,0.009673947257
23.48484278,81.82445073,0.6883660797,-0.203633542,0.3376429613,0.992138754,-0.1245689969,0.006566054039,0.01000723449
23.50485516,81.84446311,0.6889640132,-0.2036342436,0.3375721378,0.9921047226,-0.1247895997,0.006980009089,0.01034672637
23.52984977,81.86945772,0.6897037408,-0.203592184,0.3374061666,0.9920669774,-0.1250278635,0.00742943191,0.01076797068
23.55485654,81.89446449,0.690462639,-0.2035282837,0.3372495593,0.9920297659,-0.1252557044,0.007895897845,0.01120745099
23.57488108,81.91448903,0.6910679344,-0.2034525355,0.3370827929,0.9920024549,-0.125417125,0.008232304779,0.01157166217
23.59984827,81.93945622,0.6918081068,-0.2033971896,0.3368263394,0.9919646817,-0.1256449791,0.00861594348,0.01204886169
23.62486601,81.96447396,0.6925635066,-0.2033534501,0.3366029738,0.9919241262,-0.1258910097,0.009045534107,0.01249639172
23.64984727,81.98945522,0.6933036631,-0.2033046531,0.3362923605,0.9918852255,-0.1261297356,0.009411319828,0.01290024766
23.67486572,82.01447368,0.6940300101,-0.2032695521,0.3359391831,0.9918455413,-0.1263767236,0.00974616919,0.01327998763
23.69981265,82.0394206,0.6947235584,-0.2032106337,0.3354836721,0.9918108449,-0.1265947849,0.009988029484,0.01361057321
23.72486258,82.06447053,0.695399686,-0.2031208383,0.335001934,0.9917808188,-0.1267866079,0.01020656949,0.01384880414
23.74978161,82.08938956,0.6960416814,-0.2030593274,0.3344552575,0.9917505502,-0.1269929601,0.01037433339,0.01400026409
23.77483702,82.11444497,0.6966400438,-0.2030836194,0.3338453402,0.9917141052,-0.1272577303,0.01049603846,0.01408675947
23.7948761,82.13448405,0.6970848509,-0.2031284535,0.3332762821,0.9916848974,-0.1274814343,0.0105266433,0.0140974462
23.81983638,82.15944433,0.6976241935,-0.2031891284,0.3325808354,0.9916491512,-0.1277636025,0.01057882586,0.01401824526
23.84484577,82.18445373,0.6981568935,-0.2032755915,0.3318739601,0.991611158,-0.1280703974,0.01063836823,0.01386036324
23.86985183,82.20945978,0.6986787675,-0.2033215874,0.3311322241,0.9915787106,-0.1283463604,0.01067338757,0.01359967626
23.88985634,82.22946429,0.6990847765,-0.2033670501,0.33049982,0.9915526621,-0.1285732102,0.01067538436,0.01335230372
23.91485262,82.25446057,0.6995946833,-0.2034270409,0.3297688861,0.9915188352,-0.1288615884,0.01072094995,0.01304422393
23.93485928,82.27446723,0.7000103851,-0.2034278782,0.329220096,0.9914959077,-0.1290562685,0.01077420713,0.01281643299
23.95983028,82.29943824,0.7005084965,-0.2034037593,0.3284973975,0.9914712612,-0.1292709348,0.01079071066,0.01254289758
23.98486114,82.32446909,0.700978297,-0.2033353929,0.3277804642,0.9914529888,-0.1294381376,0.01077490544,0.01227358632
24.00985837,82.34946632,0.7014305626,-0.2032112049,0.3270976721,0.9914415143,-0.1295507728,0.01074950799,0.01203200203
24.03485966,82.37446761,0.7018637343,-0.2030548597,0.3264629581,0.9914343229,-0.1296289316,0.01072978102,0.01179810685
24.05979276,82.39940071,0.7023162193,-0.2028293256,0.3259029782,0.9914329682,-0.1296554068,0.01075507694,0.01159626354
24.07988143,82.41948938,0.7026839919,-0.2026623007,0.3255239636,0.9914294248,-0.1296884946,0.01082539988,0.01146302006
24.10486674,82.4444747,0.7031399536,-0.2024083493,0.3251014044,0.9914298391,-0.1296909429,0.0109321902,0.01129693289
24.12986374,82.46947169,0.7036021349,-0.2021393059,0.3247563635,0.9914309261,-0.1296808196,0.01108619692,0.01116692031
24.15486526,82.49447322,0.704078836,-0.2018595952,0.3244899726,0.9914316694,-0.1296668381,0.01129999557,0.01104834937
24.17982316,82.51943111,0.7045546095,-0.2015780237,0.3242345607,0.9914324022,-0.1296491375,0.01151587847,0.01096710912
24.19985151,82.53945947,0.7049304344,-0.201353479,0.3241044221,0.9914327133,-0.1296319283,0.01173053912,0.01091478924
24.22484589,82.56445384,0.7054264461,-0.2010238252,0.3239992226,0.9914362606,-0.1295795298,0.01204428417,0.010872987
24.24987936,82.58948731,0.7059404398,-0.2007441959,0.3239576462,0.9914324519,-0.1295748841,0.01242758398,0.01084425802
24.27483654,82.61444449,0.7064725936,-0.2004681215,0.323952145,0.9914265044,-0.1295818763,0.01285391656,0.01080742504
24.29985332,82.63946128,0.7069920339,-0.2002515621,0.3240147365,0.9914140696,-0.1296319539,0.01332733895,0.0107740974
24.31985807,82.65946603,0.7073836622,-0.2001231585,0.3240644111,0.9914005709,-0.1296987313,0.01369448092,0.01075213064
24.34484339,82.68445134,0.7078625278,-0.1999923172,0.3241056658,0.9913809789,-0.1298033213,0.0141390812,0.01072095561
24.36986351,82.70947146,0.7083040277,-0.1998744503,0.3241086441,0.9913625432,-0.1299031759,0.01452361044,0.01070222439
24.39484525,82.7344532,0.708686576,-0.1998362185,0.3240640249,0.9913395607,-0.1300438405,0.01483714718,0.01069270949
24.41980672,82.75941467,0.7090544318,-0.1998763659,0.3240003436,0.9913087232,-0.1302433309,0.01515128069,0.01068310682
24.44483781,82.78444576,0.7093928026,-0.1999389052,0.3238532374,0.9912779644,-0.1304513134,0.0153963987,0.01064908686
24.46484709,82.80445504,0.7096586447,-0.2000055642,0.3237104792,0.991251892,-0.1306311398,0.01557959596,0.01060509975
24.48985147,82.82945943,0.7100002542,-0.2000842416,0.3235322336,0.9912189898,-0.1308558899,0.01581592691,0.01055967352
24.51485753,82.85446548,0.7103696232,-0.2001756789,0.3233211387,0.9911825895,-0.1311063,0.01606366446,0.01049624327
24.53969455,82.8793025,0.7107760675,-0.200244578,0.3231019136,0.9911457851,-0.1313575767,0.01633998585,0.01040310575
24.55969644,82.89930439,0.7110997492,-0.2002757419,0.3228613847,0.9911194749,-0.1315415771,0.01651665056,0.01030534744
24.57972956,82.91933751,0.7114292233,-0.2003324204,0.3226519635,0.9910894505,-0.131748106,0.01672369175,0.01022035752
24.59985089,82.93945885,0.7117529927,-0.200387877,0.3223713272,0.9910603669,-0.1319539265,0.01688134344,0.01012574005
24.62483907,82.96444702,0.7121682112,-0.2004481785,0.3220182111,0.9910240264,-0.1322097561,0.01708752555,0.00999879845
24.64485645,82.98446441,0.7125133902,-0.2004612277,0.3217007605,0.990998072,-0.1323930028,0.01723506179,0.009892764047
24.66983175,83.00943971,0.7129508924,-0.2004681662,0.3212558407,0.9909664258,-0.1326180271,0.01739020734,0.009776630888
24.68983293,83.02944088,0.7132918607,-0.20051295,0.3208847783,0.9909371888,-0.1328286291,0.01750943242,0.009667625651
24.71478844,83.05439639,0.7137255634,-0.2005744092,0.3204032068,0.9908992542,-0.1331031724,0.01766381385,0.009497532282
24.73482585,83.0744338,0.7141011083,-0.2006096288,0.3200112159,0.9908680585,-0.1333261187,0.01780715235,0.009356386729
24.75486183,83.09446979,0.7144865298,-0.2006662425,0.3196277816,0.990833292,-0.1335721653,0.017972116,0.009212337669
24.77979541,83.11940336,0.7149411157,-0.2007472476,0.3191418,0.9907905053,-0.1338776854,0.01815572399,0.009017183752
24.79981971,83.13942766,0.7153051018,-0.2008323422,0.3187688539,0.9907535688,-0.1341383236,0.01831774781,0.008873340713
24.82484651,83.16445446,0.7157758581,-0.201003078,0.3183124652,0.9906982813,-0.1345236435,0.01855747773,0.008713485285
24.84982276,83.18943071,0.716242603,-0.2012015646,0.3179138704,0.9906391722,-0.1349292825,0.01883756169,0.008559523664
24.86983013,83.20943809,0.7166010439,-0.2013794266,0.3176352133,0.990590305,-0.135260792,0.01907602405,0.008454057331
24.8948338,83.23444176,0.7170413282,-0.2016185872,0.3172652465,0.9905277545,-0.1356858765,0.01935682025,0.008332105305
24.91484165,83.25444961,0.7173906553,-0.2018274939,0.3169589394,0.9904756611,-0.1360396729,0.01957756469,0.008239611868
24.93484449,83.27445245,0.7177460026,-0.2020548433,0.3167344339,0.9904199498,-0.1364089055,0.01986100293,0.008153163987
24.9548471,83.29445505,0.718105342,-0.2023163977,0.3165563788,0.9903590721,-0.1368075931,0.02018664116,0.008067851599
24.97980952,83.31941748,0.7185563549,-0.2026320277,0.3163235147,0.9902837714,-0.1372983508,0.02058725464,0.007961148305
24.9998188,83.33942676,0.7189298634,-0.2028743721,0.3161771252,0.9902229773,-0.1376868617,0.02094077137,0.00789097425
25.02483082,83.36443877,0.7194015004,-0.2031889779,0.3160508235,0.9901442178,-0.1381819087,0.02142487867,0.007820651305
25.044842,83.38444996,0.7197792377,-0.2034083019,0.3159606385,0.9900845525,-0.138551828,0.02181197731,0.007759355989
25.06486177,83.40446973,0.7201585035,-0.2035915645,0.3159003394,0.9900283966,-0.1388929723,0.02221061807,0.007694451248
25.08979201,83.42939997,0.720630095,-0.2037810288,0.3158031111,0.9899630057,-0.1392867714,0.02268118428,0.007616205589
25.11485124,83.45445919,0.7210924981,-0.203972023,0.3157687757,0.989897333,-0.1396734609,0.02318035855,0.007567385913
25.13486099,83.47446895,0.7214624958,-0.2041012463,0.315738967,0.9898472205,-0.1399651274,0.02357536539,0.007513010859
25.15977669,83.49938464,0.7219471949,-0.2042220912,0.3157936427,0.9897863289,-0.1403027984,0.02413215877,0.007469054785
25.17978406,83.51939201,0.722330121,-0.2042830518,0.3158144079,0.9897423489,-0.1405423725,0.02454906695,0.007434216429
25.2048533,83.54446125,0.7228046777,-0.2044012781,0.3159213286,0.9896813647,-0.1408706812,0.02512510763,0.007414614028
25.22976756,83.56937551,0.7232469295,-0.2045215968,0.3159936387,0.9896230686,-0.1411862425,0.02564921195,0.007398977639
25.24985051,83.58945847,0.7235992537,-0.2046055699,0.3160601772,0.9895775923,-0.1414285294,0.02607020376,0.007382701063
25.27481866,83.61442661,0.7240050737,-0.2046621942,0.3161261568,0.9895301292,-0.141674138,0.02653658409,0.007373720061
25.29976797,83.63937593,0.7243858533,-0.2047339289,0.3161968335,0.989482937,-0.1419187746,0.02698269792,0.007383281347
25.31981111,83.65941906,0.7246860413,-0.2047807005,0.3162597843,0.9894467274,-0.1421027758,0.02733515418,0.007400275732
25.34481716,83.68442512,0.7250244126,-0.2048721756,0.316343151,0.9894006163,-0.1423418874,0.02775091682,0.007422537853
25.36483598,83.70444393,0.7252654075,-0.2049550501,0.3164224987,0.9893650109,-0.1425270297,0.02806665043,0.007428605176
25.38981485,83.72942281,0.7255586608,-0.2050694745,0.3165473635,0.9893193417,-0.1427632354,0.02847143929,0.007434779445
25.40982223,83.74943018,0.7257798627,-0.2051423764,0.3166353899,0.9892865001,-0.1429307714,0.02876966271,0.007437864334
25.43481517,83.77442312,0.7260388009,-0.2051789881,0.3167352697,0.989254158,-0.1430866778,0.02910292369,0.007445352918
25.45984364,83.79945159,0.726260514,-0.205229977,0.3168367593,0.9892236522,-0.1432355521,0.02940303253,0.007456829005
25.48481011,83.82441807,0.7264512609,-0.2052764434,0.3169216935,0.9891970536,-0.1433653617,0.02966008635,0.00747271705
25.50980997,83.84941792,0.7266004838,-0.2053314384,0.3169630452,0.9891740964,-0.1434834612,0.02985148719,0.007482784337
25.52985644,83.8694644,0.7266984036,-0.2053355153,0.3169656375,0.9891634079,-0.1435356397,0.02995357673,0.007487050417
25.5547843,83.89439225,0.7267801079,-0.2053047758,0.3169368542,0.9891593969,-0.1435509906,0.03000844872,0.007502908736
25.5748589,83.91446686,0.7268231496,-0.2052429571,0.3168851342,0.9891637452,-0.1435216795,0.03000105809,0.007519919401
25.59985042,83.93945837,0.7268585131,-0.2051405899,0.3167920235,0.9891746462,-0.1434566388,0.02994778378,0.007539380997
25.6248467,83.96445465,0.726881644,-0.2050465197,0.3166855712,0.9891859722,-0.1433926444,0.02987391428,0.007563805703
25.64486957,83.98447752,0.7269040623,-0.204967267,0.3166160748,0.9891949787,-0.1433388441,0.02982768016,0.007588105467
25.66983414,84.00944209,0.7269435936,-0.2048503883,0.3165626463,0.9892067442,-0.1432624174,0.02979904957,0.007610099723
25.69479942,84.03440738,0.726988614,-0.2046920049,0.3165071245,0.9892232349,-0.1431550242,0.02976347589,0.007626671038
25.71481729,84.05442524,0.7270185519,-0.204574256,0.3164564621,0.989236064,-0.1430736119,0.02972409644,0.007643907107
25.73980284,84.07941079,0.7270351302,-0.2044960716,0.3163952421,0.989245497,-0.1430187129,0.02966723555,0.007671347735
25.7648139,84.10442185,0.7270402046,-0.2044590495,0.3163400142,0.9892509128,-0.1429909635,0.02961050193,0.007709348457
25.78481507,84.12442303,0.7270413467,-0.2044412776,0.3162931529,0.9892539631,-0.1429772106,0.02956827037,0.007735063135
25.80482125,84.14442921,0.7270411225,-0.2044270606,0.3162385661,0.9892567851,-0.1429658985,0.02952289689,0.007756511975
25.82978892,84.16939688,0.7270397549,-0.2044150363,0.3161780803,0.9892595791,-0.1429563209,0.02946895961,0.007781769029
25.84979916,84.18940711,0.7270391805,-0.2044118203,0.3161350176,0.9892608357,-0.1429540578,0.02943300061,0.007799667145
25.87481499,84.21442294,0.7270388763,-0.204411008,0.3160775467,0.9892619325,-0.1429540274,0.02939114754,0.007818908051
25.89481592,84.23442388,0.7270361755,-0.2044129298,0.3160291064,0.9892628223,-0.1429552301,0.0293507417,0.007836108429
25.91980815,84.2594161,0.7270293525,-0.2044214683,0.3159783165,0.9892635772,-0.1429597477,0.02929411357,0.007870208906
25.93981457,84.27942252,0.7270246578,-0.2044347404,0.3159571527,0.9892631673,-0.1429681024,0.02925667574,0.007909138765
25.9648428,84.30445075,0.7270217834,-0.2044571511,0.3159515493,0.9892613775,-0.1429840216,0.02922547425,0.00796041556
25.98980069,84.32940865,0.7270163234,-0.2045018444,0.3159569119,0.9892571111,-0.1430178081,0.02918850074,0.00801910781
26.00980401,84.34941196,0.72701071,-0.204552481,0.3159754233,0.9892521136,-0.1430598166,0.0291375649,0.008071359011
26.0298295,84.36943746,0.7270029521,-0.2046118223,0.3160099272,0.9892465144,-0.14311443,0.02904345151,0.008128442122
26.05481887,84.39442682,0.7269987256,-0.2047064176,0.3160981072,0.9892366573,-0.1432131683,0.0288700882,0.00820623019
26.07980943,84.41941738,0.7269970622,-0.2048267365,0.3162584336,0.9892238884,-0.143353417,0.02858262079,0.008302423219
26.10480762,84.44441557,0.72700631,-0.2050391471,0.3165678797,0.9891990343,-0.1436049368,0.02813299473,0.008451460224
26.12481141,84.46441936,0.7270243074,-0.2052975346,0.3169214514,0.9891672803,-0.1439057387,0.02765886746,0.008614928513
26.14481235,84.4844203,0.7270544668,-0.2056187122,0.317351902,0.9891260027,-0.1442771637,0.02713503091,0.008805729962
26.16482544,84.50443339,0.7271203939,-0.2060083993,0.3178919093,0.9890710491,-0.1447271269,0.02666670806,0.009022489403
26.18483996,84.52444792,0.7272286141,-0.2064677147,0.3185373947,0.9890012971,-0.1452588044,0.02627937078,0.009257897017
26.20982075,84.5494287,0.7274211948,-0.2071360587,0.3194766188,0.9888936588,-0.1460301834,0.02593992414,0.009572741495
26.22982526,84.56943321,0.7276063698,-0.2077015225,0.3202972432,0.9887987157,-0.1466887761,0.02574569512,0.009831684367
26.25482297,84.59443092,0.7278847216,-0.2084017461,0.3213836269,0.9886735457,-0.1475183496,0.02569032083,0.01014711445
26.27964878,84.61925673,0.728241693,-0.2091385928,0.3225771961,0.9885316807,-0.1483924677,0.02599066235,0.01045357935
26.29970026,84.63930821,0.7285699597,-0.2097676177,0.3235782015,0.9884059636,-0.1491312987,0.02644416181,0.01068705978
26.31978559,84.65939355,0.7289260825,-0.2104217993,0.3246235635,0.9882715417,-0.1498948206,0.02705070292,0.01091613616
26.34477782,84.68438578,0.7294126802,-0.2113076646,0.3261092115,0.9880851824,-0.1509197863,0.02801370195,0.01123044806
26.36979628,84.70940423,0.7298581232,-0.212145849,0.3281842847,0.9878982597,-0.1518496643,0.02935107649,0.0117141897
26.39476848,84.73437643,0.7301963367,-0.2128363854,0.3307538375,0.9877319699,-0.1525884176,0.03083197577,0.01231745585
26.41980314,84.7594111,0.73047742,-0.2133507767,0.3340061913,0.9875801469,-0.1531375919,0.03260790678,0.01307883101
26.44476461,84.78437257,0.7306496789,-0.2137137634,0.3378930268,0.9874435351,-0.153500864,0.03458992654,0.01401023657
26.46477818,84.80438614,0.7307008251,-0.2138520365,0.3413182733,0.9873541514,-0.153637203,0.03614980172,0.01485198502
26.48984313,84.82945108,0.7306556069,-0.2137650514,0.3459675573,0.9872768192,-0.1535695273,0.03800447111,0.01601694899
26.51477218,84.85438013,0.730530974,-0.2134982241,0.3508462757,0.9872235143,-0.1533852666,0.03954232847,0.01729442331
26.53984141,84.87944937,0.7303385868,-0.2131954349,0.3559599855,0.9871720641,-0.1532140126,0.04084409592,0.01866928289
26.5648284,84.90443635,0.7301113348,-0.2128262822,0.3613214898,0.9871176332,-0.1530228132,0.04217040792,0.02011102859
26.58972764,84.92933559,0.7298684107,-0.2124118708,0.3666430428,0.9870596764,-0.1528135344,0.04356019815,0.02153434616
26.60975695,84.9493649,0.7296650601,-0.2120636582,0.3709659683,0.9870043768,-0.1526453651,0.04480842403,0.02267063929
26.63463902,84.97424698,0.7293575317,-0.2116181594,0.3764466957,0.9869301826,-0.1524490179,0.04633343711,0.02411066722
26.65970707,84.99931502,0.7289840841,-0.2111539979,0.3817632262,0.9868635934,-0.1522549025,0.04760778689,0.02553803582
26.68463039,85.02423835,0.7286012662,-0.2106015643,0.3871496902,0.9867957372,-0.1520242433,0.04894869639,0.026959741
26.70467567,85.04428363,0.7283132212,-0.2100684783,0.3915320283,0.9867367331,-0.1517839332,0.05023282448,0.02808772791
26.72962236,85.06923032,0.7279624898,-0.2092982261,0.3967777142,0.9866722582,-0.1513978301,0.05185321446,0.02945837766
26.74974418,85.08935213,0.727626259,-0.2085416675,0.4008232024,0.9866419945,-0.1509367602,0.05313166969,0.03054005233
