time_s,recording_time_s,x_m,y_m,z_m,qx,qy,qz,qw
0,152.1089461,0.6010049494,0.1211016246,0.3870370859,-0.9485956907,0.3142092861,0.006790727185,0.03731790551
0.02000784874,152.1289539,0.6028841746,0.1221946134,0.3859471096,-0.9484197335,0.3149052328,0.005010976558,0.03618830598
0.04502534866,152.1539714,0.6053317399,0.1235929351,0.3846634604,-0.9482469056,0.3156357157,0.002469817363,0.0345803563
0.06503939629,152.1739855,0.6072794662,0.1248082428,0.3836160635,-0.9481581819,0.3160696553,0.0003007139148,0.0331050554
0.08998465538,152.1989307,0.6097961791,0.1263599446,0.3824130956,-0.9480504277,0.3165834925,-0.002705234503,0.03111206421
0.1100027561,152.2189488,0.6118270534,0.1276916144,0.3814995686,-0.9479704473,0.3169496343,-0.005215489641,0.02945774948
0.1349871159,152.2439332,0.6143812099,0.1294047896,0.3804250331,-0.9478453017,0.3174419394,-0.008471696119,0.02735195731
0.1549992561,152.2639453,0.6165017093,0.130587319,0.3795657299,-0.9476563489,0.3180727279,-0.01121271036,0.02552369965
0.1750266552,152.2839727,0.6185735829,0.1317342757,0.3786052659,-0.9474222306,0.3188142938,-0.01390513083,0.02356290378
0.2000198364,152.3089659,0.6212086221,0.1331102024,0.3774357502,-0.9470416614,0.3199467117,-0.01729330036,0.02114556604
0.2250072956,152.3339534,0.6238542389,0.1343353582,0.3762166043,-0.9464941241,0.3215189136,-0.02051975635,0.01879896148
0.2499530315,152.3588991,0.6264519247,0.1353902789,0.3750205094,-0.9457145063,0.3237226275,-0.02336259957,0.01679052932
0.2749106884,152.3838568,0.6288938758,0.1363574692,0.3737329959,-0.9447847403,0.3263448799,-0.02548752624,0.0152052603
0.2949125767,152.4038587,0.6307254432,0.1370291237,0.372595437,-0.9439794286,0.3286172472,-0.02669366564,0.01417714663
0.3198566437,152.4288027,0.6329402004,0.1377617596,0.3711961007,-0.9429197435,0.3315921891,-0.02783042511,0.01320775637
0.3398892879,152.4488354,0.6345059311,0.138439368,0.3699941221,-0.9421399303,0.3337720775,-0.02851308206,0.01247221949
0.3598971367,152.4688432,0.6359298698,0.139155257,0.368749469,-0.9414384179,0.3357247242,-0.0290493276,0.01177927677
0.3849401474,152.4938862,0.6376045613,0.1401216217,0.3674230425,-0.9406974164,0.3377569978,-0.02973982236,0.01114110548
0.4050004482,152.5139465,0.6388624349,0.1407962029,0.3664065729,-0.9401762018,0.3391768891,-0.03022481441,0.01068681679
0.4299545288,152.5389006,0.6402809096,0.1415889087,0.365243486,-0.9396259066,0.3406661784,-0.03074253932,0.01022774858
0.4549965858,152.5639427,0.6415424123,0.1423829126,0.3642595841,-0.9391730566,0.3418790055,-0.03120844991,0.009937198028
0.4750459194,152.583992,0.6424252835,0.1430160012,0.3636051577,-0.938901186,0.3425984657,-0.03153552012,0.009816573955
0.5000367165,152.6089828,0.6433917644,0.1437714577,0.3629819557,-0.938673311,0.3431879343,-0.03191224944,0.00980129248
0.5200433731,152.6289895,0.6440465826,0.1442570737,0.3625897585,-0.9385276585,0.3435618063,-0.03215978155,0.009842154332
0.5400519371,152.648998,0.6446169251,0.1446070966,0.3622683485,-0.9384019851,0.3438852179,-0.03233973786,0.009940449779
0.5600595474,152.6690056,0.6450781353,0.1448408982,0.3619500276,-0.9383043391,0.3441425358,-0.03239865144,0.01006030182
0.5850491524,152.6939952,0.6454762012,0.1450395519,0.3615460433,-0.9382241095,0.3443669855,-0.03227648543,0.01025319736
0.6099894047,152.7189355,0.6457079879,0.1451162778,0.3611441724,-0.938155904,0.3445713579,-0.03203443148,0.01038625218
0.6299943924,152.7389405,0.6457871229,0.1450914509,0.360802717,-0.938126026,0.3446754653,-0.03178960007,0.01038288233
0.6549913883,152.7639375,0.6458129068,0.1450447283,0.360437859,-0.9381088841,0.3447494918,-0.0315147209,0.01031173182
0.6799962521,152.7889423,0.6458386059,0.1449626767,0.3600579113,-0.9380863345,0.3448389481,-0.03124004027,0.01020729358
0.7000293732,152.8089755,0.645861499,0.1448755841,0.359788437,-0.9380642786,0.3449187471,-0.03105697761,0.0100960957
0.7250089645,152.833955,0.6458972293,0.14477673,0.3595150754,-0.9380371292,0.3450103555,-0.03089716084,0.009978188066
0.7450284958,152.8539746,0.6458998855,0.1447645142,0.3593018825,-0.9380371602,0.3450259741,-0.03073936088,0.009922441656
0.7699871063,152.8789332,0.6458908338,0.1448039746,0.3591334012,-0.9380506099,0.3450022159,-0.03060290427,0.009898814111
0.789989233,152.8989353,0.6458809637,0.1448468733,0.3590813871,-0.9380628603,0.3449729358,-0.0305583731,0.009895929948
0.8099896908,152.9189358,0.6458697699,0.1448966579,0.359055288,-0.9380765414,0.3449378346,-0.03053396914,0.009897955115
0.8299958706,152.938942,0.6458565511,0.1449545741,0.3590377099,-0.9380923605,0.3448962004,-0.03051846768,0.00989733347
0.8499994278,152.9589455,0.6458448048,0.1450013971,0.3590109982,-0.9381058418,0.3448616024,-0.03049741055,0.009890033591
0.8750293255,152.9839754,0.6458389931,0.145018901,0.3589847433,-0.9381112805,0.3448494508,-0.0304730438,0.009872951965
0.8950448036,153.0039909,0.6458233554,0.1450065441,0.3589497314,-0.938113075,0.344852873,-0.03040515467,0.009791891483
0.9199459553,153.028892,0.6457517098,0.1449598939,0.3588874675,-0.9381237853,0.3448637743,-0.03008146021,0.009372641008
0.9399778843,153.048924,0.6455936246,0.1448467044,0.3588681504,-0.9381425113,0.3448984642,-0.02938078351,0.008393302958
0.9599990845,153.0689452,0.6453699586,0.1446735063,0.3588533688,-0.9381632826,0.3449564678,-0.02838598004,0.00699475979
0.9800040722,153.0889502,0.6450955501,0.1444568914,0.3588161918,-0.9381845536,0.3450267131,-0.02717331886,0.005284077929
1.000028133,153.1089742,0.6447652137,0.1441958479,0.3587588037,-0.9382049519,0.3451069942,-0.02573134641,0.003244780758
1.02493,153.1338761,0.6443266068,0.143798179,0.358699365,-0.9382114244,0.3452457432,-0.02375965582,0.0004234591288
1.045021296,153.1539674,0.6440013349,0.1434760686,0.3586651437,0.9382022198,-0.3453661705,0.02226750349,0.001720821331
1.065031767,153.1739779,0.6437089636,0.143217764,0.3586293597,0.9381957839,-0.3454512105,0.02096041065,0.003576773789
1.090067863,153.1990139,0.6433887347,0.142986327,0.3585655685,0.9381967166,-0.3455037865,0.0195970057,0.005478306072
1.115031958,153.223978,0.6431458321,0.1427983987,0.3585502078,0.9381896047,-0.3455548355,0.0185248828,0.006996422862
1.135040522,153.2439866,0.6430004326,0.1426860523,0.3585448214,0.9381838503,-0.3455847167,0.01788178579,0.007906227593
1.159976006,153.2689221,0.6428947405,0.1426328596,0.3585291117,0.9381864763,-0.3455856901,0.01745448796,0.008485713947
1.185026646,153.2939727,0.6428804116,0.1426280282,0.3585235312,0.9381878267,-0.345582902,0.01740336501,0.008554681106
1.210004091,153.3189502,0.6428984593,0.1425951776,0.3585288789,0.9381771499,-0.3456108343,0.01742195097,0.008559331576
1.230018854,153.3389649,0.6429173093,0.1425412148,0.3585195096,0.9381612095,-0.3456527291,0.0174388088,0.008580430338
1.255019665,153.3639657,0.6429299342,0.1424745964,0.3584913092,0.9381435273,-0.3456991919,0.01744410545,0.008631000726
1.280014038,153.3889601,0.6429528793,0.1423686913,0.358456234,0.9381148079,-0.3457747464,0.01745542197,0.008702886185
1.300029516,153.4089756,0.6429822997,0.142235967,0.3584200015,0.9380786976,-0.3458700624,0.01746971067,0.008778731825
1.325028419,153.4339745,0.6430243978,0.142046741,0.3583672489,0.9380273985,-0.3460054549,0.01749128536,0.008881427347
1.350009918,153.458956,0.6430556306,0.1418910786,0.3583154896,0.9379860464,-0.3461151175,0.01749839475,0.008961494454
1.370022774,153.4789689,0.6430836929,0.141761644,0.3582935892,0.9379510494,-0.3462084768,0.01750460265,0.009006025346
1.39501977,153.5039659,0.6431567433,0.1414128549,0.3582822025,0.9378575842,-0.3464613495,0.0175019776,0.009020306751
1.420052528,153.5289986,0.6432679708,0.1408514487,0.3582733807,0.9377089546,-0.3468652199,0.01749518603,0.008964050074
1.444953203,153.5538993,0.6434715373,0.1400477587,0.358264785,0.9374888635,-0.3474582898,0.01761996837,0.008769509786
1.469899893,153.578846,0.6438098439,0.1391169353,0.3582531791,0.9372191476,-0.34817589,0.01816250455,0.00799639862
1.48991251,153.5988586,0.6442043759,0.138302287,0.3582439988,0.9369668114,-0.3488344058,0.0190115101,0.006805451436
1.509934187,153.6188803,0.6446928477,0.1374544107,0.3582295357,0.9366881151,-0.349544321,0.02019582951,0.00512553864
1.530017614,153.6389637,0.645265541,0.1365434958,0.3582258908,0.9363763484,-0.3503155949,0.02164962147,0.003100315575
1.555030584,153.6639767,0.6460347752,0.1353090403,0.3582376413,0.9359463661,-0.3513505763,0.02360056139,0.0004311180136
1.575037241,153.6839833,0.6466444887,0.1343386752,0.3582557531,-0.9355987882,0.352163794,-0.0251539555,0.001687704372
1.600016117,153.7089622,0.6473812912,0.1331216197,0.3582683721,-0.9351594373,0.3531692493,-0.02702533441,0.00423550627
1.625019073,153.7339652,0.648029262,0.1319413347,0.3582578927,-0.9347418603,0.3541108334,-0.02866029376,0.006462188587
1.645030975,153.7539771,0.6484768142,0.1309700652,0.3582592975,-0.9344142003,0.3548646187,-0.02966730434,0.007813818686
1.67000556,153.7789516,0.6488965964,0.1297758496,0.3582516461,-0.9340401113,0.355762549,-0.03040872275,0.008797092078
1.694983959,153.80393,0.6489892781,0.128807445,0.3580874454,-0.9338042213,0.3563861809,-0.03034930655,0.008802609058
1.714989424,153.8239355,0.6487434888,0.1283318348,0.3577290159,-0.9337685817,0.3565214124,-0.02994344586,0.008491665543
1.735013485,153.8439596,0.6483085976,0.1280498286,0.3572076828,-0.9338256429,0.3564311732,-0.02935359148,0.008053206178
1.760014772,153.8689609,0.6475007692,0.1279380707,0.3563203003,-0.9340192921,0.3560212198,-0.02834438875,0.00731085398
1.785037518,153.8939836,0.6464915583,0.1279614686,0.3552477676,-0.9342937911,0.3554128167,-0.02712543957,0.006407188934
1.809999466,153.9189456,0.6452476801,0.128097542,0.3539551878,-0.9346497265,0.3546039417,-0.02564397692,0.005321631965
1.834992886,153.943939,0.6437355279,0.1283789655,0.352440511,-0.9351019652,0.3535494031,-0.02388651876,0.004070427061
1.855017185,153.9639633,0.6423880659,0.1287033505,0.351115077,-0.9355164034,0.3525633212,-0.022345295,0.002975121913
1.880008459,153.9889545,0.6405734024,0.1291219821,0.3493341648,-0.9360646771,0.3512396789,-0.02028382002,0.001474725849
1.904994249,154.0139403,0.6387091604,0.1294320905,0.347500088,0.9365951358,-0.3499420317,0.01816960969,6.91614452e-05
1.924996853,154.0339429,0.6373331977,0.1295815772,0.3461562308,0.936962267,-0.3490339901,0.01659938068,0.001201881697
1.945032358,154.0539784,0.6361158657,0.1296121296,0.3449559968,0.9372587473,-0.3482964923,0.01518873528,0.002212794326
1.965046406,154.0739925,0.6349997193,0.1295553911,0.3438440281,0.9375064444,-0.3476771312,0.01386884894,0.003151852599
1.990002632,154.0989487,0.6337053593,0.1294146454,0.3425486972,0.9377715277,-0.3470082084,0.01232171063,0.004247426652
2.010023117,154.1189692,0.632753117,0.1292363908,0.3415903902,0.937946798,-0.3465624058,0.01117052083,0.005051968846
2.035016775,154.1439629,0.6316525186,0.1290248206,0.3404872604,0.9381454495,-0.3460499536,0.009853259528,0.005954707467
2.055021763,154.1639678,0.6308781473,0.1288574295,0.3397004211,0.9382799051,-0.3456988806,0.008946029494,0.006562939286
2.080001354,154.1889474,0.6300245012,0.1287521827,0.3388077003,0.9384483447,-0.3452543804,0.008109699098,0.006953416737
2.100015163,154.2089612,0.6294159403,0.1289405378,0.3381279509,0.9386366422,-0.3447531444,0.007862534878,0.006686091625
2.120015383,154.2289615,0.628840906,0.1293237151,0.3374572254,0.9388672959,-0.344135846,0.007884140504,0.006046530436
2.140023232,154.2489693,0.6282960844,0.1297947377,0.3367860032,0.9391151097,-0.3434693366,0.008133162382,0.005047505895
2.160026312,154.2689724,0.6278251075,0.1302436998,0.3361275536,0.9393430018,-0.3428505435,0.008599518562,0.00377862515
2.18003273,154.2889788,0.6274362325,0.1306558228,0.3355006827,0.9395440756,-0.3422953595,0.009235875505,0.002348496236
2.205021858,154.3139679,0.6270300261,0.1311827155,0.3347821322,0.9397756827,-0.3416399555,0.01018121809,0.0003869677837
2.229996204,154.3389423,0.6267744973,0.1316635095,0.3341957493,-0.9399575784,0.3411002114,-0.01129276203,0.001694139559
2.254904985,154.3638511,0.6266138653,0.1320446606,0.3337193705,-0.9400882792,0.3406882147,-0.01235560022,0.003592599126
2.275018692,154.3839648,0.6265055846,0.1323212158,0.3334010367,-0.9401773423,0.3403977941,-0.01309819337,0.004933972095
2.300022602,154.4089687,0.6263550458,0.1326914175,0.3330212981,-0.9402935116,0.340015481,-0.01396004661,0.006534668797
2.320028305,154.4289744,0.6262208595,0.1329918685,0.3327173845,-0.9403882462,0.3396999311,-0.01461157904,0.007772064284
2.345003605,154.4539497,0.6260837291,0.1333461155,0.3323678371,-0.9404922234,0.3393363067,-0.01544416637,0.009312698206
2.365017653,154.4739637,0.6260051944,0.1336484604,0.3321279567,-0.9405688341,0.3390525029,-0.01615576355,0.01061413277
2.390001535,154.4989476,0.6258354239,0.134185335,0.3318822598,-0.9407089463,0.3385666839,-0.01694636633,0.01233286901
2.415013552,154.5239596,0.625461514,0.1350486832,0.3317879359,-0.940957968,0.3377928774,-0.01728349246,0.01397695458
2.435017347,154.5439634,0.6250829751,0.1358294426,0.3318248827,-0.9411930218,0.3370965711,-0.0172244507,0.01499719395
2.455037117,154.5639832,0.6246511022,0.1367132527,0.3319835899,-0.9414610315,0.3363294222,-0.0168781024,0.01577261843
2.480022192,154.5889683,0.6240377523,0.1379032648,0.3322498238,-0.9418279492,0.3352889122,-0.01624970437,0.01665552787
2.505006313,154.6139524,0.6234012985,0.1392166784,0.3325748596,-0.942221446,0.3341599883,-0.01561610446,0.01766313036
2.529993534,154.6389396,0.6227375724,0.1405626495,0.332905759,-0.942624424,0.3329973533,-0.01494899369,0.01866776976
2.550035,154.6589811,0.6222058229,0.1416295323,0.3331771903,-0.9429434289,0.3320703155,-0.01442246261,0.01946761415
2.575029612,154.6839757,0.6215497155,0.142926935,0.333515413,-0.943332056,0.3309344011,-0.01376510801,0.02043467759
2.600022078,154.7089682,0.6209361896,0.144085411,0.3338036942,-0.9436845619,0.3299007548,-0.01313962128,0.02126711073
2.625000477,154.7339466,0.6204439329,0.1450671279,0.334093883,-0.9439757486,0.3290384616,-0.01263661685,0.02199528988
2.645033598,154.7539797,0.6201374746,0.1456921712,0.3343045595,-0.9441583472,0.3284934227,-0.01232225878,0.02247773525
2.670014143,154.7789602,0.6198481719,0.1462733333,0.3345257915,-0.9443276258,0.3279896091,-0.01198442558,0.02290251105
2.695015907,154.803962,0.6195851582,0.1465728657,0.3346701814,-0.9444471217,0.3276813321,-0.01140570325,0.02268234503
2.720006943,154.828953,0.6192909889,0.146636615,0.3347724302,-0.9445416247,0.3275132026,-0.01041149813,0.02162919378
2.740035057,154.8489811,0.6190455365,0.1465944739,0.3348259562,-0.9446050517,0.3274322041,-0.009479839584,0.0204836675
2.764936447,154.8738825,0.6187378374,0.1464374964,0.3348507666,-0.9446641797,0.3273960416,-0.008225564171,0.01880849808
2.78501606,154.8939621,0.6184985231,0.1462678925,0.3348474046,-0.9446990175,0.3273965255,-0.007220412687,0.01741112111
2.809978485,154.9189246,0.6181865634,0.1460845996,0.3348247663,-0.9447459417,0.3273692031,-0.006006397741,0.01576178037
2.835006714,154.9439528,0.6178896893,0.1459227184,0.3347987658,-0.9447891913,0.3273305521,-0.004900305004,0.01428567858
2.859946966,154.9688931,0.6176565087,0.1457442116,0.3347959265,-0.9448105644,0.3273331305,-0.003966879721,0.01304925346
2.879981995,154.9889281,0.6175267242,0.1455798294,0.3348131245,-0.9448077034,0.3273776361,-0.0033735237,0.01228439776
2.904985428,155.0139315,0.6174262561,0.1454305802,0.3348669176,-0.944797908,0.3274287506,-0.002897809886,0.01178681552
2.925017357,155.0339634,0.6173809189,0.1453386606,0.334929813,-0.9447860678,0.3274694552,-0.002669035524,0.01165839659
2.950012445,155.0589585,0.6173619529,0.1451503074,0.3350143329,-0.9447462569,0.3275854535,-0.002477427317,0.01166803945
2.974979162,155.0839252,0.6173632198,0.1448424497,0.3350937983,-0.9446753773,0.3277876358,-0.002310383791,0.01176263288
2.995017767,155.1039639,0.6173812211,0.1445339766,0.335150311,-0.9446009304,0.3279974353,-0.00221479573,0.0119104753
3.020021915,155.128968,0.6174026944,0.1440472412,0.3351940839,-0.9444864113,0.328321962,-0.002075586506,0.01207477433
3.045017481,155.1539636,0.6174124263,0.1434976623,0.3352324394,-0.9443601636,0.3286793737,-0.001903917906,0.01225258134
3.070014954,155.178961,0.6174036454,0.1428609019,0.3352587076,-0.9442176667,0.3290824426,-0.001685628964,0.01244598803
3.090021133,155.1989672,0.6173849331,0.14227197,0.3352594825,-0.9440884728,0.3294483808,-0.001477653635,0.01259112833
3.110031843,155.2189779,0.6173764524,0.1415467874,0.335234914,-0.9439274882,0.3299058423,-0.001251806055,0.01270689458
3.134968996,155.2439151,0.6173474639,0.140600055,0.3351919656,-0.9437200971,0.3304941034,-0.0009376983374,0.01285094258
3.155009031,155.2639551,0.6172984582,0.1398383536,0.3351685734,-0.9435567433,0.3309545975,-0.000648033291,0.01301178953
3.175029993,155.2839761,0.6172068478,0.1390939608,0.3351322928,-0.9434062043,0.3313772049,-0.0003118512398,0.0131827357
3.200013638,155.3089597,0.6170730515,0.1381452817,0.3350827288,-0.9432172201,0.331905913,0.0001347501532,0.01340606158
3.225029469,155.3339756,0.616914793,0.1372003425,0.3350409666,-0.9430302883,0.3324256356,0.0006135269557,0.01366366863
3.250000954,155.358947,0.6166863977,0.1363441204,0.3350121919,-0.9428757917,0.3328485121,0.001161640257,0.01399142456
3.274930239,155.3838763,0.6164170295,0.1355730547,0.3350036053,-0.9427462027,0.3331966506,0.001740973388,0.01437213357
3.294993877,155.40394,0.6161949552,0.1349850543,0.3350108794,-0.9426482651,0.3334564292,0.002208029108,0.01470315248
3.319974899,155.428921,0.6158897308,0.1342633616,0.3350069552,-0.9425340138,0.3337566401,0.002816375384,0.01510648992
3.344914913,155.453861,0.6155714661,0.1335057128,0.3349878397,-0.9424137734,0.3340722109,0.003442645893,0.01549792868
3.365008831,155.4739549,0.6153158358,0.1328666563,0.3349638181,-0.9423098211,0.3343454587,0.003949739899,0.01580237126
3.389959574,155.4989057,0.6150169677,0.132020532,0.334935327,-0.942165075,0.3347279238,0.004564758585,0.01616636681
3.409984827,155.5189309,0.6147958193,0.1313028175,0.334907222,-0.9420355275,0.3350721929,0.005041546011,0.01643999236
3.434982061,155.5439281,0.6145045685,0.1304009806,0.3348447443,-0.9418747808,0.3354990331,0.005649095244,0.01674466744
3.459898233,155.5688443,0.6142218396,0.1294570756,0.3347646822,-0.9417035201,0.3359561777,0.006247719531,0.0169968497
3.479911566,155.5888577,0.6140038509,0.1286201327,0.3346622172,-0.9415478326,0.3363770878,0.006722898115,0.01711538718
3.499942064,155.6088881,0.6138012605,0.127730738,0.3345421315,-0.9413769065,0.3368414568,0.007174511409,0.01720114146
3.519959211,155.6289053,0.613617846,0.1268211635,0.33442074,-0.9411970467,0.3373306164,0.007600618956,0.01727440413
3.54500556,155.6539516,0.613398045,0.1256970137,0.3342545533,-0.9409731857,0.33793903,0.00812076094,0.01734154068
3.569946766,155.6788929,0.6132075909,0.1245138935,0.3340782501,-0.9407354755,0.3385891439,0.008588512785,0.0173318815
3.594999075,155.7039452,0.6130573812,0.1232873703,0.3338961569,-0.9404798848,0.3392894988,0.00900644478,0.01729468574
3.619947672,155.7288938,0.6129476451,0.1220665018,0.3337205254,-0.940213095,0.3400196562,0.009387717502,0.01725804675
3.64501214,155.7539582,0.6128521234,0.1208310877,0.3335325464,-0.9399403846,0.340767162,0.009742268923,0.01717273992
3.665028811,155.7739749,0.6127967335,0.1198626742,0.3333916304,-0.9397225032,0.341363539,0.009995464812,0.01710678006
3.689945698,155.7988918,0.6127457097,0.1186359235,0.3332081038,-0.9394414121,0.3421327942,0.010292819,0.01700124195
3.715031862,155.8239779,0.61273038,0.1173950264,0.3330229357,-0.9391479392,0.3429359785,0.01055421022,0.01687221354
3.739943504,155.8488896,0.6127094624,0.1161520751,0.3328339948,-0.9388545499,0.3437382679,0.01081143369,0.01671078452
3.759946346,155.8688924,0.6126950648,0.1151390681,0.3326889628,-0.938613338,0.3443960372,0.01101428052,0.01658483841
3.779954195,155.8889003,0.6126937738,0.1141399932,0.3325499184,-0.9383721785,0.3450519744,0.01120196419,0.01647135459
3.799975395,155.9089215,0.6127017537,0.1131372106,0.3324198906,-0.9381284236,0.345714188,0.01137816439,0.01634926548
3.824888706,155.9338348,0.6127139967,0.1119089568,0.3322843039,-0.9378267176,0.3465310433,0.01158168678,0.01622184809
3.84987402,155.9588201,0.6127228501,0.1107360434,0.3321647244,-0.9375367579,0.3473138655,0.01178905878,0.0160911325
3.874887705,155.9838338,0.6127393339,0.1095865673,0.332057285,-0.9372512949,0.3480839474,0.01198474272,0.01593554533
3.894938231,156.0038843,0.612756265,0.1086659871,0.3319873579,-0.9370207344,0.3487053954,0.01217133084,0.01576544116
3.914970398,156.0239165,0.6127343487,0.1077777285,0.3319282171,-0.9368060824,0.3492847101,0.01248324617,0.01545069311
3.934972525,156.0439186,0.6126714793,0.1069150509,0.3318773781,-0.9366077034,0.3498220899,0.01295144604,0.01492566428
3.954993963,156.06394,0.6125913142,0.1060461687,0.3318447963,-0.9364108689,0.3503555955,0.01353253327,0.01423066604
3.979953051,156.0888991,0.6124456591,0.1050378269,0.3318150143,-0.9361923019,0.3509465518,0.0143649909,0.01319616106
4.004976511,156.1139226,0.6122390012,0.104115115,0.3317903413,-0.9360071334,0.3514433928,0.01533811076,0.01195534651
4.024996996,156.1339431,0.6120369239,0.1034583908,0.3317775385,-0.9358865092,0.3517620792,0.01618081073,0.01086567935
4.049974203,156.1589203,0.6118216029,0.1026626173,0.3318024247,-0.9357307443,0.3521674404,0.01718189191,0.009531559487
4.069989681,156.1789358,0.6116368627,0.1020769958,0.3318175235,-0.9356189593,0.3524514553,0.01796477712,0.008508904814
4.094936609,156.2038827,0.611368768,0.1014058553,0.3320867807,-0.9355097349,0.3527324758,0.01865617744,0.007299560427
4.114938974,156.2238851,0.6110198129,0.1009401859,0.3324758492,-0.9354769858,0.3528216534,0.01895845861,0.006345613711
4.134957075,156.2439032,0.610659542,0.1005206273,0.3332261123,-0.9354674313,0.3528665811,0.0188400386,0.005560020401
4.159970045,156.2689161,0.6101189938,0.1000914547,0.3344750683,-0.9355086645,0.3528003594,0.01822293608,0.00483422654
4.17997098,156.2889171,0.609593828,0.09986831192,0.3357686871,-0.9356020592,0.3526035941,0.01731675542,0.004429695557
4.199976444,156.3089225,0.6090486845,0.09963433673,0.3373306133,-0.9357030681,0.3523960497,0.01613186358,0.004068855612
4.224942684,156.3338888,0.6083167302,0.09944639064,0.339538582,-0.9358662606,0.3520414617,0.01442673439,0.003608444227
4.244954586,156.3539007,0.6076592835,0.09933593777,0.341388006,-0.9360191883,0.3516943017,0.01300167245,0.003186496403
4.264961481,156.3739076,0.6068381301,0.09931925273,0.3431416868,-0.936224411,0.3511976092,0.01170814067,0.0026478439
4.289948702,156.3988948,0.6056688244,0.09937279015,0.3452712151,-0.9365232277,0.3504529543,0.01017084008,0.001877443694
4.315027714,156.4239738,0.6044002713,0.09941151037,0.3472423688,-0.9368318667,0.3496681395,0.008786293111,0.00102317713
4.339939117,156.4488852,0.6031256148,0.09926967539,0.3491470988,-0.9370920474,0.3490028275,0.007450145143,0.0001349607048
4.359941244,156.4688873,0.6021021616,0.09904653909,0.3505735994,0.9372644864,-0.3485584072,-0.00647886649,0.0005862143079
4.385006905,156.493953,0.6007909583,0.09862874175,0.3522008828,0.9374414392,-0.3480974079,-0.005423718686,0.001525153101
4.405008554,156.5139546,0.5996871723,0.09820150748,0.3533431535,0.9375654926,-0.3477686461,-0.004741463545,0.002331174343
4.425023794,156.5339699,0.5985413545,0.09768090993,0.3543392537,0.9376704546,-0.3474856683,-0.004199915898,0.003192106947
4.449928999,156.5588751,0.5971561853,0.09686101973,0.3554987779,0.9377440833,-0.3472824023,-0.003586496508,0.004254915003
4.469936609,156.5788827,0.5961456788,0.09602506647,0.356424012,0.9377334963,-0.3473051971,-0.003071797141,0.005055095299
4.495006561,156.6039526,0.5949472405,0.09480204504,0.357426437,0.9376562429,-0.3475023958,-0.002553185094,0.006027952949
4.515019655,156.6239657,0.5940291262,0.09375231847,0.3581324161,0.9375641685,-0.3477391968,-0.002221769675,0.006778254372
4.539934397,156.6488805,0.5929642882,0.09236759252,0.358872202,0.9374105177,-0.3481369413,-0.001911983751,0.007650870558
4.55994606,156.6688921,0.5921932757,0.09118888529,0.3593854486,0.9372498114,-0.3485554341,-0.001723684622,0.008302364638
4.57997179,156.6889179,0.5914874999,0.08997298765,0.3598013176,0.9370644163,-0.3490391424,-0.001600754541,0.00891035465
4.604916573,156.7138627,0.5907097415,0.08835311988,0.3602021346,0.9367825346,-0.3497765542,-0.001534343273,0.009617215243
4.630017757,156.7389638,0.5900270238,0.08660405207,0.3603797452,0.9364441909,-0.3506615228,-0.001655839326,0.01029717709
4.6548841,156.7638302,0.5894654442,0.084738113,0.3603806888,0.9360476261,-0.3517000202,-0.001907691225,0.01087650083
4.679846764,156.7887928,0.5890492559,0.08284703212,0.360184504,0.9356135006,-0.3528368479,-0.002312828433,0.01132197637
4.704844236,156.8137903,0.5887892498,0.08086842112,0.3598236994,0.9351221099,-0.3541213314,-0.002836920154,0.01169077103
4.724950552,156.8338966,0.5886835109,0.07919374468,0.3595238437,0.9346810645,-0.3552724377,-0.003239310879,0.01192935305
4.744962454,156.8539085,0.5885982701,0.07747958255,0.3592279061,0.9342218992,-0.356466703,-0.003628493623,0.01215593439
4.764974594,156.8739207,0.5885409031,0.07571403271,0.358971228,0.933742673,-0.3577093089,-0.003976325609,0.01236364501
4.789959669,156.8989058,0.5885320742,0.07350727486,0.3587272878,0.9331302763,-0.3592930338,-0.004320422749,0.01255934795
4.814977884,156.923924,0.5886356452,0.07125446373,0.3586111361,0.9324738242,-0.3609874376,-0.004520619951,0.01265705501
4.839946985,156.9488931,0.5888296329,0.06900273228,0.3585689529,0.9317957773,-0.3627325587,-0.004629585562,0.01266046029
4.859971523,156.9689176,0.5889900914,0.06727089707,0.3585532516,0.9312705334,-0.3640785374,-0.004692647729,0.01264876256
4.879980087,156.9889262,0.5891743507,0.0655360936,0.3585710412,0.930739571,-0.3654344517,-0.00471108483,0.01262213331
4.904959679,157.0139058,0.5894073691,0.06340061261,0.3586297716,0.9300805741,-0.3671106615,-0.004705964124,0.01255953153
4.924974442,157.0339205,0.5895808742,0.06174419474,0.358689193,0.9295653296,-0.3684157725,-0.004703269353,0.01248983103
4.94499588,157.053942,0.5897414211,0.06010640033,0.3587478392,0.9290557868,-0.369701461,-0.004712572644,0.01240831746
4.969975233,157.0789213,0.58993125,0.05812253407,0.358862013,0.9284387099,-0.3712533565,-0.004702630368,0.0122634595
4.994920254,157.1038663,0.5901085308,0.05626209758,0.3590631182,0.9278581077,-0.3727107423,-0.004657159861,0.01201438326
5.014994383,157.1239405,0.5902328826,0.05487116323,0.3592576203,0.9274231059,-0.3738009094,-0.004629949773,0.01173994945
5.035014868,157.143961,0.5903174097,0.05363484138,0.3594516917,0.9270407348,-0.3747579484,-0.004646810677,0.01141767345
5.059920311,157.1688664,0.5903840074,0.05224259221,0.3597288758,0.9266147311,-0.375823328,-0.004682528074,0.01095628419
5.08489728,157.1938434,0.5904133624,0.05096423821,0.3600338262,0.9262289788,-0.3767869048,-0.004730601096,0.01044646316
5.104986191,157.2139323,0.5904330632,0.04995812516,0.3602735438,0.9259254363,-0.3775431772,-0.004780408768,0.01001915375
5.12992239,157.2388685,0.5904645208,0.04873517707,0.360566946,0.9255541192,-0.378465946,-0.004837263854,0.009471061849
5.155012369,157.2639585,0.5905082435,0.04752923175,0.3608838877,0.9251834309,-0.3793841989,-0.004863565258,0.008921579053
5.175016642,157.2839627,0.5905424366,0.04653011396,0.3611445741,0.9248751883,-0.3801444947,-0.00487735146,0.008500625665
5.199995995,157.3089421,0.5905858402,0.0452689903,0.3614699139,0.9244848083,-0.3811041618,-0.004887565204,0.007972997964
5.224995852,157.3339419,0.5906534022,0.04398157827,0.361804487,0.9240796303,-0.3820964042,-0.004864832681,0.007450372719
5.245001554,157.3539476,0.5906989484,0.0429429183,0.3620711107,0.9237529478,-0.3828932946,-0.004850399523,0.007049108007
5.265016079,157.3739622,0.5907245509,0.04192227164,0.3623280486,0.9234340774,-0.3836678975,-0.004875462749,0.006684239167
5.289976597,157.3989227,0.5907371002,0.04061658187,0.362618426,0.9230274156,-0.3846499864,-0.004974873657,0.006326823131
5.314971924,157.423918,0.5907408957,0.03928164296,0.3628884297,0.9226099098,-0.3856511496,-0.005158508889,0.006126571231
5.339953423,157.4488995,0.590723092,0.03792531911,0.3631390553,0.9221865007,-0.3866599517,-0.005420442582,0.006062872521
5.359996796,157.4689429,0.5906629511,0.0368823635,0.363332223,0.9218664914,-0.3874152493,-0.005767965589,0.006190893567
5.384969711,157.4939158,0.5905121446,0.03561911197,0.3635226268,0.9214898236,-0.3882947939,-0.006365801454,0.00656769368
5.409868479,157.5188146,0.5902667303,0.03440519834,0.3636562093,0.9211431074,-0.3890943246,-0.007084382634,0.007126978787
5.429996252,157.5389423,0.5900286304,0.03345426484,0.3637832409,0.9208784217,-0.3897012567,-0.007597415298,0.007625107247
5.454974413,157.5639205,0.5896273123,0.03225803458,0.363929587,0.9205611569,-0.390421296,-0.008209360968,0.008424635103
5.479981661,157.5889277,0.5891284087,0.03107808032,0.3641502127,0.9202639019,-0.3910894025,-0.008703325656,0.009363879211
5.504965782,157.6139119,0.5885328118,0.02994834332,0.3644094454,0.9200001352,-0.3916784942,-0.00904547415,0.01029017555
5.524994135,157.6339402,0.5880294981,0.02911098097,0.364719204,0.9198160111,-0.3920916552,-0.009125593002,0.01092534438
5.544997692,157.6539438,0.5874964687,0.02832849473,0.3650576781,0.9196550943,-0.3924531251,-0.009100981553,0.01149888027
5.565027237,157.6739733,0.586929658,0.02755286538,0.3654661737,0.9195015069,-0.3927984407,-0.008987148625,0.01206627248
5.585043907,157.69399,0.5863325155,0.02678788542,0.365958341,0.9193564631,-0.3931259618,-0.008756980194,0.01260901507
5.60998106,157.7189271,0.585572892,0.02580975144,0.3666799407,0.9191697115,-0.3935514829,-0.008308802923,0.01323765862
5.635022879,157.743969,0.5848221029,0.02476381509,0.3674569314,0.9189560793,-0.3940391014,-0.007797440871,0.01386040322
5.65999794,157.768944,0.5840938926,0.02360518154,0.3682632628,0.9186977785,-0.3946298335,-0.007249272196,0.01446147805
5.685018063,157.7939641,0.583387357,0.02243605135,0.3690059448,0.9184296904,-0.3952403016,-0.006761621561,0.01504288003
5.709986687,157.8189328,0.5827431043,0.02117715944,0.3696832301,0.91811803,-0.3959503657,-0.006313765817,0.0155797081
5.734915972,157.8438621,0.5821571367,0.01978182105,0.3702304062,0.9177481503,-0.396792607,-0.005981476626,0.01606802797
5.755007744,157.8639538,0.5817082781,0.01861902627,0.3705506798,0.9174321978,-0.3975103318,-0.005832607873,0.01642191076
5.780003786,157.8889499,0.5811654879,0.01715405254,0.3707922152,0.9170303102,-0.3984206227,-0.005805216184,0.01681419366
5.805017233,157.9139633,0.5807074072,0.01568862758,0.3708790039,0.9166127302,-0.3993657217,-0.005913628922,0.01712168787
5.829959393,157.9389055,0.5803491062,0.01416487034,0.3707888514,0.9161568729,-0.400396363,-0.006162499755,0.0173597306
5.849985123,157.9589312,0.5801434415,0.0128988418,0.3706219626,0.9157614621,-0.401290663,-0.006433037279,0.01747467654
5.870001316,157.9789474,0.5799632762,0.01162086165,0.3704391242,0.9153564507,-0.4022050778,-0.006700883441,0.01757104477
5.894989014,158.0039351,0.5798298385,0.009980017045,0.3702877976,0.9148160497,-0.4034253917,-0.006925655667,0.01765173517
5.914994955,158.023941,0.5798434442,0.00861727277,0.370283328,0.9143431868,-0.404496134,-0.006958205059,0.01763512954
5.939980507,158.0489266,0.5798689412,0.006924017646,0.3703112461,0.9137518917,-0.4058321735,-0.00697277472,0.01758146186
5.959990263,158.0689363,0.5798832407,0.005558059983,0.3703328167,0.9132743002,-0.4069075042,-0.006991207827,0.01753449897
5.984993935,158.09394,0.5799023985,0.003831156042,0.3703529702,0.912667967,-0.4082672419,-0.007007854739,0.01749088698
6.009997129,158.1189432,0.5799383361,0.002101356302,0.3703840032,0.9120545251,-0.4096380544,-0.006996511457,0.01744294763
6.034989595,158.1439357,0.5799529563,0.0003892293515,0.3704003936,0.9114473147,-0.4109883912,-0.007008391245,0.01741313368
6.059982061,158.1689281,0.5799543176,-0.001304430861,0.3704112922,0.9108463304,-0.412319319,-0.007028800337,0.01738785485
6.079992056,158.1889381,0.5799595275,-0.002613542845,0.3704286697,0.9103792894,-0.4133507053,-0.007035216437,0.01735654121
6.104997396,158.2139435,0.5799651264,-0.004163043771,0.3704498151,0.909824554,-0.4145718234,-0.007041861024,0.01731751741
6.124999523,158.2339456,0.5799579382,-0.005336438756,0.3704567667,0.9094045663,-0.4154927155,-0.007057594724,0.01730111589
6.145013571,158.2539597,0.5799476319,-0.00648212992,0.3704609895,0.9089936745,-0.4163911213,-0.007071938254,0.01728934587
6.169981718,158.2789278,0.57993198,-0.007860531153,0.3704646889,0.9084985691,-0.4174708063,-0.007092032592,0.01726785995
6.189992189,158.2989383,0.5799205855,-0.008844557385,0.370464006,0.90814456,-0.4182408479,-0.007111392269,0.01724759252
6.214913845,158.3238599,0.5799162596,-0.009940999562,0.3704726975,0.9077476157,-0.4191026419,-0.007119781074,0.01722064247
6.234983206,158.3439293,0.5799110712,-0.01072219995,0.3704809968,0.907463925,-0.4197173231,-0.00712520147,0.01719956117
6.254986286,158.3639324,0.5798991027,-0.01139878353,0.3704759817,0.9072188512,-0.4202470416,-0.007144770295,0.01718523517
6.275003672,158.3839498,0.5798876668,-0.01195532435,0.3704638917,0.907017707,-0.4206813927,-0.007173315491,0.01716358192
6.299973488,158.4089196,0.5798810109,-0.01253161745,0.3704554056,0.9068082732,-0.4211332781,-0.007194675605,0.01713926255
6.319988489,158.4289346,0.5798771871,-0.01289459194,0.3704563326,0.9066758361,-0.4214188202,-0.007202488799,0.01712397044
6.344975948,158.453922,0.5798780298,-0.0132225725,0.37046135,0.9065550045,-0.4216790084,-0.007202051567,0.01711631203
6.364984751,158.4739308,0.5798821953,-0.01346176764,0.3704682767,0.9064666978,-0.4218692634,-0.007195337091,0.01710782224
6.384993076,158.4939392,0.5798914022,-0.01366022443,0.3704772379,0.9063921688,-0.4220300298,-0.007185346153,0.01709564762
6.409983397,158.5189295,0.5799136182,-0.01389662604,0.3704953186,0.9063012158,-0.4222264917,-0.007162125395,0.0170762986
6.434969902,158.543916,0.5799405953,-0.01409958747,0.37051374,0.9062217909,-0.4223981868,-0.007137255081,0.01705570348
6.454978228,158.5639243,0.5799660753,-0.0142693544,0.3705324891,0.906155079,-0.4225425148,-0.007112223281,0.01703561795
6.474988937,158.583935,0.5799895398,-0.01444061091,0.3705533817,0.9060880865,-0.4226874166,-0.00708554362,0.01701535724
6.499979496,158.6089256,0.5800150227,-0.01467330364,0.3705783118,0.9059976047,-0.4228827613,-0.007054755074,0.01699237665
6.52493453,158.6338806,0.5800457488,-0.01494861625,0.3705999447,0.9058903439,-0.423114066,-0.007025716519,0.01696500047
6.544986248,158.6539323,0.5800789159,-0.01521690507,0.3706235276,0.9057856309,-0.4233398757,-0.006993941855,0.01693591611
6.564988852,158.6739349,0.5801142324,-0.01552484415,0.3706568802,0.9056659331,-0.4235978725,-0.00695202394,0.01690353298
6.589898825,158.6988449,0.5801974326,-0.01600667353,0.3707431617,0.9054734787,-0.4240136068,-0.006845683273,0.01683381126
6.609908819,158.7188549,0.5804034502,-0.01648208253,0.3709161333,0.9052627467,-0.424473012,-0.006614882067,0.01668127243
6.634961843,158.7439079,0.5808783014,-0.01718724071,0.3713123776,0.9049215556,-0.425221051,-0.006081344155,0.01634176438
6.659840822,158.7687869,0.5815935802,-0.01799402987,0.3719399163,0.9045003335,-0.4261465117,-0.005247292672,0.01583550222
6.679884195,158.7888303,0.5823032778,-0.01865801783,0.3725819226,0.9041316934,-0.4269558108,-0.004400823978,0.01533784287
6.704974651,158.8139207,0.5833377992,-0.01954837277,0.3735247197,0.9036211788,-0.4280715668,-0.003159710845,0.01461215734
6.729839802,158.8387859,0.584559403,-0.0204365991,0.3746384103,0.9030760637,-0.429257308,-0.00170029334,0.01374393285
6.754880667,158.8638268,0.5859496233,-0.02130067781,0.3759013362,0.9025053076,-0.4304893643,-4.091412464e-05,0.01277008959
6.775003433,158.8839495,0.5871090782,-0.02196182855,0.3769538908,0.9020494203,-0.4314649569,0.001338792986,0.01196001431
6.799990654,158.9089367,0.5885228607,-0.02274846038,0.3781662185,0.901504793,-0.4326200626,0.002951930435,0.01096702808
6.82497716,158.9339232,0.5900139973,-0.02351678126,0.3789273251,0.9009615977,-0.4337672388,0.004125896645,0.009856928579
6.845022202,158.9539683,0.5913242669,-0.02416578034,0.3792088313,0.9004922067,-0.4347559414,0.004781154809,0.008842947315
6.869980574,158.9789267,0.5929977731,-0.02502789724,0.3791321175,0.8998844336,-0.4360323146,0.00520810361,0.007530104631
6.894985437,159.0039315,0.594788264,-0.02595965987,0.378612976,0.899234975,-0.4373916575,0.005261315857,0.006108706046
6.919979811,159.0289259,0.5966631042,-0.02695148824,0.3776321274,0.8985514543,-0.4388166351,0.004904116127,0.004603736027
6.944987297,159.0539334,0.5986460048,-0.02807687155,0.3763670314,0.8977963069,-0.4403791729,0.0043198891,0.00305186611
6.964996099,159.0739422,0.6003191345,-0.02904870683,0.3752605829,0.8971445652,-0.4417173129,0.003789030459,0.001757228844
6.989925385,159.0988715,0.6024328099,-0.03027222808,0.3736772417,0.8963158288,-0.4434066312,0.002909513181,0.0001665012057
7.009976625,159.1189227,0.6041393461,-0.03130636318,0.372386129,-0.895621364,0.4448115404,-0.002040671701,0.0009494244925
7.029996634,159.1389427,0.6058122747,-0.03238407016,0.3711724273,-0.8949090642,0.4462436914,-0.001028510493,0.001810181584
7.054986954,159.163933,0.607695775,-0.03367230672,0.3696981952,-0.8940710432,0.4479181263,0.0005499868621,0.002453450185
7.079976559,159.1889226,0.6094778322,-0.03494413021,0.3684259443,-0.8932539784,0.4495383717,0.00208298143,0.002871173511
7.104990244,159.2139363,0.6112320734,-0.03627832105,0.3674049897,-0.892420875,0.4511801463,0.003455974462,0.00308442
7.129988909,159.238935,0.6128609011,-0.0376011623,0.3666103573,-0.8916085426,0.4527711264,0.004858011167,0.002985555854
7.154848337,159.2637944,0.6143133331,-0.03888156205,0.3659952554,-0.8908366,0.4542719841,0.006379235438,0.0025341585
7.174892187,159.2838383,0.6153381728,-0.03986185432,0.3656254882,-0.8902633124,0.4553777937,0.007655042804,0.001923495696
7.199882746,159.3088288,0.6164665592,-0.04096765376,0.365244035,-0.8896164467,0.4566152392,0.009153987971,0.00114257898
7.224865198,159.3338113,0.6175009961,-0.04195977261,0.3650296668,-0.8890287824,0.4577351943,0.01029676176,0.0005410621034
7.244906902,159.353853,0.6182759108,-0.04269593061,0.3649605662,-0.8885940267,0.4585634554,0.0109627771,0.0001672858445
7.269861937,159.378808,0.6191710553,-0.04352548309,0.3650166077,0.888106836,-0.4594933337,-0.01149337478,0.0001730686202
7.28988266,159.3988287,0.6198618578,-0.04412054048,0.365209715,0.8877510079,-0.4601777507,-0.01159807338,0.0002697002223
7.309890032,159.4188361,0.6205000186,-0.04462482504,0.3654182739,0.8874370254,-0.4607850041,-0.01151823188,0.0001794317948
7.334882021,159.4438281,0.6212449769,-0.04513740134,0.3657739543,-0.8871004203,0.4614429184,0.01110160069,0.0001858298511
7.354972363,159.4639184,0.6217581694,-0.04546198104,0.3660637695,-0.8868827465,0.4618717403,0.0106383332,0.000561744409
7.374991894,159.483938,0.6222120759,-0.04574054884,0.3663940851,-0.8866981016,0.4622365824,0.01014975878,0.0008949538769
7.399986982,159.5089331,0.6227000262,-0.04606032825,0.3667969458,-0.8864967759,0.4626343512,0.009561807182,0.001222786572
7.424979448,159.5339255,0.6231479819,-0.04637889587,0.3671950408,-0.8863112219,0.4630008478,0.008967517942,0.001488768256
7.444982052,159.5539281,0.6234880764,-0.0466331151,0.3674927446,-0.886178,0.4632642203,0.008488643826,0.001660559543
7.469983101,159.5789292,0.6238583989,-0.04693325876,0.3677859537,-0.8861106636,0.4634054879,0.007782836939,0.0016349527
7.49501729,159.6039634,0.6241477751,-0.04719617504,0.3679810992,-0.8861590874,0.4633263908,0.006993190393,0.001350092202
7.519983053,159.6289291,0.6243399313,-0.0474202406,0.3680615696,-0.8863050389,0.4630598324,0.006186581429,0.0008341814587
7.54498744,159.6539335,0.6244303409,-0.04760145884,0.3680200523,-0.8865249618,0.4626488683,0.00543067914,0.0001392864009
7.569985628,159.6789317,0.6244931298,-0.04777468752,0.3679328793,0.8867793095,-0.4621691519,-0.004660218437,0.0006431107463
7.594990015,159.7039361,0.6245640998,-0.04796773402,0.3678483789,0.8870526665,-0.461650101,-0.003809586885,0.001496067808
7.615000248,159.7239463,0.6246236157,-0.04813080818,0.3677833593,0.8872833456,-0.4612090995,-0.003082591367,0.002220074159
7.639979362,159.7489254,0.6246955244,-0.04831391118,0.367718515,0.887565633,-0.4606657179,-0.002199817155,0.003082886137
7.664987564,159.7739336,0.6247631693,-0.04847347902,0.367691914,0.8878246816,-0.4601636147,-0.001368783047,0.003861192261
7.689961672,159.7989078,0.6248362155,-0.04863496441,0.3676845729,0.8880636877,-0.4596971062,-0.0005576118995,0.004598503174
7.714960337,159.8239064,0.6249061884,-0.04878631077,0.3676571101,0.8882751011,-0.4592816399,0.0001587240373,0.005262581761
7.739906549,159.8488526,0.6249552406,-0.04890881129,0.3675872332,0.8884468934,-0.4589421511,0.0006935762656,0.005808494627
7.759962797,159.8689089,0.6249844289,-0.04898749824,0.3675238479,0.8885527159,-0.4587321845,0.001008945407,0.006151098209
7.779975414,159.8889215,0.6250144073,-0.04905730862,0.3674704717,0.8886378298,-0.4585627756,0.00127308629,0.00643176202
7.804985523,159.9139316,0.6250575644,-0.04912875057,0.36738582,0.8887077371,-0.4584232944,0.001483314313,0.006666399472
7.829916716,159.9388628,0.6251155077,-0.04918571432,0.3671810421,0.8887506054,-0.4583382491,0.001509405546,0.006792091368
7.855003595,159.9639497,0.6251814577,-0.0492559787,0.3668550386,0.8887850947,-0.4582699887,0.001422414366,0.006902876363
7.879971743,159.9889178,0.6252523268,-0.04937723587,0.3664007704,0.8888170971,-0.4582059887,0.001274245385,0.007058050113
7.904992104,160.0139382,0.6253925889,-0.04954486643,0.3658344229,0.8888135274,-0.4582122366,0.001041281495,0.007139709638
7.929962873,160.038909,0.6256225615,-0.04971659253,0.3651142637,0.8887608215,-0.458316497,0.0006229147274,0.007057103711
7.949986458,160.0589325,0.6258702322,-0.049873654,0.3644776253,0.8886812449,-0.4584738143,0.000211692347,0.006881988147
7.974972725,160.0839188,0.6262725796,-0.05012366378,0.3636259184,0.8885343351,-0.4587630694,-0.0003347968254,0.006562731281
7.999981403,160.1089275,0.6267646635,-0.05042999139,0.3627382565,0.8883409619,-0.4591422795,-0.000892641784,0.006156770356
8.02497077,160.1339169,0.6273264851,-0.05080090529,0.3617601083,0.8881142422,-0.4595847832,-0.001477332142,0.00572165703
8.044984102,160.1539302,0.6278769115,-0.0511748874,0.3609909811,0.8878980191,-0.4600056337,-0.001846992785,0.005339778537
8.069998741,160.1789448,0.6286948501,-0.05174681561,0.3600892615,0.8875955432,-0.4605932256,-0.002107920984,0.00485684064
8.094965935,160.203912,0.6295774189,-0.05238398076,0.3591860049,0.8872545651,-0.4612537828,-0.002335196476,0.004339523552
8.11499548,160.2239416,0.6303005864,-0.05291489632,0.3584976392,0.8869549983,-0.4618326692,-0.002506152678,0.003890465757
8.139929295,160.2488754,0.6312478704,-0.05361121375,0.3577403402,0.8865551191,-0.4626038496,-0.002608280385,0.003300905931
8.15998292,160.268929,0.6320075693,-0.05415136616,0.3572317593,0.8862282851,-0.4632328792,-0.00263520032,0.002789615016
8.18496418,160.2939103,0.6328701907,-0.05473249882,0.3566228807,0.8858402654,-0.4639772307,-0.002771398348,0.002114950041
8.209904194,160.3188503,0.6336490582,-0.05524375802,0.3561200015,0.8854883867,-0.4646502584,-0.00287296884,0.001483385687
8.229950428,160.3388965,0.6342250749,-0.05562668414,0.3558094988,0.8852320275,-0.4651396672,-0.002876363904,0.001036346771
8.249972582,160.3589187,0.6347787852,-0.05601009495,0.3555669705,0.8849836134,-0.4656132519,-0.00281193748,0.0006295163004
8.269991159,160.3789372,0.6353014797,-0.05638900314,0.3554265077,0.8847444037,-0.4660688477,-0.002663903588,0.0002677675415
8.294953108,160.4038992,0.6358909301,-0.05683224425,0.3553361021,-0.884475684,0.4665800015,0.00241904481,0.0001109409157
8.314964056,160.4239101,0.6363101164,-0.05716331385,0.355311085,-0.8843082992,0.4668984678,0.002136543756,0.0002960297529
8.334997177,160.4439433,0.6367077624,-0.0574895349,0.3553857701,-0.8841860821,0.4671316853,0.001681017413,0.0003669724077
8.359979868,160.468926,0.6371105778,-0.05783778838,0.3554829267,-0.8840941874,0.4673073257,0.001103580064,0.0003364845526
8.384995222,160.4939413,0.6374337859,-0.05813028278,0.3556231693,-0.8840440856,0.4674031823,0.0005153708259,0.0002345852925
8.409977674,160.5189238,0.6376675561,-0.05835907098,0.3557610413,-0.8840388672,0.4674133989,-3.16143998e-05,5.867058269e-05
8.434994459,160.5439405,0.6378253163,-0.05852491327,0.3558580004,0.8840618576,-0.4673696415,0.0004799612737,0.0001364176362
8.459937334,160.5688834,0.6379397337,-0.05863910403,0.3559137883,0.8840937703,-0.4673087204,0.0008225256889,0.0002988570743
8.484973431,160.5939195,0.6380036776,-0.05868664847,0.355914029,0.8841226175,-0.4672537504,0.0009913755072,0.0003834722619
8.504979372,160.6139255,0.6380208542,-0.05868413435,0.3558798165,0.884130974,-0.4672379471,0.0009884943511,0.0003791760574
8.524998188,160.6339443,0.6380243671,-0.05867190242,0.3558309479,0.8841375288,-0.4672256359,0.0009480304355,0.0003690610467
8.549900293,160.6588464,0.6380243661,-0.05866457071,0.3557711345,0.884141233,-0.467218737,0.0008915437378,0.0003691243808
8.569909334,160.6788554,0.6380308178,-0.05867060983,0.3557256506,0.8841410072,-0.4672192163,0.0008631719051,0.000372038043
8.589917183,160.6988633,0.6380480177,-0.05868891454,0.3556993238,0.8841371349,-0.4672265361,0.0008656275181,0.0003763923275
8.614956856,160.7239029,0.6380638937,-0.05872514522,0.3556774546,0.8841277655,-0.4672442397,0.0008724456984,0.000391415281
8.634978771,160.7439249,0.6380612171,-0.05876728822,0.3556587086,0.8841144197,-0.4672695126,0.0008456442213,0.0004242803413
8.659926176,160.7688723,0.638047119,-0.05881763575,0.3556286953,0.8840994283,-0.4672979379,0.0007788815122,0.0004807763248
8.68498373,160.7939298,0.6380389171,-0.05886612595,0.3555973565,0.8840865557,-0.4673223188,0.000735538967,0.0005211103127
8.704984903,160.813931,0.6380386067,-0.05892607703,0.3555810475,0.8840696508,-0.4673542792,0.0007302135904,0.0005449477425
8.729859114,160.8388052,0.6380335368,-0.05901788156,0.3555632779,0.8840430896,-0.4674044907,0.0007225906475,0.0005796128106
8.749892473,160.8588386,0.6380231714,-0.05909660771,0.3555453933,0.8840214139,-0.4674454649,0.0007016264518,0.0006203512116
8.76992178,160.8788679,0.6380172737,-0.0591717334,0.3555282892,0.8840009862,-0.4674840655,0.0006959133865,0.0006483354855
8.79491806,160.9038641,0.6380160312,-0.05927660496,0.3555166324,0.883969166,-0.4675441886,0.0007062402304,0.000668279001
8.81997323,160.9289193,0.6380063017,-0.05938944294,0.3555067583,0.8839337195,-0.4676111663,0.0006998787342,0.0006977377103
8.844911098,160.9538572,0.6379848689,-0.05950382606,0.3554954185,0.8838967258,-0.4676810648,0.0006461147399,0.0007629602817
8.864925861,160.9738719,0.6379590193,-0.05959150421,0.3554862876,0.8838699673,-0.4677315717,0.0005597818242,0.0008627831994
8.884932041,160.9938781,0.6379214202,-0.05967836146,0.3554710332,0.8838459108,-0.4677768531,0.000413855635,0.001024907735
8.909912109,161.0188582,0.637860345,-0.05977473563,0.3554409852,0.8838211807,-0.4678230691,0.0001542044333,0.001293397881
8.934770346,161.0437164,0.6377772645,-0.05986519658,0.3554112722,0.8837993833,-0.4678630481,-0.0002117242724,0.001665360089
8.959883928,161.06883,0.6376686069,-0.05995485664,0.3553836863,0.8837805492,-0.467896117,-0.0006953647634,0.002163565308
8.979961395,161.0889075,0.637575861,-0.06002180349,0.3553505105,0.8837678733,-0.4679170568,-0.001119515896,0.002592452917
9.004935265,161.1138813,0.6374618945,-0.0600962876,0.3553017701,0.8837548592,-0.4679368257,-0.001650937982,0.003122557176
9.024948835,161.1338949,0.637364468,-0.06015973613,0.3552654361,0.8837438059,-0.4679526377,-0.002100883067,0.003577814731
9.049959183,161.1589053,0.6372415968,-0.060239275,0.3552202967,0.8837293659,-0.4679722807,-0.002667513737,0.004151704227
9.074905157,161.1838512,0.6371303539,-0.06030652307,0.3551741402,0.883717764,-0.4679860101,-0.003187578258,0.004674112839
9.094965219,161.2039113,0.6370518368,-0.06035375108,0.3551409266,0.8837097694,-0.4679945866,-0.003556525718,0.005045942073
9.119880915,161.228827,0.6369883766,-0.06040225418,0.3551057985,0.8837004768,-0.4680063454,-0.0038597157,0.005350748587
9.139936209,161.2488823,0.6369698575,-0.06042594826,0.3550769683,0.8836961308,-0.4680126392,-0.003959119558,0.005444559846
9.164896965,161.2738431,0.6369708416,-0.06045637101,0.3550379484,0.8836886224,-0.4680263061,-0.003990792578,0.005465246878
9.1849823,161.2939284,0.6369744834,-0.06049646837,0.3550014739,0.8836774811,-0.4680470024,-0.004010611049,0.005479769447
9.209972858,161.3189189,0.6369813301,-0.06056704471,0.3549483199,0.8836572,-0.4680848622,-0.004034466694,0.005498880224
9.230018377,161.3389645,0.6369886243,-0.0606387634,0.3549044193,0.8836342946,-0.4681278602,-0.004052224,0.005506310415
9.254959583,161.3639057,0.6369952495,-0.06073223557,0.3548416546,0.8836015755,-0.4681893027,-0.004088367521,0.005506162176
9.274967194,161.3839133,0.6369951416,-0.06081266989,0.3547832043,0.883572482,-0.4682437856,-0.00413354868,0.005508185013
9.299987316,161.4089334,0.6369918446,-0.0609318619,0.3547107794,0.8835298914,-0.4683235059,-0.004193293723,0.005517343971
9.324898243,161.4338443,0.6369865014,-0.06112739815,0.3546580992,0.883458198,-0.4684583508,-0.004231920793,0.005520577509
9.344901085,161.4538472,0.6369778539,-0.06133329284,0.3546200226,0.8833809463,-0.4686038186,-0.004259674035,0.005515433019
9.36494422,161.4738903,0.6369661058,-0.06157636991,0.35458248,0.8832901912,-0.4687746404,-0.00428749523,0.005512900322
9.38496685,161.4939129,0.6369505884,-0.06187516159,0.354546021,0.8831794814,-0.468982992,-0.004312103635,0.005510225898
9.404977322,161.5139234,0.6369368562,-0.06221731782,0.3545287708,0.883051507,-0.4692239954,-0.004315562004,0.005500361047
9.425003767,161.5339499,0.6369258712,-0.06260699295,0.3545246059,0.8829038857,-0.4695019878,-0.004305755861,0.005483840595
9.450006008,161.5589521,0.6369167845,-0.06311816027,0.3545170447,0.8827090128,-0.4698686737,-0.004290952945,0.005460395735
9.474934101,161.5838802,0.6368943536,-0.06368716328,0.354498393,0.882493734,-0.4702731444,-0.004290710551,0.005437729305
9.49990797,161.6088541,0.6368648311,-0.06425849299,0.3544697717,0.882278118,-0.4706776754,-0.004303834095,0.005415283526
9.519919395,161.6288655,0.6368510162,-0.06470388427,0.3544395963,0.8821083677,-0.4709958672,-0.004313872725,0.005395474642
9.544779062,161.6537251,0.6368243872,-0.0652742739,0.3543843063,0.8818913824,-0.4714020065,-0.00434940176,0.005368486236
9.569761753,161.6787078,0.636812408,-0.06577699552,0.3543198018,0.8816985065,-0.4717626415,-0.004385599534,0.005340440524
9.589904785,161.6988509,0.6368109731,-0.06617414446,0.35426941,0.8815450009,-0.4720495067,-0.004408328802,0.005314250456
9.609949589,161.7188957,0.636804563,-0.06652518237,0.3542096223,0.8814090478,-0.4723032225,-0.00444645319,0.005290128377
9.629959106,161.7389052,0.6368000756,-0.06683529477,0.3541485149,0.8812892796,-0.4725265221,-0.004484429478,0.005270806884
9.654951096,161.7638972,0.6367937206,-0.06718131829,0.3540679112,0.8811571935,-0.4727725129,-0.00453491981,0.005252238481
9.679944277,161.7888904,0.636791752,-0.06748575033,0.3539969253,0.8810420405,-0.4729868624,-0.004572902122,0.005238271369
9.704942465,161.8138885,0.6367959982,-0.06778573331,0.3539281504,0.8809288629,-0.4731974861,-0.004602813904,0.005224148508
9.729906082,161.8388522,0.6367961422,-0.06807183457,0.3538603071,0.8808232031,-0.4733939335,-0.004630742614,0.0052177385
9.749918461,161.8588645,0.6367891084,-0.06829536324,0.3538068675,0.8807442711,-0.4735405112,-0.004650879358,0.005223262641
9.769948483,161.8788946,0.6367820669,-0.06852066906,0.3537563007,0.8806650575,-0.4736875836,-0.004667304935,0.005229329234
9.794917583,161.9038637,0.6367717307,-0.06882062604,0.3536840908,0.8805583651,-0.4738855409,-0.004697069907,0.005234237281
9.814927578,161.9238737,0.6367636998,-0.06906739567,0.3536220819,0.8804698907,-0.4740496047,-0.004724787772,0.005236437729
9.834935665,161.9438818,0.6367548071,-0.06932828123,0.3535518791,0.8803765994,-0.4742224748,-0.00475766494,0.005239484357
9.854944468,161.9638906,0.6367515852,-0.06960159475,0.3534848936,0.8802768992,-0.4744072691,-0.004785228658,0.00523691325
9.874945641,161.9838917,0.6367540817,-0.06988608261,0.353421815,0.8801713755,-0.4746028824,-0.004806942363,0.005229440332
9.899942636,162.0088887,0.6367580395,-0.07027742757,0.353339509,0.8800227344,-0.4748783084,-0.004840764684,0.005210190627
9.91994524,162.0288913,0.6367584682,-0.07060643001,0.3532698072,0.8798970861,-0.4751109346,-0.004873590751,0.005192851326
9.944941759,162.0538878,0.636758181,-0.07102923978,0.3531920828,0.8797361084,-0.4754088412,-0.004904604922,0.005172816315
9.964952469,162.0738986,0.6367535052,-0.07137920646,0.3531313122,0.8796033314,-0.4756543593,-0.004930308259,0.005157708344
9.984957218,162.0939033,0.6367469318,-0.07173842471,0.3530658494,0.879465953,-0.4759081763,-0.004963189986,0.00513925946
10.00992584,162.1188719,0.6367466317,-0.07218804588,0.3529804102,0.8792948644,-0.4762240795,-0.00499730601,0.005118050948
10.02993655,162.1388826,0.6367587591,-0.07253529339,0.3529142517,0.8791630277,-0.4764674635,-0.005010759724,0.005100903145
10.04994726,162.1588933,0.6367810564,-0.07290249175,0.352861849,0.8790216761,-0.4767285016,-0.005005545321,0.005076729432
10.06997347,162.1789196,0.6368074889,-0.07327349676,0.3527955265,0.8788754709,-0.4769982493,-0.005016400277,0.005041084055
10.09488463,162.2038307,0.6368656083,-0.07371981458,0.3527147093,0.878696877,-0.4773277573,-0.005011253046,0.004989772631
10.11492777,162.2238739,0.6369434857,-0.07406505472,0.352674973,0.8785540933,-0.477591533,-0.004967491,0.004935249157
10.13493586,162.2438819,0.6370441537,-0.07441254437,0.3526596843,0.8784068735,-0.4778637365,-0.004890008194,0.00486845006
10.15495896,162.263905,0.6371600068,-0.07475404474,0.3526620524,0.8782558476,-0.4781430167,-0.004798185143,0.004785308962
10.17498279,162.2839289,0.6372820348,-0.0751072104,0.3526541731,0.8780972065,-0.4784360354,-0.004715573013,0.004692475214
10.19498682,162.3039329,0.6374101203,-0.07546475515,0.352647937,0.8779356547,-0.4787342144,-0.004627523651,0.004596104201
10.21988726,162.3288333,0.6376001084,-0.07590919825,0.3526474516,0.8777306731,-0.4791124907,-0.004492584663,0.004461325704
10.23994803,162.3488941,0.6377745128,-0.07626902451,0.352655753,0.877560714,-0.4794260118,-0.004365766651,0.004339638866
10.2649622,162.3739083,0.6380009003,-0.07671217391,0.3526572661,0.8773456358,-0.4798222719,-0.004219227344,0.004173820644
10.28994203,162.3988881,0.6382143058,-0.07715874782,0.3526497332,0.8771314953,-0.4802161176,-0.004086350479,0.004015232747
10.31491303,162.4238591,0.6384425018,-0.07763568064,0.3526680905,0.8769033606,-0.4806353303,-0.003918938135,0.003849334573
10.33992529,162.4488714,0.6386944767,-0.07811251904,0.3526860367,0.8766711712,-0.4810615521,-0.003738382435,0.003669497297
10.36492085,162.4738669,0.6389719538,-0.07862094613,0.3527323433,0.8764181513,-0.4815254713,-0.003527036642,0.003464770481
10.38493419,162.4938803,0.639197558,-0.07905444868,0.3527950823,0.8762031151,-0.4819192069,-0.003334621216,0.003295352362
10.40980124,162.5187473,0.6394750604,-0.07966470657,0.3529095452,0.8759061437,-0.4824619713,-0.003065284989,0.003078597298
10.42980361,162.5387497,0.6396997276,-0.08017213966,0.3530015727,0.8756581454,-0.4829143708,-0.002851402681,0.002896946663
10.44985342,162.5587995,0.6399180693,-0.08068178479,0.3530825239,0.8754086991,-0.4833685979,-0.002652721619,0.00271497945
10.47484326,162.5837893,0.6401676044,-0.08132849845,0.3531763645,0.8750972942,-0.4839345125,-0.002420528842,0.002500856409
10.49484539,162.6037915,0.6403465132,-0.08186934857,0.3532554392,0.8748430877,-0.4843955779,-0.002238302851,0.002342221209
10.51487041,162.6238165,0.640522703,-0.0824211721,0.3533568017,0.8745848006,-0.4848633778,-0.00203729497,0.002186525365
10.53985691,162.648803,0.6407159001,-0.0831170546,0.3534927377,0.8742634063,-0.4854443959,-0.001793464091,0.002004609322
10.55990005,162.6688461,0.6408254273,-0.08366484257,0.3536002183,0.8740174288,-0.4858881965,-0.001624184478,0.001885914443
10.57991934,162.6888654,0.6408976738,-0.08416867602,0.3536800188,0.8737976232,-0.4862841157,-0.001495590227,0.001798797863
10.60490108,162.7138472,0.640937427,-0.08481348255,0.3537510452,0.8735283989,-0.4867681732,-0.001379846966,0.001725644698
10.6249373,162.7338834,0.6409313341,-0.08533072807,0.3537827712,0.8733194034,-0.4871433317,-0.001325741522,0.001684163691
10.64984536,162.7587914,0.6408968872,-0.08598102234,0.3537881572,0.873062868,-0.4876031285,-0.001294907034,0.001655532996
10.66993809,162.7788842,0.6408427182,-0.08653517996,0.3537548298,0.8728478859,-0.487987846,-0.001316938079,0.001641909487
10.6949563,162.8039024,0.6407663235,-0.08719115229,0.3536943917,0.8725957048,-0.4884385273,-0.001366000884,0.001635570435
10.71988225,162.8288283,0.6406776258,-0.08789054589,0.3536218857,0.8723282511,-0.4889158616,-0.001427149463,0.00163277882
10.73991704,162.8488631,0.6406061207,-0.08843523424,0.3535588623,0.87211974,-0.4892875465,-0.00148213387,0.001630685888
10.76487327,162.8738194,0.6404991889,-0.08918569242,0.3534736433,0.8718330638,-0.4897978624,-0.001570967632,0.001641645457
10.78993201,162.8988781,0.6403857544,-0.08995840278,0.3534108932,0.8715380572,-0.4903222722,-0.001649321591,0.001662505865
10.81494522,162.9238913,0.6402656558,-0.09079576473,0.3533760843,0.8712173607,-0.4908916324,-0.001700613727,0.001680375941
10.83991933,162.9488654,0.6401364052,-0.09167514938,0.3533455711,0.8708803802,-0.4914889347,-0.001755672975,0.001705265042
10.86490035,162.9738464,0.6400007585,-0.09257479515,0.3533125289,0.8705353382,-0.4920994875,-0.001818532499,0.001735566039
10.88494229,162.9938884,0.6398935313,-0.09329352354,0.3532893222,0.8702591715,-0.4925875254,-0.001857144936,0.001747907861
10.9049747,163.0139208,0.6397894025,-0.09400992793,0.3532780463,0.8699830449,-0.4930749742,-0.001875319006,0.001747709693
10.92987823,163.0388243,0.6396661552,-0.09487517061,0.353262994,0.8696482699,-0.4936651183,-0.001895186766,0.001745278381
10.95486188,163.063808,0.6395424586,-0.09569789645,0.3532394854,0.8693303898,-0.4942245679,-0.001928756863,0.001740619763
10.97494531,163.0838914,0.6394494964,-0.09630608738,0.3532235956,0.869095414,-0.4946375661,-0.00195274614,0.001739622485
10.99985504,163.1088011,0.6393391399,-0.0970358037,0.3532106574,0.868812848,-0.4951336553,-0.001973780786,0.00173285243
11.0198853,163.1288314,0.6392573956,-0.09758114775,0.3532005728,0.8686011543,-0.4955048808,-0.001986702065,0.001732330316
11.044945,163.1538911,0.639150095,-0.09827251816,0.35318411,0.8683330645,-0.495974451,-0.002011530517,0.001728191653
11.06988764,163.1788337,0.6390458393,-0.09892705982,0.3531765663,0.8680791347,-0.4964186454,-0.002040484754,0.001726493156
11.08989406,163.1988401,0.6389636231,-0.09944119803,0.3531757608,0.8678794658,-0.4967675731,-0.002058571719,0.001724331408
11.11495113,163.2238972,0.6388689321,-0.1000396063,0.353178663,0.8676467789,-0.4971738446,-0.002069751224,0.001717971348
11.13988113,163.2488272,0.6387720277,-0.1006438149,0.3531872089,0.8674117069,-0.4975838411,-0.002080295993,0.001710033651
11.15992427,163.2688704,0.6386912645,-0.1011451903,0.3531938341,0.8672165031,-0.4979239624,-0.002088816173,0.001703312369
11.17994189,163.288888,0.6386040738,-0.1016817523,0.3531954688,0.8670073779,-0.4982879714,-0.002103429162,0.001697019439
11.19995284,163.3088989,0.6385184987,-0.1022052785,0.3531945023,0.866803179,-0.4986430447,-0.002119869225,0.001693808505
11.21998477,163.3289309,0.6384258018,-0.1027710737,0.3531956542,0.8665821964,-0.4990269626,-0.002134991851,0.001682058647
11.24490476,163.3538508,0.638319141,-0.1034192074,0.353201227,0.8663287778,-0.4994667768,-0.002153277954,0.001658599058
11.26494241,163.3738885,0.6382267177,-0.103971933,0.3532050442,0.8661125836,-0.4998415397,-0.002172112165,0.001646089985
11.28494692,163.393893,0.6381431986,-0.1044676191,0.3532061947,0.8659186257,-0.5001774088,-0.002191875607,0.001639815138
11.30495858,163.4139047,0.6380521498,-0.1050099044,0.3532058041,0.8657061573,-0.5005450063,-0.002206793864,0.00163583996
11.32496619,163.4339123,0.6379637049,-0.1055393438,0.3532104663,0.8654984827,-0.5009040192,-0.002216762469,0.001620457006
11.34996223,163.4589083,0.6378508669,-0.1062191235,0.3532164161,0.8652314322,-0.5013652063,-0.002220684766,0.0016022403
11.37494588,163.483892,0.6377360534,-0.1069056263,0.3532234816,0.8649615198,-0.5018307788,-0.002226170733,0.001575685398
11.39494753,163.5038936,0.6376448141,-0.1074492256,0.3532315486,0.8647474578,-0.5021996125,-0.002227697641,0.001555894777
11.41995502,163.5289011,0.6375310693,-0.1081225595,0.3532478548,0.8644820348,-0.5026564807,-0.002229329501,0.001517915579
11.44493651,163.5538826,0.6374196782,-0.1087776008,0.3532638332,0.8642236053,-0.5031007757,-0.002230897487,0.001480740266
11.46995926,163.5789053,0.6373098053,-0.1094198818,0.3532821648,0.8639699417,-0.5035363739,-0.002231631854,0.001442145633
11.48998356,163.5989296,0.6372177134,-0.1099554633,0.3532949213,0.8637583085,-0.5038993918,-0.002231035721,0.001417721447
11.51493835,163.6238844,0.6371048797,-0.1106073747,0.3533078049,0.8635003905,-0.50434132,-0.002232365441,0.001387450139
11.53994727,163.6488934,0.636993207,-0.1112487095,0.3533185217,0.8632463413,-0.5047761061,-0.002235846383,0.001355691133
11.55995488,163.668901,0.6369096889,-0.1117251128,0.3533278991,0.8630574571,-0.5050990486,-0.00223870309,0.001328551006
11.58495259,163.6938987,0.6368058504,-0.1123163699,0.3533416662,0.8628228894,-0.5054997136,-0.002239096843,0.001299083022
11.60993791,163.718884,0.6367081609,-0.1128696424,0.3533573786,0.862603121,-0.5058747299,-0.00223935315,0.00126437809
11.62997627,163.7389224,0.6366318595,-0.1132994743,0.3533718902,0.8624322849,-0.5061660005,-0.002239848623,0.001231649867
11.65492368,163.7638698,0.636545861,-0.1137799995,0.3533981341,0.8622410232,-0.5064918702,-0.002239361204,0.001178388872
11.67495751,163.7839036,0.636482179,-0.1141362812,0.3534175751,0.8620992206,-0.5067332835,-0.002237704398,0.001142800674
11.69994521,163.8088913,0.6364050792,-0.1145654126,0.3534340234,0.8619282576,-0.5070241057,-0.002238426714,0.00110653477
11.72492719,163.8338733,0.6363383681,-0.1149357831,0.3534330434,0.8617806227,-0.5072750033,-0.00224609998,0.001088268152
11.74996471,163.8589108,0.6362720898,-0.1152988565,0.3534265723,0.8616358031,-0.5075209151,-0.002255924682,0.001083646118
11.76997852,163.8789246,0.6362202618,-0.1155806794,0.3534300448,0.8615233397,-0.5077118028,-0.002260134796,0.001073411768
11.79492974,163.9038758,0.6361560234,-0.1159324984,0.3534301931,0.8613829127,-0.5079500096,-0.002264427148,0.001066633651
11.81989145,163.9288375,0.6360969402,-0.1162531641,0.3534177493,0.8612548544,-0.5081670508,-0.002277121009,0.001067239986
11.84493446,163.9538805,0.6360385483,-0.1165691948,0.3534114418,0.8611285893,-0.5083809493,-0.002285256669,0.001067984734
11.86496902,163.9739151,0.6359886098,-0.116840925,0.3534132921,0.8610200314,-0.5085647903,-0.002286333854,0.001064081372
11.88993335,163.9988794,0.6359256582,-0.1171822266,0.3534120406,0.8608835078,-0.5087958528,-0.002289004527,0.001061466189
11.90997458,164.0189207,0.6358761768,-0.1174500406,0.353406718,0.8607763538,-0.5089770933,-0.00229382899,0.00106097274
11.93493199,164.0438781,0.6358162444,-0.1177733872,0.353403852,0.8606468691,-0.509196,-0.00229719621,0.001059759189
11.95996308,164.0689092,0.6357534873,-0.1181112726,0.3534043493,0.8605114906,-0.50942475,-0.002298479371,0.001056207807
11.98494887,164.093895,0.6356847611,-0.1184803698,0.3534003015,0.860363497,-0.5096746404,-0.002303054614,0.001053553989
12.0049572,164.1139033,0.6356266952,-0.1187903039,0.3533949475,0.8602392706,-0.509884259,-0.002308442601,0.001053946201
12.02993631,164.1388824,0.635549838,-0.1191964078,0.3533886005,0.8600763799,-0.510158943,-0.002315973599,0.001053447593
12.04997158,164.1589177,0.6354881852,-0.1195237404,0.3533873274,0.8599448899,-0.5103805505,-0.00231916083,0.001049507339
12.07494617,164.1838923,0.6354169482,-0.1199012669,0.3533860274,0.8597932494,-0.5106359548,-0.002322081071,0.00104775045
12.09494996,164.203896,0.6353589747,-0.120204457,0.3533844073,0.8596714381,-0.5108409758,-0.00232660504,0.001050202479
12.11993527,164.2288814,0.6352823729,-0.1206063225,0.3533828997,0.8595099063,-0.511112694,-0.002330469961,0.001050707506
12.13995576,164.2489018,0.6352181843,-0.1209433489,0.353382597,0.859374373,-0.5113405394,-0.002331866024,0.001049915775
12.1649518,164.2738979,0.6351450911,-0.1213262361,0.3533814513,0.8592201583,-0.5115996202,-0.002333724834,0.001049736684
12.18497086,164.2939169,0.635088943,-0.1216168529,0.3533809769,0.8591030582,-0.5117962193,-0.002336748655,0.001051210129
12.20992756,164.3188736,0.6350205157,-0.1219718636,0.3533809767,0.8589601261,-0.5120360578,-0.002338945812,0.001051926795
12.22994065,164.3388867,0.6349664954,-0.1222516499,0.3533791922,0.8588472453,-0.5122253595,-0.002341564436,0.00105239398
12.2549355,164.3638816,0.6349029462,-0.1225791711,0.353375174,0.8587151826,-0.5124466969,-0.002347049947,0.001053222648
12.27494645,164.3838925,0.6348522584,-0.1228357143,0.353374187,0.8586116696,-0.5126200805,-0.002352935655,0.00105716799
12.2949729,164.403919,0.6347996617,-0.1231032661,0.3533739007,0.8585036775,-0.5128008932,-0.002357163006,0.001059934252
12.3199482,164.4288943,0.6347346666,-0.1234336462,0.3533732319,0.858370372,-0.5130239687,-0.002362138002,0.001064012735
12.34494376,164.4538898,0.6346687992,-0.1237660003,0.3533721793,0.8582360483,-0.5132486091,-0.002368538241,0.001068003638
12.36995864,164.4789047,0.6346038988,-0.1240890803,0.3533718907,0.858105455,-0.5134668613,-0.002377830078,0.001075362748
12.39491463,164.5038607,0.6345305071,-0.124443752,0.3533709656,0.8579623696,-0.5137057806,-0.002397511889,0.001093243365
12.41994882,164.5288949,0.6344472,-0.1248279635,0.3533683707,0.8578074749,-0.5139641215,-0.002437600004,0.001129624687
12.44496107,164.5539072,0.6343541995,-0.1252513793,0.3533683413,0.8576367317,-0.5142486683,-0.002483895236,0.001172137929
12.46993685,164.5788829,0.6342543041,-0.1257191357,0.3533683043,0.8574477472,-0.5145634671,-0.002519566899,0.001204546568
12.48995018,164.5988963,0.6341708012,-0.1261203763,0.3533676398,0.8572853523,-0.5148338388,-0.002539385168,0.001222584233
12.51490736,164.6238534,0.6340575053,-0.1266704766,0.3533668443,0.8570624024,-0.5152047759,-0.002557977412,0.001238512615
12.53496456,164.6439106,0.63395921,-0.1271490915,0.3533669704,0.8568680915,-0.515527795,-0.002570613764,0.001248326181
12.55993676,164.6688828,0.6338386872,-0.1277416502,0.3533669262,0.8566272368,-0.5159278407,-0.002580432656,0.001257669694
12.58493471,164.6938808,0.633698956,-0.1284265039,0.3533652271,0.8563484617,-0.5163903779,-0.002588558152,0.001260621029
12.60987735,164.7188234,0.633563323,-0.1290878664,0.3533643964,0.8560790792,-0.5168367865,-0.002596364496,0.001266935521
12.62994242,164.7388885,0.6334337705,-0.1297147801,0.3533637712,0.8558234035,-0.5172599972,-0.002604135536,0.001271140784
12.65495133,164.7638974,0.6332782839,-0.1304677133,0.353363777,0.8555159514,-0.5177682972,-0.002611167185,0.001276418096
12.6798954,164.7888415,0.6330984252,-0.1313332752,0.3533625734,0.8551620296,-0.5183525947,-0.002617825675,0.001279729554
12.70494938,164.8138955,0.6329176058,-0.1321942888,0.3533619032,0.8548095022,-0.5189336804,-0.00262677321,0.001284635476
12.72995877,164.8389049,0.6327216376,-0.1331186885,0.3533618147,0.8544305336,-0.519557344,-0.002638265453,0.001291923752
12.75493598,164.8638821,0.6325264547,-0.1340419135,0.3533595923,0.8540517505,-0.5201797279,-0.002643490825,0.001292285546
12.77993488,164.888881,0.6323275253,-0.1349749144,0.3533552908,0.8536680817,-0.5208091039,-0.002649312476,0.001290196659
12.80482697,164.9137731,0.6321234607,-0.1359226092,0.3533503306,0.8532775787,-0.5214486067,-0.002657253497,0.001289618092
12.82489967,164.9338458,0.6319590782,-0.1366862927,0.3533478198,0.8529622988,-0.52196414,-0.002662084223,0.001291018104
12.84493065,164.9538767,0.631792519,-0.137451577,0.3533465113,0.8526461873,-0.5224803391,-0.002666265537,0.001290603399
12.86493278,164.9738789,0.6316251389,-0.1382188846,0.3533436667,0.8523287205,-0.522998051,-0.002670109809,0.001288945774
12.88495278,164.9938989,0.6314693815,-0.1389297156,0.3533377907,0.8520341952,-0.5234777055,-0.002676256553,0.001288251982
12.90496254,165.0139086,0.6313097266,-0.139651823,0.353334631,0.85173488,-0.5239645514,-0.002680904304,0.001286764333
12.92988896,165.038835,0.6311172623,-0.1405217785,0.3533335313,0.8513734502,-0.5245516169,-0.002683240864,0.001284396903
12.94995475,165.0589008,0.6309692953,-0.1411876274,0.3533323386,0.8510964709,-0.5250008975,-0.002684983716,0.001282864481
12.96996164,165.0789077,0.6308277946,-0.1418230753,0.3533300185,0.8508318264,-0.5254296731,-0.002687569256,0.001280196903
12.99484658,165.1037927,0.6306629965,-0.1425539981,0.3533213098,0.8505272131,-0.5259225769,-0.002695864032,0.001278737729
13.01493001,165.1238761,0.6305392351,-0.14310018,0.3533156481,0.8502993427,-0.5262908874,-0.002701540184,0.001277179169
13.03982973,165.1487758,0.6303885155,-0.1437638682,0.3533112991,0.8500222031,-0.5267383657,-0.002705752986,0.001275631611
13.05992794,165.168874,0.6302792317,-0.1442569383,0.3533060669,0.8498155987,-0.527071618,-0.002708969119,0.001272498869
13.08492851,165.1938746,0.6301409071,-0.1448652804,0.353285402,0.849560791,-0.5274821504,-0.002726546366,0.001268547897
13.10990977,165.2188559,0.6300167124,-0.1454325248,0.3532656466,0.8493223475,-0.5278659346,-0.002739587243,0.001264831233
13.12993741,165.2388835,0.6299033044,-0.1459361212,0.3532509501,0.8491106749,-0.5282063087,-0.002751572706,0.001259443983
13.15490222,165.2638483,0.629778412,-0.1465206602,0.3532393284,0.8488634768,-0.5286034677,-0.002757233617,0.001252756765
13.17493558,165.2838817,0.629668873,-0.1470497656,0.3532289738,0.8486387686,-0.5289641573,-0.002760031545,0.001242191144
13.19496131,165.3039074,0.6295632115,-0.1475609168,0.3532241352,0.8484212434,-0.5293130155,-0.002758278962,0.00123178551
13.21994376,165.3288898,0.6294236415,-0.1482843771,0.3532271469,0.8481111511,-0.5298098609,-0.002742591522,0.001210317984
13.2399497,165.3488958,0.6293091351,-0.1488645679,0.3532253562,0.8478626298,-0.5302075618,-0.002734499113,0.001193753578
13.25995517,165.3689013,0.62919734,-0.1494578976,0.3532133806,0.8476070082,-0.5306161717,-0.002731853978,0.001172569018
13.27995563,165.3889017,0.6290831076,-0.1500624414,0.3531887375,0.8473461543,-0.5310326448,-0.002739347363,0.001149351383
13.30495119,165.4138973,0.6289386007,-0.1508276783,0.3531473304,0.8470154734,-0.5315599089,-0.002757074459,0.001117832033
13.32495451,165.4339006,0.6288196624,-0.1514453797,0.3531067142,0.846748534,-0.531984969,-0.002778085728,0.001093180116
13.34995604,165.4589021,0.6286589895,-0.152231728,0.3530424711,0.8464099059,-0.5325234148,-0.002819437592,0.001065206639
13.37495446,165.4839005,0.6285043199,-0.1529605736,0.3529751881,0.8460964358,-0.5330211248,-0.002866276296,0.001042254361
13.39992499,165.5088711,0.6283472908,-0.1536883416,0.3529294065,0.845783498,-0.5335174253,-0.002895840318,0.001022450016
13.41994476,165.5288908,0.6282423076,-0.1542166897,0.3529081735,0.8455543287,-0.5338805532,-0.002902729424,0.001003086631
13.4448545,165.5538006,0.6281006078,-0.1549120509,0.3528831247,0.845253011,-0.5343574791,-0.002910676317,0.0009796206857
13.46986198,165.5788081,0.6279800053,-0.1555312598,0.3528634089,0.8449833922,-0.5347837614,-0.002912378358,0.0009557818761
13.48993111,165.5988772,0.6278695498,-0.156077268,0.3528496575,0.844745959,-0.5351587657,-0.002912818132,0.0009358425471
13.50993252,165.6188786,0.6277795655,-0.1565210749,0.3528338994,0.844552885,-0.5354634168,-0.002916741602,0.0009200354395
13.53494477,165.6438909,0.627664976,-0.1570746972,0.3528007694,0.844312064,-0.5358430007,-0.002933943774,0.0008996014441
13.55495358,165.6638997,0.6275787609,-0.157445799,0.3527685719,0.8441520969,-0.5360948541,-0.002958823032,0.000888901882
13.57990932,165.6888554,0.6274928163,-0.1578518666,0.3527359158,0.8439754512,-0.5363728178,-0.002978344692,0.0008761485947
13.59991765,165.7088637,0.6274253305,-0.158161088,0.3527032303,0.8438410377,-0.5365841475,-0.00300160191,0.0008638302103
13.62494874,165.7338948,0.6273502014,-0.1584983919,0.3526732767,0.8436947337,-0.5368140588,-0.00302221319,0.0008536708358
13.64991808,165.7588642,0.6272825772,-0.1588148936,0.352652939,0.8435569998,-0.537030423,-0.003033334662,0.0008435791054
13.66994381,165.7788899,0.627238725,-0.159029885,0.3526476165,0.8434629687,-0.5371781121,-0.003032903815,0.0008353647199
13.69490004,165.8038461,0.6271928267,-0.1592687715,0.3526448378,0.8433579038,-0.5373430876,-0.003028404121,0.0008252295635
13.71490693,165.823853,0.627156999,-0.1594582717,0.3526403627,0.8432744666,-0.537474044,-0.003026452531,0.000816416877
13.73492813,165.8438742,0.6271187188,-0.1596598714,0.3526354665,0.843185679,-0.5376133476,-0.003024486701,0.0008072752802
13.75989795,165.868844,0.6270677043,-0.1599224821,0.3526361454,0.8430702558,-0.5377943944,-0.00301636626,0.0007966487746
13.77989888,165.888845,0.6270299824,-0.1601209059,0.3526407186,0.842982839,-0.5379314761,-0.003006333477,0.0007887471101
13.79992414,165.9088702,0.6270015262,-0.1603024279,0.3526478682,0.8429019417,-0.5380583255,-0.002991471856,0.0007785747604
13.82490754,165.9338536,0.6269695438,-0.1605359863,0.3526638058,0.8427968769,-0.5382230519,-0.002964712778,0.0007624365703
13.84491611,165.9538622,0.6269445498,-0.1607472435,0.3526875552,0.8427010747,-0.5383732459,-0.002930905302,0.0007460698411
13.86497021,165.9739163,0.6269202346,-0.1609958735,0.3527204541,0.8425873314,-0.5385515233,-0.002884711696,0.0007237523976
13.88990235,165.9988484,0.6268994742,-0.161310093,0.3527652464,0.842441687,-0.5387797173,-0.002818624872,0.0006896338849
13.9149847,166.0239308,0.6268813853,-0.1616185167,0.3528064872,0.8422980984,-0.5390045408,-0.002755004042,0.0006543559743
13.93990254,166.0488486,0.6268597203,-0.1619341088,0.3528430648,0.8421517273,-0.5392335441,-0.00269599191,0.0006200956539
13.95991683,166.0688629,0.6268325998,-0.1622385774,0.3528729518,0.8420114612,-0.5394528219,-0.002646463955,0.0005901345365
13.98494935,166.0938954,0.6267926917,-0.1626491395,0.3529113444,0.8418227491,-0.5397476111,-0.00258296372,0.0005508765734
14.00993633,166.1188824,0.6267516737,-0.1630843123,0.352947862,0.8416223457,-0.5400603922,-0.002518419367,0.0005074766781
14.03491974,166.1438658,0.626704507,-0.1635183731,0.3529732503,0.8414232067,-0.5403708785,-0.002466233345,0.0004672716537
14.0599401,166.1688862,0.6266440054,-0.1639791805,0.352997038,0.8412135623,-0.5406974281,-0.002418163983,0.0004304050319
14.08492875,166.1938748,0.6265841424,-0.1644334511,0.3530095663,0.8410066994,-0.5410193274,-0.002379891338,0.0003929934744
14.10989594,166.218842,0.6265215116,-0.1649033559,0.3530075422,0.8407925084,-0.5413522837,-0.002353019057,0.0003528235468
14.12990189,166.238848,0.6264579206,-0.1653005808,0.3529934548,0.8406132689,-0.5416306159,-0.002345613069,0.0003238538974
14.14990306,166.2588491,0.6263950475,-0.165703898,0.3529830625,0.8404307287,-0.5419138836,-0.002333282628,0.0002955087213
14.16990495,166.278851,0.6263249406,-0.1661078787,0.3529751433,0.8402491707,-0.5421954116,-0.002322160352,0.0002707838098
14.1899333,166.2988794,0.6262386316,-0.1665297275,0.3529679161,0.8400617692,-0.5424857534,-0.002316173114,0.0002516604565
14.21493959,166.3238857,0.6261311467,-0.1670513465,0.3529629593,0.8398300139,-0.5428445284,-0.002305087981,0.0002318294258
14.23991823,166.3488643,0.6260030701,-0.1676423202,0.3529552367,0.8395682462,-0.5432493318,-0.00229720078,0.0002120010131
14.26489401,166.3738401,0.6258580559,-0.1682565622,0.3529533863,0.8392979372,-0.5436668928,-0.002290121785,0.0001958841239
14.28990865,166.3988547,0.6257209127,-0.1688671924,0.3529559953,0.8390277041,-0.5440839149,-0.002274766221,0.000178291419
14.30991864,166.4188647,0.6255958295,-0.1693673321,0.352948555,0.8388081698,-0.5444222978,-0.00227695241,0.0001680033934
14.33486938,166.4438155,0.6254662189,-0.1699071488,0.3529517375,0.8385702738,-0.544788708,-0.002265702009,0.0001588359266
14.35487843,166.4638245,0.6253576951,-0.1703728633,0.35296145,0.8383642621,-0.5451057544,-0.002249199011,0.0001461138702
14.37990642,166.4888525,0.6252418183,-0.1708744563,0.3529738923,0.8381417744,-0.5454478679,-0.002229151866,0.0001318311889
14.40486121,166.5138073,0.6251380511,-0.171344135,0.3529797906,0.8379324717,-0.5457694299,-0.002211642596,0.0001183944834
14.42488146,166.5338275,0.6250560096,-0.1716855958,0.3529835379,0.8377813115,-0.5460014747,-0.002203247385,0.0001097185982
14.44497395,166.55392,0.6249888569,-0.1719982375,0.3529995395,0.8376415462,-0.5462159551,-0.002180657947,9.949410704e-05
14.46986151,166.5788076,0.6249201132,-0.1723694839,0.3530262605,0.8374735343,-0.5464736744,-0.002141612283,8.197422436e-05
14.48986983,166.5988159,0.6248682599,-0.1726576268,0.3530493242,0.837342629,-0.5466743554,-0.002108962312,6.664880799e-05
14.50988102,166.6188271,0.6248109764,-0.1729749496,0.3530719917,0.8371985641,-0.5468950925,-0.002075372948,4.95166758e-05
14.53488207,166.6438282,0.6247258197,-0.1734156875,0.3530974418,0.8369989981,-0.5472003653,-0.002036218705,2.816287189e-05
14.55986404,166.6688101,0.6246376566,-0.1738590062,0.3531266325,0.8367978862,-0.5475061456,-0.001994703233,8.094196025e-06
14.58490849,166.6938546,0.6245512498,-0.1742946774,0.3531555459,-0.8366016234,0.5478082463,0.001953890612,1.164283924e-05
14.60989952,166.7188456,0.6244769828,-0.1747160901,0.3531859856,-0.8364091822,0.5481022228,0.001907578586,3.574545153e-05
14.63492513,166.7438712,0.6244208946,-0.1751860451,0.3532404534,-0.8361896768,0.5484373092,0.001825971825,7.774566344e-05
14.65982389,166.76877,0.624404056,-0.1757320425,0.3533454815,-0.8359257855,0.548839923,0.001672952219,0.000153035863
14.68481946,166.7937655,0.6244394843,-0.1763327163,0.3535098132,-0.8356259007,0.5492970197,0.001437686356,0.0002642873413
14.70981455,166.8187606,0.6245344916,-0.1769737541,0.3537345484,-0.8352954413,0.5498000578,0.001117951561,0.000414140862
14.73483491,166.843781,0.6246808011,-0.177662232,0.3540181617,-0.8349323569,0.5503517828,0.0007177861414,0.0005992528062
14.75492859,166.8638747,0.624843853,-0.178224877,0.3542820688,-0.8346275203,0.5508141115,0.0003424817224,0.0007742745877
14.77990818,166.8888543,0.6251273784,-0.1789164453,0.3546547446,-0.8342374761,0.5514043153,-0.0001987955294,0.001036820567
14.80490613,166.9138522,0.6254754131,-0.1796017562,0.3550791387,-0.8338382401,0.5520066559,-0.0008131605159,0.001334118514
14.82989407,166.9388402,0.625892554,-0.1802930086,0.3555818845,-0.8334229975,0.5526309739,-0.001527018759,0.001667974561
14.84991193,166.958858,0.6262628661,-0.1808483992,0.356014375,-0.8330822437,0.5531415406,-0.002141243794,0.001956077436
14.87487125,166.9838173,0.6267667796,-0.1815326004,0.3565737207,-0.8326526458,0.5537828495,-0.00294217854,0.002338945106
14.89490342,167.0038495,0.6271906264,-0.1821051141,0.3570090382,-0.8322920773,0.5543193349,-0.003587131175,0.002665599433
14.91983771,167.0287838,0.627718774,-0.1828323908,0.357491399,-0.8318344177,0.5549983238,-0.004342869345,0.003082476638
14.93988395,167.04883,0.6281286934,-0.1834188414,0.3578144175,-0.8314676075,0.5555412168,-0.004889774338,0.003415299648
14.95990396,167.06885,0.6285430307,-0.1839990424,0.3580877156,-0.8311022579,0.556080746,-0.00539720098,0.003756470858
14.98485303,167.0937991,0.6290643368,-0.1847092177,0.3583641593,-0.8306515829,0.5567447039,-0.005977106708,0.004190055272
15.00490594,167.113852,0.6294784961,-0.1852559446,0.3585202358,-0.8303014177,0.5572595592,-0.006382769907,0.004538675541
15.02983999,167.1387861,0.6299960014,-0.1859459624,0.3586412473,-0.8298595749,0.5579082536,-0.006829363543,0.004982603559
15.04984832,167.1587944,0.6304040855,-0.186499666,0.358717936,-0.8295059242,0.5584264265,-0.007169741424,0.00533316553
15.0748961,167.1838422,0.6309115273,-0.1871974678,0.3587578395,-0.8290608789,0.5590775454,-0.00754995804,0.005775414469
15.09979224,167.2087383,0.6314531105,-0.1879433129,0.3588380067,-0.8285840641,0.5597728957,-0.00798769958,0.006241045112
15.11981654,167.2287626,0.6318825674,-0.1885431753,0.3588499964,-0.8282008179,0.5603311063,-0.008291041926,0.006611747474
15.14482093,167.253767,0.6324280102,-0.189333685,0.3589138956,-0.8276991444,0.5610597424,-0.008720151086,0.00707465665
15.1648562,167.2738023,0.63285374,-0.1899652677,0.3589377813,-0.8272993242,0.5616397889,-0.009018135036,0.007432964345
15.18981266,167.2987587,0.6333591336,-0.1907136986,0.3589622004,-0.826823693,0.5623284894,-0.009355225057,0.007856878704
15.21478653,167.3237326,0.6337820659,-0.1914042247,0.3588941934,-0.8263905082,0.5629584711,-0.009481282295,0.008160456333
15.23479104,167.3437371,0.6340106319,-0.1919217066,0.3587737878,-0.8260803314,0.5634160098,-0.009303893336,0.008192892293
15.25479412,167.3637402,0.6341430456,-0.1924536113,0.3586297871,-0.8257788664,0.5638652787,-0.008937927178,0.008082366479
15.2748735,167.3838196,0.6341984202,-0.1929886647,0.3584740958,-0.8254889373,0.5643005356,-0.008443470094,0.007850329494
15.29488111,167.4038272,0.6341815183,-0.1935146967,0.3582760022,-0.8252153213,0.5647146651,-0.007788257957,0.007507566981
15.31990099,167.4288471,0.6340604902,-0.1941858998,0.3580318519,-0.8248826324,0.5652205784,-0.006809205903,0.006926422316
15.33990598,167.4488521,0.6338650333,-0.1947074064,0.3578090789,-0.8246406493,0.565590566,-0.005891362863,0.006356342428
15.36486816,167.4738142,0.6335598736,-0.1953355069,0.3575261006,-0.8243617819,0.566015102,-0.004764936417,0.005643778116
15.38991833,167.4988644,0.6332146716,-0.1959235697,0.3572321099,-0.8241109741,0.5663946923,-0.003681027264,0.00496034181
15.41488051,167.5238266,0.6328294742,-0.1965605117,0.3569873295,-0.8238400467,0.5668007422,-0.002575063432,0.004226717736
15.43991351,167.5488596,0.6324569112,-0.1971455344,0.3568107783,-0.8235912414,0.5671712799,-0.001499390511,0.00345805615
15.4648962,167.5738423,0.6320999425,-0.197750118,0.3566606579,-0.8233304222,0.5675552193,-0.0005579925555,0.00278883839
15.48493052,167.5938766,0.6318749201,-0.1981593172,0.3565662387,-0.823151598,0.5678166441,6.695159589e-06,0.002388578163
15.509794,167.6187401,0.631628541,-0.1987220749,0.3564789613,-0.8229014767,0.5681800642,0.0004441814058,0.002092141882
15.5298481,167.6387942,0.6314896797,-0.1991470934,0.3564238114,-0.8227096338,0.5684578395,0.0005357594431,0.002063043883
15.54988098,167.6588271,0.631380731,-0.19954656,0.3563751629,-0.8225264008,0.5687228548,0.000566077308,0.002077016435
15.57480311,167.6837492,0.631229259,-0.2000355955,0.3562896578,-0.8223049542,0.5690428858,0.0006367851356,0.002085888513
15.59480691,167.703753,0.6311114719,-0.2004076662,0.3562304554,-0.8221368907,0.569285596,0.0006852673227,0.0020913167
15.61977601,167.7287221,0.6309495868,-0.2009523346,0.3561906249,-0.8218889995,0.569643361,0.0007112899216,0.002099457174
15.64479804,167.7537441,0.6307533998,-0.201587707,0.3561453689,-0.8216004564,0.5700593643,0.0007451964844,0.002110918618
15.66479969,167.7737458,0.6305915302,-0.2020915218,0.3560972854,-0.8213723763,0.5703878789,0.0007857348182,0.002114152848
15.68977833,167.7987244,0.6303835266,-0.2027343372,0.3560440789,-0.821081227,0.5708068339,0.0008340815505,0.002116923633
15.70982718,167.8187733,0.6302329651,-0.2032020715,0.3560189892,-0.8208691276,0.5711117683,0.0008544279614,0.002119788969
15.73479033,167.8437364,0.6300433643,-0.2037901002,0.3559805133,-0.8206019841,0.5714954835,0.0008851753028,0.002124293506
15.75987029,167.8688164,0.6298691763,-0.2043301768,0.3559233754,-0.8203564159,0.5718478406,0.0009324050742,0.002128077607
15.77987027,167.8888164,0.6297216278,-0.2047944156,0.3558761634,-0.8201446295,0.5721514613,0.0009712782697,0.002132761157
15.79989195,167.908838,0.6295731438,-0.2052512894,0.3558257807,-0.8199364088,0.5724497202,0.001014357095,0.002138824483
15.81989503,167.9288411,0.6294449163,-0.2056421666,0.3557648035,-0.8197584491,0.5727044246,0.001066070633,0.002142594671
15.83991718,167.9488633,0.6293207421,-0.2060198275,0.3556833427,-0.8195862696,0.5729506339,0.001133613471,0.002152396723
15.85992122,167.9688673,0.6292216314,-0.2063218643,0.3556011258,-0.8194482624,0.5731478242,0.001200694625,0.002162206191
15.88489509,167.9938412,0.6291328536,-0.2066132568,0.3555014079,-0.8193137497,0.5733398761,0.001277862453,0.002175585963
15.90991163,168.0188577,0.6290710268,-0.2068112413,0.3553806162,-0.8192222913,0.573470264,0.001375143697,0.002191513109
15.93486691,168.043813,0.629042658,-0.2069065348,0.3552513179,-0.8191774862,0.5735339452,0.001479204119,0.002207182326
15.95491886,168.0638649,0.6290286724,-0.2069543083,0.355138203,-0.8191547371,0.5735661375,0.001571000265,0.002221379809
15.97989368,168.0888398,0.6290203673,-0.206978129,0.3550020174,-0.8191429919,0.5735825333,0.001683365212,0.002236635437
15.99990177,168.1088479,0.6290166837,-0.206986134,0.3548913428,-0.8191387041,0.5735883341,0.001775903542,0.002247776989
16.01991391,168.12886,0.6290133558,-0.2069931367,0.3547735254,-0.8191349008,0.573593408,0.001873651521,0.002259637623
16.04485798,168.1538041,0.6290103173,-0.2070131651,0.3546156208,-0.8191241187,0.5736083007,0.002001156769,0.00227836038
16.0649395,168.1738856,0.6290092763,-0.2070397395,0.3544734975,-0.8191094932,0.5736287,0.002114239492,0.00229843201
16.08495116,168.1938972,0.6290069997,-0.2070644586,0.3543020148,-0.8190958935,0.5736475023,0.002252222703,0.002321175531
16.10989094,168.218837,0.6290019273,-0.2070769315,0.3540402979,-0.8190885247,0.5736570241,0.002466713308,0.002350050674
16.12989807,168.2388442,0.6290008618,-0.2070772088,0.3538156252,-0.8190867145,0.5736586819,0.002651022883,0.002375485345
16.15492558,168.2638717,0.6290036532,-0.207078316,0.3535461971,-0.8190833994,0.5736622118,0.002870446711,0.002410813188
16.17986727,168.2888134,0.6290044782,-0.2070782776,0.3532464031,-0.8190807013,0.5736646334,0.003115605235,0.002446655914
16.19987798,168.3088241,0.6290065709,-0.2070816334,0.3529683183,-0.819076143,0.5736697298,0.003340976237,0.002480098557
16.22483087,168.333777,0.6290098141,-0.2070894439,0.3526199229,-0.819068333,0.5736789957,0.003622756295,0.002520186436
16.24489903,168.3538451,0.6290218109,-0.2071056642,0.3523359502,-0.8190549012,0.5736965249,0.003846377205,0.002563477244
16.26490545,168.3738515,0.6290377239,-0.2071280746,0.352034503,-0.8190373117,0.5737197995,0.004080891269,0.00261152819
16.28490877,168.3938549,0.6290574334,-0.2071553941,0.3517145686,-0.8190162295,0.5737478381,0.004327606477,0.002665687053
16.3099072,168.4188533,0.6290884779,-0.2071995878,0.3513285677,-0.8189834788,0.5737919781,0.004619622775,0.002736142744
16.33487844,168.4438245,0.6291425707,-0.2072692525,0.350947819,-0.8189331362,0.5738611165,0.004891476035,0.002830367357
16.35990214,168.4688482,0.6291974333,-0.2073402051,0.3505537618,-0.8188815897,0.5739317103,0.005173374941,0.002927486823
16.37994504,168.4888911,0.6292354565,-0.2073924004,0.350229642,-0.8188437156,0.5739832089,0.00540862398,0.002998679039
16.40489888,168.513845,0.629315225,-0.2074861113,0.3498756567,-0.8187759509,0.5740770139,0.005641885531,0.003113440466
16.42992043,168.5388665,0.6294070741,-0.2075868864,0.3495538816,-0.8187025165,0.5741790216,0.005843158235,0.003240087252
16.45483899,168.5637851,0.6294956665,-0.2077006415,0.3492353658,-0.8186230119,0.5742896676,0.006038664716,0.003358075041
16.47491121,168.5838573,0.6295765825,-0.2078064142,0.3490105011,-0.8185502427,0.5743914686,0.006162933183,0.003458211429
16.49492145,168.6038675,0.6296651347,-0.2079191378,0.3488159562,-0.8184728002,0.5745001869,0.006256722732,0.003558668049
16.51989317,168.6288393,0.6298177374,-0.2080922657,0.3486003301,-0.8183519803,0.5746705512,0.006324793069,0.003713606456
16.53992248,168.6488686,0.6299684059,-0.2082601592,0.3484160435,-0.818234376,0.5748364816,0.006370355713,0.003865747661
16.5599246,168.6688707,0.6301170146,-0.208442607,0.3482564888,-0.8181100318,0.5750121295,0.006394248303,0.004017507254
16.58488631,168.6938324,0.6302873154,-0.2086479651,0.3480404548,-0.8179689079,0.5752110099,0.006447891782,0.004193377896
16.60993695,168.718883,0.6304822574,-0.2088185971,0.3478165287,-0.8178407087,0.5753911659,0.006505068672,0.00438925385
16.63487124,168.7438173,0.6306740218,-0.2089841769,0.3475975479,-0.8177155561,0.5755669157,0.006559747654,0.004578705385
16.65488505,168.7638311,0.6308024198,-0.2091338713,0.3474282411,-0.8176113875,0.5757132827,0.006606170703,0.004711001586
16.67489457,168.7838407,0.6309264915,-0.2092875411,0.3472812726,-0.8175062091,0.5758612467,0.00663531926,0.00483686344
16.69489622,168.8038423,0.6310513999,-0.2094258991,0.3471546658,-0.8174088338,0.5759982302,0.006650913986,0.004960109694
16.71491361,168.8238597,0.6311741864,-0.2095558239,0.3470293272,-0.8173163141,0.5761282835,0.006667476234,0.005078234499
16.73989677,168.8488429,0.6313204645,-0.2097231656,0.3469168375,-0.8172000898,0.5762920264,0.006655343307,0.005217263768
16.76482463,168.8737707,0.6314410527,-0.2098783612,0.3468592784,-0.8170959132,0.5764391815,0.006613185493,0.005329576085
16.78485036,168.8937964,0.6315361375,-0.2099898501,0.346844362,-0.8170198341,0.5765468726,0.006557238255,0.005412680463
16.8048985,168.9138446,0.6316331555,-0.2100779734,0.3468474724,-0.8169558997,0.576637434,0.006491162837,0.005494773082
16.82490444,168.9338505,0.6317261741,-0.2101539094,0.3468924136,-0.8168995494,0.5767175808,0.006396992648,0.005571054375
16.84982371,168.9587698,0.6318365208,-0.2102303037,0.3469984152,-0.8168407408,0.5768015698,0.006249062728,0.005665907139
16.86986089,168.978807,0.631938362,-0.2102788124,0.3471181666,-0.8167979303,0.5768629156,0.006100866901,0.005753001565
16.88989758,168.9988437,0.6320401072,-0.2103144925,0.3472387081,-0.8167617876,0.5769147293,0.00595541949,0.005840406411
16.90992141,169.0188675,0.6321159849,-0.2103439615,0.3473373272,-0.8167332272,0.5769555403,0.005842722085,0.005916305963
16.92992163,169.0388677,0.6321627539,-0.2103730016,0.3474063494,-0.816710076,0.5769884967,0.005767038606,0.005972252035
16.95482588,169.063772,0.6322109699,-0.21041042,0.3474679939,-0.8166822383,0.5770280554,0.005693801524,0.006027057133
16.97484207,169.0837882,0.6322410817,-0.2104375539,0.3474945678,-0.8166626833,0.5770557588,0.005655881719,0.006060033809
16.99489522,169.1038413,0.6322577533,-0.2104500146,0.3475015765,-0.8166529891,0.5770693866,0.005642761664,0.006080925786
17.01990843,169.1288545,0.632269252,-0.2104534098,0.3474988543,-0.8166489101,0.577074967,0.005642060782,0.006099781865
17.04477763,169.1537237,0.6322826587,-0.2104405852,0.3474962297,-0.816653157,0.5770685683,0.00564673465,0.006132132058
17.06487203,169.1738181,0.6322984432,-0.2104176636,0.3474870551,-0.8166614227,0.5770564811,0.005656316875,0.006159902785
17.08489084,169.1938369,0.6323140352,-0.2103783353,0.3474645383,-0.8166779767,0.5770325154,0.005680719056,0.006187733556
17.10990214,169.2188482,0.6323243432,-0.2103478181,0.347418579,-0.81669059,0.5770138019,0.005727492438,0.006224826862
17.12991476,169.2388608,0.632333412,-0.2103275831,0.3473790587,-0.8166982718,0.5770021741,0.00576607856,0.006259092989
17.14991808,169.2588642,0.6323526161,-0.2102910104,0.3473372844,-0.8167122795,0.5769814747,0.0058062119,0.00630223829
17.17489362,169.2838397,0.6323850766,-0.2102146996,0.3472595373,-0.8167432397,0.5769361008,0.005882842135,0.006372454555
17.19992018,169.3088663,0.6324041768,-0.2101639057,0.3471494021,-0.8167630347,0.5769062121,0.005987952908,0.006442982902
17.22491622,169.3338623,0.6324216079,-0.2101374079,0.3470253944,-0.816770688,0.5768935182,0.006095859344,0.006507875607
17.24987102,169.3588171,0.6324615014,-0.2100962347,0.3468990262,-0.8167814176,0.576876226,0.0061994109,0.006595681909
17.26994729,169.3788934,0.6325024314,-0.2100410806,0.3467635524,-0.81679871,0.5768494452,0.006315472341,0.006685788586
17.29489326,169.4038393,0.6325393231,-0.2099858532,0.3465507155,-0.8168151284,0.5768227929,0.006501619361,0.00680003681
17.3149004,169.4238465,0.6325682175,-0.209932014,0.3463647824,-0.8168329778,0.5767945183,0.006665829741,0.006894693913
17.33992028,169.4488664,0.6326372857,-0.209829161,0.3461271994,-0.8168670657,0.5767420443,0.006868841434,0.007044875199
17.35993981,169.4688859,0.6327047819,-0.2097151564,0.3459355923,-0.8169076765,0.5766805645,0.007041282605,0.007196862341
17.38490343,169.4938495,0.6327894775,-0.2095667482,0.3456662522,-0.8169597007,0.5766005575,0.007298791951,0.00744124739
17.40491343,169.5138595,0.6328654752,-0.2094441936,0.3454386473,-0.8170008491,0.5765364306,0.007519010042,0.007669498764
17.42998886,169.5389349,0.6330040956,-0.20927215,0.3452091741,-0.8170538855,0.576453595,0.007744054151,0.008014404617
17.45492482,169.5638709,0.6331846819,-0.2091284292,0.3449573366,-0.8170827955,0.5764040654,0.007964411318,0.008403978762
17.47980905,169.5887551,0.6334227716,-0.209034944,0.3447577456,-0.8170742351,0.5764070382,0.008117612815,0.008872712074
17.49985003,169.6087961,0.6336142119,-0.2089908839,0.3445911283,-0.8170514734,0.5764320017,0.008232336721,0.009233946825
17.51985455,169.6288006,0.6338389393,-0.2089855735,0.3444294567,-0.8170023701,0.5764943452,0.00831367295,0.009606251034
17.53989196,169.648838,0.634113891,-0.2090565133,0.3442812711,-0.8169038644,0.5766264619,0.008343744455,0.01001907178
17.55990934,169.6688554,0.6344074008,-0.2092232191,0.3440815302,-0.8167514428,0.576834753,0.008375437482,0.01042115243
17.58485222,169.6937983,0.6348329571,-0.209560116,0.3438823596,-0.8164847202,0.5772040212,0.008301433729,0.01092271599
17.60489988,169.713846,0.635200875,-0.20990874,0.3436937183,-0.8162251314,0.5775650339,0.008216641544,0.01129837914
17.62987542,169.7388215,0.6356997252,-0.2103958824,0.3434708479,-0.8158661378,0.5780644804,0.008067270626,0.0117822236
17.65484166,169.7637877,0.6362275371,-0.2109033687,0.3432308607,-0.8154896977,0.5785874817,0.007906293314,0.01227067612
17.67987776,169.7888238,0.6370179199,-0.2110185406,0.343054957,-0.8152682943,0.5788926276,0.007613789692,0.01276574345
17.70476842,169.8137145,0.6380904438,-0.2108341638,0.342924656,-0.8151458215,0.579057316,0.007183788673,0.01335318897
17.72482991,169.833776,0.6391576093,-0.2103889294,0.3429251785,-0.8151584137,0.5790323059,0.006714281275,0.01390207526
17.74486947,169.8538156,0.6403656173,-0.2098317023,0.3429893007,-0.8151974336,0.5789696867,0.006145921541,0.01447320928
17.76981592,169.878762,0.6421082841,-0.2088254013,0.3431760168,-0.8153543428,0.5787374906,0.005321129966,0.01522820363
17.78982234,169.8987684,0.6436098551,-0.2077337116,0.3434423218,-0.8156111436,0.5783678886,0.004701107129,0.0157145619
17.80990124,169.9188473,0.6451017887,-0.2065884099,0.3438544732,-0.8159537791,0.5778871671,0.004189714466,0.01575750063
17.83484578,169.9437919,0.6468091765,-0.2052210582,0.3444536701,-0.8165239349,0.5771087561,0.003883515168,0.01480086914
17.85984969,169.9687958,0.6482348667,-0.2041184691,0.3451274503,-0.8172337335,0.5761577144,0.003995394609,0.01246394011
17.88492107,169.9938672,0.6494402409,-0.20332957,0.3459233843,-0.8180185651,0.5751035475,0.004042865405,0.009229950726
17.90492916,170.0138752,0.6503234061,-0.2028326708,0.346602767,-0.8186675105,0.5742190626,0.003846253768,0.006417299662
17.92983842,170.0387845,0.6514103689,-0.202198875,0.3474161605,-0.8195412623,0.5730036328,0.003294795845,0.00284613399
17.95475864,170.0637047,0.6524625914,-0.2015732669,0.3481768607,0.8204770945,-0.5716733201,-0.002490284427,0.0008667110051
17.97482395,170.08377,0.6532324501,-0.2010749224,0.3487478187,0.8212461668,-0.5705577227,-0.001808155934,0.003917787519
17.99970484,170.1086509,0.6541834933,-0.2004194075,0.3493675092,0.8221829481,-0.5691734377,-0.0008573878184,0.007487489136
18.01986933,170.1288154,0.6549711185,-0.1998318658,0.3497354741,0.8229186578,-0.5680698758,-3.51092294e-05,0.01007460232
18.04485703,170.1538031,0.6559680396,-0.1990177058,0.350016578,0.8238365191,-0.5666760437,0.0009901679364,0.01306410889
18.06983948,170.1787856,0.6568953404,-0.198141006,0.3501518097,0.8247404126,-0.5652853403,0.001862267891,0.01588294354
18.09490943,170.2038555,0.65778908,-0.1971684149,0.3500526063,0.8256144066,-0.5639312555,0.002539991963,0.01832864492
18.11985874,170.2288048,0.6587158017,-0.1960463594,0.3497210737,0.826456684,-0.5626294077,0.003105628984,0.02019539906
18.14488029,170.2538264,0.6596527212,-0.1948715434,0.3492126314,0.8272164409,-0.5614645383,0.00361890744,0.02138774612
18.16488481,170.2738309,0.6603812141,-0.1938558845,0.3486886641,0.8277693355,-0.5606309494,0.003921875757,0.02180561136
18.18489599,170.2938421,0.6610521793,-0.1927087023,0.3479954284,0.8283061899,-0.5598322423,0.003875642672,0.02194756688
18.2097919,170.318738,0.6617929738,-0.1912452227,0.347022456,0.8289254851,-0.5589178788,0.003469655077,0.02193869528
18.23481321,170.3437593,0.6624084488,-0.1899467803,0.3460081985,0.8294449225,-0.5581521349,0.002842262921,0.02189146903
18.25488806,170.3638341,0.6627710773,-0.1890925413,0.3451868219,0.8297705199,-0.5576694394,0.00212325092,0.02193564394
18.27983785,170.3887839,0.6631233195,-0.1882115296,0.3441029023,0.8301021981,-0.5571726998,0.001071290951,0.02208564254
18.29984069,170.4087868,0.663349094,-0.1876347113,0.3432422667,0.8303133579,-0.5568506736,0.0001479077982,0.02229423906
18.31985879,170.4288049,0.6635104912,-0.1872045664,0.3424221383,0.8304644014,-0.5566130822,-0.0008224686132,0.02258491211
18.34488249,170.4538286,0.663623,-0.1868471198,0.3414576474,0.8305821068,-0.5564155494,-0.002075479348,0.02303893667
18.36983061,170.4787767,0.6637041062,-0.186664271,0.340530798,0.8306288033,-0.5563224221,-0.003241713684,0.02346582949
18.38983798,170.4987841,0.663774378,-0.1866413638,0.3398089023,0.8306156344,-0.5563272308,-0.004015408738,0.02369718882
18.40984035,170.5187864,0.6638387147,-0.1867212722,0.3390911959,0.8305594432,-0.5563995322,-0.004690533678,0.02384472365
18.43486428,170.5438104,0.6639333543,-0.1869104805,0.3382810185,0.8304501222,-0.5565552062,-0.005311941909,0.02388891485
18.45488048,170.5638266,0.664036388,-0.1870714632,0.3377143652,0.8303565222,-0.5566932883,-0.00566100953,0.02384495418
18.47488093,170.583827,0.664176815,-0.1872413701,0.3371832434,0.8302549806,-0.5568458152,-0.00591897492,0.02375649481
18.4998579,170.608804,0.6643956723,-0.1874518642,0.3366619729,0.8301090282,-0.5570681089,-0.006128048323,0.02359174572
18.52487969,170.6338258,0.6646105919,-0.1876666572,0.3361771888,0.8299548682,-0.5573030482,-0.006325259326,0.02341410614
18.54488206,170.6538281,0.6647674402,-0.187832252,0.3358260599,0.8298407548,-0.557476098,-0.006463318967,0.02330123088
18.56984138,170.6787875,0.6649903251,-0.1880469693,0.3355260401,0.8296886877,-0.5577085684,-0.006509526668,0.02314001592
18.58984327,170.6987894,0.6651744983,-0.1881926847,0.3353251883,0.829574561,-0.5578838636,-0.006526020036,0.02300116417
18.61486268,170.7238088,0.6654240284,-0.1883374415,0.3351177543,0.8294412405,-0.5580898942,-0.006518234486,0.02281252093
18.63487101,170.7438171,0.6656263683,-0.1884513327,0.3350080587,0.8293364263,-0.5582520687,-0.006464835089,0.02266993107
18.65984058,170.7687867,0.665896485,-0.1885789746,0.3349470109,0.8292069491,-0.5584534943,-0.006337972786,0.02248022119
18.68487501,170.7938211,0.6662243485,-0.188600384,0.3349039725,0.8291165144,-0.5585975051,-0.006176994187,0.02228177729
18.70488334,170.8138294,0.6665277552,-0.1885809927,0.3348963151,0.8290559673,-0.5586957352,-0.006000085355,0.02211961852
18.72982049,170.8387666,0.6669479937,-0.1885725018,0.3349631542,0.8289651786,-0.5588421334,-0.005694843563,0.02190368203
18.74983644,170.8587825,0.6673266732,-0.1886063065,0.3350992776,0.8288614198,-0.5590074557,-0.005358063241,0.02169567753
18.77487135,170.8838174,0.6678702167,-0.1886257226,0.3352808958,0.8287229001,-0.5592287731,-0.00489597128,0.02139073691
18.79487276,170.9038188,0.6683667254,-0.1886115562,0.3354373381,0.8286109507,-0.5594084491,-0.004486495616,0.02111754826
18.81489897,170.9238451,0.6688879521,-0.1886558644,0.3356128314,0.8284624701,-0.559643022,-0.004042935962,0.0208153349
18.83490109,170.9438472,0.6694544936,-0.1886849632,0.335825648,0.8283080579,-0.5598870519,-0.003550601669,0.02048520302
18.85993314,170.9688792,0.6702232499,-0.188737318,0.3360800624,0.8280916113,-0.5602271613,-0.002903545305,0.02003448223
18.88491011,170.9938562,0.6710692395,-0.1887632147,0.336310707,0.8278614833,-0.5605880894,-0.00224545475,0.01952732641
18.90978622,171.0187323,0.6718902906,-0.1888838802,0.3364995935,0.8275861478,-0.5610143099,-0.001628220178,0.01901212939
18.9298985,171.0388446,0.6725364045,-0.1889878292,0.3366250911,0.8273641751,-0.5613565348,-0.001156298707,0.01860176282
18.94991398,171.0588601,0.6731576199,-0.1891308949,0.3367327906,0.8271292119,-0.5617165577,-0.000701736345,0.01820118496
18.96991467,171.0788608,0.67380398,-0.1892508338,0.3368157046,0.8268981592,-0.5620703079,-0.0002527542005,0.01778593389
18.98993063,171.0988767,0.6744315756,-0.1894464928,0.336923119,0.8266334716,-0.5624724752,0.0002151322037,0.01737158484
19.0149045,171.1238506,0.675190271,-0.1896996331,0.3370036907,0.8263025075,-0.5629737366,0.0007434044909,0.01685779678
19.03982806,171.1487741,0.6759645947,-0.1900230285,0.3371068546,0.8259329731,-0.5635301384,0.001315078788,0.01633332809
19.05984306,171.1687891,0.6765947173,-0.1903034325,0.3371801285,0.8256214856,-0.5639977151,0.001772476873,0.01589333646
19.08487153,171.1938176,0.6773900443,-0.1906540628,0.337254379,0.8252298576,-0.5645833393,0.00233553965,0.01535839671
19.10986304,171.2188091,0.6781450761,-0.1911019725,0.3373633345,0.8247978892,-0.5652259022,0.002915426816,0.01481963938
19.13488436,171.2438304,0.6788993776,-0.1915406651,0.3374621581,0.8243672233,-0.5658646842,0.003487453252,0.01427157609
19.15988755,171.2688336,0.6796252642,-0.1919850422,0.3374230144,0.8239388696,-0.5664985237,0.003943124893,0.01373366907
19.18486333,171.2938094,0.6803009264,-0.1924169475,0.3373214899,0.823527518,-0.5671055256,0.004316266596,0.01323328278
19.20486593,171.313812,0.6807964417,-0.1927661837,0.3372014407,0.8232081125,-0.567575746,0.004556960518,0.01286118902
19.22986889,171.338815,0.6813997404,-0.1931525452,0.3369720599,0.8228381646,-0.5681201883,0.004795174091,0.012402129
19.24988484,171.3588309,0.6818687768,-0.1933718123,0.3366931978,0.8225890271,-0.5684874123,0.00489736249,0.01205696434
19.27485585,171.3838019,0.6824306187,-0.1936361746,0.3363066431,0.8222879119,-0.5689307062,0.004980186981,0.01164642764
19.29487967,171.4038258,0.6828408128,-0.1938556159,0.3359735043,0.8220530178,-0.5692760463,0.005007904402,0.01133754685
19.31986737,171.4288135,0.683309768,-0.1941141857,0.3354587296,0.8217791539,-0.5696788912,0.004947836619,0.01097734298
19.33992553,171.4488716,0.6836695608,-0.194305842,0.3349919409,0.8215723461,-0.5699831049,0.004852467423,0.01070484574
19.36491656,171.4738626,0.6841042286,-0.1944974811,0.3344249623,0.8213404248,-0.5703242989,0.004727902811,0.01038015644
19.38989663,171.4988427,0.684518507,-0.1946688067,0.3338984704,0.8211232824,-0.5706433372,0.004615554731,0.01007141673
19.409904,171.5188501,0.6848429069,-0.194790257,0.3334841172,0.8209594272,-0.5708839239,0.004526947206,0.009832141758
19.43490529,171.5438514,0.6852535692,-0.1949488588,0.3329535546,0.8207502473,-0.5711904371,0.004408946664,0.009543447855
19.45990348,171.5688496,0.685641109,-0.1951344823,0.3324622532,0.8205360238,-0.571503118,0.004301243469,0.009290799217
19.47991633,171.5888624,0.6859378292,-0.1952963692,0.332138192,0.8203621566,-0.5717561358,0.004258760341,0.009094839478
19.50481057,171.6137567,0.6863222164,-0.1954653307,0.331761822,0.8201575344,-0.5720537611,0.004234405107,0.008842114877
19.5298245,171.6387706,0.6867310529,-0.1955957033,0.3313929767,0.8199686325,-0.5723283059,0.004236949898,0.008590709439
19.54988265,171.6588287,0.6870809441,-0.195679734,0.3311557878,0.8198233957,-0.5725388849,0.004298409838,0.008387416078
19.57489252,171.6838386,0.6875522476,-0.195795283,0.3309407035,0.819626052,-0.572824225,0.004460503368,0.008102225224
19.59989524,171.7088413,0.6880878424,-0.1958428151,0.330721519,0.8194421509,-0.5730901488,0.004646147948,0.007788195659
19.62489653,171.7338426,0.6886966182,-0.1958063958,0.3305680318,0.8192779685,-0.5733270858,0.00490508151,0.007456757478
19.64986181,171.7588079,0.6893198813,-0.1957820968,0.3304586413,0.8191023007,-0.5735797818,0.005203417544,0.007111919132
19.66988516,171.7788312,0.6898593032,-0.1957355866,0.3303739672,0.8189661098,-0.5737751208,0.005476890335,0.006828275178
19.69485831,171.8038044,0.6906073271,-0.1957200957,0.3303125718,0.8187544945,-0.5740773755,0.005918685222,0.006419794827
19.71487498,171.8238211,0.6912625223,-0.1956469338,0.3302351174,0.8185984154,-0.5742997867,0.006281707389,0.006076964297
19.7348783,171.8438244,0.6919289892,-0.1956054686,0.3302024118,0.8184230406,-0.5745486368,0.006684404838,0.005736662522
19.75988364,171.8688297,0.692816493,-0.1955293589,0.3301413992,0.818209486,-0.5748501556,0.007236672884,0.005307192698
19.78487229,171.8938184,0.6937854944,-0.1954698273,0.3300855288,0.8179749603,-0.5751790799,0.007893885566,0.004865891365
19.80490255,171.9138486,0.6945911887,-0.1954524941,0.3300560474,0.8177583639,-0.5754821755,0.008448197705,0.004489086712
19.82989025,171.9388363,0.6955975728,-0.1954929297,0.3300129797,0.8174467376,-0.5759181274,0.009116804482,0.004003196035
19.85482168,171.9637678,0.6966200136,-0.1955669209,0.3299697336,0.8171010589,-0.5764010576,0.009774415502,0.003484410671
19.87977839,171.9887245,0.6976509844,-0.1956341923,0.3299035413,0.8167455864,-0.5768966083,0.01040719742,0.002939492796
19.89983702,172.0087831,0.6984580988,-0.195762535,0.329873907,0.8164223554,-0.5773469873,0.01089128485,0.002524608506
19.91983962,172.0287857,0.6992253012,-0.1959528858,0.3298515577,0.8160683545,-0.5778417233,0.01124833536,0.002204206132
19.94487643,172.0538225,0.7001539174,-0.1962029379,0.3298174683,0.8156133091,-0.5784794089,0.01152469746,0.001919617967
19.96986461,172.0788107,0.7010498987,-0.1964626522,0.3297118909,0.8151609604,-0.5791129228,0.01175451557,0.0016317519
19.98988962,172.0988357,0.7017446482,-0.1967217653,0.3296155091,0.8147793577,-0.5796467997,0.01192398018,0.00141581754
20.01480007,172.1237462,0.7026052632,-0.1970572883,0.329547234,0.8142916775,-0.5803284409,0.01210511249,0.001196159139
20.03485632,172.1438024,0.7032901832,-0.1972750504,0.329444605,0.8139255111,-0.5808401797,0.01220170383,0.00103271474
20.05486727,172.1638134,0.7039823243,-0.1974808399,0.3293279915,0.8135634004,-0.5813446457,0.01234178734,0.000822564852
20.07983422,172.1887803,0.7047978523,-0.1977026337,0.3291026547,0.813143393,-0.5819312192,0.01238791193,0.0006465883252
20.10483217,172.2137783,0.7055623008,-0.1979344798,0.3289167591,0.8127271331,-0.5825146408,0.01228382342,0.0006387126954
20.12985706,172.2388031,0.7062822934,-0.1981181341,0.3287014992,0.8123372268,-0.5830644773,0.01197662764,0.0007782710902
20.15487266,172.2638187,0.7069657004,-0.1981828419,0.3283855111,0.8120101757,-0.5835294163,0.01148392351,0.001007192858
20.17988062,172.2888267,0.707613069,-0.1982074578,0.328027704,0.8117102041,-0.5839567426,0.01093201781,0.001248339381
20.20489621,172.3138423,0.7082177222,-0.1981848526,0.3276150829,0.8114410536,-0.5843419541,0.01027371752,0.001532270105
20.22984576,172.3387918,0.7088086519,-0.1980934487,0.3271051332,0.8112094849,-0.584674882,0.009546188025,0.001823224036
20.24987698,172.3588231,0.7092631673,-0.1979817453,0.3266665748,0.8110489534,-0.5849066541,0.008910677308,0.002097837312
20.26990151,172.3788476,0.7096767931,-0.1978271972,0.3261893605,0.810920086,-0.5850947417,0.008173391798,0.002439895955
20.29485726,172.4038033,0.7101604861,-0.1977011412,0.3256338026,0.8107319173,-0.5853659319,0.007195206066,0.002951789799
20.31486702,172.4238131,0.7105230817,-0.1975967117,0.3251492186,0.8105870511,-0.5855740145,0.00632787463,0.003415287065
20.33487844,172.4438245,0.7108988749,-0.1975027325,0.3246457653,0.810437311,-0.58578676,0.005547357726,0.003803102633
20.3598721,172.4688182,0.7113839824,-0.1974552219,0.3240449001,0.810215681,-0.5860978935,0.004712057185,0.004195948558
20.38486886,172.4938149,0.7118606389,-0.1975028455,0.323471596,0.8099497617,-0.5864683606,0.003949743243,0.004543686852
20.40980887,172.518755,0.7123466788,-0.1975953669,0.3228850251,0.8096576888,-0.586873559,0.003242805654,0.004830820758
20.43479252,172.5437386,0.7128736786,-0.1976887508,0.3222718009,0.8093627026,-0.5872817563,0.002702406275,0.004985121382
20.45487666,172.5638227,0.7133028368,-0.1978682891,0.3217856083,0.8090878832,-0.5876610465,0.002428342919,0.005039327551
20.47985864,172.5888047,0.7138554356,-0.1982016379,0.3211960169,0.8087210247,-0.5881657865,0.002310291797,0.005096505083
20.50488544,172.6138315,0.7144186315,-0.1985821451,0.3205932311,0.808344881,-0.5886824386,0.002323121023,0.005113023172
20.52985358,172.6387997,0.7150197192,-0.1989572769,0.3199989781,0.8079586501,-0.5892131886,0.002515053552,0.004930781448
20.5498879,172.658834,0.7155062744,-0.1992927701,0.3195427963,0.8076334147,-0.5896594017,0.002738312776,0.004749634824
20.56991792,172.678864,0.7160213417,-0.199624739,0.3191705794,0.8073037576,-0.5901106115,0.003046711819,0.004563628006
20.59485364,172.7037997,0.7166963843,-0.2001002912,0.3188163362,0.8068439375,-0.5907385854,0.00353229092,0.004278681538
20.61486936,172.7238154,0.7172281756,-0.2004353244,0.3185038276,0.8064796673,-0.5912358406,0.003837810388,0.003999791451
20.63986206,172.7488081,0.7179008778,-0.2008259506,0.3181958928,0.8060171461,-0.5918661812,0.004231343688,0.00358878807
20.65988374,172.7688298,0.7184442471,-0.2011634907,0.3180461921,0.8056295516,-0.592392834,0.004609621373,0.003241492682
20.68484783,172.7937939,0.719166807,-0.2015389552,0.3179632857,0.8051540426,-0.5930365801,0.005176692824,0.002790030278
20.70981574,172.8187618,0.7198782109,-0.2019604916,0.3178541519,0.8046492969,-0.5937183706,0.005717261237,0.002306171796
20.72983003,172.8387761,0.7204666368,-0.2022264935,0.3178136091,0.8042735694,-0.5942239856,0.006178958307,0.001923763708
20.75481987,172.863766,0.7211730652,-0.2026513031,0.3178165735,0.8037663781,-0.5949045098,0.0067939033,0.001441018393
20.77983212,172.8887782,0.7219096668,-0.2029309537,0.3178747988,0.8033184052,-0.5955026732,0.007431012783,0.0009413211405
20.80481243,172.9137585,0.7226416235,-0.203234323,0.3179414433,0.8028596364,-0.5961131399,0.008082225307,0.0004545625989
20.8298099,172.938756,0.7233889183,-0.2034349146,0.3180106371,-0.8024484394,0.5966575794,-0.008732061155,1.892654111e-05
20.8498106,172.9587567,0.7239869827,-0.2036441776,0.3181359412,-0.8020918908,0.5971279765,-0.009306174213,0.0004164113861
20.8698287,172.9787748,0.7245931181,-0.2037915149,0.3182351629,-0.8017606639,0.597563442,-0.009853501504,0.0008239825972
20.88982964,172.9987757,0.7251980368,-0.2039503023,0.3183109419,-0.8014213979,0.5980086234,-0.01038885092,0.00122514739
20.91484332,173.0237894,0.7259532633,-0.2041407985,0.3184253868,-0.801002897,0.5985555008,-0.0110785695,0.001713685544
20.93981385,173.0487599,0.7266947325,-0.204356513,0.3185717161,-0.8005782841,0.5991082365,-0.01178846397,0.00218267708
20.95983744,173.0687835,0.727272479,-0.2045364042,0.3186656042,-0.8002352158,0.5995540248,-0.01232813842,0.002566649886
20.98483133,173.0937774,0.7279711827,-0.204773493,0.3188048448,-0.7998043046,0.6001124135,-0.01299448555,0.003051041067
21.00976801,173.1187141,0.7286284718,-0.2049967205,0.3188411126,-0.7993951435,0.6006423504,-0.01356313623,0.003494686436
21.02980042,173.1387465,0.7291217578,-0.20522692,0.3188989424,-0.7990555093,0.6010813396,-0.01402946291,0.00383281859
21.049824,173.1587701,0.7296020387,-0.2054451663,0.3189235458,-0.7987250401,0.6015079597,-0.01446131053,0.004165961363
21.07481623,173.1837623,0.7301567727,-0.2057264695,0.3189203504,-0.7983238612,0.6020255834,-0.01494719104,0.004559713338
21.09482265,173.2037687,0.730573982,-0.2059328503,0.3189049749,-0.7980206375,0.6024162723,-0.0152960473,0.004871128943
21.11483979,173.2237859,0.7309593486,-0.2061226059,0.3188505018,-0.7977396594,0.6027782891,-0.01559724339,0.005147438575
21.13982797,173.2487741,0.731386519,-0.2063789092,0.3187760897,-0.7973992733,0.6032170293,-0.01592588315,0.005475475778
21.16481161,173.2737577,0.7317599317,-0.2065345993,0.3186166973,-0.7971356499,0.6035571543,-0.01614173274,0.005741228226
21.18481946,173.2937655,0.732037206,-0.2066490499,0.3184978867,-0.796941716,0.6038069412,-0.01630630308,0.005931563704
21.20482016,173.3137662,0.7322855334,-0.2067188064,0.318354761,-0.7967845341,0.6040095859,-0.01642275208,0.006092572967
21.22482753,173.3337736,0.7325120675,-0.2067882074,0.3182604278,-0.7966390976,0.6041964783,-0.01654982735,0.006234342248
21.24982762,173.3587737,0.7327613829,-0.2068652022,0.3181495908,-0.7964819293,0.6043979935,-0.0166988459,0.006383593498
21.2748313,173.3837774,0.7329743778,-0.2069025464,0.3180010919,-0.7963622228,0.6045519452,-0.01678930617,0.006501902967
21.29982209,173.4087682,0.7331416661,-0.2069312881,0.3178687891,-0.7962695798,0.6046713794,-0.01685079284,0.006582554186
21.31984067,173.4287868,0.7332235849,-0.2069854051,0.3177707385,-0.7962034507,0.6047573814,-0.01687451534,0.006620074778
21.3448205,173.4537666,0.733283476,-0.2070305832,0.3176631642,-0.7961550708,0.6048207234,-0.01688141016,0.006634285654
21.36981845,173.4787645,0.7333104969,-0.2070423329,0.3175668709,-0.7961415874,0.6048390955,-0.01686450603,0.006620407323
21.38983154,173.4987776,0.7333197837,-0.207035482,0.3175243121,-0.7961463852,0.6048331705,-0.0168588644,0.006599090427
21.41485214,173.5237982,0.7333333566,-0.207011008,0.3174860069,-0.796158165,0.6048180779,-0.01685197953,0.006578732046
21.43983579,173.5487819,0.7333458083,-0.2069790052,0.3174484829,-0.7961720978,0.6048003457,-0.0168359921,0.006563673698
21.46483874,173.5737848,0.7333505745,-0.2069463136,0.3173913145,-0.7961889583,0.6047796139,-0.01679450548,0.006534979454
21.48982096,173.598767,0.7333505248,-0.2069268867,0.3173538349,-0.7962015619,0.6047646104,-0.01675417395,0.006491265601
21.51481652,173.6237626,0.7333482396,-0.206926422,0.3173299673,-0.796205508,0.6047609273,-0.01671915625,0.006440466042
21.53483558,173.6437817,0.7333452314,-0.2069379438,0.3173019808,-0.7962036713,0.6047645669,-0.01669160016,0.006397108199
21.55982542,173.6687715,0.7333340734,-0.2069525313,0.3172510038,-0.7962031049,0.6047679735,-0.01662415156,0.006320725331
21.5847621,173.6937082,0.7333184672,-0.2069734709,0.3172063855,-0.79620049,0.6047749417,-0.01653504408,0.006216257983
21.60481381,173.7137599,0.7333004361,-0.2069980477,0.3171907529,-0.7961949653,0.6047862319,-0.01643325032,0.006094197046
21.62981939,173.7387655,0.7332731652,-0.2070314327,0.3171743915,-0.7961854021,0.6048049234,-0.01627302452,0.00591598509
21.65481997,173.7637661,0.733237568,-0.2070598537,0.317133319,-0.7961775149,0.6048227258,-0.01606538896,0.005721753029
21.67983651,173.7887826,0.733185547,-0.2070950746,0.3170962783,-0.796167292,0.6048459929,-0.01578325317,0.005464158117
21.70482183,173.8137679,0.733115246,-0.2071405956,0.3170827906,-0.7961530472,0.6048772089,-0.01541536318,0.005123884445
21.72980022,173.8387463,0.7330284774,-0.207183716,0.3170780575,-0.7961413166,0.604907029,-0.0149730995,0.004721924369
21.74988413,173.8588302,0.7329501472,-0.2072024696,0.3170587449,-0.7961406063,0.6049201043,-0.01457931316,0.004387030852
21.76988864,173.8788347,0.7328642182,-0.207217591,0.3170399412,-0.7961406816,0.6049326758,-0.01414920447,0.004033968003
21.78990316,173.8988492,0.7327677798,-0.2072350187,0.3170336771,-0.7961391748,0.6049481791,-0.01366986806,0.003640013618
21.81490803,173.9238541,0.7326452602,-0.2072618104,0.3170442066,-0.7961356104,0.6049691854,-0.01306257598,0.003121486659
21.83492184,173.9438679,0.7325475034,-0.2072802413,0.3170500206,-0.796134125,0.6049832954,-0.01258165719,0.00271460477
21.8598609,173.968807,0.732423307,-0.2073049335,0.3170551846,-0.7961315057,0.6050011134,-0.01197633872,0.002201319828
21.88485694,173.993803,0.7323039852,-0.2073336435,0.3170717849,-0.7961257713,0.6050215052,-0.01139494821,0.00169993318
21.90486526,174.0138113,0.7322167251,-0.2073624509,0.3170929693,-0.7961158748,0.6050434594,-0.01096240762,0.001323541575
21.92984796,174.038794,0.732117848,-0.2073973172,0.3171191151,-0.7961028237,0.6050701515,-0.0104692879,0.000894303523
21.9499073,174.0588534,0.7320550017,-0.2074215769,0.3171369074,-0.7960934706,0.605088132,-0.01015659707,0.0006180231489
21.97484207,174.0837882,0.7319995216,-0.207453502,0.317163209,-0.7960796334,0.6051111932,-0.009875837288,0.0003572116658
21.99485493,174.103801,0.7319815706,-0.2074854235,0.3171929248,-0.7960643879,0.6051329695,-0.009773593938,0.0002353349004
22.01984358,174.1287897,0.7319836392,-0.2075253297,0.3172272286,-0.7960460185,0.6051571625,-0.009773037346,0.0001740901887
22.03986478,174.1488109,0.7319946012,-0.2075590783,0.3172555807,-0.7960298119,0.6051777711,-0.009817390438,0.0001591927084
22.05987072,174.1688168,0.7320068848,-0.2075905229,0.3172839466,-0.7960139078,0.605197916,-0.009864911801,0.0001538628801
22.08483982,174.1937859,0.732026556,-0.2076318994,0.3173281901,-0.7959912906,0.6052265554,-0.009932651715,0.0001579106374
22.10486507,174.2138112,0.7320437446,-0.2076669882,0.3173670011,-0.7959715604,0.6052515555,-0.009990168203,0.0001638110568
22.12988281,174.2388289,0.7320649395,-0.2077218747,0.3174154414,-0.795941657,0.6052895769,-0.01006873674,0.000162228147
22.15484214,174.2637882,0.7320877281,-0.2077843212,0.3174677535,-0.7959076275,0.6053328842,-0.0101549143,0.0001583957851
22.17484593,174.283792,0.7321136409,-0.2078527635,0.3175269306,-0.7958681847,0.6053831849,-0.0102472198,0.0001608805867
22.19486427,174.3038104,0.7321460202,-0.2079358574,0.3176005789,-0.7958180049,0.6054472882,-0.01035625576,0.0001719024048
22.21987629,174.3288224,0.7321903038,-0.2080434854,0.3177012925,-0.795749512,0.6055349054,-0.01049536316,0.0002003651925
22.24484253,174.3537886,0.7322357758,-0.2081522929,0.3178053289,-0.7956781135,0.6056262988,-0.01063339749,0.0002367369398
22.26484418,174.3737903,0.7322720926,-0.2082437554,0.3178900933,-0.7956189287,0.6057020355,-0.01074691694,0.0002629248817
22.28487897,174.3938251,0.732315796,-0.2083508979,0.3179902843,-0.795548817,0.6057917039,-0.01088132342,0.0002954243739
22.3098371,174.4187832,0.732380433,-0.2085091409,0.3181384982,-0.79544415,0.6059255509,-0.01107748215,0.0003475452367
22.32986522,174.4388113,0.7324413368,-0.2086602869,0.3182790249,-0.7953434131,0.6060543482,-0.01126156858,0.0003996743906
22.35485482,174.4638009,0.7325329411,-0.2088863037,0.3184904931,-0.7951916283,0.6062482649,-0.01153625532,0.0004803217634
22.37985897,174.4888051,0.7326397602,-0.2091442622,0.3187377385,-0.7950157806,0.6064726987,-0.01185047621,0.0005832240684
22.40485406,174.5138001,0.7327640501,-0.2094276719,0.3190242328,-0.794816225,0.6067271464,-0.01219888718,0.0007249627639
22.42986107,174.5388072,0.7328906509,-0.2097102505,0.3193181007,-0.7946129243,0.6069861303,-0.01254402836,0.0008861682852
22.45484948,174.5637956,0.7330266022,-0.2100230008,0.3196358496,-0.7943887631,0.6072713137,-0.01292018885,0.001055118453
22.4748745,174.5838206,0.7331374678,-0.2102896849,0.3198987574,-0.7941996143,0.6075116434,-0.01323544662,0.001182655682
22.49985099,174.6087971,0.733290716,-0.2106677224,0.3202611737,-0.7939338966,0.6078486836,-0.01367902707,0.001352721535
22.51985264,174.6287987,0.7334179264,-0.2109869621,0.320562044,-0.7937114838,0.6081302227,-0.0140533844,0.001488335297
22.53990293,174.648849,0.7335552442,-0.211324032,0.3208879946,-0.7934723947,0.6084324899,-0.01444816174,0.001647653355
22.56485748,174.6738036,0.7337302772,-0.2117465858,0.321309987,-0.7931712004,0.6088123162,-0.01495186077,0.001858027661
22.58988571,174.6988318,0.7339133283,-0.2121819843,0.3217489409,-0.79285573,0.6092094888,-0.01546595557,0.00209626653
22.61488533,174.7238314,0.7340838917,-0.2125900105,0.3221615916,-0.792557223,0.6095847443,-0.01593983111,0.002325835165
22.63984561,174.7487917,0.7342460162,-0.2129743633,0.322562264,-0.792274672,0.6099389708,-0.01639504511,0.002549234586
22.65984869,174.7687948,0.7343780288,-0.2132789543,0.322889949,-0.7920487492,0.6102215442,-0.01676140147,0.002738870892
22.68484497,174.7937911,0.7345478125,-0.2136660557,0.3233084151,-0.7917589427,0.6105834598,-0.01722426445,0.002989983537
22.70484519,174.8137913,0.7346813929,-0.2139684358,0.3236402863,-0.7915308111,0.6108678658,-0.01758508246,0.00319225786
22.72486758,174.8338137,0.7348055159,-0.2142395691,0.3239582433,-0.7913232078,0.6111259912,-0.01791941808,0.003390889854
22.74985552,174.8588016,0.7349500829,-0.2145649228,0.3243433627,-0.7910759711,0.611432824,-0.01832018589,0.003616686974
22.77482057,174.8837667,0.735089404,-0.2148939584,0.3247089051,-0.7908279326,0.611740582,-0.0187092557,0.003821657659
22.79485059,174.9037967,0.7351904662,-0.2151409621,0.3249734805,-0.7906425232,0.6119707626,-0.01898554041,0.003966808547
22.81984067,174.9287868,0.7353159916,-0.2154504042,0.3253102816,-0.7904123451,0.6122554527,-0.01934811207,0.004151614778
22.83984995,174.948796,0.7354205075,-0.2157107941,0.325598798,-0.7902196263,0.6124931444,-0.01966112058,0.004304715897
22.85986257,174.9688087,0.7355292305,-0.2159699257,0.3259024957,-0.7900245515,0.6127332584,-0.01997967399,0.004469306047
22.87986302,174.9888091,0.7356434172,-0.216223122,0.3262141409,-0.7898286116,0.6129740351,-0.02029614746,0.004654349864
22.90485644,175.0138025,0.7357810344,-0.2165047874,0.3266126565,-0.7896055859,0.6132464737,-0.02068290061,0.004898861068
22.92486644,175.0338125,0.7358954611,-0.2167534337,0.3269569113,-0.7894119987,0.6134826956,-0.02101744149,0.005093681155
22.94983315,175.0587792,0.7360366047,-0.2170575863,0.3273759759,-0.7891735757,0.6137731977,-0.02142519177,0.005337632366
22.9748106,175.0837567,0.7361721053,-0.217340197,0.3277755438,-0.7889498173,0.6140448821,-0.02181609257,0.005579129169
22.9997983,175.1087444,0.7362916864,-0.2176002567,0.3281793584,-0.7887471471,0.6142896471,-0.02219633003,0.005787082151
23.02479625,175.1337423,0.7364117842,-0.2178691137,0.3286111304,-0.7885394205,0.6145396384,-0.02260002173,0.005987833215
23.04978323,175.1587293,0.7364831465,-0.2179998756,0.3295683398,-0.788446526,0.6146318162,-0.02328807565,0.006121402154
23.07474852,175.1836946,0.7364794052,-0.2179379251,0.3310576181,-0.7885084146,0.614516649,-0.02420426888,0.006158044328
23.09479356,175.2037396,0.736471772,-0.2177965327,0.3328944096,-0.7886184434,0.6143301432,-0.02531507378,0.006210706911
23.11979985,175.2287459,0.7364277589,-0.2174753829,0.335852111,-0.7888548255,0.6139515928,-0.02706142518,0.00625981605
23.14479828,175.2537444,0.736341736,-0.217009199,0.3394809841,-0.7891849193,0.6134302519,-0.02917002719,0.006292752323
23.16979933,175.2787454,0.7362097515,-0.2163667942,0.34372724,-0.7896166043,0.612754995,-0.03157893113,0.006301225322
23.18980742,175.2987535,0.736056772,-0.2156673554,0.3474422293,-0.790066944,0.6120665911,-0.03360597814,0.006272976656
23.21481204,175.3237581,0.7357631422,-0.2145929477,0.3521567711,-0.7907529261,0.6110488852,-0.03595325263,0.00603600753
23.23979139,175.3487375,0.7353742516,-0.2132613296,0.3569987818,-0.7915845239,0.6098412883,-0.03815612799,0.005626237078
23.26481318,175.3737593,0.7348550485,-0.2118101274,0.3619069279,-0.7924961232,0.6085335063,-0.04015433339,0.004949331877
23.28487539,175.3938215,0.7343332978,-0.2106638284,0.3657540629,-0.7932396892,0.6074725969,-0.04158710416,0.004283941752
23.304878,175.4138241,0.733779337,-0.2094587774,0.3695508994,-0.7940110931,0.6063711604,-0.04298316888,0.003584278985
23.32489467,175.4338408,0.7331696034,-0.2082688089,0.373183981,-0.7947816171,0.605275695,-0.04422390892,0.002785695486
23.34985399,175.4588001,0.7323619957,-0.2067621147,0.3775673764,-0.7957531288,0.6038962585,-0.04564285988,0.001731003869
23.36989737,175.4788435,0.731706901,-0.2055618685,0.3811465,-0.7965102641,0.6028033185,-0.04689036514,0.0009230601973
23.39482188,175.503768,0.7308921956,-0.2040639537,0.3855698566,-0.7974386931,0.601443187,-0.0485691119,2.91081321e-06
23.41484165,175.5237877,0.7302679008,-0.2028871192,0.3891131526,0.798146315,-0.6003763561,0.05010334068,0.0005882224881
23.43485069,175.5437968,0.7296562879,-0.2017201037,0.3926964488,0.7988325727,-0.5993164807,0.05181833243,0.001066402319
23.45487785,175.5638239,0.7290559302,-0.2005576466,0.3962086972,0.7995048085,-0.5982600875,0.05361690297,0.001468536983
23.47986245,175.5888085,0.7283391984,-0.1990800276,0.4006246282,0.8003249192,-0.5969389812,0.05604131174,0.001802196306
23.49988389,175.60883,0.7277625993,-0.1977860832,0.4040955374,0.8010266107,-0.595814569,0.05794090764,0.002054181648
