time_s,recording_time_s,x_m,y_m,z_m,qx,qy,qz,qw
0,87.53442764,0.6021989689,0.1273871356,0.3972779317,-0.9997725259,0.005652429822,-0.005991168599,0.01967364552
0.02001023293,87.55443788,0.6037787841,0.1273539619,0.3956921212,-0.999737666,0.007215424998,-0.00524026227,0.02109683522
0.04500174522,87.57942939,0.605856428,0.127205606,0.3938343316,-0.9996858054,0.009142774729,-0.004474309039,0.02290591181
0.06995296478,87.60438061,0.6079967458,0.1270819626,0.3920027674,-0.999628362,0.01074918598,-0.00380805139,0.02476068773
0.09499335289,87.629421,0.6101194711,0.1269650511,0.3901688666,-0.9995681246,0.0121115052,-0.00314416123,0.02658928244
0.1199338436,87.65436149,0.6122073016,0.1269808032,0.3884097412,-0.9995047424,0.01337354637,-0.002550194475,0.02837101895
0.1399843693,87.67441201,0.6138246456,0.1270436495,0.3869564986,-0.9994517763,0.01432876683,-0.002021604359,0.02977828918
0.1649668217,87.69939446,0.6157047813,0.127322532,0.3849962956,-0.9993857056,0.01531051624,-0.001194638975,0.03150194106
0.1849956512,87.71942329,0.6171691555,0.1276311012,0.3834099965,-0.9993322964,0.01601708959,-0.0005259048258,0.03283500647
0.2099587917,87.74438643,0.618910558,0.1281058314,0.3813713352,-0.9992662805,0.01678223912,0.0003620696034,0.0344256597
0.2299616337,87.76438928,0.6202522592,0.1285028625,0.3796735446,-0.999212901,0.01735653225,0.001132196987,0.03565175039
0.2549040318,87.78933167,0.621901067,0.1290145189,0.3775703167,-0.9991486844,0.01799107786,0.002007619437,0.0370701636
0.2749116421,87.80933928,0.6231668178,0.1294393509,0.3758743821,-0.9991034484,0.0183829405,0.002652404739,0.03804381256
0.2998912334,87.83431888,0.6246844187,0.1299471261,0.3737516757,-0.999056537,0.01876849903,0.003359655939,0.03901912402
0.3248846531,87.8593123,0.6261411189,0.1304731899,0.3717351509,-0.9990239996,0.0190094236,0.003829761374,0.03968656018
0.3450078964,87.87943554,0.6272432423,0.1309188358,0.3701172625,-0.9990081811,0.01906164888,0.004130879788,0.04002803352
0.3650252819,87.89945292,0.6283081624,0.1313564182,0.3685414461,-0.9990009531,0.01898869319,0.004328865326,0.04022171227
0.389986515,87.92441416,0.6296193611,0.1318208699,0.3666047499,-0.9990050693,0.01878222465,0.004413300835,0.04020724298
0.4149849415,87.94941258,0.630957898,0.1321513315,0.3648477157,-0.9990217585,0.01851815874,0.00418452814,0.03993862135
0.4399785995,87.97440624,0.6322185464,0.1324180055,0.3631521238,-0.9990490059,0.01814373549,0.003843231278,0.0394603383
0.4649167061,87.99934435,0.633454251,0.1326063766,0.3615556604,-0.9990818902,0.01775700088,0.003372548919,0.03884187877
0.4849739075,88.01940155,0.6344511636,0.1327104736,0.3603922481,-0.9991128785,0.01740283537,0.0028422884,0.03824289145
0.504979372,88.03940701,0.6354532346,0.1327772455,0.3594168467,-0.9991455953,0.01704704837,0.002132412683,0.03758896521
0.5249891281,88.05941677,0.6364308948,0.1328742816,0.3585546019,-0.9991776509,0.0166814869,0.001362320461,0.03693093455
0.5499866009,88.08441424,0.6376005975,0.1330753386,0.3576879453,-0.9992164319,0.01618826454,0.0002922152779,0.03611615793
0.5749871731,88.10941482,0.6387302013,0.1333142418,0.3569798798,-0.9992541026,0.01567833177,-0.0008653208287,0.03528001576
0.5999920368,88.13441968,0.6398386751,0.1334991129,0.3564896546,-0.999291014,0.01519167169,-0.002186322719,0.03437880932
0.624966383,88.15939403,0.6408965199,0.1336428922,0.3561592813,-0.9993279399,0.01468502624,-0.003622804274,0.03339002706
0.6449787617,88.1794064,0.6416847261,0.1337157422,0.3559343407,-0.9993558819,0.01428554842,-0.004754319364,0.03257515781
0.6698627472,88.20429039,0.6426147932,0.1337464604,0.3557637348,-0.999387109,0.01382697799,-0.006181698365,0.03155958744
0.6899104118,88.22433805,0.6432848563,0.1337024574,0.3557045522,-0.999410065,0.01348659707,-0.007305017497,0.03072898453
0.7099113464,88.24433899,0.6438907789,0.1336447097,0.3556727134,-0.9994315311,0.01313995864,-0.008387549608,0.02989322752
0.7349603176,88.26938796,0.6445418428,0.1334968494,0.3556480991,-0.9994534661,0.01279344985,-0.009583307447,0.02893539144
0.754976511,88.28940415,0.6449377813,0.133410486,0.3556404725,-0.9994680066,0.01252250196,-0.01037253595,0.02827191496
0.7749855518,88.30941319,0.6452635039,0.1332875995,0.3557175846,-0.9994793828,0.01231930632,-0.01109624773,0.02767799359
0.7999966145,88.33442426,0.6455800012,0.1331274276,0.3559018881,-0.9994906638,0.0121050201,-0.0119239267,0.0270129855
0.8200054169,88.35443306,0.6458165067,0.1329970273,0.3560637018,-0.9994975569,0.01196977624,-0.01254563429,0.02653234486
0.8400073051,88.37443495,0.6460451071,0.1328749719,0.3562246305,-0.9995011956,0.01190465906,-0.01309023926,0.02615883509
0.8600139618,88.3944416,0.6461865998,0.1328108306,0.3563227384,-0.9995048977,0.0118195019,-0.01347213929,0.02586040007
0.8849003315,88.41932797,0.6463057072,0.1327532072,0.3563962367,-0.9995098616,0.01170209649,-0.01383555986,0.02552792317
0.9049954414,88.43942308,0.6463656656,0.1327092067,0.3564063752,-0.9995147923,0.01159488488,-0.0140529253,0.02526368692
0.9299740791,88.46440172,0.646395159,0.1326711986,0.3563970178,-0.9995221756,0.0114363877,-0.01424489387,0.02493416415
0.9499890804,88.48441672,0.6463999505,0.1326776024,0.3563904114,-0.9995269109,0.01132191295,-0.01434095437,0.02474077141
0.9749622345,88.50938988,0.6463971433,0.1327360404,0.3563910892,-0.9995302432,0.01120371121,-0.01441569112,0.02461620511
0.9949679375,88.52939558,0.6463965634,0.1327961407,0.3563978609,-0.9995318695,0.01112364623,-0.01446854653,0.02455539796
1.019991398,88.55441904,0.6463868301,0.1328895957,0.3564003104,-0.9995342802,0.01100428338,-0.01452759151,0.02447606043
1.040005207,88.57443285,0.646373569,0.1329753814,0.3564021967,-0.999535931,0.01090909993,-0.01456335961,0.02442995485
1.06498003,88.59940767,0.6463607237,0.1330800014,0.3564119538,-0.9995373839,0.0108018956,-0.01460734165,0.02439186053
1.089973688,88.62440133,0.646364161,0.1331663886,0.3564291762,-0.9995384166,0.0107170566,-0.01466483002,0.02435243555
1.114968538,88.64939618,0.6463567982,0.1332683206,0.3564438464,-0.9995394251,0.01062404019,-0.01470661599,0.02432658727
1.134980917,88.66940856,0.6463394012,0.1333633866,0.3564499678,-0.999540291,0.01053987832,-0.01472214669,0.02431822463
1.159981012,88.69440866,0.6463193653,0.1334696979,0.3564516971,-0.9995412871,0.01044860409,-0.01473282119,0.02431020507
1.179987431,88.71441507,0.6463077584,0.1335347443,0.3564500155,-0.9995420154,0.01039057429,-0.01474047892,0.02430048723
1.204964161,88.7393918,0.6463000129,0.1335811022,0.3564440708,-0.9995428854,0.01034175841,-0.01475066647,0.02427933347
1.22985363,88.76428127,0.646301724,0.1335882713,0.3564397967,-0.9995436835,0.01031782003,-0.01477102494,0.02424426027
1.254870892,88.78929853,0.6463128126,0.1335731717,0.3564310324,-0.9995442922,0.010314307,-0.01479207408,0.02420779902
1.274923801,88.80935144,0.6463195738,0.1335619781,0.356414594,-0.9995449074,0.01030908568,-0.01480021293,0.02417962998
1.294975281,88.82940292,0.6463219005,0.1335585161,0.3564025086,-0.9995453059,0.01030172233,-0.01480319574,0.02416446331
1.319915295,88.85434294,0.646322903,0.1335582995,0.356399163,-0.9995455225,0.0102949327,-0.01480884046,0.02415494004
1.339916945,88.87434459,0.6463230548,0.1335586152,0.3563959765,-0.9995456976,0.01028967146,-0.01481157635,0.02414825718
1.359923363,88.89435101,0.6463238962,0.1335573167,0.3563912833,-0.9995459045,0.01028520376,-0.01481431781,0.0241399119
1.379932404,88.91436005,0.6463256135,0.1335544785,0.3563910784,-0.9995461304,0.01028000105,-0.01482314378,0.02412735543
1.399939775,88.93436742,0.6463281187,0.1335510499,0.3563920682,-0.9995463289,0.01027543304,-0.01483370319,0.02411458264
1.419955969,88.95438361,0.6463307333,0.1335475498,0.3563923909,-0.9995465277,0.01027145986,-0.01484357296,0.02410195984
1.439966202,88.97439384,0.6463320896,0.1335460356,0.3563924926,-0.9995467353,0.01026562253,-0.0148524983,0.02409033633
1.464930534,88.99935818,0.6463327362,0.1335481499,0.3563947338,-0.9995468596,0.0102574092,-0.01486223721,0.02408266654
1.489934683,89.02436233,0.6463316759,0.1335554234,0.3563983305,-0.9995468541,0.01024810841,-0.0148685348,0.02408297104
1.509952307,89.04437995,0.6463283567,0.1335625843,0.3563978121,-0.9995469207,0.01024070826,-0.01486723297,0.02408415698
1.534985065,89.06941271,0.6463259835,0.1335639169,0.3563946448,-0.9995470367,0.0102380757,-0.01486401154,0.02408245143
1.559955835,89.09438348,0.6463267178,0.1335621515,0.3563946805,-0.9995470868,0.01023790086,-0.01486639624,0.02407897053
1.584946156,89.1193738,0.6463275857,0.1335598961,0.3563937901,-0.9995472069,0.0102364123,-0.0148697051,0.02407257661
1.609841347,89.14426899,0.6463280049,0.1335591516,0.3563932599,-0.9995472637,0.01023532044,-0.01487177603,0.02406940203
1.629947186,89.16437483,0.6463278714,0.1335619927,0.3563942684,-0.9995471984,0.01023321607,-0.01487438049,0.02407139818
1.654947996,89.18937564,0.6463249724,0.1335771005,0.3563950159,-0.9995472825,0.01022138316,-0.01487552214,0.0240722279
1.674953461,89.2093811,0.6463207954,0.1335982652,0.3563959323,-0.9995474103,0.01020469119,-0.01487666843,0.02407329621
1.694968939,89.22939658,0.646315444,0.1336263275,0.3563983414,-0.9995475187,0.01018275824,-0.0148792604,0.02407648208
1.719919682,89.25434732,0.6463051221,0.1336793241,0.3564017555,-0.9995476872,0.01014202967,-0.01488274931,0.02408451831
1.739933729,89.27436137,0.6462939219,0.1337344293,0.3564022828,-0.9995480623,0.01009946834,-0.01488322826,0.02408654124
1.76499939,89.29942703,0.6462768209,0.1338171416,0.3564036866,-0.9995486997,0.01003514126,-0.01488324621,0.02408696445
1.789922953,89.3243506,0.6462504495,0.1339413789,0.3564066994,-0.9995495645,0.009938414198,-0.01488208924,0.0240918949
1.814858675,89.34928632,0.6461834156,0.1342623346,0.3564079973,-0.9995520352,0.009689686997,-0.01487680223,0.0240939734
1.834940195,89.36936784,0.6461079841,0.134617018,0.3564073753,-0.9995549322,0.009415316405,-0.01486757255,0.02408826667
1.854958057,89.3893857,0.6460102613,0.1350578449,0.3564044323,-0.9995583134,0.009073681036,-0.01485285648,0.02408815222
1.879918098,89.41434574,0.6458588211,0.1357506312,0.3564117787,-0.9995632421,0.00853742521,-0.01483885461,0.02408829315
1.904968262,89.4393959,0.6456707502,0.1365914735,0.3564141596,-0.9995687212,0.007885964031,-0.01481685732,0.02409655343
1.924969196,89.45939684,0.6455016808,0.137370884,0.3564081468,-0.9995736222,0.007286184134,-0.01479411312,0.02409604689
1.949906588,89.48433423,0.6452943491,0.1383270574,0.3564073284,-0.9995792158,0.00655720405,-0.01476509447,0.02409121126
1.969938755,89.5043664,0.6451212469,0.139126313,0.3564247481,-0.9995831328,0.00594681463,-0.01475637003,0.02409243761
1.994953871,89.52938151,0.6449015411,0.14014011,0.3564446043,-0.9995874044,0.005168485902,-0.01474966195,0.02409886205
2.019812584,89.55424023,0.6446765382,0.1411682503,0.3564434255,-0.9995913828,0.004385105868,-0.0147266625,0.02410318707
2.039913893,89.57434154,0.6445020054,0.1419489707,0.3564411886,-0.9995945265,0.003794748659,-0.01469499693,0.02409231204
2.059916496,89.59434414,0.6443422428,0.1426426328,0.3564455842,-0.9995971493,0.003275117346,-0.01465904548,0.02408163526
2.079945803,89.61437345,0.6441857613,0.1433407505,0.3564446667,-0.9995989295,0.002753243225,-0.01463802474,0.02408584793
2.09995389,89.63438153,0.6440259072,0.1440152954,0.3564299894,-0.9996006757,0.002257466129,-0.01460260585,0.02408644574
2.124946833,89.65937448,0.6438350969,0.1448604372,0.3564291238,-0.9996018934,0.001679821723,-0.01458302522,0.02409498494
2.149942875,89.68437052,0.6436377815,0.1457257547,0.3564404548,-0.9996024012,0.001265438137,-0.01456087811,0.02411263143
2.169963121,89.70439076,0.6434431673,0.146507263,0.3564302607,-0.9996028522,0.001110250613,-0.01451005766,0.02413220898
2.19495368,89.72938132,0.643157823,0.1476365548,0.3564034763,-0.9996037846,0.00109747877,-0.0144270002,0.02414396293
2.21996069,89.75438833,0.6428651476,0.1488537911,0.3563946982,-0.9996043944,0.001210176916,-0.01435442533,0.02415658724
2.244975328,89.77940297,0.6425754241,0.1500665387,0.3564013608,-0.9996049687,0.001612403918,-0.01426794725,0.02416055251
2.269974232,89.80440187,0.6422956889,0.1511959841,0.3563936557,-0.9996051186,0.002359493909,-0.01415381801,0.02416007143
2.294894457,89.8293221,0.6420240263,0.1522590664,0.3563795311,-0.9996042509,0.003293982154,-0.0140318687,0.02415777211
2.314964533,89.84939218,0.6418359786,0.1530315041,0.3563804109,-0.9996016985,0.004117155201,-0.01396771516,0.02417429207
2.334980249,89.86940789,0.6416629152,0.1537440153,0.3563851861,-0.9995980645,0.005005665871,-0.01390883772,0.02419084545
2.359958887,89.89438653,0.6414602348,0.1545901206,0.3563843361,-0.999592118,0.006100119741,-0.0138497953,0.02421919446
2.384977579,89.91940522,0.6412931852,0.1552732255,0.3563756235,-0.9995855337,0.007153130352,-0.01378822019,0.0242379577
2.409956455,89.9443841,0.6411666733,0.1557863334,0.3563748852,-0.9995781765,0.008158478981,-0.01373776353,0.02425246526
2.434964418,89.96939206,0.6410988065,0.1560526115,0.3563758672,-0.9995693344,0.009191388763,-0.01369598564,0.02427105502
2.459957123,89.99438477,0.6410514713,0.1561698092,0.3563539293,-0.9995601711,0.01020910937,-0.01363571004,0.0242756238
2.47996068,90.01438832,0.6410386961,0.1561702389,0.3563392436,-0.9995528707,0.01097172392,-0.0135901212,0.02426908562
2.504958153,90.0393858,0.641035613,0.1561603274,0.3563410187,-0.9995448553,0.01177100575,-0.01354442231,0.0242502444
2.529952526,90.06438017,0.6410250679,0.1561259043,0.3563358275,-0.9995398966,0.0124831717,-0.01343061094,0.02416162814
2.554904938,90.08933258,0.6409082783,0.1559935285,0.3563164888,-0.9995570412,0.01315317911,-0.0126496701,0.02350959604
2.579951048,90.11437869,0.6406031349,0.1557561521,0.3562970318,-0.9996084256,0.01350313246,-0.01078290301,0.02200885933
2.604957819,90.13938546,0.6401631258,0.1554349297,0.3562842438,-0.9996774341,0.0135009371,-0.008127374576,0.01991728611
2.629965067,90.16439271,0.6396323787,0.1550386321,0.3562688099,-0.9997461176,0.01344823369,-0.004915702679,0.01739773697
2.649971008,90.18439865,0.6391573524,0.1546791646,0.3562481654,-0.9997935877,0.01340288753,-0.002025083128,0.01513418616
2.674960136,90.20938778,0.6385574128,0.1542215489,0.356229123,-0.999834432,0.01334449842,0.001630391508,0.01226274101
2.699970484,90.23439813,0.6379789349,0.1537653938,0.3562334657,-0.9998537461,0.01328859085,0.005175935772,0.009439777709
2.724937439,90.25936508,0.6374396113,0.1533346146,0.3562541709,-0.9998532701,0.01323850112,0.008492938217,0.00678604547
2.744969845,90.27939749,0.6370652703,0.1530518483,0.3562560342,-0.9998425635,0.01319080116,0.01077481487,0.004975368256
2.764975786,90.29940343,0.6367576415,0.1528139752,0.3562590956,-0.9998272872,0.01315684267,0.01265610642,0.00348084238
2.789946318,90.32437396,0.6364891637,0.1525789311,0.3562861747,-0.9998080265,0.01316350042,0.01436046827,0.002099856991
2.809988499,90.34441614,0.6363525203,0.1524309444,0.3563182458,-0.9997956008,0.01319736308,0.01525671284,0.001348660137
2.83494401,90.36937165,0.636258232,0.1523220632,0.3563149365,-0.9997863545,0.0132124694,0.01587372042,0.0008373076711
2.859948158,90.3943758,0.6362528469,0.1522587451,0.3563072092,-0.9997843172,0.01324837332,0.01597790965,0.0007115420794
2.884901047,90.41932869,0.636264132,0.1522118232,0.3563095188,-0.999783722,0.01330814009,0.01596614813,0.0006961778019
2.904955149,90.43938279,0.636255157,0.152213523,0.3563019575,-0.9997835534,0.01330946722,0.01597557788,0.0006968452944
2.92497611,90.45940375,0.63624352,0.1522277775,0.3562982483,-0.9997837076,0.01329119052,0.01598095938,0.0007009892097
2.954841137,90.48926878,0.636266529,0.152211835,0.3563247575,-0.9997844718,0.01330045451,0.01592589279,0.0006880873835
2.974975109,90.50940275,0.6362935503,0.152150532,0.35633127,-0.9997847247,0.01333359142,0.01588408429,0.0006447650928
2.999814749,90.53424239,0.6363127929,0.1520717633,0.3563177754,-0.9997849713,0.01335771043,0.01585097261,0.0005737289774
3.024815321,90.55924296,0.6363377215,0.152002714,0.356316646,-0.999786023,0.01336118337,0.01578465239,0.0004811943157
3.04483366,90.5792613,0.6363799347,0.1519201712,0.3563283563,-0.9997902212,0.01328225603,0.01558951761,0.0002466952697
3.064884663,90.59931231,0.6364338463,0.1518272379,0.3563301233,0.9997970516,-0.01311817708,-0.01528900057,0.0001308719888
3.084923029,90.61935067,0.6364799215,0.1517608079,0.3563219302,0.9998043145,-0.01291214004,-0.01497730833,0.0005380449536
3.109956741,90.64438438,0.6365332135,0.1516858108,0.3563091996,0.999812867,-0.01265163292,-0.01459743669,0.001040175397
3.134969473,90.66939712,0.6365892021,0.1516129116,0.3563074305,0.9998201657,-0.01242873309,-0.01424606599,0.001487446132
3.159973145,90.69440079,0.6366356751,0.1515674802,0.356311016,0.9998268048,-0.01220680229,-0.01392075326,0.001888651267
3.179983139,90.71441078,0.6366616855,0.1515603492,0.3563201871,0.9998311104,-0.01205055291,-0.01371123978,0.002129947667
3.199985266,90.73441291,0.6366977394,0.1515379799,0.3563346868,0.9998347872,-0.01192904377,-0.01351184434,0.002350803474
3.224953175,90.75938082,0.6367775874,0.1514637693,0.356356061,0.9998400194,-0.01177765938,-0.01318687179,0.002707183469
3.249924183,90.78435183,0.6368444083,0.1514168997,0.356355166,0.9998453897,-0.0115827788,-0.01286630562,0.003081238872
3.269955397,90.80438304,0.6368540552,0.1514560421,0.3563491145,0.9998485843,-0.01142409662,-0.01271447347,0.003261989387
3.294946909,90.82937455,0.6368436353,0.1515329841,0.3563572099,0.9998506098,-0.01130641103,-0.01264564391,0.003318264544
3.31994462,90.85437226,0.6368333289,0.151590121,0.356371132,0.9998516378,-0.01124458411,-0.01261811376,0.003323399228
3.344959497,90.87938714,0.6368281968,0.1516297226,0.3563696566,0.9998521731,-0.01120734423,-0.01260807071,0.003326242527
3.364969492,90.89939713,0.6368256477,0.1516349845,0.3563378732,0.9998518648,-0.01120177828,-0.01263485583,0.003336035455
3.384979963,90.91940761,0.6368268134,0.1516260027,0.3563160332,0.9998516394,-0.01119896443,-0.01264840046,0.003361602401
3.40996933,90.94439697,0.6368314785,0.1516211155,0.3563162907,0.9998519387,-0.01118836171,-0.0126269044,0.003388600185
3.434947491,90.96937513,0.6368409671,0.1516127099,0.3563170036,0.9998521059,-0.01119604206,-0.01259822978,0.003420460201
3.454960346,90.98938799,0.636845059,0.15159425,0.3562982212,0.9998516922,-0.01121730183,-0.01260340894,0.003452513976
3.479950666,91.01437831,0.6368526938,0.1515662993,0.3562923669,0.9998515695,-0.01122882756,-0.01259056202,0.003497150907
3.504891634,91.03931928,0.6368556968,0.1515688115,0.3563016477,0.9998520022,-0.01121924041,-0.01255988034,0.003514509338
3.524954796,91.05938244,0.636859996,0.1515548648,0.3562982031,0.9998518063,-0.01124142861,-0.01255050764,0.003532782592
3.549884081,91.08431172,0.63687608,0.1514862951,0.3562818738,0.9998510113,-0.011306281,-0.0125395754,0.003589189326
3.569908142,91.10433578,0.6368942426,0.1514253763,0.3562839415,0.9998509172,-0.01133761097,-0.01250761899,0.003627862366
3.589943171,91.12437081,0.6369004115,0.1514089928,0.3563014438,0.9998512154,-0.011340724,-0.01247694443,0.003641558693
3.609971523,91.14439917,0.6369016392,0.1514092652,0.3563232859,0.9998515671,-0.01133747664,-0.01244534781,0.00366314292
3.634944201,91.16937184,0.6369111824,0.151386962,0.3563486022,0.9998520185,-0.01134129784,-0.01238912317,0.00371829368
3.659941435,91.19436908,0.6369257645,0.1513458427,0.3563452978,0.9998524149,-0.01133694729,-0.01233939397,0.0037896505
3.684925795,91.21935344,0.6369244512,0.1513568063,0.3563439756,0.9998530745,-0.01130369137,-0.01230712351,0.00381977909
3.704936504,91.23936415,0.6369294817,0.1513498029,0.3563432261,0.9998534164,-0.01129001154,-0.01228094718,0.003854823657
3.729963779,91.26439142,0.6369407337,0.1513244679,0.3563359214,0.9998539121,-0.01126996508,-0.01223364795,0.003934484488
3.754949331,91.28937697,0.6369366446,0.1513427371,0.3563376785,0.9998546971,-0.01122572421,-0.01219880613,0.00396949455
3.774969816,91.30939746,0.6369272482,0.1513913824,0.3563470045,0.9998556149,-0.01117575648,-0.01217161541,0.003962764187
3.799960136,91.33438778,0.6369352063,0.1513812521,0.3563451317,0.9998561089,-0.01115376341,-0.01213259899,0.004019335245
3.824965,91.35939264,0.6369665804,0.1513146092,0.3563701921,0.9998571877,-0.01113559963,-0.01201073103,0.004164725723
3.849948168,91.38437581,0.6370131956,0.1512512952,0.3564637786,0.9998602507,-0.01105088935,-0.01174547879,0.004404611437
3.874949455,91.4093771,0.6370683403,0.151183555,0.3565505032,0.9998638273,-0.01092952864,-0.01143326375,0.004706677649
3.899921417,91.43434906,0.6371107824,0.1511270447,0.3565863103,0.9998671658,-0.01077043476,-0.01114646631,0.005040312195
3.924988747,91.45941639,0.6371338663,0.1510956699,0.3566215248,0.999869901,-0.0106239971,-0.0109123499,0.005313412203
3.945021391,91.47944903,0.6371476576,0.1510801057,0.3566739511,0.999871464,-0.01055616708,-0.01076816048,0.005446975289
3.969971657,91.5043993,0.6371612269,0.1510659464,0.3567346572,0.9998727566,-0.01052615388,-0.01064212886,0.005515048978
3.994945049,91.52937269,0.6371764356,0.1510546035,0.3567863237,0.9998739902,-0.01052336005,-0.01052340208,0.005524546169
4.014952421,91.54938006,0.6371879139,0.151022045,0.3568329841,0.9998744127,-0.01053697837,-0.0104454744,0.005569825686
4.034974098,91.56940174,0.6372030565,0.1509696182,0.3568764929,0.9998747369,-0.01056207139,-0.01035913805,0.00562506165
4.054981232,91.58940887,0.6372285228,0.1509535224,0.3569243296,0.9998765124,-0.01057184728,-0.01019000285,0.005599989694
4.079982996,91.61441064,0.6373548806,0.1510485365,0.3569951377,0.9998882118,-0.01056407672,-0.009315448245,0.005018619202
4.104955435,91.63938308,0.6375936918,0.1512251358,0.3571872775,0.9999078817,-0.01056489538,-0.007589477459,0.00387440707
4.124979734,91.65940738,0.6377414605,0.1513052107,0.3574745708,0.9999221849,-0.01056086106,-0.005899836413,0.00304700294
4.15000391,91.68443155,0.6377604518,0.15121905,0.3579368155,0.9999370801,-0.01051391163,-0.00315584777,0.002309585048
4.174969196,91.70939684,0.637650123,0.1509130451,0.3585224243,0.9999436281,-0.01045871171,0.0004321912079,0.001780215539
4.199958086,91.73438573,0.6373023163,0.1503279885,0.3592467664,0.9999350788,-0.01037246467,0.004323972054,0.001885048807
4.22497797,91.75940561,0.636608631,0.1496159897,0.3599720939,0.999912511,-0.01008730993,0.008160870822,0.002572284732
4.249892235,91.78431988,0.635747294,0.148916449,0.3606032321,0.9998723517,-0.009634791553,0.01234260471,0.003179802114
4.274842739,91.80927038,0.6345716456,0.1482602343,0.3611326408,0.9998187475,-0.008910755826,0.01634479097,0.003989789127
4.299824953,91.8342526,0.6329219637,0.1475882552,0.3613883747,0.9997640183,-0.007864357231,0.01951685612,0.005399247738
4.319879532,91.85430717,0.6313880432,0.147041345,0.3613835211,0.999718924,-0.006875908745,0.02165744761,0.006763867937
4.344885111,91.87931275,0.6292839987,0.1465124073,0.3610149049,0.9996592097,-0.005395532087,0.02416779386,0.008262593658
4.364934444,91.89936209,0.6275518816,0.1461314058,0.3605189339,0.9996079738,-0.00414624201,0.02606950814,0.009332105096
4.389881849,91.92430949,0.6252773512,0.1453845571,0.3597097029,0.9995486267,-0.002711769225,0.02776479194,0.01114923803
4.409925699,91.94435334,0.6234559087,0.1447001352,0.3588723483,0.9995031663,-0.001626600125,0.02880031375,0.01270104895
4.429928541,91.96435618,0.6217353641,0.1441553881,0.3579990071,0.9994495485,-0.000502069884,0.0302097921,0.01370096571
4.449955702,91.98438334,0.6201839162,0.1437264424,0.3570799432,0.9993855703,0.0006060535037,0.03208868115,0.01408655853
4.474932432,92.00936007,0.6185071936,0.1432321322,0.3562327707,0.9992899495,0.001825311031,0.03487653767,0.01413832296
4.494948864,92.02937651,0.6172165077,0.1428205948,0.3556140704,0.9992137341,0.002736704022,0.03689522996,0.01425363166
4.519934654,92.0543623,0.6157675733,0.1424410298,0.3552005601,0.9991049318,0.003842310891,0.03968702223,0.01412487667
4.539962292,92.07438993,0.6147797801,0.1421494161,0.3550140197,0.9990052581,0.004616401909,0.04214609633,0.01381628085
4.564906597,92.09933424,0.6137042738,0.141791006,0.3549629517,0.9988706438,0.005457431369,0.04526673069,0.01336325214
4.584979296,92.11940694,0.6129016114,0.1415351157,0.3550171047,0.9987618537,0.006088450618,0.04762423789,0.0130239143
4.609879732,92.14430737,0.6118714221,0.1412185761,0.3550639539,0.9986367565,0.006868089484,0.05013330208,0.01281053853
4.629935503,92.16436315,0.6110353003,0.1408867529,0.355147311,0.9985466024,0.007420611904,0.05178461339,0.01296036777
4.649951458,92.1843791,0.6101922617,0.1404733859,0.3552596841,0.9984650526,0.007902050389,0.05316016432,0.01338257254
4.674950123,92.20937777,0.6092096178,0.1398885251,0.355365126,0.9983669708,0.008397000007,0.05474735857,0.01398601949
4.69495225,92.22937989,0.6084516784,0.1393506768,0.3553421408,0.9982957655,0.00871990903,0.05583490756,0.01455990432
4.719964027,92.25439167,0.6074660761,0.1385354861,0.3551966103,0.9982205833,0.00903958843,0.05684016397,0.01559322595
4.739989996,92.27441764,0.6066837724,0.1377368803,0.3550571523,0.9981650155,0.00918456397,0.05748305013,0.01667167081
4.764908552,92.29933619,0.6058334197,0.1367329645,0.3548917268,0.9980795496,0.009296814618,0.05861195943,0.01776007052
4.789894342,92.32432199,0.6050349381,0.1359025127,0.3546695509,0.9979846287,0.009496258969,0.05998381393,0.01839684899
4.809905767,92.34433341,0.604330099,0.1353447825,0.3545063734,0.9979105937,0.009765711299,0.06102890946,0.01882949753
4.834892035,92.36931968,0.6034017299,0.1347532631,0.3543294466,0.997816162,0.01020465254,0.06235322899,0.01925738424
4.854902029,92.38932967,0.6026487813,0.1344592415,0.3541389422,0.9977393324,0.01068212951,0.06347270758,0.0193218039
4.879887342,92.41431499,0.601689145,0.1343527597,0.3538286651,0.9976545939,0.01144876598,0.06471530829,0.01913546239
4.899962902,92.43439054,0.6008334586,0.1344006099,0.353502898,0.9976126013,0.01216821147,0.0652504349,0.01906339564
4.924904346,92.45933199,0.5997504101,0.134666333,0.3531524366,0.9975791917,0.01316708283,0.06559947934,0.01894973807
4.94986248,92.48429012,0.5986952178,0.1351812434,0.3528018726,0.9975721521,0.0142515648,0.06551696981,0.01882075765
4.974778891,92.50920653,0.5976078266,0.1356959975,0.3523186313,0.9976094609,0.0152892097,0.06460577217,0.01917544722
4.99496007,92.52938771,0.5966890635,0.1361214346,0.3518242704,0.9976565714,0.01614511502,0.06350876692,0.01968088728
5.019924641,92.55435228,0.5956278229,0.1365476955,0.3512007061,0.9977263539,0.01706594015,0.06187783029,0.02054289631
5.044911861,92.5793395,0.5947215255,0.1368741322,0.3506199589,0.9978045779,0.01778466517,0.06002673643,0.02159909647
5.069874525,92.60430217,0.5937918232,0.137118525,0.3500735645,0.9978942409,0.01841693532,0.05777081707,0.02303113351
5.089942455,92.6243701,0.5930535714,0.1373006246,0.3496904788,0.997966731,0.01888557275,0.05578638727,0.02436427574
5.11495471,92.64938235,0.5922383537,0.1375592135,0.3493258659,0.998045333,0.01942129901,0.05337036958,0.02607546919
5.13988924,92.67431688,0.5915145363,0.1378330484,0.3490870979,0.9981147138,0.01989724162,0.05089547777,0.02794223079
5.159980774,92.69440842,0.5909671203,0.1380688146,0.3489824136,0.9981654816,0.02024357783,0.04876665151,0.02962570735
5.184959888,92.71938753,0.5904000769,0.1383005124,0.3489567289,0.9982168504,0.02054693386,0.04616036499,0.0317830724
5.209938765,92.74436641,0.5899125643,0.1385510311,0.3489520024,0.9982504255,0.02085807432,0.04393567397,0.03362566509
5.229968548,92.76439619,0.5895708225,0.1387968475,0.3489492181,0.9982663504,0.02113483426,0.04244656432,0.03486978182
5.254905939,92.78933358,0.5891774948,0.13912177,0.3489515072,0.9982785248,0.02148563787,0.04080528368,0.03623924731
5.274928808,92.80935645,0.5888763773,0.1393858814,0.3489532206,0.998284349,0.02176342416,0.03957892919,0.03725882943
5.299941063,92.83436871,0.5885347375,0.1397105075,0.3489513656,0.9982873002,0.02210206352,0.03822030581,0.03838193996
5.324958563,92.85938621,0.5882473059,0.1401620489,0.3489628826,0.9982830579,0.02252562687,0.03727241321,0.03917013704
5.349948168,92.88437581,0.5880043381,0.1406546262,0.3489809143,0.9982763625,0.02296442727,0.03661919054,0.03969853859
5.374959946,92.90938759,0.587764716,0.1412010898,0.3489920829,0.9982682725,0.02344515846,0.03609676396,0.04009743619
5.39998889,92.93441653,0.5875858277,0.1418015535,0.3490194579,0.9982584453,0.0239543411,0.03593734972,0.0401842358
5.424903154,92.9593308,0.587445306,0.1424589306,0.3490431366,0.9982465883,0.02449558409,0.03598521691,0.04010959223
5.445002079,92.97942972,0.5873263469,0.1429496796,0.3490460771,0.9982378243,0.02490883786,0.03599638311,0.04006315477
5.469867706,93.00429535,0.587156636,0.1436295485,0.3490591982,0.9982252967,0.02548166841,0.03601561125,0.03999771735
5.494847536,93.02927518,0.586994802,0.1442994608,0.3490875749,0.9982126688,0.02604294468,0.0360495332,0.03992072163
5.519850969,93.05427861,0.5868111293,0.1450358701,0.3490779411,0.9981998567,0.02665559232,0.03604540265,0.03984036195
5.539898634,93.07432628,0.5866634241,0.1455828324,0.3490446815,0.9981910522,0.02711392465,0.03601163515,0.03978216433
5.559958458,93.0943861,0.5865038195,0.1461768147,0.3490366207,0.9981805485,0.02760901362,0.03599828322,0.03971723194
5.584895611,93.11932325,0.5863390076,0.1468360888,0.3490627227,0.998168012,0.02815223552,0.03601983236,0.03963134009
5.604920864,93.13934851,0.5861938413,0.1474131896,0.3490704534,0.9981578495,0.02862481147,0.03602467261,0.03954428764
5.624924183,93.15935183,0.5860477413,0.1479869986,0.3490592811,0.9981470611,0.02910207513,0.03601765442,0.03947457738
5.644936323,93.17936397,0.5858894811,0.1486139108,0.3490606151,0.9981332699,0.02963278627,0.03603267446,0.03941471657
5.669932127,93.20435977,0.5857043678,0.1493548159,0.3490886666,0.9981159584,0.03025768983,0.0360719299,0.03934236589
5.68995142,93.22437906,0.5855505894,0.1499545973,0.3491041485,0.9981024889,0.03076127596,0.03609089945,0.03927610699
5.714916468,93.24934411,0.5853666107,0.1506684112,0.3490939873,0.998085414,0.03136773382,0.03609761878,0.03922414428
5.734927654,93.2693553,0.5852374759,0.1511661475,0.3490940341,0.9980723119,0.03179233064,0.0361113302,0.03920305725
5.754927635,93.28935528,0.5851288781,0.1515861906,0.3491020419,0.9980612528,0.03214975806,0.03612852287,0.03917727148
5.77993083,93.31435847,0.5850174762,0.1520161016,0.3491055895,0.9980496199,0.03251694525,0.03614466022,0.03915568935
5.799950123,93.33437777,0.5849641352,0.1522219671,0.3491032606,0.9980435677,0.03269458333,0.03615204779,0.03915521091
5.824881315,93.35930896,0.5849496552,0.1522798149,0.3491068896,0.9980417243,0.03274481063,0.03615841832,0.03915434553
5.844885111,93.37931275,0.5849596416,0.1522717863,0.3491181381,0.9980412824,0.03273475792,0.03617415881,0.03915947535
5.864890575,93.39931822,0.5849828446,0.1522508327,0.3491266824,0.9980410807,0.03270723863,0.03619383131,0.03916943233
5.889964819,93.42439246,0.5849970013,0.1522038683,0.3491057009,0.9980408912,0.03266979213,0.0361825992,0.03921585932
5.914941788,93.44936943,0.5850087102,0.1521549142,0.3490832983,0.9980404817,0.03263330866,0.03617306038,0.03926542603
5.934946537,93.46937418,0.5850167274,0.1521325251,0.3490839689,0.9980398249,0.03261541763,0.03618059509,0.03929003644
5.954952478,93.48938012,0.5850320222,0.1521256499,0.3491077257,0.9980390236,0.03260133116,0.0362101214,0.03929488214
5.974996328,93.50942397,0.5850509019,0.1521262008,0.3491296141,0.9980386682,0.03258896016,0.03623866859,0.03928785168
5.999921322,93.53434896,0.5850521516,0.1521348584,0.3491338525,0.9980384807,0.03259391252,0.03624375092,0.03928381846
6.019970894,93.55439854,0.5850488292,0.1521420046,0.3491333645,0.9980382914,0.03260113711,0.03624277369,0.03928353395
6.044896603,93.57932425,0.5850538155,0.1521327702,0.3491359385,0.9980378729,0.03259500427,0.03624980901,0.03929276524
6.064919472,93.59934711,0.5850713836,0.1520975155,0.3491306795,0.998037136,0.03256800506,0.0362596058,0.03932481615
6.089895964,93.62432361,0.5851019686,0.1520379047,0.3491184841,0.9980320136,0.03256052056,0.03630214571,0.03942165046
6.114880085,93.64930773,0.5851118638,0.1520136286,0.3491168611,0.9980301314,0.03255376907,0.0363182002,0.03946007221
6.134934425,93.66936207,0.5851125118,0.1520131201,0.349124269,0.9980295056,0.03255596901,0.03632735946,0.03946565217
6.159929037,93.69435668,0.5851131235,0.1520128531,0.3491304778,0.9980291335,0.03255664631,0.03633363733,0.03946872519
6.179951429,93.71437907,0.585114031,0.1520064516,0.3491280495,0.998029047,0.03255247134,0.03632916526,0.03947847063
6.204909801,93.73933744,0.5851189253,0.1519853346,0.3491179841,0.9980289633,0.03253639658,0.036323259,0.03949926775
6.224928856,93.7593565,0.5851255241,0.1519596702,0.3491067828,0.9980287984,0.03251686505,0.03631857204,0.03952381972
6.249891043,93.78431869,0.5851377013,0.1519046287,0.3490838412,0.9980286783,0.03247447454,0.0362993379,0.03957933677
6.274947166,93.80937481,0.585155011,0.1518143271,0.3490411477,0.9980285043,0.03240471066,0.03625722327,0.03967937818
6.299915791,93.83434343,0.5851996232,0.1516326782,0.3489536934,0.9980276751,0.03226066871,0.03621159527,0.03985886713
6.319930315,93.85435796,0.5852494244,0.1514324469,0.3488556622,0.9980267702,0.03210183365,0.0361635674,0.04005289866
6.344865084,93.87929273,0.5853421004,0.1510580368,0.3486739907,0.9980248408,0.03180510075,0.03607316255,0.0404175655
6.364956141,93.89938378,0.5854387652,0.1506682799,0.3484852803,0.9980226035,0.03149608404,0.03598152247,0.04079472553
6.389913797,93.92434144,0.5855808907,0.1500926383,0.3482066772,0.9980188929,0.03103994644,0.03584613352,0.04135052336
6.414882898,93.94931054,0.585730287,0.1494638076,0.3478968119,0.9980143152,0.03054490566,0.03569027748,0.04195997564
6.434961081,93.96938872,0.5858559314,0.1489216721,0.3476290137,0.9980098131,0.03012047156,0.035553769,0.04248646438
6.459941387,93.99436903,0.5860288341,0.1482039878,0.3472842381,0.9980030075,0.02955410211,0.03538460925,0.0431796425
6.479967594,94.01439524,0.5861674308,0.1476310524,0.3470102102,0.997997008,0.02910179545,0.03525076465,0.04373146545
6.504895687,94.03932333,0.5863409112,0.1469068853,0.3466640038,0.9979887221,0.02853053646,0.03508006834,0.04442868315
6.529963255,94.0643909,0.5865048676,0.1461954005,0.3463202342,0.9979797865,0.02797298695,0.03490560747,0.04511603158
6.554915428,94.08934307,0.5866528293,0.1455250563,0.3459930255,0.9979706509,0.02745171373,0.03473496661,0.04576533042
6.574948788,94.10937643,0.586757051,0.145038848,0.3457535782,0.9979636065,0.0270755592,0.03460762471,0.04623706867
6.599977732,94.13440537,0.5868682853,0.1444995514,0.345484508,0.9979553781,0.02666132387,0.03446071997,0.04676211953
6.624940395,94.15936804,0.5869624651,0.1440200194,0.345242716,0.9979476551,0.02629581644,0.0343257956,0.04723078875
6.649951458,94.1843791,0.5870449235,0.1436115648,0.3450406092,0.9979407384,0.02598331705,0.03421507132,0.0476285504
6.669966221,94.20439386,0.5871073953,0.1433314122,0.3449095766,0.9979357965,0.02576470223,0.03414608752,0.04789959183
6.694915533,94.22934318,0.5871852936,0.1429867639,0.3447479604,0.997929613,0.02549492767,0.03406205703,0.04823144643
6.714949608,94.24937725,0.5872442858,0.1427184107,0.3446212162,0.9979247547,0.02528614909,0.03399551661,0.0484881366
6.739952087,94.27437973,0.5873158645,0.1424028203,0.3444814196,0.9979189245,0.02503863349,0.03392517256,0.04878493194
6.764899731,94.29932737,0.5873871109,0.1420846706,0.344347505,0.9979127956,0.02478842276,0.03385334861,0.04908703711
6.789945841,94.32437348,0.5874508118,0.1417763894,0.3442080657,0.9979069278,0.02454961408,0.03377091688,0.04938223337
6.814883232,94.34931087,0.5875038367,0.1415055098,0.3440819675,0.9979018247,0.02434212548,0.03369778174,0.04963737255
6.834965229,94.36939287,0.5875443942,0.1413157921,0.3439986466,0.997898268,0.02419365605,0.03365322274,0.04981138704
6.859946489,94.39437413,0.5875805433,0.1411345707,0.343921743,0.997894954,0.02405288116,0.03360172247,0.04998043604
6.879969597,94.41439724,0.5875950414,0.1410238678,0.3438674514,0.9978926813,0.02397133647,0.03355341974,0.05009730255
6.90493536,94.439363,0.5875983062,0.1409488831,0.3438246915,0.9978910256,0.02392099369,0.03351532655,0.05017977579
6.924957037,94.45938468,0.587603441,0.1409122235,0.3438131832,0.9978902154,0.02389366331,0.03350555101,0.05021542482
6.94496417,94.47939181,0.5876115392,0.1408705789,0.343809288,0.9978890695,0.02386024512,0.03349898728,0.05025844808
6.969964504,94.50439215,0.5876221353,0.1408026547,0.3438010922,0.9978874208,0.02380637899,0.03347263524,0.05033422669
6.99494195,94.52936959,0.5876339442,0.1407113666,0.343779205,0.9978857657,0.02373570323,0.03342387811,0.05043272047
7.019916058,94.5543437,0.5876435114,0.1406179339,0.3437517982,0.9978841194,0.02366384198,0.03335381109,0.05054532675
7.044929266,94.57935691,0.5876487866,0.1405402844,0.343724025,0.9978824568,0.02360472385,0.03327882526,0.05065510127
7.064933777,94.59936142,0.5876480542,0.1404815662,0.3436952154,0.997881186,0.02356387524,0.03322097199,0.0507370624
7.089923382,94.62435102,0.5876453671,0.1403806771,0.3436463957,0.9978792525,0.02349485603,0.0331241395,0.0508702318
7.114935637,94.64936328,0.5876525708,0.1402524716,0.3435885321,0.9978771139,0.02340331856,0.03303728025,0.05101066822
7.139932156,94.6743598,0.5876707751,0.1400898595,0.3435202435,0.9978744608,0.02328235567,0.03294964754,0.05117434075
7.159957409,94.69438505,0.5876859769,0.1399335076,0.3434496141,0.9978716389,0.02316764311,0.03286510218,0.05133554026
7.179973125,94.71440077,0.5876960879,0.1397723807,0.3433707575,0.9978687545,0.02305379047,0.03277211167,0.0515020417
7.204881668,94.73930931,0.5877107022,0.1395580954,0.3432729474,0.997865039,0.02289990257,0.03264264431,0.05172442466
7.224890947,94.75931859,0.5877147205,0.1393779353,0.343201469,0.9978614367,0.0227681541,0.03246658904,0.05196234161
7.244911194,94.77933884,0.5876724435,0.1391798848,0.3431425759,0.9978553478,0.02262737561,0.03201529404,0.05241877183
7.264935017,94.79936266,0.5875686206,0.1389956593,0.3431047829,0.9978470727,0.02251028596,0.03129239147,0.0530593331
7.289907932,94.82433558,0.5873990232,0.1387665563,0.343085401,0.9978337206,0.02236672153,0.03016897457,0.05401322824
7.30991745,94.84434509,0.5872439847,0.1385777189,0.3430808466,0.9978200143,0.02224391695,0.02913577823,0.05487744162
7.329935074,94.86436272,0.5870741368,0.1384160753,0.3430673385,0.9978058148,0.02214106142,0.02809776834,0.05571215908
7.349936008,94.88436365,0.5869036727,0.138292493,0.3430475072,0.9977913238,0.02208045028,0.02717385041,0.05644917805
7.369941473,94.90436912,0.5867629845,0.1381795454,0.3430380926,0.9977766513,0.02202544682,0.02637295633,0.05710605091
7.39490962,94.92933726,0.5866303255,0.1380370855,0.3430291357,0.9977612661,0.02194132071,0.02554686054,0.0577788213
7.414958239,94.94938588,0.5865614026,0.1379647658,0.3430082642,0.9977546279,0.02189802163,0.02514216537,0.0580865793
7.439971685,94.97439933,0.5865202676,0.1379421356,0.3429866238,0.9977532289,0.02188757087,0.02498351808,0.05818292059
7.464890242,94.99931788,0.5865170563,0.1379241231,0.3429879732,0.9977562328,0.02184623832,0.02494924535,0.05816164509
7.484951019,95.01937866,0.5865236478,0.1379008163,0.342988697,0.9977568247,0.02182432891,0.02494783696,0.05816032082
7.50998044,95.04440808,0.586528311,0.137879783,0.3429792978,0.9977580226,0.02180228815,0.02493623638,0.05815301053
7.534944296,95.06937194,0.5865309705,0.1378656444,0.3429786318,0.9977588624,0.02178533253,0.02492981265,0.0581477096
7.559957743,95.09438539,0.5865354419,0.1378447617,0.3429813849,0.9977605332,0.02175603673,0.02492102438,0.05813377464
7.584887266,95.11931491,0.5865283392,0.1378530178,0.3429629708,0.9977649782,0.02173091229,0.02487405957,0.0580869762
7.604902506,95.13933015,0.5865170889,0.137875344,0.3429413217,0.9977701821,0.02171244757,0.02481986873,0.05802764386
7.629892349,95.16431999,0.586506897,0.1378869685,0.3429334629,0.9977763735,0.02166727787,0.02476450787,0.05796168315
7.649929523,95.18435717,0.5865016821,0.1378935373,0.3429339609,0.9977805085,0.02163412966,0.02473244942,0.05791655426
7.669934988,95.20436263,0.5864932566,0.1379145078,0.3429356104,0.9977852717,0.02161317692,0.02469836923,0.05785682912
7.694830656,95.2292583,0.5864779993,0.1379436241,0.3429067947,0.9977932973,0.02157393296,0.02461503202,0.05776851549
7.714836359,95.249264,0.5864072433,0.1380160693,0.3428767102,0.9978438199,0.02115009051,0.0241797057,0.05723396297
7.739820004,95.27424765,0.5861693891,0.1382744267,0.3428403009,0.9980152609,0.019657064,0.02271328426,0.05534659446
7.759840488,95.29426813,0.5858691399,0.1386378032,0.342800678,0.9982199745,0.01780418767,0.0208761422,0.05295356536
7.78484869,95.31927633,0.5853551505,0.1392259467,0.3427130199,0.9985264817,0.01478649502,0.01781587922,0.04907972473
7.804964066,95.33939171,0.5848820501,0.1396936299,0.3426370479,0.9987811067,0.01188901525,0.01487846797,0.04553661661
7.829929113,95.36435676,0.5841919174,0.1402719044,0.3425685493,0.999071209,0.007909444795,0.01049367864,0.04103708859
7.854896307,95.38932395,0.5835016961,0.1408561269,0.3425575868,0.9993057936,0.003803813813,0.005806002445,0.03660262656
7.874911547,95.40933919,0.5831549169,0.1412794496,0.3427004939,0.9994491799,0.0004561598149,0.002322191906,0.03310190526
7.894927263,95.42935491,0.5830615569,0.1416209291,0.3430350315,0.9995539614,-0.002988262069,-0.0008406252691,0.02970255638
7.919902802,95.45433044,0.5831760239,0.1419438202,0.3436902135,0.999631312,-0.007283345075,-0.004520378432,0.02576352409
7.944951296,95.47937894,0.5835145411,0.1421389488,0.344520823,0.9996539962,-0.01144652307,-0.007990322876,0.02229394084
7.969953775,95.50438142,0.5841559867,0.1422149034,0.3454912193,0.999641693,-0.01535698954,-0.01070050959,0.01913498423
7.994916201,95.52934384,0.5852099673,0.1422019761,0.3466839577,0.9996155834,-0.01901524138,-0.01215284391,0.01610634375
8.01990509,95.55433273,0.5865528982,0.1419969596,0.3479777969,0.9995777373,-0.02238800281,-0.01268230782,0.01350123837
8.039928913,95.57435656,0.5877767233,0.1416855619,0.3490318798,0.9995420636,-0.02483401112,-0.01259613283,0.01184366414
8.064857006,95.59928465,0.5895289719,0.1411400507,0.3503869615,0.9994993534,-0.02758924316,-0.01168237448,0.0101685003
8.084917307,95.61934495,0.5910878286,0.1405681552,0.3515073105,0.9994660379,-0.02959779895,-0.01038738644,0.009149403876
8.109827518,95.64425516,0.5931437256,0.1396428237,0.352896368,0.9994223872,-0.03182821572,-0.008353149653,0.008490083152
8.134803534,95.66923118,0.5952852766,0.1385388125,0.3542740651,0.9993743812,-0.03384732975,-0.005994066191,0.008323203542
8.154836416,95.68926406,0.5969932237,0.1375997777,0.3553417824,0.9993269254,-0.03550351125,-0.004126612687,0.008256390563
8.179829597,95.71425724,0.5989982725,0.1363502303,0.3564970298,0.9992584272,-0.03753839724,-0.002000833658,0.00833432674
8.204838753,95.7392664,0.6008522694,0.1350775408,0.3575181684,0.9991841517,-0.03947304652,-4.331799208e-05,0.008538605395
8.224861145,95.75928879,0.602288438,0.134045434,0.3583020691,0.9991188711,-0.04102570377,0.001468275151,0.0087302483
8.249885798,95.78431344,0.6039684165,0.1326804097,0.3591267458,0.9990303209,-0.04295777691,0.003156081001,0.009115183638
8.269919634,95.80434728,0.6051563345,0.1315496117,0.3596108058,0.9989569631,-0.04444352027,0.00425324381,0.009574412791
8.29481864,95.82924628,0.6064270505,0.1301685711,0.3600119294,0.9988678961,-0.04614081083,0.005385964074,0.0102441759
8.319812059,95.8542397,0.6075601187,0.1288173215,0.3603112738,0.9987803965,-0.0477163668,0.006386704904,0.01095800972
8.339919567,95.87434721,0.6084803461,0.1277032357,0.3605561245,0.9987052723,-0.04901545126,0.007200860272,0.0115504225
8.364919901,95.89934754,0.6097302556,0.1262350721,0.3609243637,0.9986006974,-0.05075447626,0.008330546936,0.01229765223
8.389923334,95.92435098,0.6109146249,0.1248772014,0.361285411,0.9984982527,-0.05239836902,0.009389413898,0.01294176305
8.41490984,95.94933748,0.6118509813,0.1238020092,0.361563059,0.9984133934,-0.05371867797,0.01020573625,0.01344777107
8.434920311,95.96934795,0.6124528113,0.1231236835,0.3617634978,0.9983577852,-0.05455498066,0.0107550398,0.01377737266
8.459915161,95.9943428,0.6130676718,0.1224954581,0.3620079513,0.9983032894,-0.0553488583,0.01135641961,0.01407401969
8.484917402,96.01934505,0.6135698315,0.1220645035,0.3622585504,0.9982622063,-0.0559335999,0.01188591135,0.01423815433
8.509923935,96.04435158,0.6139839623,0.1217246468,0.362482208,0.9982287315,-0.05640483763,0.01233241987,0.01434591946
8.534909725,96.06933737,0.6142932944,0.1214509044,0.3626460032,0.9982025107,-0.05677416526,0.01265938376,0.01442850415
8.559900045,96.09432769,0.6144906509,0.1212473303,0.3627332661,0.9981841071,-0.05703292572,0.01285509636,0.01450793426
8.5799191,96.11434674,0.6145794533,0.1211608259,0.3627630833,0.9981759366,-0.05715149902,0.01293192075,0.0145351673
8.604889393,96.13931704,0.6146009038,0.121131581,0.3627176276,0.9981733352,-0.05719576098,0.01290613905,0.01456260281
8.624895334,96.15932298,0.6145943063,0.1211443976,0.362673425,0.9981734773,-0.05720286472,0.01285873687,0.01456689263
8.644912958,96.1793406,0.6145870703,0.1211612166,0.3626544889,0.9981733935,-0.05721039527,0.01282973022,0.0145686389
8.669905663,96.20433331,0.614594526,0.1211629321,0.3626482028,0.9981719929,-0.05723495138,0.01282249598,0.01457451317
8.694896221,96.22932386,0.6146141166,0.1211234317,0.3626268308,0.9981687635,-0.05728727199,0.01281280097,0.01459863854
8.714899302,96.24932694,0.6146228051,0.1210780251,0.3625889028,0.9981659389,-0.05733402995,0.01278489221,0.01463263476
8.734926224,96.26935387,0.6146284348,0.1210440928,0.3625688769,0.9981635356,-0.05737273565,0.01276869395,0.01465898816
8.759942532,96.29437017,0.614632312,0.1210345403,0.3625570475,0.9981620723,-0.05739559645,0.01275939219,0.01467722288
8.784911156,96.3193388,0.614635051,0.1210200717,0.3625298392,0.9981607008,-0.05741617896,0.01273985934,0.01470693218
8.804928064,96.33935571,0.614640587,0.1209852542,0.3625025644,0.9981584164,-0.05745161204,0.0127189429,0.01474165916
8.829925299,96.36435294,0.6146514043,0.120903268,0.3624690423,0.9981537004,-0.05751872954,0.01268704,0.01482649857
8.854867458,96.3892951,0.6146844651,0.1207107354,0.3623900766,0.9981425311,-0.0576719897,0.01263695767,0.01502452848
8.874905825,96.40933347,0.6147199947,0.1205043017,0.362297022,0.9981304669,-0.05783798706,0.01258696022,0.01522848425
8.89991498,96.43434262,0.6147711519,0.1201940358,0.3621598359,0.9981120431,-0.05809129939,0.01251192872,0.01553067876
8.924903154,96.4593308,0.6148281219,0.1198412944,0.362013167,0.9980911469,-0.058373091,0.01241138824,0.01589346153
8.94989419,96.48432183,0.6148902142,0.1194695351,0.3618596452,0.9980689893,-0.0586664461,0.01231528105,0.01627496854
8.974895,96.50932264,0.6149594831,0.1190588904,0.3616872384,0.9980441996,-0.05899209841,0.01220866756,0.01669300329
8.999891996,96.53431964,0.6150419102,0.1185707505,0.3614763839,0.9980143259,-0.05937888528,0.01210482716,0.01717633375
9.024889231,96.55931687,0.6151264995,0.1180723851,0.3612686519,0.9979834052,-0.05977199791,0.01201683812,0.01766428332
9.049875736,96.58430338,0.6152090491,0.1176157249,0.3610825513,0.9979545418,-0.06013464266,0.01195224395,0.01810251441
9.06990242,96.60433006,0.6152576772,0.1172897477,0.3609480822,0.9979339416,-0.06039090032,0.01187817817,0.01843084797
9.094878435,96.62930608,0.6152875466,0.116917094,0.3607863137,0.9979109299,-0.06067305001,0.01169794341,0.01886041305
9.119881153,96.6543088,0.6152398996,0.1165149458,0.3606388608,0.9978868718,-0.06095303953,0.01104208542,0.0196109791
9.144867182,96.67929482,0.6151100397,0.1160894999,0.3605376044,0.9978599417,-0.06123086741,0.009904674145,0.02069335625
9.164872646,96.69930029,0.614948831,0.1157641152,0.3604785448,0.9978373224,-0.06142712938,0.008719760582,0.02171063374
9.189868689,96.72429633,0.6146784405,0.1154316151,0.3604249769,0.9978101336,-0.06159517605,0.006994676401,0.02306612444
9.214869738,96.74929738,0.6143529145,0.1152176975,0.3604275545,0.9977856199,-0.06165657631,0.005101413464,0.02441923204
9.239918947,96.77434659,0.614043588,0.1150181562,0.3604864445,0.9977564048,-0.0617154512,0.003279721227,0.02574108052
9.264868736,96.79929638,0.6137582228,0.1148361504,0.3605456463,0.9977253916,-0.06176786937,0.001624476666,0.02694687915
9.289882183,96.82430983,0.6135222591,0.1146814064,0.3605720135,0.9976963429,-0.06181360752,0.0002341883403,0.02794692107
9.309933901,96.84436154,0.6133734132,0.1145829889,0.360586591,0.9976762942,-0.06184307814,-0.0006523083679,0.02858356461
9.334928513,96.86935616,0.6132380608,0.1144994039,0.3606098229,0.9976576755,-0.0618661313,-0.001437587063,0.02914922915
9.359906435,96.89433408,0.613164077,0.114461293,0.360618446,0.9976478977,-0.06188052143,-0.001851301206,0.02942866029
9.384912968,96.91934061,0.6131370338,0.1144455268,0.3606182302,0.9976436637,-0.06190478049,-0.00201691173,0.02951017753
9.40494895,96.93937659,0.6131333048,0.1144196905,0.3606220134,0.9976407705,-0.06193381,-0.002068964615,0.02954345421
9.429893494,96.96432114,0.6131294348,0.1143746728,0.3606220972,0.9976365036,-0.06197295947,-0.002127196848,0.02960125034
9.449894905,96.98432255,0.6131261804,0.1143437266,0.3606146913,0.9976335015,-0.06199936273,-0.002170386393,0.02964397151
9.469902754,97.0043304,0.6131295374,0.1143056802,0.3606099585,0.9976302063,-0.06203006632,-0.002194148997,0.02968885352
9.494851828,97.02927947,0.6131461394,0.1142314256,0.3606191021,0.9976246835,-0.06209463464,-0.002186322314,0.02973999204
9.519900084,97.05432773,0.6131648428,0.1141199657,0.3606290843,0.9976168135,-0.06218822716,-0.002177737993,0.02980898043
9.539926291,97.07435393,0.613175537,0.1140213533,0.3606305375,0.9976096773,-0.06226711705,-0.002199076059,0.0298814661
9.564884663,97.09931231,0.6131892493,0.1138878569,0.3606311616,0.9975998088,-0.06237361916,-0.002241627041,0.02998546776
9.584903479,97.11933112,0.6132114575,0.1137642609,0.3606385082,0.9975914821,-0.06247605082,-0.002233261714,0.03004979971
9.604904413,97.13933206,0.6132401225,0.1136047175,0.3606362036,0.9975806733,-0.06260629376,-0.002219057531,0.03013848043
9.624916315,97.15934396,0.613262494,0.1134237293,0.360611502,0.9975674756,-0.06274867356,-0.002238534527,0.03027745823
9.649895906,97.18432355,0.6132887055,0.1131804878,0.3605592391,0.9975484558,-0.06293875789,-0.002298406098,0.03050423554
9.669905424,97.20433307,0.6133160458,0.1129986476,0.3605333373,0.9975342225,-0.06308514041,-0.002317021463,0.03066547646
9.694937706,97.22936535,0.6133555617,0.1127655915,0.360495353,0.9975167399,-0.063274502,-0.002324231069,0.03084297176
9.714945316,97.24937296,0.6133846253,0.1125544333,0.3604439692,0.9975007503,-0.06344197314,-0.002354130359,0.03101333875
9.739922762,97.2743504,0.6134173432,0.1122866636,0.3603650309,0.9974802909,-0.06365304451,-0.002403419065,0.03123432004
9.764890432,97.29931808,0.6134569107,0.1120020373,0.3602867043,0.9974583266,-0.06388305153,-0.002446132723,0.03146202296
9.784926414,97.31935406,0.6134928004,0.1117653842,0.3602367246,0.9974395682,-0.06407410528,-0.002480578321,0.03166486271
9.80991888,97.34434652,0.6135400128,0.1114562487,0.3601698937,0.9974143305,-0.06432323964,-0.002527952035,0.03194970402
9.8299191,97.36434674,0.613575792,0.1112133872,0.3601016603,0.9973944437,-0.0645190478,-0.002566527973,0.03217186818
9.849937201,97.38436484,0.6136070864,0.1109673077,0.3600267218,0.9973742678,-0.06471695942,-0.002604870464,0.03239598371
9.874913454,97.4093411,0.6136391447,0.1107122615,0.359965776,0.997352906,-0.06491953698,-0.002630392955,0.03264530076
9.899905443,97.43433309,0.6136639066,0.1105297331,0.3599556012,0.9973369637,-0.06506648931,-0.002630798571,0.03283917885
9.919912338,97.45433998,0.6136749738,0.1104129635,0.3599859153,0.9973262959,-0.06516098869,-0.002629594996,0.03297560018
9.944866419,97.47929406,0.6136842966,0.1102327262,0.3600577533,0.9973104097,-0.06530414635,-0.002617704973,0.03317322409
9.969922543,97.50435019,0.6137009054,0.1099990787,0.360185666,0.9972901376,-0.06548828816,-0.002514413745,0.0334266845
9.994943857,97.5293715,0.613750375,0.1097165979,0.3603810721,0.9972656969,-0.06572601732,-0.002296894132,0.03370377873
10.01984358,97.55427122,0.6138073294,0.1093680531,0.3606636446,0.9972351837,-0.06602136206,-0.001992956369,0.03404697263
10.03989482,97.57432246,0.6138403736,0.1090319383,0.3609300344,0.9972053038,-0.06629404541,-0.001725393034,0.03440501022
10.06486988,97.59929752,0.6138874758,0.1086012384,0.3613223277,0.9971660705,-0.06664386847,-0.001328713483,0.03488061378
10.08493137,97.61935902,0.6139236683,0.1082609432,0.3616904238,0.9971345606,-0.06692246312,-0.0009608047456,0.03525803201
10.10982943,97.64425707,0.6139736034,0.1078125318,0.362193674,0.9970925886,-0.06729401716,-0.0004737246414,0.03574437956
10.13488007,97.66930771,0.613977149,0.1073507253,0.3626929012,0.9970481223,-0.06765621638,-4.483094977e-05,0.03629981026
10.15491056,97.68933821,0.6138013112,0.1070456908,0.3629821822,0.9970204788,-0.0677951464,0.0001282439912,0.03679628318
10.17991757,97.71434522,0.6132792268,0.1067197134,0.3631680177,0.9969949843,-0.0677606789,5.432569928e-05,0.03754315864
10.19993353,97.73436117,0.6126396854,0.1064930216,0.3631628633,0.996979593,-0.06758682655,-0.0002543607578,0.03825764431
10.22486544,97.75929308,0.6114946398,0.1062743256,0.3628886716,0.996968163,-0.06712915126,-0.001060372169,0.03933236082
10.2449522,97.77937984,0.6103624029,0.1061420375,0.3625309587,0.9969631887,-0.06661303252,-0.001926813094,0.04029133411
10.26990843,97.80433607,0.6087543787,0.106047738,0.3619838983,0.9969616313,-0.06580994906,-0.003195058375,0.04154934373
10.28991365,97.8243413,0.6073235621,0.1060131331,0.3614474009,0.996962061,-0.06505678833,-0.004373379396,0.04260442125
10.31491017,97.84933782,0.6053594875,0.1060100686,0.36062888,0.9969620985,-0.0639894277,-0.006063781591,0.04399042966
10.3398726,97.87430024,0.6033751703,0.1060283887,0.3598458766,0.9969587198,-0.06290134291,-0.00773508795,0.04535306578
10.3648634,97.89929104,0.6015419034,0.1059360472,0.359181411,0.9969409316,-0.06197930991,-0.009223890941,0.04671470651
10.38487172,97.91929936,0.6001525822,0.105785852,0.358700431,0.9969164699,-0.06134245324,-0.01032601286,0.0478333445
10.40491772,97.93934536,0.5988471582,0.1055918692,0.3583032896,0.9968861387,-0.06078812311,-0.01131073829,0.04893769248
10.42991543,97.96434307,0.5973005434,0.1053346382,0.3578669895,0.9968449744,-0.06015552887,-0.01244683798,0.05026415898
10.44994497,97.98437262,0.5961430339,0.105132053,0.3575748634,0.9968113495,-0.059691016,-0.01326825896,0.05126469919
10.47492814,98.00935578,0.594821432,0.1048353648,0.3572654553,0.9967648441,-0.05921213353,-0.01418141346,0.05246576391
10.499892,98.03431964,0.5936849353,0.1044780906,0.3571159747,0.9967137978,-0.05888613208,-0.0148562042,0.05360337601
10.51989579,98.05432343,0.5929118398,0.1041575664,0.3570999161,0.9966712375,-0.05873036517,-0.0152409584,0.0544509112
10.5398972,98.07432485,0.5921869201,0.1038219222,0.3570701312,0.9966276942,-0.0586111575,-0.0156132169,0.05526480564
10.55994081,98.09436846,0.5915265945,0.1034991393,0.3570828249,0.9965862784,-0.05851760193,-0.01591845509,0.0560185928
10.58486271,98.11929035,0.5908395543,0.1030433193,0.3571502079,0.9965316193,-0.05851588588,-0.01617947692,0.05691087158
10.60494232,98.13936996,0.590424757,0.1026209713,0.3572316391,0.9964844269,-0.0586316683,-0.01629606895,0.05758083428
10.62989497,98.16432261,0.5900543067,0.1020117108,0.3574081049,0.9964196458,-0.05892114679,-0.01629943573,0.05839962634
10.65491748,98.18934512,0.5898105354,0.1013324259,0.3576219679,0.9963492062,-0.05933350104,-0.01620034479,0.05920594375
10.67994642,98.21437407,0.5897054771,0.1005608724,0.3578393076,0.996271401,-0.0598890127,-0.01602380454,0.05999866164
10.69995403,98.23438168,0.5897370231,0.09982609569,0.3580574294,0.9962015485,-0.06048691975,-0.01579108309,0.06061723328
10.72487426,98.2593019,0.5898472962,0.09855813381,0.3583283484,0.9961077534,-0.06154335532,-0.01557020075,0.06115004411
10.74990344,98.28433108,0.5899791108,0.09710173078,0.3586555164,0.9960288581,-0.06276289609,-0.0154045003,0.06123752136
10.76992679,98.30435443,0.5902335888,0.09561128952,0.3589264325,0.9959610728,-0.0640606415,-0.01513835371,0.06106231227
10.7948904,98.32931805,0.5906954535,0.09380444906,0.3592650137,0.9959377131,-0.06567629011,-0.01401258721,0.05998619762
10.81981921,98.35424685,0.591332156,0.09180284055,0.3595815835,0.9959633223,-0.06746812512,-0.01208228171,0.05795801266
10.83992791,98.37435555,0.5919267334,0.09016215401,0.359871777,0.9960092712,-0.06893836375,-0.01010660787,0.05577535448
10.86487579,98.39930344,0.5927726716,0.08788507076,0.3603087079,0.9960613248,-0.07098206231,-0.007285290774,0.05263372076
10.88990498,98.42433262,0.5935545543,0.08561694976,0.3608284164,0.9960985771,-0.07302493041,-0.004595044699,0.04933426544
10.90991068,98.44433832,0.5939909527,0.08400107345,0.3612661257,0.9961252633,-0.07442560787,-0.002864397407,0.04676626965
10.93490219,98.46932983,0.594314038,0.08214778201,0.361857701,0.9961538761,-0.07591802303,-0.00116485553,0.04373273403
10.95986962,98.49429727,0.5944800966,0.08020356675,0.3625249328,0.9961446921,-0.07745970043,-0.0002455698969,0.04117871844
10.97992444,98.51435208,0.5944503323,0.0785099689,0.3630500435,0.9961037498,-0.07875804328,-0.0003167497763,0.03967858382
11.00492859,98.53935623,0.5942059477,0.07642454115,0.363641131,0.9960443475,-0.08026952724,-0.0009536662302,0.0380992312
11.02496338,98.55939102,0.5938924046,0.07488186392,0.3640784735,0.9959981958,-0.08133228644,-0.001759713513,0.03700751899
11.04995108,98.58437872,0.5933907119,0.07318198833,0.3646593099,0.9959422607,-0.08245074791,-0.003183504283,0.03592704728
11.07494783,98.60937548,0.5927606923,0.07152118835,0.3652177267,0.9958707564,-0.08349185343,-0.005131929884,0.03527336398
11.09994245,98.63437009,0.5919555811,0.06993075408,0.3657278648,0.9957927346,-0.08439626435,-0.007480852772,0.03490182058
11.12494326,98.6593709,0.5910792562,0.06836794635,0.3662021573,0.995708486,-0.08524179967,-0.009931156226,0.03463839689
11.14991617,98.68434381,0.5901656469,0.06675266791,0.3666654021,0.9956077878,-0.0861087822,-0.0124781921,0.03456450835
11.16991806,98.7043457,0.5893544941,0.06546925428,0.3670348096,0.9955205564,-0.08674541675,-0.01461799177,0.03464633727
11.19490838,98.72933602,0.5882539601,0.06399955917,0.3674661186,0.9954240802,-0.08736054005,-0.01720710954,0.03468359692
11.21988463,98.75431228,0.5871814016,0.06254725375,0.3678979705,0.9953357113,-0.08796499041,-0.01943216223,0.03451627586
11.24490643,98.77933407,0.5862055521,0.06097842537,0.3683910816,0.9952462959,-0.08870187471,-0.02119776574,0.03416785851
11.26990843,98.80433607,0.5852903176,0.05942146077,0.3689238995,0.9951734306,-0.08946064613,-0.02242509948,0.03352239188
11.289922,98.82434964,0.5846221367,0.05823338011,0.369366906,0.9951352924,-0.09006596997,-0.02290907427,0.03269625739
11.31490088,98.84932852,0.5838729952,0.05670951711,0.3699695989,0.9950924029,-0.09088497314,-0.02319045693,0.03151561711
11.33993435,98.87436199,0.5831516568,0.05519120422,0.3706326646,0.9950512265,-0.09167877816,-0.02341092977,0.03033128184
11.36489797,98.89932561,0.5824197243,0.05365541419,0.3713358067,0.9950052156,-0.09251030642,-0.02359794391,0.02914791836
11.38992786,98.92435551,0.5816335643,0.05207843809,0.3719701991,0.9949520879,-0.09336469984,-0.02386401733,0.0279979319
11.41487885,98.94930649,0.5808544832,0.05039186945,0.3725586743,0.9948876655,-0.09429451516,-0.02415102543,0.02690363021
11.43490314,98.96933079,0.580239541,0.04909089867,0.3730712503,0.9948398609,-0.09499994359,-0.02433299897,0.02601090361
11.45992494,98.99435258,0.5794641101,0.04744461512,0.3736560686,0.9947798831,-0.09584452709,-0.02460634818,0.02492666182
11.48490477,99.01933241,0.5786861346,0.04579169744,0.3742599465,0.9948113862,-0.09572942974,-0.02486527342,0.02383065972
11.50988698,99.04431462,0.5778782126,0.04412034774,0.3747935782,0.9950424581,-0.09346967222,-0.02523738535,0.02273766193
11.52989841,99.06432605,0.577240412,0.04272924013,0.3752305435,0.9953029049,-0.09078190241,-0.0255294737,0.02188651613
11.54990411,99.08433175,0.5765810604,0.04131588845,0.3755955161,0.995581877,-0.0877597577,-0.02588812673,0.02108924064
11.57479,99.10921764,0.5757579121,0.03961250585,0.3760464265,0.9959458556,-0.08363500024,-0.02631449496,0.02011434189
11.59490538,99.12933302,0.5750931704,0.03829365157,0.376355275,0.9962244925,-0.08030978707,-0.02669134283,0.01935641546
11.61491299,99.14934063,0.574466477,0.03695454755,0.3766688642,0.99647043,-0.07726185378,-0.02701570825,0.01863972972
11.63990164,99.17432928,0.5737767422,0.03512625282,0.3770705454,0.9967329581,-0.07387520451,-0.02733064417,0.01785778033
11.65991354,99.19434118,0.5733114421,0.03361726476,0.3774357058,0.9969131048,-0.07148966121,-0.02747136795,0.01728622954
11.68491864,99.21934628,0.5728226998,0.0317420111,0.3779043394,0.9971083849,-0.06884589635,-0.02756566227,0.0165905258
11.70493388,99.23936152,0.5725069849,0.03027481268,0.3782854534,0.9972387424,-0.06705802286,-0.02758043125,0.01604469108
11.72990656,99.2643342,0.5721926655,0.02842802252,0.3787103198,0.9973698041,-0.06523195104,-0.02757512318,0.01542332943
11.75491786,99.2893455,0.5720115082,0.02655029253,0.3791085259,0.9974748675,-0.06377691409,-0.02749705892,0.0148426952
11.77991414,99.31434178,0.5719489675,0.02466106779,0.3794123006,0.9975626745,-0.06255464734,-0.02742327208,0.01426851859
11.80490375,99.33933139,0.5719844328,0.02284951808,0.3796766049,0.9976472369,-0.06136755657,-0.02731660629,0.01370462778
11.82496452,99.35939217,0.5720319385,0.02147201023,0.3798565525,0.9977101399,-0.06046097755,-0.02723360577,0.01331456853
11.8498919,99.38431954,0.5720860392,0.01976527533,0.3800109555,0.9977728145,-0.05952472114,-0.0271785311,0.0129439431
11.87489891,99.40932655,0.5721289021,0.01808180869,0.3800805536,0.9978210969,-0.05875780939,-0.02718446616,0.01271154121
11.89490247,99.42933011,0.5721719225,0.01671522947,0.3800898296,0.9978509215,-0.05825617744,-0.02721154945,0.01262093143
11.91491365,99.4493413,0.5722095663,0.01538180572,0.380084896,0.9978762154,-0.05781904463,-0.02725019313,0.01254765899
11.93992591,99.47435355,0.5722506038,0.01376104642,0.3800791946,0.9979041543,-0.05733164787,-0.0272964595,0.01246131405
11.96491075,99.49933839,0.5722907664,0.01225359609,0.3800867467,0.9979408506,-0.05669498601,-0.02732360197,0.01237570418
11.98988891,99.52431655,0.5723249963,0.01078464219,0.3800901,0.9979792509,-0.05601784798,-0.02735655593,0.01228960479
12.01489472,99.54932237,0.5723474168,0.009393010225,0.3800870052,0.998012556,-0.05542008081,-0.02739787379,0.01220283669
12.03490353,99.56933117,0.5723656089,0.008387299344,0.3800893664,0.9980400437,-0.05492563456,-0.02741959649,0.01214131735
12.05988789,99.59431553,0.572390363,0.007220114396,0.3800982787,0.9980790949,-0.05421876937,-0.0274388432,0.01206462621
12.07989073,99.61431837,0.5724014777,0.006350916484,0.3800985197,0.9981105978,-0.05363479816,-0.02746553323,0.01200780692
12.10485578,99.63928342,0.5724085921,0.005300573783,0.3800929442,0.9981387316,-0.05310478732,-0.02750202378,0.01194121629
12.12489319,99.65932083,0.5724159141,0.004514179249,0.3800920069,0.9981572197,-0.05275668957,-0.02752197867,0.01189273946
12.14984441,99.68427205,0.5724261747,0.003576651103,0.3800960604,0.9981808122,-0.05231238755,-0.02753954489,0.0118344267
12.1699245,99.70435214,0.5724313866,0.002864569473,0.3800968567,0.99819859,-0.05197282329,-0.02755708296,0.01179015397
12.1899364,99.72436404,0.5724323705,0.002200127816,0.3800942867,0.9982096587,-0.05175616032,-0.02757916144,0.01175444721
12.21487522,99.74930286,0.5724349585,0.001365636073,0.3800947794,0.9982131397,-0.05168912954,-0.02759680618,0.01171230049
12.23487854,99.76930618,0.5724385374,0.0007049266765,0.3800964307,0.9982107819,-0.05173643114,-0.02760596778,0.01168277
12.25488901,99.78931665,0.572438779,4.441684374e-05,0.3800955963,0.9982058157,-0.05183150509,-0.02761930396,0.01165412226
12.27488971,99.80931735,0.5724388419,-0.0006571191349,0.3800958793,0.9981962942,-0.05201567161,-0.02762997674,0.01162379613
12.29984856,99.8342762,0.572437348,-0.001510149744,0.3800945218,0.9981816499,-0.05229458509,-0.02764562705,0.0115926507
12.32486773,99.85929537,0.5724337099,-0.002359509237,0.3800938416,0.998169079,-0.05253267967,-0.02766215931,0.01155907956
12.34987736,99.884305,0.572430601,-0.003226491399,0.3800949298,0.998153087,-0.05283746502,-0.02767370153,0.01152317295
12.37491584,99.90934348,0.5724281029,-0.004079936711,0.3800915643,0.9981480167,-0.05293391907,-0.02768951584,0.01148162368
12.39992905,99.93435669,0.5724260157,-0.004911847152,0.3800918864,0.9981490171,-0.05291689833,-0.02770335352,0.01143965903
12.4249115,99.95933914,0.5724224872,-0.00573004756,0.3800927254,0.9981557792,-0.0527911432,-0.02771823971,0.01139450765
12.44989586,99.9843235,0.5724154104,-0.006524553942,0.3800858788,0.9981732065,-0.05245818107,-0.02774369916,0.01134355641
12.4699173,100.0043449,0.5724106148,-0.007133653124,0.3800840506,0.9981925824,-0.05208886486,-0.02775906744,0.01130278152
12.48992324,100.0243509,0.5724072466,-0.007718615571,0.3800879394,0.998219503,-0.05157363761,-0.02777055424,0.01125966039
12.51488924,100.0493169,0.5724098447,-0.008438543368,0.3800982699,0.9982573558,-0.05084549815,-0.02777620236,0.01120131495
12.53990173,100.0743294,0.5724066177,-0.009109576446,0.380092296,0.9982971898,-0.05005609333,-0.02779975152,0.01114819434
12.56486988,100.0992975,0.5723971334,-0.009795436728,0.3800847389,0.9983351156,-0.04928945717,-0.02782747177,0.01109856938
12.58990598,100.1243336,0.5723902451,-0.01043706562,0.3800875197,0.9983753892,-0.04846968493,-0.02784359424,0.01104563509
12.60993671,100.1443644,0.5723887591,-0.01096132363,0.3800910935,0.9984082585,-0.04779327478,-0.02785314416,0.01099793658
12.63490891,100.1693366,0.5723964806,-0.01154849094,0.3800846078,0.9984470531,-0.04697879366,-0.02786828281,0.01094686363
12.65988779,100.1943154,0.5723971772,-0.01220483931,0.3800786425,0.9984742802,-0.04639761431,-0.02788417056,0.01090166226
12.68490672,100.2193344,0.5723979351,-0.01281499351,0.3800909769,0.9984989248,-0.04587705927,-0.02788174791,0.01085360569
12.70988488,100.2443125,0.5724146537,-0.0134284689,0.3801085278,0.9985179111,-0.0454862174,-0.02786283002,0.0108003708
12.73477387,100.2692015,0.5724495327,-0.01392247752,0.3801237473,0.9985388178,-0.04505424382,-0.02783530113,0.01074897875
12.75480795,100.2892356,0.5724724007,-0.01433213233,0.3801457269,0.9985540832,-0.0447410438,-0.02780741072,0.01071120003
12.77492213,100.3093498,0.5724888444,-0.01468586469,0.3801692583,0.9985697063,-0.0444144381,-0.02778201761,0.01067983707
12.79989767,100.3343253,0.5725096517,-0.01515777308,0.3801899917,0.9985856843,-0.04407978203,-0.0277568427,0.01063774121
12.81990361,100.3543313,0.5725241886,-0.01550279603,0.3801917748,0.9985940479,-0.04390325252,-0.02774910383,0.01060279247
12.83991528,100.3743429,0.5725448127,-0.01583457397,0.3802046414,0.9986028585,-0.04372240789,-0.02772804595,0.01057532561
12.86490083,100.3993285,0.5725660408,-0.01627791296,0.3802339278,0.9986110292,-0.04356496013,-0.02769274936,0.01054600588
12.88987398,100.4243016,0.5725750688,-0.01672605393,0.3802532669,0.9986144507,-0.04350626201,-0.02767268194,0.01051697525
12.90987706,100.4443047,0.5725821637,-0.01711143994,0.3802562492,0.9986102189,-0.04361283248,-0.02766521786,0.01049701689
12.93489981,100.4693274,0.5726024295,-0.01762696447,0.3802723888,0.9986097893,-0.04364929883,-0.02763687891,0.01046089743
12.95988202,100.4943097,0.5726241434,-0.01814814602,0.3803052385,0.9986100755,-0.04368007161,-0.02759068938,0.01042700024
12.97990775,100.5143354,0.5726405197,-0.01859304386,0.3803310286,0.9986137907,-0.04362443952,-0.02755571738,0.01039652594
13.00487947,100.5393071,0.5726602421,-0.01917661905,0.3803559038,0.9986213559,-0.04348661706,-0.02751630155,0.01035156199
13.02491713,100.5593448,0.5726869312,-0.01968021761,0.3803850968,0.9986326507,-0.04326656764,-0.0274692407,0.01030892604
13.04989815,100.5843258,0.5727008907,-0.02034018856,0.3804147509,0.9986512088,-0.04288243063,-0.02741976172,0.0102477779
13.06992626,100.6043539,0.5727023261,-0.02085497763,0.3804284931,0.9986700347,-0.04246485129,-0.02740082217,0.01020260322
13.0948782,100.6293058,0.57269208,-0.02153422558,0.3804289001,0.998696178,-0.04186436281,-0.02739522669,0.01014005302
13.11488152,100.6493092,0.5726929307,-0.02205183826,0.3804358482,0.9987200511,-0.04131973044,-0.02737225931,0.01008458533
13.13982797,100.6742556,0.5726918356,-0.02270088017,0.3804417126,0.9987521735,-0.04057361027,-0.02734413592,0.01000881633
13.16478205,100.6992097,0.5726930752,-0.02325468707,0.3804402013,0.9987884063,-0.03969302531,-0.02733818315,0.009940165036
13.18487835,100.719306,0.5726948269,-0.02371655701,0.3804362933,0.9988133882,-0.03907596091,-0.02733471222,0.009884247901
13.20979548,100.7442231,0.5727045451,-0.0242011892,0.3804353031,0.9988457006,-0.03827306739,-0.02731518933,0.009814226862
13.22984266,100.7642703,0.5727177724,-0.02460008249,0.3804451917,0.9988705416,-0.03765588697,-0.02728511962,0.009756924216
13.25478697,100.7892146,0.5727514094,-0.02497071143,0.3804614862,0.9989052146,-0.03677962182,-0.02723570783,0.009687515006
13.27478719,100.8092148,0.5728629998,-0.02524994426,0.380539282,0.9989341056,-0.03611165773,-0.02709466752,0.009616646714
13.29978681,100.8342144,0.573169952,-0.02553678707,0.3807675719,0.9989706609,-0.03540480965,-0.0267175998,0.009501995255
13.31981182,100.8542395,0.5735302503,-0.02576282754,0.3810888107,0.9989972583,-0.03504269567,-0.02622550473,0.009418618246
13.3449285,100.8793561,0.5741399975,-0.02610058233,0.3816193174,0.9990280051,-0.034813204,-0.02539464699,0.0092842777
13.36991572,100.9043434,0.5749318822,-0.02648120165,0.3822927567,0.9990575098,-0.03477449934,-0.02432752371,0.009110318602
13.39489365,100.9293213,0.5758762644,-0.02694162497,0.3831241726,0.9990818964,-0.03500479286,-0.02303084516,0.008922386936
13.41987944,100.9543071,0.5768999507,-0.0274697813,0.3840705764,0.9991040724,-0.03533792294,-0.0215847823,0.008739619548
13.43990636,100.974334,0.577785653,-0.02793762956,0.3848844124,0.9991146273,-0.03581716978,-0.02033444796,0.008579164146
13.45990682,100.9943345,0.5786909681,-0.02840422526,0.3856702554,0.9991255637,-0.03623277237,-0.01910652696,0.008380621959
13.47990727,101.0143349,0.5796535982,-0.02887582687,0.3860417066,0.9991353216,-0.0365135958,-0.01823148764,0.007935952545
13.50490212,101.0393298,0.5809901222,-0.02949330805,0.3860632488,0.9991386573,-0.03699145253,-0.01741630129,0.00708860208
13.52989984,101.0643275,0.5823675482,-0.03007034041,0.3854689717,0.9991443923,-0.03718969625,-0.01710002496,0.005915992655
13.54990005,101.0843277,0.583602532,-0.03050113546,0.3845626549,0.9991470204,-0.0372797656,-0.01714315378,0.004643592001
13.56991315,101.1043408,0.5849888675,-0.03096881265,0.3833539218,0.9991388043,-0.03755943761,-0.01735596305,0.003115917205
13.59490967,101.1293373,0.5868127404,-0.0317060764,0.3813692853,0.9991053274,-0.03827503016,-0.0179592135,0.001016677442
13.6197722,101.1541998,0.588790196,-0.03264577416,0.3791840147,-0.9990430027,0.03956633672,0.0186081033,0.00114991253
13.63986158,101.1742892,0.5905346248,-0.0335441173,0.3773154076,-0.9989767205,0.04088421406,0.01911440957,0.002938062613
13.65986896,101.1942966,0.5923213949,-0.03448262436,0.3753661223,-0.9989011564,0.04226375551,0.01969109268,0.004745058244
13.68489957,101.2193272,0.5945620793,-0.03571734235,0.3731120099,-0.9987969181,0.04406328873,0.02039513874,0.006868862805
13.70986199,101.2442896,0.5967538119,-0.03702935881,0.3710851737,-0.9986782321,0.04592173434,0.02139529643,0.008673199358
13.7298665,101.2642941,0.5984635721,-0.03810595458,0.3695552524,-0.9985745997,0.04741777144,0.02239133344,0.009947462685
13.74987316,101.2843008,0.6002046666,-0.03926346389,0.3682676155,-0.9984636998,0.04900626504,0.02337027332,0.01106600967
13.77490592,101.3093336,0.6023119525,-0.04075875044,0.3668851404,-0.998316312,0.05101286904,0.02475561821,0.01222242907
13.79987979,101.3343074,0.6042442611,-0.04218383867,0.3655660556,-0.9981629934,0.05288841281,0.02646219187,0.01316080838
13.82486057,101.3592882,0.6062335082,-0.04363085683,0.3645277094,-0.9980106525,0.05479943845,0.02783418921,0.01403627352
13.84490156,101.3793292,0.6078161899,-0.04478478885,0.3638239431,-0.9978916278,0.05632467203,0.02869162142,0.01471805957
13.86989498,101.4043226,0.609678966,-0.04616907592,0.36300933,-0.9977470572,0.05813173869,0.02968526384,0.01550148346
13.8948791,101.4293067,0.611472706,-0.04754355018,0.3624776875,-0.9976090436,0.05985452472,0.03056495676,0.01610637815
13.91989684,101.4543245,0.6131375115,-0.04885065155,0.362014991,-0.997477867,0.06142735927,0.03145117696,0.01659541627
13.94499183,101.4794195,0.6147608809,-0.05008581882,0.3617304219,-0.9973680538,0.06279949627,0.03193837941,0.01712099659
13.96991062,101.5043383,0.6163375942,-0.05125501182,0.3616375449,-0.9972934949,0.06380268274,0.03198655325,0.01765681434
13.99480295,101.5292306,0.6178323244,-0.05231325154,0.3616661264,-0.9972551584,0.06440609735,0.03164946151,0.01822951728
14.01979971,101.5542274,0.6192721442,-0.05328482268,0.3618598375,-0.997248426,0.06469192422,0.03092553259,0.01881869434
14.03980136,101.574229,0.6203773518,-0.05404316732,0.3621257143,-0.9972607374,0.0647338278,0.03017508918,0.01923583115
14.06479645,101.5992241,0.6216978144,-0.05494542055,0.3626320734,-0.997294789,0.0645855238,0.02905808534,0.01968353659
14.0848825,101.6193101,0.6226505665,-0.05558550939,0.3631004699,-0.9973374452,0.06423652174,0.02814385576,0.01999032533
14.10989785,101.6443255,0.6237270006,-0.05628927374,0.3638284065,-0.9974047623,0.0636204286,0.02691351323,0.02029393994
14.13488483,101.6693125,0.6246682315,-0.05692210949,0.3646317353,-0.9974790379,0.06290096106,0.02567765645,0.02048648296
14.15989685,101.6943245,0.6254982833,-0.0574608031,0.365484979,-0.9975583865,0.06210553295,0.0243781666,0.02063669911
14.18489575,101.7193234,0.6262427678,-0.05790781892,0.3662978557,-0.9976364119,0.06125414817,0.02317674313,0.02079321173
14.20985937,101.744287,0.6268623941,-0.05828936803,0.3669871967,-0.9977054238,0.06044237062,0.02221719916,0.02090462094
14.23487973,101.7693074,0.6273484871,-0.0586148905,0.3675453947,-0.9977772375,0.0594788382,0.02153342976,0.02095622975
14.25984573,101.7942734,0.6277816241,-0.05889243315,0.3680441387,-0.9978587888,0.05829739905,0.02091209929,0.02102225112
14.27985454,101.8142822,0.6280949874,-0.05907644893,0.3683735575,-0.9979283358,0.05724695557,0.02039749538,0.02111314624
14.30487227,101.8392999,0.6283935195,-0.0592829996,0.3686575438,-0.9980013473,0.05609707487,0.01994524038,0.02118056764
14.32985902,101.8642867,0.628607082,-0.05944430057,0.3688342779,-0.9980587252,0.05515390363,0.01965505638,0.02122514604
14.34988046,101.8843081,0.6287437124,-0.05953822789,0.3689186906,-0.9980959778,0.05452018015,0.01947504203,0.02127655614
14.3698945,101.9043221,0.6288550888,-0.05961378675,0.3689670614,-0.998128298,0.05395345617,0.01933960588,0.02132849907
14.39484072,101.9292684,0.6289768249,-0.05969913714,0.3689897975,-0.9981646251,0.05329641749,0.01921422172,0.02139361498
14.41487813,101.9493058,0.629071282,-0.0597613221,0.3689879182,-0.9981866896,0.05288518213,0.01913503797,0.02145554675
14.43489194,101.9693196,0.629146127,-0.05980067482,0.3689678177,-0.9982126007,0.0523840451,0.01908391656,0.02152486389
14.45489597,101.9893236,0.6291802541,-0.05981418495,0.3689027193,-0.9982321489,0.05197895468,0.01910062832,0.02158543809
14.47489667,102.0093243,0.6291985666,-0.0598292134,0.3688169985,-0.9982552554,0.0514978937,0.01914238149,0.02163287406
14.4949038,102.0293314,0.6292223383,-0.05984746624,0.3687438858,-0.9982754082,0.05107586152,0.01917105535,0.02167801835
14.51990891,102.0543365,0.6292498291,-0.05986661413,0.3686720872,-0.9983113673,0.0503362721,0.01919001752,0.02173515486
14.54490423,102.0793319,0.6292791604,-0.05989259983,0.3685773986,-0.998346297,0.04960133425,0.01922338306,0.02179083379
14.56989837,102.104326,0.6293311766,-0.05994031681,0.3684488431,-0.9983761445,0.04895754398,0.01926134405,0.02184567749
14.589921,102.1243486,0.629397811,-0.05999093018,0.3683445853,-0.9983974281,0.0484851791,0.0192768047,0.0219127318
14.61483312,102.1492608,0.6294894904,-0.06005269767,0.3682022709,-0.9984177434,0.0480019765,0.01930603921,0.02202491272
14.63980317,102.1742308,0.6295950809,-0.06013004431,0.3680629225,-0.9984366023,0.04755913482,0.01931726325,0.02212065167
14.65989041,102.1943181,0.6297248372,-0.06022431642,0.3679949515,-0.998458062,0.04709587808,0.01925306213,0.02219901641
14.67989206,102.2143197,0.629889852,-0.06033894183,0.3679628,-0.998482896,0.04656463309,0.01913714372,0.02230271382
14.69991469,102.2343423,0.6300692561,-0.06046402708,0.3679408817,-0.9985051261,0.04608635491,0.01900497667,0.02241365583
14.72484827,102.2592759,0.630316086,-0.06064059125,0.3679498305,-0.9985275908,0.0456218117,0.01879548684,0.02253953086
14.74487901,102.2793067,0.6305556082,-0.06081133717,0.3680027174,-0.9985406937,0.04538103888,0.01856131115,0.0226389492
14.76987147,102.3042991,0.6309031027,-0.06105355562,0.3681358463,-0.9985551271,0.0451498091,0.01818306208,0.02277123584
14.78990102,102.3243287,0.6312095454,-0.06126642374,0.3682589564,-0.9985630581,0.04505130925,0.01784661534,0.02288442597
14.8148756,102.3493032,0.6316509628,-0.06157659654,0.3684486088,-0.9985788478,0.04481573705,0.01735000309,0.02303935526
14.83492708,102.3693547,0.63206063,-0.06186664468,0.3686626385,-0.9985969665,0.04453413512,0.01685691361,0.0231657875
14.85988569,102.3943133,0.6326247647,-0.06226435503,0.36899137,-0.9986239279,0.04410094293,0.01615138199,0.02333431527
14.87989259,102.4143202,0.6330880313,-0.0625919041,0.3692459873,-0.9986469811,0.04370485484,0.01558262899,0.02347923385
14.90486479,102.4392924,0.6336851567,-0.06301747164,0.3695228319,-0.9986745521,0.04320426011,0.01488814411,0.02368277979
14.92489505,102.4593227,0.6341912631,-0.06338038658,0.369741019,-0.9986950599,0.04282567851,0.01431217176,0.02386001503
14.94490695,102.4793346,0.6347092874,-0.06375284489,0.3699293797,-0.9987104911,0.04253961572,0.01375184973,0.02405457587
14.96986556,102.5042932,0.6353945283,-0.06424655661,0.370129611,-0.9987241552,0.04228401292,0.01304955879,0.02432761887
14.98989463,102.5243223,0.6359452899,-0.06464559785,0.3702414589,-0.9987335943,0.04208269281,0.01252249099,0.0245650507
15.00990295,102.5443306,0.6364894549,-0.06504024069,0.3702876966,-0.998739761,0.04191920606,0.01205267124,0.02482746517
15.03491116,102.5693388,0.6371377327,-0.06550991716,0.370259442,-0.9987419978,0.04179939299,0.01155651077,0.0251729925
15.05990744,102.5943351,0.6376766812,-0.06590352721,0.3700118857,-0.998735531,0.04179381962,0.01132181614,0.02554275149
15.08497477,102.6194024,0.6381484957,-0.06626293353,0.3696063137,-0.9987220742,0.04189240058,0.01127656023,0.02592459262
15.10989356,102.6443212,0.6385969584,-0.06660085931,0.369136117,-0.9987004669,0.04215286334,0.01129048083,0.02632562686
15.1298995,102.6643271,0.6389457448,-0.06686058111,0.3687315735,-0.9986768,0.04249419046,0.01133682292,0.02665275686
15.1499064,102.684334,0.6392990495,-0.06712699448,0.3682884781,-0.998651762,0.04284765687,0.01140747262,0.02699270371
15.16991401,102.7043417,0.6396631915,-0.06740572261,0.3678506319,-0.9986258527,0.04321847323,0.01146133359,0.02733510225
15.19488382,102.7293115,0.6401129969,-0.06774308901,0.3673013452,-0.9985929923,0.04367479365,0.01154842978,0.02777016149
15.21490097,102.7493286,0.6404389043,-0.06798900882,0.3668426801,-0.9985675945,0.04400662183,0.011675842,0.02810429118
15.23987722,102.7743049,0.6407986125,-0.06827127475,0.3662258304,-0.9985368317,0.04438177731,0.01191902868,0.0285024613
15.2648921,102.7993197,0.6411256262,-0.06857786605,0.3656611988,-0.998506037,0.04476527034,0.01227936226,0.02882675563
15.28490305,102.8193307,0.6413369563,-0.06885306309,0.3652617939,-0.998480634,0.04507717171,0.01282035255,0.02898466141
15.30987096,102.8442986,0.6414884643,-0.06915560626,0.3648065147,-0.9984507659,0.04538563183,0.01390907324,0.02903016095
15.32987595,102.8643036,0.6415164534,-0.0693428932,0.364491237,-0.9984291275,0.04554729732,0.01505743151,0.02894814065
15.34988594,102.8843136,0.6414870459,-0.06951934307,0.3642460795,-0.9984084697,0.04567847256,0.01631843778,0.02877000919
15.36990762,102.9043353,0.6414128033,-0.06968240337,0.3640710674,-0.9983880831,0.0457804248,0.01766721634,0.02851767176
15.3948853,102.9293129,0.641256496,-0.06984825414,0.3639810842,-0.9983651243,0.04584861896,0.01936306952,0.02810790495
15.4198544,102.954282,0.6410662429,-0.06996113426,0.364021655,-0.9983470596,0.04585930121,0.02084691126,0.0276672979
15.43987751,102.9743052,0.6409493737,-0.07005541248,0.36409882,-0.9983334145,0.04588497031,0.02184445654,0.02734561459
15.46486735,102.999295,0.6408661369,-0.07017331994,0.3642100087,-0.998318584,0.04594166416,0.02277517846,0.02703071494
15.48985338,103.024281,0.640840097,-0.07027906081,0.364326536,-0.9983072314,0.04601404945,0.02337865856,0.02681076994
15.51478314,103.0492108,0.6408903338,-0.07038629244,0.3644603054,-0.9983002065,0.04611985494,0.02360235278,0.02669430045
15.53976583,103.0741935,0.640986611,-0.07047671238,0.3645860771,-0.9982977494,0.04623094314,0.02351488431,0.02667121503
15.55978084,103.0942085,0.6410650934,-0.07054540402,0.3646796105,-0.998296395,0.04631763271,0.02340589369,0.02666737177
15.58477545,103.1192031,0.6411565199,-0.07063391664,0.3647882509,-0.9982944173,0.04642577681,0.02328373171,0.02666029776
15.60478282,103.1392105,0.6412243807,-0.0707154141,0.3648686822,-0.9982923295,0.04651879504,0.02319694619,0.02665198408
15.62976289,103.1641905,0.6413201428,-0.07083194183,0.3649861406,-0.9982894275,0.04665124725,0.02306657224,0.02664232155
15.64980388,103.1842315,0.6414169655,-0.07092397669,0.3651038294,-0.9982874099,0.04676426811,0.02292785174,0.02663952104
15.67477465,103.2092023,0.6415481655,-0.07103136421,0.3652601788,-0.9982851686,0.04690353298,0.02274385919,0.02663639578
15.69975924,103.2341869,0.6416969282,-0.07115364107,0.365430121,-0.9982827499,0.04706108251,0.02252701668,0.02663342594
15.72477865,103.2592063,0.6418727456,-0.07130830764,0.365632843,-0.9982797703,0.04725503163,0.02224733845,0.02663678092
15.74972486,103.2841525,0.6420746044,-0.07149568147,0.3658669937,-0.9982758153,0.04748667753,0.02192178114,0.026642966
15.7697773,103.3042049,0.6422502854,-0.07166014159,0.3660701936,-0.998272047,0.04769015147,0.02164693737,0.02664544663
15.7947166,103.3291442,0.6424725112,-0.07186514664,0.3663324692,-0.9982670091,0.04794404072,0.02132830267,0.02663552275
15.81473351,103.3491611,0.6426621751,-0.07203487621,0.3665607042,-0.9982628087,0.04815713912,0.0210495937,0.02663023446
15.83974624,103.3741739,0.6429168938,-0.07226459231,0.3668625618,-0.9982569175,0.0484451924,0.02066676082,0.02662846316
15.85975742,103.3941851,0.6431053128,-0.07245070525,0.3670879656,-0.9982518695,0.04867140755,0.02038151708,0.02662504092
15.87976789,103.4141955,0.6432986473,-0.07265433695,0.3673169309,-0.9982459485,0.04891389023,0.02009840115,0.02661788826
15.90477109,103.4391987,0.6435216749,-0.07288044099,0.3675796827,-0.9982391284,0.0491862285,0.01977320555,0.02661536923
15.92972422,103.4641519,0.6437126801,-0.07308468979,0.3678206009,-0.9982326797,0.04942813756,0.01951377871,0.02660054109
15.94978666,103.4842143,0.6438646706,-0.07324646,0.3680062684,-0.9982275795,0.0496199099,0.01930101779,0.02659012685
15.97477651,103.5092041,0.6440243251,-0.07343486557,0.368202583,-0.9982215271,0.0498355942,0.01907465432,0.02657731997
15.99478674,103.5292144,0.6441317644,-0.07357149529,0.3683351741,-0.9982169523,0.04998879359,0.01892203885,0.02657052996
16.01488447,103.5493121,0.6442056553,-0.07369659596,0.3684325408,-0.9982125023,0.0501200192,0.01882630659,0.02655850476
16.0398798,103.5743074,0.644272664,-0.07389462143,0.3685363989,-0.9982051577,0.05030681617,0.01876658107,0.02652362652
16.0648663,103.5992939,0.6443191825,-0.07414117215,0.368631675,-0.9981955552,0.05052348632,0.01874949491,0.02648522971
16.08989,103.6243176,0.6443250254,-0.0744104103,0.3686905753,-0.9981844853,0.05074602702,0.0187809272,0.02645469343
16.11488605,103.6493137,0.6442726802,-0.07474175256,0.3687113601,-0.9981698823,0.05099702411,0.01895790519,0.02639673298
16.13988113,103.6743088,0.6441893393,-0.07516427309,0.3687248385,-0.9981508711,0.05130887484,0.01922617279,0.02631714515
16.1598835,103.6943111,0.6441148712,-0.07556864965,0.3687345395,-0.9981328787,0.05160974058,0.01942931936,0.02626200013
16.17989659,103.7143242,0.6440422638,-0.07598481211,0.368734214,-0.9981145848,0.05192143595,0.01959304549,0.02622122532
16.1999011,103.7343287,0.6439590818,-0.07643085131,0.3687305082,-0.9980947804,0.05225346358,0.01978402529,0.02617206891
16.22486591,103.7592936,0.6438481824,-0.07704711636,0.3687338964,-0.99806771,0.05271107967,0.02000624967,0.02611777653
16.24487257,103.7793002,0.6437834717,-0.0775148165,0.3687409151,-0.998048058,0.05306363088,0.02007220067,0.02610424909
16.26987076,103.8042984,0.6437204661,-0.07808453184,0.3687447089,-0.9980247762,0.05350029635,0.02005715749,0.02611464896
16.29489398,103.8293216,0.6436638017,-0.07857964688,0.3687490229,-0.9980042865,0.0538808137,0.02005185799,0.02611943934
16.31989956,103.8543272,0.6436170497,-0.07906351386,0.3687652921,-0.9979840511,0.05425943399,0.02003289192,0.0261233768
16.34483075,103.8792584,0.6435726499,-0.0795168414,0.3687787717,-0.9979650328,0.05461296298,0.02000686264,0.02613317889
16.36487436,103.899302,0.6435473363,-0.07983861188,0.3687904434,-0.9979515582,0.05486590689,0.0199824093,0.02613662479
16.38487601,103.9193037,0.6435292506,-0.08013542455,0.3688099195,-0.9979390878,0.0551019439,0.01995095718,0.02614023985
16.409868,103.9442956,0.6435083677,-0.08049207419,0.3688389165,-0.9979239729,0.05538657185,0.01990834608,0.02614822766
16.43488479,103.9693124,0.6434883888,-0.08084981641,0.3688642325,-0.997908723,0.055672893,0.01986818079,0.0261527237
16.45489454,103.9893222,0.6434712661,-0.08113683947,0.3688822717,-0.9978964514,0.05590235159,0.01983837879,0.02615412239
16.47985888,104.0142865,0.6434610836,-0.08149990738,0.3689205367,-0.9978809624,0.056196939,0.01977758874,0.02615981396
16.49986267,104.0342903,0.643453279,-0.08181256937,0.368955965,-0.9978675179,0.05645139714,0.01972207657,0.02616670112
16.51986885,104.0542965,0.6434397158,-0.08214001248,0.3689859591,-0.9978533356,0.05671567979,0.01967309213,0.02617292128
16.54486227,104.0792899,0.6434227421,-0.08257676867,0.369025456,-0.9978343749,0.05706851231,0.01960855731,0.02617727402
16.56490445,104.0993321,0.6434155202,-0.08296310438,0.3690708711,-0.9978175172,0.05738404445,0.01953764676,0.02618308958
16.5898602,104.1242878,0.6434063442,-0.08350825157,0.3691380568,-0.997793482,0.05782985146,0.01943364031,0.02619559423
16.60987139,104.144299,0.6433929532,-0.08395836131,0.3691855014,-0.9977735428,0.0581951688,0.01935870389,0.02620152898
16.63490582,104.1693335,0.6433641423,-0.08455280211,0.3692368504,-0.9977468928,0.05867380414,0.01927840788,0.02620812155
16.65982151,104.1942492,0.6433175974,-0.08516230026,0.3692746952,-0.9977191569,0.05915882369,0.01921463408,0.02622051375
16.67986584,104.2142935,0.6432880153,-0.08564580602,0.3693106496,-0.9976971875,0.05954486015,0.01915363401,0.02622727517
16.70481157,104.2392392,0.6432461081,-0.08631231107,0.3693618433,-0.9976666632,0.06007578049,0.01906738523,0.02624051473
16.72485828,104.2592859,0.6432185029,-0.08680773438,0.3694032195,-0.99764384,0.06047186094,0.01899797788,0.02624879691
16.74488854,104.2793162,0.643184368,-0.08733589067,0.3694411804,-0.9976192468,0.06089344522,0.01893173091,0.02625674011
16.76984954,104.3042772,0.6431237578,-0.0879697679,0.3694713264,-0.997589871,0.06138348796,0.01887687507,0.02627128121
16.79486918,104.3292968,0.6430919778,-0.08854204118,0.369520888,-0.997564134,0.06182209506,0.01879292581,0.02628028003
16.81986713,104.3542948,0.6430673264,-0.08908733708,0.3695753384,-0.9975390496,0.0622478645,0.01870359872,0.02629112709
16.84481478,104.3792424,0.6430419496,-0.08956061024,0.3696172911,-0.9975171864,0.0626153252,0.01863273154,0.02629838622
16.86487079,104.3992984,0.64301882,-0.08993275564,0.3696482601,-0.9975002419,0.06289724921,0.01858036965,0.02630538492
16.88987708,104.4243047,0.6430055949,-0.09034581703,0.3696960757,-0.9974812385,0.06321767388,0.01850297625,0.02631243737
16.91476393,104.4491916,0.6430155431,-0.09075090964,0.369766203,-0.9974621142,0.06354759277,0.01839326801,0.02631960981
16.93485785,104.4692855,0.6430225414,-0.09104312472,0.3698174785,-0.9974485889,0.06378012628,0.01831334957,0.02632544713
16.95486569,104.4892933,0.6430292845,-0.09131251479,0.3698652744,-0.9974362608,0.06399203496,0.018239056,0.02632986962
16.97975492,104.5141826,0.6430438984,-0.09164097368,0.3699302419,-0.9974210677,0.06425437622,0.01813862614,0.02633588969
16.9998498,104.5342774,0.6430622228,-0.09188685381,0.3699869842,-0.9974096341,0.06445393204,0.01805191458,0.02634085784
17.01991558,104.5543432,0.6430852346,-0.09212704415,0.3700475073,-0.9973982614,0.06465348692,0.01795974414,0.02634544453
17.04486799,104.5792956,0.6431173272,-0.09241477489,0.3701248142,-0.9973844068,0.06489703854,0.01784210321,0.02635106692
17.06975913,104.6041868,0.6431539222,-0.0927025775,0.3702081557,-0.9973704307,0.06514347008,0.01771670583,0.02635660646
17.0898478,104.6242754,0.6431843887,-0.09292278868,0.370274514,-0.9973595506,0.06533490108,0.01761721295,0.02636117213
17.11484671,104.6492743,0.6432220519,-0.09318053486,0.3703533735,-0.9973467018,0.06556054979,0.01749798652,0.02636647919
17.13486934,104.669297,0.6432565393,-0.09336501778,0.3704174051,-0.9973376136,0.06572314244,0.01740148937,0.02636932209
17.15984917,104.6942768,0.6433139838,-0.09359692499,0.3705142992,-0.9973261815,0.06593238811,0.01725758459,0.02637392027
17.18483973,104.7192674,0.6433848296,-0.09383135589,0.3706263954,-0.9973143668,0.06615171049,0.01709262453,0.0263789142
17.20496988,104.7393975,0.6434492262,-0.09404002325,0.370726981,-0.997303746,0.06634808973,0.01694408056,0.02638308708
17.22989178,104.7643194,0.6435220715,-0.09433340339,0.3708501633,-0.9972886871,0.06661787513,0.01676153503,0.02638909288
17.25487733,104.789305,0.6435889768,-0.09463650213,0.3709687471,-0.9972730633,0.06689283976,0.01658537473,0.02639527384
17.2798624,104.81429,0.6436495104,-0.09494909568,0.3710829655,-0.997256855,0.06717320963,0.01641592926,0.02640155838
17.29987288,104.8343005,0.6436921075,-0.0951985407,0.3711676581,-0.9972438245,0.06739539948,0.01628990708,0.02640555915
17.32490039,104.859328,0.6437441726,-0.09554259214,0.3712753044,-0.9972258233,0.06769832461,0.01612797779,0.02640989429
17.34986758,104.8842952,0.6437895036,-0.09591509096,0.371382833,-0.9972061906,0.06802214645,0.01596658753,0.02641721121
17.36987853,104.9043062,0.6438144363,-0.09622949919,0.3714613427,-0.9971894684,0.0682914147,0.0158487696,0.02642467369
17.39478183,104.9292095,0.6438265233,-0.09661055574,0.3715355486,-0.9971691637,0.06861129224,0.01573562624,0.0264299004
17.4149003,104.9493279,0.6438312967,-0.09693072929,0.3715914432,-0.9971520422,0.06887820496,0.01565347976,0.02643040206
17.43490672,104.9693344,0.6438442848,-0.09726755388,0.3716601856,-0.9971338831,0.06916209507,0.01555210133,0.02643399046
17.45990419,104.9943318,0.6438574288,-0.09772342005,0.3717502319,-0.9971091471,0.06954494485,0.015416546,0.02644200487
17.48484612,105.0192738,0.6438529616,-0.09822185048,0.3718275811,-0.9970819623,0.06995684046,0.01529825381,0.02644927949
17.50486255,105.0392902,0.643842375,-0.09862757635,0.3718825036,-0.9970597305,0.07028970175,0.01522040478,0.02644978228
17.52491331,105.059341,0.6438192915,-0.09904754385,0.3719291556,-0.9970365699,0.07062999948,0.01515719336,0.02645261667
17.54986167,105.0842893,0.6437717261,-0.09954768632,0.371965091,-0.9970088431,0.0710278891,0.01509950088,0.02646527432
17.56987095,105.1042986,0.6437334871,-0.09991769518,0.3719848947,-0.9969883721,0.0713209704,0.01506395856,0.02646851445
17.58990026,105.1243279,0.6436896693,-0.10030599,0.3720025343,-0.9969668421,0.0716266377,0.01503122208,0.02647268288
17.61481404,105.1492417,0.6436296764,-0.1008042829,0.3720233305,-0.996938996,0.07201816773,0.01499256068,0.02648102934
17.63486767,105.1692953,0.6435856257,-0.101173707,0.3720375105,-0.9969182843,0.07230875454,0.01496450883,0.02648475059
17.65488505,105.1893127,0.6435399287,-0.1015375192,0.3720500418,-0.9968977914,0.07259443426,0.014939416,0.02648877959
17.67987299,105.2143006,0.6434848577,-0.1019655439,0.3720662103,-0.9968735623,0.07293005808,0.01490927509,0.02649567723
17.70484138,105.239269,0.6434303326,-0.1023829644,0.3720778964,-0.9968498085,0.07325745844,0.01488367285,0.02650057328
17.72496915,105.2593968,0.6433796445,-0.1027158527,0.3720792509,-0.9968307914,0.07351623652,0.01487490847,0.02650421567
17.74988008,105.2843077,0.6433146195,-0.1031264,0.3720807077,-0.996807251,0.07383468482,0.01486558711,0.02650958134
17.76991224,105.3043399,0.6432653157,-0.1034477684,0.3720836714,-0.9967887882,0.07408437554,0.01485584819,0.02651265165
17.79487181,105.3292994,0.6432050959,-0.1038572005,0.3720896984,-0.996765158,0.07440342835,0.01483974324,0.02651662848
17.81983733,105.354265,0.6431413728,-0.1042712529,0.3720935474,-0.9967411357,0.07472527945,0.01482663009,0.02652191622
17.83984137,105.374269,0.6430905104,-0.1045987085,0.3720958936,-0.9967220881,0.07497960507,0.01481660664,0.02652557287
17.85985279,105.3942804,0.6430424374,-0.1049241668,0.3721010545,-0.9967030975,0.07523327967,0.01480255894,0.02652872632
17.88483453,105.4192622,0.6429799507,-0.1053584027,0.3721105004,-0.9966776653,0.07557205604,0.0147802741,0.02653374076
17.90487909,105.4393067,0.6429267339,-0.1057154843,0.3721166299,-0.9966566672,0.07584979928,0.01476418335,0.02653892713
17.92488718,105.4593148,0.6428756173,-0.1060554181,0.3721216668,-0.9966366371,0.07611406797,0.01474983039,0.02654250928
17.94987011,105.4842978,0.6428150516,-0.106456557,0.372127582,-0.9966128646,0.0764264486,0.01473305966,0.02654680985
17.97487831,105.509306,0.642747706,-0.1068749796,0.3721299663,-0.9965879593,0.07675107896,0.01472117777,0.02655180197
17.99986219,105.5342898,0.6426760201,-0.1073094947,0.3721303932,-0.9965620759,0.07708667754,0.01471135412,0.02655652652
18.01986909,105.5542967,0.6426184524,-0.1076570654,0.3721308148,-0.9965412803,0.07735513111,0.0147034058,0.02656069
18.04489541,105.5793231,0.642542994,-0.1081071738,0.372131791,-0.9965141673,0.07770340331,0.01469336607,0.02656690716
18.0698669,105.6042945,0.642470109,-0.1085488753,0.3721334491,-0.996487539,0.07804490894,0.01468186302,0.0265710307
18.09485745,105.6292851,0.6423989588,-0.1089897971,0.3721367067,-0.9964610066,0.07838401367,0.01466772691,0.02657567611
18.11487365,105.6493013,0.6423384199,-0.1093477758,0.3721376475,-0.9964394686,0.07865698062,0.01465912308,0.02658147873
18.13979506,105.6742227,0.6422641468,-0.1097872096,0.3721385391,-0.9964132318,0.07898882913,0.01464860952,0.0265867375
18.1598525,105.6942801,0.6422070054,-0.1101405002,0.3721413438,-0.9963923676,0.07925304568,0.01463646186,0.02658906846
18.17986584,105.7142935,0.6421494056,-0.1104966722,0.3721467393,-0.996371832,0.0795116938,0.01462167635,0.02659453943
18.20486212,105.7392898,0.6420756835,-0.1109338244,0.3721506102,-0.9963464886,0.07982824171,0.01460754292,0.02660349978
18.22490764,105.7593353,0.6420175923,-0.1112710224,0.3721489837,-0.9963270778,0.08007019753,0.01460114325,0.02660684239
18.24986863,105.7842963,0.6419458442,-0.1116873963,0.3721493873,-0.9963040562,0.08035660789,0.01459079233,0.02661112583
18.27487969,105.8093073,0.6418738688,-0.1121076925,0.3721535993,-0.9962851272,0.08059074252,0.01457500586,0.02662041999
18.29986072,105.8342884,0.6418043571,-0.1125166729,0.3721553286,-0.9962891825,0.08054112395,0.01455394103,0.02663034079
18.32485318,105.8592808,0.6417343567,-0.1129197071,0.3721558286,-0.9963142155,0.08023109766,0.01452806816,0.02664376352
18.3498919,105.8843195,0.6416673756,-0.1133002409,0.3721567249,-0.996362439,0.07962973021,0.01449542603,0.02666231031
18.37480426,105.9092319,0.6416002706,-0.1136819527,0.372156809,-0.996418722,0.07892258472,0.01446057129,0.02668047825
18.39488387,105.9293115,0.6415457243,-0.113995238,0.3721574277,-0.9964628251,0.0783642515,0.01443168301,0.02669473423
18.41984439,105.954272,0.6414698854,-0.1144227881,0.3721573817,-0.9965090805,0.07777381192,0.01439774232,0.02671313684
18.43989134,105.974319,0.6414067931,-0.114776709,0.372157725,-0.9965396159,0.07738148129,0.01437200313,0.02672724747
18.46487856,105.9993062,0.6413309794,-0.1152051365,0.3721585994,-0.996576585,0.07690430944,0.01433988182,0.02674332057
18.48989582,106.0243235,0.6412550913,-0.1156397526,0.3721613591,-0.996602892,0.07656324451,0.01430870286,0.02675829257
18.51486492,106.0492926,0.6411761916,-0.1160825821,0.3721626973,-0.9966200181,0.07634009731,0.01428264872,0.02677190619
18.53487134,106.069299,0.6411118211,-0.1164484202,0.3721643027,-0.9966203195,0.07633666087,0.0142642841,0.02678027636
18.55487514,106.0893028,0.6410501005,-0.1168079538,0.3721684447,-0.9966190375,0.07635446888,0.01424368466,0.02678817882
18.57986283,106.1142905,0.6409778105,-0.1172417368,0.3721759238,-0.9966190861,0.07635572217,0.01421489115,0.02679809354
18.6048882,106.1393158,0.6409116714,-0.117653187,0.3721854968,-0.996606484,0.07652266919,0.01418825322,0.02680467508
18.62984848,106.1642761,0.6408507432,-0.1180278658,0.3721941755,-0.9965945596,0.07667983162,0.01416415527,0.02681163599
18.65478349,106.1892111,0.6408045086,-0.1183541372,0.3722090874,-0.9965910258,0.0767296525,0.014130068,0.02681844458
18.6748383,106.2092659,0.640780136,-0.1185932496,0.3722302139,-0.9965991063,0.07663042779,0.01408704081,0.02682450805
18.69984603,106.2342737,0.6407622631,-0.118869457,0.3722658218,-0.9966125493,0.07646497867,0.01401989272,0.02683237367
18.71988225,106.2543099,0.6407592482,-0.1190637623,0.3723010536,-0.9966198202,0.07637963784,0.01395869327,0.02683728496
18.74478292,106.2792106,0.6407670523,-0.1192908331,0.3723542731,-0.9966415162,0.07611020477,0.01386516414,0.02684552426
18.76487589,106.2993035,0.6407833118,-0.1194453765,0.3724021285,-0.9966584849,0.07590047222,0.01378413278,0.02685107808
18.78986955,106.3242972,0.6408098476,-0.1196480635,0.3724708992,-0.9966711399,0.0757525655,0.01367287005,0.02685591759
18.81485248,106.3492801,0.6408442966,-0.1198682089,0.3725515561,-0.9966912179,0.07550950102,0.01354134524,0.02686193345
18.83485603,106.3692837,0.6408827628,-0.1200718623,0.3726328394,-0.9966967639,0.07545794452,0.01341449368,0.02686467692
18.85984874,106.3942764,0.6409360875,-0.1203298606,0.3727406512,-0.9966891569,0.07558662949,0.01325174753,0.02686590975
18.87986875,106.4142964,0.6409768812,-0.1205451636,0.3728270356,-0.9966851341,0.07566193498,0.01312041432,0.02686763442
18.9048574,106.439285,0.6410393141,-0.1208365428,0.3729516412,-0.9966852226,0.07569248779,0.01292972101,0.02687074011
18.92977214,106.4641998,0.6411054734,-0.1211890674,0.3730915839,-0.9966790392,0.07580877795,0.01271577243,0.02687435715
18.94987035,106.484298,0.6411476679,-0.1214924356,0.3731982525,-0.9966677244,0.07598356809,0.01255466466,0.02687610326
18.96987629,106.5043039,0.641186977,-0.1218149855,0.3733046444,-0.9966541069,0.07618787596,0.01239317487,0.02687764708
18.98987889,106.5243065,0.641227288,-0.1221380734,0.3734127081,-0.9966390974,0.07640984766,0.0122298728,0.02687889227
19.01486659,106.5492942,0.641289525,-0.1225618315,0.3735630522,-0.9966163875,0.07674084082,0.01200330434,0.02688010733
19.03976941,106.5741971,0.641365211,-0.1230441988,0.3737377673,-0.9965873859,0.07715639452,0.01173970324,0.02688219443
19.06480742,106.5992351,0.6414352324,-0.1235680221,0.3739179522,-0.9965548139,0.07761585276,0.01146977457,0.0268835743
19.08970141,106.6241291,0.6415143418,-0.1241004582,0.3741060447,-0.9965211756,0.07808724738,0.01118565694,0.0268851141
19.10976315,106.6441908,0.6415856608,-0.124536056,0.3742671996,-0.9964932798,0.0784759427,0.01094268934,0.02688730878
19.13474154,106.6691692,0.6416624106,-0.1250944021,0.3744622621,-0.9964572987,0.07897029221,0.01065011503,0.02689088814
19.15973639,106.694164,0.641740508,-0.1256525636,0.3746536033,-0.9964210299,0.07946417583,0.01035928895,0.02689351217
19.17974615,106.7141738,0.6418014873,-0.1260936117,0.3748002898,-0.9963921872,0.07985289667,0.01013282641,0.0268970267
19.19988585,106.7343135,0.6418529908,-0.1265290771,0.3749416024,-0.9963637119,0.0802330562,0.009918053339,0.02690060414
19.22488523,106.7593129,0.6418973423,-0.1270302783,0.3750950367,-0.9963308851,0.08066645828,0.009688261442,0.02690404206
19.24491167,106.7793393,0.6419239468,-0.1273920633,0.3751895544,-0.9963069364,0.08097850015,0.009539211945,0.02690677349
19.26989436,106.804322,0.6419098553,-0.1277987856,0.3752462532,-0.9962806134,0.08131090324,0.009439829233,0.02691404787
19.29485297,106.8292806,0.6418488861,-0.1281497094,0.3752487067,-0.9962590424,0.08157406313,0.009423542031,0.02692191619
19.31487441,106.8493021,0.6417987626,-0.1284204195,0.3752408588,-0.9962420174,0.08178005691,0.009420291363,0.0269281116
19.33984828,106.8742759,0.6417434228,-0.1287392412,0.3752351288,-0.9962215423,0.08202813959,0.009411678102,0.02693405305
19.36495614,106.8993838,0.6416896452,-0.1290537197,0.3752394395,-0.9962012727,0.08227445616,0.009395014325,0.02693829518
19.38981867,106.9242463,0.6416283856,-0.1293726247,0.3752383555,-0.9961807266,0.08252246475,0.009386971721,0.02694229845
19.41480732,106.949235,0.641558221,-0.1297334613,0.3752322027,-0.9961573254,0.08280302952,0.009382257253,0.02694837077
19.43978262,106.9742103,0.6414813695,-0.1301256196,0.3752206422,-0.996131721,0.08310795495,0.009380698513,0.02695672147
19.45987558,106.9943032,0.6414146191,-0.1304617131,0.3752124745,-0.9961097982,0.08336843407,0.009378143863,0.02696339416
19.48480535,107.019233,0.6413298713,-0.1308828033,0.3752093432,-0.9960825589,0.08369214822,0.009370428058,0.02696952403
19.50986767,107.0442953,0.6412553308,-0.1312712305,0.3752134526,-0.9960573286,0.08399272018,0.009355633695,0.02697208269
19.53476834,107.069196,0.641178873,-0.1316532917,0.375212608,-0.9960322621,0.0842892929,0.009347138523,0.02697552393
19.55976319,107.0941908,0.6410960902,-0.1320578684,0.3752091091,-0.9960057597,0.08460107177,0.009340790302,0.02698026972
19.57976723,107.1141949,0.6410294368,-0.1323879508,0.3752076997,-0.9959842124,0.08485404809,0.009333661906,0.02698373519
19.60477734,107.139205,0.6409476558,-0.1327986395,0.3752095917,-0.9959571577,0.08517120979,0.00932126446,0.02698738831
19.62977004,107.1641977,0.6408656542,-0.1331946821,0.3752096349,-0.9959308554,0.08547799353,0.009312842766,0.02699101373
19.64985251,107.1842802,0.6407994115,-0.1335141607,0.3752082602,-0.9959095708,0.08572539872,0.009306927227,0.02699377491
19.67476916,107.2091968,0.6407197388,-0.1339005631,0.3752067277,-0.9958837953,0.0860242798,0.009299223088,0.02699655367
19.69486547,107.2292931,0.6406549651,-0.1342204777,0.3752088956,-0.9958623125,0.0862727842,0.009289219209,0.02699947492
19.71487212,107.2492998,0.6405866991,-0.1345483791,0.3752097537,-0.9958402153,0.0865273453,0.009281262903,0.02700263564
19.73986363,107.2742913,0.6405032457,-0.1349476291,0.375207709,-0.9958132739,0.08683674836,0.009273982627,0.02700548083
19.7648437,107.2992713,0.6404232678,-0.1353345553,0.3752075035,-0.9957871137,0.08713630995,0.009264633612,0.0270084094
19.78486991,107.3192976,0.6403563349,-0.1356630568,0.3752108952,-0.9957647448,0.08739181386,0.009253107565,0.02701154914
19.80979824,107.3442259,0.6402738788,-0.1360696653,0.3752149295,-0.9957369501,0.08770852998,0.009238757302,0.02701453918
19.83485794,107.3692856,0.6401950981,-0.1364556329,0.3752160571,-0.9957104506,0.08800922175,0.009227379134,0.02701723496
19.85486293,107.3892906,0.6401329658,-0.1367524495,0.3752161002,-0.9956900112,0.08824007195,0.009220114048,0.02702000886
19.87986374,107.4142914,0.6400510873,-0.1371414205,0.3752175206,-0.9956632022,0.0885422676,0.009209786502,0.02702284936
19.89986706,107.4342947,0.6399857407,-0.1374578467,0.3752197295,-0.9956413052,0.08878862997,0.00919970892,0.0270247263
19.91986895,107.4542966,0.63992022,-0.1377692995,0.375220102,-0.9956196865,0.08903097547,0.009191905877,0.02702654394
19.94484329,107.4792709,0.6398353696,-0.1381645554,0.3752196745,-0.9955921338,0.08933832565,0.009183773947,0.02703007706
19.9648788,107.4993064,0.6397568871,-0.1385282429,0.3752194448,-0.9955667242,0.08962103164,0.009176044931,0.02703273087
19.98975182,107.5241795,0.6396542379,-0.1390126024,0.3752201243,-0.995532779,0.08999771472,0.009163506449,0.02703566905
20.00981212,107.5442398,0.6395653587,-0.1394324257,0.3752223817,-0.9955031988,0.09032472066,0.00915108797,0.02703855777
20.0347476,107.5691752,0.6394466915,-0.1399787161,0.3752237237,-0.9954645571,0.09074937543,0.009137943376,0.02704374844
20.05475116,107.5891788,0.639351863,-0.1404229721,0.3752244711,-0.9954329929,0.09109563064,0.009126256259,0.02704540963
20.07479882,107.6092265,0.6392434749,-0.1409229327,0.375225218,-0.9953972598,0.09148508656,0.009113977737,0.02705012974
20.09976578,107.6341934,0.6391068019,-0.141546281,0.375226681,-0.9953525422,0.09197018874,0.009098728864,0.02705576219
20.12478518,107.6592128,0.6389600047,-0.1422154349,0.3752247542,-0.9953042514,0.09249107167,0.009084812924,0.02706131752
20.14973044,107.6841581,0.6388102857,-0.1428878955,0.3752218651,-0.9952554812,0.09301382192,0.009072309037,0.02706749371
20.16974735,107.704175,0.6386844128,-0.1434545733,0.3752221652,-0.995214161,0.09345493786,0.009059311467,0.02707170657
20.19475317,107.7291808,0.6385218978,-0.1441768139,0.3752187514,-0.9951612116,0.09401604874,0.009046248871,0.02707971415
20.21482038,107.749248,0.6383961816,-0.1447334142,0.3752165827,-0.9951202809,0.09444791629,0.009035757669,0.02708454841
20.23482609,107.7692537,0.6382708266,-0.1452860536,0.3752160045,-0.995079459,0.09487694862,0.009024254197,0.02708870024
20.2548542,107.7892818,0.6381510764,-0.1458127138,0.3752160184,-0.9950404767,0.09528484917,0.009012581284,0.02709281667
20.27985525,107.8142829,0.6379983109,-0.1464807559,0.3752140295,-0.9949906725,0.09580316225,0.008999547512,0.02709841223
20.30472898,107.8391566,0.6378434454,-0.1471544269,0.3752120362,-0.9949401432,0.09632608807,0.008986397999,0.02710425996
20.32477713,107.8592048,0.637722517,-0.1476805557,0.3752127613,-0.9949005944,0.09673374598,0.00897404237,0.02710823054
20.34976149,107.8841891,0.637576187,-0.1483312147,0.3752166634,-0.9948512854,0.09724017345,0.008953772909,0.02711270028
20.36984038,107.904268,0.6374517633,-0.1488675338,0.3752162196,-0.9948104078,0.09765737489,0.008942112184,0.02711693794
20.39483047,107.9292581,0.6373026172,-0.1495230478,0.3752195986,-0.9947601898,0.09816816328,0.008922590335,0.02712128217
20.41485381,107.9492815,0.6371688546,-0.1500959868,0.3752202182,-0.9947162226,0.09861244187,0.008909123523,0.02712655957
20.434865,107.9692926,0.6370520918,-0.1506126923,0.3752253098,-0.9946767139,0.09901098931,0.008890385672,0.02712968639
20.45987248,107.9943001,0.63688495,-0.1513565548,0.3752317238,-0.9946193983,0.09958586813,0.008862833647,0.02713591039
20.48486185,108.0192895,0.6367310127,-0.1520352482,0.3752349272,-0.9945668628,0.1001095209,0.0088400225,0.0271420926
20.50985742,108.0442851,0.6365581429,-0.1527910985,0.3752374706,-0.9945080755,0.1006917835,0.008815660058,0.02715026174
20.53482962,108.0692573,0.636398939,-0.1535039576,0.3752451647,-0.9944544892,0.1012206518,0.00878488342,0.02715647838
20.554878,108.0893056,0.6362635014,-0.1541186922,0.3752480772,-0.9944116007,0.1016411198,0.008758110251,0.02716517349
20.57985878,108.1142864,0.6361047635,-0.1548505862,0.3752491644,-0.9943880273,0.1018708813,0.008718041926,0.02718033141
20.60485888,108.1392865,0.6359394693,-0.1556136847,0.3752498594,-0.9944136947,0.1016193018,0.00866228717,0.02720084697
20.62985516,108.1642828,0.6357724919,-0.1563827695,0.3752544643,-0.9944719189,0.1010479133,0.008594235696,0.02722243294
20.64986181,108.1842895,0.635638361,-0.1570052723,0.3752538751,-0.9945344972,0.1004292713,0.008536565948,0.02724375706
20.67487025,108.2092979,0.6354613819,-0.1577886052,0.3752408448,-0.9946231765,0.099544175,0.008475475309,0.0272738017
20.69981313,108.2342408,0.6352721912,-0.158580853,0.3752169435,-0.9947220925,0.09854594506,0.008425410873,0.02730691851
20.7248528,108.2592804,0.6350820759,-0.1593661108,0.3751877925,-0.9948175564,0.09757204039,0.008381557162,0.0273400067
20.74485946,108.2792871,0.634922909,-0.160012004,0.3751620187,-0.9948854509,0.09687208484,0.00835064484,0.02736796566
20.76981711,108.3042448,0.6347312574,-0.1607816683,0.3751214059,-0.9949583832,0.09611245038,0.008323743221,0.02740306242
20.78981924,108.3242469,0.634573224,-0.1614105601,0.3750841426,-0.995004408,0.09562751447,0.008308983136,0.02743296074
20.81480479,108.3492324,0.6343903933,-0.1621516526,0.3750404459,-0.9950480971,0.09516346293,0.008291139904,0.02746737566
20.83481073,108.3692384,0.6342391487,-0.1627510136,0.3749955891,-0.9950685601,0.09494051235,0.008289651817,0.02749802569
20.85482955,108.3892572,0.6341069275,-0.1632803364,0.3749374545,-0.9950876902,0.09472850881,0.008300036809,0.02753375782
20.87982607,108.4142537,0.6339326194,-0.1639675088,0.3748394902,-0.9950970723,0.09461099345,0.008334799252,0.02758818256
20.89983416,108.4342618,0.6338128927,-0.1644473608,0.374754825,-0.9951075694,0.09448432002,0.008367954894,0.02763360084
20.92485595,108.4592836,0.6336553302,-0.1650879574,0.3746335608,-0.9951001417,0.09453851419,0.008421819977,0.0276992814
20.94499469,108.4794223,0.6335481625,-0.1655239619,0.3745208642,-0.9951046556,0.09446900898,0.008476974418,0.02775737024
20.96984053,108.5042682,0.6334198929,-0.1660786796,0.374348344,-0.9950887126,0.09460274755,0.008566987476,0.02784566369
20.98985267,108.5242803,0.6333218268,-0.1664968062,0.3741907346,-0.995083068,0.09463025818,0.008653301002,0.02792709007
21.00987911,108.5443068,0.6332401942,-0.1668850719,0.3740218683,-0.995089053,0.09453425371,0.008739205187,0.02801209959
21.03485727,108.5692849,0.6331365218,-0.1673939522,0.3737654054,-0.9950754235,0.09462484572,0.008879166414,0.02814605606
21.05985069,108.5942783,0.6330504585,-0.1678504138,0.3734881702,-0.9950787375,0.09453332768,0.009028209266,0.02828864604
21.07986569,108.6142933,0.6329838294,-0.1682132287,0.3732609502,-0.9950874313,0.0943960709,0.009148633485,0.02840225927
21.10487318,108.6393008,0.6329085034,-0.1686615181,0.3729737127,-0.9950940456,0.09426539401,0.009296235655,0.02855618879
21.12987208,108.6642997,0.6328382999,-0.1690811273,0.3726583062,-0.9951036073,0.09409778116,0.009465790914,0.02871962846
21.15485072,108.6892784,0.6327772336,-0.1694758085,0.3723337363,-0.995108447,0.09397721122,0.009641897389,0.0288876504
21.17985487,108.7142825,0.6327245931,-0.1698207315,0.3720065729,-0.9951230443,0.0937517651,0.009822383613,0.02905604975
21.20494533,108.739373,0.632687427,-0.1701486738,0.3716563323,-0.9951289109,0.09361260734,0.01001339551,0.02923802777
21.22986603,108.7642937,0.6326453164,-0.170457058,0.3712764953,-0.9951312716,0.09350371545,0.01023461539,0.0294288986
21.25482464,108.7892523,0.6325990385,-0.1707418812,0.3708992938,-0.9951271723,0.09346328711,0.01046439626,0.02961454675
21.27482986,108.8092575,0.6325771832,-0.1709390576,0.3705977313,-0.9951275163,0.09339149153,0.01064279559,0.02976552647
21.29483128,108.8292589,0.6325658969,-0.1711182016,0.3703002773,-0.9951290042,0.09330769193,0.01081443979,0.0299163425
21.31483841,108.8492661,0.6325460974,-0.17130348,0.370005104,-0.9951269756,0.09326132444,0.01099000957,0.03006405726
21.33970046,108.8741281,0.6325283394,-0.1715246293,0.3696695148,-0.9951176194,0.09328310895,0.01118509336,0.03023373583
21.35973573,108.8941634,0.6325329494,-0.1716762751,0.369417644,-0.9951129115,0.0932740717,0.01132071621,0.03036580834
21.38466406,108.9190917,0.6325657415,-0.1718567421,0.3691658791,-0.9951141844,0.09320028102,0.01142566064,0.03051101327
21.40476608,108.9391937,0.6326031474,-0.1720069387,0.3689959792,-0.9951063552,0.09324226604,0.01148018637,0.03061742801
21.42476702,108.9591947,0.6326669161,-0.1721715949,0.3688855396,-0.9950927665,0.09335896486,0.01147118721,0.03070670371
21.44489861,108.9793262,0.632756863,-0.1723483936,0.3688118659,-0.9950789012,0.09348631746,0.01141362141,0.03078990114
21.46983457,109.0042622,0.6329080983,-0.1725910806,0.3687968082,-0.9950613259,0.09366467861,0.01125293247,0.03087486501
21.48987389,109.0243015,0.633053699,-0.1728006188,0.3688315874,-0.9950435151,0.09385686911,0.01107028279,0.03093121385
21.5148406,109.0492682,0.6332519387,-0.1730780432,0.3689269392,-0.9950188914,0.09413232363,0.01078954276,0.03098543382
21.53983355,109.0742612,0.6334709541,-0.1733741804,0.3690671574,-0.9949936903,0.09442148781,0.01045719182,0.0310287932
21.56479716,109.0992248,0.6337146027,-0.173699723,0.3692505259,-0.9949670459,0.09473226844,0.01006831714,0.03106451044
21.5848484,109.119276,0.6339288336,-0.1739896896,0.3694405285,-0.9949434975,0.09501101859,0.009705487122,0.03108290024
21.60987043,109.1442981,0.634207739,-0.1743714339,0.3697003858,-0.9949108397,0.09539391449,0.009223510771,0.03110223508
21.63486242,109.1692901,0.634519576,-0.1747947888,0.3700205152,-0.9948742847,0.09582430727,0.008664896449,0.03110915248
21.65984893,109.1942766,0.6348455261,-0.1752434101,0.3703678085,-0.9948351474,0.09628053383,0.008070359804,0.0311120175
21.68488193,109.2193096,0.6351842703,-0.1757175018,0.3707395914,-0.994793009,0.0967655304,0.007442840786,0.03111117955
21.70985436,109.244282,0.6355260221,-0.1762224527,0.3711137283,-0.9947465769,0.09728787224,0.006804636195,0.03111293364
21.73483849,109.2692661,0.6358681622,-0.1767534344,0.3715034264,-0.9946974365,0.09783307184,0.006148068753,0.03111110797
21.75485754,109.2892852,0.6361351409,-0.177186042,0.3718114864,-0.9946573462,0.09827127189,0.005628156146,0.03111020294
21.77486444,109.3092921,0.6364106443,-0.1776156109,0.3721198147,-0.9946168196,0.09870857525,0.005101999207,0.03111220049
21.79983306,109.3342607,0.6367482631,-0.1781364259,0.3724574866,-0.9945659454,0.09924384875,0.004487257882,0.03113042224
21.81985116,109.3542788,0.6370188142,-0.1785617869,0.3727167353,-0.9945236944,0.09968173287,0.004001767191,0.03114738129
21.83986878,109.3742964,0.6372847862,-0.1789753001,0.3729458509,-0.9944818041,0.1001076104,0.003542630642,0.03117462768
21.86477304,109.3992007,0.6376223154,-0.1794727436,0.3732136933,-0.9944300788,0.1006234097,0.002981100886,0.0312227612
21.8848052,109.4192328,0.6378894768,-0.1798532605,0.3733938947,-0.994389256,0.101021709,0.002563360461,0.03127380913
21.90480614,109.4392338,0.6381436688,-0.1802234528,0.3735429567,-0.9943490716,0.1014081104,0.002180007108,0.03132996334
21.92486668,109.4592943,0.6383957667,-0.1805967817,0.3736741694,-0.9943083872,0.1017957072,0.001811428476,0.0313876398
21.94487667,109.4793043,0.6386577401,-0.1809759088,0.3738028075,-0.994266379,0.1021903185,0.001434997755,0.03145548042
21.96985579,109.5042834,0.6389776067,-0.1814407132,0.3739404474,-0.994213986,0.1026760995,0.0009871577764,0.03154669717
21.99482608,109.5292537,0.6392877468,-0.1819201471,0.3740577168,-0.9941598335,0.1031721735,0.0005605228748,0.03164512465
22.01482987,109.5492575,0.6395254591,-0.1823121881,0.3741256702,-0.9941155295,0.1035724638,0.0002452561031,0.03173324192
22.03485346,109.5692811,0.6397536713,-0.1827088981,0.3741862806,-0.994070887,0.1039725162,-6.108858045e-05,0.03182426531
22.05985665,109.5942843,0.6399898615,-0.1832333768,0.3742259174,-0.9940133739,0.1044848027,-0.0003896357802,0.03194036138
22.08485723,109.6192849,0.6401654449,-0.1837642688,0.3742025,-0.9939566438,0.1049847974,-0.0006163931442,0.03206248057
22.1048696,109.6392972,0.6402545618,-0.1842012162,0.3741300035,-0.9939114368,0.1053802003,-0.0007142572572,0.03216455997
22.12487197,109.6592996,0.6403045766,-0.1846440883,0.3740583143,-0.9938672341,0.105768145,-0.0007976309746,0.03225498965
22.14988303,109.6843107,0.6403051726,-0.1852140463,0.3739329736,-0.9938124359,0.1062477983,-0.0008427600704,0.03236568062
22.17485023,109.7092779,0.6402682095,-0.1857788274,0.3737716074,-0.9937588813,0.1067129385,-0.0008368673932,0.03247975083
22.19984961,109.7342772,0.6401754385,-0.186331864,0.3735771275,-0.9937082774,0.1071518993,-0.0007540005475,0.03258468146
22.21985006,109.7542777,0.6400535667,-0.1868179694,0.3734274403,-0.9936662147,0.1075194132,-0.0006747942412,0.03265844756
22.24487615,109.7793038,0.6399020161,-0.1873735452,0.3732449313,-0.9936183807,0.1079360563,-0.0005654040361,0.03274143437
22.26495552,109.7993832,0.6397883689,-0.1878005007,0.3731147708,-0.9935809034,0.1082638681,-0.0004830997724,0.03279771088
22.28985667,109.8242843,0.6396197905,-0.1883806801,0.3729964958,-0.993531001,0.108704819,-0.0003969591857,0.03285201373
22.31481647,109.8492441,0.6394698693,-0.1889248962,0.3729284315,-0.9934859612,0.109106534,-0.0003632308775,0.03288278044
22.33481717,109.8692448,0.6393510426,-0.1893831359,0.3728836737,-0.9934478284,0.1094454154,-0.0003563919881,0.03290875598
22.35980129,109.8942289,0.639207342,-0.1898905308,0.3728148359,-0.9934067036,0.1098081965,-0.0003232185359,0.03294202195
22.38500142,109.9194291,0.639072266,-0.1903812779,0.372752957,-0.9933692116,0.110139185,-0.000293152321,0.03296791516
22.40982938,109.944257,0.6389460055,-0.1908641168,0.3727025488,-0.993336274,0.1104264992,-0.0002868585306,0.03299928413
22.43482161,109.9692492,0.6388329204,-0.1912986133,0.3726271861,-0.9933299371,0.1104728126,-0.0002655540862,0.03303518078
22.45982766,109.9942553,0.6387069381,-0.1917331557,0.3725312418,-0.9933360833,0.1104053805,-0.0002133982658,0.03307615628
22.47982931,110.014257,0.6385975993,-0.1920850285,0.3724612465,-0.9933535659,0.1102399606,-0.0001577615226,0.03310316135
22.49984121,110.0342689,0.6384959393,-0.1924230067,0.3724044743,-0.9933843798,0.1099549863,-0.0001305580996,0.03312639417
22.52488351,110.0593112,0.6383748635,-0.1928222336,0.3723331001,-0.9934297257,0.1095360825,-9.550343959e-05,0.03315444939
22.54985142,110.0842791,0.638241912,-0.1932301624,0.3722713478,-0.9934681694,0.1091814706,-1.932718755e-05,0.03317231629
22.57480764,110.1092353,0.6381021516,-0.1936533929,0.3722254581,-0.9935048026,0.1088449611,6.147061484e-05,0.03318098556
22.59483457,110.1292622,0.6379894445,-0.1940165509,0.3721919636,-0.9935234006,0.1086726137,0.0001071830171,0.03318891297
22.61483645,110.1492641,0.6378639276,-0.1944115916,0.3721555427,-0.9935396028,0.1085215531,0.0001535686025,0.03319799
22.6398356,110.1742632,0.637698494,-0.194940927,0.3721172151,-0.9935457169,0.1084618971,0.0001915707489,0.03320976832
22.66476011,110.1991878,0.6375213934,-0.1955022751,0.3720803313,-0.9935462041,0.108454016,0.0002285553458,0.03322069481
22.6897397,110.2241673,0.637333342,-0.1961050931,0.3720485253,-0.9935232229,0.1086609326,0.0002496393346,0.03323168516
22.70982623,110.2442539,0.6371864884,-0.1965961951,0.3720405596,-0.9935143344,0.1087412338,0.0002408911688,0.03323482055
22.72982931,110.264257,0.6370156267,-0.1971496151,0.3720358708,-0.9935030411,0.1088435443,0.0002312054052,0.03323758056
22.7498517,110.2842793,0.6368543165,-0.1976633183,0.3720298643,-0.9934936682,0.1089288257,0.0002274702312,0.03323838893
22.77485275,110.3092804,0.6366337884,-0.1983650669,0.3720208948,-0.9934788369,0.109063398,0.000218062307,0.03324046124
22.7998426,110.3342702,0.6364275985,-0.1990251603,0.3720122969,-0.9934638078,0.1091990702,0.0001972942215,0.0332443485
22.8249135,110.3593411,0.6362064595,-0.1997304615,0.3719963132,-0.9934405771,0.1094077588,0.0001803056553,0.03325251092
22.84985495,110.3842826,0.6360057329,-0.2003695625,0.3719808525,-0.9934301558,0.1095007293,0.0001642247319,0.03325791483
22.87474036,110.409168,0.6357895686,-0.2010676121,0.3719836361,-0.993409255,0.109690092,0.0001306342851,0.03325836212
22.89474297,110.4291706,0.6356315824,-0.2015655593,0.3719822949,-0.993397193,0.1097992561,0.0001128724415,0.03325849506
22.91972828,110.4541559,0.6354195182,-0.2022312744,0.3719764535,-0.9933605588,0.1101297012,9.761313008e-05,0.03326018094
22.94479322,110.4792209,0.6352273788,-0.2028357282,0.3719748724,-0.9933083656,0.1105990504,8.330575951e-05,0.0332615994
22.96972394,110.5041516,0.6350286641,-0.2034700102,0.3719779658,-0.993253724,0.1110887082,6.149240702e-05,0.03326161412
22.9897244,110.524152,0.6348741856,-0.2039521753,0.3719739999,-0.9932118071,0.1114624465,5.174089653e-05,0.03326298997
23.01472521,110.5491529,0.6346757286,-0.204585945,0.371977877,-0.9931563025,0.1119563299,2.851993154e-05,0.03326166375
23.03483534,110.569263,0.6345149217,-0.2051039079,0.3719853585,-0.9931105651,0.1123614099,4.878719309e-06,0.03326137579
23.05985355,110.5942812,0.6343167966,-0.2057355758,0.3719914757,-0.9930546039,0.112855337,-2.032969499e-05,0.03325997757
23.08481288,110.6192405,0.6341084882,-0.2063781552,0.3719894111,-0.992997465,0.1133564749,-3.502422537e-05,0.0332617329
23.10481715,110.6392448,0.6339492513,-0.206867699,0.3719867873,-0.9929536833,0.1137389061,-4.591349975e-05,0.0332632235
23.12971544,110.6641431,0.6337480386,-0.2074835895,0.3719848886,-0.9928983511,0.1142207,-6.007680186e-05,0.03326398063
23.14974046,110.6841681,0.6335960051,-0.2079516122,0.3719862248,-0.9928561348,0.1145873414,-7.299722369e-05,0.03326306296
23.17474246,110.7091701,0.6333950454,-0.2085626017,0.3719867271,-0.9928008115,0.1150657723,-8.526157092e-05,0.03326273462
23.19478416,110.7292118,0.6332467458,-0.2090110568,0.3719851011,-0.9927601444,0.1154166347,-8.976765192e-05,0.03326090947
23.2148509,110.7492785,0.6330835002,-0.209507825,0.3719857662,-0.992714803,0.1158058042,-0.0001033313605,0.03326146272
23.23984313,110.7742708,0.6328982362,-0.2100695632,0.3719867415,-0.9926633736,0.1162460234,-0.0001179248976,0.03326071054
23.26485372,110.7992814,0.6326961266,-0.2106932182,0.3719883175,-0.9926060873,0.1167362247,-0.0001330293872,0.0332534453
23.28486776,110.8192954,0.6325285272,-0.2111988474,0.3719904577,-0.9925593026,0.117133079,-0.0001470799019,0.033254337
23.30979514,110.8442228,0.63233835,-0.2118124809,0.3720059258,-0.9925021865,0.1176176261,-0.0001829807755,0.03324861445
23.32983327,110.8642609,0.6321631257,-0.2123598927,0.3720164667,-0.9924509296,0.1180490584,-0.0002108969216,0.03324947556
23.35476279,110.8891904,0.6319706171,-0.2129651764,0.3720265471,-0.992394171,0.1185265678,-0.0002406472621,0.03324461126
23.374856,110.9092836,0.6317901173,-0.2135153988,0.3720285221,-0.9923423582,0.1189597433,-0.0002590364474,0.03324389513
23.39986229,110.9342899,0.6315843467,-0.214136771,0.372034012,-0.9922838367,0.1194471912,-0.0002809616378,0.03324269767
23.4248426,110.9592702,0.6313657294,-0.2147930093,0.3720391782,-0.9922216776,0.1199620686,-0.0003050336643,0.03324381872
23.44976354,110.9841912,0.6311792775,-0.2153398242,0.3720366418,-0.9921697179,0.1203911736,-0.0003146779071,0.03324330144
23.47469306,111.0091207,0.6309929228,-0.2158842017,0.3720352243,-0.9921177671,0.1208185975,-0.0003248496363,0.03324300255
23.49982667,111.0342543,0.6308479218,-0.2163072518,0.3720346061,-0.9920773323,0.1211489396,-0.0003356817538,0.03324738418
23.51984215,111.0542698,0.6307532296,-0.2165834862,0.3720275154,-0.9920508817,0.1213650694,-0.0003376238304,0.03324837038
23.54484463,111.0792723,0.6306629806,-0.2168464168,0.3720139729,-0.9920253607,0.1215716849,-0.0003350007425,0.03325502851
23.56981039,111.104238,0.6306049769,-0.2170152847,0.3720029956,-0.9920089192,0.1217045006,-0.0003310435085,0.03325972234
23.58985209,111.1242797,0.6305751044,-0.2171025358,0.3719865094,-0.9920001977,0.1217734421,-0.0003219170447,0.03326759678
23.61481404,111.1492417,0.6305614377,-0.2171441351,0.3719560967,-0.9919956885,0.1218062857,-0.0003026264866,0.03328199547
23.6348176,111.1692452,0.6305568365,-0.2171586165,0.3719329116,-0.9919939009,0.1218178947,-0.0002874232694,0.03329292047
23.65981793,111.1942456,0.6305564741,-0.2171613821,0.3718970607,-0.9919929301,0.1218207647,-0.0002637986466,0.03331153331
23.68484926,111.2192769,0.6305577637,-0.2171594857,0.3718556761,-0.991992333,0.1218196087,-0.0002366113011,0.03333374006
23.70983005,111.2442577,0.6305593162,-0.217157484,0.3718118815,-0.9919917046,0.1218183686,-0.0002080380792,0.03335715381
23.73481917,111.2692468,0.6305597337,-0.2171587721,0.3717607448,-0.9919907394,0.1218199972,-0.0001734611317,0.03338010173
23.75983167,111.2942593,0.6305608105,-0.2171595405,0.3716965701,-0.9919895667,0.121821351,-0.0001307701015,0.03341019076
23.78484511,111.3192728,0.6305631412,-0.21716166,0.3716238208,-0.9919881045,0.1218239446,-8.38020353e-05,0.03344428188
23.80981374,111.3442414,0.6305665342,-0.2171658468,0.3715187588,-0.9919858218,0.1218290132,-1.584985018e-05,0.03349359121
23.82983112,111.3642588,0.630568637,-0.2171669336,0.3713887806,-0.9919834399,0.1218314783,7.078927405e-05,0.03355504328
23.85482574,111.3892534,0.6305736258,-0.2171628323,0.3711892853,-0.9919802275,0.1218301895,0.0002027207114,0.03365400587
23.87981224,111.4142399,0.630579695,-0.2171662165,0.370922431,-0.9919751565,0.121836287,0.0003784012552,0.03377965211
23.89984965,111.4342773,0.6305886668,-0.2171757552,0.3706680568,-0.9919694867,0.1218482919,0.0005414541737,0.0339004148
23.91985464,111.4542823,0.6305994854,-0.2171895611,0.3703815588,-0.9919627389,0.1218646741,0.0007242108496,0.03403529675
23.94482756,111.4792552,0.6306266943,-0.2172250301,0.3700108451,-0.9919513858,0.1219047782,0.0009454092685,0.03421665529
23.96963978,111.5040674,0.6306562391,-0.2172636854,0.3695914455,-0.9919386343,0.1219488395,0.001197280326,0.03442082099
23.98970723,111.5241349,0.6306899013,-0.2172966514,0.369233177,-0.9919271186,0.1219885903,0.001404177224,0.03460351768
24.0097816,111.5442092,0.6307278277,-0.2173274035,0.3688764726,-0.9919154142,0.1220273555,0.001605737421,0.03479306389
24.02979469,111.5642223,0.6307796029,-0.2173794517,0.3685787057,-0.9919019514,0.1220872962,0.001750959343,0.03495919153
24.05479598,111.5892236,0.6308950508,-0.2174967127,0.3682999223,-0.9918789085,0.1222191667,0.001814869997,0.03514843298
24.07970667,111.6141343,0.6310715655,-0.2176781807,0.3681145973,-0.9918480943,0.1224195325,0.001748951687,0.03532360479
24.1046679,111.6390955,0.6312962672,-0.2179322664,0.3680348144,-0.9918096465,0.1226903761,0.001553221104,0.03547230189
24.12965131,111.664079,0.6315782019,-0.2182943376,0.3680566106,-0.9917586621,0.1230702347,0.001215047584,0.03559490205
24.15463066,111.6890583,0.6319305421,-0.2187584949,0.3681686066,-0.9916950646,0.1235558852,0.0007345064485,0.0356973754
24.17463398,111.7090616,0.6322487218,-0.2191556307,0.3682977119,-0.9916401414,0.1239741524,0.0002869530657,0.03577928412
24.19962883,111.7340565,0.6326801703,-0.2196895735,0.3684782839,-0.9915651639,0.1245393133,-0.0003240000941,0.03589401269
24.22477317,111.7592008,0.6331357589,-0.2202557156,0.3686664473,-0.9914850554,0.1251381836,-0.0009679809779,0.03601226101
24.24966574,111.7840934,0.6336007132,-0.2207830028,0.3687862976,-0.9914068095,0.1257058979,-0.001564497664,0.03616790994
24.27462554,111.8090532,0.6340725012,-0.2212545306,0.3688574397,-0.9913328429,0.1262250869,-0.002121599024,0.0363582307
24.29474378,111.8291714,0.6344296575,-0.2216015391,0.3688378152,-0.9912766326,0.1266077249,-0.0024909786,0.03653651031
24.31475711,111.8491848,0.6347773795,-0.221894675,0.36878555,-0.9912251573,0.1269445814,-0.002819762528,0.03673975565
24.33476233,111.86919,0.6351943347,-0.2219020067,0.3686754513,-0.9912039527,0.1270520985,-0.003066371813,0.03691999166
24.35974908,111.8941767,0.6358858613,-0.2216687909,0.3685268724,-0.9911991199,0.127022754,-0.003397952826,0.03712113498
24.37975526,111.9141829,0.6365481799,-0.2212860046,0.3684056598,-0.9912121603,0.126857939,-0.003701127017,0.03730707986
24.40475893,111.9391866,0.6375469836,-0.2205240387,0.3682976677,-0.9912530465,0.1264522766,-0.004153669216,0.03754952215
24.42483473,111.9592624,0.6384658281,-0.2198540272,0.3681974459,-0.9912877632,0.1261088278,-0.004550292445,0.03774160815
24.4448576,111.9792852,0.639478732,-0.2191025506,0.3681926168,-0.9913276865,0.1257224296,-0.005017525704,0.03792246101
24.46976042,112.0041881,0.6407491936,-0.2181350475,0.3682483243,-0.9913822793,0.1252231777,-0.005307479837,0.03810725181
24.48980975,112.0242374,0.64176999,-0.2173873103,0.3683932244,-0.9914257661,0.1248520212,-0.005309288109,0.03819338395
24.51482987,112.0492575,0.6430423602,-0.2166825593,0.3687338174,-0.991458844,0.1245915218,-0.005114772818,0.03821194189
24.53969789,112.0741255,0.6442230438,-0.2162970092,0.3692544783,-0.9914650929,0.1245903492,-0.004578534726,0.03812153624
24.5648191,112.0992467,0.645255894,-0.2161606023,0.3699180664,-0.9914536359,0.1247714122,-0.003614631524,0.03793042362
24.58981466,112.1242423,0.6461877658,-0.2161164435,0.3706302499,-0.9914371904,0.1250115252,-0.002302647437,0.03767112924
24.61473656,112.1491642,0.6470906733,-0.2161707249,0.3714616031,-0.9914104987,0.1253339897,-0.0009370358911,0.03735955083
24.63972759,112.1741552,0.6479051067,-0.2163597963,0.3723972457,-0.9913711721,0.1257551761,0.000588118733,0.03699309364
24.659729,112.1941566,0.6484745851,-0.2165787658,0.3731032658,-0.9913332632,0.126128672,0.001949057226,0.03668951492
24.67983699,112.2142646,0.6490508857,-0.2167666952,0.3738448084,-0.9912957699,0.12648158,0.003255126656,0.03639382761
24.70482659,112.2392542,0.6497893498,-0.2169448011,0.3747783433,-0.9912510744,0.1268830628,0.004725448271,0.03605087957
24.72485685,112.2592845,0.650406157,-0.2169636023,0.3754956787,-0.9912253477,0.1271079469,0.005770742709,0.03581310403
24.74490762,112.2793353,0.6510344759,-0.2168498821,0.3761537393,-0.991212775,0.127220376,0.006786717114,0.03558301606
24.76977277,112.3042004,0.6518013565,-0.2165422305,0.3768302525,-0.9912116964,0.1272184181,0.008108921445,0.03534250187
24.7897768,112.3242044,0.6524526714,-0.2162819294,0.3773199941,-0.9912093878,0.1272155528,0.008983322156,0.03520585889
24.81477356,112.3492012,0.6533008755,-0.2158993618,0.3777753904,-0.9912106681,0.1271681911,0.009831149549,0.03511425774
24.83481097,112.3692386,0.6540190801,-0.2155169861,0.3780390697,-0.9912181672,0.1270749705,0.01032330952,0.03509880572
24.8598001,112.3942277,0.6549262929,-0.2149370268,0.3782277886,-0.9912371598,0.1268757628,0.01090066625,0.03510853497
24.88479781,112.4192255,0.6558322495,-0.2142953944,0.3782964419,-0.9912609672,0.1266243582,0.01142610194,0.03517685189
24.9048028,112.4392304,0.6565475434,-0.2137592751,0.3782011964,-0.9912806811,0.1263997591,0.01184289392,0.03529104816
24.92480898,112.4592366,0.6572558642,-0.2132373784,0.3779963389,-0.991297294,0.1261852021,0.01224517651,0.03545455365
24.94975829,112.4841859,0.6580865658,-0.2126786597,0.3776251507,-0.9913076893,0.1259790502,0.01289330029,0.03566660663
24.9697783,112.5042059,0.6587160875,-0.2123236145,0.3772865995,-0.9913059529,0.1258816957,0.01344909903,0.03585286795
24.99476743,112.5291951,0.6594639296,-0.2119047311,0.3767614569,-0.9913002206,0.1257669146,0.01423685931,0.03610910652
25.01975513,112.5541828,0.660239678,-0.2115289847,0.3762508594,-0.9912897857,0.1257008796,0.01481979496,0.03638987957
25.03975749,112.5741851,0.6608383954,-0.2113360196,0.3758114126,-0.991269939,0.1257377728,0.01522436801,0.03663521665
25.05975795,112.5941856,0.6614184208,-0.2111927246,0.3753465179,-0.9912448493,0.1258126562,0.01561538401,0.0368915174
25.08478403,112.6192117,0.6621244233,-0.2111313826,0.3747510986,-0.9912019473,0.1259983437,0.01603188118,0.03723030751
25.1097641,112.6441917,0.6628433207,-0.2111417982,0.3742110625,-0.9911522853,0.126249153,0.01633992734,0.03756734594
25.13475323,112.6691809,0.6635755941,-0.2112469632,0.3738002872,-0.9910944637,0.1265872112,0.01653901082,0.03786691394
25.15976262,112.6941903,0.6642540793,-0.2114908291,0.373406275,-0.9910243519,0.1270242499,0.01673916488,0.03814936725
25.18478847,112.7192161,0.6649407351,-0.2118491913,0.373129412,-0.990944749,0.1275609863,0.01684234961,0.03838013031
25.20976162,112.7441893,0.6656166229,-0.2123692422,0.3728766228,-0.9908487365,0.1282371839,0.01679354141,0.03862619592
25.23476887,112.7691965,0.6663404462,-0.2129048386,0.3726491299,-0.9907587466,0.1289157463,0.01642467448,0.03883383015
25.25977397,112.7942016,0.6671111405,-0.2135003168,0.3725267613,-0.9906641644,0.1296593401,0.01573054263,0.03905789191
25.28477764,112.8192053,0.6678868143,-0.2140245853,0.3724267865,-0.9905738638,0.1303554835,0.01501735353,0.03931090564
25.30477953,112.8392072,0.6684983612,-0.2144574767,0.3723165049,-0.9905008879,0.130915717,0.01446553634,0.03949448615
25.32478666,112.8592143,0.6690972112,-0.2148729394,0.3722499189,-0.9904308508,0.1314558525,0.01389644809,0.03966077852
25.34480119,112.8792288,0.6696907175,-0.2152548667,0.372207237,-0.9903633159,0.1319713646,0.01332967891,0.03982939903
25.36480999,112.8992376,0.6702770195,-0.2155969966,0.3721396176,-0.9903003071,0.1324479257,0.01282922459,0.0399782415
25.38982964,112.9242573,0.6710087266,-0.2159710239,0.3720875404,-0.9902293297,0.1329908849,0.01221287767,0.04012660874
25.40983653,112.9442642,0.6715840009,-0.216188161,0.3720554784,-0.990180542,0.1333596616,0.01172947655,0.04025064333
25.42984414,112.9642718,0.672140472,-0.2164258418,0.3720085054,-0.9901301931,0.1337387162,0.01126506739,0.04036402679
25.45481682,112.9892445,0.6728189246,-0.216741281,0.3719457846,-0.9900660708,0.1342192653,0.01066569292,0.04050440999
25.47980928,113.0142369,0.6734931096,-0.2169662217,0.3718741054,-0.9900100178,0.1346306526,0.01009268248,0.04065574661
25.50485229,113.0392799,0.67414368,-0.2171364978,0.371782036,-0.9899619252,0.1349854254,0.009603767744,0.04076872792
25.52982473,113.0642524,0.6747507112,-0.2173307722,0.3716113985,-0.9899166577,0.1353477569,0.009243220889,0.04074995004
25.54982758,113.0842552,0.6751672574,-0.2176543949,0.3713607834,-0.9898728685,0.1357874523,0.00906828166,0.04038859135
25.57481432,113.109242,0.6756705278,-0.2180868407,0.3709539956,-0.9898298783,0.136380347,0.008996522229,0.03944965916
25.59482789,113.1292555,0.676010769,-0.2185402763,0.3704205996,-0.989796803,0.1369375706,0.009186714043,0.03828831112
25.61981726,113.1542449,0.6764313905,-0.2190929148,0.3696564999,-0.9897677345,0.1376306023,0.009577254,0.03641325632
25.63983369,113.1742613,0.6767361062,-0.2195431828,0.3689242594,-0.9897494721,0.1381920715,0.01004284229,0.03461322378
25.664814,113.1992416,0.6770858113,-0.2200601371,0.3678124327,-0.9897355052,0.1388538651,0.0108609947,0.03201988029
25.68980551,113.2242332,0.6774689693,-0.2204886687,0.3665870091,-0.9897261133,0.1394641569,0.01180112188,0.02920108191
25.71480179,113.2492294,0.6778508499,-0.220816693,0.3651919373,-0.9897211928,0.1399922539,0.01292596133,0.02621161896
25.73980284,113.2742305,0.6781866156,-0.2210585801,0.3636057119,-0.9897192549,0.1404262261,0.0142676378,0.02308042607
25.7598207,113.2942483,0.6785173599,-0.2210788982,0.3623460386,-0.9897278582,0.1406443653,0.01532540573,0.0205684486
25.78479481,113.3192225,0.6789789703,-0.2211226449,0.3607919587,-0.9897250473,0.1409465147,0.016584887,0.01741701353
25.80480003,113.3392277,0.6793750594,-0.2210789884,0.3595581699,-0.9897215334,0.1411306467,0.01756937466,0.01499146199
25.82483077,113.3592584,0.6797672626,-0.220917232,0.3582490907,-0.9897242324,0.1412025618,0.01861542184,0.01269828534
25.84978843,113.3842161,0.6802603528,-0.2206350877,0.3565665095,-0.989728513,0.1412102136,0.0199304704,0.009996124988
25.87478137,113.409209,0.6808174286,-0.220268806,0.3550039775,-0.9897336057,0.1411609715,0.02108493252,0.007509694814
25.89482331,113.429251,0.6813063574,-0.2199514414,0.3538159142,-0.9897346322,0.1411146996,0.0219037395,0.005676756875
25.91983366,113.4542613,0.6819630968,-0.2194808227,0.3524233249,-0.9897372212,0.1410215873,0.02279215004,0.003696307127
25.94487357,113.4793012,0.6826510404,-0.2188738734,0.3510436868,-0.9897523822,0.1408132598,0.02361453064,0.002049819482
25.96981072,113.5042384,0.6833782148,-0.2182036774,0.3496895737,-0.9897742856,0.1405481804,0.02434464971,0.0006407983837
25.99479842,113.5292261,0.6841793046,-0.2174627301,0.3483860436,0.9898011446,-0.1402548838,-0.02494055992,0.0004790923744
26.01481009,113.5492377,0.6848957256,-0.2167313843,0.3473935613,0.9898359694,-0.1399391203,-0.02530917813,0.001114325837
26.03979611,113.5742238,0.6858247797,-0.2157662654,0.3461869377,0.9898862901,-0.139508334,-0.02568519668,0.001681706145
26.05980778,113.5942354,0.6865832597,-0.215022479,0.3452258923,0.9899246144,-0.1391873714,-0.02592605274,0.001993302898
26.07982326,113.6142509,0.6873906009,-0.2142579372,0.3443326007,0.9899654115,-0.138872518,-0.02604626792,0.002121234451
26.10487318,113.6393008,0.6884579302,-0.2132205863,0.3432476367,0.9900252243,-0.1384384584,-0.02609457043,0.001980374988
26.129807,113.6642346,0.689580392,-0.2121549339,0.3422697108,0.9900900564,-0.1380007189,-0.02597935935,0.001598349357
26.14981127,113.6842389,0.6904938099,-0.2114705445,0.3416386442,0.9901263651,-0.1377940657,-0.02571012431,0.001251430952
26.16984677,113.7042744,0.6914216421,-0.2109399487,0.3411057406,0.9901462385,-0.1377265168,-0.02531789953,0.0009147776289
26.19481397,113.7292416,0.6925624011,-0.2105037248,0.3404793039,0.9901479434,-0.1378185705,-0.02475512819,0.0005247627674
26.21481991,113.7492476,0.6934295087,-0.2103897657,0.3400266774,0.9901255538,-0.1380685567,-0.02425699074,0.0002428451008
26.23482966,113.7692573,0.6942438089,-0.2104202139,0.3395937309,-0.9900888647,0.138420431,0.02374670859,3.313739595e-05
26.25980544,113.7942331,0.6952302808,-0.2105624613,0.3391143798,-0.9900326705,0.138936548,0.02306121381,0.0003576656748
26.27983046,113.8142581,0.6960066499,-0.2107317148,0.338756579,-0.9899814908,0.1393933471,0.02248927493,0.0006124155778
26.30482674,113.8392544,0.6969248583,-0.2110056687,0.3382700845,-0.9899103816,0.1399971327,0.0218499088,0.0009060056456
26.32975268,113.8641803,0.6978138456,-0.2112805198,0.3378416003,-0.9898402081,0.1405919133,0.02118650011,0.001186758188
26.35471725,113.8891449,0.6986783027,-0.2115306227,0.337367395,-0.989771919,0.1411602113,0.02057174292,0.001465074323
26.3748343,113.9092619,0.699390382,-0.2116953234,0.3370090782,-0.9897202004,0.1415939571,0.020058558,0.0016524144
26.39982247,113.9342501,0.7002545629,-0.2120137871,0.3366568132,-0.9896441662,0.1422188397,0.01937069235,0.001732706275
26.4248395,113.9592671,0.7011273575,-0.212242119,0.3363910588,-0.9895783004,0.1427721203,0.01865838066,0.001665461383
26.44977355,113.9842012,0.7020150638,-0.212346222,0.3361684782,-0.9895256135,0.1432293204,0.01794750871,0.001519521572
26.47468519,114.0091128,0.702916053,-0.2122640178,0.3359201824,-0.9894926926,0.1435378279,0.01730270598,0.001311348204
26.49475312,114.0291808,0.7036126555,-0.2122037129,0.3357600616,-0.9894666814,0.1437795858,0.01679287384,0.001056636032
26.51982427,114.0542519,0.7044719963,-0.2119674732,0.3355748551,-0.9894530216,0.1439428424,0.01620852311,0.0006780949598
26.54471159,114.0791392,0.705318757,-0.2115789645,0.3353444755,-0.9894564092,0.1439747895,0.01572343615,0.0002166230267
26.56485128,114.0992789,0.7059819489,-0.2112090649,0.3351816796,0.989466221,-0.1439460996,-0.01536445741,0.0002277983348
26.58981633,114.124244,0.706755521,-0.2107586112,0.3349485232,0.989479154,-0.1438941239,-0.01498960597,0.0008925280073
26.61476088,114.1491885,0.7075027907,-0.210315479,0.3347340384,0.9894919197,-0.143835777,-0.01463698945,0.001663938459
26.63480258,114.1692302,0.7081177063,-0.2099313997,0.3345818977,0.9895042923,-0.1437715166,-0.01433812869,0.002329050606
26.65480304,114.1892307,0.7087175156,-0.2095420968,0.3344074675,0.9895170205,-0.143696062,-0.01407715389,0.003056423539
26.67979002,114.2142177,0.7094593712,-0.2090757988,0.3342213418,0.9895303327,-0.143614482,-0.01373295667,0.00400090496
26.699826,114.2342536,0.7100420095,-0.2086790502,0.3340500618,0.9895432665,-0.1435255273,-0.01348717479,0.00475844302
26.72483349,114.2592611,0.7107871623,-0.2082151524,0.3338113853,0.9895536926,-0.1434490213,-0.01316630554,0.005702289774
26.74980187,114.2842295,0.7115222604,-0.2077557933,0.3335146443,0.9895623682,-0.1433750851,-0.01288505164,0.006624193392
26.76982522,114.3042529,0.7120855394,-0.2073685115,0.3331808357,0.9895712706,-0.1432924155,-0.01274480846,0.007318055095
26.79481339,114.329241,0.7127841988,-0.206819386,0.3326764772,0.9895889494,-0.1431360055,-0.01263698312,0.008130306587
26.81978989,114.3542175,0.7134925017,-0.206273517,0.3321081455,0.989604979,-0.142988958,-0.01254457117,0.008875649686
26.83981395,114.3742416,0.71404051,-0.2058843845,0.3315515282,0.9896116373,-0.1429088078,-0.01253362572,0.009422753439
26.86481094,114.3992386,0.7146987197,-0.2055034247,0.3308286124,0.9896086106,-0.1428865852,-0.01252526761,0.01006673874
26.88981938,114.424247,0.7153288987,-0.2052027915,0.3300149215,0.9895969987,-0.1429173899,-0.01257232245,0.01069282797
26.91481328,114.4492409,0.7159589488,-0.2049772284,0.3292490095,0.9895772779,-0.1430127711,-0.01255404644,0.01124963568
26.93981123,114.4742389,0.7165640299,-0.2047886016,0.3284946861,0.9895538663,-0.1431412506,-0.01252929337,0.01169380003
26.95981336,114.494241,0.7170293932,-0.2046699308,0.3278540761,0.9895324186,-0.143266957,-0.01252974711,0.01196566129
26.98482108,114.5192487,0.7176155305,-0.2045517103,0.3270804752,0.9895029384,-0.1434541566,-0.01248326919,0.01220687898
27.0097549,114.5441825,0.7181778694,-0.204511904,0.326316067,0.9894662241,-0.1437020119,-0.01241552624,0.01233603974
27.02979732,114.564225,0.7186258947,-0.204525592,0.3257641625,0.9894327486,-0.1439416775,-0.01229858556,0.01234399611
27.04981565,114.5842433,0.7190902371,-0.2044740028,0.3252246096,0.9894065252,-0.1441416938,-0.01216080002,0.0122480624
27.07480121,114.6092288,0.7196666713,-0.2044510435,0.3245863945,0.9893705244,-0.1444221864,-0.01194490568,0.01206302998
27.09973574,114.6341634,0.7202324284,-0.2044024109,0.3240325148,0.9893390581,-0.1446771621,-0.01168652945,0.01183942482
27.11981106,114.6542387,0.7206579096,-0.2044219775,0.3236353496,0.9893073178,-0.1449277064,-0.01146389498,0.0116434502
27.14477086,114.6791985,0.7211936318,-0.2044167953,0.3231879616,0.9892716769,-0.1452128958,-0.01115703469,0.01141423683
27.16478825,114.6992159,0.7216389274,-0.204406975,0.3228726677,0.9892440192,-0.1454327806,-0.010870959,0.01128711499
27.18981528,114.7242429,0.7221930672,-0.2044362776,0.3225994922,0.989205755,-0.1457358872,-0.01042868248,0.01114755447
27.21482086,114.7492485,0.7227775485,-0.2043462475,0.3223912316,0.9891787414,-0.1459638396,-0.009949660589,0.01099905923
27.23980069,114.7742283,0.7233578885,-0.2042819188,0.3221965217,0.9891498636,-0.1462000507,-0.009458084292,0.01089206468
27.25982475,114.7942524,0.7238414145,-0.2041551327,0.3220509039,0.9891347801,-0.1463324588,-0.009059080948,0.01082272307
27.28473568,114.8191633,0.7244185354,-0.2040623689,0.3218911956,0.9891095298,-0.146536999,-0.008558684749,0.01077008915
27.30474234,114.83917,0.7249193754,-0.2039074434,0.3218654657,0.9890970102,-0.1466523105,-0.008074400664,0.01072419382
27.32478786,114.8592155,0.7254309242,-0.2037411581,0.3218020486,0.9890844118,-0.1467649079,-0.007606683027,0.01068768158
27.34483743,114.8792651,0.7259689352,-0.2035771041,0.3218573166,0.9890702972,-0.1468896892,-0.007038594432,0.01066886384
27.36981034,114.904238,0.7266420547,-0.2033736105,0.3219515535,0.9890518781,-0.1470483898,-0.00630972971,0.01064616327
27.39479113,114.9292188,0.7273069951,-0.2031934669,0.322087014,0.9890306409,-0.1472215151,-0.005558234791,0.01064532552
27.41479802,114.9492257,0.7278454315,-0.2030705305,0.3222177788,0.9890101778,-0.1473803418,-0.004930498728,0.01065801747
27.43968034,114.974108,0.7284963061,-0.2029627328,0.3223834772,0.9889796075,-0.1476050206,-0.0041590191,0.01071431186
27.45980549,114.9942331,0.7290170535,-0.2028518619,0.3225412685,0.9889576935,-0.1477663764,-0.00352898673,0.01073893573
27.48479962,115.0192273,0.7296504156,-0.2027205071,0.3226768278,0.9889297512,-0.1479692331,-0.002790071934,0.01073632762
27.50974011,115.0441678,0.7302943061,-0.2026022338,0.3227931931,0.9888985172,-0.148189283,-0.002047475474,0.0107455507
27.5297637,115.0641913,0.7307833208,-0.2025960497,0.3228648367,0.9888638982,-0.1484255526,-0.001469381425,0.01076508519
27.5547471,115.0891747,0.7313963661,-0.2025811698,0.3229720463,0.9888207335,-0.1487163139,-0.0007339189766,0.01079241872
27.57973766,115.1141653,0.7319811179,-0.2026573239,0.3229995851,0.9887675351,-0.1490716178,-4.54002701e-05,0.01078944816
27.59975195,115.1341796,0.7324650043,-0.2026422112,0.3230182067,0.9887325443,-0.1493041849,0.0005019919823,0.01076866583
27.61979222,115.1542199,0.7329387076,-0.2026895063,0.3230210854,0.9886901195,-0.1495841143,0.001049563106,0.01073959171
27.64475822,115.1791859,0.7335399653,-0.2026881558,0.3230166452,0.9886431311,-0.1498917941,0.00172467815,0.01068807489
27.6648047,115.1992323,0.7340217822,-0.2027286456,0.3230226903,0.9885997885,-0.1501726973,0.002285260033,0.01064879573
27.68977714,115.2242048,0.7345846932,-0.2028003719,0.3229099551,0.9885451981,-0.1505267508,0.002879992177,0.0105732782
27.70979404,115.2442217,0.7350458483,-0.2027975134,0.322867864,0.9885077425,-0.1507651889,0.003378967308,0.0105301235
27.73478198,115.2692096,0.7356042499,-0.2028363921,0.3227261605,0.9884562444,-0.1510935889,0.003944593697,0.01046042065
27.75980449,115.2942321,0.7361588481,-0.2027635384,0.3224963507,0.9884184882,-0.1513318172,0.004420354447,0.01039392834
27.78463936,115.319067,0.7366474759,-0.2028270971,0.322241483,0.9883685898,-0.1516477936,0.004847812544,0.01034292819
27.80970621,115.3441339,0.73711938,-0.202862689,0.3220141464,0.9883231524,-0.151934713,0.005269050081,0.01026773798
27.83468843,115.3691161,0.737576805,-0.2029284555,0.3217521468,0.9882747561,-0.1522403499,0.005664657146,0.01018793634
27.85472679,115.3891544,0.7379316944,-0.202961552,0.321508964,0.9882391422,-0.1524662381,0.005945686389,0.01010410408
27.87478852,115.4092162,0.7382680727,-0.2030289165,0.32131488,0.9882005991,-0.1527082726,0.006243573878,0.01003878609
27.89980769,115.4342353,0.7386438835,-0.2031590494,0.3210190413,0.9881501813,-0.1530261561,0.006548209161,0.009966725347
27.91980815,115.4542358,0.7389222331,-0.2032395706,0.3207257896,0.9881146382,-0.1532517368,0.006726639843,0.009905512471
27.9448278,115.4792554,0.7392587284,-0.2033271661,0.320375929,0.9880727226,-0.153515986,0.006941527834,0.00984642357
27.96982098,115.5042486,0.739553773,-0.2033972083,0.3199797824,0.9880366117,-0.1537455142,0.007075809963,0.009793045501
27.99480128,115.5292289,0.7398066977,-0.2034777453,0.3195531078,0.9880028156,-0.1539624369,0.007147403221,0.009742636552
28.01480937,115.549237,0.7399978624,-0.2035506462,0.3192484113,0.9879756386,-0.1541363034,0.007217400797,0.0096977638
28.03979158,115.5742192,0.7401992184,-0.2036459493,0.318800709,0.9879444469,-0.154339296,0.00722349738,0.009642230904
28.05980992,115.5942376,0.7403402562,-0.2037664685,0.3185251215,0.9879155617,-0.1545242842,0.00726736821,0.009605932786
28.07981229,115.6142399,0.7404422143,-0.2038912484,0.3182340324,0.9878896733,-0.1546919959,0.00725723773,0.009576652003
28.09981775,115.6342454,0.7405415542,-0.2040134403,0.3179864249,0.9878643337,-0.1548548209,0.007269113164,0.009550007985
28.1248188,115.6592464,0.7406411018,-0.2041555627,0.317697416,0.9878363269,-0.1550343441,0.007261457573,0.009540159483
28.14482903,115.6792567,0.7406985704,-0.2042787096,0.3175022029,0.9878147806,-0.1551708858,0.007250320793,0.009559716231
28.1648438,115.6992714,0.7407433892,-0.204435234,0.3173797349,0.9877901657,-0.1553207962,0.007269810656,0.009653429685
28.1897881,115.7242157,0.7407846185,-0.2046272051,0.3172773244,0.9877613363,-0.1554896987,0.00729512431,0.009862921226
28.20981193,115.7442396,0.7408025672,-0.2047643136,0.3172355622,0.9877419276,-0.1555974756,0.007308995736,0.01009399348
28.2348063,115.7692339,0.7408111587,-0.2049494858,0.3172287627,0.9877170809,-0.1557328926,0.007337998473,0.01041095649
28.25980783,115.7942355,0.7408270389,-0.2051630126,0.3172671472,0.9876877131,-0.1558932755,0.007409511769,0.010740915
28.28481269,115.8192403,0.7408528503,-0.2053608515,0.3173196227,0.9876593514,-0.1560478835,0.007499959582,0.01103695222
28.30482531,115.8392529,0.7408720999,-0.2055145087,0.3173579079,0.9876373305,-0.1561678402,0.007568484209,0.01126175599
28.32981443,115.8642421,0.7408988893,-0.2057035493,0.317423186,0.9876098128,-0.1563180715,0.007669330325,0.01151953392
28.35478258,115.8892102,0.7409331612,-0.2059099196,0.3175145703,0.9875792539,-0.1564867371,0.007801654412,0.01175808839
28.37479949,115.9092271,0.7409697799,-0.2060662568,0.3176085517,0.9875550206,-0.1566215127,0.007931924279,0.01191082365
28.39980745,115.9342351,0.7410086416,-0.2062373908,0.3177095553,0.9875285369,-0.1567681834,0.008072061407,0.01208169529
28.41981006,115.9542377,0.741049014,-0.2063401697,0.3178030394,0.9875109797,-0.1568656416,0.008197579916,0.01216696974
28.44477582,115.9792035,0.7410975793,-0.2064648166,0.317925087,0.9874896809,-0.156985485,0.008357967128,0.01224058385
28.46481395,115.9992416,0.7411398237,-0.2065824849,0.3180353844,0.9874698875,-0.1570972116,0.008502812767,0.01230404534
28.48975968,116.0241873,0.7412000767,-0.2067484858,0.3181919711,0.987441845,-0.1572552299,0.008708345668,0.01239193739
28.51472235,116.04915,0.7412701659,-0.2069176573,0.3183764566,0.9874123462,-0.1574209638,0.008944423576,0.01246980073
28.53475595,116.0691836,0.7413521014,-0.2070782009,0.3185818402,0.9873827115,-0.1575875397,0.009205867217,0.01252199251
28.55975389,116.0941815,0.7414788161,-0.2073000219,0.318885881,0.9873402313,-0.1578254975,0.009595960699,0.01258163714
28.58475614,116.1191838,0.7416166584,-0.2075434029,0.3192188231,0.9872935013,-0.1580859285,0.01002529169,0.01264416601
28.60975075,116.1441784,0.7417656111,-0.2078141858,0.3195879637,0.9872416226,-0.1583735347,0.01049719659,0.01271263029
28.62975478,116.1641824,0.7419009917,-0.2080706761,0.3199300591,0.9871927083,-0.1586433992,0.01093157144,0.01278003848
28.65474081,116.1891685,0.7420942806,-0.2084405156,0.3204147607,0.9871218632,-0.1590319176,0.01155183562,0.01287755761
28.6797595,116.2141871,0.7422968619,-0.2088219238,0.3209208344,0.9870478498,-0.1594340099,0.01220235744,0.01297848773
28.69976163,116.2341893,0.7424695813,-0.2091493551,0.3213640522,0.9869838151,-0.159779372,0.01276182445,0.01306280682
28.71976233,116.25419,0.7426441565,-0.2094904392,0.3218202596,0.9869170756,-0.1601369573,0.01333242703,0.01315625611
28.73976779,116.2741954,0.7428265134,-0.209846332,0.3223037331,0.9868466894,-0.1605123261,0.01392267415,0.01325005546
28.76474833,116.299176,0.7430683212,-0.2102927247,0.3229421132,0.9867560592,-0.1609915702,0.01470024035,0.01334529656
28.78974748,116.3241751,0.7433189823,-0.210736955,0.3236224983,0.9866636354,-0.1614731776,0.0155227527,0.01342861684
28.80975986,116.3441875,0.7435227363,-0.2111043553,0.3241937381,0.9865866113,-0.1618714162,0.01619346201,0.01350092234
28.83474565,116.3691733,0.7437793403,-0.2115782957,0.3249302571,0.9864866819,-0.1623854227,0.01703235321,0.01359778629
28.85976887,116.3941965,0.7440450482,-0.2120774839,0.325738688,0.9863801989,-0.1629289706,0.01790077148,0.01370460068
28.88473487,116.4191625,0.7443125672,-0.2125881442,0.3266268393,0.9862694341,-0.1634934774,0.01874194648,0.01382843874
28.90475774,116.4391854,0.7445221959,-0.212993512,0.3275502126,0.986178571,-0.1639435847,0.01947055212,0.01397228391
28.92480898,116.4592366,0.7446388268,-0.2132651862,0.3286713547,0.9861151118,-0.1642193581,0.02017484302,0.0142114193
28.94980669,116.4842343,0.7446669004,-0.2134149862,0.3305832137,0.98606984,-0.1643498848,0.02099597432,0.01464769858
28.97466087,116.5090885,0.7446034812,-0.213421544,0.333047017,0.986046969,-0.1643406598,0.0217431084,0.01519077465
28.9996891,116.5341167,0.744471521,-0.2133564518,0.3360325442,0.9860326477,-0.164270976,0.02245083239,0.01583111575
29.01979232,116.55422,0.7443009018,-0.2131908642,0.3388069568,0.986037846,-0.1640886452,0.02310789501,0.01644104433
29.04475188,116.5791795,0.7439900124,-0.2128209717,0.3426281153,0.9860698959,-0.1636904298,0.02392454062,0.01729797374
29.06475377,116.5991814,0.7436275662,-0.2123318307,0.3457611259,0.9861311796,-0.1631849136,0.02431280544,0.01802409495
29.08482265,116.6192503,0.7431786458,-0.2117050794,0.3489587787,0.986217247,-0.1625433299,0.02453813767,0.01879061864
29.10979438,116.644222,0.7425373628,-0.2107932404,0.353121342,0.986343419,-0.1616108359,0.02482864915,0.01980241415
29.13482785,116.6692555,0.7417909755,-0.2097451673,0.3571686408,0.9864956925,-0.1605309463,0.02495275697,0.02081883236
29.15979409,116.6942217,0.7409723517,-0.2085582595,0.361286106,0.9866663593,-0.15931624,0.02509401937,0.02186598668
29.17981458,116.7142422,0.7402703241,-0.2074760394,0.3646211652,0.9868194183,-0.1582215464,0.02524187259,0.02272060175
29.20480704,116.7392347,0.739316992,-0.2059804561,0.3684852771,0.9870384594,-0.1566835297,0.02529514544,0.02378038823
29.22981405,116.7642417,0.7382925532,-0.2044239411,0.3723468696,0.9872646014,-0.1550610483,0.02541463958,0.02487517275
29.2547226,116.7891502,0.7371886349,-0.2028077416,0.3761293496,0.9874994199,-0.1533686116,0.02544063303,0.02599497592
29.27472448,116.8091521,0.7362578118,-0.2014623864,0.3790407121,0.9876950221,-0.1519691978,0.02532112691,0.02688395099
29.29479074,116.8292184,0.7352923275,-0.2000604443,0.3819537187,0.9878945754,-0.1505265883,0.02519358625,0.0277729595
29.31480432,116.849232,0.7342705259,-0.1986159431,0.3846728728,0.9881035722,-0.1490384682,0.02487004969,0.02864168697
29.33980083,116.8742285,0.7329192238,-0.196755866,0.387927185,0.9883743499,-0.1471136224,0.02423968502,0.02976850949
29.3647902,116.8992178,0.7315051776,-0.194881123,0.3911891443,0.9886419029,-0.1451849625,0.02347189503,0.03094486569
29.38480854,116.9192362,0.7303294482,-0.1933530184,0.393561371,0.9888622894,-0.1436090164,0.02262412234,0.03187431683
29.40980697,116.9442346,0.7288470502,-0.1914559265,0.3965260253,0.9891274416,-0.1416599582,0.02161476751,0.03304788009
29.43479156,116.9692192,0.7273439337,-0.1895697123,0.3993854438,0.9893847052,-0.1397190327,0.02060752836,0.03423195496
29.45979309,116.9942207,0.7258427399,-0.187677917,0.4020816284,0.98963734,-0.1377739826,0.01961707907,0.03537563093
29.47980666,117.0142343,0.7246789514,-0.1861888853,0.4043195452,0.9898251549,-0.1362423491,0.01917831981,0.03628191002
29.50471354,117.0391412,0.7232354647,-0.1843234963,0.4068992324,0.9900581221,-0.1343102273,0.01869235754,0.03736674329
