{
  "scalar_metrics": {
    "MeanAbsCutpointError": 27.4,
    "MeanStageSubgoalError": 0.15628555393488355,
    "MeanConstraintError": 0.014416078616772273,
    "MeanConstraintErrorRaw": 0.0071625879216179016
  },
  "all_metrics": {
    "MeanAbsCutpointError": 27.4,
    "MeanStageSubgoalError": 0.15628555393488355,
    "MeanConstraintError": 0.014416078616772273,
    "MeanConstraintErrorRaw": 0.0071625879216179016,
    "ConstraintErrorMatrix": [
      [
        0.017542839978736617,
        NaN,
        NaN,
        NaN,
        NaN,
        NaN
      ],
      [
        NaN,
        0.03628471948435572,
        NaN,
        NaN,
        NaN,
        NaN
      ],
      [
        NaN,
        0.003342935606717126,
        0.0004938193972796231,
        NaN,
        NaN,
        NaN
      ]
    ],
    "ConstraintErrorMatrixRaw": [
      [
        0.017727831576302977,
        NaN,
        NaN,
        NaN,
        NaN,
        NaN
      ],
      [
        NaN,
        0.009331303941164687,
        NaN,
        NaN,
        NaN,
        NaN
      ],
      [
        NaN,
        0.0008596993071827014,
        0.0007315168618212409,
        NaN,
        NaN,
        NaN
      ]
    ],
    "ConstraintTrueActiveMask": [
      [
        1,
        0,
        0,
        0,
        0,
        0
      ],
      [
        0,
        1,
        0,
        0,
        0,
        0
      ],
      [
        0,
        1,
        1,
        0,
        0,
        0
      ]
    ],
    "ConstraintPredictedActiveMask": [
      [
        1,
        1,
        1,
        1,
        1,
        1
      ],
      [
        1,
        1,
        1,
        1,
        1,
        1
      ],
      [
        1,
        1,
        1,
        1,
        1,
        1
      ]
    ],
    "ConstraintTargetMatrix": [
      [
        0.4,
        NaN,
        NaN,
        NaN,
        NaN,
        NaN
      ],
      [
        NaN,
        0.055,
        NaN,
        NaN,
        NaN,
        NaN
      ],
      [
        NaN,
        0.045,
        0.2,
        NaN,
        NaN,
        NaN
      ]
    ],
    "ConstraintSemanticsMatrix": [
      [
        "lower_bound",
        "",
        "",
        "",
        "",
        ""
      ],
      [
        "",
        "target_value",
        "",
        "",
        "",
        ""
      ],
      [
        "",
        "target_value",
        "target_value",
        "",
        "",
        ""
      ]
    ],
    "ConstraintFeatureNames": [
      "obs dist",
      "speed",
      "arc dist",
      "heading",
      "decoy dist",
      "noise"
    ],
    "ConstraintFeatureScales": [
      1.0105451339572489,
      0.257168970127712,
      1.4813449326840082,
      6.360162030552389,
      0.678684724801644,
      0.751738493119704
    ],
    "ConstraintLearnedValueMatrix": [
      [
        0.38227216842369705,
        0.22436514843248495,
        0.915604471400145,
        -0.014379224839335958,
        0.9191573983977372,
        0.09638708220759383
      ],
      [
        0.38227216842369705,
        0.04566869605883531,
        0.19951744128628526,
        -2.168967416906577,
        0.8684578332062423,
        0.01505652104952573
      ],
      [
        0.38227216842369705,
        0.0441403006928173,
        0.19926848313817877,
        -5.697577708464909,
        0.7302875238633292,
        -0.208310396009421
      ]
    ],
    "ConstraintLearnedValuePerDemo": []
  },
  "objectives": {
    "ModelObjectiveFinal": -1452.092697329866,
    "TrainingLogLikelihoodFinal": -1452.092697329866
  }
}
