{
  "ModelObjectiveFinal": -1452.092697329866,
  "TrainingLogLikelihoodFinal": -1452.092697329866
}
