{
  "scalar_metrics": {
    "MeanAbsCutpointError": 20.599999999999998,
    "MeanStageSubgoalError": 0.47839172500995525,
    "MeanConstraintError": 0.2783056436941169,
    "MeanConstraintErrorRaw": 0.11884494032970468
  },
  "all_metrics": {
    "MeanAbsCutpointError": 20.599999999999998,
    "MeanStageSubgoalError": 0.47839172500995525,
    "MeanConstraintError": 0.2783056436941169,
    "MeanConstraintErrorRaw": 0.11884494032970468,
    "ConstraintErrorMatrix": [
      [
        NaN,
        NaN,
        NaN,
        NaN,
        NaN,
        NaN
      ],
      [
        0.31536452897909756,
        0.39701574406388446,
        NaN,
        0.6473700539102949,
        NaN,
        NaN
      ],
      [
        0.02236706548384178,
        0.3214775702493343,
        0.2428186437751693,
        0.4236581579699728,
        NaN,
        NaN
      ],
      [
        0.04951903178024884,
        0.2811881500083395,
        0.06808264864537235,
        0.2925004857697299,
        NaN,
        NaN
      ]
    ],
    "ConstraintErrorMatrixRaw": [
      [
        NaN,
        NaN,
        NaN,
        NaN,
        NaN,
        NaN
      ],
      [
        0.09444423325634399,
        0.39416376973319345,
        NaN,
        0.0582576263082852,
        NaN,
        NaN
      ],
      [
        0.006698408209237401,
        0.3191682266226582,
        0.05944781413328325,
        0.03812551800996836,
        NaN,
        NaN
      ],
      [
        0.014829781279530364,
        0.2791682266226583,
        0.016668261462325196,
        0.02632247798926776,
        NaN,
        NaN
      ]
    ],
    "ConstraintTrueActiveMask": [
      [
        0,
        0,
        0,
        0,
        0,
        0
      ],
      [
        1,
        1,
        0,
        1,
        0,
        0
      ],
      [
        1,
        1,
        1,
        1,
        0,
        0
      ],
      [
        1,
        1,
        1,
        1,
        0,
        0
      ]
    ],
    "ConstraintPredictedActiveMask": [
      [
        1,
        1,
        1,
        1,
        1,
        1
      ],
      [
        1,
        1,
        1,
        1,
        1,
        1
      ],
      [
        1,
        1,
        1,
        1,
        1,
        1
      ],
      [
        1,
        1,
        1,
        1,
        1,
        1
      ]
    ],
    "ConstraintTargetMatrix": [
      [
        NaN,
        NaN,
        NaN,
        NaN,
        NaN,
        NaN
      ],
      [
        0.0,
        0.4,
        NaN,
        0.007,
        NaN,
        NaN
      ],
      [
        0.0,
        0.72,
        0.06,
        0.045,
        NaN,
        NaN
      ],
      [
        0.0,
        1.0,
        0.04,
        0.018,
        NaN,
        NaN
      ]
    ],
    "ConstraintSemanticsMatrix": [
      [
        "",
        "",
        "",
        "",
        "",
        ""
      ],
      [
        "target_value",
        "lower_bound",
        "",
        "target_value",
        "",
        ""
      ],
      [
        "target_value",
        "lower_bound",
        "upper_bound",
        "target_value",
        "",
        ""
      ],
      [
        "target_value",
        "lower_bound",
        "upper_bound",
        "target_value",
        "",
        ""
      ]
    ],
    "ConstraintFeatureNames": [
      "surf dist",
      "force",
      "orient err",
      "speed",
      "noise",
      "start_dist"
    ],
    "ConstraintFeatureScales": [
      0.2994763981925303,
      0.9928164704464917,
      0.2448239278872144,
      0.08999122828804478,
      2.167415134128614,
      2.126581024569993
    ],
    "ConstraintLearnedValueMatrix": [
      [
        0.290761145243022,
        0.006298299378773908,
        0.32553297939169096,
        0.0904347321567511,
        0.5443455699043744,
        2.349400523232644
      ],
      [
        0.09444423325634399,
        0.005836230266806575,
        0.22361421465607928,
        0.0652576263082852,
        1.071965013199886,
        1.8392822986244557
      ],
      [
        0.006698408209237401,
        0.40083177337734177,
        0.11944781413328324,
        0.006874481990031642,
        1.2772622057944958,
        1.5680294401790436
      ],
      [
        0.014829781279530364,
        0.7208317733773417,
        0.056668261462325197,
        0.04432247798926776,
        2.436893329341821,
        1.1119235317338179
      ]
    ],
    "ConstraintLearnedValuePerDemo": []
  },
  "objectives": {
    "ModelObjectiveFinal": -25.980404432722196,
    "TrainingLogLikelihoodFinal": -25.980404432722196
  }
}
