{
  "scalar_metrics": {
    "MeanAbsCutpointError": 20.1,
    "MeanStageSubgoalError": 0.45310691969509076,
    "MeanConstraintError": 0.2707175606179146,
    "MeanConstraintErrorRaw": 0.11687651987007497
  },
  "all_metrics": {
    "MeanAbsCutpointError": 20.1,
    "MeanStageSubgoalError": 0.45310691969509076,
    "MeanConstraintError": 0.2707175606179146,
    "MeanConstraintErrorRaw": 0.11687651987007497,
    "ConstraintErrorMatrix": [
      [
        NaN,
        NaN,
        NaN,
        NaN
      ],
      [
        0.2754628973298128,
        0.39061778043681594,
        NaN,
        0.6101088615453527
      ],
      [
        0.022416283747517866,
        0.3214775702493343,
        0.2428186437751693,
        0.42366355439027487
      ],
      [
        0.04944063804170167,
        0.2811881500083395,
        0.06808264864537235,
        0.2926161386273686
      ]
    ],
    "ConstraintErrorMatrixRaw": [
      [
        NaN,
        NaN,
        NaN,
        NaN
      ],
      [
        0.0824946363280111,
        0.38781176606692225,
        NaN,
        0.054904445839886934
      ],
      [
        0.006713147917568406,
        0.3191682266226582,
        0.05944781413328325,
        0.0381260036404597
      ],
      [
        0.014806304205069412,
        0.2791682266226583,
        0.016668261462325196,
        0.026332885731981687
      ]
    ],
    "ConstraintTrueActiveMask": [
      [
        0,
        0,
        0,
        0
      ],
      [
        1,
        1,
        0,
        1
      ],
      [
        1,
        1,
        1,
        1
      ],
      [
        1,
        1,
        1,
        1
      ]
    ],
    "ConstraintPredictedActiveMask": [
      [
        1,
        1,
        1,
        1
      ],
      [
        1,
        1,
        1,
        1
      ],
      [
        1,
        1,
        1,
        1
      ],
      [
        1,
        1,
        1,
        1
      ]
    ],
    "ConstraintTargetMatrix": [
      [
        NaN,
        NaN,
        NaN,
        NaN
      ],
      [
        0.0,
        0.4,
        NaN,
        0.007
      ],
      [
        0.0,
        0.72,
        0.06,
        0.045
      ],
      [
        0.0,
        1.0,
        0.04,
        0.018
      ]
    ],
    "ConstraintSemanticsMatrix": [
      [
        "",
        "",
        "",
        ""
      ],
      [
        "target_value",
        "lower_bound",
        "",
        "target_value"
      ],
      [
        "target_value",
        "lower_bound",
        "upper_bound",
        "target_value"
      ],
      [
        "target_value",
        "lower_bound",
        "upper_bound",
        "target_value"
      ]
    ],
    "ConstraintFeatureNames": [
      "surface_distance",
      "force",
      "orientation_error",
      "speed"
    ],
    "ConstraintFeatureScales": [
      0.2994763981925303,
      0.9928164704464917,
      0.2448239278872144,
      0.08999122828804478
    ],
    "ConstraintLearnedValueMatrix": [
      [
        0.27357877821206583,
        0.006232524865319888,
        0.3257579082310663,
        0.08988301158053312
      ],
      [
        0.0824946363280111,
        0.012188233933077774,
        0.22556378459039117,
        0.06190444583988693
      ],
      [
        0.006713147917568406,
        0.40083177337734177,
        0.11944781413328324,
        0.006873996359540301
      ],
      [
        0.014806304205069412,
        0.7208317733773417,
        0.056668261462325197,
        0.044332885731981686
      ]
    ],
    "ConstraintLearnedValuePerDemo": []
  }
}
