{
  "scalar_metrics": {
    "MeanAbsCutpointError": 20.166666666666668,
    "MeanStageSubgoalError": 0.4553881846754176,
    "MeanConstraintError": 0.2708793169415001,
    "MeanConstraintErrorRaw": 0.11701161197997495
  },
  "all_metrics": {
    "MeanAbsCutpointError": 20.166666666666668,
    "MeanStageSubgoalError": 0.4553881846754176,
    "MeanConstraintError": 0.2708793169415001,
    "MeanConstraintErrorRaw": 0.11701161197997495,
    "ConstraintErrorMatrix": [
      [
        NaN,
        NaN,
        NaN,
        NaN
      ],
      [
        0.2762540377859016,
        0.39062915221639044,
        NaN,
        0.6093808113772766
      ],
      [
        0.022806403580064118,
        0.3226877137851258,
        0.2428186437751693,
        0.4237119077061907
      ],
      [
        0.049324251204180984,
        0.2811881500083395,
        0.06808264864537235,
        0.2927887662724889
      ]
    ],
    "ConstraintErrorMatrixRaw": [
      [
        NaN,
        NaN,
        NaN,
        NaN
      ],
      [
        0.08273156422226498,
        0.3878230561569821,
        NaN,
        0.05483892771100646
      ],
      [
        0.006829979599882831,
        0.3203696770565963,
        0.05944781413328325,
        0.03813035501475077
      ],
      [
        0.014771449094171697,
        0.2791682266226583,
        0.016668261462325196,
        0.026348420705802535
      ]
    ],
    "ConstraintTrueActiveMask": [
      [
        0,
        0,
        0,
        0
      ],
      [
        1,
        1,
        0,
        1
      ],
      [
        1,
        1,
        1,
        1
      ],
      [
        1,
        1,
        1,
        1
      ]
    ],
    "ConstraintPredictedActiveMask": [
      [
        1,
        1,
        1,
        1
      ],
      [
        1,
        1,
        1,
        1
      ],
      [
        1,
        1,
        1,
        1
      ],
      [
        1,
        1,
        1,
        1
      ]
    ],
    "ConstraintTargetMatrix": [
      [
        NaN,
        NaN,
        NaN,
        NaN
      ],
      [
        0.0,
        0.4,
        NaN,
        0.007
      ],
      [
        0.0,
        0.72,
        0.06,
        0.045
      ],
      [
        0.0,
        1.0,
        0.04,
        0.018
      ]
    ],
    "ConstraintSemanticsMatrix": [
      [
        "",
        "",
        "",
        ""
      ],
      [
        "target_value",
        "lower_bound",
        "",
        "target_value"
      ],
      [
        "target_value",
        "lower_bound",
        "upper_bound",
        "target_value"
      ],
      [
        "target_value",
        "lower_bound",
        "upper_bound",
        "target_value"
      ]
    ],
    "ConstraintFeatureNames": [
      "surface_distance",
      "force",
      "orientation_error",
      "speed"
    ],
    "ConstraintFeatureScales": [
      0.2994763981925303,
      0.9928164704464917,
      0.2448239278872144,
      0.08999122828804478
    ],
    "ConstraintLearnedValueMatrix": [
      [
        0.2775715993602312,
        0.006298299378773908,
        0.3257579082310663,
        0.09074545586158406
      ],
      [
        0.08273156422226498,
        0.012176943843017929,
        0.2254185318779461,
        0.06183892771100646
      ],
      [
        0.006829979599882831,
        0.39963032294340367,
        0.11944781413328324,
        0.0068696449852492306
      ],
      [
        0.014771449094171697,
        0.7208317733773417,
        0.056668261462325197,
        0.044348420705802534
      ]
    ],
    "ConstraintLearnedValuePerDemo": []
  }
}
