{
  "ModelObjectiveFinal": -25.980404432722196,
  "TrainingLogLikelihoodFinal": -25.980404432722196
}
