{
  "scalar_metrics": {
    "MeanAbsCutpointError": 0.0,
    "MeanStageSubgoalError": 0.06935459744175196,
    "MeanConstraintError": 0.0053282582639794735,
    "MeanConstraintErrorRaw": 0.0047986203842388525
  },
  "all_metrics": {
    "MeanAbsCutpointError": 0.0,
    "MeanStageSubgoalError": 0.06935459744175196,
    "MeanConstraintError": 0.0053282582639794735,
    "MeanConstraintErrorRaw": 0.0047986203842388525,
    "ConstraintErrorMatrix": [
      [
        0.017542839978736617,
        NaN,
        NaN,
        NaN,
        NaN,
        NaN
      ],
      [
        NaN,
        0.002383200497503011,
        NaN,
        NaN,
        NaN,
        NaN
      ],
      [
        NaN,
        0.0009809453242060084,
        0.0004060472554722585,
        NaN,
        NaN,
        NaN
      ]
    ],
    "ConstraintErrorMatrixRaw": [
      [
        0.017727831576302977,
        NaN,
        NaN,
        NaN,
        NaN,
        NaN
      ],
      [
        NaN,
        0.0006128852175507002,
        NaN,
        NaN,
        NaN,
        NaN
      ],
      [
        NaN,
        0.00025226869877765373,
        0.0006014960443240791,
        NaN,
        NaN,
        NaN
      ]
    ],
    "ConstraintTrueActiveMask": [
      [
        1,
        0,
        0,
        0,
        0,
        0
      ],
      [
        0,
        1,
        0,
        0,
        0,
        0
      ],
      [
        0,
        1,
        1,
        0,
        0,
        0
      ]
    ],
    "ConstraintPredictedActiveMask": [
      [
        1,
        1,
        1,
        1,
        1,
        1
      ],
      [
        1,
        1,
        1,
        1,
        1,
        1
      ],
      [
        1,
        1,
        1,
        1,
        1,
        1
      ]
    ],
    "ConstraintTargetMatrix": [
      [
        0.4,
        NaN,
        NaN,
        NaN,
        NaN,
        NaN
      ],
      [
        NaN,
        0.055,
        NaN,
        NaN,
        NaN,
        NaN
      ],
      [
        NaN,
        0.045,
        0.2,
        NaN,
        NaN,
        NaN
      ]
    ],
    "ConstraintSemanticsMatrix": [
      [
        "lower_bound",
        "",
        "",
        "",
        "",
        ""
      ],
      [
        "",
        "target_value",
        "",
        "",
        "",
        ""
      ],
      [
        "",
        "target_value",
        "target_value",
        "",
        "",
        ""
      ]
    ],
    "ConstraintFeatureNames": [
      "dist_main_obstacle",
      "speed",
      "terminal_arc_distance",
      "heading_angle",
      "decoy_line_distance",
      "noise_aux"
    ],
    "ConstraintFeatureScales": [
      1.0105451339572489,
      0.257168970127712,
      1.4813449326840082,
      6.360162030552389,
      0.678684724801644,
      0.751738493119704
    ],
    "ConstraintLearnedValueMatrix": [
      [
        0.38227216842369705,
        0.2701622124670591,
        1.3059949644309177,
        -0.03487349227250025,
        1.0570775228905718,
        0.04433143994808396
      ],
      [
        0.38227216842369705,
        0.0556128852175507,
        0.26514244957509114,
        0.15962629788117777,
        0.736117424727653,
        0.038380449073075015
      ],
      [
        0.38227216842369705,
        0.044747731301222345,
        0.19939850395567593,
        -3.09385425729669,
        0.8536755190451314,
        -0.01794760673109319
      ]
    ],
    "ConstraintLearnedValuePerDemo": []
  }
}
