{
  "scalar_metrics": {
    "MeanAbsCutpointError": 5.9,
    "MeanStageSubgoalError": 0.14186547310601835,
    "MeanConstraintError": 0.009003169238045682,
    "MeanConstraintErrorRaw": 0.005776428024244986
  },
  "all_metrics": {
    "MeanAbsCutpointError": 5.9,
    "MeanStageSubgoalError": 0.14186547310601835,
    "MeanConstraintError": 0.009003169238045682,
    "MeanConstraintErrorRaw": 0.005776428024244986,
    "ConstraintErrorMatrix": [
      [
        0.017542839978736617,
        NaN,
        NaN,
        NaN,
        NaN,
        NaN
      ],
      [
        NaN,
        0.017954497466225537,
        NaN,
        NaN,
        NaN,
        NaN
      ],
      [
        NaN,
        2.3319110922350534e-06,
        0.0005130075961283346,
        NaN,
        NaN,
        NaN
      ]
    ],
    "ConstraintErrorMatrixRaw": [
      [
        0.017727831576302977,
        NaN,
        NaN,
        NaN,
        NaN,
        NaN
      ],
      [
        NaN,
        0.004617339622549836,
        NaN,
        NaN,
        NaN,
        NaN
      ],
      [
        NaN,
        5.996951740194767e-07,
        0.0007599412029531127,
        NaN,
        NaN,
        NaN
      ]
    ],
    "ConstraintTrueActiveMask": [
      [
        1,
        0,
        0,
        0,
        0,
        0
      ],
      [
        0,
        1,
        0,
        0,
        0,
        0
      ],
      [
        0,
        1,
        1,
        0,
        0,
        0
      ]
    ],
    "ConstraintPredictedActiveMask": [
      [
        1,
        1,
        1,
        1,
        1,
        1
      ],
      [
        1,
        1,
        1,
        1,
        1,
        1
      ],
      [
        1,
        1,
        1,
        1,
        1,
        1
      ]
    ],
    "ConstraintTargetMatrix": [
      [
        0.4,
        NaN,
        NaN,
        NaN,
        NaN,
        NaN
      ],
      [
        NaN,
        0.055,
        NaN,
        NaN,
        NaN,
        NaN
      ],
      [
        NaN,
        0.045,
        0.2,
        NaN,
        NaN,
        NaN
      ]
    ],
    "ConstraintSemanticsMatrix": [
      [
        "lower_bound",
        "",
        "",
        "",
        "",
        ""
      ],
      [
        "",
        "target_value",
        "",
        "",
        "",
        ""
      ],
      [
        "",
        "target_value",
        "target_value",
        "",
        "",
        ""
      ]
    ],
    "ConstraintFeatureNames": [
      "dist_main_obstacle",
      "speed",
      "terminal_arc_distance",
      "heading_angle",
      "decoy_line_distance",
      "noise_aux"
    ],
    "ConstraintFeatureScales": [
      1.0105451339572489,
      0.257168970127712,
      1.4813449326840082,
      6.360162030552389,
      0.678684724801644,
      0.751738493119704
    ],
    "ConstraintLearnedValueMatrix": [
      [
        0.38227216842369705,
        0.26994514960685967,
        1.3017932281202644,
        -0.03156187221495088,
        1.0561159483629157,
        0.043947240576804034
      ],
      [
        0.38227216842369705,
        0.050382660377450164,
        0.2140957687355477,
        -0.21882524428549854,
        0.6944132450447599,
        0.06204767410039733
      ],
      [
        0.38227216842369705,
        0.04499940030482598,
        0.1992400587970469,
        -3.741967684649622,
        0.910263697415327,
        -0.04500388678912448
      ]
    ],
    "ConstraintLearnedValuePerDemo": []
  }
}
