{
  "ModelObjectiveFinal": -1210.4339422630178,
  "TrainingLogLikelihoodFinal": -1210.4339422630178
}
