{
  "results": [
    {
      "combo_id": 0,
      "dataset": "S4SlideInsert",
      "method": "cluster",
      "dataset_seed": 12342,
      "method_seed": 0,
      "params": {
        "segmenter.feature_distance_weight": 0.1
      },
      "metrics": {
        "MeanAbsCutpointError": 8.399999999999999,
        "MeanStageSubgoalError": 0.18564272524146763,
        "MeanConstraintError": 0.1452017786709731,
        "MeanConstraintErrorRaw": 0.11218930154805488,
        "SegmentationObjectiveFinal": 182.14060560766316,
        "PosthocObjectiveFinal": -16750000007.433678,
        "PosthocFeatureObjectiveFinal": -16750000007.433678
      }
    },
    {
      "combo_id": 0,
      "dataset": "S4SlideInsert",
      "method": "cluster",
      "dataset_seed": 12342,
      "method_seed": 1,
      "params": {
        "segmenter.feature_distance_weight": 0.1
      },
      "metrics": {
        "MeanAbsCutpointError": 8.366666666666667,
        "MeanStageSubgoalError": 0.18477282915134627,
        "MeanConstraintError": 0.14493718322524396,
        "MeanConstraintErrorRaw": 0.11211006145698979,
        "SegmentationObjectiveFinal": 182.15992551054424,
        "PosthocObjectiveFinal": -16750000007.113705,
        "PosthocFeatureObjectiveFinal": -16750000007.113705
      }
    },
    {
      "combo_id": 0,
      "dataset": "S4SlideInsert",
      "method": "cluster",
      "dataset_seed": 12342,
      "method_seed": 2,
      "params": {
        "segmenter.feature_distance_weight": 0.1
      },
      "metrics": {
        "MeanAbsCutpointError": 8.333333333333332,
        "MeanStageSubgoalError": 0.18458460999492993,
        "MeanConstraintError": 0.14493191386783386,
        "MeanConstraintErrorRaw": 0.11210848340881183,
        "SegmentationObjectiveFinal": 182.2998249817138,
        "PosthocObjectiveFinal": -16500000007.471382,
        "PosthocFeatureObjectiveFinal": -16500000007.471382
      }
    },
    {
      "combo_id": 0,
      "dataset": "S4SlideInsert",
      "method": "cluster",
      "dataset_seed": 12342,
      "method_seed": 3,
      "params": {
        "segmenter.feature_distance_weight": 0.1
      },
      "metrics": {
        "MeanAbsCutpointError": 7.799999999999999,
        "MeanStageSubgoalError": 0.16334421109468059,
        "MeanConstraintError": 0.1416051047265083,
        "MeanConstraintErrorRaw": 0.11110746953303208,
        "SegmentationObjectiveFinal": 184.98740135240914,
        "PosthocObjectiveFinal": -14000000012.980152,
        "PosthocFeatureObjectiveFinal": -14000000012.980152
      }
    },
    {
      "combo_id": 0,
      "dataset": "S4SlideInsert",
      "method": "cluster",
      "dataset_seed": 12342,
      "method_seed": 4,
      "params": {
        "segmenter.feature_distance_weight": 0.1
      },
      "metrics": {
        "MeanAbsCutpointError": 8.499999999999998,
        "MeanStageSubgoalError": 0.18680962927932981,
        "MeanConstraintError": 0.14550676286476766,
        "MeanConstraintErrorRaw": 0.11228063711591815,
        "SegmentationObjectiveFinal": 182.14306771987356,
        "PosthocObjectiveFinal": -17250000009.715214,
        "PosthocFeatureObjectiveFinal": -17250000009.715214
      }
    },
    {
      "combo_id": 1,
      "dataset": "S4SlideInsert",
      "method": "cluster",
      "dataset_seed": 12342,
      "method_seed": 0,
      "params": {
        "segmenter.feature_distance_weight": 0.3
      },
      "metrics": {
        "MeanAbsCutpointError": 8.066666666666666,
        "MeanStageSubgoalError": 0.1656803689724681,
        "MeanConstraintError": 0.14095079702613927,
        "MeanConstraintErrorRaw": 0.10999728156706057,
        "SegmentationObjectiveFinal": 383.92800400584537,
        "PosthocObjectiveFinal": -22250000020.56294,
        "PosthocFeatureObjectiveFinal": -22250000020.56294
      }
    },
    {
      "combo_id": 1,
      "dataset": "S4SlideInsert",
      "method": "cluster",
      "dataset_seed": 12342,
      "method_seed": 1,
      "params": {
        "segmenter.feature_distance_weight": 0.3
      },
      "metrics": {
        "MeanAbsCutpointError": 3.7666666666666666,
        "MeanStageSubgoalError": 0.10658396553182685,
        "MeanConstraintError": 0.0862020943148353,
        "MeanConstraintErrorRaw": 0.07103025639924694,
        "SegmentationObjectiveFinal": 411.64343962385726,
        "PosthocObjectiveFinal": -11749999604.8471,
        "PosthocFeatureObjectiveFinal": -11749999604.8471
      }
    },
    {
      "combo_id": 1,
      "dataset": "S4SlideInsert",
      "method": "cluster",
      "dataset_seed": 12342,
      "method_seed": 2,
      "params": {
        "segmenter.feature_distance_weight": 0.3
      },
      "metrics": {
        "MeanAbsCutpointError": 3.7666666666666666,
        "MeanStageSubgoalError": 0.10658396553182685,
        "MeanConstraintError": 0.0862020943148353,
        "MeanConstraintErrorRaw": 0.07103025639924694,
        "SegmentationObjectiveFinal": 411.64343962385726,
        "PosthocObjectiveFinal": -11749999604.8471,
        "PosthocFeatureObjectiveFinal": -11749999604.8471
      }
    },
    {
      "combo_id": 1,
      "dataset": "S4SlideInsert",
      "method": "cluster",
      "dataset_seed": 12342,
      "method_seed": 3,
      "params": {
        "segmenter.feature_distance_weight": 0.3
      },
      "metrics": {
        "MeanAbsCutpointError": 20.400000000000002,
        "MeanStageSubgoalError": 0.4333683899388081,
        "MeanConstraintError": 0.2182400364405635,
        "MeanConstraintErrorRaw": 0.1191704275690274,
        "SegmentationObjectiveFinal": 405.20696910428376,
        "PosthocObjectiveFinal": -17499999623.960705,
        "PosthocFeatureObjectiveFinal": -17499999623.960705
      }
    },
    {
      "combo_id": 1,
      "dataset": "S4SlideInsert",
      "method": "cluster",
      "dataset_seed": 12342,
      "method_seed": 4,
      "params": {
        "segmenter.feature_distance_weight": 0.3
      },
      "metrics": {
        "MeanAbsCutpointError": 8.2,
        "MeanStageSubgoalError": 0.1672710620116204,
        "MeanConstraintError": 0.14147825765344219,
        "MeanConstraintErrorRaw": 0.1101552435759136,
        "SegmentationObjectiveFinal": 383.8770060670658,
        "PosthocObjectiveFinal": -23250000023.347557,
        "PosthocFeatureObjectiveFinal": -23250000023.347557
      }
    },
    {
      "combo_id": 2,
      "dataset": "S4SlideInsert",
      "method": "cluster",
      "dataset_seed": 12342,
      "method_seed": 0,
      "params": {
        "segmenter.feature_distance_weight": 1.0
      },
      "metrics": {
        "MeanAbsCutpointError": 7.966666666666667,
        "MeanStageSubgoalError": 0.16114252624560765,
        "MeanConstraintError": 0.1390235636132074,
        "MeanConstraintErrorRaw": 0.10943072679295877,
        "SegmentationObjectiveFinal": 1080.3494177557077,
        "PosthocObjectiveFinal": -20500000018.90852,
        "PosthocFeatureObjectiveFinal": -20500000018.90852
      }
    },
    {
      "combo_id": 2,
      "dataset": "S4SlideInsert",
      "method": "cluster",
      "dataset_seed": 12342,
      "method_seed": 1,
      "params": {
        "segmenter.feature_distance_weight": 1.0
      },
      "metrics": {
        "MeanAbsCutpointError": 7.966666666666667,
        "MeanStageSubgoalError": 0.16114252624560765,
        "MeanConstraintError": 0.1390235636132074,
        "MeanConstraintErrorRaw": 0.10943072679295877,
        "SegmentationObjectiveFinal": 1080.3494177557077,
        "PosthocObjectiveFinal": -20500000018.90852,
        "PosthocFeatureObjectiveFinal": -20500000018.90852
      }
    },
    {
      "combo_id": 2,
      "dataset": "S4SlideInsert",
      "method": "cluster",
      "dataset_seed": 12342,
      "method_seed": 2,
      "params": {
        "segmenter.feature_distance_weight": 1.0
      },
      "metrics": {
        "MeanAbsCutpointError": 3.4666666666666663,
        "MeanStageSubgoalError": 0.10135041289567229,
        "MeanConstraintError": 0.0812885478529592,