{
  "ModelObjectiveFinal": -1211.1296737703833,
  "TrainingLogLikelihoodFinal": -1211.1296737703833
}
