{
  "scalar_metrics": {
    "MeanAbsCutpointError": 27.3,
    "MeanStageSubgoalError": 0.15760917294924676,
    "MeanConstraintError": 0.01439619880014913,
    "MeanConstraintErrorRaw": 0.007158798747633454
  },
  "all_metrics": {
    "MeanAbsCutpointError": 27.3,
    "MeanStageSubgoalError": 0.15760917294924676,
    "MeanConstraintError": 0.01439619880014913,
    "MeanConstraintErrorRaw": 0.007158798747633454,
    "ConstraintErrorMatrix": [
      [
        0.017542839978736617,
        NaN,
        NaN,
        NaN,
        NaN,
        NaN
      ],
      [
        NaN,
        0.03622106294620835,
        NaN,
        NaN,
        NaN,
        NaN
      ],
      [
        NaN,
        0.0033227489967623293,
        0.0004981432788892261,
        NaN,
        NaN,
        NaN
      ]
    ],
    "ConstraintErrorMatrixRaw": [
      [
        0.017727831576302977,
        NaN,
        NaN,
        NaN,
        NaN,
        NaN
      ],
      [
        NaN,
        0.009314933454807432,
        NaN,
        NaN,
        NaN,
        NaN
      ],
      [
        NaN,
        0.0008545079374902564,
        0.0007379220219331517,
        NaN,
        NaN,
        NaN
      ]
    ],
    "ConstraintTrueActiveMask": [
      [
        1,
        0,
        0,
        0,
        0,
        0
      ],
      [
        0,
        1,
        0,
        0,
        0,
        0
      ],
      [
        0,
        1,
        1,
        0,
        0,
        0
      ]
    ],
    "ConstraintPredictedActiveMask": [
      [
        1,
        1,
        1,
        1,
        1,
        1
      ],
      [
        1,
        1,
        1,
        1,
        1,
        1
      ],
      [
        1,
        1,
        1,
        1,
        1,
        1
      ]
    ],
    "ConstraintTargetMatrix": [
      [
        0.4,
        NaN,
        NaN,
        NaN,
        NaN,
        NaN
      ],
      [
        NaN,
        0.055,
        NaN,
        NaN,
        NaN,
        NaN
      ],
      [
        NaN,
        0.045,
        0.2,
        NaN,
        NaN,
        NaN
      ]
    ],
    "ConstraintSemanticsMatrix": [
      [
        "lower_bound",
        "",
        "",
        "",
        "",
        ""
      ],
      [
        "",
        "target_value",
        "",
        "",
        "",
        ""
      ],
      [
        "",
        "target_value",
        "target_value",
        "",
        "",
        ""
      ]
    ],
    "ConstraintFeatureNames": [
      "dist_main_obstacle",
      "speed",
      "terminal_arc_distance",
      "heading_angle",
      "decoy_line_distance",
      "noise_aux"
    ],
    "ConstraintFeatureScales": [
      1.0105451339572489,
      0.257168970127712,
      1.4813449326840082,
      6.360162030552389,
      0.678684724801644,
      0.751738493119704
    ],
    "ConstraintLearnedValueMatrix": [
      [
        0.38227216842369705,
        0.22523851255153443,
        0.919682781694681,
        -0.014330170101279016,
        0.9205870049333756,
        0.09711023220399241
      ],
      [
        0.38227216842369705,
        0.04568506654519257,
        0.1995264529772857,
        -2.1544790027820087,
        0.8682598948006593,
        0.014151227821705322
      ],
      [
        0.38227216842369705,
        0.04414549206250974,
        0.19926207797806686,
        -5.688554285098652,
        0.7318123938023731,
        -0.2034234560300685
      ]
    ],
    "ConstraintLearnedValuePerDemo": []
  }
}
