{
  "ModelObjectiveFinal": -1450.0067080929632,
  "TrainingLogLikelihoodFinal": -1450.0067080929632
}
