method,dataset,dataset_seed,method_seed,ConstraintErrorMatrix,ConstraintErrorMatrixRaw,ConstraintFeatureNames,ConstraintFeatureScales,ConstraintLearnedRawValueMatrix,ConstraintLearnedSemanticsMatrix,ConstraintLearnedValueMatrix,ConstraintLearnedValuePerDemo,ConstraintLearnedValueSource,ConstraintPredictedActiveMask,ConstraintSemanticsMatrix,ConstraintTargetMatrix,ConstraintTrueActiveMask,MeanAbsCutpointError,MeanConstraintError,MeanConstraintErrorRaw,MeanStageSubgoalError,ModelObjectiveFinal,PosthocFeatureObjectiveFinal,PosthocObjectiveFinal,SegmentationLogLikelihoodFinal,SegmentationObjectiveFinal,TrainingLogLikelihoodFinal,TrainingTotalCostFinal
arhsmm,S3ObsAvoid,1259149,0,"[[0.0028900473278411893, nan, nan, nan, nan, nan], [nan, 0.03992334969316686, nan, nan, nan, nan], [nan, 0.0014054843306855987, 0.00013620309127234306, nan, nan, nan]]","[[0.002918659350825359, nan, nan, nan, nan, nan], [nan, 0.009342449097819124, nan, nan, nan, nan], [nan, 0.00032889689663139626, 0.0002083427870435417, nan, nan, nan]]","['obs_dist', 'speed', 'arc_dist', 'heading', 'line_dist', 'noise']","[1.0099001918441046, 0.23400965023278456, 1.5296480064975375, 6.3271107859210876, 0.7801270192468435, 0.7509006094170386]","[[0.39708134064917466, 0.0871280375624544, 0.44878861607549564, -1.9233363624021396, 0.9081373989151309, 0.0009495591566612824], [1.0476006803161357, 0.04565755090218088, 0.44878861607549564, -1.9233363624021396, 0.9081373989151309, 0.0009495591566612824], [1.0476006803161357, 0.045328896896631395, 0.19979165721295647, -1.9233363624021396, 0.9081373989151309, 0.0009495591566612824]]","[['lower_bound', '', '', '', '', ''], ['', 'target_value', '', '', '', ''], ['', 'target_value', 'target_value', '', '', '']]","[[0.39708134064917466, nan, nan, nan, nan, nan], [nan, 0.04565755090218088, nan, nan, nan, nan], [nan, 0.045328896896631395, 0.19979165721295647, nan, nan, nan]]",[],,"[[1, 0, 0, 0, 0, 0], [0, 1, 0, 0, 0, 0], [0, 1, 1, 0, 0, 0]]","[['lower_bound', '', '', '', '', ''], ['', 'target_value', '', '', '', ''], ['', 'target_value', 'target_value', '', '', '']]","[[0.4, nan, nan, nan, nan, nan], [nan, 0.055, nan, nan, nan, nan], [nan, 0.045, 0.2, nan, nan, nan]]","[[1, 0, 0, 0, 0, 0], [0, 1, 0, 0, 0, 0], [0, 1, 1, 0, 0, 0]]",24.15,0.011088771110741498,0.003199587033079855,0.25060912753975745,1220.7830440895507,402.45742281055914,402.45742281055914,1220.7830440895507,,,
arhsmm,S3ObsAvoid,1259149,1,"[[0.0, nan, nan, nan, nan, nan], [nan, 0.04058507190086301, nan, nan, nan, nan], [nan, 0.0010015163939260416, 0.0002290900500946807, nan, nan, nan]]","[[0.0, nan, nan, nan, nan, nan], [nan, 0.009497298480193365, nan, nan, nan, nan], [nan, 0.00023436450104503265, 0.00035042713843574935, nan, nan, nan]]","['obs_dist', 'speed', 'arc_dist', 'heading', 'line_dist', 'noise']","[1.0099001918441046, 0.23400965023278456, 1.5296480064975375, 6.3271107859210876, 0.7801270192468435, 0.7509006094170386]","[[0.4, 0.0871280375624544, 0.44878861607549564, -1.9233363624021396, 0.9081373989151309, 0.0009495591566612824], [1.0476006803161357, 0.045502701519806635, 0.44878861607549564, -1.9233363624021396, 0.9081373989151309, 0.0009495591566612824], [1.0476006803161357, 0.04523436450104503, 0.19964957286156426, -1.9233363624021396, 0.9081373989151309, 0.0009495591566612824]]","[['lower_bound', '', '', '', '', ''], ['', 'target_value', '', '', '', ''], ['', 'target_value', 'target_value', '', '', '']]","[[0.4, nan, nan, nan, nan, nan], [nan, 0.045502701519806635, nan, nan, nan, nan], [nan, 0.04523436450104503, 0.19964957286156426, nan, nan, nan]]",[],,"[[1, 0, 0, 0, 0, 0], [0, 1, 0, 0, 0, 0], [0, 1, 1, 0, 0, 0]]","[['lower_bound', '', '', '', '', ''], ['', 'target_value', '', '', '', ''], ['', 'target_value', 'target_value', '', '', '']]","[[0.4, nan, nan, nan, nan, nan], [nan, 0.055, nan, nan, nan, nan], [nan, 0.045, 0.2, nan, nan, nan]]","[[1, 0, 0, 0, 0, 0], [0, 1, 0, 0, 0, 0], [0, 1, 1, 0, 0, 0]]",51.25,0.010453919586220932,0.002520522529918537,0.19908563096220905,842.4145210421864,-1299.272531021266,-1299.272531021266,842.4145210421864,,,
arhsmm,S3ObsAvoid,1259149,2,"[[0.0, nan, nan, nan, nan, nan], [nan, 0.040036239322684276, nan, nan, nan, nan], [nan, 0.000664438905944313, 0.0003685117061401928, nan, nan, nan]]","[[0.0, nan, nan, nan, nan, nan], [nan, 0.009368866360537402, nan, nan, nan, nan], [nan, 0.00015548511598108272, 0.0005636931966683523, nan, nan, nan]]","['obs_dist', 'speed', 'arc_dist', 'heading', 'line_dist', 'noise']","[1.0099001918441046, 0.23400965023278456, 1.5296480064975375, 6.3271107859210876, 0.7801270192468435, 0.7509006094170386]","[[0.4, 0.0871280375624544, 0.44878861607549564, -1.9233363624021396, 0.9081373989151309, 0.0009495591566612824], [1.0476006803161357, 0.0456311336394626, 0.44878861607549564, -1.9233363624021396, 0.9081373989151309, 0.0009495591566612824], [1.0476006803161357, 0.04515548511598108, 0.19943630680333166, -1.9233363624021396, 0.9081373989151309, 0.0009495591566612824]]","[['lower_bound', '', '', '', '', ''], ['', 'target_value', '', '', '', ''], ['', 'target_value', 'target_value', '', '', '']]","[[0.4, nan, nan, nan, nan, nan], [nan, 0.0456311336394626, nan, nan, nan, nan], [nan, 0.04515548511598108, 0.19943630680333166, nan, nan, nan]]",[],,"[[1, 0, 0, 0, 0, 0], [0, 1, 0, 0, 0, 0], [0, 1, 1, 0, 0, 0]]","[['lower_bound', '', '', '', '', ''], ['', 'target_value', '', '', '', ''], ['', 'target_value', 'target_value', '', '', '']]","[[0.4, nan, nan, nan, nan, nan], [nan, 0.055, nan, nan, nan, nan], [nan, 0.045, 0.2, nan, nan, nan]]","[[1, 0, 0, 0, 0, 0], [0, 1, 0, 0, 0, 0], [0, 1, 1, 0, 0, 0]]",37.35,0.010267297483692196,0.0025220111682967093,0.29280095016472224,1125.5583523470254,-306.029477084911,-306.029477084911,1125.5583523470254,,,
arhsmm,S3ObsAvoid,1259149,3,"[[0.007385257415242358, nan, nan, nan, nan, nan], [nan, 0.013074079115066448, nan, nan, nan, nan], [nan, 0.0039620144357848715, 0.00020145992928297048, nan, nan, nan]]","[[0.007458372880471353, nan, nan, nan, nan, nan], [nan, 0.003059460680832453, nan, nan, nan, nan], [nan, 0.000927149612335261, 0.00030816277921683066, nan, nan, nan]]","['obs_dist', 'speed', 'arc_dist', 'heading', 'line_dist', 'noise']","[1.0099001918441046, 0.23400965023278456, 1.5296480064975375, 6.3271107859210876, 0.7801270192468435, 0.7509006094170386]","[[0.39254162711952867, 0.0871280375624544, 0.44878861607549564, -1.9233363624021396, 0.9081373989151309, 0.0009495591566612824], [1.0476006803161357, 0.05805946068083245, 0.44878861607549564, -1.9233363624021396, 0.9081373989151309, 0.0009495591566612824], [1.0476006803161357, 0.04592714961233526, 0.19969183722078318, -1.9233363624021396, 0.9081373989151309, 0.0009495591566612824]]","[['lower_bound', '', '', '', '', ''], ['', 'target_value', '', '', '', ''], ['', 'target_value', 'target_value', '', '', '']]","[[0.39254162711952867, nan, nan, nan, nan, nan], [nan, 0.05805946068083245, nan, nan, nan, nan], [nan, 0.04592714961233526, 0.19969183722078318, nan, nan, nan]]",[],,"[[1, 0, 0, 0, 0, 0], [0, 1, 0, 0, 0, 0], [0, 1, 1, 0, 0, 0]]","[['lower_bound', '', '', '', '', ''], ['', 'target_value', '', '', '', ''], ['', 'target_value', 'target_value', '', '', '']]","[[0.4, nan, nan, nan, nan, nan], [nan, 0.055, nan, nan, nan, nan], [nan, 0.045, 0.2, nan, nan, nan]]","[[1, 0, 0, 0, 0, 0], [0, 1, 0, 0, 0, 0], [0, 1, 1, 0, 0, 0]]",7.9,0.0061557027238441624,0.0029382864882139745,0.21722242823840934,1211.421144217175,601.4753790869221,601.4753790869221,1211.421144217175,,,
arhsmm,S3ObsAvoid,1259149,4,"[[0.0006910181453690255, nan, nan, nan, nan, nan], [nan, 0.04076484301587454, nan, nan, nan, nan], [nan, 0.000664438905944313, 0.0003685117061401928, nan, nan, nan]]","[[0.0006978593575759362, nan, nan, nan, nan, nan], [nan, 0.009539366655939172, nan, nan, nan, nan], [nan, 0.00015548511598108272, 0.0005636931966683523, nan, nan, nan]]","['obs_dist', 'speed', 'arc_dist', 'heading', 'line_dist', 'noise']","[1.0099001918441046, 0.23400965023278456, 1.5296480064975375, 6.3271107859210876, 0.7801270192468435, 0.7509006094170386]","[[0.3993021406424241, 0.0871280375624544, 0.44878861607549564, -1.9233363624021396, 0.9081373989151309, 0.0009495591566612824], [1.0476006803161357, 0.04546063334406083, 0.44878861607549564, -1.9233363624021396, 0.9081373989151309, 0.0009495591566612824], [1.0476006803161357, 0.04515548511598108, 0.19943630680333166, -1.9233363624021396, 0.9081373989151309, 0.0009495591566612824]]","[['lower_bound', '', '', '', '', ''], ['', 'target_value', '', '', '', ''], ['', 'target_value', 'target_value', '', '', '']]","[[0.3993021406424241, nan, nan, nan, nan, nan], [nan, 0.04546063334406083, nan, nan, nan, nan], [nan, 0.04515548511598108, 0.19943630680333166, nan, nan, nan]]",[],,"[[1, 0, 0, 0, 0, 0], [0, 1, 0, 0, 0, 0], [0, 1, 1, 0, 0, 0]]","[['lower_bound', '', '', '', '', ''], ['', 'target_value', '', '', '', ''], ['', 'target_value', 'target_value', '', '', '']]","[[0.4, nan, nan, nan, nan, nan], [nan, 0.055, nan, nan, nan, nan], [nan, 0.045, 0.2, nan, nan, nan]]","[[1, 0, 0, 0, 0, 0], [0, 1, 0, 0, 0, 0], [0, 1, 1, 0, 0, 0]]",33.55,0.010622202943332017,0.0027391010815411357,0.25452334583970654,1180.5294985337566,-45.60162493278914,-45.60162493278914,1180.5294985337566,,,
arhsmm,S3ObsAvoid,1259149,5,"[[0.007385257415242358, nan, nan, nan, nan, nan], [nan, 0.0018608587171762812, nan, nan, nan, nan], [nan, 0.0013435607329713728, 0.0001576143674982212, nan, nan, nan]]","[[0.007458372880471353, nan, nan, nan, nan, nan], [nan, 0.0004354588975390497, nan, nan, nan, nan], [nan, 0.0003144061771891346, 0.00024109450303902435, nan, nan, nan]]","['obs_dist', 'speed', 'arc_dist', 'heading', 'line_dist', 'noise']","[1.0099001918441046, 0.23400965023278456, 1.5296480064975375, 6.3271107859210876, 0.7801270192468435, 0.7509006094170386]","[[0.39254162711952867, 0.0871280375624544, 0.44878861607549564, -1.9233363624021396, 0.9081373989151309, 0.0009495591566612824], [1.0476006803161357, 0.05543545889753905, 0.44878861607549564, -1.9233363624021396, 0.9081373989151309, 0.0009495591566612824], [1.0476006803161357, 0.04531440617718913, 0.199758905496961, -1.9233363624021396, 0.9081373989151309, 0.0009495591566612824]]","[['lower_bound', '', '', '', '', ''], ['', 'target_value', '', '', '', ''], ['', 'target_value', 'target_value', '', '', '']]","[[0.39254162711952867, nan, nan, nan, nan, nan], [nan, 0.05543545889753905, nan, nan, nan, nan], [nan, 0.04531440617718913, 0.199758905496961, nan, nan, nan]]",[],,"[[1, 0, 0, 0, 0, 0], [0, 1, 0, 0, 0, 0], [0, 1, 1, 0, 0, 0]]","[['lower_bound', '', '', '', '', ''], ['', 'target_value', '', '', '', ''], ['', 'target_value', 'target_value', '', '', '']]","[[0.4, nan, nan, nan, nan, nan], [nan, 0.055, nan, nan, nan, nan], [nan, 0.045, 0.2, nan, nan, nan]]","[[1, 0, 0, 0, 0, 0], [0, 1, 0, 0, 0, 0], [0, 1, 1, 0, 0, 0]]",0.1,0.0026868228082220585,0.0021123331145596405,0.0747193420799277,1402.1038010687212,208.66698869975355,208.66698869975355,1402.1038010687212,,,
arhsmm,S3ObsAvoid,1259149,6,"[[0.0, nan, nan, nan, nan, nan], [nan, 0.04071673251091927, nan, nan, nan, nan], [nan, 0.00025951844584754945, 9.58146198636527e-05, nan, nan, nan]]","[[0.0, nan, nan, nan, nan, nan], [nan, 0.009528108333502067, nan, nan, nan, nan], [nan, 6.072982074174088e-05, 0.00014656264226775573, nan, nan, nan]]","['obs_dist', 'speed', 'arc_dist', 'heading', 'line_dist', 'noise']","[1.0099001918441046, 0.23400965023278456, 1.5296480064975375, 6.3271107859210876, 0.7801270192468435, 0.7509006094170386]","[[0.4, 0.0871280375624544, 0.44878861607549564, -1.9233363624021396, 0.9081373989151309, 0.0009495591566612824], [1.0476006803161357, 0.045471891666497934, 0.44878861607549564, -1.9233363624021396, 0.9081373989151309, 0.0009495591566612824], [1.0476006803161357, 0.04506072982074174, 0.19985343735773226, -1.9233363624021396, 0.9081373989151309, 0.0009495591566612824]]","[['lower_bound', '', '', '', '', ''], ['', 'target_value', '', '', '', ''], ['', 'target_value', 'target_value', '', '', '']]","[[0.4, nan, nan, nan, nan, nan], [nan, 0.045471891666497934, nan, nan, nan, nan], [nan, 0.04506072982074174, 0.19985343735773226, nan, nan, nan]]",[],,"[[1, 0, 0, 0, 0, 0], [0, 1, 0, 0, 0, 0], [0, 1, 1, 0, 0, 0]]","[['lower_bound', '', '', '', '', ''], ['', 'target_value', '', '', '', ''], ['', 'target_value', 'target_value', '', '', '']]","[[0.4, nan, nan, nan, nan, nan], [nan, 0.055, nan, nan, nan, nan], [nan, 0.045, 0.2, nan, nan, nan]]","[[1, 0, 0, 0, 0, 0], [0, 1, 0, 0, 0, 0], [0, 1, 1, 0, 0, 0]]",41.9,0.010268016394157618,0.002433850199127891,0.2515200931764972,1051.9943067668096,-526.9055569944193,-526.9055569944193,1051.9943067668096,,,
arhsmm,S3ObsAvoid,1259149,7,"[[0.024081379630889143, nan, nan, nan, nan, nan], [nan, 0.02040892614104031, nan, nan, nan, nan], [nan, 0.001848480687792484, 6.3884653886708e-05, nan, nan, nan]]","[[0.02431978990910566, nan, nan, nan, nan, nan], [nan, 0.004775885667891576, nan, nan, nan, nan], [nan, 0.0004325623192123762, 9.772103346358807e-05, nan, nan, nan]]","['obs_dist', 'speed', 'arc_dist', 'heading', 'line_dist', 'noise']","[1.0099001918441046, 0.23400965023278456, 1.5296480064975375, 6.3271107859210876, 0.7801270192468435, 0.7509006094170386]","[[0.4243197899091057, 0.0871280375624544, 0.44878861607549564, -1.9233363624021396, 0.9081373989151309, 0.0009495591566612824], [1.0476006803161357, 0.050224114332108424, 0.44878861607549564, -1.9233363624021396, 0.9081373989151309, 0.0009495591566612824], [1.0476006803161357, 0.045432562319212375, 0.19990227896653642, -1.9233363624021396, 0.9081373989151309, 0.0009495591566612824]]","[['lower_bound', '', '', '', '', ''], ['', 'target_value', '', '', '', ''], ['', 'target_value', 'target_value', '', '', '']]","[[0.4243197899091057, nan, nan, nan, nan, nan], [nan, 0.050224114332108424, nan, nan, nan, nan], [nan, 0.045432562319212375, 0.19990227896653642, nan, nan, nan]]",[],,"[[1, 0, 0, 0, 0, 0], [0, 1, 0, 0, 0, 0], [0, 1, 1, 0, 0, 0]]","[['lower_bound', '', '', '', '', ''], ['', 'target_value', '', '', '', ''], ['', 'target_value', 'target_value', '', '', '']]","[[0.4, nan, nan, nan, nan, nan], [nan, 0.055, nan, nan, nan, nan], [nan, 0.045, 0.2, nan, nan, nan]]","[[1, 0, 0, 0, 0, 0], [0, 1, 0, 0, 0, 0], [0, 1, 1, 0, 0, 0]]",21.25,0.01160066777840216,0.0074064897324183,0.5423532052458085,1019.8708393680811,-186.6961854102533,-186.6961854102533,1019.8708393680811,,,
arhsmm,S3ObsAvoid,1259149,8,"[[0.0017204553817175897, nan, nan, nan, nan, nan], [nan, 0.04152938004182669, nan, nan, nan, nan], [nan, 0.0009896874885320093, 0.0003505719991780129, nan, nan, nan]]","[[0.0017374882200558162, nan, nan, nan, nan, nan], [nan, 0.009718275697972248, nan, nan, nan, nan], [nan, 0.00023159642303113848, 0.0005362517596765037, nan, nan, nan]]","['obs_dist', 'speed', 'arc_dist', 'heading', 'line_dist', 'noise']","[1.0099001918441046, 0.23400965023278456, 1.5296480064975375, 6.3271107859210876, 0.7801270192468435, 0.7509006094170386]","[[0.3982625117799442, 0.0871280375624544, 0.44878861607549564, -1.9233363624021396, 0.9081373989151309, 0.0009495591566612824], [1.0476006803161357, 0.04528172430202775, 0.44878861607549564, -1.9233363624021396, 0.9081373989151309, 0.0009495591566612824], [1.0476006803161357, 0.04523159642303114, 0.1994637482403235, -1.9233363624021396, 0.9081373989151309, 0.0009495591566612824]]","[['lower_bound', '', '', '', '', ''], ['', 'target_value', '', '', '', ''], ['', 'target_value', 'target_value', '', '', '']]","[[0.3982625117799442, nan, nan, nan, nan, nan], [nan, 0.04528172430202775, nan, nan, nan, nan], [nan, 0.04523159642303114, 0.1994637482403235, nan, nan, nan]]",[],,"[[1, 0, 0, 0, 0, 0], [0, 1, 0, 0, 0, 0], [0, 1, 1, 0, 0, 0]]","[['lower_bound', '', '', '', '', ''], ['', 'target_value', '', '', '', ''], ['', 'target_value', 'target_value', '', '', '']]","[[0.4, nan, nan, nan, nan, nan], [nan, 0.055, nan, nan, nan, nan], [nan, 0.045, 0.2, nan, nan, nan]]","[[1, 0, 0, 0, 0, 0], [0, 1, 0, 0, 0, 0], [0, 1, 1, 0, 0, 0]]",32.55,0.011147523727813576,0.0030559030251839266,0.2315822329918317,1206.8110263008825,19.389343923133808,19.389343923133808,1206.8110263008825,,,
arhsmm,S3ObsAvoid,1259149,9,"[[0.27305082808891024, nan, nan, nan, nan, nan], [nan, 0.840750292107989, nan, nan, nan, nan], [nan, 0.00601479695827229, 7.43215965190782e-05, nan, nan, nan]]","[[0.27575408367018206, nan, nan, nan, nan, nan], [nan, 0.19674368178930196, nan, nan, nan, nan], [nan, 0.001407520532426515, 0.0001136858819551223, nan, nan, nan]]","['obs_dist', 'speed', 'arc_dist', 'heading', 'line_dist', 'noise']","[1.0099001918441046, 0.23400965023278456, 1.5296480064975375, 6.3271107859210876, 0.7801270192468435, 0.7509006094170386]","[[0.6757540836701821, 0.0871280375624544, 0.44878861607549564, -1.9233363624021396, 0.9081373989151309, 0.0009495591566612824], [1.0476006803161357, 0.25174368178930195, 0.44878861607549564, -1.9233363624021396, 0.9081373989151309, 0.0009495591566612824], [1.0476006803161357, 0.04640752053242651, 0.20011368588195513, -1.9233363624021396, 0.9081373989151309, 0.0009495591566612824]]","[['lower_bound', '', '', '', '', ''], ['', 'target_value', '', '', '', ''], ['', 'target_value', 'target_value', '', '', '']]","[[0.6757540836701821, nan, nan, nan, nan, nan], [nan, 0.25174368178930195, nan, nan, nan, nan], [nan, 0.04640752053242651, 0.20011368588195513, nan, nan, nan]]",[],,"[[1, 0, 0, 0, 0, 0], [0, 1, 0, 0, 0, 0], [0, 1, 1, 0, 0, 0]]","[['lower_bound', '', '', '', '', ''], ['', 'target_value', '', '', '', ''], ['', 'target_value', 'target_value', '', '', '']]","[[0.4, nan, nan, nan, nan, nan], [nan, 0.055, nan, nan, nan, nan], [nan, 0.045, 0.2, nan, nan, nan]]","[[1, 0, 0, 0, 0, 0], [0, 1, 0, 0, 0, 0], [0, 1, 1, 0, 0, 0]]",16.05,0.2799725596879226,0.11850474296846641,0.598668243379913,1223.5221491577047,458.6130712467889,458.6130712467889,1223.5221491577047,,,
cluster,S3ObsAvoid,1259149,0,"[[0.007385257415242358, nan, nan, nan, nan, nan], [nan, 0.023514773047735932, nan, nan, nan, nan], [nan, 0.002269308359304486, 5.2287740308962905e-05, nan, nan, nan]]","[[0.007458372880471353, nan, nan, nan, nan, nan], [nan, 0.0055026838162039945, nan, nan, nan, nan], [nan, 0.000531040055431177, 7.998183772786605e-05, nan, nan, nan]]","['obs_dist', 'speed', 'arc_dist', 'heading', 'line_dist', 'noise']","[1.0099001918441046, 0.23400965023278456, 1.5296480064975375, 6.3271107859210876, 0.7801270192468435, 0.7509006094170386]","[[0.39254162711952867, 0.0871280375624544, 0.44878861607549564, -1.9233363624021396, 0.9081373989151309, 0.0009495591566612824], [1.0476006803161357, 0.049497316183796006, 0.44878861607549564, -1.9233363624021396, 0.9081373989151309, 0.0009495591566612824], [1.0476006803161357, 0.045531040055431175, 0.19992001816227215, -1.9233363624021396, 0.9081373989151309, 0.0009495591566612824]]","[['lower_bound', '', '', '', '', ''], ['', 'target_value', '', '', '', ''], ['', 'target_value', 'target_value', '', '', '']]","[[0.39254162711952867, nan, nan, nan, nan, nan], [nan, 0.049497316183796006, nan, nan, nan, nan], [nan, 0.045531040055431175, 0.19992001816227215, nan, nan, nan]]",[],,"[[1, 0, 0, 0, 0, 0], [0, 1, 0, 0, 0, 0], [0, 1, 1, 0, 0, 0]]","[['lower_bound', '', '', '', '', ''], ['', 'target_value', '', '', '', ''], ['', 'target_value', 'target_value', '', '', '']]","[[0.4, nan, nan, nan, nan, nan], [nan, 0.055, nan, nan, nan, nan], [nan, 0.045, 0.2, nan, nan, nan]]","[[1, 0, 0, 0, 0, 0], [0, 1, 0, 0, 0, 0], [0, 1, 1, 0, 0, 0]]",9.3,0.008305406640647935,0.0033930196474585977,0.1808404344294116,2353.6473366765376,966.4134035959894,966.4134035959894,,2353.6473366765376,,
cluster,S3ObsAvoid,1259149,1,"[[0.007385257415242358, nan, nan, nan, nan, nan], [nan, 0.023514773047735932, nan, nan, nan, nan], [nan, 0.002269308359304486, 5.2287740308962905e-05, nan, nan, nan]]","[[0.007458372880471353, nan, nan, nan, nan, nan], [nan, 0.0055026838162039945, nan, nan, nan, nan], [nan, 0.000531040055431177, 7.998183772786605e-05, nan, nan, nan]]","['obs_dist', 'speed', 'arc_dist', 'heading', 'line_dist', 'noise']","[1.0099001918441046, 0.23400965023278456, 1.5296480064975375, 6.3271107859210876, 0.7801270192468435, 0.7509006094170386]","[[0.39254162711952867, 0.0871280375624544, 0.44878861607549564, -1.9233363624021396, 0.9081373989151309, 0.0009495591566612824], [1.0476006803161357, 0.049497316183796006, 0.44878861607549564, -1.9233363624021396, 0.9081373989151309, 0.0009495591566612824], [1.0476006803161357, 0.045531040055431175, 0.19992001816227215, -1.9233363624021396, 0.9081373989151309, 0.0009495591566612824]]","[['lower_bound', '', '', '', '', ''], ['', 'target_value', '', '', '', ''], ['', 'target_value', 'target_value', '', '', '']]","[[0.39254162711952867, nan, nan, nan, nan, nan], [nan, 0.049497316183796006, nan, nan, nan, nan], [nan, 0.045531040055431175, 0.19992001816227215, nan, nan, nan]]",[],,"[[1, 0, 0, 0, 0, 0], [0, 1, 0, 0, 0, 0], [0, 1, 1, 0, 0, 0]]","[['lower_bound', '', '', '', '', ''], ['', 'target_value', '', '', '', ''], ['', 'target_value', 'target_value', '', '', '']]","[[0.4, nan, nan, nan, nan, nan], [nan, 0.055, nan, nan, nan, nan], [nan, 0.045, 0.2, nan, nan, nan]]","[[1, 0, 0, 0, 0, 0], [0, 1, 0, 0, 0, 0], [0, 1, 1, 0, 0, 0]]",9.3,0.008305406640647935,0.0033930196474585977,0.1808404344294116,2353.6473366765376,966.4134035959894,966.4134035959894,,2353.6473366765376,,
cluster,S3ObsAvoid,1259149,2,"[[0.007385257415242358, nan, nan, nan, nan, nan], [nan, 0.023514773047735932, nan, nan, nan, nan], [nan, 0.002269308359304486, 5.2287740308962905e-05, nan, nan, nan]]","[[0.007458372880471353, nan, nan, nan, nan, nan], [nan, 0.0055026838162039945, nan, nan, nan, nan], [nan, 0.000531040055431177, 7.998183772786605e-05, nan, nan, nan]]","['obs_dist', 'speed', 'arc_dist', 'heading', 'line_dist', 'noise']","[1.0099001918441046, 0.23400965023278456, 1.5296480064975375, 6.3271107859210876, 0.7801270192468435, 0.7509006094170386]","[[0.39254162711952867, 0.0871280375624544, 0.44878861607549564, -1.9233363624021396, 0.9081373989151309, 0.0009495591566612824], [1.0476006803161357, 0.049497316183796006, 0.44878861607549564, -1.9233363624021396, 0.9081373989151309, 0.0009495591566612824], [1.0476006803161357, 0.045531040055431175, 0.19992001816227215, -1.9233363624021396, 0.9081373989151309, 0.0009495591566612824]]","[['lower_bound', '', '', '', '', ''], ['', 'target_value', '', '', '', ''], ['', 'target_value', 'target_value', '', '', '']]","[[0.39254162711952867, nan, nan, nan, nan, nan], [nan, 0.049497316183796006, nan, nan, nan, nan], [nan, 0.045531040055431175, 0.19992001816227215, nan, nan, nan]]",[],,"[[1, 0, 0, 0, 0, 0], [0, 1, 0, 0, 0, 0], [0, 1, 1, 0, 0, 0]]","[['lower_bound', '', '', '', '', ''], ['', 'target_value', '', '', '', ''], ['', 'target_value', 'target_value', '', '', '']]","[[0.4, nan, nan, nan, nan, nan], [nan, 0.055, nan, nan, nan, nan], [nan, 0.045, 0.2, nan, nan, nan]]","[[1, 0, 0, 0, 0, 0], [0, 1, 0, 0, 0, 0], [0, 1, 1, 0, 0, 0]]",9.3,0.008305406640647935,0.0033930196474585977,0.1808404344294116,2353.6473366765376,966.4134035959894,966.4134035959894,,2353.6473366765376,,
cluster,S3ObsAvoid,1259149,3,"[[0.007385257415242358, nan, nan, nan, nan, nan], [nan, 0.023514773047735932, nan, nan, nan, nan], [nan, 0.002269308359304486, 5.2287740308962905e-05, nan, nan, nan]]","[[0.007458372880471353, nan, nan, nan, nan, nan], [nan, 0.0055026838162039945, nan, nan, nan, nan], [nan, 0.000531040055431177, 7.998183772786605e-05, nan, nan, nan]]","['obs_dist', 'speed', 'arc_dist', 'heading', 'line_dist', 'noise']","[1.0099001918441046, 0.23400965023278456, 1.5296480064975375, 6.3271107859210876, 0.7801270192468435, 0.7509006094170386]","[[0.39254162711952867, 0.0871280375624544, 0.44878861607549564, -1.9233363624021396, 0.9081373989151309, 0.0009495591566612824], [1.0476006803161357, 0.049497316183796006, 0.44878861607549564, -1.9233363624021396, 0.9081373989151309, 0.0009495591566612824], [1.0476006803161357, 0.045531040055431175, 0.19992001816227215, -1.9233363624021396, 0.9081373989151309, 0.0009495591566612824]]","[['lower_bound', '', '', '', '', ''], ['', 'target_value', '', '', '', ''], ['', 'target_value', 'target_value', '', '', '']]","[[0.39254162711952867, nan, nan, nan, nan, nan], [nan, 0.049497316183796006, nan, nan, nan, nan], [nan, 0.045531040055431175, 0.19992001816227215, nan, nan, nan]]",[],,"[[1, 0, 0, 0, 0, 0], [0, 1, 0, 0, 0, 0], [0, 1, 1, 0, 0, 0]]","[['lower_bound', '', '', '', '', ''], ['', 'target_value', '', '', '', ''], ['', 'target_value', 'target_value', '', '', '']]","[[0.4, nan, nan, nan, nan, nan], [nan, 0.055, nan, nan, nan, nan], [nan, 0.045, 0.2, nan, nan, nan]]","[[1, 0, 0, 0, 0, 0], [0, 1, 0, 0, 0, 0], [0, 1, 1, 0, 0, 0]]",9.3,0.008305406640647935,0.0033930196474585977,0.1808404344294116,2353.6473366765376,966.4134035959894,966.4134035959894,,2353.6473366765376,,
cluster,S3ObsAvoid,1259149,4,"[[0.007385257415242358, nan, nan, nan, nan, nan], [nan, 0.023514773047735932, nan, nan, nan, nan], [nan, 0.002269308359304486, 5.2287740308962905e-05, nan, nan, nan]]","[[0.007458372880471353, nan, nan, nan, nan, nan], [nan, 0.0055026838162039945, nan, nan, nan, nan], [nan, 0.000531040055431177, 7.998183772786605e-05, nan, nan, nan]]","['obs_dist', 'speed', 'arc_dist', 'heading', 'line_dist', 'noise']","[1.0099001918441046, 0.23400965023278456, 1.5296480064975375, 6.3271107859210876, 0.7801270192468435, 0.7509006094170386]","[[0.39254162711952867, 0.0871280375624544, 0.44878861607549564, -1.9233363624021396, 0.9081373989151309, 0.0009495591566612824], [1.0476006803161357, 0.049497316183796006, 0.44878861607549564, -1.9233363624021396, 0.9081373989151309, 0.0009495591566612824], [1.0476006803161357, 0.045531040055431175, 0.19992001816227215, -1.9233363624021396, 0.9081373989151309, 0.0009495591566612824]]","[['lower_bound', '', '', '', '', ''], ['', 'target_value', '', '', '', ''], ['', 'target_value', 'target_value', '', '', '']]","[[0.39254162711952867, nan, nan, nan, nan, nan], [nan, 0.049497316183796006, nan, nan, nan, nan], [nan, 0.045531040055431175, 0.19992001816227215, nan, nan, nan]]",[],,"[[1, 0, 0, 0, 0, 0], [0, 1, 0, 0, 0, 0], [0, 1, 1, 0, 0, 0]]","[['lower_bound', '', '', '', '', ''], ['', 'target_value', '', '', '', ''], ['', 'target_value', 'target_value', '', '', '']]","[[0.4, nan, nan, nan, nan, nan], [nan, 0.055, nan, nan, nan, nan], [nan, 0.045, 0.2, nan, nan, nan]]","[[1, 0, 0, 0, 0, 0], [0, 1, 0, 0, 0, 0], [0, 1, 1, 0, 0, 0]]",9.3,0.008305406640647935,0.0033930196474585977,0.1808404344294116,2353.6473366765376,966.4134035959894,966.4134035959894,,2353.6473366765376,,
cluster,S3ObsAvoid,1259149,5,"[[0.007385257415242358, nan, nan, nan, nan, nan], [nan, 0.023514773047735932, nan, nan, nan, nan], [nan, 0.002269308359304486, 5.2287740308962905e-05, nan, nan, nan]]","[[0.007458372880471353, nan, nan, nan, nan, nan], [nan, 0.0055026838162039945, nan, nan, nan, nan], [nan, 0.000531040055431177, 7.998183772786605e-05, nan, nan, nan]]","['obs_dist', 'speed', 'arc_dist', 'heading', 'line_dist', 'noise']","[1.0099001918441046, 0.23400965023278456, 1.5296480064975375, 6.3271107859210876, 0.7801270192468435, 0.7509006094170386]","[[0.39254162711952867, 0.0871280375624544, 0.44878861607549564, -1.9233363624021396, 0.9081373989151309, 0.0009495591566612824], [1.0476006803161357, 0.049497316183796006, 0.44878861607549564, -1.9233363624021396, 0.9081373989151309, 0.0009495591566612824], [1.0476006803161357, 0.045531040055431175, 0.19992001816227215, -1.9233363624021396, 0.9081373989151309, 0.0009495591566612824]]","[['lower_bound', '', '', '', '', ''], ['', 'target_value', '', '', '', ''], ['', 'target_value', 'target_value', '', '', '']]","[[0.39254162711952867, nan, nan, nan, nan, nan], [nan, 0.049497316183796006, nan, nan, nan, nan], [nan, 0.045531040055431175, 0.19992001816227215, nan, nan, nan]]",[],,"[[1, 0, 0, 0, 0, 0], [0, 1, 0, 0, 0, 0], [0, 1, 1, 0, 0, 0]]","[['lower_bound', '', '', '', '', ''], ['', 'target_value', '', '', '', ''], ['', 'target_value', 'target_value', '', '', '']]","[[0.4, nan, nan, nan, nan, nan], [nan, 0.055, nan, nan, nan, nan], [nan, 0.045, 0.2, nan, nan, nan]]","[[1, 0, 0, 0, 0, 0], [0, 1, 0, 0, 0, 0], [0, 1, 1, 0, 0, 0]]",9.3,0.008305406640647935,0.0033930196474585977,0.1808404344294116,2353.6473366765376,966.4134035959894,966.4134035959894,,2353.6473366765376,,
cluster,S3ObsAvoid,1259149,6,"[[0.007385257415242358, nan, nan, nan, nan, nan], [nan, 0.02357557204333926, nan, nan, nan, nan], [nan, 0.002269308359304486, 5.2287740308962905e-05, nan, nan, nan]]","[[0.007458372880471353, nan, nan, nan, nan, nan], [nan, 0.005516911367899634, nan, nan, nan, nan], [nan, 0.000531040055431177, 7.998183772786605e-05, nan, nan, nan]]","['obs_dist', 'speed', 'arc_dist', 'heading', 'line_dist', 'noise']","[1.0099001918441046, 0.23400965023278456, 1.5296480064975375, 6.3271107859210876, 0.7801270192468435, 0.7509006094170386]","[[0.39254162711952867, 0.0871280375624544, 0.44878861607549564, -1.9233363624021396, 0.9081373989151309, 0.0009495591566612824], [1.0476006803161357, 0.04948308863210037, 0.44878861607549564, -1.9233363624021396, 0.9081373989151309, 0.0009495591566612824], [1.0476006803161357, 0.045531040055431175, 0.19992001816227215, -1.9233363624021396, 0.9081373989151309, 0.0009495591566612824]]","[['lower_bound', '', '', '', '', ''], ['', 'target_value', '', '', '', ''], ['', 'target_value', 'target_value', '', '', '']]","[[0.39254162711952867, nan, nan, nan, nan, nan], [nan, 0.04948308863210037, nan, nan, nan, nan], [nan, 0.045531040055431175, 0.19992001816227215, nan, nan, nan]]",[],,"[[1, 0, 0, 0, 0, 0], [0, 1, 0, 0, 0, 0], [0, 1, 1, 0, 0, 0]]","[['lower_bound', '', '', '', '', ''], ['', 'target_value', '', '', '', ''], ['', 'target_value', 'target_value', '', '', '']]","[[0.4, nan, nan, nan, nan, nan], [nan, 0.055, nan, nan, nan, nan], [nan, 0.045, 0.2, nan, nan, nan]]","[[1, 0, 0, 0, 0, 0], [0, 1, 0, 0, 0, 0], [0, 1, 1, 0, 0, 0]]",9.25,0.008320606389548766,0.0033965765353825075,0.1808404202602122,2353.620350138634,974.8415832543512,974.8415832543512,,2353.620350138634,,
cluster,S3ObsAvoid,1259149,7,"[[0.007385257415242358, nan, nan, nan, nan, nan], [nan, 0.023514773047735932, nan, nan, nan, nan], [nan, 0.002269308359304486, 5.2287740308962905e-05, nan, nan, nan]]","[[0.007458372880471353, nan, nan, nan, nan, nan], [nan, 0.0055026838162039945, nan, nan, nan, nan], [nan, 0.000531040055431177, 7.998183772786605e-05, nan, nan, nan]]","['obs_dist', 'speed', 'arc_dist', 'heading', 'line_dist', 'noise']","[1.0099001918441046, 0.23400965023278456, 1.5296480064975375, 6.3271107859210876, 0.7801270192468435, 0.7509006094170386]","[[0.39254162711952867, 0.0871280375624544, 0.44878861607549564, -1.9233363624021396, 0.9081373989151309, 0.0009495591566612824], [1.0476006803161357, 0.049497316183796006, 0.44878861607549564, -1.9233363624021396, 0.9081373989151309, 0.0009495591566612824], [1.0476006803161357, 0.045531040055431175, 0.19992001816227215, -1.9233363624021396, 0.9081373989151309, 0.0009495591566612824]]","[['lower_bound', '', '', '', '', ''], ['', 'target_value', '', '', '', ''], ['', 'target_value', 'target_value', '', '', '']]","[[0.39254162711952867, nan, nan, nan, nan, nan], [nan, 0.049497316183796006, nan, nan, nan, nan], [nan, 0.045531040055431175, 0.19992001816227215, nan, nan, nan]]",[],,"[[1, 0, 0, 0, 0, 0], [0, 1, 0, 0, 0, 0], [0, 1, 1, 0, 0, 0]]","[['lower_bound', '', '', '', '', ''], ['', 'target_value', '', '', '', ''], ['', 'target_value', 'target_value', '', '', '']]","[[0.4, nan, nan, nan, nan, nan], [nan, 0.055, nan, nan, nan, nan], [nan, 0.045, 0.2, nan, nan, nan]]","[[1, 0, 0, 0, 0, 0], [0, 1, 0, 0, 0, 0], [0, 1, 1, 0, 0, 0]]",9.3,0.008305406640647935,0.0033930196474585977,0.1808404344294116,2353.6473366765376,966.4134035959894,966.4134035959894,,2353.6473366765376,,
cluster,S3ObsAvoid,1259149,8,"[[0.007385257415242358, nan, nan, nan, nan, nan], [nan, 0.023514773047735932, nan, nan, nan, nan], [nan, 0.002269308359304486, 5.2287740308962905e-05, nan, nan, nan]]","[[0.007458372880471353, nan, nan, nan, nan, nan], [nan, 0.0055026838162039945, nan, nan, nan, nan], [nan, 0.000531040055431177, 7.998183772786605e-05, nan, nan, nan]]","['obs_dist', 'speed', 'arc_dist', 'heading', 'line_dist', 'noise']","[1.0099001918441046, 0.23400965023278456, 1.5296480064975375, 6.3271107859210876, 0.7801270192468435, 0.7509006094170386]","[[0.39254162711952867, 0.0871280375624544, 0.44878861607549564, -1.9233363624021396, 0.9081373989151309, 0.0009495591566612824], [1.0476006803161357, 0.049497316183796006, 0.44878861607549564, -1.9233363624021396, 0.9081373989151309, 0.0009495591566612824], [1.0476006803161357, 0.045531040055431175, 0.19992001816227215, -1.9233363624021396, 0.9081373989151309, 0.0009495591566612824]]","[['lower_bound', '', '', '', '', ''], ['', 'target_value', '', '', '', ''], ['', 'target_value', 'target_value', '', '', '']]","[[0.39254162711952867, nan, nan, nan, nan, nan], [nan, 0.049497316183796006, nan, nan, nan, nan], [nan, 0.045531040055431175, 0.19992001816227215, nan, nan, nan]]",[],,"[[1, 0, 0, 0, 0, 0], [0, 1, 0, 0, 0, 0], [0, 1, 1, 0, 0, 0]]","[['lower_bound', '', '', '', '', ''], ['', 'target_value', '', '', '', ''], ['', 'target_value', 'target_value', '', '', '']]","[[0.4, nan, nan, nan, nan, nan], [nan, 0.055, nan, nan, nan, nan], [nan, 0.045, 0.2, nan, nan, nan]]","[[1, 0, 0, 0, 0, 0], [0, 1, 0, 0, 0, 0], [0, 1, 1, 0, 0, 0]]",9.3,0.008305406640647935,0.0033930196474585977,0.1808404344294116,2353.6473366765376,966.4134035959894,966.4134035959894,,2353.6473366765376,,
cluster,S3ObsAvoid,1259149,9,"[[0.007385257415242358, nan, nan, nan, nan, nan], [nan, 0.023514773047735932, nan, nan, nan, nan], [nan, 0.002269308359304486, 5.2287740308962905e-05, nan, nan, nan]]","[[0.007458372880471353, nan, nan, nan, nan, nan], [nan, 0.0055026838162039945, nan, nan, nan, nan], [nan, 0.000531040055431177, 7.998183772786605e-05, nan, nan, nan]]","['obs_dist', 'speed', 'arc_dist', 'heading', 'line_dist', 'noise']","[1.0099001918441046, 0.23400965023278456, 1.5296480064975375, 6.3271107859210876, 0.7801270192468435, 0.7509006094170386]","[[0.39254162711952867, 0.0871280375624544, 0.44878861607549564, -1.9233363624021396, 0.9081373989151309, 0.0009495591566612824], [1.0476006803161357, 0.049497316183796006, 0.44878861607549564, -1.9233363624021396, 0.9081373989151309, 0.0009495591566612824], [1.0476006803161357, 0.045531040055431175, 0.19992001816227215, -1.9233363624021396, 0.9081373989151309, 0.0009495591566612824]]","[['lower_bound', '', '', '', '', ''], ['', 'target_value', '', '', '', ''], ['', 'target_value', 'target_value', '', '', '']]","[[0.39254162711952867, nan, nan, nan, nan, nan], [nan, 0.049497316183796006, nan, nan, nan, nan], [nan, 0.045531040055431175, 0.19992001816227215, nan, nan, nan]]",[],,"[[1, 0, 0, 0, 0, 0], [0, 1, 0, 0, 0, 0], [0, 1, 1, 0, 0, 0]]","[['lower_bound', '', '', '', '', ''], ['', 'target_value', '', '', '', ''], ['', 'target_value', 'target_value', '', '', '']]","[[0.4, nan, nan, nan, nan, nan], [nan, 0.055, nan, nan, nan, nan], [nan, 0.045, 0.2, nan, nan, nan]]","[[1, 0, 0, 0, 0, 0], [0, 1, 0, 0, 0, 0], [0, 1, 1, 0, 0, 0]]",9.3,0.008305406640647935,0.0033930196474585977,0.1808404344294116,2353.6473366765376,966.4134035959894,966.4134035959894,,2353.6473366765376,,
fchmm,S3ObsAvoid,1259149,0,"[[0.006412905769621691, nan, nan, nan, nan, nan], [nan, 0.032687642259154645, nan, nan, nan, nan], [nan, 0.0029356211319126395, 0.00018429660011957832, nan, nan, nan]]","[[0.006476394767019111, nan, nan, nan, nan, nan], [nan, 0.007649223731999166, nan, nan, nan, nan], [nan, 0.0006869636742948479, 0.00028190892697718684, nan, nan, nan]]","['obs_dist', 'speed', 'arc_dist', 'heading', 'line_dist', 'noise']","[1.0099001918441046, 0.23400965023278456, 1.5296480064975375, 6.3271107859210876, 0.7801270192468435, 0.7509006094170386]","[[0.3935236052329809, 0.19666336295324552, 0.9438953240008515, -1.440708934197478, 1.051036176756794, 0.09120392360809068], [1.0588190132903885, 0.047350776268000834, 0.19959841298108097, -3.7757974014697107, 0.8309470205316116, -0.04849073509114187], [1.0163442436585692, 0.045686963674294846, 0.19971809107302282, -6.120321669446833, 0.8305820902391764, -0.008819322776021652]]","[['lower_bound', 'target_value', 'target_value', 'lower_bound', 'target_value', 'target_value'], ['lower_bound', 'target_value', 'target_value', 'lower_bound', 'target_value', 'target_value'], ['lower_bound', 'target_value', 'target_value', 'lower_bound', 'target_value', 'target_value']]","[[0.3935236052329809, 0.19666336295324552, 0.9438953240008515, -1.440708934197478, 1.051036176756794, 0.09120392360809068], [1.0588190132903885, 0.047350776268000834, 0.19959841298108097, -3.7757974014697107, 0.8309470205316116, -0.04849073509114187], [1.0163442436585692, 0.045686963674294846, 0.19971809107302282, -6.120321669446833, 0.8305820902391764, -0.008819322776021652]]",[],,"[[1, 1, 1, 1, 1, 1], [1, 1, 1, 1, 1, 1], [1, 1, 1, 1, 1, 1]]","[['lower_bound', '', '', '', '', ''], ['', 'target_value', '', '', '', ''], ['', 'target_value', 'target_value', '', '', '']]","[[0.4, nan, nan, nan, nan, nan], [nan, 0.055, nan, nan, nan, nan], [nan, 0.045, 0.2, nan, nan, nan]]","[[1, 0, 0, 0, 0, 0], [0, 1, 0, 0, 0, 0], [0, 1, 1, 0, 0, 0]]",22.75,0.010555116440202138,0.003773622775072578,0.2266903896123194,-1263.1536718908808,,,,,-1263.1536718908808,
fchmm,S3ObsAvoid,1259149,1,"[[0.006412905769621691, nan, nan, nan, nan, nan], [nan, 0.03351593076687164, nan, nan, nan, nan], [nan, 5.0580765241762806e-05, 0.0003249128444879521, nan, nan, nan]]","[[0.006476394767019111, nan, nan, nan, nan, nan], [nan, 0.007843051235981856, nan, nan, nan, nan], [nan, 1.18363871827315e-05, 0.0004970022848564404, nan, nan, nan]]","['obs_dist', 'speed', 'arc_dist', 'heading', 'line_dist', 'noise']","[1.0099001918441046, 0.23400965023278456, 1.5296480064975375, 6.3271107859210876, 0.7801270192468435, 0.7509006094170386]","[[0.3935236052329809, 0.1999423653044082, 0.9607814664097125, -1.440708934197478, 1.0573109157225118, 0.09178099495143488], [1.0180050968890935, 0.047156948764018145, 0.19967628988803215, -4.914082351713552, 0.8625925137907049, 0.01610933333044555], [1.0330402182141418, 0.04498816361281727, 0.19950299771514357, -6.218870713060861, 0.7263519433626129, -0.2387227392725475]]","[['lower_bound', 'target_value', 'target_value', 'lower_bound', 'target_value', 'target_value'], ['lower_bound', 'target_value', 'target_value', 'lower_bound', 'target_value', 'target_value'], ['lower_bound', 'target_value', 'target_value', 'lower_bound', 'target_value', 'target_value']]","[[0.3935236052329809, 0.1999423653044082, 0.9607814664097125, -1.440708934197478, 1.0573109157225118, 0.09178099495143488], [1.0180050968890935, 0.047156948764018145, 0.19967628988803215, -4.914082351713552, 0.8625925137907049, 0.01610933333044555], [1.0330402182141418, 0.04498816361281727, 0.19950299771514357, -6.218870713060861, 0.7263519433626129, -0.2387227392725475]]",[],,"[[1, 1, 1, 1, 1, 1], [1, 1, 1, 1, 1, 1], [1, 1, 1, 1, 1, 1]]","[['lower_bound', '', '', '', '', ''], ['', 'target_value', '', '', '', ''], ['', 'target_value', 'target_value', '', '', '']]","[[0.4, nan, nan, nan, nan, nan], [nan, 0.055, nan, nan, nan, nan], [nan, 0.045, 0.2, nan, nan, nan]]","[[1, 0, 0, 0, 0, 0], [0, 1, 0, 0, 0, 0], [0, 1, 1, 0, 0, 0]]",27.6,0.010076082536555762,0.0037070711687600347,0.17223459264039614,-1319.7593874147112,,,,,-1319.7593874147112,
fchmm,S3ObsAvoid,1259149,2,"[[0.006412905769621691, nan, nan, nan, nan, nan], [nan, 0.03351140288654697, nan, nan, nan, nan], [nan, 5.145489740166931e-05, 0.0003246368480177694, nan, nan, nan]]","[[0.006476394767019111, nan, nan, nan, nan, nan], [nan, 0.007841991668290783, nan, nan, nan, nan], [nan, 1.204094254372845e-05, 0.000496580107406025, nan, nan, nan]]","['obs_dist', 'speed', 'arc_dist', 'heading', 'line_dist', 'noise']","[1.0099001918441046, 0.23400965023278456, 1.5296480064975375, 6.3271107859210876, 0.7801270192468435, 0.7509006094170386]","[[0.3935236052329809, 0.1999754276513474, 0.9609482371300715, -1.440708934197478, 1.0573930853814253, 0.09181055118935576], [1.0180050968890935, 0.04715800833170922, 0.19967611756274756, -4.914082351713552, 0.8625762213779304, 0.016112893329706626], [1.0330402182141418, 0.04498795905745627, 0.19950341989259399, -6.218870713060861, 0.7264261475290318, -0.23850993713985344]]","[['lower_bound', 'target_value', 'target_value', 'lower_bound', 'target_value', 'target_value'], ['lower_bound', 'target_value', 'target_value', 'lower_bound', 'target_value', 'target_value'], ['lower_bound', 'target_value', 'target_value', 'lower_bound', 'target_value', 'target_value']]","[[0.3935236052329809, 0.1999754276513474, 0.9609482371300715, -1.440708934197478, 1.0573930853814253, 0.09181055118935576], [1.0180050968890935, 0.04715800833170922, 0.19967611756274756, -4.914082351713552, 0.8625762213779304, 0.016112893329706626], [1.0330402182141418, 0.04498795905745627, 0.19950341989259399, -6.218870713060861, 0.7264261475290318, -0.23850993713985344]]",[],,"[[1, 1, 1, 1, 1, 1], [1, 1, 1, 1, 1, 1], [1, 1, 1, 1, 1, 1]]","[['lower_bound', '', '', '', '', ''], ['', 'target_value', '', '', '', ''], ['', 'target_value', 'target_value', '', '', '']]","[[0.4, nan, nan, nan, nan, nan], [nan, 0.055, nan, nan, nan, nan], [nan, 0.045, 0.2, nan, nan, nan]]","[[1, 0, 0, 0, 0, 0], [0, 1, 0, 0, 0, 0], [0, 1, 1, 0, 0, 0]]",27.6,0.010075100100397024,0.003706751871314912,0.17223459264039614,-1303.1272659365516,,,,,-1303.1272659365516,
fchmm,S3ObsAvoid,1259149,3,"[[0.010311977617841188, nan, nan, nan, nan, nan], [nan, 0.00013818826635791023, nan, nan, nan, nan], [nan, 0.0034190119775677884, 0.00016826647815842982, nan, nan, nan]]","[[0.010414068174549929, nan, nan, nan, nan, nan], [nan, 3.233738787668944e-05, nan, nan, nan, nan], [nan, 0.0008000817970123392, 0.0002573884828754036, nan, nan, nan]]","['obs_dist', 'speed', 'arc_dist', 'heading', 'line_dist', 'noise']","[1.0099001918441046, 0.23400965023278456, 1.5296480064975375, 6.3271107859210876, 0.7801270192468435, 0.7509006094170386]","[[0.3895859318254501, 0.24681120368881737, 1.3764120640578579, -1.6718252390960882, 1.2299498602989, 0.039025310077419724], [0.689130208388126, 0.05496766261212331, 0.28805132870334, -0.6691754178504961, 0.7749581029640736, -0.006510431618739584], [1.021020456585765, 0.04580008179701234, 0.1997426115171246, -5.977569178244031, 0.8524335570848739, -0.006576192450147541]]","[['lower_bound', 'target_value', 'target_value', 'lower_bound', 'target_value', 'target_value'], ['lower_bound', 'target_value', 'target_value', 'lower_bound', 'target_value', 'target_value'], ['lower_bound', 'target_value', 'target_value', 'lower_bound', 'target_value', 'target_value']]","[[0.3895859318254501, 0.24681120368881737, 1.3764120640578579, -1.6718252390960882, 1.2299498602989, 0.039025310077419724], [0.689130208388126, 0.05496766261212331, 0.28805132870334, -0.6691754178504961, 0.7749581029640736, -0.006510431618739584], [1.021020456585765, 0.04580008179701234, 0.1997426115171246, -5.977569178244031, 0.8524335570848739, -0.006576192450147541]]",[],,"[[1, 1, 1, 1, 1, 1], [1, 1, 1, 1, 1, 1], [1, 1, 1, 1, 1, 1]]","[['lower_bound', '', '', '', '', ''], ['', 'target_value', '', '', '', ''], ['', 'target_value', 'target_value', '', '', '']]","[[0.4, nan, nan, nan, nan, nan], [nan, 0.055, nan, nan, nan, nan], [nan, 0.045, 0.2, nan, nan, nan]]","[[1, 0, 0, 0, 0, 0], [0, 1, 0, 0, 0, 0], [0, 1, 1, 0, 0, 0]]",0.2,0.003509361084981329,0.00287596896057859,0.0761171029562739,-997.4130159525039,,,,,-997.4130159525039,
fchmm,S3ObsAvoid,1259149,4,"[[0.006412905769621691, nan, nan, nan, nan, nan], [nan, 0.03360379787347835, nan, nan, nan, nan], [nan, 7.438501474512017e-06, 0.00033722362852915824, nan, nan, nan]]","[[0.006476394767019111, nan, nan, nan, nan, nan], [nan, 0.007863612986865859, nan, nan, nan, nan], [nan, 1.7406811283066093e-06, 0.000515833451123493, nan, nan, nan]]","['obs_dist', 'speed', 'arc_dist', 'heading', 'line_dist', 'noise']","[1.0099001918441046, 0.23400965023278456, 1.5296480064975375, 6.3271107859210876, 0.7801270192468435, 0.7509006094170386]","[[0.3935236052329809, 0.1997598221496033, 0.9598563380770992, -1.440708934197478, 1.0568835193436148, 0.0915808708949313], [1.01817369123849, 0.04713638701313414, 0.19968297929831985, -4.947493591108033, 0.8622230950156042, 0.015431864915970242], [1.0378944306639348, 0.04499825931887169, 0.19948416654887652, -6.218870713060861, 0.7236215593939258, -0.24625423354636913]]","[['lower_bound', 'target_value', 'target_value', 'lower_bound', 'target_value', 'target_value'], ['lower_bound', 'target_value', 'target_value', 'lower_bound', 'target_value', 'target_value'], ['lower_bound', 'target_value', 'target_value', 'lower_bound', 'target_value', 'target_value']]","[[0.3935236052329809, 0.1997598221496033, 0.9598563380770992, -1.440708934197478, 1.0568835193436148, 0.0915808708949313], [1.01817369123849, 0.04713638701313414, 0.19968297929831985, -4.947493591108033, 0.8622230950156042, 0.015431864915970242], [1.0378944306639348, 0.04499825931887169, 0.19948416654887652, -6.218870713060861, 0.7236215593939258, -0.24625423354636913]]",[],,"[[1, 1, 1, 1, 1, 1], [1, 1, 1, 1, 1, 1], [1, 1, 1, 1, 1, 1]]","[['lower_bound', '', '', '', '', ''], ['', 'target_value', '', '', '', ''], ['', 'target_value', 'target_value', '', '', '']]","[[0.4, nan, nan, nan, nan, nan], [nan, 0.055, nan, nan, nan, nan], [nan, 0.045, 0.2, nan, nan, nan]]","[[1, 0, 0, 0, 0, 0], [0, 1, 0, 0, 0, 0], [0, 1, 1, 0, 0, 0]]",27.75,0.010090341443275927,0.0037143954715341924,0.1705367672152397,-1318.2391934523712,,,,,-1318.2391934523712,
fchmm,S3ObsAvoid,1259149,5,"[[0.010311977617841188, nan, nan, nan, nan, nan], [nan, 0.00013090573272322528, nan, nan, nan, nan], [nan, 0.0034295729842899617, 0.00016829501011789602, nan, nan, nan]]","[[0.010414068174549929, nan, nan, nan, nan, nan], [nan, 3.063320472802833e-05, nan, nan, nan, nan], [nan, 0.000802553174501501, 0.00025743212673032256, nan, nan, nan]]","['obs_dist', 'speed', 'arc_dist', 'heading', 'line_dist', 'noise']","[1.0099001918441046, 0.23400965023278456, 1.5296480064975375, 6.3271107859210876, 0.7801270192468435, 0.7509006094170386]","[[0.3895859318254501, 0.2468109028028668, 1.3764301868325366, -1.6718252390960882, 1.2299561190854622, 0.03904240742333724], [0.689130208388126, 0.05496936679527197, 0.28828281965267283, -0.6691754178504961, 0.7751443000961626, -0.006296053404654259], [1.021020456585765, 0.0458025531745015, 0.1997425678732697, -5.977569178244031, 0.8523287279570111, -0.006645778724990393]]","[['lower_bound', 'target_value', 'target_value', 'lower_bound', 'target_value', 'target_value'], ['lower_bound', 'target_value', 'target_value', 'lower_bound', 'target_value', 'target_value'], ['lower_bound', 'target_value', 'target_value', 'lower_bound', 'target_value', 'target_value']]","[[0.3895859318254501, 0.2468109028028668, 1.3764301868325366, -1.6718252390960882, 1.2299561190854622, 0.03904240742333724], [0.689130208388126, 0.05496936679527197, 0.28828281965267283, -0.6691754178504961, 0.7751443000961626, -0.006296053404654259], [1.021020456585765, 0.0458025531745015, 0.1997425678732697, -5.977569178244031, 0.8523287279570111, -0.006645778724990393]]",[],,"[[1, 1, 1, 1, 1, 1], [1, 1, 1, 1, 1, 1], [1, 1, 1, 1, 1, 1]]","[['lower_bound', '', '', '', '', ''], ['', 'target_value', '', '', '', ''], ['', 'target_value', 'target_value', '', '', '']]","[[0.4, nan, nan, nan, nan, nan], [nan, 0.055, nan, nan, nan, nan], [nan, 0.045, 0.2, nan, nan, nan]]","[[1, 0, 0, 0, 0, 0], [0, 1, 0, 0, 0, 0], [0, 1, 1, 0, 0, 0]]",0.2,0.003510187836243068,0.002876171670127445,0.0761171029562739,-999.4150194972428,,,,,-999.4150194972428,
fchmm,S3ObsAvoid,1259149,6,"[[0.006412905769621691, nan, nan, nan, nan, nan], [nan, 0.03354627898287244, nan, nan, nan, nan], [nan, 1.1901638338432724e-05, 0.000337603308413119, nan, nan, nan]]","[[0.006476394767019111, nan, nan, nan, nan, nan], [nan, 0.007850153011393392, nan, nan, nan, nan], [nan, 2.785098224773741e-06, 0.0005164142277011008, nan, nan, nan]]","['obs_dist', 'speed', 'arc_dist', 'heading', 'line_dist', 'noise']","[1.0099001918441046, 0.23400965023278456, 1.5296480064975375, 6.3271107859210876, 0.7801270192468435, 0.7509006094170386]","[[0.3935236052329809, 0.20051293338012524, 0.9636960859736812, -1.440708934197478, 1.0585601649981045, 0.0923555776470984], [1.0180050968890935, 0.04714984698860661, 0.1996850079770931, -4.947493591108033, 0.8618396671390774, 0.015129929042091947], [1.0378944306639348, 0.044997214901775225, 0.1994835857722989, -6.218870713060861, 0.7234961070245414, -0.24659426419469097]]","[['lower_bound', 'target_value', 'target_value', 'lower_bound', 'target_value', 'target_value'], ['lower_bound', 'target_value', 'target_value', 'lower_bound', 'target_value', 'target_value'], ['lower_bound', 'target_value', 'target_value', 'lower_bound', 'target_value', 'target_value']]","[[0.3935236052329809, 0.20051293338012524, 0.9636960859736812, -1.440708934197478, 1.0585601649981045, 0.0923555776470984], [1.0180050968890935, 0.04714984698860661, 0.1996850079770931, -4.947493591108033, 0.8618396671390774, 0.015129929042091947], [1.0378944306639348, 0.044997214901775225, 0.1994835857722989, -6.218870713060861, 0.7234961070245414, -0.24659426419469097]]",[],,"[[1, 1, 1, 1, 1, 1], [1, 1, 1, 1, 1, 1], [1, 1, 1, 1, 1, 1]]","[['lower_bound', '', '', '', '', ''], ['', 'target_value', '', '', '', ''], ['', 'target_value', 'target_value', '', '', '']]","[[0.4, nan, nan, nan, nan, nan], [nan, 0.055, nan, nan, nan, nan], [nan, 0.045, 0.2, nan, nan, nan]]","[[1, 0, 0, 0, 0, 0], [0, 1, 0, 0, 0, 0], [0, 1, 1, 0, 0, 0]]",27.75,0.010077172424811421,0.0037114367760845944,0.1705367672152397,-1302.7066808161867,,,,,-1302.7066808161867,
fchmm,S3ObsAvoid,1259149,7,"[[0.010311977617841188, nan, nan, nan, nan, nan], [nan, 0.000162776606508935, nan, nan, nan, nan], [nan, 0.0034148360465213684, 0.00016803755281629643, nan, nan, nan]]","[[0.010414068174549929, nan, nan, nan, nan, nan], [nan, 3.809129675523548e-05, nan, nan, nan, nan], [nan, 0.0007991045888487702, 0.0002570383076821725, nan, nan, nan]]","['obs_dist', 'speed', 'arc_dist', 'heading', 'line_dist', 'noise']","[1.0099001918441046, 0.23400965023278456, 1.5296480064975375, 6.3271107859210876, 0.7801270192468435, 0.7509006094170386]","[[0.3895859318254501, 0.24676270556387786, 1.375222522347968, -1.6718252390960882, 1.2294133525994213, 0.03830488770295058], [0.689130208388126, 0.054961908703244765, 0.2876128712487507, -0.6691754178504961, 0.7746081882228782, -0.0057631708561660415], [1.021020456585765, 0.04579910458884877, 0.19974296169231784, -5.977569178244031, 0.8524945451269447, -0.006595035091914654]]","[['lower_bound', 'target_value', 'target_value', 'lower_bound', 'target_value', 'target_value'], ['lower_bound', 'target_value', 'target_value', 'lower_bound', 'target_value', 'target_value'], ['lower_bound', 'target_value', 'target_value', 'lower_bound', 'target_value', 'target_value']]","[[0.3895859318254501, 0.24676270556387786, 1.375222522347968, -1.6718252390960882, 1.2294133525994213, 0.03830488770295058], [0.689130208388126, 0.054961908703244765, 0.2876128712487507, -0.6691754178504961, 0.7746081882228782, -0.0057631708561660415], [1.021020456585765, 0.04579910458884877, 0.19974296169231784, -5.977569178244031, 0.8524945451269447, -0.006595035091914654]]",[],,"[[1, 1, 1, 1, 1, 1], [1, 1, 1, 1, 1, 1], [1, 1, 1, 1, 1, 1]]","[['lower_bound', '', '', '', '', ''], ['', 'target_value', '', '', '', ''], ['', 'target_value', 'target_value', '', '', '']]","[[0.4, nan, nan, nan, nan, nan], [nan, 0.055, nan, nan, nan, nan], [nan, 0.045, 0.2, nan, nan, nan]]","[[1, 0, 0, 0, 0, 0], [0, 1, 0, 0, 0, 0], [0, 1, 1, 0, 0, 0]]",0.2,0.003514406955921947,0.0028770755919590267,0.0761171029562739,-983.7107301296944,,,,,-983.7107301296944,
fchmm,S3ObsAvoid,1259149,8,"[[0.006412905769621691, nan, nan, nan, nan, nan], [nan, 0.033613676464631585, nan, nan, nan, nan], [nan, 2.0410172873373483e-05, 0.0003413312494852451, nan, nan, nan]]","[[0.006476394767019111, nan, nan, nan, nan, nan], [nan, 0.00786592467252642, nan, nan, nan, nan], [nan, 4.776177415288796e-06, 0.0005221166653304188, nan, nan, nan]]","['obs_dist', 'speed', 'arc_dist', 'heading', 'line_dist', 'noise']","[1.0099001918441046, 0.23400965023278456, 1.5296480064975375, 6.3271107859210876, 0.7801270192468435, 0.7509006094170386]","[[0.3935236052329809, 0.20001239680118943, 0.9611497705933871, -1.440708934197478, 1.0574399401318062, 0.09172837850891932], [1.01817369123849, 0.04713407532747358, 0.19968561524797765, -4.953803957305501, 0.8618388691843728, 0.014879759065598902], [1.0396895276401692, 0.04499522382258471, 0.1994778833346696, -6.218870713060861, 0.7222800837039584, -0.24991373548235962]]","[['lower_bound', 'target_value', 'target_value', 'lower_bound', 'target_value', 'target_value'], ['lower_bound', 'target_value', 'target_value', 'lower_bound', 'target_value', 'target_value'], ['lower_bound', 'target_value', 'target_value', 'lower_bound', 'target_value', 'target_value']]","[[0.3935236052329809, 0.20001239680118943, 0.9611497705933871, -1.440708934197478, 1.0574399401318062, 0.09172837850891932], [1.01817369123849, 0.04713407532747358, 0.19968561524797765, -4.953803957305501, 0.8618388691843728, 0.014879759065598902], [1.0396895276401692, 0.04499522382258471, 0.1994778833346696, -6.218870713060861, 0.7222800837039584, -0.24991373548235962]]",[],,"[[1, 1, 1, 1, 1, 1], [1, 1, 1, 1, 1, 1], [1, 1, 1, 1, 1, 1]]","[['lower_bound', '', '', '', '', ''], ['', 'target_value', '', '', '', ''], ['', 'target_value', 'target_value', '', '', '']]","[[0.4, nan, nan, nan, nan, nan], [nan, 0.055, nan, nan, nan, nan], [nan, 0.045, 0.2, nan, nan, nan]]","[[1, 0, 0, 0, 0, 0], [0, 1, 0, 0, 0, 0], [0, 1, 1, 0, 0, 0]]",27.8,0.010097080914152973,0.0037173030705728097,0.16985004094940045,-1321.2105784637556,,,,,-1321.2105784637556,
fchmm,S3ObsAvoid,1259149,9,"[[0.010311977617841188, nan, nan, nan, nan, nan], [nan, 0.0001568940755709427, nan, nan, nan, nan], [nan, 0.003411999892618802, 0.00016812052874247367, nan, nan, nan]]","[[0.010414068174549929, nan, nan, nan, nan, nan], [nan, 3.671472774795237e-05, nan, nan, nan, nan], [nan, 0.0007984409014660243, 0.0002571652316422368, nan, nan, nan]]","['obs_dist', 'speed', 'arc_dist', 'heading', 'line_dist', 'noise']","[1.0099001918441046, 0.23400965023278456, 1.5296480064975375, 6.3271107859210876, 0.7801270192468435, 0.7509006094170386]","[[0.3895859318254501, 0.246754741498099, 1.3747110128642563, -1.6718252390960882, 1.2291891040624332, 0.038242348576306893], [0.689130208388126, 0.05496328527225205, 0.28749564130703387, -0.6691754178504961, 0.7745008558049072, -0.005944879756444087], [1.021020456585765, 0.04579844090146602, 0.19974283476835777, -5.977569178244031, 0.8525079491971503, -0.006527660758324501]]","[['lower_bound', 'target_value', 'target_value', 'lower_bound', 'target_value', 'target_value'], ['lower_bound', 'target_value', 'target_value', 'lower_bound', 'target_value', 'target_value'], ['lower_bound', 'target_value', 'target_value', 'lower_bound', 'target_value', 'target_value']]","[[0.3895859318254501, 0.246754741498099, 1.3747110128642563, -1.6718252390960882, 1.2291891040624332, 0.038242348576306893], [0.689130208388126, 0.05496328527225205, 0.28749564130703387, -0.6691754178504961, 0.7745008558049072, -0.005944879756444087], [1.021020456585765, 0.04579844090146602, 0.19974283476835777, -5.977569178244031, 0.8525079491971503, -0.006527660758324501]]",[],,"[[1, 1, 1, 1, 1, 1], [1, 1, 1, 1, 1, 1], [1, 1, 1, 1, 1, 1]]","[['lower_bound', '', '', '', '', ''], ['', 'target_value', '', '', '', ''], ['', 'target_value', 'target_value', '', '', '']]","[[0.4, nan, nan, nan, nan, nan], [nan, 0.055, nan, nan, nan, nan], [nan, 0.045, 0.2, nan, nan, nan]]","[[1, 0, 0, 0, 0, 0], [0, 1, 0, 0, 0, 0], [0, 1, 1, 0, 0, 0]]",0.2,0.003512248028693352,0.0028765972588515355,0.0761171029562739,-1015.0592654559266,,,,,-1015.0592654559266,
map,S3ObsAvoid,1259149,0,"[[0.013029137214550594, nan, nan, nan, nan, nan], [nan, 0.0022478643549808525, nan, nan, nan, nan], [nan, 0.005201978093863004, 8.833419552017671e-05, nan, nan, nan]]","[[0.013158128172537809, nan, nan, nan, nan, nan], [nan, 0.0005260219514798131, nan, nan, nan, nan], [nan, 0.0012173130742634888, 0.000135120226083002, nan, nan, nan]]","['obs_dist', 'speed', 'arc_dist', 'heading', 'line_dist', 'noise']","[1.0099001918441046, 0.23400965023278456, 1.5296480064975375, 6.3271107859210876, 0.7801270192468435, 0.7509006094170386]","[[0.3868418718274622, nan, nan, nan, nan, nan], [nan, 0.05552602195147981, nan, nan, nan, nan], [nan, 0.04621731307426349, 0.199864879773917, nan, nan, nan]]","[['lower_bound', '', '', '', '', ''], ['', 'target_value', '', '', '', ''], ['', 'target_value', 'target_value', '', '', '']]","[[0.3868418718274622, nan, nan, nan, nan, nan], [nan, 0.05552602195147981, nan, nan, nan, nan], [nan, 0.04621731307426349, 0.199864879773917, nan, nan, nan]]",[],map_shared_eta,"[[1, 0, 0, 0, 0, 0], [0, 1, 0, 0, 0, 0], [0, 1, 1, 0, 0, 0]]","[['lower_bound', '', '', '', '', ''], ['', 'target_value', '', '', '', ''], ['', 'target_value', 'target_value', '', '', '']]","[[0.4, nan, nan, nan, nan, nan], [nan, 0.055, nan, nan, nan, nan], [nan, 0.045, 0.2, nan, nan, nan]]","[[1, 0, 0, 0, 0, 0], [0, 1, 0, 0, 0, 0], [0, 1, 1, 0, 0, 0]]",0.7,0.005141828464728657,0.003759145856091028,0.07472849451578821,1479.5401493544978,,,,,,1479.5401493544978
map,S3ObsAvoid,1259149,1,"[[0.013029137214550594, nan, nan, nan, nan, nan], [nan, 0.0022478643549808525, nan, nan, nan, nan], [nan, 0.005201978093863004, 8.833419552017671e-05, nan, nan, nan]]","[[0.013158128172537809, nan, nan, nan, nan, nan], [nan, 0.0005260219514798131, nan, nan, nan, nan], [nan, 0.0012173130742634888, 0.000135120226083002, nan, nan, nan]]","['obs_dist', 'speed', 'arc_dist', 'heading', 'line_dist', 'noise']","[1.0099001918441046, 0.23400965023278456, 1.5296480064975375, 6.3271107859210876, 0.7801270192468435, 0.7509006094170386]","[[0.3868418718274622, nan, nan, nan, nan, nan], [nan, 0.05552602195147981, nan, nan, nan, nan], [nan, 0.04621731307426349, 0.199864879773917, nan, nan, nan]]","[['lower_bound', '', '', '', '', ''], ['', 'target_value', '', '', '', ''], ['', 'target_value', 'target_value', '', '', '']]","[[0.3868418718274622, nan, nan, nan, nan, nan], [nan, 0.05552602195147981, nan, nan, nan, nan], [nan, 0.04621731307426349, 0.199864879773917, nan, nan, nan]]",[],map_shared_eta,"[[1, 0, 0, 0, 0, 0], [0, 1, 0, 0, 0, 0], [0, 1, 1, 0, 0, 0]]","[['lower_bound', '', '', '', '', ''], ['', 'target_value', '', '', '', ''], ['', 'target_value', 'target_value', '', '', '']]","[[0.4, nan, nan, nan, nan, nan], [nan, 0.055, nan, nan, nan, nan], [nan, 0.045, 0.2, nan, nan, nan]]","[[1, 0, 0, 0, 0, 0], [0, 1, 0, 0, 0, 0], [0, 1, 1, 0, 0, 0]]",0.7,0.005141828464728657,0.003759145856091028,0.07472849451578821,1479.5401493544978,,,,,,1479.5401493544978
map,S3ObsAvoid,1259149,2,"[[0.013029137214550594, nan, nan, nan, nan, nan], [nan, 0.0022478643549808525, nan, nan, nan, nan], [nan, 0.005201978093863004, 8.833419552017671e-05, nan, nan, nan]]","[[0.013158128172537809, nan, nan, nan, nan, nan], [nan, 0.0005260219514798131, nan, nan, nan, nan], [nan, 0.0012173130742634888, 0.000135120226083002, nan, nan, nan]]","['obs_dist', 'speed', 'arc_dist', 'heading', 'line_dist', 'noise']","[1.0099001918441046, 0.23400965023278456, 1.5296480064975375, 6.3271107859210876, 0.7801270192468435, 0.7509006094170386]","[[0.3868418718274622, nan, nan, nan, nan, nan], [nan, 0.05552602195147981, nan, nan, nan, nan], [nan, 0.04621731307426349, 0.199864879773917, nan, nan, nan]]","[['lower_bound', '', '', '', '', ''], ['', 'target_value', '', '', '', ''], ['', 'target_value', 'target_value', '', '', '']]","[[0.3868418718274622, nan, nan, nan, nan, nan], [nan, 0.05552602195147981, nan, nan, nan, nan], [nan, 0.04621731307426349, 0.199864879773917, nan, nan, nan]]",[],map_shared_eta,"[[1, 0, 0, 0, 0, 0], [0, 1, 0, 0, 0, 0], [0, 1, 1, 0, 0, 0]]","[['lower_bound', '', '', '', '', ''], ['', 'target_value', '', '', '', ''], ['', 'target_value', 'target_value', '', '', '']]","[[0.4, nan, nan, nan, nan, nan], [nan, 0.055, nan, nan, nan, nan], [nan, 0.045, 0.2, nan, nan, nan]]","[[1, 0, 0, 0, 0, 0], [0, 1, 0, 0, 0, 0], [0, 1, 1, 0, 0, 0]]",0.7,0.005141828464728657,0.003759145856091028,0.07472849451578821,1479.5401493544978,,,,,,1479.5401493544978
map,S3ObsAvoid,1259149,3,"[[0.013029137214550594, nan, nan, nan, nan, nan], [nan, 0.0022478643549808525, nan, nan, nan, nan], [nan, 0.005201978093863004, 8.833419552017671e-05, nan, nan, nan]]","[[0.013158128172537809, nan, nan, nan, nan, nan], [nan, 0.0005260219514798131, nan, nan, nan, nan], [nan, 0.0012173130742634888, 0.000135120226083002, nan, nan, nan]]","['obs_dist', 'speed', 'arc_dist', 'heading', 'line_dist', 'noise']","[1.0099001918441046, 0.23400965023278456, 1.5296480064975375, 6.3271107859210876, 0.7801270192468435, 0.7509006094170386]","[[0.3868418718274622, nan, nan, nan, nan, nan], [nan, 0.05552602195147981, nan, nan, nan, nan], [nan, 0.04621731307426349, 0.199864879773917, nan, nan, nan]]","[['lower_bound', '', '', '', '', ''], ['', 'target_value', '', '', '', ''], ['', 'target_value', 'target_value', '', '', '']]","[[0.3868418718274622, nan, nan, nan, nan, nan], [nan, 0.05552602195147981, nan, nan, nan, nan], [nan, 0.04621731307426349, 0.199864879773917, nan, nan, nan]]",[],map_shared_eta,"[[1, 0, 0, 0, 0, 0], [0, 1, 0, 0, 0, 0], [0, 1, 1, 0, 0, 0]]","[['lower_bound', '', '', '', '', ''], ['', 'target_value', '', '', '', ''], ['', 'target_value', 'target_value', '', '', '']]","[[0.4, nan, nan, nan, nan, nan], [nan, 0.055, nan, nan, nan, nan], [nan, 0.045, 0.2, nan, nan, nan]]","[[1, 0, 0, 0, 0, 0], [0, 1, 0, 0, 0, 0], [0, 1, 1, 0, 0, 0]]",0.7,0.005141828464728657,0.003759145856091028,0.07472849451578821,1479.5401493544978,,,,,,1479.5401493544978
map,S3ObsAvoid,1259149,4,"[[0.013029137214550594, nan, nan, nan, nan, nan], [nan, 0.0022478643549808525, nan, nan, nan, nan], [nan, 0.005201978093863004, 8.833419552017671e-05, nan, nan, nan]]","[[0.013158128172537809, nan, nan, nan, nan, nan], [nan, 0.0005260219514798131, nan, nan, nan, nan], [nan, 0.0012173130742634888, 0.000135120226083002, nan, nan, nan]]","['obs_dist', 'speed', 'arc_dist', 'heading', 'line_dist', 'noise']","[1.0099001918441046, 0.23400965023278456, 1.5296480064975375, 6.3271107859210876, 0.7801270192468435, 0.7509006094170386]","[[0.3868418718274622, nan, nan, nan, nan, nan], [nan, 0.05552602195147981, nan, nan, nan, nan], [nan, 0.04621731307426349, 0.199864879773917, nan, nan, nan]]","[['lower_bound', '', '', '', '', ''], ['', 'target_value', '', '', '', ''], ['', 'target_value', 'target_value', '', '', '']]","[[0.3868418718274622, nan, nan, nan, nan, nan], [nan, 0.05552602195147981, nan, nan, nan, nan], [nan, 0.04621731307426349, 0.199864879773917, nan, nan, nan]]",[],map_shared_eta,"[[1, 0, 0, 0, 0, 0], [0, 1, 0, 0, 0, 0], [0, 1, 1, 0, 0, 0]]","[['lower_bound', '', '', '', '', ''], ['', 'target_value', '', '', '', ''], ['', 'target_value', 'target_value', '', '', '']]","[[0.4, nan, nan, nan, nan, nan], [nan, 0.055, nan, nan, nan, nan], [nan, 0.045, 0.2, nan, nan, nan]]","[[1, 0, 0, 0, 0, 0], [0, 1, 0, 0, 0, 0], [0, 1, 1, 0, 0, 0]]",0.7,0.005141828464728657,0.003759145856091028,0.07472849451578821,1479.5401493544978,,,,,,1479.5401493544978
map,S3ObsAvoid,1259149,5,"[[0.013029137214550594, nan, nan, nan, nan, nan], [nan, 0.0022478643549808525, nan, nan, nan, nan], [nan, 0.005201978093863004, 8.833419552017671e-05, nan, nan, nan]]","[[0.013158128172537809, nan, nan, nan, nan, nan], [nan, 0.0005260219514798131, nan, nan, nan, nan], [nan, 0.0012173130742634888, 0.000135120226083002, nan, nan, nan]]","['obs_dist', 'speed', 'arc_dist', 'heading', 'line_dist', 'noise']","[1.0099001918441046, 0.23400965023278456, 1.5296480064975375, 6.3271107859210876, 0.7801270192468435, 0.7509006094170386]","[[0.3868418718274622, nan, nan, nan, nan, nan], [nan, 0.05552602195147981, nan, nan, nan, nan], [nan, 0.04621731307426349, 0.199864879773917, nan, nan, nan]]","[['lower_bound', '', '', '', '', ''], ['', 'target_value', '', '', '', ''], ['', 'target_value', 'target_value', '', '', '']]","[[0.3868418718274622, nan, nan, nan, nan, nan], [nan, 0.05552602195147981, nan, nan, nan, nan], [nan, 0.04621731307426349, 0.199864879773917, nan, nan, nan]]",[],map_shared_eta,"[[1, 0, 0, 0, 0, 0], [0, 1, 0, 0, 0, 0], [0, 1, 1, 0, 0, 0]]","[['lower_bound', '', '', '', '', ''], ['', 'target_value', '', '', '', ''], ['', 'target_value', 'target_value', '', '', '']]","[[0.4, nan, nan, nan, nan, nan], [nan, 0.055, nan, nan, nan, nan], [nan, 0.045, 0.2, nan, nan, nan]]","[[1, 0, 0, 0, 0, 0], [0, 1, 0, 0, 0, 0], [0, 1, 1, 0, 0, 0]]",0.7,0.005141828464728657,0.003759145856091028,0.07472849451578821,1479.5401493544978,,,,,,1479.5401493544978
map,S3ObsAvoid,1259149,6,"[[0.013029137214550594, nan, nan, nan, nan, nan], [nan, 0.0022478643549808525, nan, nan, nan, nan], [nan, 0.005201978093863004, 8.833419552017671e-05, nan, nan, nan]]","[[0.013158128172537809, nan, nan, nan, nan, nan], [nan, 0.0005260219514798131, nan, nan, nan, nan], [nan, 0.0012173130742634888, 0.000135120226083002, nan, nan, nan]]","['obs_dist', 'speed', 'arc_dist', 'heading', 'line_dist', 'noise']","[1.0099001918441046, 0.23400965023278456, 1.5296480064975375, 6.3271107859210876, 0.7801270192468435, 0.7509006094170386]","[[0.3868418718274622, nan, nan, nan, nan, nan], [nan, 0.05552602195147981, nan, nan, nan, nan], [nan, 0.04621731307426349, 0.199864879773917, nan, nan, nan]]","[['lower_bound', '', '', '', '', ''], ['', 'target_value', '', '', '', ''], ['', 'target_value', 'target_value', '', '', '']]","[[0.3868418718274622, nan, nan, nan, nan, nan], [nan, 0.05552602195147981, nan, nan, nan, nan], [nan, 0.04621731307426349, 0.199864879773917, nan, nan, nan]]",[],map_shared_eta,"[[1, 0, 0, 0, 0, 0], [0, 1, 0, 0, 0, 0], [0, 1, 1, 0, 0, 0]]","[['lower_bound', '', '', '', '', ''], ['', 'target_value', '', '', '', ''], ['', 'target_value', 'target_value', '', '', '']]","[[0.4, nan, nan, nan, nan, nan], [nan, 0.055, nan, nan, nan, nan], [nan, 0.045, 0.2, nan, nan, nan]]","[[1, 0, 0, 0, 0, 0], [0, 1, 0, 0, 0, 0], [0, 1, 1, 0, 0, 0]]",0.7,0.005141828464728657,0.003759145856091028,0.07472849451578821,1479.5401493544978,,,,,,1479.5401493544978
map,S3ObsAvoid,1259149,7,"[[0.013029137214550594, nan, nan, nan, nan, nan], [nan, 0.0022478643549808525, nan, nan, nan, nan], [nan, 0.005201978093863004, 8.833419552017671e-05, nan, nan, nan]]","[[0.013158128172537809, nan, nan, nan, nan, nan], [nan, 0.0005260219514798131, nan, nan, nan, nan], [nan, 0.0012173130742634888, 0.000135120226083002, nan, nan, nan]]","['obs_dist', 'speed', 'arc_dist', 'heading', 'line_dist', 'noise']","[1.0099001918441046, 0.23400965023278456, 1.5296480064975375, 6.3271107859210876, 0.7801270192468435, 0.7509006094170386]","[[0.3868418718274622, nan, nan, nan, nan, nan], [nan, 0.05552602195147981, nan, nan, nan, nan], [nan, 0.04621731307426349, 0.199864879773917, nan, nan, nan]]","[['lower_bound', '', '', '', '', ''], ['', 'target_value', '', '', '', ''], ['', 'target_value', 'target_value', '', '', '']]","[[0.3868418718274622, nan, nan, nan, nan, nan], [nan, 0.05552602195147981, nan, nan, nan, nan], [nan, 0.04621731307426349, 0.199864879773917, nan, nan, nan]]",[],map_shared_eta,"[[1, 0, 0, 0, 0, 0], [0, 1, 0, 0, 0, 0], [0, 1, 1, 0, 0, 0]]","[['lower_bound', '', '', '', '', ''], ['', 'target_value', '', '', '', ''], ['', 'target_value', 'target_value', '', '', '']]","[[0.4, nan, nan, nan, nan, nan], [nan, 0.055, nan, nan, nan, nan], [nan, 0.045, 0.2, nan, nan, nan]]","[[1, 0, 0, 0, 0, 0], [0, 1, 0, 0, 0, 0], [0, 1, 1, 0, 0, 0]]",0.7,0.005141828464728657,0.003759145856091028,0.07472849451578821,1479.5401493544978,,,,,,1479.5401493544978
map,S3ObsAvoid,1259149,8,"[[0.013029137214550594, nan, nan, nan, nan, nan], [nan, 0.0022478643549808525, nan, nan, nan, nan], [nan, 0.005201978093863004, 8.833419552017671e-05, nan, nan, nan]]","[[0.013158128172537809, nan, nan, nan, nan, nan], [nan, 0.0005260219514798131, nan, nan, nan, nan], [nan, 0.0012173130742634888, 0.000135120226083002, nan, nan, nan]]","['obs_dist', 'speed', 'arc_dist', 'heading', 'line_dist', 'noise']","[1.0099001918441046, 0.23400965023278456, 1.5296480064975375, 6.3271107859210876, 0.7801270192468435, 0.7509006094170386]","[[0.3868418718274622, nan, nan, nan, nan, nan], [nan, 0.05552602195147981, nan, nan, nan, nan], [nan, 0.04621731307426349, 0.199864879773917, nan, nan, nan]]","[['lower_bound', '', '', '', '', ''], ['', 'target_value', '', '', '', ''], ['', 'target_value', 'target_value', '', '', '']]","[[0.3868418718274622, nan, nan, nan, nan, nan], [nan, 0.05552602195147981, nan, nan, nan, nan], [nan, 0.04621731307426349, 0.199864879773917, nan, nan, nan]]",[],map_shared_eta,"[[1, 0, 0, 0, 0, 0], [0, 1, 0, 0, 0, 0], [0, 1, 1, 0, 0, 0]]","[['lower_bound', '', '', '', '', ''], ['', 'target_value', '', '', '', ''], ['', 'target_value', 'target_value', '', '', '']]","[[0.4, nan, nan, nan, nan, nan], [nan, 0.055, nan, nan, nan, nan], [nan, 0.045, 0.2, nan, nan, nan]]","[[1, 0, 0, 0, 0, 0], [0, 1, 0, 0, 0, 0], [0, 1, 1, 0, 0, 0]]",0.7,0.005141828464728657,0.003759145856091028,0.07472849451578821,1479.5401493544978,,,,,,1479.5401493544978
map,S3ObsAvoid,1259149,9,"[[0.013029137214550594, nan, nan, nan, nan, nan], [nan, 0.0022478643549808525, nan, nan, nan, nan], [nan, 0.005201978093863004, 8.833419552017671e-05, nan, nan, nan]]","[[0.013158128172537809, nan, nan, nan, nan, nan], [nan, 0.0005260219514798131, nan, nan, nan, nan], [nan, 0.0012173130742634888, 0.000135120226083002, nan, nan, nan]]","['obs_dist', 'speed', 'arc_dist', 'heading', 'line_dist', 'noise']","[1.0099001918441046, 0.23400965023278456, 1.5296480064975375, 6.3271107859210876, 0.7801270192468435, 0.7509006094170386]","[[0.3868418718274622, nan, nan, nan, nan, nan], [nan, 0.05552602195147981, nan, nan, nan, nan], [nan, 0.04621731307426349, 0.199864879773917, nan, nan, nan]]","[['lower_bound', '', '', '', '', ''], ['', 'target_value', '', '', '', ''], ['', 'target_value', 'target_value', '', '', '']]","[[0.3868418718274622, nan, nan, nan, nan, nan], [nan, 0.05552602195147981, nan, nan, nan, nan], [nan, 0.04621731307426349, 0.199864879773917, nan, nan, nan]]",[],map_shared_eta,"[[1, 0, 0, 0, 0, 0], [0, 1, 0, 0, 0, 0], [0, 1, 1, 0, 0, 0]]","[['lower_bound', '', '', '', '', ''], ['', 'target_value', '', '', '', ''], ['', 'target_value', 'target_value', '', '', '']]","[[0.4, nan, nan, nan, nan, nan], [nan, 0.055, nan, nan, nan, nan], [nan, 0.045, 0.2, nan, nan, nan]]","[[1, 0, 0, 0, 0, 0], [0, 1, 0, 0, 0, 0], [0, 1, 1, 0, 0, 0]]",0.7,0.005141828464728657,0.003759145856091028,0.07472849451578821,1479.5401493544978,,,,,,1479.5401493544978
swcl,S3ObsAvoid,1259149,0,"[[0.00791197195777384, nan, nan, nan, nan, nan], [nan, 0.0016742640450804033, nan, nan, nan, nan], [nan, 0.0011421927255337266, 0.0002417054328200308, nan, nan, nan]]","[[0.007990301998020977, nan, nan, nan, nan, nan], [nan, 0.0003917939435865922, nan, nan, nan, nan], [nan, 0.00026728412020057823, 0.0003697242334727846, nan, nan, nan]]","['obs_dist', 'speed', 'arc_dist', 'heading', 'line_dist', 'noise']","[1.0099001918441046, 0.23400965023278456, 1.5296480064975375, 6.3271107859210876, 0.7801270192468435, 0.7509006094170386]","[[0.39200969800197905, 0.0871280375624544, 0.44878861607549564, -1.9233363624021396, 0.9081373989151309, 0.0009495591566612824], [1.0476006803161357, 0.05539179394358659, 0.44878861607549564, -1.9233363624021396, 0.9081373989151309, 0.0009495591566612824], [1.0476006803161357, 0.04526728412020058, 0.19963027576652723, -1.9233363624021396, 0.9081373989151309, 0.0009495591566612824]]","[['lower_bound', '', '', '', '', ''], ['', 'target_value', '', '', '', ''], ['', 'target_value', 'target_value', '', '', '']]","[[0.39200969800197905, nan, nan, nan, nan, nan], [nan, 0.05539179394358659, nan, nan, nan, nan], [nan, 0.04526728412020058, 0.19963027576652723, nan, nan, nan]]",[],,"[[1, 0, 0, 0, 0, 0], [0, 1, 0, 0, 0, 0], [0, 1, 1, 0, 0, 0]]","[['lower_bound', '', '', '', '', ''], ['', 'target_value', '', '', '', ''], ['', 'target_value', 'target_value', '', '', '']]","[[0.4, nan, nan, nan, nan, nan], [nan, 0.055, nan, nan, nan, nan], [nan, 0.045, 0.2, nan, nan, nan]]","[[1, 0, 0, 0, 0, 0], [0, 1, 0, 0, 0, 0], [0, 1, 1, 0, 0, 0]]",1.9,0.0027425335403020003,0.002254776073820233,0.1003051229864567,-18.418368404948957,,,,,,-18.418368404948957
swcl,S3ObsAvoid,1259149,1,"[[0.00791197195777384, nan, nan, nan, nan, nan], [nan, 0.0016742640450804033, nan, nan, nan, nan], [nan, 0.0011421927255337266, 0.0002417054328200308, nan, nan, nan]]","[[0.007990301998020977, nan, nan, nan, nan, nan], [nan, 0.0003917939435865922, nan, nan, nan, nan], [nan, 0.00026728412020057823, 0.0003697242334727846, nan, nan, nan]]","['obs_dist', 'speed', 'arc_dist', 'heading', 'line_dist', 'noise']","[1.0099001918441046, 0.23400965023278456, 1.5296480064975375, 6.3271107859210876, 0.7801270192468435, 0.7509006094170386]","[[0.39200969800197905, 0.0871280375624544, 0.44878861607549564, -1.9233363624021396, 0.9081373989151309, 0.0009495591566612824], [1.0476006803161357, 0.05539179394358659, 0.44878861607549564, -1.9233363624021396, 0.9081373989151309, 0.0009495591566612824], [1.0476006803161357, 0.04526728412020058, 0.19963027576652723, -1.9233363624021396, 0.9081373989151309, 0.0009495591566612824]]","[['lower_bound', '', '', '', '', ''], ['', 'target_value', '', '', '', ''], ['', 'target_value', 'target_value', '', '', '']]","[[0.39200969800197905, nan, nan, nan, nan, nan], [nan, 0.05539179394358659, nan, nan, nan, nan], [nan, 0.04526728412020058, 0.19963027576652723, nan, nan, nan]]",[],,"[[1, 0, 0, 0, 0, 0], [0, 1, 0, 0, 0, 0], [0, 1, 1, 0, 0, 0]]","[['lower_bound', '', '', '', '', ''], ['', 'target_value', '', '', '', ''], ['', 'target_value', 'target_value', '', '', '']]","[[0.4, nan, nan, nan, nan, nan], [nan, 0.055, nan, nan, nan, nan], [nan, 0.045, 0.2, nan, nan, nan]]","[[1, 0, 0, 0, 0, 0], [0, 1, 0, 0, 0, 0], [0, 1, 1, 0, 0, 0]]",1.9,0.0027425335403020003,0.002254776073820233,0.1003051229864567,-18.418368404948957,,,,,,-18.418368404948957
swcl,S3ObsAvoid,1259149,2,"[[0.00791197195777384, nan, nan, nan, nan, nan], [nan, 0.0016742640450804033, nan, nan, nan, nan], [nan, 0.0011421927255337266, 0.0002417054328200308, nan, nan, nan]]","[[0.007990301998020977, nan, nan, nan, nan, nan], [nan, 0.0003917939435865922, nan, nan, nan, nan], [nan, 0.00026728412020057823, 0.0003697242334727846, nan, nan, nan]]","['obs_dist', 'speed', 'arc_dist', 'heading', 'line_dist', 'noise']","[1.0099001918441046, 0.23400965023278456, 1.5296480064975375, 6.3271107859210876, 0.7801270192468435, 0.7509006094170386]","[[0.39200969800197905, 0.0871280375624544, 0.44878861607549564, -1.9233363624021396, 0.9081373989151309, 0.0009495591566612824], [1.0476006803161357, 0.05539179394358659, 0.44878861607549564, -1.9233363624021396, 0.9081373989151309, 0.0009495591566612824], [1.0476006803161357, 0.04526728412020058, 0.19963027576652723, -1.9233363624021396, 0.9081373989151309, 0.0009495591566612824]]","[['lower_bound', '', '', '', '', ''], ['', 'target_value', '', '', '', ''], ['', 'target_value', 'target_value', '', '', '']]","[[0.39200969800197905, nan, nan, nan, nan, nan], [nan, 0.05539179394358659, nan, nan, nan, nan], [nan, 0.04526728412020058, 0.19963027576652723, nan, nan, nan]]",[],,"[[1, 0, 0, 0, 0, 0], [0, 1, 0, 0, 0, 0], [0, 1, 1, 0, 0, 0]]","[['lower_bound', '', '', '', '', ''], ['', 'target_value', '', '', '', ''], ['', 'target_value', 'target_value', '', '', '']]","[[0.4, nan, nan, nan, nan, nan], [nan, 0.055, nan, nan, nan, nan], [nan, 0.045, 0.2, nan, nan, nan]]","[[1, 0, 0, 0, 0, 0], [0, 1, 0, 0, 0, 0], [0, 1, 1, 0, 0, 0]]",1.9,0.0027425335403020003,0.002254776073820233,0.1003051229864567,-18.418368404948957,,,,,,-18.418368404948957
swcl,S3ObsAvoid,1259149,3,"[[0.00791197195777384, nan, nan, nan, nan, nan], [nan, 0.0016742640450804033, nan, nan, nan, nan], [nan, 0.0011421927255337266, 0.0002417054328200308, nan, nan, nan]]","[[0.007990301998020977, nan, nan, nan, nan, nan], [nan, 0.0003917939435865922, nan, nan, nan, nan], [nan, 0.00026728412020057823, 0.0003697242334727846, nan, nan, nan]]","['obs_dist', 'speed', 'arc_dist', 'heading', 'line_dist', 'noise']","[1.0099001918441046, 0.23400965023278456, 1.5296480064975375, 6.3271107859210876, 0.7801270192468435, 0.7509006094170386]","[[0.39200969800197905, 0.0871280375624544, 0.44878861607549564, -1.9233363624021396, 0.9081373989151309, 0.0009495591566612824], [1.0476006803161357, 0.05539179394358659, 0.44878861607549564, -1.9233363624021396, 0.9081373989151309, 0.0009495591566612824], [1.0476006803161357, 0.04526728412020058, 0.19963027576652723, -1.9233363624021396, 0.9081373989151309, 0.0009495591566612824]]","[['lower_bound', '', '', '', '', ''], ['', 'target_value', '', '', '', ''], ['', 'target_value', 'target_value', '', '', '']]","[[0.39200969800197905, nan, nan, nan, nan, nan], [nan, 0.05539179394358659, nan, nan, nan, nan], [nan, 0.04526728412020058, 0.19963027576652723, nan, nan, nan]]",[],,"[[1, 0, 0, 0, 0, 0], [0, 1, 0, 0, 0, 0], [0, 1, 1, 0, 0, 0]]","[['lower_bound', '', '', '', '', ''], ['', 'target_value', '', '', '', ''], ['', 'target_value', 'target_value', '', '', '']]","[[0.4, nan, nan, nan, nan, nan], [nan, 0.055, nan, nan, nan, nan], [nan, 0.045, 0.2, nan, nan, nan]]","[[1, 0, 0, 0, 0, 0], [0, 1, 0, 0, 0, 0], [0, 1, 1, 0, 0, 0]]",1.9,0.0027425335403020003,0.002254776073820233,0.1003051229864567,-18.418368404948957,,,,,,-18.418368404948957
swcl,S3ObsAvoid,1259149,4,"[[0.00791197195777384, nan, nan, nan, nan, nan], [nan, 0.0016742640450804033, nan, nan, nan, nan], [nan, 0.0011421927255337266, 0.0002417054328200308, nan, nan, nan]]","[[0.007990301998020977, nan, nan, nan, nan, nan], [nan, 0.0003917939435865922, nan, nan, nan, nan], [nan, 0.00026728412020057823, 0.0003697242334727846, nan, nan, nan]]","['obs_dist', 'speed', 'arc_dist', 'heading', 'line_dist', 'noise']","[1.0099001918441046, 0.23400965023278456, 1.5296480064975375, 6.3271107859210876, 0.7801270192468435, 0.7509006094170386]","[[0.39200969800197905, 0.0871280375624544, 0.44878861607549564, -1.9233363624021396, 0.9081373989151309, 0.0009495591566612824], [1.0476006803161357, 0.05539179394358659, 0.44878861607549564, -1.9233363624021396, 0.9081373989151309, 0.0009495591566612824], [1.0476006803161357, 0.04526728412020058, 0.19963027576652723, -1.9233363624021396, 0.9081373989151309, 0.0009495591566612824]]","[['lower_bound', '', '', '', '', ''], ['', 'target_value', '', '', '', ''], ['', 'target_value', 'target_value', '', '', '']]","[[0.39200969800197905, nan, nan, nan, nan, nan], [nan, 0.05539179394358659, nan, nan, nan, nan], [nan, 0.04526728412020058, 0.19963027576652723, nan, nan, nan]]",[],,"[[1, 0, 0, 0, 0, 0], [0, 1, 0, 0, 0, 0], [0, 1, 1, 0, 0, 0]]","[['lower_bound', '', '', '', '', ''], ['', 'target_value', '', '', '', ''], ['', 'target_value', 'target_value', '', '', '']]","[[0.4, nan, nan, nan, nan, nan], [nan, 0.055, nan, nan, nan, nan], [nan, 0.045, 0.2, nan, nan, nan]]","[[1, 0, 0, 0, 0, 0], [0, 1, 0, 0, 0, 0], [0, 1, 1, 0, 0, 0]]",1.9,0.0027425335403020003,0.002254776073820233,0.1003051229864567,-18.418368404948957,,,,,,-18.418368404948957
swcl,S3ObsAvoid,1259149,5,"[[0.00791197195777384, nan, nan, nan, nan, nan], [nan, 0.0016742640450804033, nan, nan, nan, nan], [nan, 0.0011421927255337266, 0.0002417054328200308, nan, nan, nan]]","[[0.007990301998020977, nan, nan, nan, nan, nan], [nan, 0.0003917939435865922, nan, nan, nan, nan], [nan, 0.00026728412020057823, 0.0003697242334727846, nan, nan, nan]]","['obs_dist', 'speed', 'arc_dist', 'heading', 'line_dist', 'noise']","[1.0099001918441046, 0.23400965023278456, 1.5296480064975375, 6.3271107859210876, 0.7801270192468435, 0.7509006094170386]","[[0.39200969800197905, 0.0871280375624544, 0.44878861607549564, -1.9233363624021396, 0.9081373989151309, 0.0009495591566612824], [1.0476006803161357, 0.05539179394358659, 0.44878861607549564, -1.9233363624021396, 0.9081373989151309, 0.0009495591566612824], [1.0476006803161357, 0.04526728412020058, 0.19963027576652723, -1.9233363624021396, 0.9081373989151309, 0.0009495591566612824]]","[['lower_bound', '', '', '', '', ''], ['', 'target_value', '', '', '', ''], ['', 'target_value', 'target_value', '', '', '']]","[[0.39200969800197905, nan, nan, nan, nan, nan], [nan, 0.05539179394358659, nan, nan, nan, nan], [nan, 0.04526728412020058, 0.19963027576652723, nan, nan, nan]]",[],,"[[1, 0, 0, 0, 0, 0], [0, 1, 0, 0, 0, 0], [0, 1, 1, 0, 0, 0]]","[['lower_bound', '', '', '', '', ''], ['', 'target_value', '', '', '', ''], ['', 'target_value', 'target_value', '', '', '']]","[[0.4, nan, nan, nan, nan, nan], [nan, 0.055, nan, nan, nan, nan], [nan, 0.045, 0.2, nan, nan, nan]]","[[1, 0, 0, 0, 0, 0], [0, 1, 0, 0, 0, 0], [0, 1, 1, 0, 0, 0]]",1.9,0.0027425335403020003,0.002254776073820233,0.1003051229864567,-18.418368404948957,,,,,,-18.418368404948957
swcl,S3ObsAvoid,1259149,6,"[[0.00791197195777384, nan, nan, nan, nan, nan], [nan, 0.0016742640450804033, nan, nan, nan, nan], [nan, 0.0011421927255337266, 0.0002417054328200308, nan, nan, nan]]","[[0.007990301998020977, nan, nan, nan, nan, nan], [nan, 0.0003917939435865922, nan, nan, nan, nan], [nan, 0.00026728412020057823, 0.0003697242334727846, nan, nan, nan]]","['obs_dist', 'speed', 'arc_dist', 'heading', 'line_dist', 'noise']","[1.0099001918441046, 0.23400965023278456, 1.5296480064975375, 6.3271107859210876, 0.7801270192468435, 0.7509006094170386]","[[0.39200969800197905, 0.0871280375624544, 0.44878861607549564, -1.9233363624021396, 0.9081373989151309, 0.0009495591566612824], [1.0476006803161357, 0.05539179394358659, 0.44878861607549564, -1.9233363624021396, 0.9081373989151309, 0.0009495591566612824], [1.0476006803161357, 0.04526728412020058, 0.19963027576652723, -1.9233363624021396, 0.9081373989151309, 0.0009495591566612824]]","[['lower_bound', '', '', '', '', ''], ['', 'target_value', '', '', '', ''], ['', 'target_value', 'target_value', '', '', '']]","[[0.39200969800197905, nan, nan, nan, nan, nan], [nan, 0.05539179394358659, nan, nan, nan, nan], [nan, 0.04526728412020058, 0.19963027576652723, nan, nan, nan]]",[],,"[[1, 0, 0, 0, 0, 0], [0, 1, 0, 0, 0, 0], [0, 1, 1, 0, 0, 0]]","[['lower_bound', '', '', '', '', ''], ['', 'target_value', '', '', '', ''], ['', 'target_value', 'target_value', '', '', '']]","[[0.4, nan, nan, nan, nan, nan], [nan, 0.055, nan, nan, nan, nan], [nan, 0.045, 0.2, nan, nan, nan]]","[[1, 0, 0, 0, 0, 0], [0, 1, 0, 0, 0, 0], [0, 1, 1, 0, 0, 0]]",1.9,0.0027425335403020003,0.002254776073820233,0.1003051229864567,-18.418368404948957,,,,,,-18.418368404948957
swcl,S3ObsAvoid,1259149,7,"[[0.00791197195777384, nan, nan, nan, nan, nan], [nan, 0.0016742640450804033, nan, nan, nan, nan], [nan, 0.0011421927255337266, 0.0002417054328200308, nan, nan, nan]]","[[0.007990301998020977, nan, nan, nan, nan, nan], [nan, 0.0003917939435865922, nan, nan, nan, nan], [nan, 0.00026728412020057823, 0.0003697242334727846, nan, nan, nan]]","['obs_dist', 'speed', 'arc_dist', 'heading', 'line_dist', 'noise']","[1.0099001918441046, 0.23400965023278456, 1.5296480064975375, 6.3271107859210876, 0.7801270192468435, 0.7509006094170386]","[[0.39200969800197905, 0.0871280375624544, 0.44878861607549564, -1.9233363624021396, 0.9081373989151309, 0.0009495591566612824], [1.0476006803161357, 0.05539179394358659, 0.44878861607549564, -1.9233363624021396, 0.9081373989151309, 0.0009495591566612824], [1.0476006803161357, 0.04526728412020058, 0.19963027576652723, -1.9233363624021396, 0.9081373989151309, 0.0009495591566612824]]","[['lower_bound', '', '', '', '', ''], ['', 'target_value', '', '', '', ''], ['', 'target_value', 'target_value', '', '', '']]","[[0.39200969800197905, nan, nan, nan, nan, nan], [nan, 0.05539179394358659, nan, nan, nan, nan], [nan, 0.04526728412020058, 0.19963027576652723, nan, nan, nan]]",[],,"[[1, 0, 0, 0, 0, 0], [0, 1, 0, 0, 0, 0], [0, 1, 1, 0, 0, 0]]","[['lower_bound', '', '', '', '', ''], ['', 'target_value', '', '', '', ''], ['', 'target_value', 'target_value', '', '', '']]","[[0.4, nan, nan, nan, nan, nan], [nan, 0.055, nan, nan, nan, nan], [nan, 0.045, 0.2, nan, nan, nan]]","[[1, 0, 0, 0, 0, 0], [0, 1, 0, 0, 0, 0], [0, 1, 1, 0, 0, 0]]",1.9,0.0027425335403020003,0.002254776073820233,0.1003051229864567,-18.418368404948957,,,,,,-18.418368404948957
swcl,S3ObsAvoid,1259149,8,"[[0.00791197195777384, nan, nan, nan, nan, nan], [nan, 0.0016742640450804033, nan, nan, nan, nan], [nan, 0.0011421927255337266, 0.0002417054328200308, nan, nan, nan]]","[[0.007990301998020977, nan, nan, nan, nan, nan], [nan, 0.0003917939435865922, nan, nan, nan, nan], [nan, 0.00026728412020057823, 0.0003697242334727846, nan, nan, nan]]","['obs_dist', 'speed', 'arc_dist', 'heading', 'line_dist', 'noise']","[1.0099001918441046, 0.23400965023278456, 1.5296480064975375, 6.3271107859210876, 0.7801270192468435, 0.7509006094170386]","[[0.39200969800197905, 0.0871280375624544, 0.44878861607549564, -1.9233363624021396, 0.9081373989151309, 0.0009495591566612824], [1.0476006803161357, 0.05539179394358659, 0.44878861607549564, -1.9233363624021396, 0.9081373989151309, 0.0009495591566612824], [1.0476006803161357, 0.04526728412020058, 0.19963027576652723, -1.9233363624021396, 0.9081373989151309, 0.0009495591566612824]]","[['lower_bound', '', '', '', '', ''], ['', 'target_value', '', '', '', ''], ['', 'target_value', 'target_value', '', '', '']]","[[0.39200969800197905, nan, nan, nan, nan, nan], [nan, 0.05539179394358659, nan, nan, nan, nan], [nan, 0.04526728412020058, 0.19963027576652723, nan, nan, nan]]",[],,"[[1, 0, 0, 0, 0, 0], [0, 1, 0, 0, 0, 0], [0, 1, 1, 0, 0, 0]]","[['lower_bound', '', '', '', '', ''], ['', 'target_value', '', '', '', ''], ['', 'target_value', 'target_value', '', '', '']]","[[0.4, nan, nan, nan, nan, nan], [nan, 0.055, nan, nan, nan, nan], [nan, 0.045, 0.2, nan, nan, nan]]","[[1, 0, 0, 0, 0, 0], [0, 1, 0, 0, 0, 0], [0, 1, 1, 0, 0, 0]]",1.9,0.0027425335403020003,0.002254776073820233,0.1003051229864567,-18.418368404948957,,,,,,-18.418368404948957
swcl,S3ObsAvoid,1259149,9,"[[0.00791197195777384, nan, nan, nan, nan, nan], [nan, 0.0016742640450804033, nan, nan, nan, nan], [nan, 0.0011421927255337266, 0.0002417054328200308, nan, nan, nan]]","[[0.007990301998020977, nan, nan, nan, nan, nan], [nan, 0.0003917939435865922, nan, nan, nan, nan], [nan, 0.00026728412020057823, 0.0003697242334727846, nan, nan, nan]]","['obs_dist', 'speed', 'arc_dist', 'heading', 'line_dist', 'noise']","[1.0099001918441046, 0.23400965023278456, 1.5296480064975375, 6.3271107859210876, 0.7801270192468435, 0.7509006094170386]","[[0.39200969800197905, 0.0871280375624544, 0.44878861607549564, -1.9233363624021396, 0.9081373989151309, 0.0009495591566612824], [1.0476006803161357, 0.05539179394358659, 0.44878861607549564, -1.9233363624021396, 0.9081373989151309, 0.0009495591566612824], [1.0476006803161357, 0.04526728412020058, 0.19963027576652723, -1.9233363624021396, 0.9081373989151309, 0.0009495591566612824]]","[['lower_bound', '', '', '', '', ''], ['', 'target_value', '', '', '', ''], ['', 'target_value', 'target_value', '', '', '']]","[[0.39200969800197905, nan, nan, nan, nan, nan], [nan, 0.05539179394358659, nan, nan, nan, nan], [nan, 0.04526728412020058, 0.19963027576652723, nan, nan, nan]]",[],,"[[1, 0, 0, 0, 0, 0], [0, 1, 0, 0, 0, 0], [0, 1, 1, 0, 0, 0]]","[['lower_bound', '', '', '', '', ''], ['', 'target_value', '', '', '', ''], ['', 'target_value', 'target_value', '', '', '']]","[[0.4, nan, nan, nan, nan, nan], [nan, 0.055, nan, nan, nan, nan], [nan, 0.045, 0.2, nan, nan, nan]]","[[1, 0, 0, 0, 0, 0], [0, 1, 0, 0, 0, 0], [0, 1, 1, 0, 0, 0]]",1.9,0.0027425335403020003,0.002254776073820233,0.1003051229864567,-18.418368404948957,,,,,,-18.418368404948957
arhsmm,S4SlideInsert,1342,0,"[[nan, nan, nan, nan, nan, nan, nan], [0.012161549928349304, 0.014360044010043814, nan, nan, 0.0, nan, nan], [0.01720884498073242, 0.027125543900926127, 0.011573413656988553, 0.009374603306671664, 0.0, nan, nan], [0.010256124538099732, 0.014743733141560711, 0.007715609104659616, 0.013156876880133525, 0.0, nan, nan]]","[[nan, nan, nan, nan, nan, nan, nan], [0.0005477613304864732, 0.0002373953871693509, nan, nan, 0.0, nan, nan], [0.0007750936252630177, 0.00044843031066169655, 0.003000000000000058, 0.0001637960156232951, 0.0, nan, nan], [0.00046194016845902113, 0.0002437384060253807, 0.002000000000000189, 0.0002298810883526593, 0.0, nan, nan]]","['surf_dist', 'center_dist', 'orient_err', 'speed', 'normal_force', 'start_dist', 'insert_err']","[0.04504042113987532, 0.016531661532743908, 0.2592147908053491, 0.017472314322540528, 10.084718070106007, 0.3422378234631881, 0.3338864451292424]","[[0.0073846196186389485, 0.0027713173895587374, 0.0889411106581908, 0.007224390068768467, 5.717345210650845, 0.23125838106731644, 0.15758606143389087], [0.0005477613304864732, 0.0002373953871693509, 0.0889411106581908, 0.007224390068768467, 4.0, 0.23125838106731644, 0.15758606143389087], [0.0007750936252630177, 0.00044843031066169655, 0.05699999999999994, 0.007036203984376705, 7.199999999999999, 0.23125838106731644, 0.15758606143389087], [0.00046194016845902113, 0.0002437384060253807, 0.03799999999999981, 0.002650118911647341, 10.0, 0.23125838106731644, 0.15758606143389087]]","[['', '', '', '', '', '', ''], ['target_value', 'target_value', '', '', 'lower_bound', '', ''], ['target_value', 'target_value', 'upper_bound', 'upper_bound', 'lower_bound', '', ''], ['target_value', 'target_value', 'upper_bound', 'upper_bound', 'lower_bound', '', '']]","[[nan, nan, nan, nan, nan, nan, nan], [0.0005477613304864732, 0.0002373953871693509, nan, nan, 4.0, nan, nan], [0.0007750936252630177, 0.00044843031066169655, 0.05699999999999994, 0.007036203984376705, 7.199999999999999, nan, nan], [0.00046194016845902113, 0.0002437384060253807, 0.03799999999999981, 0.002650118911647341, 10.0, nan, nan]]",[],,"[[0, 0, 0, 0, 0, 0, 0], [1, 1, 0, 0, 1, 0, 0], [1, 1, 1, 1, 1, 0, 0], [1, 1, 1, 1, 1, 0, 0]]","[['', '', '', '', '', '', ''], ['target_value', 'target_value', '', '', 'lower_bound', '', ''], ['target_value', 'target_value', 'upper_bound', 'upper_bound', 'lower_bound', '', ''], ['target_value', 'target_value', 'upper_bound', 'upper_bound', 'lower_bound', '', '']]","[[nan, nan, nan, nan, nan, nan, nan], [0.0, 0.0, nan, nan, 4.0, nan, nan], [0.0, 0.0, 0.06, 0.0072, 7.199999999999999, nan, nan], [0.0, 0.0, 0.04, 0.00288, 10.0, nan, nan]]","[[0, 0, 0, 0, 0, 0, 0], [1, 1, 0, 0, 1, 0, 0], [1, 1, 1, 1, 1, 0, 0], [1, 1, 1, 1, 1, 0, 0]]",11.333333333333332,0.010590487957551189,0.0006236951024647032,0.056104895892935616,4387.505232803373,1450.4327758876648,1450.4327758876648,4387.505232803373,,,
arhsmm,S4SlideInsert,1342,1,"[[nan, nan, nan, nan, nan, nan, nan], [0.013947578058364322, 0.03014494153603728, nan, nan, 0.3173117957046034, nan, nan], [0.005370999461599224, 0.0037631251954723974, 0.011573413656988553, 0.009322584515657067, 0.0, nan, nan], [0.010256124538099732, 0.015095941096225361, 0.007715609104659616, 0.013153312135537951, 0.0, nan, nan]]","[[nan, nan, nan, nan, nan, nan, nan], [0.0006282047896300135, 0.0004983459703981215, nan, nan, 3.1999999999999993, nan, nan], [0.00024191207769247262, 6.221071203689043e-05, 0.003000000000000058, 0.00016288712695600952, 0.0, nan, nan], [0.00046194016845902113, 0.0002495609887210367, 0.002000000000000189, 0.00022981880401460588, 0.0, nan, nan]]","['surf_dist', 'center_dist', 'orient_err', 'speed', 'normal_force', 'start_dist', 'insert_err']","[0.04504042113987532, 0.016531661532743908, 0.2592147908053491, 0.017472314322540528, 10.084718070106007, 0.3422378234631881, 0.3338864451292424]","[[0.0073846196186389485, 0.0027713173895587374, 0.0889411106581908, 0.007224390068768467, 5.717345210650845, 0.23125838106731644, 0.15758606143389087], [0.0006282047896300135, 0.0004983459703981215, 0.0889411106581908, 0.007224390068768467, 7.199999999999999, 0.23125838106731644, 0.15758606143389087], [0.00024191207769247262, 6.221071203689043e-05, 0.05699999999999994, 0.00703711287304399, 7.199999999999999, 0.23125838106731644, 0.15758606143389087], [0.00046194016845902113, 0.0002495609887210367, 0.03799999999999981, 0.0026501811959853943, 10.0, 0.23125838106731644, 0.15758606143389087]]","[['', '', '', '', '', '', ''], ['target_value', 'target_value', '', '', 'lower_bound', '', ''], ['target_value', 'target_value', 'upper_bound', 'upper_bound', 'lower_bound', '', ''], ['target_value', 'target_value', 'upper_bound', 'upper_bound', 'lower_bound', '', '']]","[[nan, nan, nan, nan, nan, nan, nan], [0.0006282047896300135, 0.0004983459703981215, nan, nan, 7.199999999999999, nan, nan], [0.00024191207769247262, 6.221071203689043e-05, 0.05699999999999994, 0.00703711287304399, 7.199999999999999, nan, nan], [0.00046194016845902113, 0.0002495609887210367, 0.03799999999999981, 0.0026501811959853943, 10.0, nan, nan]]",[],,"[[0, 0, 0, 0, 0, 0, 0], [1, 1, 0, 0, 1, 0, 0], [1, 1, 1, 1, 1, 0, 0], [1, 1, 1, 1, 1, 0, 0]]","[['', '', '', '', '', '', ''], ['target_value', 'target_value', '', '', 'lower_bound', '', ''], ['target_value', 'target_value', 'upper_bound', 'upper_bound', 'lower_bound', '', ''], ['target_value', 'target_value', 'upper_bound', 'upper_bound', 'lower_bound', '', '']]","[[nan, nan, nan, nan, nan, nan, nan], [0.0, 0.0, nan, nan, 4.0, nan, nan], [0.0, 0.0, 0.06, 0.0072, 7.199999999999999, nan, nan], [0.0, 0.0, 0.04, 0.00288, 10.0, nan, nan]]","[[0, 0, 0, 0, 0, 0, 0], [1, 1, 0, 0, 1, 0, 0], [1, 1, 1, 1, 1, 0, 0], [1, 1, 1, 1, 1, 0, 0]]",25.76666666666667,0.03366580192332653,0.2467334523567621,0.082900221011706,4154.903388369239,931.193644074401,931.193644074401,4154.903388369239,,,
arhsmm,S4SlideInsert,1342,2,"[[nan, nan, nan, nan, nan, nan, nan], [0.014826153808211102, 0.027144221723923976, nan, nan, 0.3173117957046034, nan, nan], [0.006459619441592105, 0.0, 0.10658971096436246, 0.010358237606655775, 0.10393903549985455, nan, nan], [0.010356180127948707, 0.016518381230429438, 0.007715609104659616, 0.013153312135537951, 0.0, nan, nan]]","[[nan, nan, nan, nan, nan, nan, nan], [0.0006677762114063943, 0.0004487390861096655, nan, nan, 3.1999999999999993, nan, nan], [0.00029094398005263464, 0.0, 0.027629629629629837, 0.0001809823832910496, 1.0481958694947728, nan, nan], [0.0004664467143632176, 0.00027307628757028933, 0.002000000000000189, 0.00022981880401460588, 0.0, nan, nan]]","['surf_dist', 'center_dist', 'orient_err', 'speed', 'normal_force', 'start_dist', 'insert_err']","[0.04504042113987532, 0.016531661532743908, 0.2592147908053491, 0.017472314322540528, 10.084718070106007, 0.3422378234631881, 0.3338864451292424]","[[0.0073846196186389485, 0.0027713173895587374, 0.0889411106581908, 0.007224390068768467, 5.717345210650845, 0.23125838106731644, 0.15758606143389087], [0.0006677762114063943, 0.0004487390861096655, 0.0889411106581908, 0.007224390068768467, 7.199999999999999, 0.23125838106731644, 0.15758606143389087], [0.00029094398005263464, 0.0, 0.03237037037037016, 0.00701901761670895, 8.248195869494772, 0.23125838106731644, 0.15758606143389087], [0.0004664467143632176, 0.00027307628757028933, 0.03799999999999981, 0.0026501811959853943, 10.0, 0.23125838106731644, 0.15758606143389087]]","[['', '', '', '', '', '', ''], ['target_value', 'target_value', '', '', 'lower_bound', '', ''], ['target_value', 'target_value', 'upper_bound', 'upper_bound', 'lower_bound', '', ''], ['target_value', 'target_value', 'upper_bound', 'upper_bound', 'lower_bound', '', '']]","[[nan, nan, nan, nan, nan, nan, nan], [0.0006677762114063943, 0.0004487390861096655, nan, nan, 7.199999999999999, nan, nan], [0.00029094398005263464, 0.0, 0.03237037037037016, 0.00701901761670895, 8.248195869494772, nan, nan], [0.0004664467143632176, 0.00027307628757028933, 0.03799999999999981, 0.0026501811959853943, 10.0, nan, nan]]",[],,"[[0, 0, 0, 0, 0, 0, 0], [1, 1, 0, 0, 1, 0, 0], [1, 1, 1, 1, 1, 0, 0], [1, 1, 1, 1, 1, 0, 0]]","[['', '', '', '', '', '', ''], ['target_value', 'target_value', '', '', 'lower_bound', '', ''], ['target_value', 'target_value', 'upper_bound', 'upper_bound', 'lower_bound', '', ''], ['target_value', 'target_value', 'upper_bound', 'upper_bound', 'lower_bound', '', '']]","[[nan, nan, nan, nan, nan, nan, nan], [0.0, 0.0, nan, nan, 4.0, nan, nan], [0.0, 0.0, 0.06, 0.0072, 7.199999999999999, nan, nan], [0.0, 0.0, 0.04, 0.00288, 10.0, nan, nan]]","[[0, 0, 0, 0, 0, 0, 0], [1, 1, 0, 0, 1, 0, 0], [1, 1, 1, 1, 1, 0, 0], [1, 1, 1, 1, 1, 0, 0]]",28.1,0.04879786594982916,0.3292602525070161,0.08302972905635655,4177.3300493253055,872.8901257385869,872.8901257385869,4177.3300493253055,,,
arhsmm,S4SlideInsert,1342,3,"[[nan, nan, nan, nan, nan, nan, nan], [0.13140117468226256, 0.16568944461550303, nan, nan, 0.3843424903851358, nan, nan], [0.013143817385807971, 0.01817889871229684, 0.00951845755562915, 0.009310335629201373, 0.31606270036653, nan, nan], [0.005927749104892497, 0.01629658265094445, 0.007715609104659616, 0.013750839047378421, 0.0008855339327971171, nan, nan]]","[[nan, nan, nan, nan, nan, nan, nan], [0.005918364245963428, 0.0027391218179318136, nan, nan, 3.875985657896523, nan, nan], [0.000592003070442406, 0.0003005274005497254, 0.0024673249840720043, 0.00016267311056175453, 3.1874032256728455, nan, nan], [0.000266988316095877, 0.0002694095885258001, 0.002000000000000189, 0.00024025898203445953, 0.008930360053771125, nan, nan]]","['surf_dist', 'center_dist', 'orient_err', 'speed', 'normal_force', 'start_dist', 'insert_err']","[0.04504042113987532, 0.016531661532743908, 0.2592147908053491, 0.017472314322540528, 10.084718070106007, 0.3422378234631881, 0.3338864451292424]","[[0.0073846196186389485, 0.0027713173895587374, 0.0889411106581908, 0.007224390068768467, 5.717345210650845, 0.23125838106731644, 0.15758606143389087], [0.005918364245963428, 0.0027391218179318136, 0.0889411106581908, 0.007224390068768467, 0.12401434210347695, 0.23125838106731644, 0.15758606143389087], [0.000592003070442406, 0.0003005274005497254, 0.05753267501592799, 0.007037326889438245, 4.012596774327154, 0.23125838106731644, 0.15758606143389087], [0.000266988316095877, 0.0002694095885258001, 0.03799999999999981, 0.0026397410179655406, 10.008930360053771, 0.23125838106731644, 0.15758606143389087]]","[['', '', '', '', '', '', ''], ['target_value', 'target_value', '', '', 'lower_bound', '', ''], ['target_value', 'target_value', 'upper_bound', 'upper_bound', 'lower_bound', '', ''], ['target_value', 'target_value', 'upper_bound', 'upper_bound', 'lower_bound', '', '']]","[[nan, nan, nan, nan, nan, nan, nan], [0.005918364245963428, 0.0027391218179318136, nan, nan, 0.12401434210347695, nan, nan], [0.000592003070442406, 0.0003005274005497254, 0.05753267501592799, 0.007037326889438245, 4.012596774327154, nan, nan], [0.000266988316095877, 0.0002694095885258001, 0.03799999999999981, 0.0026397410179655406, 10.008930360053771, nan, nan]]",[],,"[[0, 0, 0, 0, 0, 0, 0], [1, 1, 0, 0, 1, 0, 0], [1, 1, 1, 1, 1, 0, 0], [1, 1, 1, 1, 1, 0, 0]]","[['', '', '', '', '', '', ''], ['target_value', 'target_value', '', '', 'lower_bound', '', ''], ['target_value', 'target_value', 'upper_bound', 'upper_bound', 'lower_bound', '', ''], ['target_value', 'target_value', 'upper_bound', 'upper_bound', 'lower_bound', '', '']]","[[nan, nan, nan, nan, nan, nan, nan], [0.0, 0.0, nan, nan, 4.0, nan, nan], [0.0, 0.0, 0.06, 0.0072, 7.199999999999999, nan, nan], [0.0, 0.0, 0.04, 0.00288, 10.0, nan, nan]]","[[0, 0, 0, 0, 0, 0, 0], [1, 1, 0, 0, 1, 0, 0], [1, 1, 1, 1, 1, 0, 0], [1, 1, 1, 1, 1, 0, 0]]",12.033333333333335,0.08401720255177222,0.5451750703953321,0.06547803760056652,4074.7125671758813,91.68178052674844,91.68178052674844,4074.7125671758813,,,
arhsmm,S4SlideInsert,1342,4,"[[nan, nan, nan, nan, nan, nan, nan], [0.014083819641902225, 0.02574489049769668, nan, nan, 0.3173117957046034, nan, nan], [0.012113885697039218, 0.015660519740827057, 0.08487170015124847, 0.26025599558401286, 0.2776478212415281, nan, nan], [0.004493185542616718, 0.007631102403370713, 0.007715609104659616, 0.013864149245660517, 0.04021367009002963, nan, nan]]","[[nan, nan, nan, nan, nan, nan, nan], [0.0006343411679293242, 0.00042560581590547633, nan, nan, 3.1999999999999993, nan, nan], [0.0005456145134349584, 0.00025889441178220726, 0.022000000000000186, 0.004547274559169592, 2.8000000000000007, nan, nan], [0.00020237496909905617, 0.0001261548020542332, 0.002000000000000189, 0.00024223877343479373, 0.4055435254222033, nan, nan]]","['surf_dist', 'center_dist', 'orient_err', 'speed', 'normal_force', 'start_dist', 'insert_err']","[0.04504042113987532, 0.016531661532743908, 0.2592147908053491, 0.017472314322540528, 10.084718070106007, 0.3422378234631881, 0.3338864451292424]","[[0.0073846196186389485, 0.0027713173895587374, 0.0889411106581908, 0.007224390068768467, 5.717345210650845, 0.23125838106731644, 0.15758606143389087], [0.0006343411679293242, 0.00042560581590547633, 0.0889411106581908, 0.007224390068768467, 7.199999999999999, 0.23125838106731644, 0.15758606143389087], [0.0005456145134349584, 0.00025889441178220726, 0.03799999999999981, 0.0026527254408304076, 10.0, 0.23125838106731644, 0.15758606143389087], [0.00020237496909905617, 0.0001261548020542332, 0.03799999999999981, 0.0026377612265652065, 10.405543525422203, 0.23125838106731644, 0.15758606143389087]]","[['', '', '', '', '', '', ''], ['target_value', 'target_value', '', '', 'lower_bound', '', ''], ['target_value', 'target_value', 'upper_bound', 'upper_bound', 'lower_bound', '', ''], ['target_value', 'target_value', 'upper_bound', 'upper_bound', 'lower_bound', '', '']]","[[nan, nan, nan, nan, nan, nan, nan], [0.0006343411679293242, 0.00042560581590547633, nan, nan, 7.199999999999999, nan, nan], [0.0005456145134349584, 0.00025889441178220726, 0.03799999999999981, 0.0026527254408304076, 10.0, nan, nan], [0.00020237496909905617, 0.0001261548020542332, 0.03799999999999981, 0.0026377612265652065, 10.405543525422203, nan, nan]]",[],,"[[0, 0, 0, 0, 0, 0, 0], [1, 1, 0, 0, 1, 0, 0], [1, 1, 1, 1, 1, 0, 0], [1, 1, 1, 1, 1, 0, 0]]","[['', '', '', '', '', '', ''], ['target_value', 'target_value', '', '', 'lower_bound', '', ''], ['target_value', 'target_value', 'upper_bound', 'upper_bound', 'lower_bound', '', ''], ['target_value', 'target_value', 'upper_bound', 'upper_bound', 'lower_bound', '', '']]","[[nan, nan, nan, nan, nan, nan, nan], [0.0, 0.0, nan, nan, 4.0, nan, nan], [0.0, 0.0, 0.06, 0.0072, 7.199999999999999, nan, nan], [0.0, 0.0, 0.04, 0.00288, 10.0, nan, nan]]","[[0, 0, 0, 0, 0, 0, 0], [1, 1, 0, 0, 1, 0, 0], [1, 1, 1, 1, 1, 0, 0], [1, 1, 1, 1, 1, 0, 0]]",33.66666666666667,0.08320062651116886,0.495117386495001,0.0941536065732151,4085.9619124174487,1065.209616158828,1065.209616158828,4085.9619124174487,,,
arhsmm,S4SlideInsert,1342,5,"[[nan, nan, nan, nan, nan, nan, nan], [0.41468814641017826, 0.40930384601095426, nan, nan, 0.3863194608641162, nan, nan], [0.011056226381588352, 0.004697736400454594, 0.10467976439259861, 0.34868999727679106, 0.3173117957046034, nan, nan], [0.012703318567130502, 0.021059012689304338, 0.0655826773896003, 0.23793653194732928, 0.2776478212415281, nan, nan]]","[[nan, nan, nan, nan, nan, nan, nan], [0.018677728756028703, 0.006766472646303428, nan, nan, 3.8959228478099632, nan, nan], [0.0004979770924445391, 7.766138814236604e-05, 0.02713454322858068, 0.006092421233545894, 3.1999999999999993, nan, nan], [0.0005721628181375553, 0.00034814046999333834, 0.01699999999999994, 0.0041573018749989435, 2.8000000000000007, nan, nan]]","['surf_dist', 'center_dist', 'orient_err', 'speed', 'normal_force', 'start_dist', 'insert_err']","[0.04504042113987532, 0.016531661532743908, 0.2592147908053491, 0.017472314322540528, 10.084718070106007, 0.3422378234631881, 0.3338864451292424]","[[0.0073846196186389485, 0.0027713173895587374, 0.0889411106581908, 0.007224390068768467, 5.717345210650845, 0.23125838106731644, 0.15758606143389087], [0.018677728756028703, 0.006766472646303428, 0.0889411106581908, 0.007224390068768467, 0.10407715219003677, 0.23125838106731644, 0.15758606143389087], [0.0004979770924445391, 7.766138814236604e-05, 0.08713454322858068, 0.0011075787664541056, 4.0, 0.23125838106731644, 0.15758606143389087], [0.0005721628181375553, 0.00034814046999333834, 0.05699999999999994, 0.007037301874998943, 7.199999999999999, 0.23125838106731644, 0.15758606143389087]]","[['', '', '', '', '', '', ''], ['target_value', 'target_value', '', '', 'lower_bound', '', ''], ['target_value', 'target_value', 'upper_bound', 'upper_bound', 'lower_bound', '', ''], ['target_value', 'target_value', 'upper_bound', 'upper_bound', 'lower_bound', '', '']]","[[nan, nan, nan, nan, nan, nan, nan], [0.018677728756028703, 0.006766472646303428, nan, nan, 0.10407715219003677, nan, nan], [0.0004979770924445391, 7.766138814236604e-05, 0.08713454322858068, 0.0011075787664541056, 4.0, nan, nan], [0.0005721628181375553, 0.00034814046999333834, 0.05699999999999994, 0.007037301874998943, 7.199999999999999, nan, nan]]",[],,"[[0, 0, 0, 0, 0, 0, 0], [1, 1, 0, 0, 1, 0, 0], [1, 1, 1, 1, 1, 0, 0], [1, 1, 1, 1, 1, 0, 0]]","[['', '', '', '', '', '', ''], ['target_value', 'target_value', '', '', 'lower_bound', '', ''], ['target_value', 'target_value', 'upper_bound', 'upper_bound', 'lower_bound', '', ''], ['target_value', 'target_value', 'upper_bound', 'upper_bound', 'lower_bound', '', '']]","[[nan, nan, nan, nan, nan, nan, nan], [0.0, 0.0, nan, nan, 4.0, nan, nan], [0.0, 0.0, 0.06, 0.0072, 7.199999999999999, nan, nan], [0.0, 0.0, 0.04, 0.00288, 10.0, nan, nan]]","[[0, 0, 0, 0, 0, 0, 0], [1, 1, 0, 0, 1, 0, 0], [1, 1, 1, 1, 1, 0, 0], [1, 1, 1, 1, 1, 0, 0]]",36.13333333333334,0.20089817963662904,0.7674805582552415,0.12663683090643002,4176.532927635742,505.93317370796575,505.93317370796575,4176.532927635742,,,
arhsmm,S4SlideInsert,1342,6,"[[nan, nan, nan, nan, nan, nan, nan], [0.014352669270729776, 0.025949775451984267, nan, nan, 0.3173117957046034, nan, nan], [0.0031816798569757, 0.0037232168827011957, 0.08487170015124847, 0.2609404863508412, 0.2776478212415281, nan, nan], [0.009356908202963626, 0.01760585018362159, 0.007715609104659616, 0.013325697534511318, 0.0, nan, nan]]","[[nan, nan, nan, nan, nan, nan, nan], [0.0006464502684350162, 0.00042899290462291044, nan, nan, 3.1999999999999993, nan, nan], [0.00014330420069044378, 6.155096131781404e-05, 0.022000000000000186, 0.0045592341969984945, 2.8000000000000007, nan, nan], [0.0004214390860286356, 0.0002910539562318293, 0.002000000000000189, 0.0002328307758900851, 0.0, nan, nan]]","['surf_dist', 'center_dist', 'orient_err', 'speed', 'normal_force', 'start_dist', 'insert_err']","[0.04504042113987532, 0.016531661532743908, 0.2592147908053491, 0.017472314322540528, 10.084718070106007, 0.3422378234631881, 0.3338864451292424]","[[0.0073846196186389485, 0.0027713173895587374, 0.0889411106581908, 0.007224390068768467, 5.717345210650845, 0.23125838106731644, 0.15758606143389087], [0.0006464502684350162, 0.00042899290462291044, 0.0889411106581908, 0.007224390068768467, 7.199999999999999, 0.23125838106731644, 0.15758606143389087], [0.00014330420069044378, 6.155096131781404e-05, 0.03799999999999981, 0.0026407658030015053, 10.0, 0.23125838106731644, 0.15758606143389087], [0.0004214390860286356, 0.0002910539562318293, 0.03799999999999981, 0.002647169224109915, 10.0, 0.23125838106731644, 0.15758606143389087]]","[['', '', '', '', '', '', ''], ['target_value', 'target_value', '', '', 'lower_bound', '', ''], ['target_value', 'target_value', 'upper_bound', 'upper_bound', 'lower_bound', '', ''], ['target_value', 'target_value', 'upper_bound', 'upper_bound', 'lower_bound', '', '']]","[[nan, nan, nan, nan, nan, nan, nan], [0.0006464502684350162, 0.00042899290462291044, nan, nan, 7.199999999999999, nan, nan], [0.00014330420069044378, 6.155096131781404e-05, 0.03799999999999981, 0.0026407658030015053, 10.0, nan, nan], [0.0004214390860286356, 0.0002910539562318293, 0.03799999999999981, 0.002647169224109915, 10.0, nan, nan]]",[],,"[[0, 0, 0, 0, 0, 0, 0], [1, 1, 0, 0, 1, 0, 0], [1, 1, 1, 1, 1, 0, 0], [1, 1, 1, 1, 1, 0, 0]]","[['', '', '', '', '', '', ''], ['target_value', 'target_value', '', '', 'lower_bound', '', ''], ['target_value', 'target_value', 'upper_bound', 'upper_bound', 'lower_bound', '', ''], ['target_value', 'target_value', 'upper_bound', 'upper_bound', 'lower_bound', '', '']]","[[nan, nan, nan, nan, nan, nan, nan], [0.0, 0.0, nan, nan, 4.0, nan, nan], [0.0, 0.0, 0.06, 0.0072, 7.199999999999999, nan, nan], [0.0, 0.0, 0.04, 0.00288, 10.0, nan, nan]]","[[0, 0, 0, 0, 0, 0, 0], [1, 1, 0, 0, 1, 0, 0], [1, 1, 1, 1, 1, 0, 0], [1, 1, 1, 1, 1, 0, 0]]",29.46666666666666,0.0796910161489514,0.463906527411555,0.09292706992162787,4166.984312295184,1341.419240071452,1341.419240071452,4166.984312295184,,,
arhsmm,S4SlideInsert,1342,7,"[[nan, nan, nan, nan, nan, nan, nan], [0.3967838926404417, 0.3931695171049647, nan, nan, 0.38633242118144245, nan, nan], [0.010146520170887552, 0.00507056454321448, 0.094633766629461, 0.34884817296545273, 0.3173117957046034, nan, nan], [0.012703318567130502, 0.021059012689304338, 0.0655826773896003, 0.23793653194732928, 0.2776478212415281, nan, nan]]","[[nan, nan, nan, nan, nan, nan, nan], [0.01787131362604457, 0.006499745381771643, nan, nan, 3.8960535489562975, nan, nan], [0.000457003541601015, 8.3824856808354e-05, 0.02453047201997796, 0.006095184928896375, 3.1999999999999993, nan, nan], [0.0005721628181375553, 0.00034814046999333834, 0.01699999999999994, 0.0041573018749989435, 2.8000000000000007, nan, nan]]","['surf_dist', 'center_dist', 'orient_err', 'speed', 'normal_force', 'start_dist', 'insert_err']","[0.04504042113987532, 0.016531661532743908, 0.2592147908053491, 0.017472314322540528, 10.084718070106007, 0.3422378234631881, 0.3338864451292424]","[[0.0073846196186389485, 0.0027713173895587374, 0.0889411106581908, 0.007224390068768467, 5.717345210650845, 0.23125838106731644, 0.15758606143389087], [0.01787131362604457, 0.006499745381771643, 0.0889411106581908, 0.007224390068768467, 0.10394645104370248, 0.23125838106731644, 0.15758606143389087], [0.000457003541601015, 8.3824856808354e-05, 0.08453047201997796, 0.001104815071103625, 4.0, 0.23125838106731644, 0.15758606143389087], [0.0005721628181375553, 0.00034814046999333834, 0.05699999999999994, 0.007037301874998943, 7.199999999999999, 0.23125838106731644, 0.15758606143389087]]","[['', '', '', '', '', '', ''], ['target_value', 'target_value', '', '', 'lower_bound', '', ''], ['target_value', 'target_value', 'upper_bound', 'upper_bound', 'lower_bound', '', ''], ['target_value', 'target_value', 'upper_bound', 'upper_bound', 'lower_bound', '', '']]","[[nan, nan, nan, nan, nan, nan, nan], [0.01787131362604457, 0.006499745381771643, nan, nan, 0.10394645104370248, nan, nan], [0.000457003541601015, 8.3824856808354e-05, 0.08453047201997796, 0.001104815071103625, 4.0, nan, nan], [0.0005721628181375553, 0.00034814046999333834, 0.05699999999999994, 0.007037301874998943, 7.199999999999999, nan, nan]]",[],,"[[0, 0, 0, 0, 0, 0, 0], [1, 1, 0, 0, 1, 0, 0], [1, 1, 1, 1, 1, 0, 0], [1, 1, 1, 1, 1, 0, 0]]","[['', '', '', '', '', '', ''], ['target_value', 'target_value', '', '', 'lower_bound', '', ''], ['target_value', 'target_value', 'upper_bound', 'upper_bound', 'lower_bound', '', ''], ['target_value', 'target_value', 'upper_bound', 'upper_bound', 'lower_bound', '', '']]","[[nan, nan, nan, nan, nan, nan, nan], [0.0, 0.0, nan, nan, 4.0, nan, nan], [0.0, 0.0, 0.06, 0.0072, 7.199999999999999, nan, nan], [0.0, 0.0, 0.04, 0.00288, 10.0, nan, nan]]","[[0, 0, 0, 0, 0, 0, 0], [1, 1, 0, 0, 1, 0, 0], [1, 1, 1, 1, 1, 0, 0], [1, 1, 1, 1, 1, 0, 0]]",35.833333333333336,0.19747892405964312,0.7672052844980407,0.12487022991625063,4185.511035465794,459.5654411502315,459.5654411502315,4185.511035465794,,,
arhsmm,S4SlideInsert,1342,8,"[[nan, nan, nan, nan, nan, nan, nan], [0.014352669270729776, 0.02618070711532476, nan, nan, 0.3173117957046034, nan, nan], [0.0036531713150862485, 0.004332153103437968, 0.08487170015124847, 0.2613099847989227, 0.2776478212415281, nan, nan], [0.010379473173300822, 0.017812900943050207, 0.007715609104659616, 0.013344025515624958, 0.0, nan, nan]]","[[nan, nan, nan, nan, nan, nan, nan], [0.0006464502684350162, 0.00043281058871844904, nan, nan, 3.1999999999999993, nan, nan], [0.00016454037452759678, 7.16176888140626e-05, 0.022000000000000186, 0.004565690190025065, 2.8000000000000007, nan, nan], [0.00046749584293550705, 0.0002944768493068008, 0.002000000000000189, 0.0002331510081370002, 0.0, nan, nan]]","['surf_dist', 'center_dist', 'orient_err', 'speed', 'normal_force', 'start_dist', 'insert_err']","[0.04504042113987532, 0.016531661532743908, 0.2592147908053491, 0.017472314322540528, 10.084718070106007, 0.3422378234631881, 0.3338864451292424]","[[0.0073846196186389485, 0.0027713173895587374, 0.0889411106581908, 0.007224390068768467, 5.717345210650845, 0.23125838106731644, 0.15758606143389087], [0.0006464502684350162, 0.00043281058871844904, 0.0889411106581908, 0.007224390068768467, 7.199999999999999, 0.23125838106731644, 0.15758606143389087], [0.00016454037452759678, 7.16176888140626e-05, 0.03799999999999981, 0.002634309809974935, 10.0, 0.23125838106731644, 0.15758606143389087], [0.00046749584293550705, 0.0002944768493068008, 0.03799999999999981, 0.002646848991863, 10.0, 0.23125838106731644, 0.15758606143389087]]","[['', '', '', '', '', '', ''], ['target_value', 'target_value', '', '', 'lower_bound', '', ''], ['target_value', 'target_value', 'upper_bound', 'upper_bound', 'lower_bound', '', ''], ['target_value', 'target_value', 'upper_bound', 'upper_bound', 'lower_bound', '', '']]","[[nan, nan, nan, nan, nan, nan, nan], [0.0006464502684350162, 0.00043281058871844904, nan, nan, 7.199999999999999, nan, nan], [0.00016454037452759678, 7.16176888140626e-05, 0.03799999999999981, 0.002634309809974935, 10.0, nan, nan], [0.00046749584293550705, 0.0002944768493068008, 0.03799999999999981, 0.002646848991863, 10.0, nan, nan]]",[],,"[[0, 0, 0, 0, 0, 0, 0], [1, 1, 0, 0, 1, 0, 0], [1, 1, 1, 1, 1, 0, 0], [1, 1, 1, 1, 1, 0, 0]]","[['', '', '', '', '', '', ''], ['target_value', 'target_value', '', '', 'lower_bound', '', ''], ['target_value', 'target_value', 'upper_bound', 'upper_bound', 'lower_bound', '', ''], ['target_value', 'target_value', 'upper_bound', 'upper_bound', 'lower_bound', '', '']]","[[nan, nan, nan, nan, nan, nan, nan], [0.0, 0.0, nan, nan, 4.0, nan, nan], [0.0, 0.0, 0.06, 0.0072, 7.199999999999999, nan, nan], [0.0, 0.0, 0.04, 0.00288, 10.0, nan, nan]]","[[0, 0, 0, 0, 0, 0, 0], [1, 1, 0, 0, 1, 0, 0], [1, 1, 1, 1, 1, 0, 0], [1, 1, 1, 1, 1, 0, 0]]",29.9,0.07991630857211668,0.4639135563700692,0.09215033988619181,4176.249515822943,1285.2410694424316,1285.2410694424316,4176.249515822943,,,
arhsmm,S4SlideInsert,1342,9,"[[nan, nan, nan, nan, nan, nan, nan], [0.6084991641073599, 0.5222446579474627, nan, nan, 0.3862848264781791, nan, nan], [0.013165926677662, 0.018009408358803027, 0.008364102671371314, 0.00930810566627414, 0.3173117957046034, nan, nan], [0.006480045456109812, 0.017680434818447756, 0.007715609104659616, 0.013826705764371613, 0.0, nan, nan]]","[[nan, nan, nan, nan, nan, nan, nan], [0.027407058614657594, 0.008633571922471068, nan, nan, 3.8955735697922558, nan, nan], [0.000592998882258616, 0.0002977254433927006, 0.002168099124233977, 0.0001626341479485623, 3.1999999999999993, nan, nan], [0.00029186397634872133, 0.0002922869641703188, 0.002000000000000189, 0.00024158454916038382, 0.0, nan, nan]]","['surf_dist', 'center_dist', 'orient_err', 'speed', 'normal_force', 'start_dist', 'insert_err']","[0.04504042113987532, 0.016531661532743908, 0.2592147908053491, 0.017472314322540528, 10.084718070106007, 0.3422378234631881, 0.3338864451292424]","[[0.0073846196186389485, 0.0027713173895587374, 0.0889411106581908, 0.007224390068768467, 5.717345210650845, 0.23125838106731644, 0.15758606143389087], [0.027407058614657594, 0.008633571922471068, 0.0889411106581908, 0.007224390068768467, 0.10442643020774423, 0.23125838106731644, 0.15758606143389087], [0.000592998882258616, 0.0002977254433927006, 0.062168099124233975, 0.0070373658520514375, 4.0, 0.23125838106731644, 0.15758606143389087], [0.00029186397634872133, 0.0002922869641703188, 0.03799999999999981, 0.0026384154508396164, 10.0, 0.23125838106731644, 0.15758606143389087]]","[['', '', '', '', '', '', ''], ['target_value', 'target_value', '', '', 'lower_bound', '', ''], ['target_value', 'target_value', 'upper_bound', 'upper_bound', 'lower_bound', '', ''], ['target_value', 'target_value', 'upper_bound', 'upper_bound', 'lower_bound', '', '']]","[[nan, nan, nan, nan, nan, nan, nan], [0.027407058614657594, 0.008633571922471068, nan, nan, 0.10442643020774423, nan, nan], [0.000592998882258616, 0.0002977254433927006, 0.062168099124233975, 0.0070373658520514375, 4.0, nan, nan], [0.00029186397634872133, 0.0002922869641703188, 0.03799999999999981, 0.0026384154508396164, 10.0, nan, nan]]",[],,"[[0, 0, 0, 0, 0, 0, 0], [1, 1, 0, 0, 1, 0, 0], [1, 1, 1, 1, 1, 0, 0], [1, 1, 1, 1, 1, 0, 0]]","[['', '', '', '', '', '', ''], ['target_value', 'target_value', '', '', 'lower_bound', '', ''], ['target_value', 'target_value', 'upper_bound', 'upper_bound', 'lower_bound', '', ''], ['target_value', 'target_value', 'upper_bound', 'upper_bound', 'lower_bound', '', '']]","[[nan, nan, nan, nan, nan, nan, nan], [0.0, 0.0, nan, nan, 4.0, nan, nan], [0.0, 0.0, 0.06, 0.0072, 7.199999999999999, nan, nan], [0.0, 0.0, 0.04, 0.00288, 10.0, nan, nan]]","[[0, 0, 0, 0, 0, 0, 0], [1, 1, 0, 0, 1, 0, 0], [1, 1, 1, 1, 1, 0, 0], [1, 1, 1, 1, 1, 0, 0]]",18.46666666666667,0.14837621405810034,0.5490508764166844,0.10711705893847039,3948.635666031446,-321.50836177211204,-321.50836177211204,3948.635666031446,,,
cluster,S4SlideInsert,1342,0,"[[nan, nan, nan, nan, nan, nan, nan], [0.275218406457125, 0.27566577942920123, nan, nan, 0.38635667364356946, nan, nan], [0.012605657862620606, 0.015399510160422557, 0.09528724967925685, 0.009307882062312941, 0.3173117957046034, nan, nan], [0.010708946477495616, 0.019108033894028195, 0.0655826773896003, 0.23791644148374552, 0.2776478212415281, nan, nan]]","[[nan, nan, nan, nan, nan, nan, nan], [0.012395952932274289, 0.004557213361683593, nan, nan, 3.896298128199354, nan, nan], [0.0005677641388776127, 0.00025457948974215655, 0.02469986449202563, 0.00016263024106986847, 3.1999999999999993, nan, nan], [0.00048233545931078686, 0.0003158875488922727, 0.01699999999999994, 0.004156950848104322, 2.8000000000000007, nan, nan]]","['surf_dist', 'center_dist', 'orient_err', 'speed', 'normal_force', 'start_dist', 'insert_err']","[0.04504042113987532, 0.016531661532743908, 0.2592147908053491, 0.017472314322540528, 10.084718070106007, 0.3422378234631881, 0.3338864451292424]","[[0.0073846196186389485, 0.0027713173895587374, 0.0889411106581908, 0.007224390068768467, 5.717345210650845, 0.23125838106731644, 0.15758606143389087], [0.012395952932274289, 0.004557213361683593, 0.0889411106581908, 0.007224390068768467, 0.10370187180064594, 0.23125838106731644, 0.15758606143389087], [0.0005677641388776127, 0.00025457948974215655, 0.08469986449202563, 0.007037369758930131, 4.0, 0.23125838106731644, 0.15758606143389087], [0.00048233545931078686, 0.0003158875488922727, 0.05699999999999994, 0.007036950848104322, 7.199999999999999, 0.23125838106731644, 0.15758606143389087]]","[['', '', '', '', '', '', ''], ['target_value', 'target_value', '', '', 'lower_bound', '', ''], ['target_value', 'target_value', 'upper_bound', 'upper_bound', 'lower_bound', '', ''], ['target_value', 'target_value', 'upper_bound', 'upper_bound', 'lower_bound', '', '']]","[[nan, nan, nan, nan, nan, nan, nan], [0.012395952932274289, 0.004557213361683593, nan, nan, 0.10370187180064594, nan, nan], [0.0005677641388776127, 0.00025457948974215655, 0.08469986449202563, 0.007037369758930131, 4.0, nan, nan], [0.00048233545931078686, 0.0003158875488922727, 0.05699999999999994, 0.007036950848104322, 7.199999999999999, nan, nan]]",[],,"[[0, 0, 0, 0, 0, 0, 0], [1, 1, 0, 0, 1, 0, 0], [1, 1, 1, 1, 1, 0, 0], [1, 1, 1, 1, 1, 0, 0]]","[['', '', '', '', '', '', ''], ['target_value', 'target_value', '', '', 'lower_bound', '', ''], ['target_value', 'target_value', 'upper_bound', 'upper_bound', 'lower_bound', '', ''], ['target_value', 'target_value', 'upper_bound', 'upper_bound', 'lower_bound', '', '']]","[[nan, nan, nan, nan, nan, nan, nan], [0.0, 0.0, nan, nan, 4.0, nan, nan], [0.0, 0.0, 0.06, 0.0072, 7.199999999999999, nan, nan], [0.0, 0.0, 0.04, 0.00288, 10.0, nan, nan]]","[[0, 0, 0, 0, 0, 0, 0], [1, 1, 0, 0, 1, 0, 0], [1, 1, 1, 1, 1, 0, 0], [1, 1, 1, 1, 1, 0, 0]]",21.93333333333333,0.15370129811427,0.7662224082085642,0.0889511143934614,1001.8063759022638,401.3239740341489,401.3239740341489,,1001.8063759022638,,
cluster,S4SlideInsert,1342,1,"[[nan, nan, nan, nan, nan, nan, nan], [0.05318986085772919, 0.041734859624816316, nan, nan, 0.3863159827008821, nan, nan], [0.011333833860463688, 0.023929485021213878, 0.011573413656988553, 0.00930021897658623, 0.0, nan, nan], [0.01031935871525686, 0.015870638936236647, 0.0655826773896003, 0.2379225444326373, 0.2776478212415281, nan, nan]]","[[nan, nan, nan, nan, nan, nan, nan], [0.0023956937334034924, 0.0006899465734340427, nan, nan, 3.895887771514345, nan, nan], [0.0005104806502046633, 0.000395594147023573, 0.003000000000000058, 0.0001624963492273708, 0.0, nan, nan], [0.00046478826242861166, 0.0002623680312022511, 0.01699999999999994, 0.004157057480745654, 2.8000000000000007, nan, nan]]","['surf_dist', 'center_dist', 'orient_err', 'speed', 'normal_force', 'start_dist', 'insert_err']","[0.04504042113987532, 0.016531661532743908, 0.2592147908053491, 0.017472314322540528, 10.084718070106007, 0.3422378234631881, 0.3338864451292424]","[[0.0073846196186389485, 0.0027713173895587374, 0.0889411106581908, 0.007224390068768467, 5.717345210650845, 0.23125838106731644, 0.15758606143389087], [0.0023956937334034924, 0.0006899465734340427, 0.0889411106581908, 0.007224390068768467, 0.10411222848565505, 0.23125838106731644, 0.15758606143389087], [0.0005104806502046633, 0.000395594147023573, 0.05699999999999994, 0.007037503650772629, 7.199999999999999, 0.23125838106731644, 0.15758606143389087], [0.00046478826242861166, 0.0002623680312022511, 0.05699999999999994, 0.007037057480745654, 7.199999999999999, 0.23125838106731644, 0.15758606143389087]]","[['', '', '', '', '', '', ''], ['target_value', 'target_value', '', '', 'lower_bound', '', ''], ['target_value', 'target_value', 'upper_bound', 'upper_bound', 'lower_bound', '', ''], ['target_value', 'target_value', 'upper_bound', 'upper_bound', 'lower_bound', '', '']]","[[nan, nan, nan, nan, nan, nan, nan], [0.0023956937334034924, 0.0006899465734340427, nan, nan, 0.10411222848565505, nan, nan], [0.0005104806502046633, 0.000395594147023573, 0.05699999999999994, 0.007037503650772629, 7.199999999999999, nan, nan], [0.00046478826242861166, 0.0002623680312022511, 0.05699999999999994, 0.007037057480745654, 7.199999999999999, nan, nan]]",[],,"[[0, 0, 0, 0, 0, 0, 0], [1, 1, 0, 0, 1, 0, 0], [1, 1, 1, 1, 1, 0, 0], [1, 1, 1, 1, 1, 0, 0]]","[['', '', '', '', '', '', ''], ['target_value', 'target_value', '', '', 'lower_bound', '', ''], ['target_value', 'target_value', 'upper_bound', 'upper_bound', 'lower_bound', '', ''], ['target_value', 'target_value', 'upper_bound', 'upper_bound', 'lower_bound', '', '']]","[[nan, nan, nan, nan, nan, nan, nan], [0.0, 0.0, nan, nan, 4.0, nan, nan], [0.0, 0.0, 0.06, 0.0072, 7.199999999999999, nan, nan], [0.0, 0.0, 0.04, 0.00288, 10.0, nan, nan]]","[[0, 0, 0, 0, 0, 0, 0], [1, 1, 0, 0, 1, 0, 0], [1, 1, 1, 1, 1, 0, 0], [1, 1, 1, 1, 1, 0, 0]]",12.9,0.08805543810876457,0.5173020151340011,0.06392894391533376,1072.5682817810994,425.99287280715305,425.99287280715305,,1072.5682817810994,,
cluster,S4SlideInsert,1342,2,"[[nan, nan, nan, nan, nan, nan, nan], [0.275218406457125, 0.27566577942920123, nan, nan, 0.38635667364356946, nan, nan], [0.012466802255245503, 0.015165985700963525, 0.09507199594286964, 0.00930845013408607, 0.3173117957046034, nan, nan], [0.010586248409753364, 0.01933666054997515, 0.0655826773896003, 0.23792449848041317, 0.2776478212415281, nan, nan]]","[[nan, nan, nan, nan, nan, nan, nan], [0.012395952932274289, 0.004557213361683593, nan, nan, 3.896298128199354, nan, nan], [0.0005615100238438048, 0.00025071894241876285, 0.02464406753977795, 0.00016264016659844633, 3.1999999999999993, nan, nan], [0.0004768090866666269, 0.00031966712738575086, 0.01699999999999994, 0.004157091622482595, 2.8000000000000007, nan, nan]]","['surf_dist', 'center_dist', 'orient_err', 'speed', 'normal_force', 'start_dist', 'insert_err']","[0.04504042113987532, 0.016531661532743908, 0.2592147908053491, 0.017472314322540528, 10.084718070106007, 0.3422378234631881, 0.3338864451292424]","[[0.0073846196186389485, 0.0027713173895587374, 0.0889411106581908, 0.007224390068768467, 5.717345210650845, 0.23125838106731644, 0.15758606143389087], [0.012395952932274289, 0.004557213361683593, 0.0889411106581908, 0.007224390068768467, 0.10370187180064594, 0.23125838106731644, 0.15758606143389087], [0.0005615100238438048, 0.00025071894241876285, 0.08464406753977795, 0.0070373598334015535, 4.0, 0.23125838106731644, 0.15758606143389087], [0.0004768090866666269, 0.00031966712738575086, 0.05699999999999994, 0.0070370916224825955, 7.199999999999999, 0.23125838106731644, 0.15758606143389087]]","[['', '', '', '', '', '', ''], ['target_value', 'target_value', '', '', 'lower_bound', '', ''], ['target_value', 'target_value', 'upper_bound', 'upper_bound', 'lower_bound', '', ''], ['target_value', 'target_value', 'upper_bound', 'upper_bound', 'lower_bound', '', '']]","[[nan, nan, nan, nan, nan, nan, nan], [0.012395952932274289, 0.004557213361683593, nan, nan, 0.10370187180064594, nan, nan], [0.0005615100238438048, 0.00025071894241876285, 0.08464406753977795, 0.0070373598334015535, 4.0, nan, nan], [0.0004768090866666269, 0.00031966712738575086, 0.05699999999999994, 0.0070370916224825955, 7.199999999999999, nan, nan]]",[],,"[[0, 0, 0, 0, 0, 0, 0], [1, 1, 0, 0, 1, 0, 0], [1, 1, 1, 1, 1, 0, 0], [1, 1, 1, 1, 1, 0, 0]]","[['', '', '', '', '', '', ''], ['target_value', 'target_value', '', '', 'lower_bound', '', ''], ['target_value', 'target_value', 'upper_bound', 'upper_bound', 'lower_bound', '', ''], ['target_value', 'target_value', 'upper_bound', 'upper_bound', 'lower_bound', '', '']]","[[nan, nan, nan, nan, nan, nan, nan], [0.0, 0.0, nan, nan, 4.0, nan, nan], [0.0, 0.0, 0.06, 0.0072, 7.199999999999999, nan, nan], [0.0, 0.0, 0.04, 0.00288, 10.0, nan, nan]]","[[0, 0, 0, 0, 0, 0, 0], [1, 1, 0, 0, 1, 0, 0], [1, 1, 1, 1, 1, 0, 0], [1, 1, 1, 1, 1, 0, 0]]",21.7,0.15366490733376414,0.7662172153078836,0.08856490527922722,1001.9802387349785,395.96079236354143,395.96079236354143,,1001.9802387349785,,
cluster,S4SlideInsert,1342,3,"[[nan, nan, nan, nan, nan, nan, nan], [0.2835404083893118, 0.27566577942920123, nan, nan, 0.3863551159969142, nan, nan], [0.012605657862620606, 0.015399510160422557, 0.09528724967925685, 0.009307882062312941, 0.3173117957046034, nan, nan], [0.010708946477495616, 0.019108033894028195, 0.0655826773896003, 0.23791644148374552, 0.2776478212415281, nan, nan]]","[[nan, nan, nan, nan, nan, nan, nan], [0.012770779404026841, 0.004557213361683593, nan, nan, 3.8962824197719828, nan, nan], [0.0005677641388776127, 0.00025457948974215655, 0.02469986449202563, 0.00016263024106986847, 3.1999999999999993, nan, nan], [0.00048233545931078686, 0.0003158875488922727, 0.01699999999999994, 0.004156950848104322, 2.8000000000000007, nan, nan]]","['surf_dist', 'center_dist', 'orient_err', 'speed', 'normal_force', 'start_dist', 'insert_err']","[0.04504042113987532, 0.016531661532743908, 0.2592147908053491, 0.017472314322540528, 10.084718070106007, 0.3422378234631881, 0.3338864451292424]","[[0.0073846196186389485, 0.0027713173895587374, 0.0889411106581908, 0.007224390068768467, 5.717345210650845, 0.23125838106731644, 0.15758606143389087], [0.012770779404026841, 0.004557213361683593, 0.0889411106581908, 0.007224390068768467, 0.10371758022801725, 0.23125838106731644, 0.15758606143389087], [0.0005677641388776127, 0.00025457948974215655, 0.08469986449202563, 0.007037369758930131, 4.0, 0.23125838106731644, 0.15758606143389087], [0.00048233545931078686, 0.0003158875488922727, 0.05699999999999994, 0.007036950848104322, 7.199999999999999, 0.23125838106731644, 0.15758606143389087]]","[['', '', '', '', '', '', ''], ['target_value', 'target_value', '', '', 'lower_bound', '', ''], ['target_value', 'target_value', 'upper_bound', 'upper_bound', 'lower_bound', '', ''], ['target_value', 'target_value', 'upper_bound', 'upper_bound', 'lower_bound', '', '']]","[[nan, nan, nan, nan, nan, nan, nan], [0.012770779404026841, 0.004557213361683593, nan, nan, 0.10371758022801725, nan, nan], [0.0005677641388776127, 0.00025457948974215655, 0.08469986449202563, 0.007037369758930131, 4.0, nan, nan], [0.00048233545931078686, 0.0003158875488922727, 0.05699999999999994, 0.007036950848104322, 7.199999999999999, nan, nan]]",[],,"[[0, 0, 0, 0, 0, 0, 0], [1, 1, 0, 0, 1, 0, 0], [1, 1, 1, 1, 1, 0, 0], [1, 1, 1, 1, 1, 0, 0]]","[['', '', '', '', '', '', ''], ['target_value', 'target_value', '', '', 'lower_bound', '', ''], ['target_value', 'target_value', 'upper_bound', 'upper_bound', 'lower_bound', '', ''], ['target_value', 'target_value', 'upper_bound', 'upper_bound', 'lower_bound', '', '']]","[[nan, nan, nan, nan, nan, nan, nan], [0.0, 0.0, nan, nan, 4.0, nan, nan], [0.0, 0.0, 0.06, 0.0072, 7.199999999999999, nan, nan], [0.0, 0.0, 0.04, 0.00288, 10.0, nan, nan]]","[[0, 0, 0, 0, 0, 0, 0], [1, 1, 0, 0, 1, 0, 0], [1, 1, 1, 1, 1, 0, 0], [1, 1, 1, 1, 1, 0, 0]]",21.999999999999996,0.1543413322900801,0.7662500326735168,0.08924025584524989,1001.7993355802299,399.3965567494757,399.3965567494757,,1001.7993355802299,,
cluster,S4SlideInsert,1342,4,"[[nan, nan, nan, nan, nan, nan, nan], [0.2835404083893118, 0.27566577942920123, nan, nan, 0.3863551159969142, nan, nan], [0.012605657862620606, 0.015399510160422557, 0.09528724967925685, 0.009307882062312941, 0.3173117957046034, nan, nan], [0.010708946477495616, 0.019108033894028195, 0.0655826773896003, 0.23791644148374552, 0.2776478212415281, nan, nan]]","[[nan, nan, nan, nan, nan, nan, nan], [0.012770779404026841, 0.004557213361683593, nan, nan, 3.8962824197719828, nan, nan], [0.0005677641388776127, 0.00025457948974215655, 0.02469986449202563, 0.00016263024106986847, 3.1999999999999993, nan, nan], [0.00048233545931078686, 0.0003158875488922727, 0.01699999999999994, 0.004156950848104322, 2.8000000000000007, nan, nan]]","['surf_dist', 'center_dist', 'orient_err', 'speed', 'normal_force', 'start_dist', 'insert_err']","[0.04504042113987532, 0.016531661532743908, 0.2592147908053491, 0.017472314322540528, 10.084718070106007, 0.3422378234631881, 0.3338864451292424]","[[0.0073846196186389485, 0.0027713173895587374, 0.0889411106581908, 0.007224390068768467, 5.717345210650845, 0.23125838106731644, 0.15758606143389087], [0.012770779404026841, 0.004557213361683593, 0.0889411106581908, 0.007224390068768467, 0.10371758022801725, 0.23125838106731644, 0.15758606143389087], [0.0005677641388776127, 0.00025457948974215655, 0.08469986449202563, 0.007037369758930131, 4.0, 0.23125838106731644, 0.15758606143389087], [0.00048233545931078686, 0.0003158875488922727, 0.05699999999999994, 0.007036950848104322, 7.199999999999999, 0.23125838106731644, 0.15758606143389087]]","[['', '', '', '', '', '', ''], ['target_value', 'target_value', '', '', 'lower_bound', '', ''], ['target_value', 'target_value', 'upper_bound', 'upper_bound', 'lower_bound', '', ''], ['target_value', 'target_value', 'upper_bound', 'upper_bound', 'lower_bound', '', '']]","[[nan, nan, nan, nan, nan, nan, nan], [0.012770779404026841, 0.004557213361683593, nan, nan, 0.10371758022801725, nan, nan], [0.0005677641388776127, 0.00025457948974215655, 0.08469986449202563, 0.007037369758930131, 4.0, nan, nan], [0.00048233545931078686, 0.0003158875488922727, 0.05699999999999994, 0.007036950848104322, 7.199999999999999, nan, nan]]",[],,"[[0, 0, 0, 0, 0, 0, 0], [1, 1, 0, 0, 1, 0, 0], [1, 1, 1, 1, 1, 0, 0], [1, 1, 1, 1, 1, 0, 0]]","[['', '', '', '', '', '', ''], ['target_value', 'target_value', '', '', 'lower_bound', '', ''], ['target_value', 'target_value', 'upper_bound', 'upper_bound', 'lower_bound', '', ''], ['target_value', 'target_value', 'upper_bound', 'upper_bound', 'lower_bound', '', '']]","[[nan, nan, nan, nan, nan, nan, nan], [0.0, 0.0, nan, nan, 4.0, nan, nan], [0.0, 0.0, 0.06, 0.0072, 7.199999999999999, nan, nan], [0.0, 0.0, 0.04, 0.00288, 10.0, nan, nan]]","[[0, 0, 0, 0, 0, 0, 0], [1, 1, 0, 0, 1, 0, 0], [1, 1, 1, 1, 1, 0, 0], [1, 1, 1, 1, 1, 0, 0]]",21.999999999999996,0.1543413322900801,0.7662500326735168,0.08924025584524989,1001.7993355802299,399.3965567494757,399.3965567494757,,1001.7993355802299,,
cluster,S4SlideInsert,1342,5,"[[nan, nan, nan, nan, nan, nan, nan], [0.275218406457125, 0.27566577942920123, nan, nan, 0.38635667364356946, nan, nan], [0.012605657862620606, 0.015399510160422557, 0.09528724967925685, 0.009307882062312941, 0.3173117957046034, nan, nan], [0.010708946477495616, 0.019108033894028195, 0.0655826773896003, 0.23791644148374552, 0.2776478212415281, nan, nan]]","[[nan, nan, nan, nan, nan, nan, nan], [0.012395952932274289, 0.004557213361683593, nan, nan, 3.896298128199354, nan, nan], [0.0005677641388776127, 0.00025457948974215655, 0.02469986449202563, 0.00016263024106986847, 3.1999999999999993, nan, nan], [0.00048233545931078686, 0.0003158875488922727, 0.01699999999999994, 0.004156950848104322, 2.8000000000000007, nan, nan]]","['surf_dist', 'center_dist', 'orient_err', 'speed', 'normal_force', 'start_dist', 'insert_err']","[0.04504042113987532, 0.016531661532743908, 0.2592147908053491, 0.017472314322540528, 10.084718070106007, 0.3422378234631881, 0.3338864451292424]","[[0.0073846196186389485, 0.0027713173895587374, 0.0889411106581908, 0.007224390068768467, 5.717345210650845, 0.23125838106731644, 0.15758606143389087], [0.012395952932274289, 0.004557213361683593, 0.0889411106581908, 0.007224390068768467, 0.10370187180064594, 0.23125838106731644, 0.15758606143389087], [0.0005677641388776127, 0.00025457948974215655, 0.08469986449202563, 0.007037369758930131, 4.0, 0.23125838106731644, 0.15758606143389087], [0.00048233545931078686, 0.0003158875488922727, 0.05699999999999994, 0.007036950848104322, 7.199999999999999, 0.23125838106731644, 0.15758606143389087]]","[['', '', '', '', '', '', ''], ['target_value', 'target_value', '', '', 'lower_bound', '', ''], ['target_value', 'target_value', 'upper_bound', 'upper_bound', 'lower_bound', '', ''], ['target_value', 'target_value', 'upper_bound', 'upper_bound', 'lower_bound', '', '']]","[[nan, nan, nan, nan, nan, nan, nan], [0.012395952932274289, 0.004557213361683593, nan, nan, 0.10370187180064594, nan, nan], [0.0005677641388776127, 0.00025457948974215655, 0.08469986449202563, 0.007037369758930131, 4.0, nan, nan], [0.00048233545931078686, 0.0003158875488922727, 0.05699999999999994, 0.007036950848104322, 7.199999999999999, nan, nan]]",[],,"[[0, 0, 0, 0, 0, 0, 0], [1, 1, 0, 0, 1, 0, 0], [1, 1, 1, 1, 1, 0, 0], [1, 1, 1, 1, 1, 0, 0]]","[['', '', '', '', '', '', ''], ['target_value', 'target_value', '', '', 'lower_bound', '', ''], ['target_value', 'target_value', 'upper_bound', 'upper_bound', 'lower_bound', '', ''], ['target_value', 'target_value', 'upper_bound', 'upper_bound', 'lower_bound', '', '']]","[[nan, nan, nan, nan, nan, nan, nan], [0.0, 0.0, nan, nan, 4.0, nan, nan], [0.0, 0.0, 0.06, 0.0072, 7.199999999999999, nan, nan], [0.0, 0.0, 0.04, 0.00288, 10.0, nan, nan]]","[[0, 0, 0, 0, 0, 0, 0], [1, 1, 0, 0, 1, 0, 0], [1, 1, 1, 1, 1, 0, 0], [1, 1, 1, 1, 1, 0, 0]]",21.93333333333333,0.15370129811427,0.7662224082085642,0.0889511143934614,1001.8063759022638,401.3239740341489,401.3239740341489,,1001.8063759022638,,
cluster,S4SlideInsert,1342,6,"[[nan, nan, nan, nan, nan, nan, nan], [0.275218406457125, 0.27566577942920123, nan, nan, 0.38635667364356946, nan, nan], [0.012563999824974506, 0.015399510160422557, 0.09507199594286964, 0.009308439909108247, 0.3173117957046034, nan, nan], [0.010708946477495616, 0.019108033894028195, 0.0655826773896003, 0.23791720624565096, 0.2776478212415281, nan, nan]]","[[nan, nan, nan, nan, nan, nan, nan], [0.012395952932274289, 0.004557213361683593, nan, nan, 3.896298128199354, nan, nan], [0.0005658878433181715, 0.00025457948974215655, 0.02464406753977795, 0.00016263998794441986, 3.1999999999999993, nan, nan], [0.00048233545931078686, 0.0003158875488922727, 0.01699999999999994, 0.004156964210264716, 2.8000000000000007, nan, nan]]","['surf_dist', 'center_dist', 'orient_err', 'speed', 'normal_force', 'start_dist', 'insert_err']","[0.04504042113987532, 0.016531661532743908, 0.2592147908053491, 0.017472314322540528, 10.084718070106007, 0.3422378234631881, 0.3338864451292424]","[[0.0073846196186389485, 0.0027713173895587374, 0.0889411106581908, 0.007224390068768467, 5.717345210650845, 0.23125838106731644, 0.15758606143389087], [0.012395952932274289, 0.004557213361683593, 0.0889411106581908, 0.007224390068768467, 0.10370187180064594, 0.23125838106731644, 0.15758606143389087], [0.0005658878433181715, 0.00025457948974215655, 0.08464406753977795, 0.00703736001205558, 4.0, 0.23125838106731644, 0.15758606143389087], [0.00048233545931078686, 0.0003158875488922727, 0.05699999999999994, 0.007036964210264717, 7.199999999999999, 0.23125838106731644, 0.15758606143389087]]","[['', '', '', '', '', '', ''], ['target_value', 'target_value', '', '', 'lower_bound', '', ''], ['target_value', 'target_value', 'upper_bound', 'upper_bound', 'lower_bound', '', ''], ['target_value', 'target_value', 'upper_bound', 'upper_bound', 'lower_bound', '', '']]","[[nan, nan, nan, nan, nan, nan, nan], [0.012395952932274289, 0.004557213361683593, nan, nan, 0.10370187180064594, nan, nan], [0.0005658878433181715, 0.00025457948974215655, 0.08464406753977795, 0.00703736001205558, 4.0, nan, nan], [0.00048233545931078686, 0.0003158875488922727, 0.05699999999999994, 0.007036964210264717, 7.199999999999999, nan, nan]]",[],,"[[0, 0, 0, 0, 0, 0, 0], [1, 1, 0, 0, 1, 0, 0], [1, 1, 1, 1, 1, 0, 0], [1, 1, 1, 1, 1, 0, 0]]","[['', '', '', '', '', '', ''], ['target_value', 'target_value', '', '', 'lower_bound', '', ''], ['target_value', 'target_value', 'upper_bound', 'upper_bound', 'lower_bound', '', ''], ['target_value', 'target_value', 'upper_bound', 'upper_bound', 'lower_bound', '', '']]","[[nan, nan, nan, nan, nan, nan, nan], [0.0, 0.0, nan, nan, 4.0, nan, nan], [0.0, 0.0, 0.06, 0.0072, 7.199999999999999, nan, nan], [0.0, 0.0, 0.04, 0.00288, 10.0, nan, nan]]","[[0, 0, 0, 0, 0, 0, 0], [1, 1, 0, 0, 1, 0, 0], [1, 1, 1, 1, 1, 0, 0], [1, 1, 1, 1, 1, 0, 0]]",21.866666666666667,0.1536816374092444,0.7662179735825048,0.08876917071597704,1001.8225006586077,399.4827299809107,399.4827299809107,,1001.8225006586077,,
cluster,S4SlideInsert,1342,7,"[[nan, nan, nan, nan, nan, nan, nan], [0.27055308534410794, 0.2665246922175635, nan, nan, 0.38636145755382245, nan, nan], [0.012302733710086134, 0.015798921016083014, 0.09338388842566527, 0.009309018205859198, 0.3173117957046034, nan, nan], [0.010481397775438387, 0.01933722548187016, 0.0655826773896003, 0.23792866912893, 0.2776478212415281, nan, nan]]","[[nan, nan, nan, nan, nan, nan, nan], [0.012185824904591249, 0.004406096001859504, nan, nan, 3.896346372585528, nan, nan], [0.0005541203074740202, 0.00026118241482043884, 0.024206485102848882, 0.00016265009212702419, 3.1999999999999993, nan, nan], [0.00047208656994029725, 0.00031967646664862823, 0.01699999999999994, 0.00415716449336441, 2.8000000000000007, nan, nan]]","['surf_dist', 'center_dist', 'orient_err', 'speed', 'normal_force', 'start_dist', 'insert_err']","[0.04504042113987532, 0.016531661532743908, 0.2592147908053491, 0.017472314322540528, 10.084718070106007, 0.3422378234631881, 0.3338864451292424]","[[0.0073846196186389485, 0.0027713173895587374, 0.0889411106581908, 0.007224390068768467, 5.717345210650845, 0.23125838106731644, 0.15758606143389087], [0.012185824904591249, 0.004406096001859504, 0.0889411106581908, 0.007224390068768467, 0.10365362741447193, 0.23125838106731644, 0.15758606143389087], [0.0005541203074740202, 0.00026118241482043884, 0.08420648510284888, 0.007037349907872976, 4.0, 0.23125838106731644, 0.15758606143389087], [0.00047208656994029725, 0.00031967646664862823, 0.05699999999999994, 0.0070371644933644095, 7.199999999999999, 0.23125838106731644, 0.15758606143389087]]","[['', '', '', '', '', '', ''], ['target_value', 'target_value', '', '', 'lower_bound', '', ''], ['target_value', 'target_value', 'upper_bound', 'upper_bound', 'lower_bound', '', ''], ['target_value', 'target_value', 'upper_bound', 'upper_bound', 'lower_bound', '', '']]","[[nan, nan, nan, nan, nan, nan, nan], [0.012185824904591249, 0.004406096001859504, nan, nan, 0.10365362741447193, nan, nan], [0.0005541203074740202, 0.00026118241482043884, 0.08420648510284888, 0.007037349907872976, 4.0, nan, nan], [0.00047208656994029725, 0.00031967646664862823, 0.05699999999999994, 0.0070371644933644095, 7.199999999999999, nan, nan]]",[],,"[[0, 0, 0, 0, 0, 0, 0], [1, 1, 0, 0, 1, 0, 0], [1, 1, 1, 1, 1, 0, 0], [1, 1, 1, 1, 1, 0, 0]]","[['', '', '', '', '', '', ''], ['target_value', 'target_value', '', '', 'lower_bound', '', ''], ['target_value', 'target_value', 'upper_bound', 'upper_bound', 'lower_bound', '', ''], ['target_value', 'target_value', 'upper_bound', 'upper_bound', 'lower_bound', '', '']]","[[nan, nan, nan, nan, nan, nan, nan], [0.0, 0.0, nan, nan, 4.0, nan, nan], [0.0, 0.0, 0.06, 0.0072, 7.199999999999999, nan, nan], [0.0, 0.0, 0.04, 0.00288, 10.0, nan, nan]]","[[0, 0, 0, 0, 0, 0, 0], [1, 1, 0, 0, 1, 0, 0], [1, 1, 1, 1, 1, 0, 0], [1, 1, 1, 1, 1, 0, 0]]",21.0,0.1525017987073198,0.7661593583799386,0.08683820589561102,1005.1332898662363,411.09023257178205,411.09023257178205,,1005.1332898662363,,
cluster,S4SlideInsert,1342,8,"[[nan, nan, nan, nan, nan, nan, nan], [0.5824900357048852, 0.533526476116, nan, nan, 0.3856145459747127, nan, nan], [0.013499529960532183, 0.016272446150615988, 0.2118717256201573, 0.07256401534010264, 0.6987890746303577, nan, nan], [0.011049487776567994, 0.01910749951713693, 0.0655826773896003, 0.23792416303139122, 0.2776478212415281, nan, nan]]","[[nan, nan, nan, nan, nan, nan, nan], [0.02623559651792904, 0.008820079121907288, nan, nan, 3.8888139798869084, nan, nan], [0.0006080245146127339, 0.000269010572071785, 0.054920285034197394, 0.0012678612845279259, 7.0470908081174235, nan, nan], [0.000497673582836527, 0.0003158787147543754, 0.01699999999999994, 0.004157085761411845, 2.8000000000000007, nan, nan]]","['surf_dist', 'center_dist', 'orient_err', 'speed', 'normal_force', 'start_dist', 'insert_err']","[0.04504042113987532, 0.016531661532743908, 0.2592147908053491, 0.017472314322540528, 10.084718070106007, 0.3422378234631881, 0.3338864451292424]","[[0.0073846196186389485, 0.0027713173895587374, 0.0889411106581908, 0.007224390068768467, 5.717345210650845, 0.23125838106731644, 0.15758606143389087], [0.02623559651792904, 0.008820079121907288, 0.0889411106581908, 0.007224390068768467, 0.11118602011309164, 0.23125838106731644, 0.15758606143389087], [0.0006080245146127339, 0.000269010572071785, 0.11492028503419739, 0.008467861284527926, 0.1529091918825758, 0.23125838106731644, 0.15758606143389087], [0.000497673582836527, 0.0003158787147543754, 0.05699999999999994, 0.007037085761411845, 7.199999999999999, 0.23125838106731644, 0.15758606143389087]]","[['', '', '', '', '', '', ''], ['target_value', 'target_value', '', '', 'lower_bound', '', ''], ['target_value', 'target_value', 'upper_bound', 'upper_bound', 'lower_bound', '', ''], ['target_value', 'target_value', 'upper_bound', 'upper_bound', 'lower_bound', '', '']]","[[nan, nan, nan, nan, nan, nan, nan], [0.02623559651792904, 0.008820079121907288, nan, nan, 0.11118602011309164, nan, nan], [0.0006080245146127339, 0.000269010572071785, 0.11492028503419739, 0.008467861284527926, 0.1529091918825758, nan, nan], [0.000497673582836527, 0.0003158787147543754, 0.05699999999999994, 0.007037085761411845, 7.199999999999999, nan, nan]]",[],,"[[0, 0, 0, 0, 0, 0, 0], [1, 1, 0, 0, 1, 0, 0], [1, 1, 1, 1, 1, 0, 0], [1, 1, 1, 1, 1, 0, 0]]","[['', '', '', '', '', '', ''], ['target_value', 'target_value', '', '', 'lower_bound', '', ''], ['target_value', 'target_value', 'upper_bound', 'upper_bound', 'lower_bound', '', ''], ['target_value', 'target_value', 'upper_bound', 'upper_bound', 'lower_bound', '', '']]","[[nan, nan, nan, nan, nan, nan, nan], [0.0, 0.0, nan, nan, 4.0, nan, nan], [0.0, 0.0, 0.06, 0.0072, 7.199999999999999, nan, nan], [0.0, 0.0, 0.04, 0.00288, 10.0, nan, nan]]","[[0, 0, 0, 0, 0, 0, 0], [1, 1, 0, 0, 1, 0, 0], [1, 1, 1, 1, 1, 0, 0], [1, 1, 1, 1, 1, 0, 0]]",27.46666666666667,0.24045688449642985,1.0653843294698908,0.12564887411009956,1040.9394743226599,-308.3937532916824,-308.3937532916824,,1040.9394743226599,,
cluster,S4SlideInsert,1342,9,"[[nan, nan, nan, nan, nan, nan, nan], [0.2835404083893118, 0.27566577942920123, nan, nan, 0.3863551159969142, nan, nan], [0.012605657862620606, 0.015399510160422557, 0.09528724967925685, 0.009307882062312941, 0.3173117957046034, nan, nan], [0.010708946477495616, 0.019108033894028195, 0.0655826773896003, 0.23791644148374552, 0.2776478212415281, nan, nan]]","[[nan, nan, nan, nan, nan, nan, nan], [0.012770779404026841, 0.004557213361683593, nan, nan, 3.8962824197719828, nan, nan], [0.0005677641388776127, 0.00025457948974215655, 0.02469986449202563, 0.00016263024106986847, 3.1999999999999993, nan, nan], [0.00048233545931078686, 0.0003158875488922727, 0.01699999999999994, 0.004156950848104322, 2.8000000000000007, nan, nan]]","['surf_dist', 'center_dist', 'orient_err', 'speed', 'normal_force', 'start_dist', 'insert_err']","[0.04504042113987532, 0.016531661532743908, 0.2592147908053491, 0.017472314322540528, 10.084718070106007, 0.3422378234631881, 0.3338864451292424]","[[0.0073846196186389485, 0.0027713173895587374, 0.0889411106581908, 0.007224390068768467, 5.717345210650845, 0.23125838106731644, 0.15758606143389087], [0.012770779404026841, 0.004557213361683593, 0.0889411106581908, 0.007224390068768467, 0.10371758022801725, 0.23125838106731644, 0.15758606143389087], [0.0005677641388776127, 0.00025457948974215655, 0.08469986449202563, 0.007037369758930131, 4.0, 0.23125838106731644, 0.15758606143389087], [0.00048233545931078686, 0.0003158875488922727, 0.05699999999999994, 0.007036950848104322, 7.199999999999999, 0.23125838106731644, 0.15758606143389087]]","[['', '', '', '', '', '', ''], ['target_value', 'target_value', '', '', 'lower_bound', '', ''], ['target_value', 'target_value', 'upper_bound', 'upper_bound', 'lower_bound', '', ''], ['target_value', 'target_value', 'upper_bound', 'upper_bound', 'lower_bound', '', '']]","[[nan, nan, nan, nan, nan, nan, nan], [0.012770779404026841, 0.004557213361683593, nan, nan, 0.10371758022801725, nan, nan], [0.0005677641388776127, 0.00025457948974215655, 0.08469986449202563, 0.007037369758930131, 4.0, nan, nan], [0.00048233545931078686, 0.0003158875488922727, 0.05699999999999994, 0.007036950848104322, 7.199999999999999, nan, nan]]",[],,"[[0, 0, 0, 0, 0, 0, 0], [1, 1, 0, 0, 1, 0, 0], [1, 1, 1, 1, 1, 0, 0], [1, 1, 1, 1, 1, 0, 0]]","[['', '', '', '', '', '', ''], ['target_value', 'target_value', '', '', 'lower_bound', '', ''], ['target_value', 'target_value', 'upper_bound', 'upper_bound', 'lower_bound', '', ''], ['target_value', 'target_value', 'upper_bound', 'upper_bound', 'lower_bound', '', '']]","[[nan, nan, nan, nan, nan, nan, nan], [0.0, 0.0, nan, nan, 4.0, nan, nan], [0.0, 0.0, 0.06, 0.0072, 7.199999999999999, nan, nan], [0.0, 0.0, 0.04, 0.00288, 10.0, nan, nan]]","[[0, 0, 0, 0, 0, 0, 0], [1, 1, 0, 0, 1, 0, 0], [1, 1, 1, 1, 1, 0, 0], [1, 1, 1, 1, 1, 0, 0]]",21.999999999999996,0.1543413322900801,0.7662500326735168,0.08924025584524989,1001.7993355802299,399.3965567494757,399.3965567494757,,1001.7993355802299,,
fchmm,S4SlideInsert,1342,0,"[[nan, nan, nan, nan, nan, nan, nan], [0.014578590918193714, 0.003035778747443764, nan, nan, 0.0, nan, nan], [0.015638263166126383, 0.02711895726588728, 0.011573413656988553, 0.001318790409218639, 0.0, nan, nan], [0.008611689771704125, 0.008735391301475038, 0.0655826773896003, 0.24789182147324207, 0.2776478212415281, nan, nan]]","[[nan, nan, nan, nan, nan, nan, nan], [0.0006566258745814065, 5.018646674103755e-05, nan, nan, 0.0, nan, nan], [0.0007043539588985322, 0.0004483214226405946, 0.003000000000000058, 2.304232055541991e-05, 0.0, nan, nan], [0.0003878741340435105, 0.00014441053235206064, 0.01699999999999994, 0.004331243822767587, 2.8000000000000007, nan, nan]]","['surf_dist', 'center_dist', 'orient_err', 'speed', 'angular_speed', 'normal_force', 'noise']","[0.04504042113987532, 0.016531661532743908, 0.2592147908053491, 0.017472314322540528, 10.084718070106007, 0.3422378234631881, 0.3338864451292424]","[[0.028394050764712825, 0.008039725770248352, 0.3593662123619388, 0.0242245106617628, 0.04696798119973433, 0.007245436275849754, 0.21583557916695478], [0.0006566258745814065, 5.018646674103755e-05, 0.12444788030489207, 0.007054052510926904, 4.0, 0.13010452425881733, 0.18480029863607744], [0.0007043539588985322, 0.0004483214226405946, 0.05699999999999994, 0.00722304232055542, 7.199999999999999, 0.17034021948480113, 0.0497721088850404], [0.0003878741340435105, 0.00014441053235206064, 0.05699999999999994, 0.0072112438227675876, 7.199999999999999, 0.34145480912922416, 0.0019056765698304279]]","[['target_value', 'target_value', 'upper_bound', 'upper_bound', 'lower_bound', 'lower_bound', 'lower_bound'], ['target_value', 'target_value', 'upper_bound', 'upper_bound', 'lower_bound', 'lower_bound', 'lower_bound'], ['target_value', 'target_value', 'upper_bound', 'upper_bound', 'lower_bound', 'lower_bound', 'lower_bound'], ['target_value', 'target_value', 'upper_bound', 'upper_bound', 'lower_bound', 'lower_bound', 'lower_bound']]","[[0.028394050764712825, 0.008039725770248352, 0.3593662123619388, 0.0242245106617628, 0.04696798119973433, 0.007245436275849754, 0.21583557916695478], [0.0006566258745814065, 5.018646674103755e-05, 0.12444788030489207, 0.007054052510926904, 4.0, 0.13010452425881733, 0.18480029863607744], [0.0007043539588985322, 0.0004483214226405946, 0.05699999999999994, 0.00722304232055542, 7.199999999999999, 0.17034021948480113, 0.0497721088850404], [0.0003878741340435105, 0.00014441053235206064, 0.05699999999999994, 0.0072112438227675876, 7.199999999999999, 0.34145480912922416, 0.0019056765698304279]]",[],,"[[1, 1, 1, 1, 1, 1, 1], [1, 1, 1, 1, 1, 1, 1], [1, 1, 1, 1, 1, 1, 1], [1, 1, 1, 1, 1, 1, 1]]","[['', '', '', '', '', '', ''], ['target_value', 'target_value', '', '', 'lower_bound', '', ''], ['target_value', 'target_value', 'upper_bound', 'upper_bound', 'lower_bound', '', ''], ['target_value', 'target_value', 'upper_bound', 'upper_bound', 'lower_bound', '', '']]","[[nan, nan, nan, nan, nan, nan, nan], [0.0, 0.0, nan, nan, 4.0, nan, nan], [0.0, 0.0, 0.06, 0.0072, 7.199999999999999, nan, nan], [0.0, 0.0, 0.04, 0.00288, 10.0, nan, nan]]","[[0, 0, 0, 0, 0, 0, 0], [1, 1, 0, 0, 1, 0, 0], [1, 1, 1, 1, 1, 0, 0], [1, 1, 1, 1, 1, 0, 0]]",3.4666666666666663,0.05244101502626215,0.21744200450250623,0.04137743026713382,237.6613310933224,,,,,237.6613310933224,
fchmm,S4SlideInsert,1342,1,"[[nan, nan, nan, nan, nan, nan, nan], [0.01399332758359069, 0.021873787784158216, nan, nan, 0.3173117957046034, nan, nan], [0.016604700225319735, 0.024558428824674593, 0.011573413656988553, 0.0007639296275713369, 0.0, nan, nan], [0.008965122589016128, 0.011986868611733346, 0.007715609104659616, 0.008759456911980544, 0.0, nan, nan]]","[[nan, nan, nan, nan, nan, nan, nan], [0.0006302653675131584, 0.000361610056086772, nan, nan, 3.1999999999999993, nan, nan], [0.0007478826910497834, 0.00040599163310550213, 0.003000000000000058, 1.334761857322772e-05, 0.0, nan, nan], [0.0004037928969798958, 0.00019816285472664752, 0.002000000000000189, 0.00015304798446087427, 0.0, nan, nan]]","['surf_dist', 'center_dist', 'orient_err', 'speed', 'angular_speed', 'normal_force', 'noise']","[0.04504042113987532, 0.016531661532743908, 0.2592147908053491, 0.017472314322540528, 10.084718070106007, 0.3422378234631881, 0.3338864451292424]","[[0.01753738594517346, 0.004510079365701956, 0.33708860257519824, 0.023381380624844957, 0.04949733059218353, 0.010768011503598268, 0.19190381150760463], [0.0006302653675131584, 0.000361610056086772, 0.05699999999999994, 0.007303042612715438, 7.199999999999999, 0.15265458586491917, 0.11593517728062419], [0.0007478826910497834, 0.00040599163310550213, 0.05699999999999994, 0.0072133476185732275, 7.199999999999999, 0.26445499026766545, 0.023865535846804453], [0.0004037928969798958, 0.00019816285472664752, 0.03799999999999981, 0.002726952015539126, 10.0, 0.3449195381700783, 0.0013259955619636943]]","[['target_value', 'target_value', 'upper_bound', 'upper_bound', 'lower_bound', 'lower_bound', 'lower_bound'], ['target_value', 'target_value', 'upper_bound', 'upper_bound', 'lower_bound', 'lower_bound', 'lower_bound'], ['target_value', 'target_value', 'upper_bound', 'upper_bound', 'lower_bound', 'lower_bound', 'lower_bound'], ['target_value', 'target_value', 'upper_bound', 'upper_bound', 'lower_bound', 'lower_bound', 'lower_bound']]","[[0.01753738594517346, 0.004510079365701956, 0.33708860257519824, 0.023381380624844957, 0.04949733059218353, 0.010768011503598268, 0.19190381150760463], [0.0006302653675131584, 0.000361610056086772, 0.05699999999999994, 0.007303042612715438, 7.199999999999999, 0.15265458586491917, 0.11593517728062419], [0.0007478826910497834, 0.00040599163310550213, 0.05699999999999994, 0.0072133476185732275, 7.199999999999999, 0.26445499026766545, 0.023865535846804453], [0.0004037928969798958, 0.00019816285472664752, 0.03799999999999981, 0.002726952015539126, 10.0, 0.3449195381700783, 0.0013259955619636943]]",[],,"[[1, 1, 1, 1, 1, 1, 1], [1, 1, 1, 1, 1, 1, 1], [1, 1, 1, 1, 1, 1, 1], [1, 1, 1, 1, 1, 1, 1]]","[['', '', '', '', '', '', ''], ['target_value', 'target_value', '', '', 'lower_bound', '', ''], ['target_value', 'target_value', 'upper_bound', 'upper_bound', 'lower_bound', '', ''], ['target_value', 'target_value', 'upper_bound', 'upper_bound', 'lower_bound', '', '']]","[[nan, nan, nan, nan, nan, nan, nan], [0.0, 0.0, nan, nan, 4.0, nan, nan], [0.0, 0.0, 0.06, 0.0072, 7.199999999999999, nan, nan], [0.0, 0.0, 0.04, 0.00288, 10.0, nan, nan]]","[[0, 0, 0, 0, 0, 0, 0], [1, 1, 0, 0, 1, 0, 0], [1, 1, 1, 1, 1, 0, 0], [1, 1, 1, 1, 1, 0, 0]]",17.066666666666666,0.03416203389417663,0.24676262316173042,0.06600465958024153,276.0224518315351,,,,,276.0224518315351,
fchmm,S4SlideInsert,1342,2,"[[nan, nan, nan, nan, nan, nan, nan], [0.013966301715279716, 0.02180022793750482, nan, nan, 0.3173117957046034, nan, nan], [0.016616917665584815, 0.024635586653374644, 0.011573413656988553, 0.0007639296275713369, 0.0, nan, nan], [0.008965013037735153, 0.011986964626398998, 0.007715609104659616, 0.008759456911980544, 0.0, nan, nan]]","[[nan, nan, nan, nan, nan, nan, nan], [0.0006290481110227614, 0.0003603939895994975, nan, nan, 3.1999999999999993, nan, nan], [0.0007484329697045738, 0.0004072671802141728, 0.003000000000000058, 1.334761857322772e-05, 0.0, nan, nan], [0.00040378796274406423, 0.00019816444200860227, 0.002000000000000189, 0.00015304798446087427, 0.0, nan, nan]]","['surf_dist', 'center_dist', 'orient_err', 'speed', 'angular_speed', 'normal_force', 'noise']","[0.04504042113987532, 0.016531661532743908, 0.2592147908053491, 0.017472314322540528, 10.084718070106007, 0.3422378234631881, 0.3338864451292424]","[[0.01753580021648863, 0.004509605528946144, 0.33708860257519824, 0.023381380624844957, 0.04949733059218353, 0.010768011503598268, 0.19190381150760463], [0.0006290481110227614, 0.0003603939895994975, 0.05699999999999994, 0.007303042612715438, 7.199999999999999, 0.15265458586491917, 0.11665814999077845], [0.0007484329697045738, 0.0004072671802141728, 0.05699999999999994, 0.0072133476185732275, 7.199999999999999, 0.26270758345884326, 0.023865535846804453], [0.00040378796274406423, 0.00019816444200860227, 0.03799999999999981, 0.002726952015539126, 10.0, 0.3449195381700783, 0.0013259955619636943]]","[['target_value', 'target_value', 'upper_bound', 'upper_bound', 'lower_bound', 'lower_bound', 'lower_bound'], ['target_value', 'target_value', 'upper_bound', 'upper_bound', 'lower_bound', 'lower_bound', 'lower_bound'], ['target_value', 'target_value', 'upper_bound', 'upper_bound', 'lower_bound', 'lower_bound', 'lower_bound'], ['target_value', 'target_value', 'upper_bound', 'upper_bound', 'lower_bound', 'lower_bound', 'lower_bound']]","[[0.01753580021648863, 0.004509605528946144, 0.33708860257519824, 0.023381380624844957, 0.04949733059218353, 0.010768011503598268, 0.19190381150760463], [0.0006290481110227614, 0.0003603939895994975, 0.05699999999999994, 0.007303042612715438, 7.199999999999999, 0.15265458586491917, 0.11665814999077845], [0.0007484329697045738, 0.0004072671802141728, 0.05699999999999994, 0.0072133476185732275, 7.199999999999999, 0.26270758345884326, 0.023865535846804453], [0.00040378796274406423, 0.00019816444200860227, 0.03799999999999981, 0.002726952015539126, 10.0, 0.3449195381700783, 0.0013259955619636943]]",[],,"[[1, 1, 1, 1, 1, 1, 1], [1, 1, 1, 1, 1, 1, 1], [1, 1, 1, 1, 1, 1, 1], [1, 1, 1, 1, 1, 1, 1]]","[['', '', '', '', '', '', ''], ['target_value', 'target_value', '', '', 'lower_bound', '', ''], ['target_value', 'target_value', 'upper_bound', 'upper_bound', 'lower_bound', '', ''], ['target_value', 'target_value', 'upper_bound', 'upper_bound', 'lower_bound', '', '']]","[[nan, nan, nan, nan, nan, nan, nan], [0.0, 0.0, nan, nan, 4.0, nan, nan], [0.0, 0.0, 0.06, 0.0072, 7.199999999999999, nan, nan], [0.0, 0.0, 0.04, 0.00288, 10.0, nan, nan]]","[[0, 0, 0, 0, 0, 0, 0], [1, 1, 0, 0, 1, 0, 0], [1, 1, 1, 1, 1, 0, 0], [1, 1, 1, 1, 1, 0, 0]]",16.933333333333334,0.034161170510898585,0.24676257617371752,0.06575095330250555,273.455062224791,,,,,273.455062224791,
fchmm,S4SlideInsert,1342,3,"[[nan, nan, nan, nan, nan, nan, nan], [0.01615557911738128, 0.0032232704432616937, nan, nan, 0.3809495832093708, nan, nan], [0.015071609495111025, 0.023361816186616348, 0.011573413656988553, 0.0015785177050263463, 0.0, nan, nan], [0.008955470800656447, 0.012039376610257549, 0.007715609104659616, 0.008759456911980544, 0.0, nan, nan]]","[[nan, nan, nan, nan, nan, nan, nan], [0.0007276540872054281, 5.328601599649974e-05, nan, nan, 3.8417691455908933, nan, nan], [0.0006788316389155441, 0.00038620963798731943, 0.003000000000000058, 2.7580357505915636e-05, 0.0, nan, nan], [0.00040335817636742276, 0.00019903089918601145, 0.002000000000000189, 0.00015304798446087427, 0.0, nan, nan]]","['surf_dist', 'center_dist', 'orient_err', 'speed', 'angular_speed', 'normal_force', 'noise']","[0.04504042113987532, 0.016531661532743908, 0.2592147908053491, 0.017472314322540528, 10.084718070106007, 0.3422378234631881, 0.3338864451292424]","[[0.03062441631231991, 0.00889982454501472, 0.3603643146941158, 0.02423771460285181, 0.04599263771850648, 0.007052301138312095, 0.22816761386751938], [0.0007276540872054281, 5.328601599649974e-05, 0.1443575258984824, 0.013444707997564916, 0.15823085440910667, 0.12884697663580993, 0.18514966878976372], [0.0006788316389155441, 0.00038620963798731943, 0.05699999999999994, 0.0072275803575059154, 7.199999999999999, 0.1653938237079417, 0.029921069443177267], [0.00040335817636742276, 0.00019903089918601145, 0.03799999999999981, 0.002726952015539126, 10.0, 0.3449195381700783, 0.0013259955619636943]]","[['target_value', 'target_value', 'upper_bound', 'upper_bound', 'lower_bound', 'lower_bound', 'lower_bound'], ['target_value', 'target_value', 'upper_bound', 'upper_bound', 'lower_bound', 'lower_bound', 'lower_bound'], ['target_value', 'target_value', 'upper_bound', 'upper_bound', 'lower_bound', 'lower_bound', 'lower_bound'], ['target_value', 'target_value', 'upper_bound', 'upper_bound', 'lower_bound', 'lower_bound', 'lower_bound']]","[[0.03062441631231991, 0.00889982454501472, 0.3603643146941158, 0.02423771460285181, 0.04599263771850648, 0.007052301138312095, 0.22816761386751938], [0.0007276540872054281, 5.328601599649974e-05, 0.1443575258984824, 0.013444707997564916, 0.15823085440910667, 0.12884697663580993, 0.18514966878976372], [0.0006788316389155441, 0.00038620963798731943, 0.05699999999999994, 0.0072275803575059154, 7.199999999999999, 0.1653938237079417, 0.029921069443177267], [0.00040335817636742276, 0.00019903089918601145, 0.03799999999999981, 0.002726952015539126, 10.0, 0.3449195381700783, 0.0013259955619636943]]",[],,"[[1, 1, 1, 1, 1, 1, 1], [1, 1, 1, 1, 1, 1, 1], [1, 1, 1, 1, 1, 1, 1], [1, 1, 1, 1, 1, 1, 1]]","[['', '', '', '', '', '', ''], ['target_value', 'target_value', '', '', 'lower_bound', '', ''], ['target_value', 'target_value', 'upper_bound', 'upper_bound', 'lower_bound', '', ''], ['target_value', 'target_value', 'upper_bound', 'upper_bound', 'lower_bound', '', '']]","[[nan, nan, nan, nan, nan, nan, nan], [0.0, 0.0, nan, nan, 4.0, nan, nan], [0.0, 0.0, 0.06, 0.0072, 7.199999999999999, nan, nan], [0.0, 0.0, 0.04, 0.00288, 10.0, nan, nan]]","[[0, 0, 0, 0, 0, 0, 0], [1, 1, 0, 0, 1, 0, 0], [1, 1, 1, 1, 1, 0, 0], [1, 1, 1, 1, 1, 0, 0]]",0.9666666666666666,0.03764490024933155,0.2961075495683476,0.04018330954254515,343.8795440410221,,,,,343.8795440410221,
fchmm,S4SlideInsert,1342,4,"[[nan, nan, nan, nan, nan, nan, nan], [0.015140770449256989, 0.022990758726154095, nan, nan, 0.3173117957046034, nan, nan], [0.02089898503208809, 0.008938794103075078, 0.08487170015124847, 0.25593185604082125, 0.2776478212415281, nan, nan], [0.00676010515096709, 0.013531828675698857, 0.007715609104659616, 0.008832896058920084, 0.0, nan, nan]]","[[nan, nan, nan, nan, nan, nan, nan], [0.000681946677416714, 0.000380075441641758, nan, nan, 3.1999999999999993, nan, nan], [0.0009412990872411982, 0.00014777311862292433, 0.022000000000000186, 0.004471721833896422, 2.8000000000000007, nan, nan], [0.00030447798294939814, 0.00022370361158573172, 0.002000000000000189, 0.00015433113631978116, 0.0, nan, nan]]","['surf_dist', 'center_dist', 'orient_err', 'speed', 'angular_speed', 'normal_force', 'noise']","[0.04504042113987532, 0.016531661532743908, 0.2592147908053491, 0.017472314322540528, 10.084718070106007, 0.3422378234631881, 0.3338864451292424]","[[0.017522414762860063, 0.004505609111140978, 0.33708860257519824, 0.023381380624844957, 0.04949733059218353, 0.010768011503598268, 0.19190381150760463], [0.000681946677416714, 0.000380075441641758, 0.05699999999999994, 0.0072303853158695456, 7.199999999999999, 0.16286497582381376, 0.030385778238013528], [0.0009412990872411982, 0.00014777311862292433, 0.03799999999999981, 0.0027282781661035777, 10.0, 0.33750948211656084, 0.00705809914687458], [0.00030447798294939814, 0.00022370361158573172, 0.03799999999999981, 0.002725668863680219, 10.0, 0.3634232921196264, 0.0]]","[['target_value', 'target_value', 'upper_bound', 'upper_bound', 'lower_bound', 'lower_bound', 'lower_bound'], ['target_value', 'target_value', 'upper_bound', 'upper_bound', 'lower_bound', 'lower_bound', 'lower_bound'], ['target_value', 'target_value', 'upper_bound', 'upper_bound', 'lower_bound', 'lower_bound', 'lower_bound'], ['target_value', 'target_value', 'upper_bound', 'upper_bound', 'lower_bound', 'lower_bound', 'lower_bound']]","[[0.017522414762860063, 0.004505609111140978, 0.33708860257519824, 0.023381380624844957, 0.04949733059218353, 0.010768011503598268, 0.19190381150760463], [0.000681946677416714, 0.000380075441641758, 0.05699999999999994, 0.0072303853158695456, 7.199999999999999, 0.16286497582381376, 0.030385778238013528], [0.0009412990872411982, 0.00014777311862292433, 0.03799999999999981, 0.0027282781661035777, 10.0, 0.33750948211656084, 0.00705809914687458], [0.00030447798294939814, 0.00022370361158573172, 0.03799999999999981, 0.002725668863680219, 10.0, 0.3634232921196264, 0.0]]",[],,"[[1, 1, 1, 1, 1, 1, 1], [1, 1, 1, 1, 1, 1, 1], [1, 1, 1, 1, 1, 1, 1], [1, 1, 1, 1, 1, 1, 1]]","[['', '', '', '', '', '', ''], ['target_value', 'target_value', '', '', 'lower_bound', '', ''], ['target_value', 'target_value', 'upper_bound', 'upper_bound', 'lower_bound', '', ''], ['target_value', 'target_value', 'upper_bound', 'upper_bound', 'lower_bound', '', '']]","[[nan, nan, nan, nan, nan, nan, nan], [0.0, 0.0, nan, nan, 4.0, nan, nan], [0.0, 0.0, 0.06, 0.0072, 7.199999999999999, nan, nan], [0.0, 0.0, 0.04, 0.00288, 10.0, nan, nan]]","[[0, 0, 0, 0, 0, 0, 0], [1, 1, 0, 0, 1, 0, 0], [1, 1, 1, 1, 1, 0, 0], [1, 1, 1, 1, 1, 0, 0]]",30.8,0.08004407080300162,0.4639465637607441,0.0916036442807107,110.47873332967605,,,,,110.47873332967605,
fchmm,S4SlideInsert,1342,5,"[[nan, nan, nan, nan, nan, nan, nan], [0.28938410236296347, 0.22707126371177186, nan, nan, 0.39225819332743, nan, nan], [0.014310355759446012, 0.0034319919600822144, 0.19769483470869098, 0.007852820250701735, 0.3173117957046034, nan, nan], [0.013548235211875207, 0.02126472645343398, 0.0655826773896003, 0.24836243179965084, 0.2776478212415281, nan, nan]]","[[nan, nan, nan, nan, nan, nan, nan], [0.013033981841612662, 0.0037538652754954462, nan, nan, 3.955813290396269, nan, nan], [0.0006445444500668886, 5.6736529467177506e-05, 0.0512454252223114, 0.00013720694373867224, 3.1999999999999993, nan, nan], [0.0006102182196449472, 0.0003515412603145563, 0.01699999999999994, 0.004339466474314034, 2.8000000000000007, nan, nan]]","['surf_dist', 'center_dist', 'orient_err', 'speed', 'angular_speed', 'normal_force', 'noise']","[0.04504042113987532, 0.016531661532743908, 0.2592147908053491, 0.017472314322540528, 10.084718070106007, 0.3422378234631881, 0.3338864451292424]","[[0.04260586859421278, 0.014368690658396811, 0.37871519001398024, 0.025265371834114887, 0.04891574230703544, 0.0, 0.29208746497998667], [0.013033981841612662, 0.0037538652754954462, 0.2604939208500836, 0.01989268289693306, 0.04418670960373117, 0.08559223403661412, 0.20436859970297666], [0.0006445444500668886, 5.6736529467177506e-05, 0.1112454252223114, 0.0070627930562613276, 4.0, 0.13047225573853302, 0.18480029863607744], [0.0006102182196449472, 0.0003515412603145563, 0.05699999999999994, 0.007219466474314035, 7.199999999999999, 0.1930583384536847, 0.005529437171283291]]","[['target_value', 'target_value', 'upper_bound', 'upper_bound', 'lower_bound', 'lower_bound', 'lower_bound'], ['target_value', 'target_value', 'upper_bound', 'upper_bound', 'lower_bound', 'lower_bound', 'lower_bound'], ['target_value', 'target_value', 'upper_bound', 'upper_bound', 'lower_bound', 'lower_bound', 'lower_bound'], ['target_value', 'target_value', 'upper_bound', 'upper_bound', 'lower_bound', 'lower_bound', 'lower_bound']]","[[0.04260586859421278, 0.014368690658396811, 0.37871519001398024, 0.025265371834114887, 0.04891574230703544, 0.0, 0.29208746497998667], [0.013033981841612662, 0.0037538652754954462, 0.2604939208500836, 0.01989268289693306, 0.04418670960373117, 0.08559223403661412, 0.20436859970297666], [0.0006445444500668886, 5.6736529467177506e-05, 0.1112454252223114, 0.0070627930562613276, 4.0, 0.13047225573853302, 0.18480029863607744], [0.0006102182196449472, 0.0003515412603145563, 0.05699999999999994, 0.007219466474314035, 7.199999999999999, 0.1930583384536847, 0.005529437171283291]]",[],,"[[1, 1, 1, 1, 1, 1, 1], [1, 1, 1, 1, 1, 1, 1], [1, 1, 1, 1, 1, 1, 1], [1, 1, 1, 1, 1, 1, 1]]","[['', '', '', '', '', '', ''], ['target_value', 'target_value', '', '', 'lower_bound', '', ''], ['target_value', 'target_value', 'upper_bound', 'upper_bound', 'lower_bound', '', ''], ['target_value', 'target_value', 'upper_bound', 'upper_bound', 'lower_bound', '', '']]","[[nan, nan, nan, nan, nan, nan, nan], [0.0, 0.0, nan, nan, 4.0, nan, nan], [0.0, 0.0, 0.06, 0.0072, 7.199999999999999, nan, nan], [0.0, 0.0, 0.04, 0.00288, 10.0, nan, nan]]","[[0, 0, 0, 0, 0, 0, 0], [1, 1, 0, 0, 1, 0, 0], [1, 1, 1, 1, 1, 0, 0], [1, 1, 1, 1, 1, 0, 0]]",32.06666666666667,0.1596708653755214,0.772845098201018,0.11154716398478692,31.011147863582497,,,,,31.011147863582497,
fchmm,S4SlideInsert,1342,6,"[[nan, nan, nan, nan, nan, nan, nan], [0.014006638236986895, 0.021894119410609116, nan, nan, 0.3173117957046034, nan, nan], [0.016588445288841527, 0.024549276155800694, 0.011573413656988553, 0.0007639296275713369, 0.0, nan, nan], [0.00896497621473634, 0.011987137140833576, 0.007715609104659616, 0.008759456911980544, 0.0, nan, nan]]","[[nan, nan, nan, nan, nan, nan, nan], [0.0006308648849477705, 0.0003619461716536684, nan, nan, 3.1999999999999993, nan, nan], [0.000747150561865203, 0.00040584032428155753, 0.003000000000000058, 1.334761857322772e-05, 0.0, nan, nan], [0.00040378630422069003, 0.0001981672939588442, 0.002000000000000189, 0.00015304798446087427, 0.0, nan, nan]]","['surf_dist', 'center_dist', 'orient_err', 'speed', 'angular_speed', 'normal_force', 'noise']","[0.04504042113987532, 0.016531661532743908, 0.2592147908053491, 0.017472314322540528, 10.084718070106007, 0.3422378234631881, 0.3338864451292424]","[[0.017530571635754017, 0.0045080431129032005, 0.33708860257519824, 0.023381380624844957, 0.04949733059218353, 0.010768011503598268, 0.19190381150760463], [0.0006308648849477705, 0.0003619461716536684, 0.05699999999999994, 0.007303042612715438, 7.199999999999999, 0.15265458586491917, 0.11593517728062419], [0.000747150561865203, 0.00040584032428155753, 0.05699999999999994, 0.0072133476185732275, 7.199999999999999, 0.26445499026766545, 0.023865535846804453], [0.00040378630422069003, 0.0001981672939588442, 0.03799999999999981, 0.002726952015539126, 10.0, 0.3449195381700783, 0.0013259955619636943]]","[['target_value', 'target_value', 'upper_bound', 'upper_bound', 'lower_bound', 'lower_bound', 'lower_bound'], ['target_value', 'target_value', 'upper_bound', 'upper_bound', 'lower_bound', 'lower_bound', 'lower_bound'], ['target_value', 'target_value', 'upper_bound', 'upper_bound', 'lower_bound', 'lower_bound', 'lower_bound'], ['target_value', 'target_value', 'upper_bound', 'upper_bound', 'lower_bound', 'lower_bound', 'lower_bound']]","[[0.017530571635754017, 0.0045080431129032005, 0.33708860257519824, 0.023381380624844957, 0.04949733059218353, 0.010768011503598268, 0.19190381150760463], [0.0006308648849477705, 0.0003619461716536684, 0.05699999999999994, 0.007303042612715438, 7.199999999999999, 0.15265458586491917, 0.11593517728062419], [0.000747150561865203, 0.00040584032428155753, 0.05699999999999994, 0.0072133476185732275, 7.199999999999999, 0.26445499026766545, 0.023865535846804453], [0.00040378630422069003, 0.0001981672939588442, 0.03799999999999981, 0.002726952015539126, 10.0, 0.3449195381700783, 0.0013259955619636943]]",[],,"[[1, 1, 1, 1, 1, 1, 1], [1, 1, 1, 1, 1, 1, 1], [1, 1, 1, 1, 1, 1, 1], [1, 1, 1, 1, 1, 1, 1]]","[['', '', '', '', '', '', ''], ['target_value', 'target_value', '', '', 'lower_bound', '', ''], ['target_value', 'target_value', 'upper_bound', 'upper_bound', 'lower_bound', '', ''], ['target_value', 'target_value', 'upper_bound', 'upper_bound', 'lower_bound', '', '']]","[[nan, nan, nan, nan, nan, nan, nan], [0.0, 0.0, nan, nan, 4.0, nan, nan], [0.0, 0.0, 0.06, 0.0072, 7.199999999999999, nan, nan], [0.0, 0.0, 0.04, 0.00288, 10.0, nan, nan]]","[[0, 0, 0, 0, 0, 0, 0], [1, 1, 0, 0, 1, 0, 0], [1, 1, 1, 1, 1, 0, 0], [1, 1, 1, 1, 1, 0, 0]]",17.066666666666666,0.03416267672720089,0.24676262701107396,0.06600465958024153,280.9203146418775,,,,,280.9203146418775,
fchmm,S4SlideInsert,1342,7,"[[nan, nan, nan, nan, nan, nan, nan], [0.2910831413829191, 0.227667312359865, nan, nan, 0.39225819332743, nan, nan], [0.014267220287448618, 0.003480090514340164, 0.19769483470869098, 0.007837050166199141, 0.3173117957046034, nan, nan], [0.01355965302152765, 0.021294237944851947, 0.0655826773896003, 0.24836243179965084, 0.2776478212415281, nan, nan]]","[[nan, nan, nan, nan, nan, nan, nan], [0.013110507274604544, 0.003763718950002772, nan, nan, 3.955813290396269, nan, nan], [0.0006426016102420587, 5.753167848638425e-05, 0.0512454252223114, 0.00013693140386534988, 3.1999999999999993, nan, nan], [0.0006107324826001882, 0.00035202913430200464, 0.01699999999999994, 0.004339466474314034, 2.8000000000000007, nan, nan]]","['surf_dist', 'center_dist', 'orient_err', 'speed', 'angular_speed', 'normal_force', 'noise']","[0.04504042113987532, 0.016531661532743908, 0.2592147908053491, 0.017472314322540528, 10.084718070106007, 0.3422378234631881, 0.3338864451292424]","[[0.04267620666242296, 0.014428563538012444, 0.37871519001398024, 0.025265371834114887, 0.04891574230703544, 0.0, 0.29208746497998667], [0.013110507274604544, 0.003763718950002772, 0.2604939208500836, 0.01989268289693306, 0.04418670960373117, 0.08559223403661412, 0.20436859970297666], [0.0006426016102420587, 5.753167848638425e-05, 0.1112454252223114, 0.00706306859613465, 4.0, 0.13047225573853302, 0.18504012838255146], [0.0006107324826001882, 0.00035202913430200464, 0.05699999999999994, 0.007219466474314035, 7.199999999999999, 0.19482670341081454, 0.005529437171283291]]","[['target_value', 'target_value', 'upper_bound', 'upper_bound', 'lower_bound', 'lower_bound', 'lower_bound'], ['target_value', 'target_value', 'upper_bound', 'upper_bound', 'lower_bound', 'lower_bound', 'lower_bound'], ['target_value', 'target_value', 'upper_bound', 'upper_bound', 'lower_bound', 'lower_bound', 'lower_bound'], ['target_value', 'target_value', 'upper_bound', 'upper_bound', 'lower_bound', 'lower_bound', 'lower_bound']]","[[0.04267620666242296, 0.014428563538012444, 0.37871519001398024, 0.025265371834114887, 0.04891574230703544, 0.0, 0.29208746497998667], [0.013110507274604544, 0.003763718950002772, 0.2604939208500836, 0.01989268289693306, 0.04418670960373117, 0.08559223403661412, 0.20436859970297666], [0.0006426016102420587, 5.753167848638425e-05, 0.1112454252223114, 0.00706306859613465, 4.0, 0.13047225573853302, 0.18504012838255146], [0.0006107324826001882, 0.00035202913430200464, 0.05699999999999994, 0.007219466474314035, 7.199999999999999, 0.19482670341081454, 0.005529437171283291]]",[],,"[[1, 1, 1, 1, 1, 1, 1], [1, 1, 1, 1, 1, 1, 1], [1, 1, 1, 1, 1, 1, 1], [1, 1, 1, 1, 1, 1, 1]]","[['', '', '', '', '', '', ''], ['target_value', 'target_value', '', '', 'lower_bound', '', ''], ['target_value', 'target_value', 'upper_bound', 'upper_bound', 'lower_bound', '', ''], ['target_value', 'target_value', 'upper_bound', 'upper_bound', 'lower_bound', '', '']]","[[nan, nan, nan, nan, nan, nan, nan], [0.0, 0.0, nan, nan, 4.0, nan, nan], [0.0, 0.0, 0.06, 0.0072, 7.199999999999999, nan, nan], [0.0, 0.0, 0.04, 0.00288, 10.0, nan, nan]]","[[0, 0, 0, 0, 0, 0, 0], [1, 1, 0, 0, 1, 0, 0], [1, 1, 1, 1, 1, 0, 0], [1, 1, 1, 1, 1, 0, 0]]",31.96666666666667,0.1598497276806658,0.7728517103559229,0.11134777910479779,53.530414793522446,,,,,53.530414793522446,
fchmm,S4SlideInsert,1342,8,"[[nan, nan, nan, nan, nan, nan, nan], [0.0139607215867021, 0.02181141126067756, nan, nan, 0.3173117957046034, nan, nan], [0.016626756044549513, 0.024621412118656014, 0.011573413656988553, 0.0007639296275713369, 0.0, nan, nan], [0.008965156455318445, 0.011986622452625119, 0.007715609104659616, 0.008759456911980544, 0.0, nan, nan]]","[[nan, nan, nan, nan, nan, nan, nan], [0.000628796779681611, 0.0003605788685130005, nan, nan, 3.1999999999999993, nan, nan], [0.0007488760944364776, 0.00040703285160382033, 0.003000000000000058, 1.334761857322772e-05, 0.0, nan, nan], [0.00040379442233241455, 0.00019815878530758712, 0.002000000000000189, 0.00015304798446087427, 0.0, nan, nan]]","['surf_dist', 'center_dist', 'orient_err', 'speed', 'angular_speed', 'normal_force', 'noise']","[0.04504042113987532, 0.016531661532743908, 0.2592147908053491, 0.017472314322540528, 10.084718070106007, 0.3422378234631881, 0.3338864451292424]","[[0.017535530868195363, 0.004509525210766308, 0.33708860257519824, 0.023381380624844957, 0.04949733059218353, 0.010768011503598268, 0.19190381150760463], [0.000628796779681611, 0.0003605788685130005, 0.05699999999999994, 0.007303042612715438, 7.199999999999999, 0.15265458586491917, 0.11665814999077845], [0.0007488760944364776, 0.00040703285160382033, 0.05699999999999994, 0.0072133476185732275, 7.199999999999999, 0.26366552522959685, 0.023865535846804453], [0.00040379442233241455, 0.00019815878530758712, 0.03799999999999981, 0.002726952015539126, 10.0, 0.3449195381700783, 0.0013259955619636943]]","[['target_value', 'target_value', 'upper_bound', 'upper_bound', 'lower_bound', 'lower_bound', 'lower_bound'], ['target_value', 'target_value', 'upper_bound', 'upper_bound', 'lower_bound', 'lower_bound', 'lower_bound'], ['target_value', 'target_value', 'upper_bound', 'upper_bound', 'lower_bound', 'lower_bound', 'lower_bound'], ['target_value', 'target_value', 'upper_bound', 'upper_bound', 'lower_bound', 'lower_bound', 'lower_bound']]","[[0.017535530868195363, 0.004509525210766308, 0.33708860257519824, 0.023381380624844957, 0.04949733059218353, 0.010768011503598268, 0.19190381150760463], [0.000628796779681611, 0.0003605788685130005, 0.05699999999999994, 0.007303042612715438, 7.199999999999999, 0.15265458586491917, 0.11665814999077845], [0.0007488760944364776, 0.00040703285160382033, 0.05699999999999994, 0.0072133476185732275, 7.199999999999999, 0.26366552522959685, 0.023865535846804453], [0.00040379442233241455, 0.00019815878530758712, 0.03799999999999981, 0.002726952015539126, 10.0, 0.3449195381700783, 0.0013259955619636943]]",[],,"[[1, 1, 1, 1, 1, 1, 1], [1, 1, 1, 1, 1, 1, 1], [1, 1, 1, 1, 1, 1, 1], [1, 1, 1, 1, 1, 1, 1]]","[['', '', '', '', '', '', ''], ['target_value', 'target_value', '', '', 'lower_bound', '', ''], ['target_value', 'target_value', 'upper_bound', 'upper_bound', 'lower_bound', '', ''], ['target_value', 'target_value', 'upper_bound', 'upper_bound', 'lower_bound', '', '']]","[[nan, nan, nan, nan, nan, nan, nan], [0.0, 0.0, nan, nan, 4.0, nan, nan], [0.0, 0.0, 0.06, 0.0072, 7.199999999999999, nan, nan], [0.0, 0.0, 0.04, 0.00288, 10.0, nan, nan]]","[[0, 0, 0, 0, 0, 0, 0], [1, 1, 0, 0, 1, 0, 0], [1, 1, 1, 1, 1, 0, 0], [1, 1, 1, 1, 1, 0, 0]]",16.96666666666667,0.03416125268648709,0.24676258718499294,0.0658147401296013,275.54774276184827,,,,,275.54774276184827,
fchmm,S4SlideInsert,1342,9,"[[nan, nan, nan, nan, nan, nan, nan], [0.015531007215875678, 0.003052955796674016, nan, nan, 0.37680775739921657, nan, nan], [0.015051418171914457, 0.023532405062850453, 0.011573413656988553, 0.0015785177050263463, 0.0, nan, nan], [0.008955497443744128, 0.012039081952890024, 0.007715609104659616, 0.008759456911980544, 0.0, nan, nan]]","[[nan, nan, nan, nan, nan, nan, nan], [0.000699523105729483, 5.0470431905043356e-05, nan, nan, 3.8, nan, nan], [0.0006779222132153994, 0.0003890297555504728, 0.003000000000000058, 2.7580357505915636e-05, 0.0, nan, nan], [0.0004033593763833124, 0.0001990260280101434, 0.002000000000000189, 0.00015304798446087427, 0.0, nan, nan]]","['surf_dist', 'center_dist', 'orient_err', 'speed', 'angular_speed', 'normal_force', 'noise']","[0.04504042113987532, 0.016531661532743908, 0.2592147908053491, 0.017472314322540528, 10.084718070106007, 0.3422378234631881, 0.3338864451292424]","[[0.029750588868698257, 0.008554758900716709, 0.3603643146941158, 0.02423771460285181, 0.04599263771850648, 0.007052301138312095, 0.22184032207145343], [0.000699523105729483, 5.0470431905043356e-05, 0.13736701006086038, 0.00880158301822724, 0.20000000000000018, 0.12884697663580993, 0.18504012838255146], [0.0006779222132153994, 0.0003890297555504728, 0.05699999999999994, 0.0072275803575059154, 7.199999999999999, 0.16782108759878853, 0.029921069443177267], [0.0004033593763833124, 0.0001990260280101434, 0.03799999999999981, 0.002726952015539126, 10.0, 0.3449195381700783, 0.0013259955619636943]]","[['target_value', 'target_value', 'upper_bound', 'upper_bound', 'lower_bound', 'lower_bound', 'lower_bound'], ['target_value', 'target_value', 'upper_bound', 'upper_bound', 'lower_bound', 'lower_bound', 'lower_bound'], ['target_value', 'target_value', 'upper_bound', 'upper_bound', 'lower_bound', 'lower_bound', 'lower_bound'], ['target_value', 'target_value', 'upper_bound', 'upper_bound', 'lower_bound', 'lower_bound', 'lower_bound']]","[[0.029750588868698257, 0.008554758900716709, 0.3603643146941158, 0.02423771460285181, 0.04599263771850648, 0.007052301138312095, 0.22184032207145343], [0.000699523105729483, 5.0470431905043356e-05, 0.13736701006086038, 0.00880158301822724, 0.20000000000000018, 0.12884697663580993, 0.18504012838255146], [0.0006779222132153994, 0.0003890297555504728, 0.05699999999999994, 0.0072275803575059154, 7.199999999999999, 0.16782108759878853, 0.029921069443177267], [0.0004033593763833124, 0.0001990260280101434, 0.03799999999999981, 0.002726952015539126, 10.0, 0.3449195381700783, 0.0013259955619636943]]",[],,"[[1, 1, 1, 1, 1, 1, 1], [1, 1, 1, 1, 1, 1, 1], [1, 1, 1, 1, 1, 1, 1], [1, 1, 1, 1, 1, 1, 1]]","[['', '', '', '', '', '', ''], ['target_value', 'target_value', '', '', 'lower_bound', '', ''], ['target_value', 'target_value', 'upper_bound', 'upper_bound', 'lower_bound', '', ''], ['target_value', 'target_value', 'upper_bound', 'upper_bound', 'lower_bound', '', '']]","[[nan, nan, nan, nan, nan, nan, nan], [0.0, 0.0, nan, nan, 4.0, nan, nan], [0.0, 0.0, 0.06, 0.0072, 7.199999999999999, nan, nan], [0.0, 0.0, 0.04, 0.00288, 10.0, nan, nan]]","[[0, 0, 0, 0, 0, 0, 0], [1, 1, 0, 0, 1, 0, 0], [1, 1, 1, 1, 1, 0, 0], [1, 1, 1, 1, 1, 0, 0]]",0.8333333333333333,0.03727670157090927,0.2928923045579047,0.03944008282883764,338.476063088804,,,,,338.476063088804,
map,S4SlideInsert,1342,0,"[[nan, nan, nan, nan, nan, nan, nan], [0.014458964419347421, 0.00397401811540843, nan, nan, 5.386361764813751e-07, nan, nan], [0.01725098957181575, 0.02423401661295553, 0.011573181016527214, 0.018915166494033308, 5.175781974046487e-07, nan, nan], [0.011747421410890546, 0.012965375885664654, 0.007715108184333109, 0.01811780713803531, 2.798868946052577e-07, nan, nan]]","[[nan, nan, nan, nan, nan, nan, nan], [0.0006512378466938806, 6.569712240892499e-05, nan, nan, 5.431993982174532e-06, nan, nan], [0.0007769918353941786, 0.00040062856022427375, 0.0029999396961515393, 0.0003304917344469369, 5.219630200059555e-06, nan, nan], [0.0005291088076540985, 0.00021433920578660783, 0.0019998701540425434, 0.0003165600211509213, 2.822580423611498e-06, nan, nan]]","['surf_dist', 'center_dist', 'orient_err', 'speed', 'normal_force', 'start_dist', 'insert_err']","[0.04504042113987532, 0.016531661532743908, 0.2592147908053491, 0.017472314322540528, 10.084718070106007, 0.3422378234631881, 0.3338864451292424]","[[nan, nan, nan, nan, 0.12652547343987486, nan, nan], [0.0006512378466938806, 6.569712240892499e-05, nan, 0.0010357035953841177, 3.999994568006018, nan, nan], [0.0007769918353941786, 0.00040062856022427375, 0.05700006030384846, 0.006869508265553063, 7.199994780369799, nan, nan], [0.0005291088076540985, 0.00021433920578660783, 0.03800012984595746, 0.002563439978849079, 9.999997177419576, nan, nan]]","[['', '', '', '', 'target_value', '', ''], ['target_value', 'target_value', '', 'target_value', 'lower_bound', '', ''], ['target_value', 'target_value', 'upper_bound', 'target_value', 'lower_bound', '', ''], ['target_value', 'target_value', 'upper_bound', 'target_value', 'lower_bound', '', '']]","[[nan, nan, nan, nan, 0.12652547343987486, nan, nan], [0.0006512378466938806, 6.569712240892499e-05, nan, 0.0010357035953841177, 3.999994568006018, nan, nan], [0.0007769918353941786, 0.00040062856022427375, 0.05700006030384846, 0.006869508265553063, 7.199994780369799, nan, nan], [0.0005291088076540985, 0.00021433920578660783, 0.03800012984595746, 0.002563439978849079, 9.999997177419576, nan, nan]]",[],map_shared_eta,"[[0, 0, 0, 0, 1, 0, 0], [1, 1, 0, 1, 1, 0, 0], [1, 1, 1, 1, 1, 0, 0], [1, 1, 1, 1, 1, 0, 0]]","[['', '', '', '', '', '', ''], ['target_value', 'target_value', '', '', 'lower_bound', '', ''], ['target_value', 'target_value', 'upper_bound', 'upper_bound', 'lower_bound', '', ''], ['target_value', 'target_value', 'upper_bound', 'upper_bound', 'lower_bound', '', '']]","[[nan, nan, nan, nan, nan, nan, nan], [0.0, 0.0, nan, nan, 4.0, nan, nan], [0.0, 0.0, 0.06, 0.0072, 7.199999999999999, nan, nan], [0.0, 0.0, 0.04, 0.00288, 10.0, nan, nan]]","[[0, 0, 0, 0, 0, 0, 0], [1, 1, 0, 0, 1, 0, 0], [1, 1, 1, 1, 1, 0, 0], [1, 1, 1, 1, 1, 0, 0]]",0.0,0.010842568073098443,0.0006383337837353655,0.03589153816246936,-6596.786359716148,,,,,,-6596.786359716148
map,S4SlideInsert,1342,1,"[[nan, nan, nan, nan, nan, nan, nan], [0.014458964419347421, 0.00397401811540843, nan, nan, 5.386361764813751e-07, nan, nan], [0.01725098957181575, 0.02423401661295553, 0.011573181016527214, 0.018915166494033308, 5.175781974046487e-07, nan, nan], [0.011747421410890546, 0.012965375885664654, 0.007715108184333109, 0.01811780713803531, 2.798868946052577e-07, nan, nan]]","[[nan, nan, nan, nan, nan, nan, nan], [0.0006512378466938806, 6.569712240892499e-05, nan, nan, 5.431993982174532e-06, nan, nan], [0.0007769918353941786, 0.00040062856022427375, 0.0029999396961515393, 0.0003304917344469369, 5.219630200059555e-06, nan, nan], [0.0005291088076540985, 0.00021433920578660783, 0.0019998701540425434, 0.0003165600211509213, 2.822580423611498e-06, nan, nan]]","['surf_dist', 'center_dist', 'orient_err', 'speed', 'normal_force', 'start_dist', 'insert_err']","[0.04504042113987532, 0.016531661532743908, 0.2592147908053491, 0.017472314322540528, 10.084718070106007, 0.3422378234631881, 0.3338864451292424]","[[nan, nan, nan, nan, 0.12652547343987486, nan, nan], [0.0006512378466938806, 6.569712240892499e-05, nan, 0.0010357035953841177, 3.999994568006018, nan, nan], [0.0007769918353941786, 0.00040062856022427375, 0.05700006030384846, 0.006869508265553063, 7.199994780369799, nan, nan], [0.0005291088076540985, 0.00021433920578660783, 0.03800012984595746, 0.002563439978849079, 9.999997177419576, nan, nan]]","[['', '', '', '', 'target_value', '', ''], ['target_value', 'target_value', '', 'target_value', 'lower_bound', '', ''], ['target_value', 'target_value', 'upper_bound', 'target_value', 'lower_bound', '', ''], ['target_value', 'target_value', 'upper_bound', 'target_value', 'lower_bound', '', '']]","[[nan, nan, nan, nan, 0.12652547343987486, nan, nan], [0.0006512378466938806, 6.569712240892499e-05, nan, 0.0010357035953841177, 3.999994568006018, nan, nan], [0.0007769918353941786, 0.00040062856022427375, 0.05700006030384846, 0.006869508265553063, 7.199994780369799, nan, nan], [0.0005291088076540985, 0.00021433920578660783, 0.03800012984595746, 0.002563439978849079, 9.999997177419576, nan, nan]]",[],map_shared_eta,"[[0, 0, 0, 0, 1, 0, 0], [1, 1, 0, 1, 1, 0, 0], [1, 1, 1, 1, 1, 0, 0], [1, 1, 1, 1, 1, 0, 0]]","[['', '', '', '', '', '', ''], ['target_value', 'target_value', '', '', 'lower_bound', '', ''], ['target_value', 'target_value', 'upper_bound', 'upper_bound', 'lower_bound', '', ''], ['target_value', 'target_value', 'upper_bound', 'upper_bound', 'lower_bound', '', '']]","[[nan, nan, nan, nan, nan, nan, nan], [0.0, 0.0, nan, nan, 4.0, nan, nan], [0.0, 0.0, 0.06, 0.0072, 7.199999999999999, nan, nan], [0.0, 0.0, 0.04, 0.00288, 10.0, nan, nan]]","[[0, 0, 0, 0, 0, 0, 0], [1, 1, 0, 0, 1, 0, 0], [1, 1, 1, 1, 1, 0, 0], [1, 1, 1, 1, 1, 0, 0]]",0.0,0.010842568073098443,0.0006383337837353655,0.03589153816246936,-6596.786359716148,,,,,,-6596.786359716148
map,S4SlideInsert,1342,2,"[[nan, nan, nan, nan, nan, nan, nan], [0.014458964419347421, 0.00397401811540843, nan, nan, 5.386361764813751e-07, nan, nan], [0.01725098957181575, 0.02423401661295553, 0.011573181016527214, 0.018915166494033308, 5.175781974046487e-07, nan, nan], [0.011747421410890546, 0.012965375885664654, 0.007715108184333109, 0.01811780713803531, 2.798868946052577e-07, nan, nan]]","[[nan, nan, nan, nan, nan, nan, nan], [0.0006512378466938806, 6.569712240892499e-05, nan, nan, 5.431993982174532e-06, nan, nan], [0.0007769918353941786, 0.00040062856022427375, 0.0029999396961515393, 0.0003304917344469369, 5.219630200059555e-06, nan, nan], [0.0005291088076540985, 0.00021433920578660783, 0.0019998701540425434, 0.0003165600211509213, 2.822580423611498e-06, nan, nan]]","['surf_dist', 'center_dist', 'orient_err', 'speed', 'normal_force', 'start_dist', 'insert_err']","[0.04504042113987532, 0.016531661532743908, 0.2592147908053491, 0.017472314322540528, 10.084718070106007, 0.3422378234631881, 0.3338864451292424]","[[nan, nan, nan, nan, 0.12652547343987486, nan, nan], [0.0006512378466938806, 6.569712240892499e-05, nan, 0.0010357035953841177, 3.999994568006018, nan, nan], [0.0007769918353941786, 0.00040062856022427375, 0.05700006030384846, 0.006869508265553063, 7.199994780369799, nan, nan], [0.0005291088076540985, 0.00021433920578660783, 0.03800012984595746, 0.002563439978849079, 9.999997177419576, nan, nan]]","[['', '', '', '', 'target_value', '', ''], ['target_value', 'target_value', '', 'target_value', 'lower_bound', '', ''], ['target_value', 'target_value', 'upper_bound', 'target_value', 'lower_bound', '', ''], ['target_value', 'target_value', 'upper_bound', 'target_value', 'lower_bound', '', '']]","[[nan, nan, nan, nan, 0.12652547343987486, nan, nan], [0.0006512378466938806, 6.569712240892499e-05, nan, 0.0010357035953841177, 3.999994568006018, nan, nan], [0.0007769918353941786, 0.00040062856022427375, 0.05700006030384846, 0.006869508265553063, 7.199994780369799, nan, nan], [0.0005291088076540985, 0.00021433920578660783, 0.03800012984595746, 0.002563439978849079, 9.999997177419576, nan, nan]]",[],map_shared_eta,"[[0, 0, 0, 0, 1, 0, 0], [1, 1, 0, 1, 1, 0, 0], [1, 1, 1, 1, 1, 0, 0], [1, 1, 1, 1, 1, 0, 0]]","[['', '', '', '', '', '', ''], ['target_value', 'target_value', '', '', 'lower_bound', '', ''], ['target_value', 'target_value', 'upper_bound', 'upper_bound', 'lower_bound', '', ''], ['target_value', 'target_value', 'upper_bound', 'upper_bound', 'lower_bound', '', '']]","[[nan, nan, nan, nan, nan, nan, nan], [0.0, 0.0, nan, nan, 4.0, nan, nan], [0.0, 0.0, 0.06, 0.0072, 7.199999999999999, nan, nan], [0.0, 0.0, 0.04, 0.00288, 10.0, nan, nan]]","[[0, 0, 0, 0, 0, 0, 0], [1, 1, 0, 0, 1, 0, 0], [1, 1, 1, 1, 1, 0, 0], [1, 1, 1, 1, 1, 0, 0]]",0.0,0.010842568073098443,0.0006383337837353655,0.03589153816246936,-6596.786359716148,,,,,,-6596.786359716148
map,S4SlideInsert,1342,3,"[[nan, nan, nan, nan, nan, nan, nan], [0.014458964419347421, 0.00397401811540843, nan, nan, 5.386361764813751e-07, nan, nan], [0.01725098957181575, 0.02423401661295553, 0.011573181016527214, 0.018915166494033308, 5.175781974046487e-07, nan, nan], [0.011747421410890546, 0.012965375885664654, 0.007715108184333109, 0.01811780713803531, 2.798868946052577e-07, nan, nan]]","[[nan, nan, nan, nan, nan, nan, nan], [0.0006512378466938806, 6.569712240892499e-05, nan, nan, 5.431993982174532e-06, nan, nan], [0.0007769918353941786, 0.00040062856022427375, 0.0029999396961515393, 0.0003304917344469369, 5.219630200059555e-06, nan, nan], [0.0005291088076540985, 0.00021433920578660783, 0.0019998701540425434, 0.0003165600211509213, 2.822580423611498e-06, nan, nan]]","['surf_dist', 'center_dist', 'orient_err', 'speed', 'normal_force', 'start_dist', 'insert_err']","[0.04504042113987532, 0.016531661532743908, 0.2592147908053491, 0.017472314322540528, 10.084718070106007, 0.3422378234631881, 0.3338864451292424]","[[nan, nan, nan, nan, 0.12652547343987486, nan, nan], [0.0006512378466938806, 6.569712240892499e-05, nan, 0.0010357035953841177, 3.999994568006018, nan, nan], [0.0007769918353941786, 0.00040062856022427375, 0.05700006030384846, 0.006869508265553063, 7.199994780369799, nan, nan], [0.0005291088076540985, 0.00021433920578660783, 0.03800012984595746, 0.002563439978849079, 9.999997177419576, nan, nan]]","[['', '', '', '', 'target_value', '', ''], ['target_value', 'target_value', '', 'target_value', 'lower_bound', '', ''], ['target_value', 'target_value', 'upper_bound', 'target_value', 'lower_bound', '', ''], ['target_value', 'target_value', 'upper_bound', 'target_value', 'lower_bound', '', '']]","[[nan, nan, nan, nan, 0.12652547343987486, nan, nan], [0.0006512378466938806, 6.569712240892499e-05, nan, 0.0010357035953841177, 3.999994568006018, nan, nan], [0.0007769918353941786, 0.00040062856022427375, 0.05700006030384846, 0.006869508265553063, 7.199994780369799, nan, nan], [0.0005291088076540985, 0.00021433920578660783, 0.03800012984595746, 0.002563439978849079, 9.999997177419576, nan, nan]]",[],map_shared_eta,"[[0, 0, 0, 0, 1, 0, 0], [1, 1, 0, 1, 1, 0, 0], [1, 1, 1, 1, 1, 0, 0], [1, 1, 1, 1, 1, 0, 0]]","[['', '', '', '', '', '', ''], ['target_value', 'target_value', '', '', 'lower_bound', '', ''], ['target_value', 'target_value', 'upper_bound', 'upper_bound', 'lower_bound', '', ''], ['target_value', 'target_value', 'upper_bound', 'upper_bound', 'lower_bound', '', '']]","[[nan, nan, nan, nan, nan, nan, nan], [0.0, 0.0, nan, nan, 4.0, nan, nan], [0.0, 0.0, 0.06, 0.0072, 7.199999999999999, nan, nan], [0.0, 0.0, 0.04, 0.00288, 10.0, nan, nan]]","[[0, 0, 0, 0, 0, 0, 0], [1, 1, 0, 0, 1, 0, 0], [1, 1, 1, 1, 1, 0, 0], [1, 1, 1, 1, 1, 0, 0]]",0.0,0.010842568073098443,0.0006383337837353655,0.03589153816246936,-6596.786359716148,,,,,,-6596.786359716148
map,S4SlideInsert,1342,4,"[[nan, nan, nan, nan, nan, nan, nan], [0.014458964419347421, 0.00397401811540843, nan, nan, 5.386361764813751e-07, nan, nan], [0.01725098957181575, 0.02423401661295553, 0.011573181016527214, 0.018915166494033308, 5.175781974046487e-07, nan, nan], [0.011747421410890546, 0.012965375885664654, 0.007715108184333109, 0.01811780713803531, 2.798868946052577e-07, nan, nan]]","[[nan, nan, nan, nan, nan, nan, nan], [0.0006512378466938806, 6.569712240892499e-05, nan, nan, 5.431993982174532e-06, nan, nan], [0.0007769918353941786, 0.00040062856022427375, 0.0029999396961515393, 0.0003304917344469369, 5.219630200059555e-06, nan, nan], [0.0005291088076540985, 0.00021433920578660783, 0.0019998701540425434, 0.0003165600211509213, 2.822580423611498e-06, nan, nan]]","['surf_dist', 'center_dist', 'orient_err', 'speed', 'normal_force', 'start_dist', 'insert_err']","[0.04504042113987532, 0.016531661532743908, 0.2592147908053491, 0.017472314322540528, 10.084718070106007, 0.3422378234631881, 0.3338864451292424]","[[nan, nan, nan, nan, 0.12652547343987486, nan, nan], [0.0006512378466938806, 6.569712240892499e-05, nan, 0.0010357035953841177, 3.999994568006018, nan, nan], [0.0007769918353941786, 0.00040062856022427375, 0.05700006030384846, 0.006869508265553063, 7.199994780369799, nan, nan], [0.0005291088076540985, 0.00021433920578660783, 0.03800012984595746, 0.002563439978849079, 9.999997177419576, nan, nan]]","[['', '', '', '', 'target_value', '', ''], ['target_value', 'target_value', '', 'target_value', 'lower_bound', '', ''], ['target_value', 'target_value', 'upper_bound', 'target_value', 'lower_bound', '', ''], ['target_value', 'target_value', 'upper_bound', 'target_value', 'lower_bound', '', '']]","[[nan, nan, nan, nan, 0.12652547343987486, nan, nan], [0.0006512378466938806, 6.569712240892499e-05, nan, 0.0010357035953841177, 3.999994568006018, nan, nan], [0.0007769918353941786, 0.00040062856022427375, 0.05700006030384846, 0.006869508265553063, 7.199994780369799, nan, nan], [0.0005291088076540985, 0.00021433920578660783, 0.03800012984595746, 0.002563439978849079, 9.999997177419576, nan, nan]]",[],map_shared_eta,"[[0, 0, 0, 0, 1, 0, 0], [1, 1, 0, 1, 1, 0, 0], [1, 1, 1, 1, 1, 0, 0], [1, 1, 1, 1, 1, 0, 0]]","[['', '', '', '', '', '', ''], ['target_value', 'target_value', '', '', 'lower_bound', '', ''], ['target_value', 'target_value', 'upper_bound', 'upper_bound', 'lower_bound', '', ''], ['target_value', 'target_value', 'upper_bound', 'upper_bound', 'lower_bound', '', '']]","[[nan, nan, nan, nan, nan, nan, nan], [0.0, 0.0, nan, nan, 4.0, nan, nan], [0.0, 0.0, 0.06, 0.0072, 7.199999999999999, nan, nan], [0.0, 0.0, 0.04, 0.00288, 10.0, nan, nan]]","[[0, 0, 0, 0, 0, 0, 0], [1, 1, 0, 0, 1, 0, 0], [1, 1, 1, 1, 1, 0, 0], [1, 1, 1, 1, 1, 0, 0]]",0.0,0.010842568073098443,0.0006383337837353655,0.03589153816246936,-6596.786359716148,,,,,,-6596.786359716148
map,S4SlideInsert,1342,5,"[[nan, nan, nan, nan, nan, nan, nan], [0.014458964419347421, 0.00397401811540843, nan, nan, 5.386361764813751e-07, nan, nan], [0.01725098957181575, 0.02423401661295553, 0.011573181016527214, 0.018915166494033308, 5.175781974046487e-07, nan, nan], [0.011747421410890546, 0.012965375885664654, 0.007715108184333109, 0.01811780713803531, 2.798868946052577e-07, nan, nan]]","[[nan, nan, nan, nan, nan, nan, nan], [0.0006512378466938806, 6.569712240892499e-05, nan, nan, 5.431993982174532e-06, nan, nan], [0.0007769918353941786, 0.00040062856022427375, 0.0029999396961515393, 0.0003304917344469369, 5.219630200059555e-06, nan, nan], [0.0005291088076540985, 0.00021433920578660783, 0.0019998701540425434, 0.0003165600211509213, 2.822580423611498e-06, nan, nan]]","['surf_dist', 'center_dist', 'orient_err', 'speed', 'normal_force', 'start_dist', 'insert_err']","[0.04504042113987532, 0.016531661532743908, 0.2592147908053491, 0.017472314322540528, 10.084718070106007, 0.3422378234631881, 0.3338864451292424]","[[nan, nan, nan, nan, 0.12652547343987486, nan, nan], [0.0006512378466938806, 6.569712240892499e-05, nan, 0.0010357035953841177, 3.999994568006018, nan, nan], [0.0007769918353941786, 0.00040062856022427375, 0.05700006030384846, 0.006869508265553063, 7.199994780369799, nan, nan], [0.0005291088076540985, 0.00021433920578660783, 0.03800012984595746, 0.002563439978849079, 9.999997177419576, nan, nan]]","[['', '', '', '', 'target_value', '', ''], ['target_value', 'target_value', '', 'target_value', 'lower_bound', '', ''], ['target_value', 'target_value', 'upper_bound', 'target_value', 'lower_bound', '', ''], ['target_value', 'target_value', 'upper_bound', 'target_value', 'lower_bound', '', '']]","[[nan, nan, nan, nan, 0.12652547343987486, nan, nan], [0.0006512378466938806, 6.569712240892499e-05, nan, 0.0010357035953841177, 3.999994568006018, nan, nan], [0.0007769918353941786, 0.00040062856022427375, 0.05700006030384846, 0.006869508265553063, 7.199994780369799, nan, nan], [0.0005291088076540985, 0.00021433920578660783, 0.03800012984595746, 0.002563439978849079, 9.999997177419576, nan, nan]]",[],map_shared_eta,"[[0, 0, 0, 0, 1, 0, 0], [1, 1, 0, 1, 1, 0, 0], [1, 1, 1, 1, 1, 0, 0], [1, 1, 1, 1, 1, 0, 0]]","[['', '', '', '', '', '', ''], ['target_value', 'target_value', '', '', 'lower_bound', '', ''], ['target_value', 'target_value', 'upper_bound', 'upper_bound', 'lower_bound', '', ''], ['target_value', 'target_value', 'upper_bound', 'upper_bound', 'lower_bound', '', '']]","[[nan, nan, nan, nan, nan, nan, nan], [0.0, 0.0, nan, nan, 4.0, nan, nan], [0.0, 0.0, 0.06, 0.0072, 7.199999999999999, nan, nan], [0.0, 0.0, 0.04, 0.00288, 10.0, nan, nan]]","[[0, 0, 0, 0, 0, 0, 0], [1, 1, 0, 0, 1, 0, 0], [1, 1, 1, 1, 1, 0, 0], [1, 1, 1, 1, 1, 0, 0]]",0.0,0.010842568073098443,0.0006383337837353655,0.03589153816246936,-6596.786359716148,,,,,,-6596.786359716148
map,S4SlideInsert,1342,6,"[[nan, nan, nan, nan, nan, nan, nan], [0.014458964419347421, 0.00397401811540843, nan, nan, 5.386361764813751e-07, nan, nan], [0.01725098957181575, 0.02423401661295553, 0.011573181016527214, 0.018915166494033308, 5.175781974046487e-07, nan, nan], [0.011747421410890546, 0.012965375885664654, 0.007715108184333109, 0.01811780713803531, 2.798868946052577e-07, nan, nan]]","[[nan, nan, nan, nan, nan, nan, nan], [0.0006512378466938806, 6.569712240892499e-05, nan, nan, 5.431993982174532e-06, nan, nan], [0.0007769918353941786, 0.00040062856022427375, 0.0029999396961515393, 0.0003304917344469369, 5.219630200059555e-06, nan, nan], [0.0005291088076540985, 0.00021433920578660783, 0.0019998701540425434, 0.0003165600211509213, 2.822580423611498e-06, nan, nan]]","['surf_dist', 'center_dist', 'orient_err', 'speed', 'normal_force', 'start_dist', 'insert_err']","[0.04504042113987532, 0.016531661532743908, 0.2592147908053491, 0.017472314322540528, 10.084718070106007, 0.3422378234631881, 0.3338864451292424]","[[nan, nan, nan, nan, 0.12652547343987486, nan, nan], [0.0006512378466938806, 6.569712240892499e-05, nan, 0.0010357035953841177, 3.999994568006018, nan, nan], [0.0007769918353941786, 0.00040062856022427375, 0.05700006030384846, 0.006869508265553063, 7.199994780369799, nan, nan], [0.0005291088076540985, 0.00021433920578660783, 0.03800012984595746, 0.002563439978849079, 9.999997177419576, nan, nan]]","[['', '', '', '', 'target_value', '', ''], ['target_value', 'target_value', '', 'target_value', 'lower_bound', '', ''], ['target_value', 'target_value', 'upper_bound', 'target_value', 'lower_bound', '', ''], ['target_value', 'target_value', 'upper_bound', 'target_value', 'lower_bound', '', '']]","[[nan, nan, nan, nan, 0.12652547343987486, nan, nan], [0.0006512378466938806, 6.569712240892499e-05, nan, 0.0010357035953841177, 3.999994568006018, nan, nan], [0.0007769918353941786, 0.00040062856022427375, 0.05700006030384846, 0.006869508265553063, 7.199994780369799, nan, nan], [0.0005291088076540985, 0.00021433920578660783, 0.03800012984595746, 0.002563439978849079, 9.999997177419576, nan, nan]]",[],map_shared_eta,"[[0, 0, 0, 0, 1, 0, 0], [1, 1, 0, 1, 1, 0, 0], [1, 1, 1, 1, 1, 0, 0], [1, 1, 1, 1, 1, 0, 0]]","[['', '', '', '', '', '', ''], ['target_value', 'target_value', '', '', 'lower_bound', '', ''], ['target_value', 'target_value', 'upper_bound', 'upper_bound', 'lower_bound', '', ''], ['target_value', 'target_value', 'upper_bound', 'upper_bound', 'lower_bound', '', '']]","[[nan, nan, nan, nan, nan, nan, nan], [0.0, 0.0, nan, nan, 4.0, nan, nan], [0.0, 0.0, 0.06, 0.0072, 7.199999999999999, nan, nan], [0.0, 0.0, 0.04, 0.00288, 10.0, nan, nan]]","[[0, 0, 0, 0, 0, 0, 0], [1, 1, 0, 0, 1, 0, 0], [1, 1, 1, 1, 1, 0, 0], [1, 1, 1, 1, 1, 0, 0]]",0.0,0.010842568073098443,0.0006383337837353655,0.03589153816246936,-6596.786359716148,,,,,,-6596.786359716148
map,S4SlideInsert,1342,7,"[[nan, nan, nan, nan, nan, nan, nan], [0.014458964419347421, 0.00397401811540843, nan, nan, 5.386361764813751e-07, nan, nan], [0.01725098957181575, 0.02423401661295553, 0.011573181016527214, 0.018915166494033308, 5.175781974046487e-07, nan, nan], [0.011747421410890546, 0.012965375885664654, 0.007715108184333109, 0.01811780713803531, 2.798868946052577e-07, nan, nan]]","[[nan, nan, nan, nan, nan, nan, nan], [0.0006512378466938806, 6.569712240892499e-05, nan, nan, 5.431993982174532e-06, nan, nan], [0.0007769918353941786, 0.00040062856022427375, 0.0029999396961515393, 0.0003304917344469369, 5.219630200059555e-06, nan, nan], [0.0005291088076540985, 0.00021433920578660783, 0.0019998701540425434, 0.0003165600211509213, 2.822580423611498e-06, nan, nan]]","['surf_dist', 'center_dist', 'orient_err', 'speed', 'normal_force', 'start_dist', 'insert_err']","[0.04504042113987532, 0.016531661532743908, 0.2592147908053491, 0.017472314322540528, 10.084718070106007, 0.3422378234631881, 0.3338864451292424]","[[nan, nan, nan, nan, 0.12652547343987486, nan, nan], [0.0006512378466938806, 6.569712240892499e-05, nan, 0.0010357035953841177, 3.999994568006018, nan, nan], [0.0007769918353941786, 0.00040062856022427375, 0.05700006030384846, 0.006869508265553063, 7.199994780369799, nan, nan], [0.0005291088076540985, 0.00021433920578660783, 0.03800012984595746, 0.002563439978849079, 9.999997177419576, nan, nan]]","[['', '', '', '', 'target_value', '', ''], ['target_value', 'target_value', '', 'target_value', 'lower_bound', '', ''], ['target_value', 'target_value', 'upper_bound', 'target_value', 'lower_bound', '', ''], ['target_value', 'target_value', 'upper_bound', 'target_value', 'lower_bound', '', '']]","[[nan, nan, nan, nan, 0.12652547343987486, nan, nan], [0.0006512378466938806, 6.569712240892499e-05, nan, 0.0010357035953841177, 3.999994568006018, nan, nan], [0.0007769918353941786, 0.00040062856022427375, 0.05700006030384846, 0.006869508265553063, 7.199994780369799, nan, nan], [0.0005291088076540985, 0.00021433920578660783, 0.03800012984595746, 0.002563439978849079, 9.999997177419576, nan, nan]]",[],map_shared_eta,"[[0, 0, 0, 0, 1, 0, 0], [1, 1, 0, 1, 1, 0, 0], [1, 1, 1, 1, 1, 0, 0], [1, 1, 1, 1, 1, 0, 0]]","[['', '', '', '', '', '', ''], ['target_value', 'target_value', '', '', 'lower_bound', '', ''], ['target_value', 'target_value', 'upper_bound', 'upper_bound', 'lower_bound', '', ''], ['target_value', 'target_value', 'upper_bound', 'upper_bound', 'lower_bound', '', '']]","[[nan, nan, nan, nan, nan, nan, nan], [0.0, 0.0, nan, nan, 4.0, nan, nan], [0.0, 0.0, 0.06, 0.0072, 7.199999999999999, nan, nan], [0.0, 0.0, 0.04, 0.00288, 10.0, nan, nan]]","[[0, 0, 0, 0, 0, 0, 0], [1, 1, 0, 0, 1, 0, 0], [1, 1, 1, 1, 1, 0, 0], [1, 1, 1, 1, 1, 0, 0]]",0.0,0.010842568073098443,0.0006383337837353655,0.03589153816246936,-6596.786359716148,,,,,,-6596.786359716148
map,S4SlideInsert,1342,8,"[[nan, nan, nan, nan, nan, nan, nan], [0.014458964419347421, 0.00397401811540843, nan, nan, 5.386361764813751e-07, nan, nan], [0.01725098957181575, 0.02423401661295553, 0.011573181016527214, 0.018915166494033308, 5.175781974046487e-07, nan, nan], [0.011747421410890546, 0.012965375885664654, 0.007715108184333109, 0.01811780713803531, 2.798868946052577e-07, nan, nan]]","[[nan, nan, nan, nan, nan, nan, nan], [0.0006512378466938806, 6.569712240892499e-05, nan, nan, 5.431993982174532e-06, nan, nan], [0.0007769918353941786, 0.00040062856022427375, 0.0029999396961515393, 0.0003304917344469369, 5.219630200059555e-06, nan, nan], [0.0005291088076540985, 0.00021433920578660783, 0.0019998701540425434, 0.0003165600211509213, 2.822580423611498e-06, nan, nan]]","['surf_dist', 'center_dist', 'orient_err', 'speed', 'normal_force', 'start_dist', 'insert_err']","[0.04504042113987532, 0.016531661532743908, 0.2592147908053491, 0.017472314322540528, 10.084718070106007, 0.3422378234631881, 0.3338864451292424]","[[nan, nan, nan, nan, 0.12652547343987486, nan, nan], [0.0006512378466938806, 6.569712240892499e-05, nan, 0.0010357035953841177, 3.999994568006018, nan, nan], [0.0007769918353941786, 0.00040062856022427375, 0.05700006030384846, 0.006869508265553063, 7.199994780369799, nan, nan], [0.0005291088076540985, 0.00021433920578660783, 0.03800012984595746, 0.002563439978849079, 9.999997177419576, nan, nan]]","[['', '', '', '', 'target_value', '', ''], ['target_value', 'target_value', '', 'target_value', 'lower_bound', '', ''], ['target_value', 'target_value', 'upper_bound', 'target_value', 'lower_bound', '', ''], ['target_value', 'target_value', 'upper_bound', 'target_value', 'lower_bound', '', '']]","[[nan, nan, nan, nan, 0.12652547343987486, nan, nan], [0.0006512378466938806, 6.569712240892499e-05, nan, 0.0010357035953841177, 3.999994568006018, nan, nan], [0.0007769918353941786, 0.00040062856022427375, 0.05700006030384846, 0.006869508265553063, 7.199994780369799, nan, nan], [0.0005291088076540985, 0.00021433920578660783, 0.03800012984595746, 0.002563439978849079, 9.999997177419576, nan, nan]]",[],map_shared_eta,"[[0, 0, 0, 0, 1, 0, 0], [1, 1, 0, 1, 1, 0, 0], [1, 1, 1, 1, 1, 0, 0], [1, 1, 1, 1, 1, 0, 0]]","[['', '', '', '', '', '', ''], ['target_value', 'target_value', '', '', 'lower_bound', '', ''], ['target_value', 'target_value', 'upper_bound', 'upper_bound', 'lower_bound', '', ''], ['target_value', 'target_value', 'upper_bound', 'upper_bound', 'lower_bound', '', '']]","[[nan, nan, nan, nan, nan, nan, nan], [0.0, 0.0, nan, nan, 4.0, nan, nan], [0.0, 0.0, 0.06, 0.0072, 7.199999999999999, nan, nan], [0.0, 0.0, 0.04, 0.00288, 10.0, nan, nan]]","[[0, 0, 0, 0, 0, 0, 0], [1, 1, 0, 0, 1, 0, 0], [1, 1, 1, 1, 1, 0, 0], [1, 1, 1, 1, 1, 0, 0]]",0.0,0.010842568073098443,0.0006383337837353655,0.03589153816246936,-6596.786359716148,,,,,,-6596.786359716148
map,S4SlideInsert,1342,9,"[[nan, nan, nan, nan, nan, nan, nan], [0.014458964419347421, 0.00397401811540843, nan, nan, 5.386361764813751e-07, nan, nan], [0.01725098957181575, 0.02423401661295553, 0.011573181016527214, 0.018915166494033308, 5.175781974046487e-07, nan, nan], [0.011747421410890546, 0.012965375885664654, 0.007715108184333109, 0.01811780713803531, 2.798868946052577e-07, nan, nan]]","[[nan, nan, nan, nan, nan, nan, nan], [0.0006512378466938806, 6.569712240892499e-05, nan, nan, 5.431993982174532e-06, nan, nan], [0.0007769918353941786, 0.00040062856022427375, 0.0029999396961515393, 0.0003304917344469369, 5.219630200059555e-06, nan, nan], [0.0005291088076540985, 0.00021433920578660783, 0.0019998701540425434, 0.0003165600211509213, 2.822580423611498e-06, nan, nan]]","['surf_dist', 'center_dist', 'orient_err', 'speed', 'normal_force', 'start_dist', 'insert_err']","[0.04504042113987532, 0.016531661532743908, 0.2592147908053491, 0.017472314322540528, 10.084718070106007, 0.3422378234631881, 0.3338864451292424]","[[nan, nan, nan, nan, 0.12652547343987486, nan, nan], [0.0006512378466938806, 6.569712240892499e-05, nan, 0.0010357035953841177, 3.999994568006018, nan, nan], [0.0007769918353941786, 0.00040062856022427375, 0.05700006030384846, 0.006869508265553063, 7.199994780369799, nan, nan], [0.0005291088076540985, 0.00021433920578660783, 0.03800012984595746, 0.002563439978849079, 9.999997177419576, nan, nan]]","[['', '', '', '', 'target_value', '', ''], ['target_value', 'target_value', '', 'target_value', 'lower_bound', '', ''], ['target_value', 'target_value', 'upper_bound', 'target_value', 'lower_bound', '', ''], ['target_value', 'target_value', 'upper_bound', 'target_value', 'lower_bound', '', '']]","[[nan, nan, nan, nan, 0.12652547343987486, nan, nan], [0.0006512378466938806, 6.569712240892499e-05, nan, 0.0010357035953841177, 3.999994568006018, nan, nan], [0.0007769918353941786, 0.00040062856022427375, 0.05700006030384846, 0.006869508265553063, 7.199994780369799, nan, nan], [0.0005291088076540985, 0.00021433920578660783, 0.03800012984595746, 0.002563439978849079, 9.999997177419576, nan, nan]]",[],map_shared_eta,"[[0, 0, 0, 0, 1, 0, 0], [1, 1, 0, 1, 1, 0, 0], [1, 1, 1, 1, 1, 0, 0], [1, 1, 1, 1, 1, 0, 0]]","[['', '', '', '', '', '', ''], ['target_value', 'target_value', '', '', 'lower_bound', '', ''], ['target_value', 'target_value', 'upper_bound', 'upper_bound', 'lower_bound', '', ''], ['target_value', 'target_value', 'upper_bound', 'upper_bound', 'lower_bound', '', '']]","[[nan, nan, nan, nan, nan, nan, nan], [0.0, 0.0, nan, nan, 4.0, nan, nan], [0.0, 0.0, 0.06, 0.0072, 7.199999999999999, nan, nan], [0.0, 0.0, 0.04, 0.00288, 10.0, nan, nan]]","[[0, 0, 0, 0, 0, 0, 0], [1, 1, 0, 0, 1, 0, 0], [1, 1, 1, 1, 1, 0, 0], [1, 1, 1, 1, 1, 0, 0]]",0.0,0.010842568073098443,0.0006383337837353655,0.03589153816246936,-6596.786359716148,,,,,,-6596.786359716148
swcl,S4SlideInsert,1342,0,"[[nan, nan, nan, nan, nan, nan, nan], [0.013310168105175971, 0.0032507958398349914, nan, nan, 0.0, nan, nan], [0.013620792473386434, 0.024199110828766423, 0.011573413656988553, 0.00929363351650925, 0.0, nan, nan], [0.00897494791342984, 0.01293812608371753, 0.007715609104659616, 0.011958558972321271, 0.0, nan, nan]]","[[nan, nan, nan, nan, nan, nan, nan], [0.000599495576899662, 5.374105653620405e-05, nan, nan, 0.0, nan, nan], [0.0006134862292601689, 0.0004000515096145244, 0.003000000000000058, 0.00016238128599894725, 0.0, nan, nan], [0.0004042354337293252, 0.00021388872128398368, 0.002000000000000189, 0.00020894370120903448, 0.0, nan, nan]]","['surf_dist', 'center_dist', 'orient_err', 'speed', 'normal_force', 'start_dist', 'insert_err']","[0.04504042113987532, 0.016531661532743908, 0.2592147908053491, 0.017472314322540528, 10.084718070106007, 0.3422378234631881, 0.3338864451292424]","[[0.0073846196186389485, 0.0027713173895587374, 0.0889411106581908, 0.007224390068768467, 0.13996966144245349, 0.23125838106731644, 0.15758606143389087], [0.000599495576899662, 5.374105653620405e-05, 0.0889411106581908, 0.001107238368666101, 4.0, 0.23125838106731644, 0.15758606143389087], [0.0006134862292601689, 0.0004000515096145244, 0.05699999999999994, 0.0070376187140010526, 7.199999999999999, 0.23125838106731644, 0.15758606143389087], [0.0004042354337293252, 0.00021388872128398368, 0.03799999999999981, 0.0026710562987909657, 10.0, 0.23125838106731644, 0.15758606143389087]]","[['', '', '', '', '', '', ''], ['target_value', 'target_value', '', 'upper_bound', 'lower_bound', '', ''], ['target_value', 'target_value', 'upper_bound', 'upper_bound', 'lower_bound', '', ''], ['target_value', 'target_value', 'upper_bound', 'upper_bound', 'lower_bound', '', '']]","[[nan, nan, nan, nan, nan, nan, nan], [0.000599495576899662, 5.374105653620405e-05, nan, 0.001107238368666101, 4.0, nan, nan], [0.0006134862292601689, 0.0004000515096145244, 0.05699999999999994, 0.0070376187140010526, 7.199999999999999, nan, nan], [0.0004042354337293252, 0.00021388872128398368, 0.03799999999999981, 0.0026710562987909657, 10.0, nan, nan]]",[],,"[[0, 0, 0, 0, 0, 0, 0], [1, 1, 0, 1, 1, 0, 0], [1, 1, 1, 1, 1, 0, 0], [1, 1, 1, 1, 1, 0, 0]]","[['', '', '', '', '', '', ''], ['target_value', 'target_value', '', '', 'lower_bound', '', ''], ['target_value', 'target_value', 'upper_bound', 'upper_bound', 'lower_bound', '', ''], ['target_value', 'target_value', 'upper_bound', 'upper_bound', 'lower_bound', '', '']]","[[nan, nan, nan, nan, nan, nan, nan], [0.0, 0.0, nan, nan, 4.0, nan, nan], [0.0, 0.0, 0.06, 0.0072, 7.199999999999999, nan, nan], [0.0, 0.0, 0.04, 0.00288, 10.0, nan, nan]]","[[0, 0, 0, 0, 0, 0, 0], [1, 1, 0, 0, 1, 0, 0], [1, 1, 1, 1, 1, 0, 0], [1, 1, 1, 1, 1, 0, 0]]",0.7333333333333333,0.008987319730368452,0.0005889402703486229,0.038162403541289705,-226.56067734727276,,,,,,-226.56067734727276
swcl,S4SlideInsert,1342,1,"[[nan, nan, nan, nan, nan, nan, nan], [0.013310168105175971, 0.0032507958398349914, nan, nan, 0.0, nan, nan], [0.013620792473386434, 0.024199110828766423, 0.011573413656988553, 0.00929363351650925, 0.0, nan, nan], [0.00897494791342984, 0.01293812608371753, 0.007715609104659616, 0.011958558972321271, 0.0, nan, nan]]","[[nan, nan, nan, nan, nan, nan, nan], [0.000599495576899662, 5.374105653620405e-05, nan, nan, 0.0, nan, nan], [0.0006134862292601689, 0.0004000515096145244, 0.003000000000000058, 0.00016238128599894725, 0.0, nan, nan], [0.0004042354337293252, 0.00021388872128398368, 0.002000000000000189, 0.00020894370120903448, 0.0, nan, nan]]","['surf_dist', 'center_dist', 'orient_err', 'speed', 'normal_force', 'start_dist', 'insert_err']","[0.04504042113987532, 0.016531661532743908, 0.2592147908053491, 0.017472314322540528, 10.084718070106007, 0.3422378234631881, 0.3338864451292424]","[[0.0073846196186389485, 0.0027713173895587374, 0.0889411106581908, 0.007224390068768467, 0.13996966144245349, 0.23125838106731644, 0.15758606143389087], [0.000599495576899662, 5.374105653620405e-05, 0.0889411106581908, 0.001107238368666101, 4.0, 0.23125838106731644, 0.15758606143389087], [0.0006134862292601689, 0.0004000515096145244, 0.05699999999999994, 0.0070376187140010526, 7.199999999999999, 0.23125838106731644, 0.15758606143389087], [0.0004042354337293252, 0.00021388872128398368, 0.03799999999999981, 0.0026710562987909657, 10.0, 0.23125838106731644, 0.15758606143389087]]","[['', '', '', '', '', '', ''], ['target_value', 'target_value', '', 'upper_bound', 'lower_bound', '', ''], ['target_value', 'target_value', 'upper_bound', 'upper_bound', 'lower_bound', '', ''], ['target_value', 'target_value', 'upper_bound', 'upper_bound', 'lower_bound', '', '']]","[[nan, nan, nan, nan, nan, nan, nan], [0.000599495576899662, 5.374105653620405e-05, nan, 0.001107238368666101, 4.0, nan, nan], [0.0006134862292601689, 0.0004000515096145244, 0.05699999999999994, 0.0070376187140010526, 7.199999999999999, nan, nan], [0.0004042354337293252, 0.00021388872128398368, 0.03799999999999981, 0.0026710562987909657, 10.0, nan, nan]]",[],,"[[0, 0, 0, 0, 0, 0, 0], [1, 1, 0, 1, 1, 0, 0], [1, 1, 1, 1, 1, 0, 0], [1, 1, 1, 1, 1, 0, 0]]","[['', '', '', '', '', '', ''], ['target_value', 'target_value', '', '', 'lower_bound', '', ''], ['target_value', 'target_value', 'upper_bound', 'upper_bound', 'lower_bound', '', ''], ['target_value', 'target_value', 'upper_bound', 'upper_bound', 'lower_bound', '', '']]","[[nan, nan, nan, nan, nan, nan, nan], [0.0, 0.0, nan, nan, 4.0, nan, nan], [0.0, 0.0, 0.06, 0.0072, 7.199999999999999, nan, nan], [0.0, 0.0, 0.04, 0.00288, 10.0, nan, nan]]","[[0, 0, 0, 0, 0, 0, 0], [1, 1, 0, 0, 1, 0, 0], [1, 1, 1, 1, 1, 0, 0], [1, 1, 1, 1, 1, 0, 0]]",0.7333333333333333,0.008987319730368452,0.0005889402703486229,0.038162403541289705,-226.56067734727276,,,,,,-226.56067734727276
swcl,S4SlideInsert,1342,2,"[[nan, nan, nan, nan, nan, nan, nan], [0.013310168105175971, 0.0032507958398349914, nan, nan, 0.0, nan, nan], [0.013620792473386434, 0.024199110828766423, 0.011573413656988553, 0.00929363351650925, 0.0, nan, nan], [0.00897494791342984, 0.01293812608371753, 0.007715609104659616, 0.011958558972321271, 0.0, nan, nan]]","[[nan, nan, nan, nan, nan, nan, nan], [0.000599495576899662, 5.374105653620405e-05, nan, nan, 0.0, nan, nan], [0.0006134862292601689, 0.0004000515096145244, 0.003000000000000058, 0.00016238128599894725, 0.0, nan, nan], [0.0004042354337293252, 0.00021388872128398368, 0.002000000000000189, 0.00020894370120903448, 0.0, nan, nan]]","['surf_dist', 'center_dist', 'orient_err', 'speed', 'normal_force', 'start_dist', 'insert_err']","[0.04504042113987532, 0.016531661532743908, 0.2592147908053491, 0.017472314322540528, 10.084718070106007, 0.3422378234631881, 0.3338864451292424]","[[0.0073846196186389485, 0.0027713173895587374, 0.0889411106581908, 0.007224390068768467, 0.13996966144245349, 0.23125838106731644, 0.15758606143389087], [0.000599495576899662, 5.374105653620405e-05, 0.0889411106581908, 0.001107238368666101, 4.0, 0.23125838106731644, 0.15758606143389087], [0.0006134862292601689, 0.0004000515096145244, 0.05699999999999994, 0.0070376187140010526, 7.199999999999999, 0.23125838106731644, 0.15758606143389087], [0.0004042354337293252, 0.00021388872128398368, 0.03799999999999981, 0.0026710562987909657, 10.0, 0.23125838106731644, 0.15758606143389087]]","[['', '', '', '', '', '', ''], ['target_value', 'target_value', '', 'upper_bound', 'lower_bound', '', ''], ['target_value', 'target_value', 'upper_bound', 'upper_bound', 'lower_bound', '', ''], ['target_value', 'target_value', 'upper_bound', 'upper_bound', 'lower_bound', '', '']]","[[nan, nan, nan, nan, nan, nan, nan], [0.000599495576899662, 5.374105653620405e-05, nan, 0.001107238368666101, 4.0, nan, nan], [0.0006134862292601689, 0.0004000515096145244, 0.05699999999999994, 0.0070376187140010526, 7.199999999999999, nan, nan], [0.0004042354337293252, 0.00021388872128398368, 0.03799999999999981, 0.0026710562987909657, 10.0, nan, nan]]",[],,"[[0, 0, 0, 0, 0, 0, 0], [1, 1, 0, 1, 1, 0, 0], [1, 1, 1, 1, 1, 0, 0], [1, 1, 1, 1, 1, 0, 0]]","[['', '', '', '', '', '', ''], ['target_value', 'target_value', '', '', 'lower_bound', '', ''], ['target_value', 'target_value', 'upper_bound', 'upper_bound', 'lower_bound', '', ''], ['target_value', 'target_value', 'upper_bound', 'upper_bound', 'lower_bound', '', '']]","[[nan, nan, nan, nan, nan, nan, nan], [0.0, 0.0, nan, nan, 4.0, nan, nan], [0.0, 0.0, 0.06, 0.0072, 7.199999999999999, nan, nan], [0.0, 0.0, 0.04, 0.00288, 10.0, nan, nan]]","[[0, 0, 0, 0, 0, 0, 0], [1, 1, 0, 0, 1, 0, 0], [1, 1, 1, 1, 1, 0, 0], [1, 1, 1, 1, 1, 0, 0]]",0.7333333333333333,0.008987319730368452,0.0005889402703486229,0.038162403541289705,-226.56067734727276,,,,,,-226.56067734727276
swcl,S4SlideInsert,1342,3,"[[nan, nan, nan, nan, nan, nan, nan], [0.013310168105175971, 0.0032507958398349914, nan, nan, 0.0, nan, nan], [0.013620792473386434, 0.024199110828766423, 0.011573413656988553, 0.00929363351650925, 0.0, nan, nan], [0.00897494791342984, 0.01293812608371753, 0.007715609104659616, 0.011958558972321271, 0.0, nan, nan]]","[[nan, nan, nan, nan, nan, nan, nan], [0.000599495576899662, 5.374105653620405e-05, nan, nan, 0.0, nan, nan], [0.0006134862292601689, 0.0004000515096145244, 0.003000000000000058, 0.00016238128599894725, 0.0, nan, nan], [0.0004042354337293252, 0.00021388872128398368, 0.002000000000000189, 0.00020894370120903448, 0.0, nan, nan]]","['surf_dist', 'center_dist', 'orient_err', 'speed', 'normal_force', 'start_dist', 'insert_err']","[0.04504042113987532, 0.016531661532743908, 0.2592147908053491, 0.017472314322540528, 10.084718070106007, 0.3422378234631881, 0.3338864451292424]","[[0.0073846196186389485, 0.0027713173895587374, 0.0889411106581908, 0.007224390068768467, 0.13996966144245349, 0.23125838106731644, 0.15758606143389087], [0.000599495576899662, 5.374105653620405e-05, 0.0889411106581908, 0.001107238368666101, 4.0, 0.23125838106731644, 0.15758606143389087], [0.0006134862292601689, 0.0004000515096145244, 0.05699999999999994, 0.0070376187140010526, 7.199999999999999, 0.23125838106731644, 0.15758606143389087], [0.0004042354337293252, 0.00021388872128398368, 0.03799999999999981, 0.0026710562987909657, 10.0, 0.23125838106731644, 0.15758606143389087]]","[['', '', '', '', '', '', ''], ['target_value', 'target_value', '', 'upper_bound', 'lower_bound', '', ''], ['target_value', 'target_value', 'upper_bound', 'upper_bound', 'lower_bound', '', ''], ['target_value', 'target_value', 'upper_bound', 'upper_bound', 'lower_bound', '', '']]","[[nan, nan, nan, nan, nan, nan, nan], [0.000599495576899662, 5.374105653620405e-05, nan, 0.001107238368666101, 4.0, nan, nan], [0.0006134862292601689, 0.0004000515096145244, 0.05699999999999994, 0.0070376187140010526, 7.199999999999999, nan, nan], [0.0004042354337293252, 0.00021388872128398368, 0.03799999999999981, 0.0026710562987909657, 10.0, nan, nan]]",[],,"[[0, 0, 0, 0, 0, 0, 0], [1, 1, 0, 1, 1, 0, 0], [1, 1, 1, 1, 1, 0, 0], [1, 1, 1, 1, 1, 0, 0]]","[['', '', '', '', '', '', ''], ['target_value', 'target_value', '', '', 'lower_bound', '', ''], ['target_value', 'target_value', 'upper_bound', 'upper_bound', 'lower_bound', '', ''], ['target_value', 'target_value', 'upper_bound', 'upper_bound', 'lower_bound', '', '']]","[[nan, nan, nan, nan, nan, nan, nan], [0.0, 0.0, nan, nan, 4.0, nan, nan], [0.0, 0.0, 0.06, 0.0072, 7.199999999999999, nan, nan], [0.0, 0.0, 0.04, 0.00288, 10.0, nan, nan]]","[[0, 0, 0, 0, 0, 0, 0], [1, 1, 0, 0, 1, 0, 0], [1, 1, 1, 1, 1, 0, 0], [1, 1, 1, 1, 1, 0, 0]]",0.7333333333333333,0.008987319730368452,0.0005889402703486229,0.038162403541289705,-226.56067734727276,,,,,,-226.56067734727276
swcl,S4SlideInsert,1342,4,"[[nan, nan, nan, nan, nan, nan, nan], [0.013310168105175971, 0.0032507958398349914, nan, nan, 0.0, nan, nan], [0.013620792473386434, 0.024199110828766423, 0.011573413656988553, 0.00929363351650925, 0.0, nan, nan], [0.00897494791342984, 0.01293812608371753, 0.007715609104659616, 0.011958558972321271, 0.0, nan, nan]]","[[nan, nan, nan, nan, nan, nan, nan], [0.000599495576899662, 5.374105653620405e-05, nan, nan, 0.0, nan, nan], [0.0006134862292601689, 0.0004000515096145244, 0.003000000000000058, 0.00016238128599894725, 0.0, nan, nan], [0.0004042354337293252, 0.00021388872128398368, 0.002000000000000189, 0.00020894370120903448, 0.0, nan, nan]]","['surf_dist', 'center_dist', 'orient_err', 'speed', 'normal_force', 'start_dist', 'insert_err']","[0.04504042113987532, 0.016531661532743908, 0.2592147908053491, 0.017472314322540528, 10.084718070106007, 0.3422378234631881, 0.3338864451292424]","[[0.0073846196186389485, 0.0027713173895587374, 0.0889411106581908, 0.007224390068768467, 0.13996966144245349, 0.23125838106731644, 0.15758606143389087], [0.000599495576899662, 5.374105653620405e-05, 0.0889411106581908, 0.001107238368666101, 4.0, 0.23125838106731644, 0.15758606143389087], [0.0006134862292601689, 0.0004000515096145244, 0.05699999999999994, 0.0070376187140010526, 7.199999999999999, 0.23125838106731644, 0.15758606143389087], [0.0004042354337293252, 0.00021388872128398368, 0.03799999999999981, 0.0026710562987909657, 10.0, 0.23125838106731644, 0.15758606143389087]]","[['', '', '', '', '', '', ''], ['target_value', 'target_value', '', 'upper_bound', 'lower_bound', '', ''], ['target_value', 'target_value', 'upper_bound', 'upper_bound', 'lower_bound', '', ''], ['target_value', 'target_value', 'upper_bound', 'upper_bound', 'lower_bound', '', '']]","[[nan, nan, nan, nan, nan, nan, nan], [0.000599495576899662, 5.374105653620405e-05, nan, 0.001107238368666101, 4.0, nan, nan], [0.0006134862292601689, 0.0004000515096145244, 0.05699999999999994, 0.0070376187140010526, 7.199999999999999, nan, nan], [0.0004042354337293252, 0.00021388872128398368, 0.03799999999999981, 0.0026710562987909657, 10.0, nan, nan]]",[],,"[[0, 0, 0, 0, 0, 0, 0], [1, 1, 0, 1, 1, 0, 0], [1, 1, 1, 1, 1, 0, 0], [1, 1, 1, 1, 1, 0, 0]]","[['', '', '', '', '', '', ''], ['target_value', 'target_value', '', '', 'lower_bound', '', ''], ['target_value', 'target_value', 'upper_bound', 'upper_bound', 'lower_bound', '', ''], ['target_value', 'target_value', 'upper_bound', 'upper_bound', 'lower_bound', '', '']]","[[nan, nan, nan, nan, nan, nan, nan], [0.0, 0.0, nan, nan, 4.0, nan, nan], [0.0, 0.0, 0.06, 0.0072, 7.199999999999999, nan, nan], [0.0, 0.0, 0.04, 0.00288, 10.0, nan, nan]]","[[0, 0, 0, 0, 0, 0, 0], [1, 1, 0, 0, 1, 0, 0], [1, 1, 1, 1, 1, 0, 0], [1, 1, 1, 1, 1, 0, 0]]",0.7333333333333333,0.008987319730368452,0.0005889402703486229,0.038162403541289705,-226.56067734727276,,,,,,-226.56067734727276
swcl,S4SlideInsert,1342,5,"[[nan, nan, nan, nan, nan, nan, nan], [0.013310168105175971, 0.0032507958398349914, nan, nan, 0.0, nan, nan], [0.013620792473386434, 0.024199110828766423, 0.011573413656988553, 0.00929363351650925, 0.0, nan, nan], [0.00897494791342984, 0.01293812608371753, 0.007715609104659616, 0.011958558972321271, 0.0, nan, nan]]","[[nan, nan, nan, nan, nan, nan, nan], [0.000599495576899662, 5.374105653620405e-05, nan, nan, 0.0, nan, nan], [0.0006134862292601689, 0.0004000515096145244, 0.003000000000000058, 0.00016238128599894725, 0.0, nan, nan], [0.0004042354337293252, 0.00021388872128398368, 0.002000000000000189, 0.00020894370120903448, 0.0, nan, nan]]","['surf_dist', 'center_dist', 'orient_err', 'speed', 'normal_force', 'start_dist', 'insert_err']","[0.04504042113987532, 0.016531661532743908, 0.2592147908053491, 0.017472314322540528, 10.084718070106007, 0.3422378234631881, 0.3338864451292424]","[[0.0073846196186389485, 0.0027713173895587374, 0.0889411106581908, 0.007224390068768467, 0.13996966144245349, 0.23125838106731644, 0.15758606143389087], [0.000599495576899662, 5.374105653620405e-05, 0.0889411106581908, 0.001107238368666101, 4.0, 0.23125838106731644, 0.15758606143389087], [0.0006134862292601689, 0.0004000515096145244, 0.05699999999999994, 0.0070376187140010526, 7.199999999999999, 0.23125838106731644, 0.15758606143389087], [0.0004042354337293252, 0.00021388872128398368, 0.03799999999999981, 0.0026710562987909657, 10.0, 0.23125838106731644, 0.15758606143389087]]","[['', '', '', '', '', '', ''], ['target_value', 'target_value', '', 'upper_bound', 'lower_bound', '', ''], ['target_value', 'target_value', 'upper_bound', 'upper_bound', 'lower_bound', '', ''], ['target_value', 'target_value', 'upper_bound', 'upper_bound', 'lower_bound', '', '']]","[[nan, nan, nan, nan, nan, nan, nan], [0.000599495576899662, 5.374105653620405e-05, nan, 0.001107238368666101, 4.0, nan, nan], [0.0006134862292601689, 0.0004000515096145244, 0.05699999999999994, 0.0070376187140010526, 7.199999999999999, nan, nan], [0.0004042354337293252, 0.00021388872128398368, 0.03799999999999981, 0.0026710562987909657, 10.0, nan, nan]]",[],,"[[0, 0, 0, 0, 0, 0, 0], [1, 1, 0, 1, 1, 0, 0], [1, 1, 1, 1, 1, 0, 0], [1, 1, 1, 1, 1, 0, 0]]","[['', '', '', '', '', '', ''], ['target_value', 'target_value', '', '', 'lower_bound', '', ''], ['target_value', 'target_value', 'upper_bound', 'upper_bound', 'lower_bound', '', ''], ['target_value', 'target_value', 'upper_bound', 'upper_bound', 'lower_bound', '', '']]","[[nan, nan, nan, nan, nan, nan, nan], [0.0, 0.0, nan, nan, 4.0, nan, nan], [0.0, 0.0, 0.06, 0.0072, 7.199999999999999, nan, nan], [0.0, 0.0, 0.04, 0.00288, 10.0, nan, nan]]","[[0, 0, 0, 0, 0, 0, 0], [1, 1, 0, 0, 1, 0, 0], [1, 1, 1, 1, 1, 0, 0], [1, 1, 1, 1, 1, 0, 0]]",0.7333333333333333,0.008987319730368452,0.0005889402703486229,0.038162403541289705,-226.56067734727276,,,,,,-226.56067734727276
swcl,S4SlideInsert,1342,6,"[[nan, nan, nan, nan, nan, nan, nan], [0.013310168105175971, 0.0032507958398349914, nan, nan, 0.0, nan, nan], [0.013620792473386434, 0.024199110828766423, 0.011573413656988553, 0.00929363351650925, 0.0, nan, nan], [0.00897494791342984, 0.01293812608371753, 0.007715609104659616, 0.011958558972321271, 0.0, nan, nan]]","[[nan, nan, nan, nan, nan, nan, nan], [0.000599495576899662, 5.374105653620405e-05, nan, nan, 0.0, nan, nan], [0.0006134862292601689, 0.0004000515096145244, 0.003000000000000058, 0.00016238128599894725, 0.0, nan, nan], [0.0004042354337293252, 0.00021388872128398368, 0.002000000000000189, 0.00020894370120903448, 0.0, nan, nan]]","['surf_dist', 'center_dist', 'orient_err', 'speed', 'normal_force', 'start_dist', 'insert_err']","[0.04504042113987532, 0.016531661532743908, 0.2592147908053491, 0.017472314322540528, 10.084718070106007, 0.3422378234631881, 0.3338864451292424]","[[0.0073846196186389485, 0.0027713173895587374, 0.0889411106581908, 0.007224390068768467, 0.13996966144245349, 0.23125838106731644, 0.15758606143389087], [0.000599495576899662, 5.374105653620405e-05, 0.0889411106581908, 0.001107238368666101, 4.0, 0.23125838106731644, 0.15758606143389087], [0.0006134862292601689, 0.0004000515096145244, 0.05699999999999994, 0.0070376187140010526, 7.199999999999999, 0.23125838106731644, 0.15758606143389087], [0.0004042354337293252, 0.00021388872128398368, 0.03799999999999981, 0.0026710562987909657, 10.0, 0.23125838106731644, 0.15758606143389087]]","[['', '', '', '', '', '', ''], ['target_value', 'target_value', '', 'upper_bound', 'lower_bound', '', ''], ['target_value', 'target_value', 'upper_bound', 'upper_bound', 'lower_bound', '', ''], ['target_value', 'target_value', 'upper_bound', 'upper_bound', 'lower_bound', '', '']]","[[nan, nan, nan, nan, nan, nan, nan], [0.000599495576899662, 5.374105653620405e-05, nan, 0.001107238368666101, 4.0, nan, nan], [0.0006134862292601689, 0.0004000515096145244, 0.05699999999999994, 0.0070376187140010526, 7.199999999999999, nan, nan], [0.0004042354337293252, 0.00021388872128398368, 0.03799999999999981, 0.0026710562987909657, 10.0, nan, nan]]",[],,"[[0, 0, 0, 0, 0, 0, 0], [1, 1, 0, 1, 1, 0, 0], [1, 1, 1, 1, 1, 0, 0], [1, 1, 1, 1, 1, 0, 0]]","[['', '', '', '', '', '', ''], ['target_value', 'target_value', '', '', 'lower_bound', '', ''], ['target_value', 'target_value', 'upper_bound', 'upper_bound', 'lower_bound', '', ''], ['target_value', 'target_value', 'upper_bound', 'upper_bound', 'lower_bound', '', '']]","[[nan, nan, nan, nan, nan, nan, nan], [0.0, 0.0, nan, nan, 4.0, nan, nan], [0.0, 0.0, 0.06, 0.0072, 7.199999999999999, nan, nan], [0.0, 0.0, 0.04, 0.00288, 10.0, nan, nan]]","[[0, 0, 0, 0, 0, 0, 0], [1, 1, 0, 0, 1, 0, 0], [1, 1, 1, 1, 1, 0, 0], [1, 1, 1, 1, 1, 0, 0]]",0.7333333333333333,0.008987319730368452,0.0005889402703486229,0.038162403541289705,-226.56067734727276,,,,,,-226.56067734727276
swcl,S4SlideInsert,1342,7,"[[nan, nan, nan, nan, nan, nan, nan], [0.013310168105175971, 0.0032507958398349914, nan, nan, 0.0, nan, nan], [0.013620792473386434, 0.024199110828766423, 0.011573413656988553, 0.00929363351650925, 0.0, nan, nan], [0.00897494791342984, 0.01293812608371753, 0.007715609104659616, 0.011958558972321271, 0.0, nan, nan]]","[[nan, nan, nan, nan, nan, nan, nan], [0.000599495576899662, 5.374105653620405e-05, nan, nan, 0.0, nan, nan], [0.0006134862292601689, 0.0004000515096145244, 0.003000000000000058, 0.00016238128599894725, 0.0, nan, nan], [0.0004042354337293252, 0.00021388872128398368, 0.002000000000000189, 0.00020894370120903448, 0.0, nan, nan]]","['surf_dist', 'center_dist', 'orient_err', 'speed', 'normal_force', 'start_dist', 'insert_err']","[0.04504042113987532, 0.016531661532743908, 0.2592147908053491, 0.017472314322540528, 10.084718070106007, 0.3422378234631881, 0.3338864451292424]","[[0.0073846196186389485, 0.0027713173895587374, 0.0889411106581908, 0.007224390068768467, 0.13996966144245349, 0.23125838106731644, 0.15758606143389087], [0.000599495576899662, 5.374105653620405e-05, 0.0889411106581908, 0.001107238368666101, 4.0, 0.23125838106731644, 0.15758606143389087], [0.0006134862292601689, 0.0004000515096145244, 0.05699999999999994, 0.0070376187140010526, 7.199999999999999, 0.23125838106731644, 0.15758606143389087], [0.0004042354337293252, 0.00021388872128398368, 0.03799999999999981, 0.0026710562987909657, 10.0, 0.23125838106731644, 0.15758606143389087]]","[['', '', '', '', '', '', ''], ['target_value', 'target_value', '', 'upper_bound', 'lower_bound', '', ''], ['target_value', 'target_value', 'upper_bound', 'upper_bound', 'lower_bound', '', ''], ['target_value', 'target_value', 'upper_bound', 'upper_bound', 'lower_bound', '', '']]","[[nan, nan, nan, nan, nan, nan, nan], [0.000599495576899662, 5.374105653620405e-05, nan, 0.001107238368666101, 4.0, nan, nan], [0.0006134862292601689, 0.0004000515096145244, 0.05699999999999994, 0.0070376187140010526, 7.199999999999999, nan, nan], [0.0004042354337293252, 0.00021388872128398368, 0.03799999999999981, 0.0026710562987909657, 10.0, nan, nan]]",[],,"[[0, 0, 0, 0, 0, 0, 0], [1, 1, 0, 1, 1, 0, 0], [1, 1, 1, 1, 1, 0, 0], [1, 1, 1, 1, 1, 0, 0]]","[['', '', '', '', '', '', ''], ['target_value', 'target_value', '', '', 'lower_bound', '', ''], ['target_value', 'target_value', 'upper_bound', 'upper_bound', 'lower_bound', '', ''], ['target_value', 'target_value', 'upper_bound', 'upper_bound', 'lower_bound', '', '']]","[[nan, nan, nan, nan, nan, nan, nan], [0.0, 0.0, nan, nan, 4.0, nan, nan], [0.0, 0.0, 0.06, 0.0072, 7.199999999999999, nan, nan], [0.0, 0.0, 0.04, 0.00288, 10.0, nan, nan]]","[[0, 0, 0, 0, 0, 0, 0], [1, 1, 0, 0, 1, 0, 0], [1, 1, 1, 1, 1, 0, 0], [1, 1, 1, 1, 1, 0, 0]]",0.7333333333333333,0.008987319730368452,0.0005889402703486229,0.038162403541289705,-226.56067734727276,,,,,,-226.56067734727276
swcl,S4SlideInsert,1342,8,"[[nan, nan, nan, nan, nan, nan, nan], [0.013310168105175971, 0.0032507958398349914, nan, nan, 0.0, nan, nan], [0.013620792473386434, 0.024199110828766423, 0.011573413656988553, 0.00929363351650925, 0.0, nan, nan], [0.00897494791342984, 0.01293812608371753, 0.007715609104659616, 0.011958558972321271, 0.0, nan, nan]]","[[nan, nan, nan, nan, nan, nan, nan], [0.000599495576899662, 5.374105653620405e-05, nan, nan, 0.0, nan, nan], [0.0006134862292601689, 0.0004000515096145244, 0.003000000000000058, 0.00016238128599894725, 0.0, nan, nan], [0.0004042354337293252, 0.00021388872128398368, 0.002000000000000189, 0.00020894370120903448, 0.0, nan, nan]]","['surf_dist', 'center_dist', 'orient_err', 'speed', 'normal_force', 'start_dist', 'insert_err']","[0.04504042113987532, 0.016531661532743908, 0.2592147908053491, 0.017472314322540528, 10.084718070106007, 0.3422378234631881, 0.3338864451292424]","[[0.0073846196186389485, 0.0027713173895587374, 0.0889411106581908, 0.007224390068768467, 0.13996966144245349, 0.23125838106731644, 0.15758606143389087], [0.000599495576899662, 5.374105653620405e-05, 0.0889411106581908, 0.001107238368666101, 4.0, 0.23125838106731644, 0.15758606143389087], [0.0006134862292601689, 0.0004000515096145244, 0.05699999999999994, 0.0070376187140010526, 7.199999999999999, 0.23125838106731644, 0.15758606143389087], [0.0004042354337293252, 0.00021388872128398368, 0.03799999999999981, 0.0026710562987909657, 10.0, 0.23125838106731644, 0.15758606143389087]]","[['', '', '', '', '', '', ''], ['target_value', 'target_value', '', 'upper_bound', 'lower_bound', '', ''], ['target_value', 'target_value', 'upper_bound', 'upper_bound', 'lower_bound', '', ''], ['target_value', 'target_value', 'upper_bound', 'upper_bound', 'lower_bound', '', '']]","[[nan, nan, nan, nan, nan, nan, nan], [0.000599495576899662, 5.374105653620405e-05, nan, 0.001107238368666101, 4.0, nan, nan], [0.0006134862292601689, 0.0004000515096145244, 0.05699999999999994, 0.0070376187140010526, 7.199999999999999, nan, nan], [0.0004042354337293252, 0.00021388872128398368, 0.03799999999999981, 0.0026710562987909657, 10.0, nan, nan]]",[],,"[[0, 0, 0, 0, 0, 0, 0], [1, 1, 0, 1, 1, 0, 0], [1, 1, 1, 1, 1, 0, 0], [1, 1, 1, 1, 1, 0, 0]]","[['', '', '', '', '', '', ''], ['target_value', 'target_value', '', '', 'lower_bound', '', ''], ['target_value', 'target_value', 'upper_bound', 'upper_bound', 'lower_bound', '', ''], ['target_value', 'target_value', 'upper_bound', 'upper_bound', 'lower_bound', '', '']]","[[nan, nan, nan, nan, nan, nan, nan], [0.0, 0.0, nan, nan, 4.0, nan, nan], [0.0, 0.0, 0.06, 0.0072, 7.199999999999999, nan, nan], [0.0, 0.0, 0.04, 0.00288, 10.0, nan, nan]]","[[0, 0, 0, 0, 0, 0, 0], [1, 1, 0, 0, 1, 0, 0], [1, 1, 1, 1, 1, 0, 0], [1, 1, 1, 1, 1, 0, 0]]",0.7333333333333333,0.008987319730368452,0.0005889402703486229,0.038162403541289705,-226.56067734727276,,,,,,-226.56067734727276
swcl,S4SlideInsert,1342,9,"[[nan, nan, nan, nan, nan, nan, nan], [0.013310168105175971, 0.0032507958398349914, nan, nan, 0.0, nan, nan], [0.013620792473386434, 0.024199110828766423, 0.011573413656988553, 0.00929363351650925, 0.0, nan, nan], [0.00897494791342984, 0.01293812608371753, 0.007715609104659616, 0.011958558972321271, 0.0, nan, nan]]","[[nan, nan, nan, nan, nan, nan, nan], [0.000599495576899662, 5.374105653620405e-05, nan, nan, 0.0, nan, nan], [0.0006134862292601689, 0.0004000515096145244, 0.003000000000000058, 0.00016238128599894725, 0.0, nan, nan], [0.0004042354337293252, 0.00021388872128398368, 0.002000000000000189, 0.00020894370120903448, 0.0, nan, nan]]","['surf_dist', 'center_dist', 'orient_err', 'speed', 'normal_force', 'start_dist', 'insert_err']","[0.04504042113987532, 0.016531661532743908, 0.2592147908053491, 0.017472314322540528, 10.084718070106007, 0.3422378234631881, 0.3338864451292424]","[[0.0073846196186389485, 0.0027713173895587374, 0.0889411106581908, 0.007224390068768467, 0.13996966144245349, 0.23125838106731644, 0.15758606143389087], [0.000599495576899662, 5.374105653620405e-05, 0.0889411106581908, 0.001107238368666101, 4.0, 0.23125838106731644, 0.15758606143389087], [0.0006134862292601689, 0.0004000515096145244, 0.05699999999999994, 0.0070376187140010526, 7.199999999999999, 0.23125838106731644, 0.15758606143389087], [0.0004042354337293252, 0.00021388872128398368, 0.03799999999999981, 0.0026710562987909657, 10.0, 0.23125838106731644, 0.15758606143389087]]","[['', '', '', '', '', '', ''], ['target_value', 'target_value', '', 'upper_bound', 'lower_bound', '', ''], ['target_value', 'target_value', 'upper_bound', 'upper_bound', 'lower_bound', '', ''], ['target_value', 'target_value', 'upper_bound', 'upper_bound', 'lower_bound', '', '']]","[[nan, nan, nan, nan, nan, nan, nan], [0.000599495576899662, 5.374105653620405e-05, nan, 0.001107238368666101, 4.0, nan, nan], [0.0006134862292601689, 0.0004000515096145244, 0.05699999999999994, 0.0070376187140010526, 7.199999999999999, nan, nan], [0.0004042354337293252, 0.00021388872128398368, 0.03799999999999981, 0.0026710562987909657, 10.0, nan, nan]]",[],,"[[0, 0, 0, 0, 0, 0, 0], [1, 1, 0, 1, 1, 0, 0], [1, 1, 1, 1, 1, 0, 0], [1, 1, 1, 1, 1, 0, 0]]","[['', '', '', '', '', '', ''], ['target_value', 'target_value', '', '', 'lower_bound', '', ''], ['target_value', 'target_value', 'upper_bound', 'upper_bound', 'lower_bound', '', ''], ['target_value', 'target_value', 'upper_bound', 'upper_bound', 'lower_bound', '', '']]","[[nan, nan, nan, nan, nan, nan, nan], [0.0, 0.0, nan, nan, 4.0, nan, nan], [0.0, 0.0, 0.06, 0.0072, 7.199999999999999, nan, nan], [0.0, 0.0, 0.04, 0.00288, 10.0, nan, nan]]","[[0, 0, 0, 0, 0, 0, 0], [1, 1, 0, 0, 1, 0, 0], [1, 1, 1, 1, 1, 0, 0], [1, 1, 1, 1, 1, 0, 0]]",0.7333333333333333,0.008987319730368452,0.0005889402703486229,0.038162403541289705,-226.56067734727276,,,,,,-226.56067734727276
arhsmm,S5SphereInspect,127,0,"[[nan, nan, nan, nan, nan, nan], [3.1806130709589176e-05, 0.0014368160383875297, 0.0028063942875172954, nan, nan, nan], [nan, nan, nan, nan, nan, nan], [0.4349708472322515, nan, 0.006384418038956455, nan, nan, nan], [nan, nan, nan, nan, nan, nan]]","[[nan, nan, nan, nan, nan, nan], [2.3690824788313858e-06, 0.0003929720022467012, 1.4501421300971637e-05, nan, nan, nan], [nan, nan, nan, nan, nan, nan], [0.03239884229834006, nan, 3.299006706086738e-05, nan, nan, nan], [nan, nan, nan, nan, nan, nan]]","['surf_dist', 'normal_err', 'speed', 'ang_speed', 'start_dist', 'goal_dist']","[0.07448508906860322, 0.2735019597134474, 0.005167278655559288, 0.06608722993185281, 0.2420060651636752, 0.17611082692742402]","[[0.02045219957117411, 0.10158489238903948, 0.007639086684378288, 0.04112343753885147, 0.16447107839562072, 0.2889733595429724], [2.3690824788313858e-06, 0.0396070279977533, 0.008474501421300972, 0.04112343753885147, 0.16447107839562072, 0.2889733595429724], [0.02045219957117411, 0.10158489238903948, 0.007639086684378288, 0.04112343753885147, 0.16447107839562072, 0.2889733595429724], [1.157701659943583e-06, 0.10158489238903948, 0.008427009932939133, 0.04112343753885147, 0.16447107839562072, 0.2889733595429724], [0.02045219957117411, 0.10158489238903948, 0.007639086684378288, 0.04112343753885147, 0.16447107839562072, 0.2889733595429724]]","[['', '', '', '', '', ''], ['target_value', 'upper_bound', 'upper_bound', '', '', ''], ['', '', '', '', '', ''], ['target_value', '', 'upper_bound', '', '', ''], ['', '', '', '', '', '']]","[[nan, nan, nan, nan, nan, nan], [2.3690824788313858e-06, 0.0396070279977533, 0.008474501421300972, nan, nan, nan], [nan, nan, nan, nan, nan, nan], [1.157701659943583e-06, nan, 0.008427009932939133, nan, nan, nan], [nan, nan, nan, nan, nan, nan]]",[],,"[[0, 0, 0, 0, 0, 0], [1, 1, 1, 0, 0, 0], [0, 0, 0, 0, 0, 0], [1, 0, 1, 0, 0, 0], [0, 0, 0, 0, 0, 0]]","[['', '', '', '', '', ''], ['target_value', 'upper_bound', 'upper_bound', '', '', ''], ['', '', '', '', '', ''], ['target_value', '', 'upper_bound', '', '', ''], ['', '', '', '', '', '']]","[[nan, nan, nan, nan, nan, nan], [0.0, 0.04, 0.00846, nan, nan, nan], [nan, nan, nan, nan, nan, nan], [0.0324, nan, 0.00846, nan, nan, nan], [nan, nan, nan, nan, nan, nan]]","[[0, 0, 0, 0, 0, 0], [1, 1, 1, 0, 0, 0], [0, 0, 0, 0, 0, 0], [1, 0, 1, 0, 0, 0], [0, 0, 0, 0, 0, 0]]",16.025,0.08912605634556447,0.006568334974285486,0.08817249841380853,1121.6417541448873,884.7757634246263,884.7757634246263,1121.6417541448873,,,
arhsmm,S5SphereInspect,127,1,"[[nan, nan, nan, nan, nan, nan], [3.214234053830302e-05, 0.0014376707848740907, 0.01715119697567747, nan, nan, nan], [nan, nan, nan, nan, nan, nan], [0.21629612428658887, nan, 0.4457647818269051, nan, nan, nan], [nan, nan, nan, nan, nan, nan]]","[[nan, nan, nan, nan, nan, nan], [2.3941250978688766e-06, 0.0003932057770858338, 8.862501404971121e-05, nan, nan, nan], [nan, nan, nan, nan, nan, nan], [0.016110836082680245, nan, 0.0023033908425342097, nan, nan, nan], [nan, nan, nan, nan, nan, nan]]","['surf_dist', 'normal_err', 'speed', 'ang_speed', 'start_dist', 'goal_dist']","[0.07448508906860322, 0.2735019597134474, 0.005167278655559288, 0.06608722993185281, 0.2420060651636752, 0.17611082692742402]","[[0.02045219957117411, 0.10158489238903948, 0.007639086684378288, 0.04112343753885147, 0.16447107839562072, 0.2889733595429724], [2.3941250978688766e-06, 0.03960679422291417, 0.00837137498595029, 0.04112343753885147, 0.16447107839562072, 0.2889733595429724], [0.02045219957117411, 0.10158489238903948, 0.007639086684378288, 0.04112343753885147, 0.16447107839562072, 0.2889733595429724], [0.016289163917319754, 0.10158489238903948, 0.006156609157465791, 0.04112343753885147, 0.16447107839562072, 0.2889733595429724], [0.02045219957117411, 0.10158489238903948, 0.007639086684378288, 0.04112343753885147, 0.16447107839562072, 0.2889733595429724]]","[['', '', '', '', '', ''], ['target_value', 'upper_bound', 'upper_bound', '', '', ''], ['', '', '', '', '', ''], ['target_value', '', 'upper_bound', '', '', ''], ['', '', '', '', '', '']]","[[nan, nan, nan, nan, nan, nan], [2.3941250978688766e-06, 0.03960679422291417, 0.00837137498595029, nan, nan, nan], [nan, nan, nan, nan, nan, nan], [0.016289163917319754, nan, 0.006156609157465791, nan, nan, nan], [nan, nan, nan, nan, nan, nan]]",[],,"[[0, 0, 0, 0, 0, 0], [1, 1, 1, 0, 0, 0], [0, 0, 0, 0, 0, 0], [1, 0, 1, 0, 0, 0], [0, 0, 0, 0, 0, 0]]","[['', '', '', '', '', ''], ['target_value', 'upper_bound', 'upper_bound', '', '', ''], ['', '', '', '', '', ''], ['target_value', '', 'upper_bound', '', '', ''], ['', '', '', '', '', '']]","[[nan, nan, nan, nan, nan, nan], [0.0, 0.04, 0.00846, nan, nan, nan], [nan, nan, nan, nan, nan, nan], [0.0324, nan, 0.00846, nan, nan, nan], [nan, nan, nan, nan, nan, nan]]","[[0, 0, 0, 0, 0, 0], [1, 1, 1, 0, 0, 0], [0, 0, 0, 0, 0, 0], [1, 0, 1, 0, 0, 0], [0, 0, 0, 0, 0, 0]]",14.025,0.13613638324291677,0.0037796903682895734,0.08183821275741385,965.198170505485,-341.22115749610526,-341.22115749610526,965.198170505485,,,
arhsmm,S5SphereInspect,127,2,"[[nan, nan, nan, nan, nan, nan], [3.6639111516836685e-05, 0.0014598014203837757, 0.0035102506788084317, nan, nan, nan], [nan, nan, nan, nan, nan, nan], [0.21629612428658887, nan, 0.4457647818269051, nan, nan, nan], [nan, nan, nan, nan, nan, nan]]","[[nan, nan, nan, nan, nan, nan], [2.7290674847260665e-06, 0.00039925854926743665, 1.813844340826931e-05, nan, nan, nan], [nan, nan, nan, nan, nan, nan], [0.016110836082680245, nan, 0.0023033908425342097, nan, nan, nan], [nan, nan, nan, nan, nan, nan]]","['surf_dist', 'normal_err', 'speed', 'ang_speed', 'start_dist', 'goal_dist']","[0.07448508906860322, 0.2735019597134474, 0.005167278655559288, 0.06608722993185281, 0.2420060651636752, 0.17611082692742402]","[[0.02045219957117411, 0.10158489238903948, 0.007639086684378288, 0.04112343753885147, 0.16447107839562072, 0.2889733595429724], [2.7290674847260665e-06, 0.039600741450732564, 0.008441861556591731, 0.04112343753885147, 0.16447107839562072, 0.2889733595429724], [0.02045219957117411, 0.10158489238903948, 0.007639086684378288, 0.04112343753885147, 0.16447107839562072, 0.2889733595429724], [0.016289163917319754, 0.10158489238903948, 0.006156609157465791, 0.04112343753885147, 0.16447107839562072, 0.2889733595429724], [0.02045219957117411, 0.10158489238903948, 0.007639086684378288, 0.04112343753885147, 0.16447107839562072, 0.2889733595429724]]","[['', '', '', '', '', ''], ['target_value', 'upper_bound', 'upper_bound', '', '', ''], ['', '', '', '', '', ''], ['target_value', '', 'upper_bound', '', '', ''], ['', '', '', '', '', '']]","[[nan, nan, nan, nan, nan, nan], [2.7290674847260665e-06, 0.039600741450732564, 0.008441861556591731, nan, nan, nan], [nan, nan, nan, nan, nan, nan], [0.016289163917319754, nan, 0.006156609157465791, nan, nan, nan], [nan, nan, nan, nan, nan, nan]]",[],,"[[0, 0, 0, 0, 0, 0], [1, 1, 1, 0, 0, 0], [0, 0, 0, 0, 0, 0], [1, 0, 1, 0, 0, 0], [0, 0, 0, 0, 0, 0]]","[['', '', '', '', '', ''], ['target_value', 'upper_bound', 'upper_bound', '', '', ''], ['', '', '', '', '', ''], ['target_value', '', 'upper_bound', '', '', ''], ['', '', '', '', '', '']]","[[nan, nan, nan, nan, nan, nan], [0.0, 0.04, 0.00846, nan, nan, nan], [nan, nan, nan, nan, nan, nan], [0.0324, nan, 0.00846, nan, nan, nan], [nan, nan, nan, nan, nan, nan]]","[[0, 0, 0, 0, 0, 0], [1, 1, 1, 0, 0, 0], [0, 0, 0, 0, 0, 0], [1, 0, 1, 0, 0, 0], [0, 0, 0, 0, 0, 0]]",12.225,0.13341351946484062,0.003766870597074977,0.08079876268629237,1025.1674435301106,-127.07233037742003,-127.07233037742003,1025.1674435301106,,,
arhsmm,S5SphereInspect,127,3,"[[nan, nan, nan, nan, nan, nan], [2.6342089467354294e-05, 0.0014374974729975483, 0.004286350503283242, nan, nan, nan], [nan, nan, nan, nan, nan, nan], [0.32646424940215285, nan, 0.22686457879325297, nan, nan, nan], [nan, nan, nan, nan, nan, nan]]","[[nan, nan, nan, nan, nan, nan], [1.9620928802289994e-06, 0.0003931583759479579, 2.2148767465861308e-05, nan, nan, nan], [nan, nan, nan, nan, nan, nan], [0.024316718694434053, nan, 0.0011722724957008244, nan, nan, nan], [nan, nan, nan, nan, nan, nan]]","['surf_dist', 'normal_err', 'speed', 'ang_speed', 'start_dist', 'goal_dist']","[0.07448508906860322, 0.2735019597134474, 0.005167278655559288, 0.06608722993185281, 0.2420060651636752, 0.17611082692742402]","[[0.02045219957117411, 0.10158489238903948, 0.007639086684378288, 0.04112343753885147, 0.16447107839562072, 0.2889733595429724], [1.9620928802289994e-06, 0.03960684162405204, 0.008482148767465862, 0.04112343753885147, 0.16447107839562072, 0.2889733595429724], [0.02045219957117411, 0.10158489238903948, 0.007639086684378288, 0.04112343753885147, 0.16447107839562072, 0.2889733595429724], [0.05671671869443405, 0.10158489238903948, 0.007287727504299176, 0.04112343753885147, 0.16447107839562072, 0.2889733595429724], [0.02045219957117411, 0.10158489238903948, 0.007639086684378288, 0.04112343753885147, 0.16447107839562072, 0.2889733595429724]]","[['', '', '', '', '', ''], ['target_value', 'upper_bound', 'upper_bound', '', '', ''], ['', '', '', '', '', ''], ['target_value', '', 'upper_bound', '', '', ''], ['', '', '', '', '', '']]","[[nan, nan, nan, nan, nan, nan], [1.9620928802289994e-06, 0.03960684162405204, 0.008482148767465862, nan, nan, nan], [nan, nan, nan, nan, nan, nan], [0.05671671869443405, nan, 0.007287727504299176, nan, nan, nan], [nan, nan, nan, nan, nan, nan]]",[],,"[[0, 0, 0, 0, 0, 0], [1, 1, 1, 0, 0, 0], [0, 0, 0, 0, 0, 0], [1, 0, 1, 0, 0, 0], [0, 0, 0, 0, 0, 0]]","[['', '', '', '', '', ''], ['target_value', 'upper_bound', 'upper_bound', '', '', ''], ['', '', '', '', '', ''], ['target_value', '', 'upper_bound', '', '', ''], ['', '', '', '', '', '']]","[[nan, nan, nan, nan, nan, nan], [0.0, 0.04, 0.00846, nan, nan, nan], [nan, nan, nan, nan, nan, nan], [0.0324, nan, 0.00846, nan, nan, nan], [nan, nan, nan, nan, nan, nan]]","[[0, 0, 0, 0, 0, 0], [1, 1, 1, 0, 0, 0], [0, 0, 0, 0, 0, 0], [1, 0, 1, 0, 0, 0], [0, 0, 0, 0, 0, 0]]",9.075,0.11181580365223079,0.005181252085285785,0.07425722225089611,1039.3703160140453,-568.9710812641348,-568.9710812641348,1039.3703160140453,,,
arhsmm,S5SphereInspect,127,4,"[[nan, nan, nan, nan, nan, nan], [0.04806955005126372, 0.75484620092207, 0.011170148058259464, nan, nan, nan], [nan, nan, nan, nan, nan, nan], [0.06716306441832665, nan, 0.08310451257502947, nan, nan, nan], [nan, nan, nan, nan, nan, nan]]","[[nan, nan, nan, nan, nan, nan], [0.003580464717056059, 0.2064519152344368, 5.771926764088116e-05, nan, nan, nan], [nan, nan, nan, nan, nan, nan], [0.0050026468353193965, nan, 0.00042942417400960824, nan, nan, nan], [nan, nan, nan, nan, nan, nan]]","['surf_dist', 'normal_err', 'speed', 'ang_speed', 'start_dist', 'goal_dist']","[0.07448508906860322, 0.2735019597134474, 0.005167278655559288, 0.06608722993185281, 0.2420060651636752, 0.17611082692742402]","[[0.02045219957117411, 0.10158489238903948, 0.007639086684378288, 0.04112343753885147, 0.16447107839562072, 0.2889733595429724], [0.003580464717056059, 0.2464519152344368, 0.00840228073235912, 0.04112343753885147, 0.16447107839562072, 0.2889733595429724], [0.02045219957117411, 0.10158489238903948, 0.007639086684378288, 0.04112343753885147, 0.16447107839562072, 0.2889733595429724], [0.037402646835319395, 0.10158489238903948, 0.008030575825990392, 0.04112343753885147, 0.16447107839562072, 0.2889733595429724], [0.02045219957117411, 0.10158489238903948, 0.007639086684378288, 0.04112343753885147, 0.16447107839562072, 0.2889733595429724]]","[['', '', '', '', '', ''], ['target_value', 'upper_bound', 'upper_bound', '', '', ''], ['', '', '', '', '', ''], ['target_value', '', 'upper_bound', '', '', ''], ['', '', '', '', '', '']]","[[nan, nan, nan, nan, nan, nan], [0.003580464717056059, 0.2464519152344368, 0.00840228073235912, nan, nan, nan], [nan, nan, nan, nan, nan, nan], [0.037402646835319395, nan, 0.008030575825990392, nan, nan, nan], [nan, nan, nan, nan, nan, nan]]",[],,"[[0, 0, 0, 0, 0, 0], [1, 1, 1, 0, 0, 0], [0, 0, 0, 0, 0, 0], [1, 0, 1, 0, 0, 0], [0, 0, 0, 0, 0, 0]]","[['', '', '', '', '', ''], ['target_value', 'upper_bound', 'upper_bound', '', '', ''], ['', '', '', '', '', ''], ['target_value', '', 'upper_bound', '', '', ''], ['', '', '', '', '', '']]","[[nan, nan, nan, nan, nan, nan], [0.0, 0.04, 0.00846, nan, nan, nan], [nan, nan, nan, nan, nan, nan], [0.0324, nan, 0.00846, nan, nan, nan], [nan, nan, nan, nan, nan, nan]]","[[0, 0, 0, 0, 0, 0], [1, 1, 1, 0, 0, 0], [0, 0, 0, 0, 0, 0], [1, 0, 1, 0, 0, 0], [0, 0, 0, 0, 0, 0]]",9.475,0.19287069520498984,0.043104434045692544,0.07474151159938047,922.4379826004194,-460.9692711767158,-460.9692711767158,922.4379826004194,,,
arhsmm,S5SphereInspect,127,5,"[[nan, nan, nan, nan, nan, nan], [0.15979570312579508, 0.2263745126800375, 0.01760952436236968, nan, nan, nan], [nan, nan, nan, nan, nan, nan], [0.2948669203749004, nan, 0.012976095302778155, nan, nan, nan], [nan, nan, nan, nan, nan, nan]]","[[nan, nan, nan, nan, nan, nan], [0.011902397180104926, 0.061913872847166894, 9.099331937222413e-05, nan, nan, nan], [nan, nan, nan, nan, nan, nan], [0.02196318882750919, nan, 6.70511002905487e-05, nan, nan, nan], [nan, nan, nan, nan, nan, nan]]","['surf_dist', 'normal_err', 'speed', 'ang_speed', 'start_dist', 'goal_dist']","[0.07448508906860322, 0.2735019597134474, 0.005167278655559288, 0.06608722993185281, 0.2420060651636752, 0.17611082692742402]","[[0.02045219957117411, 0.10158489238903948, 0.007639086684378288, 0.04112343753885147, 0.16447107839562072, 0.2889733595429724], [0.011902397180104926, 0.1019138728471669, 0.008550993319372225, 0.04112343753885147, 0.16447107839562072, 0.2889733595429724], [0.02045219957117411, 0.10158489238903948, 0.007639086684378288, 0.04112343753885147, 0.16447107839562072, 0.2889733595429724], [0.010436811172490807, 0.10158489238903948, 0.008392948899709452, 0.04112343753885147, 0.16447107839562072, 0.2889733595429724], [0.02045219957117411, 0.10158489238903948, 0.007639086684378288, 0.04112343753885147, 0.16447107839562072, 0.2889733595429724]]","[['', '', '', '', '', ''], ['target_value', 'upper_bound', 'upper_bound', '', '', ''], ['', '', '', '', '', ''], ['target_value', '', 'upper_bound', '', '', ''], ['', '', '', '', '', '']]","[[nan, nan, nan, nan, nan, nan], [0.011902397180104926, 0.1019138728471669, 0.008550993319372225, nan, nan, nan], [nan, nan, nan, nan, nan, nan], [0.010436811172490807, nan, 0.008392948899709452, nan, nan, nan], [nan, nan, nan, nan, nan, nan]]",[],,"[[0, 0, 0, 0, 0, 0], [1, 1, 1, 0, 0, 0], [0, 0, 0, 0, 0, 0], [1, 0, 1, 0, 0, 0], [0, 0, 0, 0, 0, 0]]","[['', '', '', '', '', ''], ['target_value', 'upper_bound', 'upper_bound', '', '', ''], ['', '', '', '', '', ''], ['target_value', '', 'upper_bound', '', '', ''], ['', '', '', '', '', '']]","[[nan, nan, nan, nan, nan, nan], [0.0, 0.04, 0.00846, nan, nan, nan], [nan, nan, nan, nan, nan, nan], [0.0324, nan, 0.00846, nan, nan, nan], [nan, nan, nan, nan, nan, nan]]","[[0, 0, 0, 0, 0, 0], [1, 1, 1, 0, 0, 0], [0, 0, 0, 0, 0, 0], [1, 0, 1, 0, 0, 0], [0, 0, 0, 0, 0, 0]]",17.975,0.14232455116917614,0.019187500654888758,0.08015649808561019,1051.9940302304574,-655.7912313025828,-655.7912313025828,1051.9940302304574,,,
arhsmm,S5SphereInspect,127,6,"[[nan, nan, nan, nan, nan, nan], [0.014276271439320596, 0.8109293365728498, 0.021180441036714834, nan, nan, nan], [nan, nan, nan, nan, nan, nan], [0.014760103028750953, nan, 0.07724552910336976, nan, nan, nan], [nan, nan, nan, nan, nan, nan]]","[[nan, nan, nan, nan, nan, nan], [0.0010633693497253509, 0.22179076274180018, 0.00010944524088434861, nan, nan, nan], [nan, nan, nan, nan, nan, nan], [0.001099407588758275, nan, 0.0003991491737732264, nan, nan, nan], [nan, nan, nan, nan, nan, nan]]","['surf_dist', 'normal_err', 'speed', 'ang_speed', 'start_dist', 'goal_dist']","[0.07448508906860322, 0.2735019597134474, 0.005167278655559288, 0.06608722993185281, 0.2420060651636752, 0.17611082692742402]","[[0.02045219957117411, 0.10158489238903948, 0.007639086684378288, 0.04112343753885147, 0.16447107839562072, 0.2889733595429724], [0.0010633693497253509, 0.2617907627418002, 0.008350554759115652, 0.04112343753885147, 0.16447107839562072, 0.2889733595429724], [0.02045219957117411, 0.10158489238903948, 0.007639086684378288, 0.04112343753885147, 0.16447107839562072, 0.2889733595429724], [0.03349940758875827, 0.10158489238903948, 0.008060850826226774, 0.04112343753885147, 0.16447107839562072, 0.2889733595429724], [0.02045219957117411, 0.10158489238903948, 0.007639086684378288, 0.04112343753885147, 0.16447107839562072, 0.2889733595429724]]","[['', '', '', '', '', ''], ['target_value', 'upper_bound', 'upper_bound', '', '', ''], ['', '', '', '', '', ''], ['target_value', '', 'upper_bound', '', '', ''], ['', '', '', '', '', '']]","[[nan, nan, nan, nan, nan, nan], [0.0010633693497253509, 0.2617907627418002, 0.008350554759115652, nan, nan, nan], [nan, nan, nan, nan, nan, nan], [0.03349940758875827, nan, 0.008060850826226774, nan, nan, nan], [nan, nan, nan, nan, nan, nan]]",[],,"[[0, 0, 0, 0, 0, 0], [1, 1, 1, 0, 0, 0], [0, 0, 0, 0, 0, 0], [1, 0, 1, 0, 0, 0], [0, 0, 0, 0, 0, 0]]","[['', '', '', '', '', ''], ['target_value', 'upper_bound', 'upper_bound', '', '', ''], ['', '', '', '', '', ''], ['target_value', '', 'upper_bound', '', '', ''], ['', '', '', '', '', '']]","[[nan, nan, nan, nan, nan, nan], [0.0, 0.04, 0.00846, nan, nan, nan], [nan, nan, nan, nan, nan, nan], [0.0324, nan, 0.00846, nan, nan, nan], [nan, nan, nan, nan, nan, nan]]","[[0, 0, 0, 0, 0, 0], [1, 1, 1, 0, 0, 0], [0, 0, 0, 0, 0, 0], [1, 0, 1, 0, 0, 0], [0, 0, 0, 0, 0, 0]]",8.775,0.1876783362362012,0.04489242681898828,0.0708693617234297,1106.0355342440532,-557.0705971879964,-557.0705971879964,1106.0355342440532,,,
arhsmm,S5SphereInspect,127,7,"[[nan, nan, nan, nan, nan, nan], [2.6145572556802745e-05, 0.0014520031025237307, 0.01052922845640579, nan, nan, nan], [nan, nan, nan, nan, nan, nan], [0.2832280695984174, nan, 0.013560823815568229, nan, nan, nan], [nan, nan, nan, nan, nan, nan]]","[[nan, nan, nan, nan, nan, nan], [1.9474553006430806e-06, 0.000397125694050246, 5.440745746229311e-05, nan, nan, nan], [nan, nan, nan, nan, nan, nan], [0.021096267990766672, nan, 7.007255545398577e-05, nan, nan, nan], [nan, nan, nan, nan, nan, nan]]","['surf_dist', 'normal_err', 'speed', 'ang_speed', 'start_dist', 'goal_dist']","[0.07448508906860322, 0.2735019597134474, 0.005167278655559288, 0.06608722993185281, 0.2420060651636752, 0.17611082692742402]","[[0.02045219957117411, 0.10158489238903948, 0.007639086684378288, 0.04112343753885147, 0.16447107839562072, 0.2889733595429724], [1.9474553006430806e-06, 0.039602874305949755, 0.008514407457462294, 0.04112343753885147, 0.16447107839562072, 0.2889733595429724], [0.02045219957117411, 0.10158489238903948, 0.007639086684378288, 0.04112343753885147, 0.16447107839562072, 0.2889733595429724], [0.011303732009233325, 0.10158489238903948, 0.008389927444546015, 0.04112343753885147, 0.16447107839562072, 0.2889733595429724], [0.02045219957117411, 0.10158489238903948, 0.007639086684378288, 0.04112343753885147, 0.16447107839562072, 0.2889733595429724]]","[['', '', '', '', '', ''], ['target_value', 'upper_bound', 'upper_bound', '', '', ''], ['', '', '', '', '', ''], ['target_value', '', 'upper_bound', '', '', ''], ['', '', '', '', '', '']]","[[nan, nan, nan, nan, nan, nan], [1.9474553006430806e-06, 0.039602874305949755, 0.008514407457462294, nan, nan, nan], [nan, nan, nan, nan, nan, nan], [0.011303732009233325, nan, 0.008389927444546015, nan, nan, nan], [nan, nan, nan, nan, nan, nan]]",[],,"[[0, 0, 0, 0, 0, 0], [1, 1, 1, 0, 0, 0], [0, 0, 0, 0, 0, 0], [1, 0, 1, 0, 0, 0], [0, 0, 0, 0, 0, 0]]","[['', '', '', '', '', ''], ['target_value', 'upper_bound', 'upper_bound', '', '', ''], ['', '', '', '', '', ''], ['target_value', '', 'upper_bound', '', '', ''], ['', '', '', '', '', '']]","[[nan, nan, nan, nan, nan, nan], [0.0, 0.04, 0.00846, nan, nan, nan], [nan, nan, nan, nan, nan, nan], [0.0324, nan, 0.00846, nan, nan, nan], [nan, nan, nan, nan, nan, nan]]","[[0, 0, 0, 0, 0, 0], [1, 1, 1, 0, 0, 0], [0, 0, 0, 0, 0, 0], [1, 0, 1, 0, 0, 0], [0, 0, 0, 0, 0, 0]]",15.0,0.061759254109094386,0.004323964230606768,0.07578304734645426,1064.8959510741145,-819.9984310596284,-819.9984310596284,1064.8959510741145,,,
arhsmm,S5SphereInspect,127,8,"[[nan, nan, nan, nan, nan, nan], [2.464285542781422e-05, 0.0014318272162624054, 0.008388518508368747, nan, nan, nan], [nan, nan, nan, nan, nan, nan], [3.660508365752342e-06, nan, 0.0680749754209406, nan, nan, nan], [nan, nan, nan, nan, nan, nan]]","[[nan, nan, nan, nan, nan, nan], [1.8355252814454548e-06, 0.0003916075496188179, 4.3345812640057865e-05, nan, nan, nan], [nan, nan, nan, nan, nan, nan], [2.726532916594304e-07, nan, 0.00035176236747034954, nan, nan, nan], [nan, nan, nan, nan, nan, nan]]","['surf_dist', 'normal_err', 'speed', 'ang_speed', 'start_dist', 'goal_dist']","[0.07448508906860322, 0.2735019597134474, 0.005167278655559288, 0.06608722993185281, 0.2420060651636752, 0.17611082692742402]","[[0.02045219957117411, 0.10158489238903948, 0.007639086684378288, 0.04112343753885147, 0.16447107839562072, 0.2889733595429724], [1.8355252814454548e-06, 0.03960839245038118, 0.008416654187359943, 0.04112343753885147, 0.16447107839562072, 0.2889733595429724], [0.02045219957117411, 0.10158489238903948, 0.007639086684378288, 0.04112343753885147, 0.16447107839562072, 0.2889733595429724], [0.03240027265329166, 0.10158489238903948, 0.008108237632529651, 0.04112343753885147, 0.16447107839562072, 0.2889733595429724], [0.02045219957117411, 0.10158489238903948, 0.007639086684378288, 0.04112343753885147, 0.16447107839562072, 0.2889733595429724]]","[['', '', '', '', '', ''], ['target_value', 'upper_bound', 'upper_bound', '', '', ''], ['', '', '', '', '', ''], ['target_value', '', 'upper_bound', '', '', ''], ['', '', '', '', '', '']]","[[nan, nan, nan, nan, nan, nan], [1.8355252814454548e-06, 0.03960839245038118, 0.008416654187359943, nan, nan, nan], [nan, nan, nan, nan, nan, nan], [0.03240027265329166, nan, 0.008108237632529651, nan, nan, nan], [nan, nan, nan, nan, nan, nan]]",[],,"[[0, 0, 0, 0, 0, 0], [1, 1, 1, 0, 0, 0], [0, 0, 0, 0, 0, 0], [1, 0, 1, 0, 0, 0], [0, 0, 0, 0, 0, 0]]","[['', '', '', '', '', ''], ['target_value', 'upper_bound', 'upper_bound', '', '', ''], ['', '', '', '', '', ''], ['target_value', '', 'upper_bound', '', '', ''], ['', '', '', '', '', '']]","[[nan, nan, nan, nan, nan, nan], [0.0, 0.04, 0.00846, nan, nan, nan], [nan, nan, nan, nan, nan, nan], [0.0324, nan, 0.00846, nan, nan, nan], [nan, nan, nan, nan, nan, nan]]","[[0, 0, 0, 0, 0, 0], [1, 1, 1, 0, 0, 0], [0, 0, 0, 0, 0, 0], [1, 0, 1, 0, 0, 0], [0, 0, 0, 0, 0, 0]]",3.95,0.015584724901873065,0.00015776478166046602,0.06866440625599418,1220.1063106497515,589.251962990957,589.251962990957,1220.1063106497515,,,
arhsmm,S5SphereInspect,127,9,"[[nan, nan, nan, nan, nan, nan], [0.3097231849864378, 0.5921527473182256, 0.1948036246986575, nan, nan, nan], [nan, nan, nan, nan, nan, nan], [3.660508365752342e-06, nan, 0.0680749754209406, nan, nan, nan], [nan, nan, nan, nan, nan, nan]]","[[nan, nan, nan, nan, nan, nan], [0.023069759020326295, 0.16195493684123655, 0.001006604611930955, nan, nan, nan], [nan, nan, nan, nan, nan, nan], [2.726532916594304e-07, nan, 0.00035176236747034954, nan, nan, nan], [nan, nan, nan, nan, nan, nan]]","['surf_dist', 'normal_err', 'speed', 'ang_speed', 'start_dist', 'goal_dist']","[0.07448508906860322, 0.2735019597134474, 0.005167278655559288, 0.06608722993185281, 0.2420060651636752, 0.17611082692742402]","[[0.02045219957117411, 0.10158489238903948, 0.007639086684378288, 0.04112343753885147, 0.16447107839562072, 0.2889733595429724], [0.023069759020326295, 0.20195493684123655, 0.009466604611930956, 0.04112343753885147, 0.16447107839562072, 0.2889733595429724], [0.02045219957117411, 0.10158489238903948, 0.007639086684378288, 0.04112343753885147, 0.16447107839562072, 0.2889733595429724], [0.03240027265329166, 0.10158489238903948, 0.008108237632529651, 0.04112343753885147, 0.16447107839562072, 0.2889733595429724], [0.02045219957117411, 0.10158489238903948, 0.007639086684378288, 0.04112343753885147, 0.16447107839562072, 0.2889733595429724]]","[['', '', '', '', '', ''], ['target_value', 'upper_bound', 'upper_bound', '', '', ''], ['', '', '', '', '', ''], ['target_value', '', 'upper_bound', '', '', ''], ['', '', '', '', '', '']]","[[nan, nan, nan, nan, nan, nan], [0.023069759020326295, 0.20195493684123655, 0.009466604611930956, nan, nan, nan], [nan, nan, nan, nan, nan, nan], [0.03240027265329166, nan, 0.008108237632529651, nan, nan, nan], [nan, nan, nan, nan, nan, nan]]",[],,"[[0, 0, 0, 0, 0, 0], [1, 1, 1, 0, 0, 0], [0, 0, 0, 0, 0, 0], [1, 0, 1, 0, 0, 0], [0, 0, 0, 0, 0, 0]]","[['', '', '', '', '', ''], ['target_value', 'upper_bound', 'upper_bound', '', '', ''], ['', '', '', '', '', ''], ['target_value', '', 'upper_bound', '', '', ''], ['', '', '', '', '', '']]","[[nan, nan, nan, nan, nan, nan], [0.0, 0.04, 0.00846, nan, nan, nan], [nan, nan, nan, nan, nan, nan], [0.0324, nan, 0.00846, nan, nan, nan], [nan, nan, nan, nan, nan, nan]]","[[0, 0, 0, 0, 0, 0], [1, 1, 1, 0, 0, 0], [0, 0, 0, 0, 0, 0], [1, 0, 1, 0, 0, 0], [0, 0, 0, 0, 0, 0]]",10.65,0.23295163858652548,0.037276667098851156,0.07605096300747846,1053.8558752792321,-211.2409142294835,-211.2409142294835,1053.8558752792321,,,
cluster,S5SphereInspect,127,0,"[[nan, nan, nan, nan, nan, nan], [0.06536676206075977, 0.14958831407913045, 0.10097387673860755, nan, nan, nan], [nan, nan, nan, nan, nan, nan], [0.2157424371031312, nan, 0.1717494836819831, nan, nan, nan], [nan, nan, nan, nan, nan, nan]]","[[nan, nan, nan, nan, nan, nan], [0.004868849094221885, 0.04091269705087285, 0.0005217601580404813, nan, nan, nan], [nan, nan, nan, nan, nan, nan], [0.016069594643504256, nan, 0.0008874774411332395, nan, nan, nan], [nan, nan, nan, nan, nan, nan]]","['surf_dist', 'normal_err', 'speed', 'ang_speed', 'start_dist', 'goal_dist']","[0.07448508906860322, 0.2735019597134474, 0.005167278655559288, 0.06608722993185281, 0.2420060651636752, 0.17611082692742402]","[[0.02045219957117411, 0.10158489238903948, 0.007639086684378288, 0.04112343753885147, 0.16447107839562072, 0.2889733595429724], [0.004868849094221885, 0.08091269705087285, 0.008981760158040482, 0.04112343753885147, 0.16447107839562072, 0.2889733595429724], [0.02045219957117411, 0.10158489238903948, 0.007639086684378288, 0.04112343753885147, 0.16447107839562072, 0.2889733595429724], [0.016330405356495742, 0.10158489238903948, 0.007572522558866761, 0.04112343753885147, 0.16447107839562072, 0.2889733595429724], [0.02045219957117411, 0.10158489238903948, 0.007639086684378288, 0.04112343753885147, 0.16447107839562072, 0.2889733595429724]]","[['', '', '', '', '', ''], ['target_value', 'upper_bound', 'upper_bound', '', '', ''], ['', '', '', '', '', ''], ['target_value', '', 'upper_bound', '', '', ''], ['', '', '', '', '', '']]","[[nan, nan, nan, nan, nan, nan], [0.004868849094221885, 0.08091269705087285, 0.008981760158040482, nan, nan, nan], [nan, nan, nan, nan, nan, nan], [0.016330405356495742, nan, 0.007572522558866761, nan, nan, nan], [nan, nan, nan, nan, nan, nan]]",[],,"[[0, 0, 0, 0, 0, 0], [1, 1, 1, 0, 0, 0], [0, 0, 0, 0, 0, 0], [1, 0, 1, 0, 0, 0], [0, 0, 0, 0, 0, 0]]","[['', '', '', '', '', ''], ['target_value', 'upper_bound', 'upper_bound', '', '', ''], ['', '', '', '', '', ''], ['target_value', '', 'upper_bound', '', '', ''], ['', '', '', '', '', '']]","[[nan, nan, nan, nan, nan, nan], [0.0, 0.04, 0.00846, nan, nan, nan], [nan, nan, nan, nan, nan, nan], [0.0324, nan, 0.00846, nan, nan, nan], [nan, nan, nan, nan, nan, nan]]","[[0, 0, 0, 0, 0, 0], [1, 1, 1, 0, 0, 0], [0, 0, 0, 0, 0, 0], [1, 0, 1, 0, 0, 0], [0, 0, 0, 0, 0, 0]]",14.825,0.1406841747327224,0.012652075677554542,0.08055647877603529,499.62947204152647,-782.9452854978914,-782.9452854978914,,499.62947204152647,,
cluster,S5SphereInspect,127,1,"[[nan, nan, nan, nan, nan, nan], [3.837768401602803e-05, 0.0014622199542931728, 0.005997019506203477, nan, nan, nan], [nan, nan, nan, nan, nan, nan], [0.2249056464114939, nan, 0.02659558351655224, nan, nan, nan], [nan, nan, nan, nan, nan, nan]]","[[nan, nan, nan, nan, nan, nan], [2.8585652121805583e-06, 0.0003999200230312902, 3.098827089137793e-05, nan, nan, nan], [nan, nan, nan, nan, nan, nan], [0.016752117104991908, nan, 0.00013742679103722483, nan, nan, nan], [nan, nan, nan, nan, nan, nan]]","['surf_dist', 'normal_err', 'speed', 'ang_speed', 'start_dist', 'goal_dist']","[0.07448508906860322, 0.2735019597134474, 0.005167278655559288, 0.06608722993185281, 0.2420060651636752, 0.17611082692742402]","[[0.02045219957117411, 0.10158489238903948, 0.007639086684378288, 0.04112343753885147, 0.16447107839562072, 0.2889733595429724], [2.8585652121805583e-06, 0.03960007997696871, 0.008490988270891378, 0.04112343753885147, 0.16447107839562072, 0.2889733595429724], [0.02045219957117411, 0.10158489238903948, 0.007639086684378288, 0.04112343753885147, 0.16447107839562072, 0.2889733595429724], [0.01564788289500809, 0.10158489238903948, 0.008322573208962776, 0.04112343753885147, 0.16447107839562072, 0.2889733595429724], [0.02045219957117411, 0.10158489238903948, 0.007639086684378288, 0.04112343753885147, 0.16447107839562072, 0.2889733595429724]]","[['', '', '', '', '', ''], ['target_value', 'upper_bound', 'upper_bound', '', '', ''], ['', '', '', '', '', ''], ['target_value', '', 'upper_bound', '', '', ''], ['', '', '', '', '', '']]","[[nan, nan, nan, nan, nan, nan], [2.8585652121805583e-06, 0.03960007997696871, 0.008490988270891378, nan, nan, nan], [nan, nan, nan, nan, nan, nan], [0.01564788289500809, nan, 0.008322573208962776, nan, nan, nan], [nan, nan, nan, nan, nan, nan]]",[],,"[[0, 0, 0, 0, 0, 0], [1, 1, 1, 0, 0, 0], [0, 0, 0, 0, 0, 0], [1, 0, 1, 0, 0, 0], [0, 0, 0, 0, 0, 0]]","[['', '', '', '', '', ''], ['target_value', 'upper_bound', 'upper_bound', '', '', ''], ['', '', '', '', '', ''], ['target_value', '', 'upper_bound', '', '', ''], ['', '', '', '', '', '']]","[[nan, nan, nan, nan, nan, nan], [0.0, 0.04, 0.00846, nan, nan, nan], [nan, nan, nan, nan, nan, nan], [0.0324, nan, 0.00846, nan, nan, nan], [nan, nan, nan, nan, nan, nan]]","[[0, 0, 0, 0, 0, 0], [1, 1, 1, 0, 0, 0], [0, 0, 0, 0, 0, 0], [1, 0, 1, 0, 0, 0], [0, 0, 0, 0, 0, 0]]",14.025,0.05179976941451177,0.0034646621510327964,0.07872839599976374,502.61639885045975,-2540.0223592757607,-2540.0223592757607,,502.61639885045975,,
cluster,S5SphereInspect,127,2,"[[nan, nan, nan, nan, nan, nan], [3.837768401602803e-05, 0.0014622199542931728, 0.005997019506203477, nan, nan, nan], [nan, nan, nan, nan, nan, nan], [0.2249056464114939, nan, 0.02659558351655224, nan, nan, nan], [nan, nan, nan, nan, nan, nan]]","[[nan, nan, nan, nan, nan, nan], [2.8585652121805583e-06, 0.0003999200230312902, 3.098827089137793e-05, nan, nan, nan], [nan, nan, nan, nan, nan, nan], [0.016752117104991908, nan, 0.00013742679103722483, nan, nan, nan], [nan, nan, nan, nan, nan, nan]]","['surf_dist', 'normal_err', 'speed', 'ang_speed', 'start_dist', 'goal_dist']","[0.07448508906860322, 0.2735019597134474, 0.005167278655559288, 0.06608722993185281, 0.2420060651636752, 0.17611082692742402]","[[0.02045219957117411, 0.10158489238903948, 0.007639086684378288, 0.04112343753885147, 0.16447107839562072, 0.2889733595429724], [2.8585652121805583e-06, 0.03960007997696871, 0.008490988270891378, 0.04112343753885147, 0.16447107839562072, 0.2889733595429724], [0.02045219957117411, 0.10158489238903948, 0.007639086684378288, 0.04112343753885147, 0.16447107839562072, 0.2889733595429724], [0.01564788289500809, 0.10158489238903948, 0.008322573208962776, 0.04112343753885147, 0.16447107839562072, 0.2889733595429724], [0.02045219957117411, 0.10158489238903948, 0.007639086684378288, 0.04112343753885147, 0.16447107839562072, 0.2889733595429724]]","[['', '', '', '', '', ''], ['target_value', 'upper_bound', 'upper_bound', '', '', ''], ['', '', '', '', '', ''], ['target_value', '', 'upper_bound', '', '', ''], ['', '', '', '', '', '']]","[[nan, nan, nan, nan, nan, nan], [2.8585652121805583e-06, 0.03960007997696871, 0.008490988270891378, nan, nan, nan], [nan, nan, nan, nan, nan, nan], [0.01564788289500809, nan, 0.008322573208962776, nan, nan, nan], [nan, nan, nan, nan, nan, nan]]",[],,"[[0, 0, 0, 0, 0, 0], [1, 1, 1, 0, 0, 0], [0, 0, 0, 0, 0, 0], [1, 0, 1, 0, 0, 0], [0, 0, 0, 0, 0, 0]]","[['', '', '', '', '', ''], ['target_value', 'upper_bound', 'upper_bound', '', '', ''], ['', '', '', '', '', ''], ['target_value', '', 'upper_bound', '', '', ''], ['', '', '', '', '', '']]","[[nan, nan, nan, nan, nan, nan], [0.0, 0.04, 0.00846, nan, nan, nan], [nan, nan, nan, nan, nan, nan], [0.0324, nan, 0.00846, nan, nan, nan], [nan, nan, nan, nan, nan, nan]]","[[0, 0, 0, 0, 0, 0], [1, 1, 1, 0, 0, 0], [0, 0, 0, 0, 0, 0], [1, 0, 1, 0, 0, 0], [0, 0, 0, 0, 0, 0]]",14.025,0.05179976941451177,0.0034646621510327964,0.07872839599976374,502.61639885045975,-2540.0223592757607,-2540.0223592757607,,502.61639885045975,,
cluster,S5SphereInspect,127,3,"[[nan, nan, nan, nan, nan, nan], [0.06536676206075977, 0.14958831407913045, 0.10097387673860755, nan, nan, nan], [nan, nan, nan, nan, nan, nan], [0.0897250311541578, nan, 0.04904156465899732, nan, nan, nan], [nan, nan, nan, nan, nan, nan]]","[[nan, nan, nan, nan, nan, nan], [0.004868849094221885, 0.04091269705087285, 0.0005217601580404813, nan, nan, nan], [nan, nan, nan, nan, nan, nan], [0.0066831769372006425, nan, 0.00025341143029766755, nan, nan, nan], [nan, nan, nan, nan, nan, nan]]","['surf_dist', 'normal_err', 'speed', 'ang_speed', 'start_dist', 'goal_dist']","[0.07448508906860322, 0.2735019597134474, 0.005167278655559288, 0.06608722993185281, 0.2420060651636752, 0.17611082692742402]","[[0.02045219957117411, 0.10158489238903948, 0.007639086684378288, 0.04112343753885147, 0.16447107839562072, 0.2889733595429724], [0.004868849094221885, 0.08091269705087285, 0.008981760158040482, 0.04112343753885147, 0.16447107839562072, 0.2889733595429724], [0.02045219957117411, 0.10158489238903948, 0.007639086684378288, 0.04112343753885147, 0.16447107839562072, 0.2889733595429724], [0.025716823062799356, 0.10158489238903948, 0.008206588569702333, 0.04112343753885147, 0.16447107839562072, 0.2889733595429724], [0.02045219957117411, 0.10158489238903948, 0.007639086684378288, 0.04112343753885147, 0.16447107839562072, 0.2889733595429724]]","[['', '', '', '', '', ''], ['target_value', 'upper_bound', 'upper_bound', '', '', ''], ['', '', '', '', '', ''], ['target_value', '', 'upper_bound', '', '', ''], ['', '', '', '', '', '']]","[[nan, nan, nan, nan, nan, nan], [0.004868849094221885, 0.08091269705087285, 0.008981760158040482, nan, nan, nan], [nan, nan, nan, nan, nan, nan], [0.025716823062799356, nan, 0.008206588569702333, nan, nan, nan], [nan, nan, nan, nan, nan, nan]]",[],,"[[0, 0, 0, 0, 0, 0], [1, 1, 1, 0, 0, 0], [0, 0, 0, 0, 0, 0], [1, 0, 1, 0, 0, 0], [0, 0, 0, 0, 0, 0]]","[['', '', '', '', '', ''], ['target_value', 'upper_bound', 'upper_bound', '', '', ''], ['', '', '', '', '', ''], ['target_value', '', 'upper_bound', '', '', ''], ['', '', '', '', '', '']]","[[nan, nan, nan, nan, nan, nan], [0.0, 0.04, 0.00846, nan, nan, nan], [nan, nan, nan, nan, nan, nan], [0.0324, nan, 0.00846, nan, nan, nan], [nan, nan, nan, nan, nan, nan]]","[[0, 0, 0, 0, 0, 0], [1, 1, 1, 0, 0, 0], [0, 0, 0, 0, 0, 0], [1, 0, 1, 0, 0, 0], [0, 0, 0, 0, 0, 0]]",12.9,0.09093910973833058,0.010647978934126705,0.07541486190804586,507.1087068206773,-606.1554192681667,-606.1554192681667,,507.1087068206773,,
cluster,S5SphereInspect,127,4,"[[nan, nan, nan, nan, nan, nan], [0.06536676206075977, 0.14958831407913045, 0.10097387673860755, nan, nan, nan], [nan, nan, nan, nan, nan, nan], [0.22423235985374573, nan, 0.1089373160918203, nan, nan, nan], [nan, nan, nan, nan, nan, nan]]","[[nan, nan, nan, nan, nan, nan], [0.004868849094221885, 0.04091269705087285, 0.0005217601580404813, nan, nan, nan], [nan, nan, nan, nan, nan, nan], [0.01670196729576934, nan, 0.0005629094682351784, nan, nan, nan], [nan, nan, nan, nan, nan, nan]]","['surf_dist', 'normal_err', 'speed', 'ang_speed', 'start_dist', 'goal_dist']","[0.07448508906860322, 0.2735019597134474, 0.005167278655559288, 0.06608722993185281, 0.2420060651636752, 0.17611082692742402]","[[0.02045219957117411, 0.10158489238903948, 0.007639086684378288, 0.04112343753885147, 0.16447107839562072, 0.2889733595429724], [0.004868849094221885, 0.08091269705087285, 0.008981760158040482, 0.04112343753885147, 0.16447107839562072, 0.2889733595429724], [0.02045219957117411, 0.10158489238903948, 0.007639086684378288, 0.04112343753885147, 0.16447107839562072, 0.2889733595429724], [0.015698032704230657, 0.10158489238903948, 0.007897090531764822, 0.04112343753885147, 0.16447107839562072, 0.2889733595429724], [0.02045219957117411, 0.10158489238903948, 0.007639086684378288, 0.04112343753885147, 0.16447107839562072, 0.2889733595429724]]","[['', '', '', '', '', ''], ['target_value', 'upper_bound', 'upper_bound', '', '', ''], ['', '', '', '', '', ''], ['target_value', '', 'upper_bound', '', '', ''], ['', '', '', '', '', '']]","[[nan, nan, nan, nan, nan, nan], [0.004868849094221885, 0.08091269705087285, 0.008981760158040482, nan, nan, nan], [nan, nan, nan, nan, nan, nan], [0.015698032704230657, nan, 0.007897090531764822, nan, nan, nan], [nan, nan, nan, nan, nan, nan]]",[],,"[[0, 0, 0, 0, 0, 0], [1, 1, 1, 0, 0, 0], [0, 0, 0, 0, 0, 0], [1, 0, 1, 0, 0, 0], [0, 0, 0, 0, 0, 0]]","[['', '', '', '', '', ''], ['target_value', 'upper_bound', 'upper_bound', '', '', ''], ['', '', '', '', '', ''], ['target_value', '', 'upper_bound', '', '', ''], ['', '', '', '', '', '']]","[[nan, nan, nan, nan, nan, nan], [0.0, 0.04, 0.00846, nan, nan, nan], [nan, nan, nan, nan, nan, nan], [0.0324, nan, 0.00846, nan, nan, nan], [nan, nan, nan, nan, nan, nan]]","[[0, 0, 0, 0, 0, 0], [1, 1, 1, 0, 0, 0], [0, 0, 0, 0, 0, 0], [1, 0, 1, 0, 0, 0], [0, 0, 0, 0, 0, 0]]",14.85,0.12981972576481277,0.012713636613427944,0.08056814270193519,499.60079802778296,-646.8413280091121,-646.8413280091121,,499.60079802778296,,
cluster,S5SphereInspect,127,5,"[[nan, nan, nan, nan, nan, nan], [0.06536676206075977, 0.14958831407913045, 0.10097387673860755, nan, nan, nan], [nan, nan, nan, nan, nan, nan], [0.22423235985374573, nan, 0.1089373160918203, nan, nan, nan], [nan, nan, nan, nan, nan, nan]]","[[nan, nan, nan, nan, nan, nan], [0.004868849094221885, 0.04091269705087285, 0.0005217601580404813, nan, nan, nan], [nan, nan, nan, nan, nan, nan], [0.01670196729576934, nan, 0.0005629094682351784, nan, nan, nan], [nan, nan, nan, nan, nan, nan]]","['surf_dist', 'normal_err', 'speed', 'ang_speed', 'start_dist', 'goal_dist']","[0.07448508906860322, 0.2735019597134474, 0.005167278655559288, 0.06608722993185281, 0.2420060651636752, 0.17611082692742402]","[[0.02045219957117411, 0.10158489238903948, 0.007639086684378288, 0.04112343753885147, 0.16447107839562072, 0.2889733595429724], [0.004868849094221885, 0.08091269705087285, 0.008981760158040482, 0.04112343753885147, 0.16447107839562072, 0.2889733595429724], [0.02045219957117411, 0.10158489238903948, 0.007639086684378288, 0.04112343753885147, 0.16447107839562072, 0.2889733595429724], [0.015698032704230657, 0.10158489238903948, 0.007897090531764822, 0.04112343753885147, 0.16447107839562072, 0.2889733595429724], [0.02045219957117411, 0.10158489238903948, 0.007639086684378288, 0.04112343753885147, 0.16447107839562072, 0.2889733595429724]]","[['', '', '', '', '', ''], ['target_value', 'upper_bound', 'upper_bound', '', '', ''], ['', '', '', '', '', ''], ['target_value', '', 'upper_bound', '', '', ''], ['', '', '', '', '', '']]","[[nan, nan, nan, nan, nan, nan], [0.004868849094221885, 0.08091269705087285, 0.008981760158040482, nan, nan, nan], [nan, nan, nan, nan, nan, nan], [0.015698032704230657, nan, 0.007897090531764822, nan, nan, nan], [nan, nan, nan, nan, nan, nan]]",[],,"[[0, 0, 0, 0, 0, 0], [1, 1, 1, 0, 0, 0], [0, 0, 0, 0, 0, 0], [1, 0, 1, 0, 0, 0], [0, 0, 0, 0, 0, 0]]","[['', '', '', '', '', ''], ['target_value', 'upper_bound', 'upper_bound', '', '', ''], ['', '', '', '', '', ''], ['target_value', '', 'upper_bound', '', '', ''], ['', '', '', '', '', '']]","[[nan, nan, nan, nan, nan, nan], [0.0, 0.04, 0.00846, nan, nan, nan], [nan, nan, nan, nan, nan, nan], [0.0324, nan, 0.00846, nan, nan, nan], [nan, nan, nan, nan, nan, nan]]","[[0, 0, 0, 0, 0, 0], [1, 1, 1, 0, 0, 0], [0, 0, 0, 0, 0, 0], [1, 0, 1, 0, 0, 0], [0, 0, 0, 0, 0, 0]]",14.85,0.12981972576481277,0.012713636613427944,0.08056814270193519,499.60079802778296,-646.8413280091121,-646.8413280091121,,499.60079802778296,,
cluster,S5SphereInspect,127,6,"[[nan, nan, nan, nan, nan, nan], [4.0311876125201726e-05, 0.0014032971629778063, 0.008953132258857553, nan, nan, nan], [nan, nan, nan, nan, nan, nan], [0.0007098126913320051, nan, 0.07020278891192613, nan, nan, nan], [nan, nan, nan, nan, nan, nan]]","[[nan, nan, nan, nan, nan, nan], [3.00263368370815e-06, 0.00038380452413475097, 4.6263329221593943e-05, nan, nan, nan], [nan, nan, nan, nan, nan, nan], [5.287046153588937e-05, nan, 0.00036275737270533015, nan, nan, nan], [nan, nan, nan, nan, nan, nan]]","['surf_dist', 'normal_err', 'speed', 'ang_speed', 'start_dist', 'goal_dist']","[0.07448508906860322, 0.2735019597134474, 0.005167278655559288, 0.06608722993185281, 0.2420060651636752, 0.17611082692742402]","[[0.02045219957117411, 0.10158489238903948, 0.007639086684378288, 0.04112343753885147, 0.16447107839562072, 0.2889733595429724], [3.00263368370815e-06, 0.03961619547586525, 0.008506263329221594, 0.04112343753885147, 0.16447107839562072, 0.2889733595429724], [0.02045219957117411, 0.10158489238903948, 0.007639086684378288, 0.04112343753885147, 0.16447107839562072, 0.2889733595429724], [0.03234712953846411, 0.10158489238903948, 0.00809724262729467, 0.04112343753885147, 0.16447107839562072, 0.2889733595429724], [0.02045219957117411, 0.10158489238903948, 0.007639086684378288, 0.04112343753885147, 0.16447107839562072, 0.2889733595429724]]","[['', '', '', '', '', ''], ['target_value', 'upper_bound', 'upper_bound', '', '', ''], ['', '', '', '', '', ''], ['target_value', '', 'upper_bound', '', '', ''], ['', '', '', '', '', '']]","[[nan, nan, nan, nan, nan, nan], [3.00263368370815e-06, 0.03961619547586525, 0.008506263329221594, nan, nan, nan], [nan, nan, nan, nan, nan, nan], [0.03234712953846411, nan, 0.00809724262729467, nan, nan, nan], [nan, nan, nan, nan, nan, nan]]",[],,"[[0, 0, 0, 0, 0, 0], [1, 1, 1, 0, 0, 0], [0, 0, 0, 0, 0, 0], [1, 0, 1, 0, 0, 0], [0, 0, 0, 0, 0, 0]]","[['', '', '', '', '', ''], ['target_value', 'upper_bound', 'upper_bound', '', '', ''], ['', '', '', '', '', ''], ['target_value', '', 'upper_bound', '', '', ''], ['', '', '', '', '', '']]","[[nan, nan, nan, nan, nan, nan], [0.0, 0.04, 0.00846, nan, nan, nan], [nan, nan, nan, nan, nan, nan], [0.0324, nan, 0.00846, nan, nan, nan], [nan, nan, nan, nan, nan, nan]]","[[0, 0, 0, 0, 0, 0], [1, 1, 1, 0, 0, 0], [0, 0, 0, 0, 0, 0], [1, 0, 1, 0, 0, 0], [0, 0, 0, 0, 0, 0]]",4.725,0.01626186858024374,0.00016973966425625452,0.06811865649063717,504.05440924101663,-1283.6687744737192,-1283.6687744737192,,504.05440924101663,,
cluster,S5SphereInspect,127,7,"[[nan, nan, nan, nan, nan, nan], [5.0389876614743775e-05, 0.0014030189426116834, 0.004781813736073536, nan, nan, nan], [nan, nan, nan, nan, nan, nan], [0.049700482029386484, nan, 0.05017256448365462, nan, nan, nan], [nan, nan, nan, nan, nan, nan]]","[[nan, nan, nan, nan, nan, nan], [3.7532944478051167e-06, 0.00038372843031938414, 2.4708964053272997e-05, nan, nan, nan], [nan, nan, nan, nan, nan, nan], [0.0037019448307113664, nan, 0.0002592556215510605, nan, nan, nan], [nan, nan, nan, nan, nan, nan]]","['surf_dist', 'normal_err', 'speed', 'ang_speed', 'start_dist', 'goal_dist']","[0.07448508906860322, 0.2735019597134474, 0.005167278655559288, 0.06608722993185281, 0.2420060651636752, 0.17611082692742402]","[[0.02045219957117411, 0.10158489238903948, 0.007639086684378288, 0.04112343753885147, 0.16447107839562072, 0.2889733595429724], [3.7532944478051167e-06, 0.03961627156968062, 0.008484708964053274, 0.04112343753885147, 0.16447107839562072, 0.2889733595429724], [0.02045219957117411, 0.10158489238903948, 0.007639086684378288, 0.04112343753885147, 0.16447107839562072, 0.2889733595429724], [0.028698055169288632, 0.10158489238903948, 0.00820074437844894, 0.04112343753885147, 0.16447107839562072, 0.2889733595429724], [0.02045219957117411, 0.10158489238903948, 0.007639086684378288, 0.04112343753885147, 0.16447107839562072, 0.2889733595429724]]","[['', '', '', '', '', ''], ['target_value', 'upper_bound', 'upper_bound', '', '', ''], ['', '', '', '', '', ''], ['target_value', '', 'upper_bound', '', '', ''], ['', '', '', '', '', '']]","[[nan, nan, nan, nan, nan, nan], [3.7532944478051167e-06, 0.03961627156968062, 0.008484708964053274, nan, nan, nan], [nan, nan, nan, nan, nan, nan], [0.028698055169288632, nan, 0.00820074437844894, nan, nan, nan], [nan, nan, nan, nan, nan, nan]]",[],,"[[0, 0, 0, 0, 0, 0], [1, 1, 1, 0, 0, 0], [0, 0, 0, 0, 0, 0], [1, 0, 1, 0, 0, 0], [0, 0, 0, 0, 0, 0]]","[['', '', '', '', '', ''], ['target_value', 'upper_bound', 'upper_bound', '', '', ''], ['', '', '', '', '', ''], ['target_value', '', 'upper_bound', '', '', ''], ['', '', '', '', '', '']]","[[nan, nan, nan, nan, nan, nan], [0.0, 0.04, 0.00846, nan, nan, nan], [nan, nan, nan, nan, nan, nan], [0.0324, nan, 0.00846, nan, nan, nan], [nan, nan, nan, nan, nan, nan]]","[[0, 0, 0, 0, 0, 0], [1, 1, 1, 0, 0, 0], [0, 0, 0, 0, 0, 0], [1, 0, 1, 0, 0, 0], [0, 0, 0, 0, 0, 0]]",8.025,0.021221653813668213,0.0008746782282165778,0.07156734685935977,493.74032214917264,-1601.4756603079095,-1601.4756603079095,,493.74032214917264,,
cluster,S5SphereInspect,127,8,"[[nan, nan, nan, nan, nan, nan], [4.0311876125201726e-05, 0.0014032971629778063, 0.008879726236495395, nan, nan, nan], [nan, nan, nan, nan, nan, nan], [0.0041133273359643145, nan, 0.08288691933006723, nan, nan, nan], [nan, nan, nan, nan, nan, nan]]","[[nan, nan, nan, nan, nan, nan], [3.00263368370815e-06, 0.00038380452413475097, 4.5884019849052465e-05, nan, nan, nan], [nan, nan, nan, nan, nan, nan], [0.0003063815529876224, nan, 0.00042829980907932094, nan, nan, nan], [nan, nan, nan, nan, nan, nan]]","['surf_dist', 'normal_err', 'speed', 'ang_speed', 'start_dist', 'goal_dist']","[0.07448508906860322, 0.2735019597134474, 0.005167278655559288, 0.06608722993185281, 0.2420060651636752, 0.17611082692742402]","[[0.02045219957117411, 0.10158489238903948, 0.007639086684378288, 0.04112343753885147, 0.16447107839562072, 0.2889733595429724], [3.00263368370815e-06, 0.03961619547586525, 0.008505884019849053, 0.04112343753885147, 0.16447107839562072, 0.2889733595429724], [0.02045219957117411, 0.10158489238903948, 0.007639086684378288, 0.04112343753885147, 0.16447107839562072, 0.2889733595429724], [0.032093618447012376, 0.10158489238903948, 0.00803170019092068, 0.04112343753885147, 0.16447107839562072, 0.2889733595429724], [0.02045219957117411, 0.10158489238903948, 0.007639086684378288, 0.04112343753885147, 0.16447107839562072, 0.2889733595429724]]","[['', '', '', '', '', ''], ['target_value', 'upper_bound', 'upper_bound', '', '', ''], ['', '', '', '', '', ''], ['target_value', '', 'upper_bound', '', '', ''], ['', '', '', '', '', '']]","[[nan, nan, nan, nan, nan, nan], [3.00263368370815e-06, 0.03961619547586525, 0.008505884019849053, nan, nan, nan], [nan, nan, nan, nan, nan, nan], [0.032093618447012376, nan, 0.00803170019092068, nan, nan, nan], [nan, nan, nan, nan, nan, nan]]",[],,"[[0, 0, 0, 0, 0, 0], [1, 1, 1, 0, 0, 0], [0, 0, 0, 0, 0, 0], [1, 0, 1, 0, 0, 0], [0, 0, 0, 0, 0, 0]]","[['', '', '', '', '', ''], ['target_value', 'upper_bound', 'upper_bound', '', '', ''], ['', '', '', '', '', ''], ['target_value', '', 'upper_bound', '', '', ''], ['', '', '', '', '', '']]","[[nan, nan, nan, nan, nan, nan], [0.0, 0.04, 0.00846, nan, nan, nan], [nan, nan, nan, nan, nan, nan], [0.0324, nan, 0.00846, nan, nan, nan], [nan, nan, nan, nan, nan, nan]]","[[0, 0, 0, 0, 0, 0], [1, 1, 1, 0, 0, 0], [0, 0, 0, 0, 0, 0], [1, 0, 1, 0, 0, 0], [0, 0, 0, 0, 0, 0]]",4.7,0.01946471638832599,0.000233474507946891,0.06809945619123227,502.8576644274041,-1413.238056718352,-1413.238056718352,,502.8576644274041,,
cluster,S5SphereInspect,127,9,"[[nan, nan, nan, nan, nan, nan], [5.25056109324339e-05, 0.0014026457406754985, 0.007698176312114124, nan, nan, nan], [nan, nan, nan, nan, nan, nan], [0.0982235804532514, nan, 0.07364983366426395, nan, nan, nan], [nan, nan, nan, nan, nan, nan]]","[[nan, nan, nan, nan, nan, nan], [3.9108851069037665e-06, 0.00038362635885846874, 3.977862214431943e-05, nan, nan, nan], [nan, nan, nan, nan, nan, nan], [0.007316192138697546, nan, 0.000380569213478843, nan, nan, nan], [nan, nan, nan, nan, nan, nan]]","['surf_dist', 'normal_err', 'speed', 'ang_speed', 'start_dist', 'goal_dist']","[0.07448508906860322, 0.2735019597134474, 0.005167278655559288, 0.06608722993185281, 0.2420060651636752, 0.17611082692742402]","[[0.02045219957117411, 0.10158489238903948, 0.007639086684378288, 0.04112343753885147, 0.16447107839562072, 0.2889733595429724], [3.9108851069037665e-06, 0.03961637364114153, 0.00849977862214432, 0.04112343753885147, 0.16447107839562072, 0.2889733595429724], [0.02045219957117411, 0.10158489238903948, 0.007639086684378288, 0.04112343753885147, 0.16447107839562072, 0.2889733595429724], [0.025083807861302453, 0.10158489238903948, 0.008079430786521158, 0.04112343753885147, 0.16447107839562072, 0.2889733595429724], [0.02045219957117411, 0.10158489238903948, 0.007639086684378288, 0.04112343753885147, 0.16447107839562072, 0.2889733595429724]]","[['', '', '', '', '', ''], ['target_value', 'upper_bound', 'upper_bound', '', '', ''], ['', '', '', '', '', ''], ['target_value', '', 'upper_bound', '', '', ''], ['', '', '', '', '', '']]","[[nan, nan, nan, nan, nan, nan], [3.9108851069037665e-06, 0.03961637364114153, 0.00849977862214432, nan, nan, nan], [nan, nan, nan, nan, nan, nan], [0.025083807861302453, nan, 0.008079430786521158, nan, nan, nan], [nan, nan, nan, nan, nan, nan]]",[],,"[[0, 0, 0, 0, 0, 0], [1, 1, 1, 0, 0, 0], [0, 0, 0, 0, 0, 0], [1, 0, 1, 0, 0, 0], [0, 0, 0, 0, 0, 0]]","[['', '', '', '', '', ''], ['target_value', 'upper_bound', 'upper_bound', '', '', ''], ['', '', '', '', '', ''], ['target_value', '', 'upper_bound', '', '', ''], ['', '', '', '', '', '']]","[[nan, nan, nan, nan, nan, nan], [0.0, 0.04, 0.00846, nan, nan, nan], [nan, nan, nan, nan, nan, nan], [0.0324, nan, 0.00846, nan, nan, nan], [nan, nan, nan, nan, nan, nan]]","[[0, 0, 0, 0, 0, 0], [1, 1, 1, 0, 0, 0], [0, 0, 0, 0, 0, 0], [1, 0, 1, 0, 0, 0], [0, 0, 0, 0, 0, 0]]",9.25,0.03620534835624748,0.0016248154436572162,0.07544160619267574,491.07630153664996,-1589.9601948620011,-1589.9601948620011,,491.07630153664996,,
fchmm,S5SphereInspect,127,0,"[[nan, nan, nan, nan, nan, nan], [2.1165067614832534e-05, 0.001433821193127658, 0.036005983703702886, nan, nan, nan], [nan, nan, nan, nan, nan, nan], [0.43496634927193, nan, 0.013857108614481688, nan, nan, nan], [nan, nan, nan, nan, nan, nan]]","[[nan, nan, nan, nan, nan, nan], [1.576481946433811e-06, 0.00039215290619908777, 0.0001860529510645595, nan, nan, nan], [nan, nan, nan, nan, nan, nan], [0.03239850726736489, nan, 7.160354157137797e-05, nan, nan, nan], [nan, nan, nan, nan, nan, nan]]","['surf_dist', 'normal_err', 'speed', 'ang_speed', 'noise', 'start_dist']","[0.07448508906860322, 0.2735019597134474, 0.005167278655559288, 0.06608722993185281, 0.2420060651636752, 0.17611082692742402]","[[0.03463283912513665, 0.3478518535804499, 0.011920913348197034, 0.045407847138315666, -2.7755575615628914e-17, 0.18188038325483805], [1.576481946433811e-06, 0.03960784709380091, 0.00864605295106456, 0.08455829399872969, 0.06754297349139841, 0.18757109589153978], [2.476951561775076e-06, 0.03961406078692148, 0.00850429464564874, 0.06187555468565396, 0.08087736124449837, 0.2140134827362702], [1.492732635114541e-06, 0.039614258293713414, 0.008531603541571378, 0.062103480354123546, 0.170274189282316, 0.19260255858594724], [0.031134016263083125, 0.3369818067104702, 0.009174147867183876, 0.09231830211739439, 0.16122265496434704, 0.20300762704048286]]","[['target_value', 'upper_bound', 'upper_bound', 'upper_bound', 'lower_bound', 'lower_bound'], ['target_value', 'upper_bound', 'upper_bound', 'upper_bound', 'lower_bound', 'lower_bound'], ['target_value', 'upper_bound', 'upper_bound', 'upper_bound', 'lower_bound', 'lower_bound'], ['target_value', 'upper_bound', 'upper_bound', 'upper_bound', 'lower_bound', 'lower_bound'], ['target_value', 'upper_bound', 'upper_bound', 'upper_bound', 'lower_bound', 'lower_bound']]","[[0.03463283912513665, 0.3478518535804499, 0.011920913348197034, 0.045407847138315666, -2.7755575615628914e-17, 0.18188038325483805], [1.576481946433811e-06, 0.03960784709380091, 0.00864605295106456, 0.08455829399872969, 0.06754297349139841, 0.18757109589153978], [2.476951561775076e-06, 0.03961406078692148, 0.00850429464564874, 0.06187555468565396, 0.08087736124449837, 0.2140134827362702], [1.492732635114541e-06, 0.039614258293713414, 0.008531603541571378, 0.062103480354123546, 0.170274189282316, 0.19260255858594724], [0.031134016263083125, 0.3369818067104702, 0.009174147867183876, 0.09231830211739439, 0.16122265496434704, 0.20300762704048286]]",[],,"[[1, 1, 1, 1, 1, 1], [1, 1, 1, 1, 1, 1], [1, 1, 1, 1, 1, 1], [1, 1, 1, 1, 1, 1], [1, 1, 1, 1, 1, 1]]","[['', '', '', '', '', ''], ['target_value', 'upper_bound', 'upper_bound', '', '', ''], ['', '', '', '', '', ''], ['target_value', '', 'upper_bound', '', '', ''], ['', '', '', '', '', '']]","[[nan, nan, nan, nan, nan, nan], [0.0, 0.04, 0.00846, nan, nan, nan], [nan, nan, nan, nan, nan, nan], [0.0324, nan, 0.00846, nan, nan, nan], [nan, nan, nan, nan, nan, nan]]","[[0, 0, 0, 0, 0, 0], [1, 1, 1, 0, 0, 0], [0, 0, 0, 0, 0, 0], [1, 0, 1, 0, 0, 0], [0, 0, 0, 0, 0, 0]]",20.325,0.09725688557017141,0.006609978629629268,0.08614164922052875,-278.94663922895705,,,,,-278.94663922895705,
fchmm,S5SphereInspect,127,1,"[[nan, nan, nan, nan, nan, nan], [2.960836121564186e-05, 0.0014146618204666902, 0.015006888729511505, nan, nan, nan], [nan, nan, nan, nan, nan, nan], [0.23277072842522975, nan, 0.3687921811851166, nan, nan, nan], [nan, nan, nan, nan, nan, nan]]","[[nan, nan, nan, nan, nan, nan], [2.205381422322461e-06, 0.0003869127802294328, 7.754477581835804e-05, nan, nan, nan], [nan, nan, nan, nan, nan, nan], [0.01733794843931689, nan, 0.0019056519661750067, nan, nan, nan], [nan, nan, nan, nan, nan, nan]]","['surf_dist', 'normal_err', 'speed', 'ang_speed', 'noise', 'start_dist']","[0.07448508906860322, 0.2735019597134474, 0.005167278655559288, 0.06608722993185281, 0.2420060651636752, 0.17611082692742402]","[[0.03453632881907102, 0.3478518535804499, 0.011920913348197034, 0.045407847138315666, -2.7755575615628914e-17, 0.18188038325483805], [2.205381422322461e-06, 0.03961308721977057, 0.008537544775818359, 0.06364849693381074, 0.07321069716971071, 0.19551222238145555], [1.7441797824299665e-06, 0.039614258293713414, 0.008515099635697848, 0.062103480354123546, 0.1448476187702155, 0.19427902888263832], [0.015062051560683107, 0.2817941723817784, 0.006554348033824994, 0.06057383464810367, 0.20490271406245938, 0.19249439460072348], [0.042897708992743616, 0.35188542658804756, 0.009498206553657492, 0.10086544018686955, 0.15904675148914602, 0.24833939871824876]]","[['target_value', 'upper_bound', 'upper_bound', 'upper_bound', 'lower_bound', 'lower_bound'], ['target_value', 'upper_bound', 'upper_bound', 'upper_bound', 'lower_bound', 'lower_bound'], ['target_value', 'upper_bound', 'upper_bound', 'upper_bound', 'lower_bound', 'lower_bound'], ['target_value', 'upper_bound', 'upper_bound', 'upper_bound', 'lower_bound', 'lower_bound'], ['target_value', 'upper_bound', 'upper_bound', 'upper_bound', 'lower_bound', 'lower_bound']]","[[0.03453632881907102, 0.3478518535804499, 0.011920913348197034, 0.045407847138315666, -2.7755575615628914e-17, 0.18188038325483805], [2.205381422322461e-06, 0.03961308721977057, 0.008537544775818359, 0.06364849693381074, 0.07321069716971071, 0.19551222238145555], [1.7441797824299665e-06, 0.039614258293713414, 0.008515099635697848, 0.062103480354123546, 0.1448476187702155, 0.19427902888263832], [0.015062051560683107, 0.2817941723817784, 0.006554348033824994, 0.06057383464810367, 0.20490271406245938, 0.19249439460072348], [0.042897708992743616, 0.35188542658804756, 0.009498206553657492, 0.10086544018686955, 0.15904675148914602, 0.24833939871824876]]",[],,"[[1, 1, 1, 1, 1, 1], [1, 1, 1, 1, 1, 1], [1, 1, 1, 1, 1, 1], [1, 1, 1, 1, 1, 1], [1, 1, 1, 1, 1, 1]]","[['', '', '', '', '', ''], ['target_value', 'upper_bound', 'upper_bound', '', '', ''], ['', '', '', '', '', ''], ['target_value', '', 'upper_bound', '', '', ''], ['', '', '', '', '', '']]","[[nan, nan, nan, nan, nan, nan], [0.0, 0.04, 0.00846, nan, nan, nan], [nan, nan, nan, nan, nan, nan], [0.0324, nan, 0.00846, nan, nan, nan], [nan, nan, nan, nan, nan, nan]]","[[0, 0, 0, 0, 0, 0], [1, 1, 1, 0, 0, 0], [0, 0, 0, 0, 0, 0], [1, 0, 1, 0, 0, 0], [0, 0, 0, 0, 0, 0]]",10.85,0.12360281370430803,0.003942052668592402,0.07827714994439727,-244.80897264128544,,,,,-244.80897264128544,
fchmm,S5SphereInspect,127,2,"[[nan, nan, nan, nan, nan, nan], [2.9329004388768527e-05, 0.0014146618204666902, 0.015006888729511505, nan, nan, nan], [nan, nan, nan, nan, nan, nan], [0.2330084524785529, nan, 0.3687921811851166, nan, nan, nan], [nan, nan, nan, nan, nan, nan]]","[[nan, nan, nan, nan, nan, nan], [2.1845735041908787e-06, 0.0003869127802294328, 7.754477581835804e-05, nan, nan, nan], [nan, nan, nan, nan, nan, nan], [0.017355655336602414, nan, 0.0019056519661750067, nan, nan, nan], [nan, nan, nan, nan, nan, nan]]","['surf_dist', 'normal_err', 'speed', 'ang_speed', 'noise', 'start_dist']","[0.07448508906860322, 0.2735019597134474, 0.005167278655559288, 0.06608722993185281, 0.2420060651636752, 0.17611082692742402]","[[0.034531313077313636, 0.3478518535804499, 0.011920913348197034, 0.045407847138315666, -2.7755575615628914e-17, 0.18188038325483805], [2.1845735041908787e-06, 0.03961308721977057, 0.008537544775818359, 0.06364849693381074, 0.07321069716971071, 0.19551222238145555], [1.7779939619350094e-06, 0.039614258293713414, 0.008515099635697848, 0.062103480354123546, 0.13893268233648196, 0.19737179017683965], [0.015044344663397585, 0.2817941723817784, 0.006554348033824994, 0.06057383464810367, 0.20490271406245938, 0.19249439460072348], [0.04287699031161604, 0.35188542658804756, 0.009498206553657492, 0.10086544018686955, 0.15904675148914602, 0.24813203360019923]]","[['target_value', 'upper_bound', 'upper_bound', 'upper_bound', 'lower_bound', 'lower_bound'], ['target_value', 'upper_bound', 'upper_bound', 'upper_bound', 'lower_bound', 'lower_bound'], ['target_value', 'upper_bound', 'upper_bound', 'upper_bound', 'lower_bound', 'lower_bound'], ['target_value', 'upper_bound', 'upper_bound', 'upper_bound', 'lower_bound', 'lower_bound'], ['target_value', 'upper_bound', 'upper_bound', 'upper_bound', 'lower_bound', 'lower_bound']]","[[0.034531313077313636, 0.3478518535804499, 0.011920913348197034, 0.045407847138315666, -2.7755575615628914e-17, 0.18188038325483805], [2.1845735041908787e-06, 0.03961308721977057, 0.008537544775818359, 0.06364849693381074, 0.07321069716971071, 0.19551222238145555], [1.7779939619350094e-06, 0.039614258293713414, 0.008515099635697848, 0.062103480354123546, 0.13893268233648196, 0.19737179017683965], [0.015044344663397585, 0.2817941723817784, 0.006554348033824994, 0.06057383464810367, 0.20490271406245938, 0.19249439460072348], [0.04287699031161604, 0.35188542658804756, 0.009498206553657492, 0.10086544018686955, 0.15904675148914602, 0.24813203360019923]]",[],,"[[1, 1, 1, 1, 1, 1], [1, 1, 1, 1, 1, 1], [1, 1, 1, 1, 1, 1], [1, 1, 1, 1, 1, 1], [1, 1, 1, 1, 1, 1]]","[['', '', '', '', '', ''], ['target_value', 'upper_bound', 'upper_bound', '', '', ''], ['', '', '', '', '', ''], ['target_value', '', 'upper_bound', '', '', ''], ['', '', '', '', '', '']]","[[nan, nan, nan, nan, nan, nan], [0.0, 0.04, 0.00846, nan, nan, nan], [nan, nan, nan, nan, nan, nan], [0.0324, nan, 0.00846, nan, nan, nan], [nan, nan, nan, nan, nan, nan]]","[[0, 0, 0, 0, 0, 0], [1, 1, 1, 0, 0, 0], [0, 0, 0, 0, 0, 0], [1, 0, 1, 0, 0, 0], [0, 0, 0, 0, 0, 0]]",11.125,0.12365030264360728,0.00394558988646588,0.07833389840565881,-248.17558859807056,,,,,-248.17558859807056,
fchmm,S5SphereInspect,127,3,"[[nan, nan, nan, nan, nan, nan], [2.626427976547529e-05, 0.0014121842188899744, 0.014286755618147346, nan, nan, nan], [nan, nan, nan, nan, nan, nan], [1.5241157368266951e-06, nan, 0.03175139181661878, nan, nan, nan], [nan, nan, nan, nan, nan, nan]]","[[nan, nan, nan, nan, nan, nan], [1.9562972176541404e-06, 0.00038623515134281194, 7.382364736284452e-05, nan, nan, nan], [nan, nan, nan, nan, nan, nan], [1.1352389640839622e-07, nan, 0.00016406828921831408, nan, nan, nan], [nan, nan, nan, nan, nan, nan]]","['surf_dist', 'normal_err', 'speed', 'ang_speed', 'noise', 'start_dist']","[0.07448508906860322, 0.2735019597134474, 0.005167278655559288, 0.06608722993185281, 0.2420060651636752, 0.17611082692742402]","[[0.03454384010581897, 0.3478518535804499, 0.011920913348197034, 0.045407847138315666, -2.7755575615628914e-17, 0.18188038325483805], [1.9562972176541404e-06, 0.03961376484865719, 0.008533823647362845, 0.06331553113525111, 0.07604436731824785, 0.19551222238145555], [0.01678156696375278, 0.3229162362979593, 0.0066517653146158, 0.0639151702752087, 0.2026760472062669, 0.19455258875280895], [0.03240011352389641, 0.38974077324298334, 0.008295931710781686, 0.11633807169405994, 0.16122265496434704, 0.24055358015439318], [0.0644169520221203, 0.2367943539351075, 0.009913575141896277, 0.05880848034975323, 0.15849888379870902, 0.2713363917645308]]","[['target_value', 'upper_bound', 'upper_bound', 'upper_bound', 'lower_bound', 'lower_bound'], ['target_value', 'upper_bound', 'upper_bound', 'upper_bound', 'lower_bound', 'lower_bound'], ['target_value', 'upper_bound', 'upper_bound', 'upper_bound', 'lower_bound', 'lower_bound'], ['target_value', 'upper_bound', 'upper_bound', 'upper_bound', 'lower_bound', 'lower_bound'], ['target_value', 'upper_bound', 'upper_bound', 'upper_bound', 'lower_bound', 'lower_bound']]","[[0.03454384010581897, 0.3478518535804499, 0.011920913348197034, 0.045407847138315666, -2.7755575615628914e-17, 0.18188038325483805], [1.9562972176541404e-06, 0.03961376484865719, 0.008533823647362845, 0.06331553113525111, 0.07604436731824785, 0.19551222238145555], [0.01678156696375278, 0.3229162362979593, 0.0066517653146158, 0.0639151702752087, 0.2026760472062669, 0.19455258875280895], [0.03240011352389641, 0.38974077324298334, 0.008295931710781686, 0.11633807169405994, 0.16122265496434704, 0.24055358015439318], [0.0644169520221203, 0.2367943539351075, 0.009913575141896277, 0.05880848034975323, 0.15849888379870902, 0.2713363917645308]]",[],,"[[1, 1, 1, 1, 1, 1], [1, 1, 1, 1, 1, 1], [1, 1, 1, 1, 1, 1], [1, 1, 1, 1, 1, 1], [1, 1, 1, 1, 1, 1]]","[['', '', '', '', '', ''], ['target_value', 'upper_bound', 'upper_bound', '', '', ''], ['', '', '', '', '', ''], ['target_value', '', 'upper_bound', '', '', ''], ['', '', '', '', '', '']]","[[nan, nan, nan, nan, nan, nan], [0.0, 0.04, 0.00846, nan, nan, nan], [nan, nan, nan, nan, nan, nan], [0.0324, nan, 0.00846, nan, nan, nan], [nan, nan, nan, nan, nan, nan]]","[[0, 0, 0, 0, 0, 0], [1, 1, 1, 0, 0, 0], [0, 0, 0, 0, 0, 0], [1, 0, 1, 0, 0, 0], [0, 0, 0, 0, 0, 0]]",0.275,0.009495624009831682,0.0001252393818076066,0.0692642132341149,-177.1808454151179,,,,,-177.1808454151179,
fchmm,S5SphereInspect,127,4,"[[nan, nan, nan, nan, nan, nan], [0.009844425019607167, 0.6596720476369162, 0.012317246376887886, nan, nan, nan], [nan, nan, nan, nan, nan, nan], [0.10016170669138712, nan, 0.055928413577644616, nan, nan, nan], [nan, nan, nan, nan, nan, nan]]","[[nan, nan, nan, nan, nan, nan], [0.0007332628744146259, 0.1804215977968792, 6.364664429855775e-05, nan, nan, nan], [nan, nan, nan, nan, nan, nan], [0.0074605536441712805, nan, 0.0002889976977190553, nan, nan, nan], [nan, nan, nan, nan, nan, nan]]","['surf_dist', 'normal_err', 'speed', 'ang_speed', 'noise', 'start_dist']","[0.07448508906860322, 0.2735019597134474, 0.005167278655559288, 0.06608722993185281, 0.2420060651636752, 0.17611082692742402]","[[0.0424283380951475, 0.3600931370281719, 0.011920913348197034, 0.046378051914162645, -2.7755575615628914e-17, 0.1826728797425391], [0.0007332628744146259, 0.2204215977968792, 0.008523646644298558, 0.06267901201349106, 0.07273509485064482, 0.1923180013075027], [0.032400091873024534, 0.38974077324298334, 0.0082959142562081, 0.11633807169405994, 0.16461151913642, 0.2368463664382809], [0.03986055364417128, 0.2575353883799218, 0.008748997697719056, 0.08637376784031554, 0.1576567948711994, 0.25839468081689604], [0.07017612724198706, 0.19517479884232705, 0.009913575141896277, 0.05880848034975323, 0.15969478165873038, 0.27431331522221214]]","[['target_value', 'upper_bound', 'upper_bound', 'upper_bound', 'lower_bound', 'lower_bound'], ['target_value', 'upper_bound', 'upper_bound', 'upper_bound', 'lower_bound', 'lower_bound'], ['target_value', 'upper_bound', 'upper_bound', 'upper_bound', 'lower_bound', 'lower_bound'], ['target_value', 'upper_bound', 'upper_bound', 'upper_bound', 'lower_bound', 'lower_bound'], ['target_value', 'upper_bound', 'upper_bound', 'upper_bound', 'lower_bound', 'lower_bound']]","[[0.0424283380951475, 0.3600931370281719, 0.011920913348197034, 0.046378051914162645, -2.7755575615628914e-17, 0.1826728797425391], [0.0007332628744146259, 0.2204215977968792, 0.008523646644298558, 0.06267901201349106, 0.07273509485064482, 0.1923180013075027], [0.032400091873024534, 0.38974077324298334, 0.0082959142562081, 0.11633807169405994, 0.16461151913642, 0.2368463664382809], [0.03986055364417128, 0.2575353883799218, 0.008748997697719056, 0.08637376784031554, 0.1576567948711994, 0.25839468081689604], [0.07017612724198706, 0.19517479884232705, 0.009913575141896277, 0.05880848034975323, 0.15969478165873038, 0.27431331522221214]]",[],,"[[1, 1, 1, 1, 1, 1], [1, 1, 1, 1, 1, 1], [1, 1, 1, 1, 1, 1], [1, 1, 1, 1, 1, 1], [1, 1, 1, 1, 1, 1]]","[['', '', '', '', '', ''], ['target_value', 'upper_bound', 'upper_bound', '', '', ''], ['', '', '', '', '', ''], ['target_value', '', 'upper_bound', '', '', ''], ['', '', '', '', '', '']]","[[nan, nan, nan, nan, nan, nan], [0.0, 0.04, 0.00846, nan, nan, nan], [nan, nan, nan, nan, nan, nan], [0.0324, nan, 0.00846, nan, nan, nan], [nan, nan, nan, nan, nan, nan]]","[[0, 0, 0, 0, 0, 0], [1, 1, 1, 0, 0, 0], [0, 0, 0, 0, 0, 0], [1, 0, 1, 0, 0, 0], [0, 0, 0, 0, 0, 0]]",6.525,0.16758476786048862,0.03779361173149655,0.07308062830916573,-619.8769648506939,,,,,-619.8769648506939,
fchmm,S5SphereInspect,127,5,"[[nan, nan, nan, nan, nan, nan], [0.2340307881761995, 0.5472073633023606, 0.34532461599639275, nan, nan, nan], [nan, nan, nan, nan, nan, nan], [0.10143997440258423, nan, 0.04398130271519863, nan, nan, nan], [nan, nan, nan, nan, nan, nan]]","[[nan, nan, nan, nan, nan, nan], [0.017431804102099633, 0.149662286232824, 0.0017843885174773678, nan, nan, nan], [nan, nan, nan, nan, nan, nan], [0.0075557655284933176, nan, 0.00022726364676393766, nan, nan, nan], [nan, nan, nan, nan, nan, nan]]","['surf_dist', 'normal_err', 'speed', 'ang_speed', 'noise', 'start_dist']","[0.07448508906860322, 0.2735019597134474, 0.005167278655559288, 0.06608722993185281, 0.2420060651636752, 0.17611082692742402]","[[0.055783912257206705, 0.3784042256358275, 0.01241474246805751, 0.045407847138315666, -2.7755575615628914e-17, 0.1886303503285592], [0.017431804102099633, 0.189662286232824, 0.010244388517477368, 0.046378051914162645, 0.031026242817859623, 0.1802523195239185], [1.958597665416978e-06, 0.03961376484865719, 0.008533823647362845, 0.06331553113525111, 0.07604436731824785, 0.19644647878457047], [0.02484423447150668, 0.35188542658804756, 0.008232736353236063, 0.10070989106778774, 0.17030686484855728, 0.19735358163692554], [0.06525578782131315, 0.2367943539351075, 0.009913575141896277, 0.05933069302347419, 0.15849888379870902, 0.27726437872490695]]","[['target_value', 'upper_bound', 'upper_bound', 'upper_bound', 'lower_bound', 'lower_bound'], ['target_value', 'upper_bound', 'upper_bound', 'upper_bound', 'lower_bound', 'lower_bound'], ['target_value', 'upper_bound', 'upper_bound', 'upper_bound', 'lower_bound', 'lower_bound'], ['target_value', 'upper_bound', 'upper_bound', 'upper_bound', 'lower_bound', 'lower_bound'], ['target_value', 'upper_bound', 'upper_bound', 'upper_bound', 'lower_bound', 'lower_bound']]","[[0.055783912257206705, 0.3784042256358275, 0.01241474246805751, 0.045407847138315666, -2.7755575615628914e-17, 0.1886303503285592], [0.017431804102099633, 0.189662286232824, 0.010244388517477368, 0.046378051914162645, 0.031026242817859623, 0.1802523195239185], [1.958597665416978e-06, 0.03961376484865719, 0.008533823647362845, 0.06331553113525111, 0.07604436731824785, 0.19644647878457047], [0.02484423447150668, 0.35188542658804756, 0.008232736353236063, 0.10070989106778774, 0.17030686484855728, 0.19735358163692554], [0.06525578782131315, 0.2367943539351075, 0.009913575141896277, 0.05933069302347419, 0.15849888379870902, 0.27726437872490695]]",[],,"[[1, 1, 1, 1, 1, 1], [1, 1, 1, 1, 1, 1], [1, 1, 1, 1, 1, 1], [1, 1, 1, 1, 1, 1], [1, 1, 1, 1, 1, 1]]","[['', '', '', '', '', ''], ['target_value', 'upper_bound', 'upper_bound', '', '', ''], ['', '', '', '', '', ''], ['target_value', '', 'upper_bound', '', '', ''], ['', '', '', '', '', '']]","[[nan, nan, nan, nan, nan, nan], [0.0, 0.04, 0.00846, nan, nan, nan], [nan, nan, nan, nan, nan, nan], [0.0324, nan, 0.00846, nan, nan, nan], [nan, nan, nan, nan, nan, nan]]","[[0, 0, 0, 0, 0, 0], [1, 1, 1, 0, 0, 0], [0, 0, 0, 0, 0, 0], [1, 0, 1, 0, 0, 0], [0, 0, 0, 0, 0, 0]]",14.3,0.25439680891854716,0.03533230160553165,0.07566483742711966,-258.7242453360269,,,,,-258.7242453360269,
fchmm,S5SphereInspect,127,6,"[[nan, nan, nan, nan, nan, nan], [0.010144053056356576, 0.677323346431251, 0.012317246376887886, nan, nan, nan], [nan, nan, nan, nan, nan, nan], [0.1386002880496426, nan, 0.2898154649426097, nan, nan, nan], [nan, nan, nan, nan, nan, nan]]","[[nan, nan, nan, nan, nan, nan], [0.0007555806954193563, 0.18524926260861738, 6.364664429855775e-05, nan, nan, nan], [nan, nan, nan, nan, nan, nan], [0.010323654800311693, nan, 0.0014975572660489381, nan, nan, nan], [nan, nan, nan, nan, nan, nan]]","['surf_dist', 'normal_err', 'speed', 'ang_speed', 'noise', 'start_dist']","[0.07448508906860322, 0.2735019597134474, 0.005167278655559288, 0.06608722993185281, 0.2420060651636752, 0.17611082692742402]","[[0.042379935810085805, 0.3600931370281719, 0.011920913348197034, 0.046378051914162645, -2.7755575615628914e-17, 0.1826728797425391], [0.0007555806954193563, 0.22524926260861738, 0.008523646644298558, 0.06267901201349106, 0.07273509485064482, 0.1923180013075027], [0.03240009066608167, 0.38974077324298334, 0.0082959142562081, 0.11633807169405994, 0.16461151913642, 0.24055358015439318], [0.04272365480031169, 0.25652407624289764, 0.009957557266048939, 0.06216686898486116, 0.1576567948711994, 0.260881699775396], [0.07225598752656344, 0.178029621857162, 0.009913575141896277, 0.05880848034975323, 0.15969478165873038, 0.27726437872490695]]","[['target_value', 'upper_bound', 'upper_bound', 'upper_bound', 'lower_bound', 'lower_bound'], ['target_value', 'upper_bound', 'upper_bound', 'upper_bound', 'lower_bound', 'lower_bound'], ['target_value', 'upper_bound', 'upper_bound', 'upper_bound', 'lower_bound', 'lower_bound'], ['target_value', 'upper_bound', 'upper_bound', 'upper_bound', 'lower_bound', 'lower_bound'], ['target_value', 'upper_bound', 'upper_bound', 'upper_bound', 'lower_bound', 'lower_bound']]","[[0.042379935810085805, 0.3600931370281719, 0.011920913348197034, 0.046378051914162645, -2.7755575615628914e-17, 0.1826728797425391], [0.0007555806954193563, 0.22524926260861738, 0.008523646644298558, 0.06267901201349106, 0.07273509485064482, 0.1923180013075027], [0.03240009066608167, 0.38974077324298334, 0.0082959142562081, 0.11633807169405994, 0.16461151913642, 0.24055358015439318], [0.04272365480031169, 0.25652407624289764, 0.009957557266048939, 0.06216686898486116, 0.1576567948711994, 0.260881699775396], [0.07225598752656344, 0.178029621857162, 0.009913575141896277, 0.05880848034975323, 0.15969478165873038, 0.27726437872490695]]",[],,"[[1, 1, 1, 1, 1, 1], [1, 1, 1, 1, 1, 1], [1, 1, 1, 1, 1, 1], [1, 1, 1, 1, 1, 1], [1, 1, 1, 1, 1, 1]]","[['', '', '', '', '', ''], ['target_value', 'upper_bound', 'upper_bound', '', '', ''], ['', '', '', '', '', ''], ['target_value', '', 'upper_bound', '', '', ''], ['', '', '', '', '', '']]","[[nan, nan, nan, nan, nan, nan], [0.0, 0.04, 0.00846, nan, nan, nan], [nan, nan, nan, nan, nan, nan], [0.0324, nan, 0.00846, nan, nan, nan], [nan, nan, nan, nan, nan, nan]]","[[0, 0, 0, 0, 0, 0], [1, 1, 1, 0, 0, 0], [0, 0, 0, 0, 0, 0], [1, 0, 1, 0, 0, 0], [0, 0, 0, 0, 0, 0]]",6.725,0.22564007977134953,0.03957794040293919,0.07337143305399468,-615.8172427586943,,,,,-615.8172427586943,
fchmm,S5SphereInspect,127,7,"[[nan, nan, nan, nan, nan, nan], [0.2333291462271746, 0.5472073633023606, 0.34532461599639275, nan, nan, nan], [nan, nan, nan, nan, nan, nan], [0.10078523100232276, nan, 0.04398130271519863, nan, nan, nan], [nan, nan, nan, nan, nan, nan]]","[[nan, nan, nan, nan, nan, nan], [0.017379542239032247, 0.149662286232824, 0.0017843885174773678, nan, nan, nan], [nan, nan, nan, nan, nan, nan], [0.007506996908007761, nan, 0.00022726364676393766, nan, nan, nan], [nan, nan, nan, nan, nan, nan]]","['surf_dist', 'normal_err', 'speed', 'ang_speed', 'noise', 'start_dist']","[0.07448508906860322, 0.2735019597134474, 0.005167278655559288, 0.06608722993185281, 0.2420060651636752, 0.17611082692742402]","[[0.05573937929552217, 0.3784042256358275, 0.01241474246805751, 0.045407847138315666, -2.7755575615628914e-17, 0.1886303503285592], [0.017379542239032247, 0.189662286232824, 0.010244388517477368, 0.046378051914162645, 0.031026242817859623, 0.1802523195239185], [1.9582187481548274e-06, 0.03961376484865719, 0.008533823647362845, 0.06331553113525111, 0.07604436731824785, 0.19644647878457047], [0.024893003091992237, 0.35188542658804756, 0.008232736353236063, 0.10070989106778774, 0.17035093964868067, 0.19735358163692554], [0.06540183908525421, 0.2367943539351075, 0.009913575141896277, 0.05933069302347419, 0.15849888379870902, 0.2801787370911426]]","[['target_value', 'upper_bound', 'upper_bound', 'upper_bound', 'lower_bound', 'lower_bound'], ['target_value', 'upper_bound', 'upper_bound', 'upper_bound', 'lower_bound', 'lower_bound'], ['target_value', 'upper_bound', 'upper_bound', 'upper_bound', 'lower_bound', 'lower_bound'], ['target_value', 'upper_bound', 'upper_bound', 'upper_bound', 'lower_bound', 'lower_bound'], ['target_value', 'upper_bound', 'upper_bound', 'upper_bound', 'lower_bound', 'lower_bound']]","[[0.05573937929552217, 0.3784042256358275, 0.01241474246805751, 0.045407847138315666, -2.7755575615628914e-17, 0.1886303503285592], [0.017379542239032247, 0.189662286232824, 0.010244388517477368, 0.046378051914162645, 0.031026242817859623, 0.1802523195239185], [1.9582187481548274e-06, 0.03961376484865719, 0.008533823647362845, 0.06331553113525111, 0.07604436731824785, 0.19644647878457047], [0.024893003091992237, 0.35188542658804756, 0.008232736353236063, 0.10070989106778774, 0.17035093964868067, 0.19735358163692554], [0.06540183908525421, 0.2367943539351075, 0.009913575141896277, 0.05933069302347419, 0.15849888379870902, 0.2801787370911426]]",[],,"[[1, 1, 1, 1, 1, 1], [1, 1, 1, 1, 1, 1], [1, 1, 1, 1, 1, 1], [1, 1, 1, 1, 1, 1], [1, 1, 1, 1, 1, 1]]","[['', '', '', '', '', ''], ['target_value', 'upper_bound', 'upper_bound', '', '', ''], ['', '', '', '', '', ''], ['target_value', '', 'upper_bound', '', '', ''], ['', '', '', '', '', '']]","[[nan, nan, nan, nan, nan, nan], [0.0, 0.04, 0.00846, nan, nan, nan], [nan, nan, nan, nan, nan, nan], [0.0324, nan, 0.00846, nan, nan, nan], [nan, nan, nan, nan, nan, nan]]","[[0, 0, 0, 0, 0, 0], [1, 1, 1, 0, 0, 0], [0, 0, 0, 0, 0, 0], [1, 0, 1, 0, 0, 0], [0, 0, 0, 0, 0, 0]]",14.325,0.25412553184868986,0.035312095508821056,0.07567854481277142,-259.35072609401044,,,,,-259.35072609401044,
fchmm,S5SphereInspect,127,8,"[[nan, nan, nan, nan, nan, nan], [2.6263167799438277e-05, 0.0014121842188899744, 0.014286755618147346, nan, nan, nan], [nan, nan, nan, nan, nan, nan], [1.5318461944053876e-06, nan, 0.03175139181661878, nan, nan, nan], [nan, nan, nan, nan, nan, nan]]","[[nan, nan, nan, nan, nan, nan], [1.9562143927648323e-06, 0.00038623515134281194, 7.382364736284452e-05, nan, nan, nan], [nan, nan, nan, nan, nan, nan], [1.1409970022968619e-07, nan, 0.00016406828921831408, nan, nan, nan], [nan, nan, nan, nan, nan, nan]]","['surf_dist', 'normal_err', 'speed', 'ang_speed', 'noise', 'start_dist']","[0.07448508906860322, 0.2735019597134474, 0.005167278655559288, 0.06608722993185281, 0.2420060651636752, 0.17611082692742402]","[[0.03452917900719536, 0.3478518535804499, 0.011920913348197034, 0.045407847138315666, -2.7755575615628914e-17, 0.18188038325483805], [1.9562143927648323e-06, 0.03961376484865719, 0.008533823647362845, 0.06331553113525111, 0.07604436731824785, 0.19551222238145555], [0.016771601920484932, 0.3229162362979593, 0.006632214408215794, 0.0639151702752087, 0.2026760472062669, 0.19455258875280895], [0.03240011409970023, 0.38974077324298334, 0.008295931710781686, 0.11633807169405994, 0.16122265496434704, 0.24055358015439318], [0.06439480229517386, 0.2367943539351075, 0.009913575141896277, 0.05880848034975323, 0.15849888379870902, 0.2713363917645308]]","[['target_value', 'upper_bound', 'upper_bound', 'upper_bound', 'lower_bound', 'lower_bound'], ['target_value', 'upper_bound', 'upper_bound', 'upper_bound', 'lower_bound', 'lower_bound'], ['target_value', 'upper_bound', 'upper_bound', 'upper_bound', 'lower_bound', 'lower_bound'], ['target_value', 'upper_bound', 'upper_bound', 'upper_bound', 'lower_bound', 'lower_bound'], ['target_value', 'upper_bound', 'upper_bound', 'upper_bound', 'lower_bound', 'lower_bound']]","[[0.03452917900719536, 0.3478518535804499, 0.011920913348197034, 0.045407847138315666, -2.7755575615628914e-17, 0.18188038325483805], [1.9562143927648323e-06, 0.03961376484865719, 0.008533823647362845, 0.06331553113525111, 0.07604436731824785, 0.19551222238145555], [0.016771601920484932, 0.3229162362979593, 0.006632214408215794, 0.0639151702752087, 0.2026760472062669, 0.19455258875280895], [0.03240011409970023, 0.38974077324298334, 0.008295931710781686, 0.11633807169405994, 0.16122265496434704, 0.24055358015439318], [0.06439480229517386, 0.2367943539351075, 0.009913575141896277, 0.05880848034975323, 0.15849888379870902, 0.2713363917645308]]",[],,"[[1, 1, 1, 1, 1, 1], [1, 1, 1, 1, 1, 1], [1, 1, 1, 1, 1, 1], [1, 1, 1, 1, 1, 1], [1, 1, 1, 1, 1, 1]]","[['', '', '', '', '', ''], ['target_value', 'upper_bound', 'upper_bound', '', '', ''], ['', '', '', '', '', ''], ['target_value', '', 'upper_bound', '', '', ''], ['', '', '', '', '', '']]","[[nan, nan, nan, nan, nan, nan], [0.0, 0.04, 0.00846, nan, nan, nan], [nan, nan, nan, nan, nan, nan], [0.0324, nan, 0.00846, nan, nan, nan], [nan, nan, nan, nan, nan, nan]]","[[0, 0, 0, 0, 0, 0], [1, 1, 1, 0, 0, 0], [0, 0, 0, 0, 0, 0], [1, 0, 1, 0, 0, 0], [0, 0, 0, 0, 0, 0]]",0.275,0.009495625333529989,0.000125239480403393,0.0692642132341149,-180.8011829869887,,,,,-180.8011829869887,
fchmm,S5SphereInspect,127,9,"[[nan, nan, nan, nan, nan, nan], [0.37600969054825223, 0.7685674040856261, 0.5320802625358287, nan, nan, nan], [nan, nan, nan, nan, nan, nan], [1.2122147078173217e-06, nan, 0.031754769721073, nan, nan, nan], [nan, nan, nan, nan, nan, nan]]","[[nan, nan, nan, nan, nan, nan], [0.028007115291144503, 0.21020469118929572, 0.00274940698364577, nan, nan, nan], [nan, nan, nan, nan, nan, nan], [9.029192048204404e-08, nan, 0.0001640857437919009, nan, nan, nan], [nan, nan, nan, nan, nan, nan]]","['surf_dist', 'normal_err', 'speed', 'ang_speed', 'noise', 'start_dist']","[0.07448508906860322, 0.2735019597134474, 0.005167278655559288, 0.06608722993185281, 0.2420060651636752, 0.17611082692742402]","[[0.061365497909862426, 0.41083178971554873, 0.012558369114651786, 0.045407847138315666, -2.7755575615628914e-17, 0.1886303503285592], [0.028007115291144503, 0.2502046911892957, 0.01120940698364577, 0.046378051914162645, 0.018828304908930005, 0.18074980125800244], [0.0006475023785542725, 0.22524926260861738, 0.008521332140987258, 0.06331553113525111, 0.07404813895876583, 0.19247971853668983], [0.03240009029192048, 0.38974077324298334, 0.0082959142562081, 0.11633807169405994, 0.16461151913642, 0.24055358015439318], [0.06439195737417022, 0.2367943539351075, 0.009913575141896277, 0.05880848034975323, 0.15849888379870902, 0.2713363917645308]]","[['target_value', 'upper_bound', 'upper_bound', 'upper_bound', 'lower_bound', 'lower_bound'], ['target_value', 'upper_bound', 'upper_bound', 'upper_bound', 'lower_bound', 'lower_bound'], ['target_value', 'upper_bound', 'upper_bound', 'upper_bound', 'lower_bound', 'lower_bound'], ['target_value', 'upper_bound', 'upper_bound', 'upper_bound', 'lower_bound', 'lower_bound'], ['target_value', 'upper_bound', 'upper_bound', 'upper_bound', 'lower_bound', 'lower_bound']]","[[0.061365497909862426, 0.41083178971554873, 0.012558369114651786, 0.045407847138315666, -2.7755575615628914e-17, 0.1886303503285592], [0.028007115291144503, 0.2502046911892957, 0.01120940698364577, 0.046378051914162645, 0.018828304908930005, 0.18074980125800244], [0.0006475023785542725, 0.22524926260861738, 0.008521332140987258, 0.06331553113525111, 0.07404813895876583, 0.19247971853668983], [0.03240009029192048, 0.38974077324298334, 0.0082959142562081, 0.11633807169405994, 0.16461151913642, 0.24055358015439318], [0.06439195737417022, 0.2367943539351075, 0.009913575141896277, 0.05880848034975323, 0.15849888379870902, 0.2713363917645308]]",[],,"[[1, 1, 1, 1, 1, 1], [1, 1, 1, 1, 1, 1], [1, 1, 1, 1, 1, 1], [1, 1, 1, 1, 1, 1], [1, 1, 1, 1, 1, 1]]","[['', '', '', '', '', ''], ['target_value', 'upper_bound', 'upper_bound', '', '', ''], ['', '', '', '', '', ''], ['target_value', '', 'upper_bound', '', '', ''], ['', '', '', '', '', '']]","[[nan, nan, nan, nan, nan, nan], [0.0, 0.04, 0.00846, nan, nan, nan], [nan, nan, nan, nan, nan, nan], [0.0324, nan, 0.00846, nan, nan, nan], [nan, nan, nan, nan, nan, nan]]","[[0, 0, 0, 0, 0, 0], [1, 1, 1, 0, 0, 0], [0, 0, 0, 0, 0, 0], [1, 0, 1, 0, 0, 0], [0, 0, 0, 0, 0, 0]]",11.425,0.3416826678210975,0.04822507789995967,0.0724086069265199,-612.180195747954,,,,,-612.180195747954,
map,S5SphereInspect,127,0,"[[nan, nan, nan, nan, nan, nan], [0.0004233238451425279, 0.001401036077024307, 0.012317127186061674, nan, nan, nan], [nan, nan, nan, nan, nan, nan], [0.007257817563858879, nan, 0.031751380028746896, nan, nan, nan], [nan, nan, nan, nan, nan, nan]]","[[nan, nan, nan, nan, nan, nan], [3.1531314310304787e-05, 0.0003831861126953884, 6.364602840634552e-05, nan, nan, nan], [nan, nan, nan, nan, nan, nan], [0.0005405991876877014, nan, 0.0001640682283070953, nan, nan, nan], [nan, nan, nan, nan, nan, nan]]","['surf_dist', 'normal_err', 'speed', 'ang_speed', 'start_dist', 'goal_dist']","[0.07448508906860322, 0.2735019597134474, 0.005167278655559288, 0.06608722993185281, 0.2420060651636752, 0.17611082692742402]","[[nan, nan, nan, nan, nan, nan], [3.1531314310304787e-05, 0.03961681388730461, 0.008523646028406346, nan, nan, nan], [nan, nan, nan, nan, nan, nan], [0.0329405991876877, nan, 0.008295931771692905, nan, nan, nan], [nan, nan, nan, nan, nan, nan]]","[['', '', '', '', '', ''], ['target_value', 'upper_bound', 'upper_bound', '', '', ''], ['', '', '', '', '', ''], ['target_value', '', 'upper_bound', '', '', ''], ['', '', '', '', '', '']]","[[nan, nan, nan, nan, nan, nan], [3.1531314310304787e-05, 0.03961681388730461, 0.008523646028406346, nan, nan, nan], [nan, nan, nan, nan, nan, nan], [0.0329405991876877, nan, 0.008295931771692905, nan, nan, nan], [nan, nan, nan, nan, nan, nan]]",[],map_shared_eta,"[[0, 0, 0, 0, 0, 0], [1, 1, 1, 0, 0, 0], [0, 0, 0, 0, 0, 0], [1, 0, 1, 0, 0, 0], [0, 0, 0, 0, 0, 0]]","[['', '', '', '', '', ''], ['target_value', 'upper_bound', 'upper_bound', '', '', ''], ['', '', '', '', '', ''], ['target_value', '', 'upper_bound', '', '', ''], ['', '', '', '', '', '']]","[[nan, nan, nan, nan, nan, nan], [0.0, 0.04, 0.00846, nan, nan, nan], [nan, nan, nan, nan, nan, nan], [0.0324, nan, 0.00846, nan, nan, nan], [nan, nan, nan, nan, nan, nan]]","[[0, 0, 0, 0, 0, 0], [1, 1, 1, 0, 0, 0], [0, 0, 0, 0, 0, 0], [1, 0, 1, 0, 0, 0], [0, 0, 0, 0, 0, 0]]",0.525,0.010630136940166856,0.00023660617428136708,0.06422080389188091,686.0765081146601,,,,,,686.0765081146601
map,S5SphereInspect,127,1,"[[nan, nan, nan, nan, nan, nan], [0.0004233238451425279, 0.001401036077024307, 0.012317127186061674, nan, nan, nan], [nan, nan, nan, nan, nan, nan], [0.007257817563858879, nan, 0.031751380028746896, nan, nan, nan], [nan, nan, nan, nan, nan, nan]]","[[nan, nan, nan, nan, nan, nan], [3.1531314310304787e-05, 0.0003831861126953884, 6.364602840634552e-05, nan, nan, nan], [nan, nan, nan, nan, nan, nan], [0.0005405991876877014, nan, 0.0001640682283070953, nan, nan, nan], [nan, nan, nan, nan, nan, nan]]","['surf_dist', 'normal_err', 'speed', 'ang_speed', 'start_dist', 'goal_dist']","[0.07448508906860322, 0.2735019597134474, 0.005167278655559288, 0.06608722993185281, 0.2420060651636752, 0.17611082692742402]","[[nan, nan, nan, nan, nan, nan], [3.1531314310304787e-05, 0.03961681388730461, 0.008523646028406346, nan, nan, nan], [nan, nan, nan, nan, nan, nan], [0.0329405991876877, nan, 0.008295931771692905, nan, nan, nan], [nan, nan, nan, nan, nan, nan]]","[['', '', '', '', '', ''], ['target_value', 'upper_bound', 'upper_bound', '', '', ''], ['', '', '', '', '', ''], ['target_value', '', 'upper_bound', '', '', ''], ['', '', '', '', '', '']]","[[nan, nan, nan, nan, nan, nan], [3.1531314310304787e-05, 0.03961681388730461, 0.008523646028406346, nan, nan, nan], [nan, nan, nan, nan, nan, nan], [0.0329405991876877, nan, 0.008295931771692905, nan, nan, nan], [nan, nan, nan, nan, nan, nan]]",[],map_shared_eta,"[[0, 0, 0, 0, 0, 0], [1, 1, 1, 0, 0, 0], [0, 0, 0, 0, 0, 0], [1, 0, 1, 0, 0, 0], [0, 0, 0, 0, 0, 0]]","[['', '', '', '', '', ''], ['target_value', 'upper_bound', 'upper_bound', '', '', ''], ['', '', '', '', '', ''], ['target_value', '', 'upper_bound', '', '', ''], ['', '', '', '', '', '']]","[[nan, nan, nan, nan, nan, nan], [0.0, 0.04, 0.00846, nan, nan, nan], [nan, nan, nan, nan, nan, nan], [0.0324, nan, 0.00846, nan, nan, nan], [nan, nan, nan, nan, nan, nan]]","[[0, 0, 0, 0, 0, 0], [1, 1, 1, 0, 0, 0], [0, 0, 0, 0, 0, 0], [1, 0, 1, 0, 0, 0], [0, 0, 0, 0, 0, 0]]",0.525,0.010630136940166856,0.00023660617428136708,0.06422080389188091,686.0765081146601,,,,,,686.0765081146601
map,S5SphereInspect,127,2,"[[nan, nan, nan, nan, nan, nan], [0.0004233238451425279, 0.001401036077024307, 0.012317127186061674, nan, nan, nan], [nan, nan, nan, nan, nan, nan], [0.007257817563858879, nan, 0.031751380028746896, nan, nan, nan], [nan, nan, nan, nan, nan, nan]]","[[nan, nan, nan, nan, nan, nan], [3.1531314310304787e-05, 0.0003831861126953884, 6.364602840634552e-05, nan, nan, nan], [nan, nan, nan, nan, nan, nan], [0.0005405991876877014, nan, 0.0001640682283070953, nan, nan, nan], [nan, nan, nan, nan, nan, nan]]","['surf_dist', 'normal_err', 'speed', 'ang_speed', 'start_dist', 'goal_dist']","[0.07448508906860322, 0.2735019597134474, 0.005167278655559288, 0.06608722993185281, 0.2420060651636752, 0.17611082692742402]","[[nan, nan, nan, nan, nan, nan], [3.1531314310304787e-05, 0.03961681388730461, 0.008523646028406346, nan, nan, nan], [nan, nan, nan, nan, nan, nan], [0.0329405991876877, nan, 0.008295931771692905, nan, nan, nan], [nan, nan, nan, nan, nan, nan]]","[['', '', '', '', '', ''], ['target_value', 'upper_bound', 'upper_bound', '', '', ''], ['', '', '', '', '', ''], ['target_value', '', 'upper_bound', '', '', ''], ['', '', '', '', '', '']]","[[nan, nan, nan, nan, nan, nan], [3.1531314310304787e-05, 0.03961681388730461, 0.008523646028406346, nan, nan, nan], [nan, nan, nan, nan, nan, nan], [0.0329405991876877, nan, 0.008295931771692905, nan, nan, nan], [nan, nan, nan, nan, nan, nan]]",[],map_shared_eta,"[[0, 0, 0, 0, 0, 0], [1, 1, 1, 0, 0, 0], [0, 0, 0, 0, 0, 0], [1, 0, 1, 0, 0, 0], [0, 0, 0, 0, 0, 0]]","[['', '', '', '', '', ''], ['target_value', 'upper_bound', 'upper_bound', '', '', ''], ['', '', '', '', '', ''], ['target_value', '', 'upper_bound', '', '', ''], ['', '', '', '', '', '']]","[[nan, nan, nan, nan, nan, nan], [0.0, 0.04, 0.00846, nan, nan, nan], [nan, nan, nan, nan, nan, nan], [0.0324, nan, 0.00846, nan, nan, nan], [nan, nan, nan, nan, nan, nan]]","[[0, 0, 0, 0, 0, 0], [1, 1, 1, 0, 0, 0], [0, 0, 0, 0, 0, 0], [1, 0, 1, 0, 0, 0], [0, 0, 0, 0, 0, 0]]",0.525,0.010630136940166856,0.00023660617428136708,0.06422080389188091,686.0765081146601,,,,,,686.0765081146601
map,S5SphereInspect,127,3,"[[nan, nan, nan, nan, nan, nan], [0.0004233238451425279, 0.001401036077024307, 0.012317127186061674, nan, nan, nan], [nan, nan, nan, nan, nan, nan], [0.007257817563858879, nan, 0.031751380028746896, nan, nan, nan], [nan, nan, nan, nan, nan, nan]]","[[nan, nan, nan, nan, nan, nan], [3.1531314310304787e-05, 0.0003831861126953884, 6.364602840634552e-05, nan, nan, nan], [nan, nan, nan, nan, nan, nan], [0.0005405991876877014, nan, 0.0001640682283070953, nan, nan, nan], [nan, nan, nan, nan, nan, nan]]","['surf_dist', 'normal_err', 'speed', 'ang_speed', 'start_dist', 'goal_dist']","[0.07448508906860322, 0.2735019597134474, 0.005167278655559288, 0.06608722993185281, 0.2420060651636752, 0.17611082692742402]","[[nan, nan, nan, nan, nan, nan], [3.1531314310304787e-05, 0.03961681388730461, 0.008523646028406346, nan, nan, nan], [nan, nan, nan, nan, nan, nan], [0.0329405991876877, nan, 0.008295931771692905, nan, nan, nan], [nan, nan, nan, nan, nan, nan]]","[['', '', '', '', '', ''], ['target_value', 'upper_bound', 'upper_bound', '', '', ''], ['', '', '', '', '', ''], ['target_value', '', 'upper_bound', '', '', ''], ['', '', '', '', '', '']]","[[nan, nan, nan, nan, nan, nan], [3.1531314310304787e-05, 0.03961681388730461, 0.008523646028406346, nan, nan, nan], [nan, nan, nan, nan, nan, nan], [0.0329405991876877, nan, 0.008295931771692905, nan, nan, nan], [nan, nan, nan, nan, nan, nan]]",[],map_shared_eta,"[[0, 0, 0, 0, 0, 0], [1, 1, 1, 0, 0, 0], [0, 0, 0, 0, 0, 0], [1, 0, 1, 0, 0, 0], [0, 0, 0, 0, 0, 0]]","[['', '', '', '', '', ''], ['target_value', 'upper_bound', 'upper_bound', '', '', ''], ['', '', '', '', '', ''], ['target_value', '', 'upper_bound', '', '', ''], ['', '', '', '', '', '']]","[[nan, nan, nan, nan, nan, nan], [0.0, 0.04, 0.00846, nan, nan, nan], [nan, nan, nan, nan, nan, nan], [0.0324, nan, 0.00846, nan, nan, nan], [nan, nan, nan, nan, nan, nan]]","[[0, 0, 0, 0, 0, 0], [1, 1, 1, 0, 0, 0], [0, 0, 0, 0, 0, 0], [1, 0, 1, 0, 0, 0], [0, 0, 0, 0, 0, 0]]",0.525,0.010630136940166856,0.00023660617428136708,0.06422080389188091,686.0765081146601,,,,,,686.0765081146601
map,S5SphereInspect,127,4,"[[nan, nan, nan, nan, nan, nan], [0.0004233238451425279, 0.001401036077024307, 0.012317127186061674, nan, nan, nan], [nan, nan, nan, nan, nan, nan], [0.007257817563858879, nan, 0.031751380028746896, nan, nan, nan], [nan, nan, nan, nan, nan, nan]]","[[nan, nan, nan, nan, nan, nan], [3.1531314310304787e-05, 0.0003831861126953884, 6.364602840634552e-05, nan, nan, nan], [nan, nan, nan, nan, nan, nan], [0.0005405991876877014, nan, 0.0001640682283070953, nan, nan, nan], [nan, nan, nan, nan, nan, nan]]","['surf_dist', 'normal_err', 'speed', 'ang_speed', 'start_dist', 'goal_dist']","[0.07448508906860322, 0.2735019597134474, 0.005167278655559288, 0.06608722993185281, 0.2420060651636752, 0.17611082692742402]","[[nan, nan, nan, nan, nan, nan], [3.1531314310304787e-05, 0.03961681388730461, 0.008523646028406346, nan, nan, nan], [nan, nan, nan, nan, nan, nan], [0.0329405991876877, nan, 0.008295931771692905, nan, nan, nan], [nan, nan, nan, nan, nan, nan]]","[['', '', '', '', '', ''], ['target_value', 'upper_bound', 'upper_bound', '', '', ''], ['', '', '', '', '', ''], ['target_value', '', 'upper_bound', '', '', ''], ['', '', '', '', '', '']]","[[nan, nan, nan, nan, nan, nan], [3.1531314310304787e-05, 0.03961681388730461, 0.008523646028406346, nan, nan, nan], [nan, nan, nan, nan, nan, nan], [0.0329405991876877, nan, 0.008295931771692905, nan, nan, nan], [nan, nan, nan, nan, nan, nan]]",[],map_shared_eta,"[[0, 0, 0, 0, 0, 0], [1, 1, 1, 0, 0, 0], [0, 0, 0, 0, 0, 0], [1, 0, 1, 0, 0, 0], [0, 0, 0, 0, 0, 0]]","[['', '', '', '', '', ''], ['target_value', 'upper_bound', 'upper_bound', '', '', ''], ['', '', '', '', '', ''], ['target_value', '', 'upper_bound', '', '', ''], ['', '', '', '', '', '']]","[[nan, nan, nan, nan, nan, nan], [0.0, 0.04, 0.00846, nan, nan, nan], [nan, nan, nan, nan, nan, nan], [0.0324, nan, 0.00846, nan, nan, nan], [nan, nan, nan, nan, nan, nan]]","[[0, 0, 0, 0, 0, 0], [1, 1, 1, 0, 0, 0], [0, 0, 0, 0, 0, 0], [1, 0, 1, 0, 0, 0], [0, 0, 0, 0, 0, 0]]",0.525,0.010630136940166856,0.00023660617428136708,0.06422080389188091,686.0765081146601,,,,,,686.0765081146601
map,S5SphereInspect,127,5,"[[nan, nan, nan, nan, nan, nan], [0.0004233238451425279, 0.001401036077024307, 0.012317127186061674, nan, nan, nan], [nan, nan, nan, nan, nan, nan], [0.007257817563858879, nan, 0.031751380028746896, nan, nan, nan], [nan, nan, nan, nan, nan, nan]]","[[nan, nan, nan, nan, nan, nan], [3.1531314310304787e-05, 0.0003831861126953884, 6.364602840634552e-05, nan, nan, nan], [nan, nan, nan, nan, nan, nan], [0.0005405991876877014, nan, 0.0001640682283070953, nan, nan, nan], [nan, nan, nan, nan, nan, nan]]","['surf_dist', 'normal_err', 'speed', 'ang_speed', 'start_dist', 'goal_dist']","[0.07448508906860322, 0.2735019597134474, 0.005167278655559288, 0.06608722993185281, 0.2420060651636752, 0.17611082692742402]","[[nan, nan, nan, nan, nan, nan], [3.1531314310304787e-05, 0.03961681388730461, 0.008523646028406346, nan, nan, nan], [nan, nan, nan, nan, nan, nan], [0.0329405991876877, nan, 0.008295931771692905, nan, nan, nan], [nan, nan, nan, nan, nan, nan]]","[['', '', '', '', '', ''], ['target_value', 'upper_bound', 'upper_bound', '', '', ''], ['', '', '', '', '', ''], ['target_value', '', 'upper_bound', '', '', ''], ['', '', '', '', '', '']]","[[nan, nan, nan, nan, nan, nan], [3.1531314310304787e-05, 0.03961681388730461, 0.008523646028406346, nan, nan, nan], [nan, nan, nan, nan, nan, nan], [0.0329405991876877, nan, 0.008295931771692905, nan, nan, nan], [nan, nan, nan, nan, nan, nan]]",[],map_shared_eta,"[[0, 0, 0, 0, 0, 0], [1, 1, 1, 0, 0, 0], [0, 0, 0, 0, 0, 0], [1, 0, 1, 0, 0, 0], [0, 0, 0, 0, 0, 0]]","[['', '', '', '', '', ''], ['target_value', 'upper_bound', 'upper_bound', '', '', ''], ['', '', '', '', '', ''], ['target_value', '', 'upper_bound', '', '', ''], ['', '', '', '', '', '']]","[[nan, nan, nan, nan, nan, nan], [0.0, 0.04, 0.00846, nan, nan, nan], [nan, nan, nan, nan, nan, nan], [0.0324, nan, 0.00846, nan, nan, nan], [nan, nan, nan, nan, nan, nan]]","[[0, 0, 0, 0, 0, 0], [1, 1, 1, 0, 0, 0], [0, 0, 0, 0, 0, 0], [1, 0, 1, 0, 0, 0], [0, 0, 0, 0, 0, 0]]",0.525,0.010630136940166856,0.00023660617428136708,0.06422080389188091,686.0765081146601,,,,,,686.0765081146601
map,S5SphereInspect,127,6,"[[nan, nan, nan, nan, nan, nan], [0.0004233238451425279, 0.001401036077024307, 0.012317127186061674, nan, nan, nan], [nan, nan, nan, nan, nan, nan], [0.007257817563858879, nan, 0.031751380028746896, nan, nan, nan], [nan, nan, nan, nan, nan, nan]]","[[nan, nan, nan, nan, nan, nan], [3.1531314310304787e-05, 0.0003831861126953884, 6.364602840634552e-05, nan, nan, nan], [nan, nan, nan, nan, nan, nan], [0.0005405991876877014, nan, 0.0001640682283070953, nan, nan, nan], [nan, nan, nan, nan, nan, nan]]","['surf_dist', 'normal_err', 'speed', 'ang_speed', 'start_dist', 'goal_dist']","[0.07448508906860322, 0.2735019597134474, 0.005167278655559288, 0.06608722993185281, 0.2420060651636752, 0.17611082692742402]","[[nan, nan, nan, nan, nan, nan], [3.1531314310304787e-05, 0.03961681388730461, 0.008523646028406346, nan, nan, nan], [nan, nan, nan, nan, nan, nan], [0.0329405991876877, nan, 0.008295931771692905, nan, nan, nan], [nan, nan, nan, nan, nan, nan]]","[['', '', '', '', '', ''], ['target_value', 'upper_bound', 'upper_bound', '', '', ''], ['', '', '', '', '', ''], ['target_value', '', 'upper_bound', '', '', ''], ['', '', '', '', '', '']]","[[nan, nan, nan, nan, nan, nan], [3.1531314310304787e-05, 0.03961681388730461, 0.008523646028406346, nan, nan, nan], [nan, nan, nan, nan, nan, nan], [0.0329405991876877, nan, 0.008295931771692905, nan, nan, nan], [nan, nan, nan, nan, nan, nan]]",[],map_shared_eta,"[[0, 0, 0, 0, 0, 0], [1, 1, 1, 0, 0, 0], [0, 0, 0, 0, 0, 0], [1, 0, 1, 0, 0, 0], [0, 0, 0, 0, 0, 0]]","[['', '', '', '', '', ''], ['target_value', 'upper_bound', 'upper_bound', '', '', ''], ['', '', '', '', '', ''], ['target_value', '', 'upper_bound', '', '', ''], ['', '', '', '', '', '']]","[[nan, nan, nan, nan, nan, nan], [0.0, 0.04, 0.00846, nan, nan, nan], [nan, nan, nan, nan, nan, nan], [0.0324, nan, 0.00846, nan, nan, nan], [nan, nan, nan, nan, nan, nan]]","[[0, 0, 0, 0, 0, 0], [1, 1, 1, 0, 0, 0], [0, 0, 0, 0, 0, 0], [1, 0, 1, 0, 0, 0], [0, 0, 0, 0, 0, 0]]",0.525,0.010630136940166856,0.00023660617428136708,0.06422080389188091,686.0765081146601,,,,,,686.0765081146601
map,S5SphereInspect,127,7,"[[nan, nan, nan, nan, nan, nan], [0.0004233238451425279, 0.001401036077024307, 0.012317127186061674, nan, nan, nan], [nan, nan, nan, nan, nan, nan], [0.007257817563858879, nan, 0.031751380028746896, nan, nan, nan], [nan, nan, nan, nan, nan, nan]]","[[nan, nan, nan, nan, nan, nan], [3.1531314310304787e-05, 0.0003831861126953884, 6.364602840634552e-05, nan, nan, nan], [nan, nan, nan, nan, nan, nan], [0.0005405991876877014, nan, 0.0001640682283070953, nan, nan, nan], [nan, nan, nan, nan, nan, nan]]","['surf_dist', 'normal_err', 'speed', 'ang_speed', 'start_dist', 'goal_dist']","[0.07448508906860322, 0.2735019597134474, 0.005167278655559288, 0.06608722993185281, 0.2420060651636752, 0.17611082692742402]","[[nan, nan, nan, nan, nan, nan], [3.1531314310304787e-05, 0.03961681388730461, 0.008523646028406346, nan, nan, nan], [nan, nan, nan, nan, nan, nan], [0.0329405991876877, nan, 0.008295931771692905, nan, nan, nan], [nan, nan, nan, nan, nan, nan]]","[['', '', '', '', '', ''], ['target_value', 'upper_bound', 'upper_bound', '', '', ''], ['', '', '', '', '', ''], ['target_value', '', 'upper_bound', '', '', ''], ['', '', '', '', '', '']]","[[nan, nan, nan, nan, nan, nan], [3.1531314310304787e-05, 0.03961681388730461, 0.008523646028406346, nan, nan, nan], [nan, nan, nan, nan, nan, nan], [0.0329405991876877, nan, 0.008295931771692905, nan, nan, nan], [nan, nan, nan, nan, nan, nan]]",[],map_shared_eta,"[[0, 0, 0, 0, 0, 0], [1, 1, 1, 0, 0, 0], [0, 0, 0, 0, 0, 0], [1, 0, 1, 0, 0, 0], [0, 0, 0, 0, 0, 0]]","[['', '', '', '', '', ''], ['target_value', 'upper_bound', 'upper_bound', '', '', ''], ['', '', '', '', '', ''], ['target_value', '', 'upper_bound', '', '', ''], ['', '', '', '', '', '']]","[[nan, nan, nan, nan, nan, nan], [0.0, 0.04, 0.00846, nan, nan, nan], [nan, nan, nan, nan, nan, nan], [0.0324, nan, 0.00846, nan, nan, nan], [nan, nan, nan, nan, nan, nan]]","[[0, 0, 0, 0, 0, 0], [1, 1, 1, 0, 0, 0], [0, 0, 0, 0, 0, 0], [1, 0, 1, 0, 0, 0], [0, 0, 0, 0, 0, 0]]",0.525,0.010630136940166856,0.00023660617428136708,0.06422080389188091,686.0765081146601,,,,,,686.0765081146601
map,S5SphereInspect,127,8,"[[nan, nan, nan, nan, nan, nan], [0.0004233238451425279, 0.001401036077024307, 0.012317127186061674, nan, nan, nan], [nan, nan, nan, nan, nan, nan], [0.007257817563858879, nan, 0.031751380028746896, nan, nan, nan], [nan, nan, nan, nan, nan, nan]]","[[nan, nan, nan, nan, nan, nan], [3.1531314310304787e-05, 0.0003831861126953884, 6.364602840634552e-05, nan, nan, nan], [nan, nan, nan, nan, nan, nan], [0.0005405991876877014, nan, 0.0001640682283070953, nan, nan, nan], [nan, nan, nan, nan, nan, nan]]","['surf_dist', 'normal_err', 'speed', 'ang_speed', 'start_dist', 'goal_dist']","[0.07448508906860322, 0.2735019597134474, 0.005167278655559288, 0.06608722993185281, 0.2420060651636752, 0.17611082692742402]","[[nan, nan, nan, nan, nan, nan], [3.1531314310304787e-05, 0.03961681388730461, 0.008523646028406346, nan, nan, nan], [nan, nan, nan, nan, nan, nan], [0.0329405991876877, nan, 0.008295931771692905, nan, nan, nan], [nan, nan, nan, nan, nan, nan]]","[['', '', '', '', '', ''], ['target_value', 'upper_bound', 'upper_bound', '', '', ''], ['', '', '', '', '', ''], ['target_value', '', 'upper_bound', '', '', ''], ['', '', '', '', '', '']]","[[nan, nan, nan, nan, nan, nan], [3.1531314310304787e-05, 0.03961681388730461, 0.008523646028406346, nan, nan, nan], [nan, nan, nan, nan, nan, nan], [0.0329405991876877, nan, 0.008295931771692905, nan, nan, nan], [nan, nan, nan, nan, nan, nan]]",[],map_shared_eta,"[[0, 0, 0, 0, 0, 0], [1, 1, 1, 0, 0, 0], [0, 0, 0, 0, 0, 0], [1, 0, 1, 0, 0, 0], [0, 0, 0, 0, 0, 0]]","[['', '', '', '', '', ''], ['target_value', 'upper_bound', 'upper_bound', '', '', ''], ['', '', '', '', '', ''], ['target_value', '', 'upper_bound', '', '', ''], ['', '', '', '', '', '']]","[[nan, nan, nan, nan, nan, nan], [0.0, 0.04, 0.00846, nan, nan, nan], [nan, nan, nan, nan, nan, nan], [0.0324, nan, 0.00846, nan, nan, nan], [nan, nan, nan, nan, nan, nan]]","[[0, 0, 0, 0, 0, 0], [1, 1, 1, 0, 0, 0], [0, 0, 0, 0, 0, 0], [1, 0, 1, 0, 0, 0], [0, 0, 0, 0, 0, 0]]",0.525,0.010630136940166856,0.00023660617428136708,0.06422080389188091,686.0765081146601,,,,,,686.0765081146601
map,S5SphereInspect,127,9,"[[nan, nan, nan, nan, nan, nan], [0.0004233238451425279, 0.001401036077024307, 0.012317127186061674, nan, nan, nan], [nan, nan, nan, nan, nan, nan], [0.007257817563858879, nan, 0.031751380028746896, nan, nan, nan], [nan, nan, nan, nan, nan, nan]]","[[nan, nan, nan, nan, nan, nan], [3.1531314310304787e-05, 0.0003831861126953884, 6.364602840634552e-05, nan, nan, nan], [nan, nan, nan, nan, nan, nan], [0.0005405991876877014, nan, 0.0001640682283070953, nan, nan, nan], [nan, nan, nan, nan, nan, nan]]","['surf_dist', 'normal_err', 'speed', 'ang_speed', 'start_dist', 'goal_dist']","[0.07448508906860322, 0.2735019597134474, 0.005167278655559288, 0.06608722993185281, 0.2420060651636752, 0.17611082692742402]","[[nan, nan, nan, nan, nan, nan], [3.1531314310304787e-05, 0.03961681388730461, 0.008523646028406346, nan, nan, nan], [nan, nan, nan, nan, nan, nan], [0.0329405991876877, nan, 0.008295931771692905, nan, nan, nan], [nan, nan, nan, nan, nan, nan]]","[['', '', '', '', '', ''], ['target_value', 'upper_bound', 'upper_bound', '', '', ''], ['', '', '', '', '', ''], ['target_value', '', 'upper_bound', '', '', ''], ['', '', '', '', '', '']]","[[nan, nan, nan, nan, nan, nan], [3.1531314310304787e-05, 0.03961681388730461, 0.008523646028406346, nan, nan, nan], [nan, nan, nan, nan, nan, nan], [0.0329405991876877, nan, 0.008295931771692905, nan, nan, nan], [nan, nan, nan, nan, nan, nan]]",[],map_shared_eta,"[[0, 0, 0, 0, 0, 0], [1, 1, 1, 0, 0, 0], [0, 0, 0, 0, 0, 0], [1, 0, 1, 0, 0, 0], [0, 0, 0, 0, 0, 0]]","[['', '', '', '', '', ''], ['target_value', 'upper_bound', 'upper_bound', '', '', ''], ['', '', '', '', '', ''], ['target_value', '', 'upper_bound', '', '', ''], ['', '', '', '', '', '']]","[[nan, nan, nan, nan, nan, nan], [0.0, 0.04, 0.00846, nan, nan, nan], [nan, nan, nan, nan, nan, nan], [0.0324, nan, 0.00846, nan, nan, nan], [nan, nan, nan, nan, nan, nan]]","[[0, 0, 0, 0, 0, 0], [1, 1, 1, 0, 0, 0], [0, 0, 0, 0, 0, 0], [1, 0, 1, 0, 0, 0], [0, 0, 0, 0, 0, 0]]",0.525,0.010630136940166856,0.00023660617428136708,0.06422080389188091,686.0765081146601,,,,,,686.0765081146601
swcl,S5SphereInspect,127,0,"[[nan, nan, nan, nan, nan, nan], [2.643222375276591e-05, 0.0014179216250471945, 0.0029111903597279737, nan, nan, nan], [nan, nan, nan, nan, nan, nan], [1.5757399142395875e-06, nan, 0.07993338360541896, nan, nan, nan], [nan, nan, nan, nan, nan, nan]]","[[nan, nan, nan, nan, nan, nan], [1.9688065405060184e-06, 0.0003878043431704836, 1.5042931808092325e-05, nan, nan, nan], [nan, nan, nan, nan, nan, nan], [1.1736912786108888e-07, nan, 0.0004130380669709142, nan, nan, nan], [nan, nan, nan, nan, nan, nan]]","['surf_dist', 'normal_err', 'speed', 'ang_speed', 'start_dist', 'goal_dist']","[0.07448508906860322, 0.2735019597134474, 0.005167278655559288, 0.06608722993185281, 0.2420060651636752, 0.17611082692742402]","[[0.02045219957117411, 0.10158489238903948, 0.007639086684378288, 0.04112343753885147, 0.16447107839562072, 0.2889733595429724], [1.9688065405060184e-06, 0.03961219565682952, 0.008444957068191908, 0.04112343753885147, 0.16447107839562072, 0.2889733595429724], [0.02045219957117411, 0.10158489238903948, 0.007639086684378288, 0.04112343753885147, 0.16447107839562072, 0.2889733595429724], [0.03240011736912786, 0.10158489238903948, 0.008046961933029086, 0.04112343753885147, 0.16447107839562072, 0.2889733595429724], [0.02045219957117411, 0.10158489238903948, 0.007639086684378288, 0.04112343753885147, 0.16447107839562072, 0.2889733595429724]]","[['', '', '', '', '', ''], ['target_value', 'upper_bound', 'upper_bound', '', '', ''], ['', '', '', '', '', ''], ['target_value', '', 'upper_bound', '', '', ''], ['', '', '', '', '', '']]","[[nan, nan, nan, nan, nan, nan], [1.9688065405060184e-06, 0.03961219565682952, 0.008444957068191908, nan, nan, nan], [nan, nan, nan, nan, nan, nan], [0.03240011736912786, nan, 0.008046961933029086, nan, nan, nan], [nan, nan, nan, nan, nan, nan]]",[],,"[[0, 0, 0, 0, 0, 0], [1, 1, 1, 0, 0, 0], [0, 0, 0, 0, 0, 0], [1, 0, 1, 0, 0, 0], [0, 0, 0, 0, 0, 0]]","[['', '', '', '', '', ''], ['target_value', 'upper_bound', 'upper_bound', '', '', ''], ['', '', '', '', '', ''], ['target_value', '', 'upper_bound', '', '', ''], ['', '', '', '', '', '']]","[[nan, nan, nan, nan, nan, nan], [0.0, 0.04, 0.00846, nan, nan, nan], [nan, nan, nan, nan, nan, nan], [0.0324, nan, 0.00846, nan, nan, nan], [nan, nan, nan, nan, nan, nan]]","[[0, 0, 0, 0, 0, 0], [1, 1, 1, 0, 0, 0], [0, 0, 0, 0, 0, 0], [1, 0, 1, 0, 0, 0], [0, 0, 0, 0, 0, 0]]",1.025,0.016858100710772227,0.00016359430352357144,0.06444635717494818,-50.996469853495604,,,,,,-50.996469853495604
swcl,S5SphereInspect,127,1,"[[nan, nan, nan, nan, nan, nan], [2.643222375276591e-05, 0.0014179216250471945, 0.0029111903597279737, nan, nan, nan], [nan, nan, nan, nan, nan, nan], [1.5757399142395875e-06, nan, 0.07993338360541896, nan, nan, nan], [nan, nan, nan, nan, nan, nan]]","[[nan, nan, nan, nan, nan, nan], [1.9688065405060184e-06, 0.0003878043431704836, 1.5042931808092325e-05, nan, nan, nan], [nan, nan, nan, nan, nan, nan], [1.1736912786108888e-07, nan, 0.0004130380669709142, nan, nan, nan], [nan, nan, nan, nan, nan, nan]]","['surf_dist', 'normal_err', 'speed', 'ang_speed', 'start_dist', 'goal_dist']","[0.07448508906860322, 0.2735019597134474, 0.005167278655559288, 0.06608722993185281, 0.2420060651636752, 0.17611082692742402]","[[0.02045219957117411, 0.10158489238903948, 0.007639086684378288, 0.04112343753885147, 0.16447107839562072, 0.2889733595429724], [1.9688065405060184e-06, 0.03961219565682952, 0.008444957068191908, 0.04112343753885147, 0.16447107839562072, 0.2889733595429724], [0.02045219957117411, 0.10158489238903948, 0.007639086684378288, 0.04112343753885147, 0.16447107839562072, 0.2889733595429724], [0.03240011736912786, 0.10158489238903948, 0.008046961933029086, 0.04112343753885147, 0.16447107839562072, 0.2889733595429724], [0.02045219957117411, 0.10158489238903948, 0.007639086684378288, 0.04112343753885147, 0.16447107839562072, 0.2889733595429724]]","[['', '', '', '', '', ''], ['target_value', 'upper_bound', 'upper_bound', '', '', ''], ['', '', '', '', '', ''], ['target_value', '', 'upper_bound', '', '', ''], ['', '', '', '', '', '']]","[[nan, nan, nan, nan, nan, nan], [1.9688065405060184e-06, 0.03961219565682952, 0.008444957068191908, nan, nan, nan], [nan, nan, nan, nan, nan, nan], [0.03240011736912786, nan, 0.008046961933029086, nan, nan, nan], [nan, nan, nan, nan, nan, nan]]",[],,"[[0, 0, 0, 0, 0, 0], [1, 1, 1, 0, 0, 0], [0, 0, 0, 0, 0, 0], [1, 0, 1, 0, 0, 0], [0, 0, 0, 0, 0, 0]]","[['', '', '', '', '', ''], ['target_value', 'upper_bound', 'upper_bound', '', '', ''], ['', '', '', '', '', ''], ['target_value', '', 'upper_bound', '', '', ''], ['', '', '', '', '', '']]","[[nan, nan, nan, nan, nan, nan], [0.0, 0.04, 0.00846, nan, nan, nan], [nan, nan, nan, nan, nan, nan], [0.0324, nan, 0.00846, nan, nan, nan], [nan, nan, nan, nan, nan, nan]]","[[0, 0, 0, 0, 0, 0], [1, 1, 1, 0, 0, 0], [0, 0, 0, 0, 0, 0], [1, 0, 1, 0, 0, 0], [0, 0, 0, 0, 0, 0]]",1.025,0.016858100710772227,0.00016359430352357144,0.06444635717494818,-50.996469853495604,,,,,,-50.996469853495604
swcl,S5SphereInspect,127,2,"[[nan, nan, nan, nan, nan, nan], [2.643222375276591e-05, 0.0014179216250471945, 0.0029111903597279737, nan, nan, nan], [nan, nan, nan, nan, nan, nan], [1.5757399142395875e-06, nan, 0.07993338360541896, nan, nan, nan], [nan, nan, nan, nan, nan, nan]]","[[nan, nan, nan, nan, nan, nan], [1.9688065405060184e-06, 0.0003878043431704836, 1.5042931808092325e-05, nan, nan, nan], [nan, nan, nan, nan, nan, nan], [1.1736912786108888e-07, nan, 0.0004130380669709142, nan, nan, nan], [nan, nan, nan, nan, nan, nan]]","['surf_dist', 'normal_err', 'speed', 'ang_speed', 'start_dist', 'goal_dist']","[0.07448508906860322, 0.2735019597134474, 0.005167278655559288, 0.06608722993185281, 0.2420060651636752, 0.17611082692742402]","[[0.02045219957117411, 0.10158489238903948, 0.007639086684378288, 0.04112343753885147, 0.16447107839562072, 0.2889733595429724], [1.9688065405060184e-06, 0.03961219565682952, 0.008444957068191908, 0.04112343753885147, 0.16447107839562072, 0.2889733595429724], [0.02045219957117411, 0.10158489238903948, 0.007639086684378288, 0.04112343753885147, 0.16447107839562072, 0.2889733595429724], [0.03240011736912786, 0.10158489238903948, 0.008046961933029086, 0.04112343753885147, 0.16447107839562072, 0.2889733595429724], [0.02045219957117411, 0.10158489238903948, 0.007639086684378288, 0.04112343753885147, 0.16447107839562072, 0.2889733595429724]]","[['', '', '', '', '', ''], ['target_value', 'upper_bound', 'upper_bound', '', '', ''], ['', '', '', '', '', ''], ['target_value', '', 'upper_bound', '', '', ''], ['', '', '', '', '', '']]","[[nan, nan, nan, nan, nan, nan], [1.9688065405060184e-06, 0.03961219565682952, 0.008444957068191908, nan, nan, nan], [nan, nan, nan, nan, nan, nan], [0.03240011736912786, nan, 0.008046961933029086, nan, nan, nan], [nan, nan, nan, nan, nan, nan]]",[],,"[[0, 0, 0, 0, 0, 0], [1, 1, 1, 0, 0, 0], [0, 0, 0, 0, 0, 0], [1, 0, 1, 0, 0, 0], [0, 0, 0, 0, 0, 0]]","[['', '', '', '', '', ''], ['target_value', 'upper_bound', 'upper_bound', '', '', ''], ['', '', '', '', '', ''], ['target_value', '', 'upper_bound', '', '', ''], ['', '', '', '', '', '']]","[[nan, nan, nan, nan, nan, nan], [0.0, 0.04, 0.00846, nan, nan, nan], [nan, nan, nan, nan, nan, nan], [0.0324, nan, 0.00846, nan, nan, nan], [nan, nan, nan, nan, nan, nan]]","[[0, 0, 0, 0, 0, 0], [1, 1, 1, 0, 0, 0], [0, 0, 0, 0, 0, 0], [1, 0, 1, 0, 0, 0], [0, 0, 0, 0, 0, 0]]",1.025,0.016858100710772227,0.00016359430352357144,0.06444635717494818,-50.996469853495604,,,,,,-50.996469853495604
swcl,S5SphereInspect,127,3,"[[nan, nan, nan, nan, nan, nan], [2.643222375276591e-05, 0.0014179216250471945, 0.0029111903597279737, nan, nan, nan], [nan, nan, nan, nan, nan, nan], [1.5757399142395875e-06, nan, 0.07993338360541896, nan, nan, nan], [nan, nan, nan, nan, nan, nan]]","[[nan, nan, nan, nan, nan, nan], [1.9688065405060184e-06, 0.0003878043431704836, 1.5042931808092325e-05, nan, nan, nan], [nan, nan, nan, nan, nan, nan], [1.1736912786108888e-07, nan, 0.0004130380669709142, nan, nan, nan], [nan, nan, nan, nan, nan, nan]]","['surf_dist', 'normal_err', 'speed', 'ang_speed', 'start_dist', 'goal_dist']","[0.07448508906860322, 0.2735019597134474, 0.005167278655559288, 0.06608722993185281, 0.2420060651636752, 0.17611082692742402]","[[0.02045219957117411, 0.10158489238903948, 0.007639086684378288, 0.04112343753885147, 0.16447107839562072, 0.2889733595429724], [1.9688065405060184e-06, 0.03961219565682952, 0.008444957068191908, 0.04112343753885147, 0.16447107839562072, 0.2889733595429724], [0.02045219957117411, 0.10158489238903948, 0.007639086684378288, 0.04112343753885147, 0.16447107839562072, 0.2889733595429724], [0.03240011736912786, 0.10158489238903948, 0.008046961933029086, 0.04112343753885147, 0.16447107839562072, 0.2889733595429724], [0.02045219957117411, 0.10158489238903948, 0.007639086684378288, 0.04112343753885147, 0.16447107839562072, 0.2889733595429724]]","[['', '', '', '', '', ''], ['target_value', 'upper_bound', 'upper_bound', '', '', ''], ['', '', '', '', '', ''], ['target_value', '', 'upper_bound', '', '', ''], ['', '', '', '', '', '']]","[[nan, nan, nan, nan, nan, nan], [1.9688065405060184e-06, 0.03961219565682952, 0.008444957068191908, nan, nan, nan], [nan, nan, nan, nan, nan, nan], [0.03240011736912786, nan, 0.008046961933029086, nan, nan, nan], [nan, nan, nan, nan, nan, nan]]",[],,"[[0, 0, 0, 0, 0, 0], [1, 1, 1, 0, 0, 0], [0, 0, 0, 0, 0, 0], [1, 0, 1, 0, 0, 0], [0, 0, 0, 0, 0, 0]]","[['', '', '', '', '', ''], ['target_value', 'upper_bound', 'upper_bound', '', '', ''], ['', '', '', '', '', ''], ['target_value', '', 'upper_bound', '', '', ''], ['', '', '', '', '', '']]","[[nan, nan, nan, nan, nan, nan], [0.0, 0.04, 0.00846, nan, nan, nan], [nan, nan, nan, nan, nan, nan], [0.0324, nan, 0.00846, nan, nan, nan], [nan, nan, nan, nan, nan, nan]]","[[0, 0, 0, 0, 0, 0], [1, 1, 1, 0, 0, 0], [0, 0, 0, 0, 0, 0], [1, 0, 1, 0, 0, 0], [0, 0, 0, 0, 0, 0]]",1.025,0.016858100710772227,0.00016359430352357144,0.06444635717494818,-50.996469853495604,,,,,,-50.996469853495604
swcl,S5SphereInspect,127,4,"[[nan, nan, nan, nan, nan, nan], [2.643222375276591e-05, 0.0014179216250471945, 0.0029111903597279737, nan, nan, nan], [nan, nan, nan, nan, nan, nan], [1.5757399142395875e-06, nan, 0.07993338360541896, nan, nan, nan], [nan, nan, nan, nan, nan, nan]]","[[nan, nan, nan, nan, nan, nan], [1.9688065405060184e-06, 0.0003878043431704836, 1.5042931808092325e-05, nan, nan, nan], [nan, nan, nan, nan, nan, nan], [1.1736912786108888e-07, nan, 0.0004130380669709142, nan, nan, nan], [nan, nan, nan, nan, nan, nan]]","['surf_dist', 'normal_err', 'speed', 'ang_speed', 'start_dist', 'goal_dist']","[0.07448508906860322, 0.2735019597134474, 0.005167278655559288, 0.06608722993185281, 0.2420060651636752, 0.17611082692742402]","[[0.02045219957117411, 0.10158489238903948, 0.007639086684378288, 0.04112343753885147, 0.16447107839562072, 0.2889733595429724], [1.9688065405060184e-06, 0.03961219565682952, 0.008444957068191908, 0.04112343753885147, 0.16447107839562072, 0.2889733595429724], [0.02045219957117411, 0.10158489238903948, 0.007639086684378288, 0.04112343753885147, 0.16447107839562072, 0.2889733595429724], [0.03240011736912786, 0.10158489238903948, 0.008046961933029086, 0.04112343753885147, 0.16447107839562072, 0.2889733595429724], [0.02045219957117411, 0.10158489238903948, 0.007639086684378288, 0.04112343753885147, 0.16447107839562072, 0.2889733595429724]]","[['', '', '', '', '', ''], ['target_value', 'upper_bound', 'upper_bound', '', '', ''], ['', '', '', '', '', ''], ['target_value', '', 'upper_bound', '', '', ''], ['', '', '', '', '', '']]","[[nan, nan, nan, nan, nan, nan], [1.9688065405060184e-06, 0.03961219565682952, 0.008444957068191908, nan, nan, nan], [nan, nan, nan, nan, nan, nan], [0.03240011736912786, nan, 0.008046961933029086, nan, nan, nan], [nan, nan, nan, nan, nan, nan]]",[],,"[[0, 0, 0, 0, 0, 0], [1, 1, 1, 0, 0, 0], [0, 0, 0, 0, 0, 0], [1, 0, 1, 0, 0, 0], [0, 0, 0, 0, 0, 0]]","[['', '', '', '', '', ''], ['target_value', 'upper_bound', 'upper_bound', '', '', ''], ['', '', '', '', '', ''], ['target_value', '', 'upper_bound', '', '', ''], ['', '', '', '', '', '']]","[[nan, nan, nan, nan, nan, nan], [0.0, 0.04, 0.00846, nan, nan, nan], [nan, nan, nan, nan, nan, nan], [0.0324, nan, 0.00846, nan, nan, nan], [nan, nan, nan, nan, nan, nan]]","[[0, 0, 0, 0, 0, 0], [1, 1, 1, 0, 0, 0], [0, 0, 0, 0, 0, 0], [1, 0, 1, 0, 0, 0], [0, 0, 0, 0, 0, 0]]",1.025,0.016858100710772227,0.00016359430352357144,0.06444635717494818,-50.996469853495604,,,,,,-50.996469853495604
swcl,S5SphereInspect,127,5,"[[nan, nan, nan, nan, nan, nan], [2.643222375276591e-05, 0.0014179216250471945, 0.0029111903597279737, nan, nan, nan], [nan, nan, nan, nan, nan, nan], [1.5757399142395875e-06, nan, 0.07993338360541896, nan, nan, nan], [nan, nan, nan, nan, nan, nan]]","[[nan, nan, nan, nan, nan, nan], [1.9688065405060184e-06, 0.0003878043431704836, 1.5042931808092325e-05, nan, nan, nan], [nan, nan, nan, nan, nan, nan], [1.1736912786108888e-07, nan, 0.0004130380669709142, nan, nan, nan], [nan, nan, nan, nan, nan, nan]]","['surf_dist', 'normal_err', 'speed', 'ang_speed', 'start_dist', 'goal_dist']","[0.07448508906860322, 0.2735019597134474, 0.005167278655559288, 0.06608722993185281, 0.2420060651636752, 0.17611082692742402]","[[0.02045219957117411, 0.10158489238903948, 0.007639086684378288, 0.04112343753885147, 0.16447107839562072, 0.2889733595429724], [1.9688065405060184e-06, 0.03961219565682952, 0.008444957068191908, 0.04112343753885147, 0.16447107839562072, 0.2889733595429724], [0.02045219957117411, 0.10158489238903948, 0.007639086684378288, 0.04112343753885147, 0.16447107839562072, 0.2889733595429724], [0.03240011736912786, 0.10158489238903948, 0.008046961933029086, 0.04112343753885147, 0.16447107839562072, 0.2889733595429724], [0.02045219957117411, 0.10158489238903948, 0.007639086684378288, 0.04112343753885147, 0.16447107839562072, 0.2889733595429724]]","[['', '', '', '', '', ''], ['target_value', 'upper_bound', 'upper_bound', '', '', ''], ['', '', '', '', '', ''], ['target_value', '', 'upper_bound', '', '', ''], ['', '', '', '', '', '']]","[[nan, nan, nan, nan, nan, nan], [1.9688065405060184e-06, 0.03961219565682952, 0.008444957068191908, nan, nan, nan], [nan, nan, nan, nan, nan, nan], [0.03240011736912786, nan, 0.008046961933029086, nan, nan, nan], [nan, nan, nan, nan, nan, nan]]",[],,"[[0, 0, 0, 0, 0, 0], [1, 1, 1, 0, 0, 0], [0, 0, 0, 0, 0, 0], [1, 0, 1, 0, 0, 0], [0, 0, 0, 0, 0, 0]]","[['', '', '', '', '', ''], ['target_value', 'upper_bound', 'upper_bound', '', '', ''], ['', '', '', '', '', ''], ['target_value', '', 'upper_bound', '', '', ''], ['', '', '', '', '', '']]","[[nan, nan, nan, nan, nan, nan], [0.0, 0.04, 0.00846, nan, nan, nan], [nan, nan, nan, nan, nan, nan], [0.0324, nan, 0.00846, nan, nan, nan], [nan, nan, nan, nan, nan, nan]]","[[0, 0, 0, 0, 0, 0], [1, 1, 1, 0, 0, 0], [0, 0, 0, 0, 0, 0], [1, 0, 1, 0, 0, 0], [0, 0, 0, 0, 0, 0]]",1.025,0.016858100710772227,0.00016359430352357144,0.06444635717494818,-50.996469853495604,,,,,,-50.996469853495604
swcl,S5SphereInspect,127,6,"[[nan, nan, nan, nan, nan, nan], [2.643222375276591e-05, 0.0014179216250471945, 0.0029111903597279737, nan, nan, nan], [nan, nan, nan, nan, nan, nan], [1.5757399142395875e-06, nan, 0.07993338360541896, nan, nan, nan], [nan, nan, nan, nan, nan, nan]]","[[nan, nan, nan, nan, nan, nan], [1.9688065405060184e-06, 0.0003878043431704836, 1.5042931808092325e-05, nan, nan, nan], [nan, nan, nan, nan, nan, nan], [1.1736912786108888e-07, nan, 0.0004130380669709142, nan, nan, nan], [nan, nan, nan, nan, nan, nan]]","['surf_dist', 'normal_err', 'speed', 'ang_speed', 'start_dist', 'goal_dist']","[0.07448508906860322, 0.2735019597134474, 0.005167278655559288, 0.06608722993185281, 0.2420060651636752, 0.17611082692742402]","[[0.02045219957117411, 0.10158489238903948, 0.007639086684378288, 0.04112343753885147, 0.16447107839562072, 0.2889733595429724], [1.9688065405060184e-06, 0.03961219565682952, 0.008444957068191908, 0.04112343753885147, 0.16447107839562072, 0.2889733595429724], [0.02045219957117411, 0.10158489238903948, 0.007639086684378288, 0.04112343753885147, 0.16447107839562072, 0.2889733595429724], [0.03240011736912786, 0.10158489238903948, 0.008046961933029086, 0.04112343753885147, 0.16447107839562072, 0.2889733595429724], [0.02045219957117411, 0.10158489238903948, 0.007639086684378288, 0.04112343753885147, 0.16447107839562072, 0.2889733595429724]]","[['', '', '', '', '', ''], ['target_value', 'upper_bound', 'upper_bound', '', '', ''], ['', '', '', '', '', ''], ['target_value', '', 'upper_bound', '', '', ''], ['', '', '', '', '', '']]","[[nan, nan, nan, nan, nan, nan], [1.9688065405060184e-06, 0.03961219565682952, 0.008444957068191908, nan, nan, nan], [nan, nan, nan, nan, nan, nan], [0.03240011736912786, nan, 0.008046961933029086, nan, nan, nan], [nan, nan, nan, nan, nan, nan]]",[],,"[[0, 0, 0, 0, 0, 0], [1, 1, 1, 0, 0, 0], [0, 0, 0, 0, 0, 0], [1, 0, 1, 0, 0, 0], [0, 0, 0, 0, 0, 0]]","[['', '', '', '', '', ''], ['target_value', 'upper_bound', 'upper_bound', '', '', ''], ['', '', '', '', '', ''], ['target_value', '', 'upper_bound', '', '', ''], ['', '', '', '', '', '']]","[[nan, nan, nan, nan, nan, nan], [0.0, 0.04, 0.00846, nan, nan, nan], [nan, nan, nan, nan, nan, nan], [0.0324, nan, 0.00846, nan, nan, nan], [nan, nan, nan, nan, nan, nan]]","[[0, 0, 0, 0, 0, 0], [1, 1, 1, 0, 0, 0], [0, 0, 0, 0, 0, 0], [1, 0, 1, 0, 0, 0], [0, 0, 0, 0, 0, 0]]",1.025,0.016858100710772227,0.00016359430352357144,0.06444635717494818,-50.996469853495604,,,,,,-50.996469853495604
swcl,S5SphereInspect,127,7,"[[nan, nan, nan, nan, nan, nan], [2.643222375276591e-05, 0.0014179216250471945, 0.0029111903597279737, nan, nan, nan], [nan, nan, nan, nan, nan, nan], [1.5757399142395875e-06, nan, 0.07993338360541896, nan, nan, nan], [nan, nan, nan, nan, nan, nan]]","[[nan, nan, nan, nan, nan, nan], [1.9688065405060184e-06, 0.0003878043431704836, 1.5042931808092325e-05, nan, nan, nan], [nan, nan, nan, nan, nan, nan], [1.1736912786108888e-07, nan, 0.0004130380669709142, nan, nan, nan], [nan, nan, nan, nan, nan, nan]]","['surf_dist', 'normal_err', 'speed', 'ang_speed', 'start_dist', 'goal_dist']","[0.07448508906860322, 0.2735019597134474, 0.005167278655559288, 0.06608722993185281, 0.2420060651636752, 0.17611082692742402]","[[0.02045219957117411, 0.10158489238903948, 0.007639086684378288, 0.04112343753885147, 0.16447107839562072, 0.2889733595429724], [1.9688065405060184e-06, 0.03961219565682952, 0.008444957068191908, 0.04112343753885147, 0.16447107839562072, 0.2889733595429724], [0.02045219957117411, 0.10158489238903948, 0.007639086684378288, 0.04112343753885147, 0.16447107839562072, 0.2889733595429724], [0.03240011736912786, 0.10158489238903948, 0.008046961933029086, 0.04112343753885147, 0.16447107839562072, 0.2889733595429724], [0.02045219957117411, 0.10158489238903948, 0.007639086684378288, 0.04112343753885147, 0.16447107839562072, 0.2889733595429724]]","[['', '', '', '', '', ''], ['target_value', 'upper_bound', 'upper_bound', '', '', ''], ['', '', '', '', '', ''], ['target_value', '', 'upper_bound', '', '', ''], ['', '', '', '', '', '']]","[[nan, nan, nan, nan, nan, nan], [1.9688065405060184e-06, 0.03961219565682952, 0.008444957068191908, nan, nan, nan], [nan, nan, nan, nan, nan, nan], [0.03240011736912786, nan, 0.008046961933029086, nan, nan, nan], [nan, nan, nan, nan, nan, nan]]",[],,"[[0, 0, 0, 0, 0, 0], [1, 1, 1, 0, 0, 0], [0, 0, 0, 0, 0, 0], [1, 0, 1, 0, 0, 0], [0, 0, 0, 0, 0, 0]]","[['', '', '', '', '', ''], ['target_value', 'upper_bound', 'upper_bound', '', '', ''], ['', '', '', '', '', ''], ['target_value', '', 'upper_bound', '', '', ''], ['', '', '', '', '', '']]","[[nan, nan, nan, nan, nan, nan], [0.0, 0.04, 0.00846, nan, nan, nan], [nan, nan, nan, nan, nan, nan], [0.0324, nan, 0.00846, nan, nan, nan], [nan, nan, nan, nan, nan, nan]]","[[0, 0, 0, 0, 0, 0], [1, 1, 1, 0, 0, 0], [0, 0, 0, 0, 0, 0], [1, 0, 1, 0, 0, 0], [0, 0, 0, 0, 0, 0]]",1.025,0.016858100710772227,0.00016359430352357144,0.06444635717494818,-50.996469853495604,,,,,,-50.996469853495604
swcl,S5SphereInspect,127,8,"[[nan, nan, nan, nan, nan, nan], [2.643222375276591e-05, 0.0014179216250471945, 0.0029111903597279737, nan, nan, nan], [nan, nan, nan, nan, nan, nan], [1.5757399142395875e-06, nan, 0.07993338360541896, nan, nan, nan], [nan, nan, nan, nan, nan, nan]]","[[nan, nan, nan, nan, nan, nan], [1.9688065405060184e-06, 0.0003878043431704836, 1.5042931808092325e-05, nan, nan, nan], [nan, nan, nan, nan, nan, nan], [1.1736912786108888e-07, nan, 0.0004130380669709142, nan, nan, nan], [nan, nan, nan, nan, nan, nan]]","['surf_dist', 'normal_err', 'speed', 'ang_speed', 'start_dist', 'goal_dist']","[0.07448508906860322, 0.2735019597134474, 0.005167278655559288, 0.06608722993185281, 0.2420060651636752, 0.17611082692742402]","[[0.02045219957117411, 0.10158489238903948, 0.007639086684378288, 0.04112343753885147, 0.16447107839562072, 0.2889733595429724], [1.9688065405060184e-06, 0.03961219565682952, 0.008444957068191908, 0.04112343753885147, 0.16447107839562072, 0.2889733595429724], [0.02045219957117411, 0.10158489238903948, 0.007639086684378288, 0.04112343753885147, 0.16447107839562072, 0.2889733595429724], [0.03240011736912786, 0.10158489238903948, 0.008046961933029086, 0.04112343753885147, 0.16447107839562072, 0.2889733595429724], [0.02045219957117411, 0.10158489238903948, 0.007639086684378288, 0.04112343753885147, 0.16447107839562072, 0.2889733595429724]]","[['', '', '', '', '', ''], ['target_value', 'upper_bound', 'upper_bound', '', '', ''], ['', '', '', '', '', ''], ['target_value', '', 'upper_bound', '', '', ''], ['', '', '', '', '', '']]","[[nan, nan, nan, nan, nan, nan], [1.9688065405060184e-06, 0.03961219565682952, 0.008444957068191908, nan, nan, nan], [nan, nan, nan, nan, nan, nan], [0.03240011736912786, nan, 0.008046961933029086, nan, nan, nan], [nan, nan, nan, nan, nan, nan]]",[],,"[[0, 0, 0, 0, 0, 0], [1, 1, 1, 0, 0, 0], [0, 0, 0, 0, 0, 0], [1, 0, 1, 0, 0, 0], [0, 0, 0, 0, 0, 0]]","[['', '', '', '', '', ''], ['target_value', 'upper_bound', 'upper_bound', '', '', ''], ['', '', '', '', '', ''], ['target_value', '', 'upper_bound', '', '', ''], ['', '', '', '', '', '']]","[[nan, nan, nan, nan, nan, nan], [0.0, 0.04, 0.00846, nan, nan, nan], [nan, nan, nan, nan, nan, nan], [0.0324, nan, 0.00846, nan, nan, nan], [nan, nan, nan, nan, nan, nan]]","[[0, 0, 0, 0, 0, 0], [1, 1, 1, 0, 0, 0], [0, 0, 0, 0, 0, 0], [1, 0, 1, 0, 0, 0], [0, 0, 0, 0, 0, 0]]",1.025,0.016858100710772227,0.00016359430352357144,0.06444635717494818,-50.996469853495604,,,,,,-50.996469853495604
swcl,S5SphereInspect,127,9,"[[nan, nan, nan, nan, nan, nan], [2.643222375276591e-05, 0.0014179216250471945, 0.0029111903597279737, nan, nan, nan], [nan, nan, nan, nan, nan, nan], [1.5757399142395875e-06, nan, 0.07993338360541896, nan, nan, nan], [nan, nan, nan, nan, nan, nan]]","[[nan, nan, nan, nan, nan, nan], [1.9688065405060184e-06, 0.0003878043431704836, 1.5042931808092325e-05, nan, nan, nan], [nan, nan, nan, nan, nan, nan], [1.1736912786108888e-07, nan, 0.0004130380669709142, nan, nan, nan], [nan, nan, nan, nan, nan, nan]]","['surf_dist', 'normal_err', 'speed', 'ang_speed', 'start_dist', 'goal_dist']","[0.07448508906860322, 0.2735019597134474, 0.005167278655559288, 0.06608722993185281, 0.2420060651636752, 0.17611082692742402]","[[0.02045219957117411, 0.10158489238903948, 0.007639086684378288, 0.04112343753885147, 0.16447107839562072, 0.2889733595429724], [1.9688065405060184e-06, 0.03961219565682952, 0.008444957068191908, 0.04112343753885147, 0.16447107839562072, 0.2889733595429724], [0.02045219957117411, 0.10158489238903948, 0.007639086684378288, 0.04112343753885147, 0.16447107839562072, 0.2889733595429724], [0.03240011736912786, 0.10158489238903948, 0.008046961933029086, 0.04112343753885147, 0.16447107839562072, 0.2889733595429724], [0.02045219957117411, 0.10158489238903948, 0.007639086684378288, 0.04112343753885147, 0.16447107839562072, 0.2889733595429724]]","[['', '', '', '', '', ''], ['target_value', 'upper_bound', 'upper_bound', '', '', ''], ['', '', '', '', '', ''], ['target_value', '', 'upper_bound', '', '', ''], ['', '', '', '', '', '']]","[[nan, nan, nan, nan, nan, nan], [1.9688065405060184e-06, 0.03961219565682952, 0.008444957068191908, nan, nan, nan], [nan, nan, nan, nan, nan, nan], [0.03240011736912786, nan, 0.008046961933029086, nan, nan, nan], [nan, nan, nan, nan, nan, nan]]",[],,"[[0, 0, 0, 0, 0, 0], [1, 1, 1, 0, 0, 0], [0, 0, 0, 0, 0, 0], [1, 0, 1, 0, 0, 0], [0, 0, 0, 0, 0, 0]]","[['', '', '', '', '', ''], ['target_value', 'upper_bound', 'upper_bound', '', '', ''], ['', '', '', '', '', ''], ['target_value', '', 'upper_bound', '', '', ''], ['', '', '', '', '', '']]","[[nan, nan, nan, nan, nan, nan], [0.0, 0.04, 0.00846, nan, nan, nan], [nan, nan, nan, nan, nan, nan], [0.0324, nan, 0.00846, nan, nan, nan], [nan, nan, nan, nan, nan, nan]]","[[0, 0, 0, 0, 0, 0], [1, 1, 1, 0, 0, 0], [0, 0, 0, 0, 0, 0], [1, 0, 1, 0, 0, 0], [0, 0, 0, 0, 0, 0]]",1.025,0.016858100710772227,0.00016359430352357144,0.06444635717494818,-50.996469853495604,,,,,,-50.996469853495604
