{
  "scalar_metrics": {
    "MeanAbsCutpointError": 15.2,
    "MeanStageSubgoalError": 0.3054784750989098,
    "MeanConstraintError": 0.051118261135096696,
    "MeanConstraintErrorRaw": 0.03738822363773457
  },
  "all_metrics": {
    "MeanAbsCutpointError": 15.2,
    "MeanStageSubgoalError": 0.3054784750989098,
    "MeanConstraintError": 0.051118261135096696,
    "MeanConstraintErrorRaw": 0.03738822363773457,
    "ConstraintErrorMatrix": [
      [
        NaN,
        NaN,
        NaN,
        NaN,
        NaN,
        NaN,
        NaN
      ],
      [
        0.059266408735495164,
        0.3223153619279592,
        NaN,
        NaN,
        NaN,
        NaN,
        NaN
      ],
      [
        0.0485014829903688,
        0.0,
        0.012253704226909141,
        0.0015823227085449156,
        NaN,
        NaN,
        NaN
      ],
      [
        0.05321590070452215,
        0.0,
        0.008169136151273376,
        0.005878293905894263,
        NaN,
        NaN,
        NaN
      ]
    ],
    "ConstraintErrorMatrixRaw": [
      [
        NaN,
        NaN,
        NaN,
        NaN,
        NaN,
        NaN,
        NaN
      ],
      [
        0.017748890621912407,
        0.31999999999999995,
        NaN,
        NaN,
        NaN,
        NaN,
        NaN
      ],
      [
        0.014525049432951923,
        0.0,
        0.003000000000000058,
        0.00014239516409002284,
        NaN,
        NaN,
        NaN
      ],
      [
        0.01593690626956163,
        0.0,
        0.002000000000000189,
        0.000528994888829553,
        NaN,
        NaN,
        NaN
      ]
    ],
    "ConstraintTrueActiveMask": [
      [
        0,
        0,
        0,
        0,
        0,
        0,
        0
      ],
      [
        1,
        1,
        0,
        1,
        0,
        0,
        0
      ],
      [
        1,
        1,
        1,
        1,
        0,
        0,
        0
      ],
      [
        1,
        1,
        1,
        1,
        0,
        0,
        0
      ]
    ],
    "ConstraintPredictedActiveMask": [
      [
        0,
        0,
        0,
        0,
        0,
        0,
        0
      ],
      [
        1,
        1,
        0,
        0,
        0,
        0,
        0
      ],
      [
        1,
        1,
        1,
        1,
        0,
        0,
        0
      ],
      [
        1,
        1,
        1,
        1,
        0,
        0,
        0
      ]
    ],
    "ConstraintTargetMatrix": [
      [
        NaN,
        NaN,
        NaN,
        NaN,
        NaN,
        NaN,
        NaN
      ],
      [
        0.0,
        0.4,
        NaN,
        0.007,
        NaN,
        NaN,
        NaN
      ],
      [
        0.0,
        0.72,
        0.06,
        0.045,
        NaN,
        NaN,
        NaN
      ],
      [
        0.0,
        1.0,
        0.04,
        0.018,
        NaN,
        NaN,
        NaN
      ]
    ],
    "ConstraintSemanticsMatrix": [
      [
        "",
        "",
        "",
        "",
        "",
        "",
        ""
      ],
      [
        "target_value",
        "lower_bound",
        "",
        "target_value",
        "",
        "",
        ""
      ],
      [
        "target_value",
        "lower_bound",
        "upper_bound",
        "target_value",
        "",
        "",
        ""
      ],
      [
        "target_value",
        "lower_bound",
        "upper_bound",
        "target_value",
        "",
        "",
        ""
      ]
    ],
    "ConstraintFeatureNames": [
      "surf dist",
      "force",
      "orient err",
      "speed",
      "noise",
      "start_dist",
      "slot_x_err"
    ],
    "ConstraintFeatureScales": [
      0.2994763981925303,
      0.9928164704464917,
      0.2448239278872144,
      0.08999122828804478,
      0.8590315177063433,
      2.167415134128614,
      2.126581024569993
    ]
  },
  "objectives": {
    "ModelObjectiveFinal": 1745.7667854149342,
    "SegmentationLogLikelihoodFinal": 1745.7667854149342,
    "PosthocObjectiveFinal": 939.3639142143508,
    "PosthocFeatureObjectiveFinal": 939.3639142143508
  }
}
