{
  "scalar_metrics": {
    "MeanAbsCutpointError": 16.033333333333335,
    "MeanStageSubgoalError": 0.3303239699812683,
    "MeanConstraintError": 0.0631709360690347,
    "MeanConstraintErrorRaw": 0.04757680983095226
  },
  "all_metrics": {
    "MeanAbsCutpointError": 16.033333333333335,
    "MeanStageSubgoalError": 0.3303239699812683,
    "MeanConstraintError": 0.0631709360690347,
    "MeanConstraintErrorRaw": 0.04757680983095226,
    "ConstraintErrorMatrix": [
      [
        NaN,
        NaN,
        NaN,
        NaN,
        NaN
      ],
      [
        0.05964416434327806,
        0.3223153619279592,
        NaN,
        NaN,
        NaN
      ],
      [
        0.010342257773814536,
        0.09927313147381142,
        0.07249860313568163,
        0.00030432974544854685,
        NaN
      ],
      [
        0.05321590070452215,
        0.0,
        0.008169136151273376,
        0.005946475434558144,
        NaN
      ]
    ],
    "ConstraintErrorMatrixRaw": [
      [
        NaN,
        NaN,
        NaN,
        NaN,
        NaN
      ],
      [
        0.017862019510728258,
        0.31999999999999995,
        NaN,
        NaN,
        NaN
      ],
      [
        0.003097262107280674,
        0.09855999999999998,
        0.017749392786013896,
        2.7387007597502733e-05,
        NaN
      ],
      [
        0.01593690626956163,
        0.0,
        0.002000000000000189,
        0.0005351306283405723,
        NaN
      ]
    ],
    "ConstraintTrueActiveMask": [
      [
        0,
        0,
        0,
        0,
        0
      ],
      [
        1,
        1,
        0,
        1,
        0
      ],
      [
        1,
        1,
        1,
        1,
        0
      ],
      [
        1,
        1,
        1,
        1,
        0
      ]
    ],
    "ConstraintPredictedActiveMask": [
      [
        0,
        0,
        0,
        0,
        0
      ],
      [
        1,
        1,
        0,
        0,
        0
      ],
      [
        1,
        1,
        1,
        1,
        0
      ],
      [
        1,
        1,
        1,
        1,
        0
      ]
    ],
    "ConstraintTargetMatrix": [
      [
        NaN,
        NaN,
        NaN,
        NaN,
        NaN
      ],
      [
        0.0,
        0.4,
        NaN,
        0.007,
        NaN
      ],
      [
        0.0,
        0.72,
        0.06,
        0.045,
        NaN
      ],
      [
        0.0,
        1.0,
        0.04,
        0.018,
        NaN
      ]
    ],
    "ConstraintSemanticsMatrix": [
      [
        "",
        "",
        "",
        "",
        ""
      ],
      [
        "target_value",
        "lower_bound",
        "",
        "target_value",
        ""
      ],
      [
        "target_value",
        "lower_bound",
        "upper_bound",
        "target_value",
        ""
      ],
      [
        "target_value",
        "lower_bound",
        "upper_bound",
        "target_value",
        ""
      ]
    ],
    "ConstraintFeatureNames": [
      "surface_distance",
      "force",
      "orientation_error",
      "speed",
      "noise_aux"
    ],
    "ConstraintFeatureScales": [
      0.2994763981925303,
      0.9928164704464917,
      0.2448239278872144,
      0.08999122828804478,
      0.8590315177063433
    ]
  }
}
