{
  "scalar_metrics": {
    "MeanAbsCutpointError": 4.466666666666667,
    "MeanStageSubgoalError": 0.13666800479798052,
    "MeanConstraintError": 0.017730079328982903,
    "MeanConstraintErrorRaw": 0.004769377873109136
  },
  "all_metrics": {
    "MeanAbsCutpointError": 4.466666666666667,
    "MeanStageSubgoalError": 0.13666800479798052,
    "MeanConstraintError": 0.017730079328982903,
    "MeanConstraintErrorRaw": 0.004769377873109136,
    "ConstraintErrorMatrix": [
      [
        NaN,
        NaN,
        NaN,
        NaN,
        NaN
      ],
      [
        0.031362789012404316,
        0.0,
        NaN,
        NaN,
        NaN
      ],
      [
        0.05985596973991149,
        0.0,
        0.012253704226909141,
        0.016261945580422082,
        NaN
      ],
      [
        0.04519251594692541,
        0.0,
        0.008169136151273376,
        0.00420473263198323,
        NaN
      ]
    ],
    "ConstraintErrorMatrixRaw": [
      [
        NaN,
        NaN,
        NaN,
        NaN,
        NaN
      ],
      [
        0.00939241509070711,
        0.0,
        NaN,
        NaN,
        NaN
      ],
      [
        0.017925450228029778,
        0.0,
        0.003000000000000058,
        0.0014634324571355245,
        NaN
      ],
      [
        0.01353409190104371,
        0.0,
        0.002000000000000189,
        0.00037838905417499416,
        NaN
      ]
    ],
    "ConstraintTrueActiveMask": [
      [
        0,
        0,
        0,
        0,
        0
      ],
      [
        1,
        1,
        0,
        1,
        0
      ],
      [
        1,
        1,
        1,
        1,
        0
      ],
      [
        1,
        1,
        1,
        1,
        0
      ]
    ],
    "ConstraintPredictedActiveMask": [
      [
        0,
        0,
        0,
        0,
        0
      ],
      [
        1,
        1,
        0,
        0,
        0
      ],
      [
        1,
        1,
        1,
        1,
        0
      ],
      [
        1,
        1,
        1,
        1,
        0
      ]
    ],
    "ConstraintTargetMatrix": [
      [
        NaN,
        NaN,
        NaN,
        NaN,
        NaN
      ],
      [
        0.0,
        0.4,
        NaN,
        0.007,
        NaN
      ],
      [
        0.0,
        0.72,
        0.06,
        0.045,
        NaN
      ],
      [
        0.0,
        1.0,
        0.04,
        0.018,
        NaN
      ]
    ],
    "ConstraintSemanticsMatrix": [
      [
        "",
        "",
        "",
        "",
        ""
      ],
      [
        "target_value",
        "lower_bound",
        "",
        "target_value",
        ""
      ],
      [
        "target_value",
        "lower_bound",
        "upper_bound",
        "target_value",
        ""
      ],
      [
        "target_value",
        "lower_bound",
        "upper_bound",
        "target_value",
        ""
      ]
    ],
    "ConstraintFeatureNames": [
      "surface_distance",
      "force",
      "orientation_error",
      "speed",
      "noise_aux"
    ],
    "ConstraintFeatureScales": [
      0.2994763981925303,
      0.9928164704464917,
      0.2448239278872144,
      0.08999122828804478,
      0.8590315177063433
    ]
  }
}
