{
  "ModelObjectiveFinal": 1745.7667854149342,
  "SegmentationLogLikelihoodFinal": 1745.7667854149342,
  "PosthocObjectiveFinal": 939.3639142143508,
  "PosthocFeatureObjectiveFinal": 939.3639142143508
}
