{
  "scalar_metrics": {
    "MeanAbsCutpointError": 20.85,
    "MeanStageSubgoalError": 0.9620396738178756,
    "MeanConstraintError": 0.2057048400204335,
    "MeanConstraintErrorRaw": 0.06255344126492171
  },
  "all_metrics": {
    "MeanAbsCutpointError": 20.85,
    "MeanStageSubgoalError": 0.9620396738178756,
    "MeanConstraintError": 0.2057048400204335,
    "MeanConstraintErrorRaw": 0.06255344126492171,
    "ConstraintErrorMatrix": [
      [
        NaN,
        NaN,
        NaN,
        NaN
      ],
      [
        0.13504269281960143,
        0.3246808945628183,
        0.001322812616591018,
        NaN
      ],
      [
        NaN,
        NaN,
        NaN,
        NaN
      ],
      [
        0.21283525594317906,
        NaN,
        0.3546425441599777,
        NaN
      ],
      [
        NaN,
        NaN,
        NaN,
        NaN
      ]
    ],
    "ConstraintErrorMatrixRaw": [
      [
        NaN,
        NaN,
        NaN,
        NaN
      ],
      [
        0.04528520764048903,
        0.18227959414958217,
        5.1394948498081905e-05,
        NaN
      ],
      [
        NaN,
        NaN,
        NaN,
        NaN
      ],
      [
        0.07137216059130964,
        NaN,
        0.013778848994729608,
        NaN
      ],
      [
        NaN,
        NaN,
        NaN,
        NaN
      ]
    ],
    "ConstraintTrueActiveMask": [
      [
        0,
        0,
        0,
        0
      ],
      [
        1,
        1,
        1,
        0
      ],
      [
        0,
        0,
        0,
        0
      ],
      [
        1,
        0,
        1,
        0
      ],
      [
        0,
        0,
        0,
        0
      ]
    ],
    "ConstraintPredictedActiveMask": [
      [
        1,
        1,
        1,
        1
      ],
      [
        1,
        1,
        1,
        1
      ],
      [
        1,
        1,
        1,
        1
      ],
      [
        1,
        1,
        1,
        1
      ],
      [
        1,
        1,
        1,
        1
      ]
    ],
    "ConstraintTargetMatrix": [
      [
        NaN,
        NaN,
        NaN,
        NaN
      ],
      [
        0.0,
        0.12,
        0.047,
        NaN
      ],
      [
        NaN,
        NaN,
        NaN,
        NaN
      ],
      [
        0.0868,
        NaN,
        0.047,
        NaN
      ],
      [
        NaN,
        NaN,
        NaN,
        NaN
      ]
    ],
    "ConstraintSemanticsMatrix": [
      [
        "",
        "",
        "",
        ""
      ],
      [
        "target_value",
        "upper_bound",
        "upper_bound",
        ""
      ],
      [
        "",
        "",
        "",
        ""
      ],
      [
        "target_value",
        "",
        "upper_bound",
        ""
      ],
      [
        "",
        "",
        "",
        ""
      ]
    ],
    "ConstraintFeatureNames": [
      "surface_distance",
      "tool_normal_alignment_error",
      "speed",
      "angular_speed"
    ],
    "ConstraintFeatureScales": [
      0.3353399335792561,
      0.5614115188238009,
      0.03885278069884934,
      0.11425152491966827
    ],
    "ConstraintLearnedValueMatrix": [
      [
        0.000965103742725737,
        0.11427797541410191,
        0.06719690643870742,
        0.124400447900015
      ],
      [
        0.04528520764048903,
        0.30227959414958216,
        0.04694860505150192,
        0.08214022258459167
      ],
      [
        0.09010775448947829,
        0.5862231409961661,
        0.04702284219933248,
        0.08330562626868769
      ],
      [
        0.15817216059130965,
        0.7266410439209875,
        0.06077884899472961,
        0.0679279233972728
      ],
      [
        0.346878749113807,
        0.7590208123147097,
        0.06379533280355114,
        0.05978470951204866
      ]
    ],
    "ConstraintLearnedValuePerDemo": []
  }
}
