{
  "scalar_metrics": {
    "MeanAbsCutpointError": 19.75,
    "MeanStageSubgoalError": 0.9592612740917842,
    "MeanConstraintError": 0.14765694496300846,
    "MeanConstraintErrorRaw": 0.04844949388731772
  },
  "all_metrics": {
    "MeanAbsCutpointError": 19.75,
    "MeanStageSubgoalError": 0.9592612740917842,
    "MeanConstraintError": 0.14765694496300846,
    "MeanConstraintErrorRaw": 0.04844949388731772,
    "ConstraintErrorMatrix": [
      [
        NaN,
        NaN,
        NaN,
        NaN
      ],
      [
        0.13466062472949825,
        0.29924110758454275,
        0.24555695667127486,
        NaN
      ],
      [
        NaN,
        NaN,
        NaN,
        NaN
      ],
      [
        0.0582381191112417,
        NaN,
        0.0005879167184849565,
        NaN
      ],
      [
        NaN,
        NaN,
        NaN,
        NaN
      ]
    ],
    "ConstraintErrorMatrixRaw": [
      [
        NaN,
        NaN,
        NaN,
        NaN
      ],
      [
        0.045157084952531075,
        0.16799740470355456,
        0.009540570586625892,
        NaN
      ],
      [
        NaN,
        NaN,
        NaN,
        NaN
      ],
      [
        0.019529566994544598,
        NaN,
        2.284219933248316e-05,
        NaN
      ],
      [
        NaN,
        NaN,
        NaN,
        NaN
      ]
    ],
    "ConstraintTrueActiveMask": [
      [
        0,
        0,
        0,
        0
      ],
      [
        1,
        1,
        1,
        0
      ],
      [
        0,
        0,
        0,
        0
      ],
      [
        1,
        0,
        1,
        0
      ],
      [
        0,
        0,
        0,
        0
      ]
    ],
    "ConstraintPredictedActiveMask": [
      [
        1,
        1,
        1,
        1
      ],
      [
        1,
        1,
        1,
        1
      ],
      [
        1,
        1,
        1,
        1
      ],
      [
        1,
        1,
        1,
        1
      ],
      [
        1,
        1,
        1,
        1
      ]
    ],
    "ConstraintTargetMatrix": [
      [
        NaN,
        NaN,
        NaN,
        NaN
      ],
      [
        0.0,
        0.12,
        0.047,
        NaN
      ],
      [
        NaN,
        NaN,
        NaN,
        NaN
      ],
      [
        0.0868,
        NaN,
        0.047,
        NaN
      ],
      [
        NaN,
        NaN,
        NaN,
        NaN
      ]
    ],
    "ConstraintSemanticsMatrix": [
      [
        "",
        "",
        "",
        ""
      ],
      [
        "target_value",
        "upper_bound",
        "upper_bound",
        ""
      ],
      [
        "",
        "",
        "",
        ""
      ],
      [
        "target_value",
        "",
        "upper_bound",
        ""
      ],
      [
        "",
        "",
        "",
        ""
      ]
    ],
    "ConstraintFeatureNames": [
      "surface_distance",
      "tool_normal_alignment_error",
      "speed",
      "angular_speed"
    ],
    "ConstraintFeatureScales": [
      0.3353399335792561,
      0.5614115188238009,
      0.03885278069884934,
      0.11425152491966827
    ],
    "ConstraintLearnedValueMatrix": [
      [
        0.0009927954120536875,
        0.11427797541410191,
        0.06616679352368587,
        0.124400447900015
      ],
      [
        0.045157084952531075,
        0.28799740470355456,
        0.03745942941337411,
        0.07501388901488318
      ],
      [
        0.08952539701093536,
        0.4275549595735093,
        0.04694860505150192,
        0.08427332225454948
      ],
      [
        0.1063295669945446,
        0.7087601656522661,
        0.04702284219933248,
        0.077872302768934
      ],
      [
        0.31988886290795693,
        0.7590002199199757,
        0.06359274105446164,
        0.05998152490570201
      ]
    ],
    "ConstraintLearnedValuePerDemo": []
  }
}
