{
  "scalar_metrics": {
    "MeanAbsCutpointError": 20.6,
    "MeanStageSubgoalError": 0.9594210832770274,
    "MeanConstraintError": 0.20175042183641229,
    "MeanConstraintErrorRaw": 0.06037690284389739
  },
  "all_metrics": {
    "MeanAbsCutpointError": 20.6,
    "MeanStageSubgoalError": 0.9594210832770274,
    "MeanConstraintError": 0.20175042183641229,
    "MeanConstraintErrorRaw": 0.06037690284389739,
    "ConstraintErrorMatrix": [
      [
        NaN,
        NaN,
        NaN,
        NaN,
        NaN,
        NaN
      ],
      [
        0.1281146052205993,
        0.3058712752793938,
        0.001322812616591018,
        NaN,
        NaN,
        NaN
      ],
      [
        NaN,
        NaN,
        NaN,
        NaN,
        NaN,
        NaN
      ],
      [
        0.21880087190549968,
        NaN,
        0.3546425441599777,
        NaN,
        NaN,
        NaN
      ],
      [
        NaN,
        NaN,
        NaN,
        NaN,
        NaN,
        NaN
      ]
    ],
    "ConstraintErrorMatrixRaw": [
      [
        NaN,
        NaN,
        NaN,
        NaN,
        NaN,
        NaN
      ],
      [
        0.04296194320520839,
        0.17171965721917737,
        5.1394948498081905e-05,
        NaN,
        NaN,
        NaN
      ],
      [
        NaN,
        NaN,
        NaN,
        NaN,
        NaN,
        NaN
      ],
      [
        0.07337266985187359,
        NaN,
        0.013778848994729608,
        NaN,
        NaN,
        NaN
      ],
      [
        NaN,
        NaN,
        NaN,
        NaN,
        NaN,
        NaN
      ]
    ],
    "ConstraintTrueActiveMask": [
      [
        0,
        0,
        0,
        0,
        0,
        0
      ],
      [
        1,
        1,
        1,
        0,
        0,
        0
      ],
      [
        0,
        0,
        0,
        0,
        0,
        0
      ],
      [
        1,
        0,
        1,
        0,
        0,
        0
      ],
      [
        0,
        0,
        0,
        0,
        0,
        0
      ]
    ],
    "ConstraintPredictedActiveMask": [
      [
        1,
        1,
        1,
        1,
        1,
        1
      ],
      [
        1,
        1,
        1,
        1,
        1,
        1
      ],
      [
        1,
        1,
        1,
        1,
        1,
        1
      ],
      [
        1,
        1,
        1,
        1,
        1,
        1
      ],
      [
        1,
        1,
        1,
        1,
        1,
        1
      ]
    ],
    "ConstraintTargetMatrix": [
      [
        NaN,
        NaN,
        NaN,
        NaN,
        NaN,
        NaN
      ],
      [
        0.0,
        0.12,
        0.047,
        NaN,
        NaN,
        NaN
      ],
      [
        NaN,
        NaN,
        NaN,
        NaN,
        NaN,
        NaN
      ],
      [
        0.0868,
        NaN,
        0.047,
        NaN,
        NaN,
        NaN
      ],
      [
        NaN,
        NaN,
        NaN,
        NaN,
        NaN,
        NaN
      ]
    ],
    "ConstraintSemanticsMatrix": [
      [
        "",
        "",
        "",
        "",
        "",
        ""
      ],
      [
        "target_value",
        "upper_bound",
        "upper_bound",
        "",
        "",
        ""
      ],
      [
        "",
        "",
        "",
        "",
        "",
        ""
      ],
      [
        "target_value",
        "",
        "upper_bound",
        "",
        "",
        ""
      ],
      [
        "",
        "",
        "",
        "",
        "",
        ""
      ]
    ],
    "ConstraintFeatureNames": [
      "surf dist",
      "normal err",
      "speed",
      "ang speed",
      "noise",
      "start dist"
    ],
    "ConstraintFeatureScales": [
      0.3353399335792561,
      0.5614115188238009,
      0.03885278069884934,
      0.11425152491966827,
      2.2016824500314742,
      1.6775786004900848
    ],
    "ConstraintLearnedValueMatrix": [
      [
        0.0009475381945224237,
        0.11427797541410191,
        0.06734676513765099,
        0.124400447900015,
        2.220446049250313e-16,
        2.4592094179765924
      ],
      [
        0.04296194320520839,
        0.29171965721917736,
        0.04694860505150192,
        0.08427332225454948,
        2.220446049250313e-16,
        2.4592094179765924
      ],
      [
        0.09007932822654689,
        0.5862231409961661,
        0.04702284219933248,
        0.08330562626868769,
        2.220446049250313e-16,
        2.4592094179765924
      ],
      [
        0.1601726698518736,
        0.7266410439209875,
        0.06077884899472961,
        0.0679279233972728,
        2.220446049250313e-16,
        2.4592094179765924
      ],
      [
        0.34856128842567213,
        0.7584234055046861,
        0.06379533280355114,
        0.05978470951204866,
        2.220446049250313e-16,
        2.4592094179765924
      ]
    ],
    "ConstraintLearnedValuePerDemo": []
  },
  "objectives": {
    "ModelObjectiveFinal": -772.6208145558278,
    "TrainingLogLikelihoodFinal": -772.6208145558278
  }
}
