{
  "ModelObjectiveFinal": -772.6208145558278,
  "TrainingLogLikelihoodFinal": -772.6208145558278
}
