{
  "ModelObjectiveFinal": 1013.8961430843508,
  "SegmentationLogLikelihoodFinal": 1013.8961430843508,
  "PosthocObjectiveFinal": -13666666939.776533,
  "PosthocFeatureObjectiveFinal": -13666666939.776533
}
