{
  "scalar_metrics": {
    "MeanAbsCutpointError": 0.0,
    "MeanStageSubgoalError": 0.07738985814113822,
    "MeanConstraintError": 0.012947407780565136,
    "MeanConstraintErrorRaw": 0.0036350649711458017
  },
  "all_metrics": {
    "MeanAbsCutpointError": 0.0,
    "MeanStageSubgoalError": 0.07738985814113822,
    "MeanConstraintError": 0.012947407780565136,
    "MeanConstraintErrorRaw": 0.0036350649711458017,
    "ConstraintErrorMatrix": [
      [
        NaN,
        NaN,
        NaN,
        NaN
      ],
      [
        0.022710339990856705,
        0.0003723518571666115,
        NaN,
        0.0013296127169853602
      ],
      [
        0.05363804240792571,
        0.0003723518571666674,
        0.011651478164489337,
        0.009021357608065212
      ],
      [
        0.03432718174071881,
        0.0003723518571666674,
        0.00756691008885357,
        0.0010595072968218467
      ]
    ],
    "ConstraintErrorMatrixRaw": [
      [
        NaN,
        NaN,
        NaN,
        NaN
      ],
      [
        0.006801210822189548,
        0.0003696770565963514,
        NaN,
        0.00011965348154891701
      ],
      [
        0.016063327746423786,
        0.00036967705659640693,
        0.0028525606499223907,
        0.000811843051975486
      ],
      [
        0.010280180747810862,
        0.00036967705659640693,
        0.0018525606499225217,
        9.534636302114402e-05
      ]
    ],
    "ConstraintTrueActiveMask": [
      [
        0,
        0,
        0,
        0
      ],
      [
        1,
        1,
        0,
        1
      ],
      [
        1,
        1,
        1,
        1
      ],
      [
        1,
        1,
        1,
        1
      ]
    ],
    "ConstraintPredictedActiveMask": [
      [
        1,
        1,
        1,
        1
      ],
      [
        1,
        1,
        1,
        1
      ],
      [
        1,
        1,
        1,
        1
      ],
      [
        1,
        1,
        1,
        1
      ]
    ],
    "ConstraintTargetMatrix": [
      [
        NaN,
        NaN,
        NaN,
        NaN
      ],
      [
        0.0,
        0.4,
        NaN,
        0.007
      ],
      [
        0.0,
        0.72,
        0.06,
        0.045
      ],
      [
        0.0,
        1.0,
        0.04,
        0.018
      ]
    ],
    "ConstraintSemanticsMatrix": [
      [
        "",
        "",
        "",
        ""
      ],
      [
        "target_value",
        "lower_bound",
        "",
        "target_value"
      ],
      [
        "target_value",
        "lower_bound",
        "upper_bound",
        "target_value"
      ],
      [
        "target_value",
        "lower_bound",
        "upper_bound",
        "target_value"
      ]
    ],
    "ConstraintFeatureNames": [
      "surface_distance",
      "force",
      "orientation_error",
      "speed"
    ],
    "ConstraintFeatureScales": [
      0.2994763981925303,
      0.9928164704464917,
      0.2448239278872144,
      0.08999122828804478
    ],
    "ConstraintLearnedValueMatrix": [
      [
        0.18205177612546802,
        0.006232524865319888,
        0.30531621098662465,
        0.07629351207862954
      ],
      [
        0.006801210822189548,
        0.39963032294340367,
        0.11944781413328324,
        0.006880346518451083
      ],
      [
        0.016063327746423786,
        0.7196303229434036,
        0.05714743935007761,
        0.045811843051975484
      ],
      [
        0.010280180747810862,
        0.9996303229434036,
        0.03814743935007748,
        0.018095346363021143
      ]
    ],
    "ConstraintLearnedValuePerDemo": []
  }
}
