{
  "scalar_metrics": {
    "MeanAbsCutpointError": 0.0,
    "MeanStageSubgoalError": 0.07738985814113822,
    "MeanConstraintError": 0.012987575084338709,
    "MeanConstraintErrorRaw": 0.00364563667511327
  },
  "all_metrics": {
    "MeanAbsCutpointError": 0.0,
    "MeanStageSubgoalError": 0.07738985814113822,
    "MeanConstraintError": 0.012987575084338709,
    "MeanConstraintErrorRaw": 0.00364563667511327,
    "ConstraintErrorMatrix": [
      [
        NaN,
        NaN,
        NaN,
        NaN,
        NaN,
        NaN
      ],
      [
        0.023139987003809787,
        0.0003723518571666115,
        NaN,
        0.0013537282083308643,
        NaN,
        NaN
      ],
      [
        0.053787854038108755,
        0.0003723518571666674,
        0.011651478164489337,
        0.009073640395663564,
        NaN,
        NaN
      ],
      [
        0.03411303291229372,
        0.0003723518571666674,
        0.00756691008885357,
        0.0010596395446762499,
        NaN,
        NaN
      ]
    ],
    "ConstraintErrorMatrixRaw": [
      [
        NaN,
        NaN,
        NaN,
        NaN,
        NaN,
        NaN
      ],
      [
        0.006929879962122916,
        0.0003696770565963514,
        NaN,
        0.00012182366423586864,
        NaN,
        NaN
      ],
      [
        0.016108192793838357,
        0.00036967705659640693,
        0.0028525606499223907,
        0.0008165480442497847,
        NaN,
        NaN
      ],
      [
        0.010216048227996967,
        0.00036967705659640693,
        0.0018525606499225217,
        9.535826416800022e-05,
        NaN,
        NaN
      ]
    ],
    "ConstraintTrueActiveMask": [
      [
        0,
        0,
        0,
        0,
        0,
        0
      ],
      [
        1,
        1,
        0,
        1,
        0,
        0
      ],
      [
        1,
        1,
        1,
        1,
        0,
        0
      ],
      [
        1,
        1,
        1,
        1,
        0,
        0
      ]
    ],
    "ConstraintPredictedActiveMask": [
      [
        1,
        1,
        1,
        1,
        1,
        1
      ],
      [
        1,
        1,
        1,
        1,
        1,
        1
      ],
      [
        1,
        1,
        1,
        1,
        1,
        1
      ],
      [
        1,
        1,
        1,
        1,
        1,
        1
      ]
    ],
    "ConstraintTargetMatrix": [
      [
        NaN,
        NaN,
        NaN,
        NaN,
        NaN,
        NaN
      ],
      [
        0.0,
        0.4,
        NaN,
        0.007,
        NaN,
        NaN
      ],
      [
        0.0,
        0.72,
        0.06,
        0.045,
        NaN,
        NaN
      ],
      [
        0.0,
        1.0,
        0.04,
        0.018,
        NaN,
        NaN
      ]
    ],
    "ConstraintSemanticsMatrix": [
      [
        "",
        "",
        "",
        "",
        "",
        ""
      ],
      [
        "target_value",
        "lower_bound",
        "",
        "target_value",
        "",
        ""
      ],
      [
        "target_value",
        "lower_bound",
        "upper_bound",
        "target_value",
        "",
        ""
      ],
      [
        "target_value",
        "lower_bound",
        "upper_bound",
        "target_value",
        "",
        ""
      ]
    ],
    "ConstraintFeatureNames": [
      "surf dist",
      "force",
      "orient err",
      "speed",
      "noise",
      "start_dist"
    ],
    "ConstraintFeatureScales": [
      0.2994763981925303,
      0.9928164704464917,
      0.2448239278872144,
      0.08999122828804478,
      2.167415134128614,
      2.126581024569993
    ],
    "ConstraintLearnedValueMatrix": [
      [
        0.18428574590477026,
        0.006232524865319888,
        0.30531621098662465,
        0.07651724378469772,
        0.9863552101822911,
        2.2581444507409856
      ],
      [
        0.006929879962122916,
        0.39963032294340367,
        0.1260605388150779,
        0.0068781763357641315,
        1.2772622057944958,
        1.5680294401790436
      ],
      [
        0.016108192793838357,
        0.7196303229434036,
        0.05714743935007761,
        0.04581654804424978,
        2.1398360258638918,
        1.1774037718105068
      ],
      [
        0.010216048227996967,
        0.9996303229434036,
        0.03814743935007748,
        0.018095358264168,
        2.4597175383749907,
        0.09691644196257643
      ]
    ],
    "ConstraintLearnedValuePerDemo": []
  },
  "objectives": {
    "ModelObjectiveFinal": 188.38558009300493,
    "TrainingLogLikelihoodFinal": 188.38558009300493
  }
}
