{
  "scalar_metrics": {
    "MeanAbsCutpointError": 14.933333333333334,
    "MeanStageSubgoalError": 0.29917278483817034,
    "MeanConstraintError": 0.08090015516951056,
    "MeanConstraintErrorRaw": 0.03611529252941014
  },
  "all_metrics": {
    "MeanAbsCutpointError": 14.933333333333334,
    "MeanStageSubgoalError": 0.29917278483817034,
    "MeanConstraintError": 0.08090015516951056,
    "MeanConstraintErrorRaw": 0.03611529252941014,
    "ConstraintErrorMatrix": [
      [
        NaN,
        NaN,
        NaN,
        NaN
      ],
      [
        0.058602739500652305,
        0.3219430100707925,
        NaN,
        0.43089175251803574
      ],
      [
        0.01356919361537607,
        0.0008377916786248339,
        0.011651478164489337,
        0.008400460295570891
      ],
      [
        0.03503570875684051,
        0.0003723518571666674,
        0.00756691008885357,
        0.0010303103182136093
      ]
    ],
    "ConstraintErrorMatrixRaw": [
      [
        NaN,
        NaN,
        NaN,
        NaN
      ],
      [
        0.017550137349870473,
        0.31963032294340354,
        NaN,
        0.03877647806828625
      ],
      [
        0.0040636532303099035,
        0.000831773377341749,
        0.0028525606499223907,
        0.0007559677401833761
      ],
      [
        0.01049236786662109,
        0.00036967705659640693,
        0.0018525606499225217,
        9.271889105388897e-05
      ]
    ],
    "ConstraintTrueActiveMask": [
      [
        0,
        0,
        0,
        0
      ],
      [
        1,
        1,
        0,
        1
      ],
      [
        1,
        1,
        1,
        1
      ],
      [
        1,
        1,
        1,
        1
      ]
    ],
    "ConstraintPredictedActiveMask": [
      [
        1,
        1,
        1,
        1
      ],
      [
        1,
        1,
        1,
        1
      ],
      [
        1,
        1,
        1,
        1
      ],
      [
        1,
        1,
        1,
        1
      ]
    ],
    "ConstraintTargetMatrix": [
      [
        NaN,
        NaN,
        NaN,
        NaN
      ],
      [
        0.0,
        0.4,
        NaN,
        0.007
      ],
      [
        0.0,
        0.72,
        0.06,
        0.045
      ],
      [
        0.0,
        1.0,
        0.04,
        0.018
      ]
    ],
    "ConstraintSemanticsMatrix": [
      [
        "",
        "",
        "",
        ""
      ],
      [
        "target_value",
        "lower_bound",
        "",
        "target_value"
      ],
      [
        "target_value",
        "lower_bound",
        "upper_bound",
        "target_value"
      ],
      [
        "target_value",
        "lower_bound",
        "upper_bound",
        "target_value"
      ]
    ],
    "ConstraintFeatureNames": [
      "surface_distance",
      "force",
      "orientation_error",
      "speed"
    ],
    "ConstraintFeatureScales": [
      0.2994763981925303,
      0.9928164704464917,
      0.2448239278872144,
      0.08999122828804478
    ],
    "ConstraintLearnedValueMatrix": [
      [
        0.11367918115126191,
        0.008830016272992292,
        0.28533068554089364,
        0.06164540986048454
      ],
      [
        0.017550137349870473,
        0.7196303229434036,
        0.05714743935007761,
        0.04577647806828625
      ],
      [
        0.0040636532303099035,
        0.7208317733773417,
        0.05714743935007761,
        0.045755967740183374
      ],
      [
        0.01049236786662109,
        0.9996303229434036,
        0.03814743935007748,
        0.018092718891053888
      ]
    ],
    "ConstraintLearnedValuePerDemo": []
  }
}
