{
  "ModelObjectiveFinal": 188.38558009300493,
  "TrainingLogLikelihoodFinal": 188.38558009300493
}
