{
  "ModelObjectiveFinal": 1416.97117312434,
  "SegmentationObjectiveFinal": 1416.97117312434,
  "PosthocObjectiveFinal": -4499999572.79467,
  "PosthocFeatureObjectiveFinal": -4499999572.79467
}
