{
  "scalar_metrics": {
    "MeanAbsCutpointError": 8.266666666666666,
    "MeanStageSubgoalError": 0.18441921799198313,
    "MeanConstraintError": 0.14348409495653652,
    "MeanConstraintErrorRaw": 0.11162215509389437
  },
  "all_metrics": {
    "MeanAbsCutpointError": 8.266666666666666,
    "MeanStageSubgoalError": 0.18441921799198313,
    "MeanConstraintError": 0.14348409495653652,
    "MeanConstraintErrorRaw": 0.11162215509389437,
    "ConstraintErrorMatrix": [
      [
        NaN,
        NaN,
        NaN,
        NaN,
        NaN,
        NaN,
        NaN
      ],
      [
        0.2922440681418392,
        0.3931643526586839,
        NaN,
        NaN,
        NaN,
        NaN,
        NaN
      ],
      [
        0.05082681953926858,
        0.3223153619279592,
        0.0270106734258826,
        0.006740793477898435,
        NaN,
        NaN,
        NaN
      ],
      [
        0.03880699441960566,
        0.2820259416869643,
        0.015147170570875966,
        0.006558773716387192,
        NaN,
        NaN,
        NaN
      ]
    ],
    "ConstraintErrorMatrixRaw": [
      [
        NaN,
        NaN,
        NaN,
        NaN,
        NaN,
        NaN,
        NaN
      ],
      [
        0.0875202009202504,
        0.39034004491197427,
        NaN,
        NaN,
        NaN,
        NaN,
        NaN
      ],
      [
        0.015221432847201878,
        0.31999999999999995,
        0.00661285916300338,
        0.0006066122847121214,
        NaN,
        NaN,
        NaN
      ],
      [
        0.011621778913461125,
        0.28,
        0.003708389795539474,
        0.0005902321028010277,
        NaN,
        NaN,
        NaN
      ]
    ],
    "ConstraintTrueActiveMask": [
      [
        0,
        0,
        0,
        0,
        0,
        0,
        0
      ],
      [
        1,
        1,
        0,
        1,
        0,
        0,
        0
      ],
      [
        1,
        1,
        1,
        1,
        0,
        0,
        0
      ],
      [
        1,
        1,
        1,
        1,
        0,
        0,
        0
      ]
    ],
    "ConstraintPredictedActiveMask": [
      [
        0,
        0,
        0,
        0,
        0,
        0,
        0
      ],
      [
        1,
        1,
        0,
        0,
        0,
        0,
        0
      ],
      [
        1,
        1,
        1,
        1,
        0,
        0,
        0
      ],
      [
        1,
        1,
        1,
        1,
        0,
        0,
        0
      ]
    ],
    "ConstraintTargetMatrix": [
      [
        NaN,
        NaN,
        NaN,
        NaN,
        NaN,
        NaN,
        NaN
      ],
      [
        0.0,
        0.4,
        NaN,
        0.007,
        NaN,
        NaN,
        NaN
      ],
      [
        0.0,
        0.72,
        0.06,
        0.045,
        NaN,
        NaN,
        NaN
      ],
      [
        0.0,
        1.0,
        0.04,
        0.018,
        NaN,
        NaN,
        NaN
      ]
    ],
    "ConstraintSemanticsMatrix": [
      [
        "",
        "",
        "",
        "",
        "",
        "",
        ""
      ],
      [
        "target_value",
        "lower_bound",
        "",
        "target_value",
        "",
        "",
        ""
      ],
      [
        "target_value",
        "lower_bound",
        "upper_bound",
        "target_value",
        "",
        "",
        ""
      ],
      [
        "target_value",
        "lower_bound",
        "upper_bound",
        "target_value",
        "",
        "",
        ""
      ]
    ],
    "ConstraintFeatureNames": [
      "surf dist",
      "force",
      "orient err",
      "speed",
      "noise",
      "start_dist",
      "slot_x_err"
    ],
    "ConstraintFeatureScales": [
      0.2994763981925303,
      0.9928164704464917,
      0.2448239278872144,
      0.08999122828804478,
      0.8590315177063433,
      2.167415134128614,
      2.126581024569993
    ]
  },
  "objectives": {
    "ModelObjectiveFinal": 1400.3588176630144,
    "SegmentationObjectiveFinal": 1400.3588176630144,
    "PosthocObjectiveFinal": -15999999992.092012,
    "PosthocFeatureObjectiveFinal": -15999999992.092012
  }
}
