{
  "ModelObjectiveFinal": 1400.3588176630144,
  "SegmentationObjectiveFinal": 1400.3588176630144,
  "PosthocObjectiveFinal": -15999999992.092012,
  "PosthocFeatureObjectiveFinal": -15999999992.092012
}
