{
  "scalar_metrics": {
    "MeanAbsCutpointError": 27.55,
    "MeanStageSubgoalError": 0.15560176232008127,
    "MeanConstraintError": 0.014454573092098159,
    "MeanConstraintErrorRaw": 0.007171824828565062
  },
  "all_metrics": {
    "MeanAbsCutpointError": 27.55,
    "MeanStageSubgoalError": 0.15560176232008127,
    "MeanConstraintError": 0.014454573092098159,
    "MeanConstraintErrorRaw": 0.007171824828565062,
    "ConstraintErrorMatrix": [
      [
        0.017542839978736617,
        NaN,
        NaN,
        NaN,
        NaN,
        NaN
      ],
      [
        NaN,
        0.036342347075644,
        NaN,
        NaN,
        NaN,
        NaN
      ],
      [
        NaN,
        0.003441451218611446,
        0.0004916540954005695,
        NaN,
        NaN,
        NaN
      ]
    ],
    "ConstraintErrorMatrixRaw": [
      [
        0.017727831576302977,
        NaN,
        NaN,
        NaN,
        NaN,
        NaN
      ],
      [
        NaN,
        0.009346123969467234,
        NaN,
        NaN,
        NaN,
        NaN
      ],
      [
        NaN,
        0.000885034465635065,
        0.0007283093028549736,
        NaN,
        NaN,
        NaN
      ]
    ],
    "ConstraintTrueActiveMask": [
      [
        1,
        0,
        0,
        0,
        0,
        0
      ],
      [
        0,
        1,
        0,
        0,
        0,
        0
      ],
      [
        0,
        1,
        1,
        0,
        0,
        0
      ]
    ],
    "ConstraintPredictedActiveMask": [
      [
        1,
        1,
        1,
        1,
        1,
        1
      ],
      [
        1,
        1,
        1,
        1,
        1,
        1
      ],
      [
        1,
        1,
        1,
        1,
        1,
        1
      ]
    ],
    "ConstraintTargetMatrix": [
      [
        0.4,
        NaN,
        NaN,
        NaN,
        NaN,
        NaN
      ],
      [
        NaN,
        0.055,
        NaN,
        NaN,
        NaN,
        NaN
      ],
      [
        NaN,
        0.045,
        0.2,
        NaN,
        NaN,
        NaN
      ]
    ],
    "ConstraintSemanticsMatrix": [
      [
        "lower_bound",
        "",
        "",
        "",
        "",
        ""
      ],
      [
        "",
        "target_value",
        "",
        "",
        "",
        ""
      ],
      [
        "",
        "target_value",
        "target_value",
        "",
        "",
        ""
      ]
    ],
    "ConstraintFeatureNames": [
      "dist_main_obstacle",
      "speed",
      "terminal_arc_distance",
      "heading_angle",
      "decoy_line_distance",
      "noise_aux"
    ],
    "ConstraintFeatureScales": [
      1.0105451339572489,
      0.257168970127712,
      1.4813449326840082,
      6.360162030552389,
      0.678684724801644,
      0.751738493119704
    ],
    "ConstraintLearnedValueMatrix": [
      [
        0.38227216842369705,
        0.22318785552797565,
        0.9101773091436303,
        -0.012661926714409688,
        0.9177801443099546,
        0.09704173074814111
      ],
      [
        0.38227216842369705,
        0.04565387603053277,
        0.19951263161428434,
        -2.184593142199388,
        0.868697913609497,
        0.016009274094677117
      ],
      [
        0.38227216842369705,
        0.04411496553436493,
        0.19927169069714504,
        -5.705890525292814,
        0.7289241995285712,
        -0.21353228290370627
      ]
    ],
    "ConstraintLearnedValuePerDemo": []
  }
}
