{
  "scalar_metrics": {
    "MeanAbsCutpointError": 15.925,
    "MeanStageSubgoalError": 0.9473284489641116,
    "MeanConstraintError": 0.19371092102850546,
    "MeanConstraintErrorRaw": 0.02231696282821324
  },
  "all_metrics": {
    "MeanAbsCutpointError": 15.925,
    "MeanStageSubgoalError": 0.9473284489641116,
    "MeanConstraintError": 0.19371092102850546,
    "MeanConstraintErrorRaw": 0.02231696282821324,
    "ConstraintErrorMatrix": [
      [
        NaN,
        NaN,
        NaN,
        NaN
      ],
      [
        0.18692484872180332,
        0.011801404958011302,
        0.7267970504027694,
        NaN
      ],
      [
        NaN,
        NaN,
        NaN,
        NaN
      ],
      [
        0.04170848844335216,
        NaN,
        0.001322812616591018,
        NaN
      ],
      [
        NaN,
        NaN,
        NaN,
        NaN
      ]
    ],
    "ConstraintErrorMatrixRaw": [
      [
        NaN,
        NaN,
        NaN,
        NaN
      ],
      [
        0.06268336635468202,
        0.00662544468173186,
        0.028238086411869354,
        NaN
      ],
      [
        NaN,
        NaN,
        NaN,
        NaN
      ],
      [
        0.013986521744284885,
        NaN,
        5.1394948498081905e-05,
        NaN
      ],
      [
        NaN,
        NaN,
        NaN,
        NaN
      ]
    ],
    "ConstraintTrueActiveMask": [
      [
        0,
        0,
        0,
        0
      ],
      [
        1,
        1,
        1,
        0
      ],
      [
        0,
        0,
        0,
        0
      ],
      [
        1,
        0,
        1,
        0
      ],
      [
        0,
        0,
        0,
        0
      ]
    ],
    "ConstraintPredictedActiveMask": [
      [
        1,
        1,
        1,
        1
      ],
      [
        1,
        1,
        1,
        1
      ],
      [
        1,
        1,
        1,
        1
      ],
      [
        1,
        1,
        1,
        1
      ],
      [
        1,
        1,
        1,
        1
      ]
    ],
    "ConstraintTargetMatrix": [
      [
        NaN,
        NaN,
        NaN,
        NaN
      ],
      [
        0.0,
        0.12,
        0.047,
        NaN
      ],
      [
        NaN,
        NaN,
        NaN,
        NaN
      ],
      [
        0.0868,
        NaN,
        0.047,
        NaN
      ],
      [
        NaN,
        NaN,
        NaN,
        NaN
      ]
    ],
    "ConstraintSemanticsMatrix": [
      [
        "",
        "",
        "",
        ""
      ],
      [
        "target_value",
        "upper_bound",
        "upper_bound",
        ""
      ],
      [
        "",
        "",
        "",
        ""
      ],
      [
        "target_value",
        "",
        "upper_bound",
        ""
      ],
      [
        "",
        "",
        "",
        ""
      ]
    ],
    "ConstraintFeatureNames": [
      "surface_distance",
      "tool_normal_alignment_error",
      "speed",
      "angular_speed"
    ],
    "ConstraintFeatureScales": [
      0.3353399335792561,
      0.5614115188238009,
      0.03885278069884934,
      0.11425152491966827
    ],
    "ConstraintLearnedValueMatrix": [
      [
        0.2860142202477164,
        0.2664319012584606,
        0.08146402196617318,
        0.08454937785470408
      ],
      [
        0.06268336635468202,
        0.11337455531826814,
        0.07523808641186935,
        0.10430571934853011
      ],
      [
        0.0007383045889983175,
        0.11337455531826911,
        0.04694860505150192,
        0.1278076620937897
      ],
      [
        0.07281347825571512,
        0.42536928759167125,
        0.04694860505150192,
        0.08266983626887159
      ],
      [
        0.27003298609987175,
        0.731043908153253,
        0.06260178178976461,
        0.0680847189711291
      ]
    ],
    "ConstraintLearnedValuePerDemo": []
  }
}
