{
  "scalar_metrics": {
    "MeanAbsCutpointError": 16.025,
    "MeanStageSubgoalError": 0.9483274898941119,
    "MeanConstraintError": 0.1962359990798464,
    "MeanConstraintErrorRaw": 0.023143989744282834
  },
  "all_metrics": {
    "MeanAbsCutpointError": 16.025,
    "MeanStageSubgoalError": 0.9483274898941119,
    "MeanConstraintError": 0.1962359990798464,
    "MeanConstraintErrorRaw": 0.023143989744282834,
    "ConstraintErrorMatrix": [
      [
        NaN,
        NaN,
        NaN,
        NaN,
        NaN,
        NaN
      ],
      [
        0.19864635031934347,
        0.011801404958011302,
        0.7271298235053779,
        NaN,
        NaN,
        NaN
      ],
      [
        NaN,
        NaN,
        NaN,
        NaN,
        NaN,
        NaN
      ],
      [
        0.0422796039999082,
        NaN,
        0.001322812616591018,
        NaN,
        NaN,
        NaN
      ],
      [
        NaN,
        NaN,
        NaN,
        NaN,
        NaN,
        NaN
      ]
    ],
    "ConstraintErrorMatrixRaw": [
      [
        NaN,
        NaN,
        NaN,
        NaN,
        NaN,
        NaN
      ],
      [
        0.06661405392185028,
        0.00662544468173186,
        0.028251015572247476,
        NaN,
        NaN,
        NaN
      ],
      [
        NaN,
        NaN,
        NaN,
        NaN,
        NaN,
        NaN
      ],
      [
        0.014178039597086467,
        NaN,
        5.1394948498081905e-05,
        NaN,
        NaN,
        NaN
      ],
      [
        NaN,
        NaN,
        NaN,
        NaN,
        NaN,
        NaN
      ]
    ],
    "ConstraintTrueActiveMask": [
      [
        0,
        0,
        0,
        0,
        0,
        0
      ],
      [
        1,
        1,
        1,
        0,
        0,
        0
      ],
      [
        0,
        0,
        0,
        0,
        0,
        0
      ],
      [
        1,
        0,
        1,
        0,
        0,
        0
      ],
      [
        0,
        0,
        0,
        0,
        0,
        0
      ]
    ],
    "ConstraintPredictedActiveMask": [
      [
        1,
        1,
        1,
        1,
        1,
        1
      ],
      [
        1,
        1,
        1,
        1,
        1,
        1
      ],
      [
        1,
        1,
        1,
        1,
        1,
        1
      ],
      [
        1,
        1,
        1,
        1,
        1,
        1
      ],
      [
        1,
        1,
        1,
        1,
        1,
        1
      ]
    ],
    "ConstraintTargetMatrix": [
      [
        NaN,
        NaN,
        NaN,
        NaN,
        NaN,
        NaN
      ],
      [
        0.0,
        0.12,
        0.047,
        NaN,
        NaN,
        NaN
      ],
      [
        NaN,
        NaN,
        NaN,
        NaN,
        NaN,
        NaN
      ],
      [
        0.0868,
        NaN,
        0.047,
        NaN,
        NaN,
        NaN
      ],
      [
        NaN,
        NaN,
        NaN,
        NaN,
        NaN,
        NaN
      ]
    ],
    "ConstraintSemanticsMatrix": [
      [
        "",
        "",
        "",
        "",
        "",
        ""
      ],
      [
        "target_value",
        "upper_bound",
        "upper_bound",
        "",
        "",
        ""
      ],
      [
        "",
        "",
        "",
        "",
        "",
        ""
      ],
      [
        "target_value",
        "",
        "upper_bound",
        "",
        "",
        ""
      ],
      [
        "",
        "",
        "",
        "",
        "",
        ""
      ]
    ],
    "ConstraintFeatureNames": [
      "surf dist",
      "normal err",
      "speed",
      "ang speed",
      "noise",
      "start dist"
    ],
    "ConstraintFeatureScales": [
      0.3353399335792561,
      0.5614115188238009,
      0.03885278069884934,
      0.11425152491966827,
      2.2016824500314742,
      1.6775786004900848
    ],
    "ConstraintLearnedValueMatrix": [
      [
        0.29344813825115557,
        0.2664319012584606,
        0.08146402196617318,
        0.08454937785470408,
        2.220446049250313e-16,
        2.4592094179765924
      ],
      [
        0.06661405392185028,
        0.11337455531826814,
        0.07525101557224748,
        0.10430571934853011,
        2.220446049250313e-16,
        2.4592094179765924
      ],
      [
        0.000734678335867836,
        0.11337455531826911,
        0.04694860505150192,
        0.1278076620937897,
        2.220446049250313e-16,
        2.4592094179765924
      ],
      [
        0.07262196040291354,
        0.42536928759167125,
        0.04694860505150192,
        0.08266983626887159,
        2.220446049250313e-16,
        2.4592094179765924
      ],
      [
        0.27001101502501135,
        0.731043908153253,
        0.06260178178976461,
        0.0680847189711291,
        2.220446049250313e-16,
        2.4592094179765924
      ]
    ],
    "ConstraintLearnedValuePerDemo": []
  },
  "objectives": {
    "ModelObjectiveFinal": -551.4602445265537,
    "TrainingLogLikelihoodFinal": -551.4602445265537
  }
}
