{
  "ModelObjectiveFinal": -551.4602445265537,
  "TrainingLogLikelihoodFinal": -551.4602445265537
}
