{
  "scalar_metrics": {
    "MeanAbsCutpointError": 11.133333333333333,
    "MeanStageSubgoalError": 0.31618361896298447,
    "MeanConstraintError": 0.15942636153612316,
    "MeanConstraintErrorRaw": 0.0961745335963089
  },
  "all_metrics": {
    "MeanAbsCutpointError": 11.133333333333333,
    "MeanStageSubgoalError": 0.31618361896298447,
    "MeanConstraintError": 0.15942636153612316,
    "MeanConstraintErrorRaw": 0.0961745335963089,
    "ConstraintErrorMatrix": [
      [
        NaN,
        NaN,
        NaN,
        NaN,
        NaN
      ],
      [
        0.6049143323761828,
        0.3932247389745979,
        NaN,
        NaN,
        NaN
      ],
      [
        0.05043916249992492,
        0.3223153619279592,
        0.17202297401822564,
        0.006796214788304831,
        NaN
      ],
      [
        0.03380411629117572,
        0.0,
        0.008169136151273376,
        0.002577578333587287,
        NaN
      ]
    ],
    "ConstraintErrorMatrixRaw": [
      [
        NaN,
        NaN,
        NaN,
        NaN,
        NaN
      ],
      [
        0.18115756547505835,
        0.3903999974410033,
        NaN,
        NaN,
        NaN
      ],
      [
        0.015105338713325256,
        0.31999999999999995,
        0.04211534018598223,
        0.000611599716508926,
        NaN
      ],
      [
        0.010123534990962739,
        0.0,
        0.002000000000000189,
        0.00023195944024817158,
        NaN
      ]
    ],
    "ConstraintTrueActiveMask": [
      [
        0,
        0,
        0,
        0,
        0
      ],
      [
        1,
        1,
        0,
        1,
        0
      ],
      [
        1,
        1,
        1,
        1,
        0
      ],
      [
        1,
        1,
        1,
        1,
        0
      ]
    ],
    "ConstraintPredictedActiveMask": [
      [
        0,
        0,
        0,
        0,
        0
      ],
      [
        1,
        1,
        0,
        0,
        0
      ],
      [
        1,
        1,
        1,
        1,
        0
      ],
      [
        1,
        1,
        1,
        1,
        0
      ]
    ],
    "ConstraintTargetMatrix": [
      [
        NaN,
        NaN,
        NaN,
        NaN,
        NaN
      ],
      [
        0.0,
        0.4,
        NaN,
        0.007,
        NaN
      ],
      [
        0.0,
        0.72,
        0.06,
        0.045,
        NaN
      ],
      [
        0.0,
        1.0,
        0.04,
        0.018,
        NaN
      ]
    ],
    "ConstraintSemanticsMatrix": [
      [
        "",
        "",
        "",
        "",
        ""
      ],
      [
        "target_value",
        "lower_bound",
        "",
        "target_value",
        ""
      ],
      [
        "target_value",
        "lower_bound",
        "upper_bound",
        "target_value",
        ""
      ],
      [
        "target_value",
        "lower_bound",
        "upper_bound",
        "target_value",
        ""
      ]
    ],
    "ConstraintFeatureNames": [
      "surface_distance",
      "force",
      "orientation_error",
      "speed",
      "noise_aux"
    ],
    "ConstraintFeatureScales": [
      0.2994763981925303,
      0.9928164704464917,
      0.2448239278872144,
      0.08999122828804478,
      0.8590315177063433
    ]
  }
}
