{
  "ModelObjectiveFinal": 1576.0318322050703,
  "SegmentationLogLikelihoodFinal": 1576.0318322050703,
  "PosthocObjectiveFinal": -31750000107.542454,
  "PosthocFeatureObjectiveFinal": -31750000107.542454
}
