{
  "scalar_metrics": {
    "MeanAbsCutpointError": 0.0,
    "MeanStageSubgoalError": 0.06805289103777946,
    "MeanConstraintError": 0.0041923953891451465,
    "MeanConstraintErrorRaw": 0.002831892315176514
  },
  "all_metrics": {
    "MeanAbsCutpointError": 0.0,
    "MeanStageSubgoalError": 0.06805289103777946,
    "MeanConstraintError": 0.0041923953891451465,
    "MeanConstraintErrorRaw": 0.002831892315176514,
    "ConstraintErrorMatrix": [
      [
        0.008584310684902228,
        NaN,
        NaN,
        NaN,
        NaN,
        NaN
      ],
      [
        NaN,
        0.004432941365716857,
        NaN,
        NaN,
        NaN,
        NaN
      ],
      [
        NaN,
        0.0033048953084534607,
        0.0004474341975080396,
        NaN,
        NaN,
        NaN
      ]
    ],
    "ConstraintErrorMatrixRaw": [
      [
        0.008674833391005166,
        NaN,
        NaN,
        NaN,
        NaN,
        NaN
      ],
      [
        NaN,
        0.0011400149656579373,
        NaN,
        NaN,
        NaN,
        NaN
      ],
      [
        NaN,
        0.0008499165228548836,
        0.0006628043811880702,
        NaN,
        NaN,
        NaN
      ]
    ],
    "ConstraintTrueActiveMask": [
      [
        1,
        0,
        0,
        0,
        0,
        0
      ],
      [
        0,
        1,
        0,
        0,
        0,
        0
      ],
      [
        0,
        1,
        1,
        0,
        0,
        0
      ]
    ],
    "ConstraintPredictedActiveMask": [
      [
        1,
        0,
        0,
        0,
        0,
        0
      ],
      [
        0,
        1,
        0,
        0,
        0,
        0
      ],
      [
        0,
        1,
        1,
        0,
        0,
        0
      ]
    ],
    "ConstraintTargetMatrix": [
      [
        0.4,
        NaN,
        NaN,
        NaN,
        NaN,
        NaN
      ],
      [
        NaN,
        0.055,
        NaN,
        NaN,
        NaN,
        NaN
      ],
      [
        NaN,
        0.045,
        0.2,
        NaN,
        NaN,
        NaN
      ]
    ],
    "ConstraintSemanticsMatrix": [
      [
        "lower_bound",
        "",
        "",
        "",
        "",
        ""
      ],
      [
        "",
        "target_value",
        "",
        "",
        "",
        ""
      ],
      [
        "",
        "target_value",
        "target_value",
        "",
        "",
        ""
      ]
    ],
    "ConstraintFeatureNames": [
      "obs dist",
      "speed",
      "arc dist",
      "heading",
      "decoy dist",
      "noise"
    ],
    "ConstraintFeatureScales": [
      1.0105451339572489,
      0.257168970127712,
      1.4813449326840082,
      6.360162030552389,
      0.678684724801644,
      0.751738493119704
    ]
  },
  "objectives": {
    "ModelObjectiveFinal": 1341.72148942373,
    "SegmentationLogLikelihoodFinal": 1341.72148942373,
    "PosthocObjectiveFinal": -5999998684.864516,
    "PosthocFeatureObjectiveFinal": -5999998684.864516
  }
}
