{
  "ModelObjectiveFinal": 1341.72148942373,
  "SegmentationLogLikelihoodFinal": 1341.72148942373,
  "PosthocObjectiveFinal": -5999998684.864516,
  "PosthocFeatureObjectiveFinal": -5999998684.864516
}
