{
  "scalar_metrics": {
    "MeanAbsCutpointError": 0.0,
    "MeanStageSubgoalError": 0.06935459744175196,
    "MeanConstraintError": 0.005257692991451714,
    "MeanConstraintErrorRaw": 0.004780676471982454
  },
  "all_metrics": {
    "MeanAbsCutpointError": 0.0,
    "MeanStageSubgoalError": 0.06935459744175196,
    "MeanConstraintError": 0.005257692991451714,
    "MeanConstraintErrorRaw": 0.004780676471982454,
    "ConstraintErrorMatrix": [
      [
        0.017542839978736617,
        NaN,
        NaN,
        NaN,
        NaN,
        NaN
      ],
      [
        NaN,
        0.0021360436981311165,
        NaN,
        NaN,
        NaN,
        NaN
      ],
      [
        NaN,
        0.0009451767949502968,
        0.00040671149398882725,
        NaN,
        NaN,
        NaN
      ]
    ],
    "ConstraintErrorMatrixRaw": [
      [
        0.017727831576302977,
        NaN,
        NaN,
        NaN,
        NaN,
        NaN
      ],
      [
        NaN,
        0.0005493241579961686,
        NaN,
        NaN,
        NaN,
        NaN
      ],
      [
        NaN,
        0.00024307014294597945,
        0.0006024800106846917,
        NaN,
        NaN,
        NaN
      ]
    ],
    "ConstraintTrueActiveMask": [
      [
        1,
        0,
        0,
        0,
        0,
        0
      ],
      [
        0,
        1,
        0,
        0,
        0,
        0
      ],
      [
        0,
        1,
        1,
        0,
        0,
        0
      ]
    ],
    "ConstraintPredictedActiveMask": [
      [
        1,
        1,
        1,
        1,
        1,
        1
      ],
      [
        1,
        1,
        1,
        1,
        1,
        1
      ],
      [
        1,
        1,
        1,
        1,
        1,
        1
      ]
    ],
    "ConstraintTargetMatrix": [
      [
        0.4,
        NaN,
        NaN,
        NaN,
        NaN,
        NaN
      ],
      [
        NaN,
        0.055,
        NaN,
        NaN,
        NaN,
        NaN
      ],
      [
        NaN,
        0.045,
        0.2,
        NaN,
        NaN,
        NaN
      ]
    ],
    "ConstraintSemanticsMatrix": [
      [
        "lower_bound",
        "",
        "",
        "",
        "",
        ""
      ],
      [
        "",
        "target_value",
        "",
        "",
        "",
        ""
      ],
      [
        "",
        "target_value",
        "target_value",
        "",
        "",
        ""
      ]
    ],
    "ConstraintFeatureNames": [
      "dist_main_obstacle",
      "speed",
      "terminal_arc_distance",
      "heading_angle",
      "decoy_line_distance",
      "noise_aux"
    ],
    "ConstraintFeatureScales": [
      1.0105451339572489,
      0.257168970127712,
      1.4813449326840082,
      6.360162030552389,
      0.678684724801644,
      0.751738493119704
    ],
    "ConstraintLearnedValueMatrix": [
      [
        0.38227216842369705,
        0.2701208356309502,
        1.306370239167987,
        -0.03443741689113011,
        1.0573322180488245,
        0.04462744481079735
      ],
      [
        0.38227216842369705,
        0.05554932415799617,
        0.2642686641970482,
        0.15480418732770973,
        0.7350719854671403,
        0.038964266250977826
      ],
      [
        0.38227216842369705,
        0.04475692985705402,
        0.19939751998931532,
        -3.099751822490816,
        0.8541655007347785,
        -0.018272431884256594
      ]
    ],
    "ConstraintLearnedValuePerDemo": []
  }
}
