{
  "ModelObjectiveFinal": -1234.7169418207427,
  "TrainingLogLikelihoodFinal": -1234.7169418207427
}
