{
  "scalar_metrics": {
    "MeanAbsCutpointError": 17.26666666666667,
    "MeanStageSubgoalError": 0.3466272621583086,
    "MeanConstraintError": 0.11367030634315914,
    "MeanConstraintErrorRaw": 0.0689897117232485
  },
  "all_metrics": {
    "MeanAbsCutpointError": 17.26666666666667,
    "MeanStageSubgoalError": 0.3466272621583086,
    "MeanConstraintError": 0.11367030634315914,
    "MeanConstraintErrorRaw": 0.0689897117232485,
    "ConstraintErrorMatrix": [
      [
        NaN,
        NaN,
        NaN,
        NaN,
        NaN,
        NaN,
        NaN
      ],
      [
        0.05963013835637877,
        0.3223153619279592,
        NaN,
        NaN,
        NaN,
        NaN,
        NaN
      ],
      [
        0.02082605664937773,
        0.2820259416869643,
        0.0898604976639994,
        0.3004694233322448,
        NaN,
        NaN,
        NaN
      ],
      [
        0.04752916902209206,
        0.0,
        0.008169136151273376,
        0.005877338641301547,
        NaN,
        NaN,
        NaN
      ]
    ],
    "ConstraintErrorMatrixRaw": [
      [
        NaN,
        NaN,
        NaN,
        NaN,
        NaN,
        NaN,
        NaN
      ],
      [
        0.017857819058690563,
        0.31999999999999995,
        NaN,
        NaN,
        NaN,
        NaN,
        NaN
      ],
      [
        0.006236912433909239,
        0.28,
        0.022000000000000186,
        0.02703961246866921,
        NaN,
        NaN,
        NaN
      ],
      [
        0.014233864347820119,
        0.0,
        0.002000000000000189,
        0.0005289089233955144,
        NaN,
        NaN,
        NaN
      ]
    ],
    "ConstraintTrueActiveMask": [
      [
        0,
        0,
        0,
        0,
        0,
        0,
        0
      ],
      [
        1,
        1,
        0,
        1,
        0,
        0,
        0
      ],
      [
        1,
        1,
        1,
        1,
        0,
        0,
        0
      ],
      [
        1,
        1,
        1,
        1,
        0,
        0,
        0
      ]
    ],
    "ConstraintPredictedActiveMask": [
      [
        0,
        0,
        0,
        0,
        0,
        0,
        0
      ],
      [
        1,
        1,
        0,
        0,
        0,
        0,
        0
      ],
      [
        1,
        1,
        1,
        1,
        0,
        0,
        0
      ],
      [
        1,
        1,
        1,
        1,
        0,
        0,
        0
      ]
    ],
    "ConstraintTargetMatrix": [
      [
        NaN,
        NaN,
        NaN,
        NaN,
        NaN,
        NaN,
        NaN
      ],
      [
        0.0,
        0.4,
        NaN,
        0.007,
        NaN,
        NaN,
        NaN
      ],
      [
        0.0,
        0.72,
        0.06,
        0.045,
        NaN,
        NaN,
        NaN
      ],
      [
        0.0,
        1.0,
        0.04,
        0.018,
        NaN,
        NaN,
        NaN
      ]
    ],
    "ConstraintSemanticsMatrix": [
      [
        "",
        "",
        "",
        "",
        "",
        "",
        ""
      ],
      [
        "target_value",
        "lower_bound",
        "",
        "target_value",
        "",
        "",
        ""
      ],
      [
        "target_value",
        "lower_bound",
        "upper_bound",
        "target_value",
        "",
        "",
        ""
      ],
      [
        "target_value",
        "lower_bound",
        "upper_bound",
        "target_value",
        "",
        "",
        ""
      ]
    ],
    "ConstraintFeatureNames": [
      "surf dist",
      "force",
      "orient err",
      "speed",
      "noise",
      "start_dist",
      "slot_x_err"
    ],
    "ConstraintFeatureScales": [
      0.2994763981925303,
      0.9928164704464917,
      0.2448239278872144,
      0.08999122828804478,
      0.8590315177063433,
      2.167415134128614,
      2.126581024569993
    ]
  },
  "objectives": {
    "ModelObjectiveFinal": 1753.3958498998913,
    "SegmentationLogLikelihoodFinal": 1753.3958498998913,
    "PosthocObjectiveFinal": -499999199.23489183,
    "PosthocFeatureObjectiveFinal": -499999199.23489183
  }
}
