{
  "ModelObjectiveFinal": 1753.3958498998913,
  "SegmentationLogLikelihoodFinal": 1753.3958498998913,
  "PosthocObjectiveFinal": -499999199.23489183,
  "PosthocFeatureObjectiveFinal": -499999199.23489183
}
