{
  "ModelObjectiveFinal": 1024.1609900960777,
  "SegmentationLogLikelihoodFinal": 1024.1609900960777,
  "PosthocObjectiveFinal": -9333333492.046797,
  "PosthocFeatureObjectiveFinal": -9333333492.046797
}
