{
  "scalar_metrics": {
    "MeanAbsCutpointError": 22.1,
    "MeanStageSubgoalError": 0.5735103892033778,
    "MeanConstraintError": 0.01701978348942535,
    "MeanConstraintErrorRaw": 0.011580832285873909
  },
  "all_metrics": {
    "MeanAbsCutpointError": 22.1,
    "MeanStageSubgoalError": 0.5735103892033778,
    "MeanConstraintError": 0.01701978348942535,
    "MeanConstraintErrorRaw": 0.011580832285873909,
    "ConstraintErrorMatrix": [
      [
        0.03776126075077841,
        NaN,
        NaN,
        NaN,
        NaN,
        NaN
      ],
      [
        NaN,
        0.026543190186009813,
        NaN,
        NaN,
        NaN,
        NaN
      ],
      [
        NaN,
        0.00347484490789204,
        0.000299838113021144,
        NaN,
        NaN,
        NaN
      ]
    ],
    "ConstraintErrorMatrixRaw": [
      [
        0.03815945830378997,
        NaN,
        NaN,
        NaN,
        NaN,
        NaN
      ],
      [
        NaN,
        0.006826084884040136,
        NaN,
        NaN,
        NaN,
        NaN
      ],
      [
        NaN,
        0.0008936222863161203,
        0.00044416366934940665,
        NaN,
        NaN,
        NaN
      ]
    ],
    "ConstraintTrueActiveMask": [
      [
        1,
        0,
        0,
        0,
        0,
        0
      ],
      [
        0,
        1,
        0,
        0,
        0,
        0
      ],
      [
        0,
        1,
        1,
        0,
        0,
        0
      ]
    ],
    "ConstraintPredictedActiveMask": [
      [
        1,
        0,
        0,
        0,
        0,
        0
      ],
      [
        0,
        1,
        0,
        0,
        0,
        0
      ],
      [
        0,
        1,
        1,
        0,
        0,
        0
      ]
    ],
    "ConstraintTargetMatrix": [
      [
        0.4,
        NaN,
        NaN,
        NaN,
        NaN,
        NaN
      ],
      [
        NaN,
        0.055,
        NaN,
        NaN,
        NaN,
        NaN
      ],
      [
        NaN,
        0.045,
        0.2,
        NaN,
        NaN,
        NaN
      ]
    ],
    "ConstraintSemanticsMatrix": [
      [
        "lower_bound",
        "",
        "",
        "",
        "",
        ""
      ],
      [
        "",
        "target_value",
        "",
        "",
        "",
        ""
      ],
      [
        "",
        "target_value",
        "target_value",
        "",
        "",
        ""
      ]
    ],
    "ConstraintFeatureNames": [
      "dist_main_obstacle",
      "speed",
      "terminal_arc_distance",
      "heading_angle",
      "decoy_line_distance",
      "noise_aux"
    ],
    "ConstraintFeatureScales": [
      1.0105451339572489,
      0.257168970127712,
      1.4813449326840082,
      6.360162030552389,
      0.678684724801644,
      0.751738493119704
    ]
  }
}
