{
  "ModelObjectiveFinal": 895.3228540734688,
  "SegmentationLogLikelihoodFinal": 895.3228540734688,
  "PosthocObjectiveFinal": -11000000050.069721,
  "PosthocFeatureObjectiveFinal": -11000000050.069721
}
