{
  "ModelObjectiveFinal": 1047.652431208495,
  "SegmentationLogLikelihoodFinal": 1047.652431208495,
  "PosthocObjectiveFinal": -9333333465.39925,
  "PosthocFeatureObjectiveFinal": -9333333465.39925
}
