{
  "scalar_metrics": {
    "MeanAbsCutpointError": 5.9,
    "MeanStageSubgoalError": 0.14198122305703634,
    "MeanConstraintError": 0.008985917070001497,
    "MeanConstraintErrorRaw": 0.0057734467033094625
  },
  "all_metrics": {
    "MeanAbsCutpointError": 5.9,
    "MeanStageSubgoalError": 0.14198122305703634,
    "MeanConstraintError": 0.008985917070001497,
    "MeanConstraintErrorRaw": 0.0057734467033094625,
    "ConstraintErrorMatrix": [
      [
        0.017542839978736617,
        NaN,
        NaN,
        NaN,
        NaN,
        NaN
      ],
      [
        NaN,
        0.017841016869820255,
        NaN,
        NaN,
        NaN,
        NaN
      ],
      [
        NaN,
        4.204830540552037e-05,
        0.0005177631260435935,
        NaN,
        NaN,
        NaN
      ]
    ],
    "ConstraintErrorMatrixRaw": [
      [
        0.017727831576302977,
        NaN,
        NaN,
        NaN,
        NaN,
        NaN
      ],
      [
        NaN,
        0.004588155934442811,
        NaN,
        NaN,
        NaN,
        NaN
      ],
      [
        NaN,
        1.081351939675318e-05,
        0.0007669857830953086,
        NaN,
        NaN,
        NaN
      ]
    ],
    "ConstraintTrueActiveMask": [
      [
        1,
        0,
        0,
        0,
        0,
        0
      ],
      [
        0,
        1,
        0,
        0,
        0,
        0
      ],
      [
        0,
        1,
        1,
        0,
        0,
        0
      ]
    ],
    "ConstraintPredictedActiveMask": [
      [
        1,
        1,
        1,
        1,
        1,
        1
      ],
      [
        1,
        1,
        1,
        1,
        1,
        1
      ],
      [
        1,
        1,
        1,
        1,
        1,
        1
      ]
    ],
    "ConstraintTargetMatrix": [
      [
        0.4,
        NaN,
        NaN,
        NaN,
        NaN,
        NaN
      ],
      [
        NaN,
        0.055,
        NaN,
        NaN,
        NaN,
        NaN
      ],
      [
        NaN,
        0.045,
        0.2,
        NaN,
        NaN,
        NaN
      ]
    ],
    "ConstraintSemanticsMatrix": [
      [
        "lower_bound",
        "",
        "",
        "",
        "",
        ""
      ],
      [
        "",
        "target_value",
        "",
        "",
        "",
        ""
      ],
      [
        "",
        "target_value",
        "target_value",
        "",
        "",
        ""
      ]
    ],
    "ConstraintFeatureNames": [
      "dist_main_obstacle",
      "speed",
      "terminal_arc_distance",
      "heading_angle",
      "decoy_line_distance",
      "noise_aux"
    ],
    "ConstraintFeatureScales": [
      1.0105451339572489,
      0.257168970127712,
      1.4813449326840082,
      6.360162030552389,
      0.678684724801644,
      0.751738493119704
    ],
    "ConstraintLearnedValueMatrix": [
      [
        0.38227216842369705,
        0.27013049054540766,
        1.3051507290544169,
        -0.03423427273504087,
        1.056885483343386,
        0.044116235977118605
      ],
      [
        0.38227216842369705,
        0.05041184406555719,
        0.21429425346863382,
        -0.21809107616841006,
        0.6943186379389119,
        0.062232735152893445
      ],
      [
        0.38227216842369705,
        0.044989186480603245,
        0.1992330142169047,
        -3.74353157416732,
        0.9104571297467267,
        -0.045217701301229485
      ]
    ],
    "ConstraintLearnedValuePerDemo": []
  }
}
