{
  "scalar_metrics": {
    "MeanAbsCutpointError": 16.466666666666665,
    "MeanStageSubgoalError": 0.33850435013399033,
    "MeanConstraintError": 0.09245761914855612,
    "MeanConstraintErrorRaw": 0.04565712015249614
  },
  "all_metrics": {
    "MeanAbsCutpointError": 16.466666666666665,
    "MeanStageSubgoalError": 0.33850435013399033,
    "MeanConstraintError": 0.09245761914855612,
    "MeanConstraintErrorRaw": 0.04565712015249614,
    "ConstraintErrorMatrix": [
      [
        NaN,
        NaN,
        NaN,
        NaN
      ],
      [
        0.05439076359094058,
        0.3219430100707925,
        NaN,
        0.4314896785010118
      ],
      [
        0.008815387423890157,
        0.09872892090735225,
        0.056983928219338564,
        0.0006768409246451575
      ],
      [
        0.03503570873371227,
        0.0003723518571666674,
        0.00756691008885357,
        0.0010303103164134848
      ]
    ],
    "ConstraintErrorMatrixRaw": [
      [
        NaN,
        NaN,
        NaN,
        NaN
      ],
      [
        0.0162887499751563,
        0.31963032294340354,
        NaN,
        0.038830286161919594
      ],
      [
        0.0026400004743783526,
        0.0980196987862283,
        0.013951029133101547,
        6.0909746164433676e-05
      ],
      [
        0.010492367859694728,
        0.00036967705659640693,
        0.0018525606499225217,
        9.271889089189356e-05
      ]
    ],
    "ConstraintTrueActiveMask": [
      [
        0,
        0,
        0,
        0
      ],
      [
        1,
        1,
        0,
        1
      ],
      [
        1,
        1,
        1,
        1
      ],
      [
        1,
        1,
        1,
        1
      ]
    ],
    "ConstraintPredictedActiveMask": [
      [
        1,
        1,
        1,
        1
      ],
      [
        1,
        1,
        1,
        1
      ],
      [
        1,
        1,
        1,
        1
      ],
      [
        1,
        1,
        1,
        1
      ]
    ],
    "ConstraintTargetMatrix": [
      [
        NaN,
        NaN,
        NaN,
        NaN
      ],
      [
        0.0,
        0.4,
        NaN,
        0.007
      ],
      [
        0.0,
        0.72,
        0.06,
        0.045
      ],
      [
        0.0,
        1.0,
        0.04,
        0.018
      ]
    ],
    "ConstraintSemanticsMatrix": [
      [
        "",
        "",
        "",
        ""
      ],
      [
        "target_value",
        "lower_bound",
        "",
        "target_value"
      ],
      [
        "target_value",
        "lower_bound",
        "upper_bound",
        "target_value"
      ],
      [
        "target_value",
        "lower_bound",
        "upper_bound",
        "target_value"
      ]
    ],
    "ConstraintFeatureNames": [
      "surface_distance",
      "force",
      "orientation_error",
      "speed"
    ],
    "ConstraintFeatureScales": [
      0.2994763981925303,
      0.9928164704464917,
      0.2448239278872144,
      0.08999122828804478
    ],
    "ConstraintLearnedValueMatrix": [
      [
        0.11433740703612497,
        0.008830016272992292,
        0.28533068554089364,
        0.06174710063602109
      ],
      [
        0.0162887499751563,
        0.7196303229434036,
        0.05714743935007761,
        0.045830286161919594
      ],
      [
        0.0026400004743783526,
        0.8180196987862283,
        0.04604897086689845,
        0.04506090974616443
      ],
      [
        0.010492367859694728,
        0.9996303229434036,
        0.03814743935007748,
        0.018092718890891892
      ]
    ],
    "ConstraintLearnedValuePerDemo": []
  }
}
