{
  "scalar_metrics": {
    "MeanAbsCutpointError": 15.966666666666669,
    "MeanStageSubgoalError": 0.33068502254430215,
    "MeanConstraintError": 0.08001691786840295,
    "MeanConstraintErrorRaw": 0.03597521724445682
  },
  "all_metrics": {
    "MeanAbsCutpointError": 15.966666666666669,
    "MeanStageSubgoalError": 0.33068502254430215,
    "MeanConstraintError": 0.08001691786840295,
    "MeanConstraintErrorRaw": 0.03597521724445682,
    "ConstraintErrorMatrix": [
      [
        NaN,
        NaN,
        NaN,
        NaN
      ],
      [
        0.05476127782311337,
        0.3219430100707925,
        NaN,
        0.4318484356690918
      ],
      [
        0.01289468741250235,
        0.0008377916786248339,
        0.013608712867353668,
        0.00037405317260139423
      ],
      [
        0.034923414110789246,
        0.0003723518571666674,
        0.00756691008885357,
        0.0010554518015431042
      ]
    ],
    "ConstraintErrorMatrixRaw": [
      [
        NaN,
        NaN,
        NaN,
        NaN
      ],
      [
        0.01639971024288648,
        0.31963032294340354,
        NaN,
        0.03886257116013226
      ],
      [
        0.003861654542114762,
        0.000831773377341749,
        0.0033317385376748013,
        3.366150444743948e-05
      ],
      [
        0.010458738270485352,
        0.00036967705659640693,
        0.0018525606499225217,
        9.498140401969363e-05
      ]
    ],
    "ConstraintTrueActiveMask": [
      [
        0,
        0,
        0,
        0
      ],
      [
        1,
        1,
        0,
        1
      ],
      [
        1,
        1,
        1,
        1
      ],
      [
        1,
        1,
        1,
        1
      ]
    ],
    "ConstraintPredictedActiveMask": [
      [
        1,
        1,
        1,
        1
      ],
      [
        1,
        1,
        1,
        1
      ],
      [
        1,
        1,
        1,
        1
      ],
      [
        1,
        1,
        1,
        1
      ]
    ],
    "ConstraintTargetMatrix": [
      [
        NaN,
        NaN,
        NaN,
        NaN
      ],
      [
        0.0,
        0.4,
        NaN,
        0.007
      ],
      [
        0.0,
        0.72,
        0.06,
        0.045
      ],
      [
        0.0,
        1.0,
        0.04,
        0.018
      ]
    ],
    "ConstraintSemanticsMatrix": [
      [
        "",
        "",
        "",
        ""
      ],
      [
        "target_value",
        "lower_bound",
        "",
        "target_value"
      ],
      [
        "target_value",
        "lower_bound",
        "upper_bound",
        "target_value"
      ],
      [
        "target_value",
        "lower_bound",
        "upper_bound",
        "target_value"
      ]
    ],
    "ConstraintFeatureNames": [
      "surface_distance",
      "force",
      "orientation_error",
      "speed"
    ],
    "ConstraintFeatureScales": [
      0.2994763981925303,
      0.9928164704464917,
      0.2448239278872144,
      0.08999122828804478
    ],
    "ConstraintLearnedValueMatrix": [
      [
        0.11825674502884659,
        0.008828079603568795,
        0.28757682411851315,
        0.06326465322442132
      ],
      [
        0.01639971024288648,
        0.7196303229434036,
        0.05714743935007761,
        0.04586257116013226
      ],
      [
        0.003861654542114762,
        0.7208317733773417,
        0.056668261462325197,
        0.04503366150444744
      ],
      [
        0.010458738270485352,
        0.9996303229434036,
        0.03814743935007748,
        0.018094981404019692
      ]
    ],
    "ConstraintLearnedValuePerDemo": []
  }
}
