{
  "ModelObjectiveFinal": 189.0947829453569,
  "TrainingLogLikelihoodFinal": 189.0947829453569
}
