{
  "scalar_metrics": {
    "MeanAbsCutpointError": 11.825,
    "MeanStageSubgoalError": 0.851279107084827,
    "MeanConstraintError": 0.01451340499865518,
    "MeanConstraintErrorRaw": 0.00644259244577525
  },
  "all_metrics": {
    "MeanAbsCutpointError": 11.825,
    "MeanStageSubgoalError": 0.851279107084827,
    "MeanConstraintError": 0.01451340499865518,
    "MeanConstraintErrorRaw": 0.00644259244577525,
    "ConstraintErrorMatrix": [
      [
        NaN,
        NaN,
        NaN,
        NaN,
        NaN,
        NaN
      ],
      [
        0.023780855563451633,
        0.03484887708937317,
        0.0,
        NaN,
        NaN,
        NaN
      ],
      [
        NaN,
        NaN,
        NaN,
        NaN,
        NaN,
        NaN
      ],
      [
        0.013937292340451102,
        NaN,
        0.0,
        NaN,
        NaN,
        NaN
      ],
      [
        NaN,
        NaN,
        NaN,
        NaN,
        NaN,
        NaN
      ]
    ],
    "ConstraintErrorMatrixRaw": [
      [
        NaN,
        NaN,
        NaN,
        NaN,
        NaN,
        NaN
      ],
      [
        0.007974670525105754,
        0.019564561016048948,
        0.0,
        NaN,
        NaN,
        NaN
      ],
      [
        NaN,
        NaN,
        NaN,
        NaN,
        NaN,
        NaN
      ],
      [
        0.004673730687721547,
        NaN,
        0.0,
        NaN,
        NaN,
        NaN
      ],
      [
        NaN,
        NaN,
        NaN,
        NaN,
        NaN,
        NaN
      ]
    ],
    "ConstraintTrueActiveMask": [
      [
        0,
        0,
        0,
        0,
        0,
        0
      ],
      [
        1,
        1,
        1,
        0,
        0,
        0
      ],
      [
        0,
        0,
        0,
        0,
        0,
        0
      ],
      [
        1,
        0,
        1,
        0,
        0,
        0
      ],
      [
        0,
        0,
        0,
        0,
        0,
        0
      ]
    ],
    "ConstraintPredictedActiveMask": [
      [
        0,
        0,
        0,
        0,
        0,
        0
      ],
      [
        1,
        1,
        1,
        0,
        0,
        0
      ],
      [
        0,
        0,
        0,
        0,
        0,
        0
      ],
      [
        1,
        0,
        1,
        0,
        0,
        0
      ],
      [
        0,
        0,
        0,
        0,
        0,
        0
      ]
    ],
    "ConstraintTargetMatrix": [
      [
        NaN,
        NaN,
        NaN,
        NaN,
        NaN,
        NaN
      ],
      [
        0.0,
        0.12,
        0.047,
        NaN,
        NaN,
        NaN
      ],
      [
        NaN,
        NaN,
        NaN,
        NaN,
        NaN,
        NaN
      ],
      [
        0.0868,
        NaN,
        0.047,
        NaN,
        NaN,
        NaN
      ],
      [
        NaN,
        NaN,
        NaN,
        NaN,
        NaN,
        NaN
      ]
    ],
    "ConstraintSemanticsMatrix": [
      [
        "",
        "",
        "",
        "",
        "",
        ""
      ],
      [
        "target_value",
        "upper_bound",
        "upper_bound",
        "",
        "",
        ""
      ],
      [
        "",
        "",
        "",
        "",
        "",
        ""
      ],
      [
        "target_value",
        "",
        "upper_bound",
        "",
        "",
        ""
      ],
      [
        "",
        "",
        "",
        "",
        "",
        ""
      ]
    ],
    "ConstraintFeatureNames": [
      "surf dist",
      "normal err",
      "speed",
      "ang speed",
      "start dist",
      "goal dist"
    ],
    "ConstraintFeatureScales": [
      0.3353399335792561,
      0.5614115188238009,
      0.03885278069884934,
      0.11425152491966827,
      2.2016824500314742,
      1.6775786004900848
    ]
  },
  "objectives": {
    "ModelObjectiveFinal": 1079.8358737447077,
    "SegmentationLogLikelihoodFinal": 1079.8358737447077,
    "PosthocObjectiveFinal": -13999999904.07564,
    "PosthocFeatureObjectiveFinal": -13999999904.07564
  }
}
