{
  "ModelObjectiveFinal": 1079.8358737447077,
  "SegmentationLogLikelihoodFinal": 1079.8358737447077,
  "PosthocObjectiveFinal": -13999999904.07564,
  "PosthocFeatureObjectiveFinal": -13999999904.07564
}
