{
  "scalar_metrics": {
    "MeanAbsCutpointError": 7.7333333333333325,
    "MeanStageSubgoalError": 0.20500483725106525,
    "MeanConstraintError": 0.019366925796685357,
    "MeanConstraintErrorRaw": 0.005282741289394294
  },
  "all_metrics": {
    "MeanAbsCutpointError": 7.7333333333333325,
    "MeanStageSubgoalError": 0.20500483725106525,
    "MeanConstraintError": 0.019366925796685357,
    "MeanConstraintErrorRaw": 0.005282741289394294,
    "ConstraintErrorMatrix": [
      [
        NaN,
        NaN,
        NaN,
        NaN,
        NaN,
        NaN,
        NaN
      ],
      [
        0.04507182196650661,
        0.0,
        NaN,
        NaN,
        NaN,
        NaN,
        NaN
      ],
      [
        0.059659453226430854,
        0.0,
        0.012253704226909141,
        0.014747929181591691,
        NaN,
        NaN,
        NaN
      ],
      [
        0.04915434350423793,
        0.0,
        0.008169136151273376,
        0.004612869709903961,
        NaN,
        NaN,
        NaN
      ]
    ],
    "ConstraintErrorMatrixRaw": [
      [
        NaN,
        NaN,
        NaN,
        NaN,
        NaN,
        NaN,
        NaN
      ],
      [
        0.013497946902504367,
        0.0,
        NaN,
        NaN,
        NaN,
        NaN,
        NaN
      ],
      [
        0.017866598170387243,
        0.0,
        0.003000000000000058,
        0.0013271842617565352,
        NaN,
        NaN,
        NaN
      ],
      [
        0.014720565748167574,
        0.0,
        0.002000000000000189,
        0.0004151178111269742,
        NaN,
        NaN,
        NaN
      ]
    ],
    "ConstraintTrueActiveMask": [
      [
        0,
        0,
        0,
        0,
        0,
        0,
        0
      ],
      [
        1,
        1,
        0,
        1,
        0,
        0,
        0
      ],
      [
        1,
        1,
        1,
        1,
        0,
        0,
        0
      ],
      [
        1,
        1,
        1,
        1,
        0,
        0,
        0
      ]
    ],
    "ConstraintPredictedActiveMask": [
      [
        0,
        0,
        0,
        0,
        0,
        0,
        0
      ],
      [
        1,
        1,
        0,
        0,
        0,
        0,
        0
      ],
      [
        1,
        1,
        1,
        1,
        0,
        0,
        0
      ],
      [
        1,
        1,
        1,
        1,
        0,
        0,
        0
      ]
    ],
    "ConstraintTargetMatrix": [
      [
        NaN,
        NaN,
        NaN,
        NaN,
        NaN,
        NaN,
        NaN
      ],
      [
        0.0,
        0.4,
        NaN,
        0.007,
        NaN,
        NaN,
        NaN
      ],
      [
        0.0,
        0.72,
        0.06,
        0.045,
        NaN,
        NaN,
        NaN
      ],
      [
        0.0,
        1.0,
        0.04,
        0.018,
        NaN,
        NaN,
        NaN
      ]
    ],
    "ConstraintSemanticsMatrix": [
      [
        "",
        "",
        "",
        "",
        "",
        "",
        ""
      ],
      [
        "target_value",
        "lower_bound",
        "",
        "target_value",
        "",
        "",
        ""
      ],
      [
        "target_value",
        "lower_bound",
        "upper_bound",
        "target_value",
        "",
        "",
        ""
      ],
      [
        "target_value",
        "lower_bound",
        "upper_bound",
        "target_value",
        "",
        "",
        ""
      ]
    ],
    "ConstraintFeatureNames": [
      "surf dist",
      "force",
      "orient err",
      "speed",
      "noise",
      "start_dist",
      "slot_x_err"
    ],
    "ConstraintFeatureScales": [
      0.2994763981925303,
      0.9928164704464917,
      0.2448239278872144,
      0.08999122828804478,
      0.8590315177063433,
      2.167415134128614,
      2.126581024569993
    ]
  },
  "objectives": {
    "ModelObjectiveFinal": 1819.7907858965432,
    "SegmentationLogLikelihoodFinal": 1819.7907858965432,
    "PosthocObjectiveFinal": 1030.3932733529944,
    "PosthocFeatureObjectiveFinal": 1030.3932733529944
  }
}
