{
  "scalar_metrics": {
    "MeanAbsCutpointError": 6.7333333333333325,
    "MeanStageSubgoalError": 0.1829586501182177,
    "MeanConstraintError": 0.01906701413703295,
    "MeanConstraintErrorRaw": 0.005197707175952225
  },
  "all_metrics": {
    "MeanAbsCutpointError": 6.7333333333333325,
    "MeanStageSubgoalError": 0.1829586501182177,
    "MeanConstraintError": 0.01906701413703295,
    "MeanConstraintErrorRaw": 0.005197707175952225,
    "ConstraintErrorMatrix": [
      [
        NaN,
        NaN,
        NaN,
        NaN,
        NaN
      ],
      [
        0.04231528210889966,
        0.0,
        NaN,
        NaN,
        NaN
      ],
      [
        0.05964516711871968,
        0.0,
        0.012253704226909141,
        0.014519638550385752,
        NaN
      ],
      [
        0.04915434350423793,
        0.0,
        0.008169136151273376,
        0.004612869709903961,
        NaN
      ]
    ],
    "ConstraintErrorMatrixRaw": [
      [
        NaN,
        NaN,
        NaN,
        NaN,
        NaN
      ],
      [
        0.012672428274474089,
        0.0,
        NaN,
        NaN,
        NaN
      ],
      [
        0.01786231981830571,
        0.0,
        0.003000000000000058,
        0.0013066401074476597,
        NaN
      ],
      [
        0.014720565748167574,
        0.0,
        0.002000000000000189,
        0.0004151178111269742,
        NaN
      ]
    ],
    "ConstraintTrueActiveMask": [
      [
        0,
        0,
        0,
        0,
        0
      ],
      [
        1,
        1,
        0,
        1,
        0
      ],
      [
        1,
        1,
        1,
        1,
        0
      ],
      [
        1,
        1,
        1,
        1,
        0
      ]
    ],
    "ConstraintPredictedActiveMask": [
      [
        0,
        0,
        0,
        0,
        0
      ],
      [
        1,
        1,
        0,
        0,
        0
      ],
      [
        1,
        1,
        1,
        1,
        0
      ],
      [
        1,
        1,
        1,
        1,
        0
      ]
    ],
    "ConstraintTargetMatrix": [
      [
        NaN,
        NaN,
        NaN,
        NaN,
        NaN
      ],
      [
        0.0,
        0.4,
        NaN,
        0.007,
        NaN
      ],
      [
        0.0,
        0.72,
        0.06,
        0.045,
        NaN
      ],
      [
        0.0,
        1.0,
        0.04,
        0.018,
        NaN
      ]
    ],
    "ConstraintSemanticsMatrix": [
      [
        "",
        "",
        "",
        "",
        ""
      ],
      [
        "target_value",
        "lower_bound",
        "",
        "target_value",
        ""
      ],
      [
        "target_value",
        "lower_bound",
        "upper_bound",
        "target_value",
        ""
      ],
      [
        "target_value",
        "lower_bound",
        "upper_bound",
        "target_value",
        ""
      ]
    ],
    "ConstraintFeatureNames": [
      "surface_distance",
      "force",
      "orientation_error",
      "speed",
      "noise_aux"
    ],
    "ConstraintFeatureScales": [
      0.2994763981925303,
      0.9928164704464917,
      0.2448239278872144,
      0.08999122828804478,
      0.8590315177063433
    ]
  }
}
