{
  "ModelObjectiveFinal": 1819.7907858965432,
  "SegmentationLogLikelihoodFinal": 1819.7907858965432,
  "PosthocObjectiveFinal": 1030.3932733529944,
  "PosthocFeatureObjectiveFinal": 1030.3932733529944
}
