{
  "scalar_metrics": {
    "MeanAbsCutpointError": 2.75,
    "MeanStageSubgoalError": 0.6525147973953471,
    "MeanConstraintError": 0.006730644179947472,
    "MeanConstraintErrorRaw": 0.002677344897546853
  },
  "all_metrics": {
    "MeanAbsCutpointError": 2.75,
    "MeanStageSubgoalError": 0.6525147973953471,
    "MeanConstraintError": 0.006730644179947472,
    "MeanConstraintErrorRaw": 0.002677344897546853,
    "ConstraintErrorMatrix": [
      [
        NaN,
        NaN,
        NaN,
        NaN
      ],
      [
        0.0022643651061906417,
        0.011801404958009572,
        0.001322812616591018,
        NaN
      ],
      [
        NaN,
        NaN,
        NaN,
        NaN
      ],
      [
        0.01767672150046117,
        NaN,
        0.0005879167184849565,
        NaN
      ],
      [
        NaN,
        NaN,
        NaN,
        NaN
      ]
    ],
    "ConstraintErrorMatrixRaw": [
      [
        NaN,
        NaN,
        NaN,
        NaN
      ],
      [
        0.000759332044309155,
        0.006625444681730888,
        5.1394948498081905e-05,
        NaN
      ],
      [
        NaN,
        NaN,
        NaN,
        NaN
      ],
      [
        0.005927710613863657,
        NaN,
        2.284219933248316e-05,
        NaN
      ],
      [
        NaN,
        NaN,
        NaN,
        NaN
      ]
    ],
    "ConstraintTrueActiveMask": [
      [
        0,
        0,
        0,
        0
      ],
      [
        1,
        1,
        1,
        0
      ],
      [
        0,
        0,
        0,
        0
      ],
      [
        1,
        0,
        1,
        0
      ],
      [
        0,
        0,
        0,
        0
      ]
    ],
    "ConstraintPredictedActiveMask": [
      [
        1,
        1,
        1,
        1
      ],
      [
        1,
        1,
        1,
        1
      ],
      [
        1,
        1,
        1,
        1
      ],
      [
        1,
        1,
        1,
        1
      ],
      [
        1,
        1,
        1,
        1
      ]
    ],
    "ConstraintTargetMatrix": [
      [
        NaN,
        NaN,
        NaN,
        NaN
      ],
      [
        0.0,
        0.12,
        0.047,
        NaN
      ],
      [
        NaN,
        NaN,
        NaN,
        NaN
      ],
      [
        0.0868,
        NaN,
        0.047,
        NaN
      ],
      [
        NaN,
        NaN,
        NaN,
        NaN
      ]
    ],
    "ConstraintSemanticsMatrix": [
      [
        "",
        "",
        "",
        ""
      ],
      [
        "target_value",
        "upper_bound",
        "upper_bound",
        ""
      ],
      [
        "",
        "",
        "",
        ""
      ],
      [
        "target_value",
        "",
        "upper_bound",
        ""
      ],
      [
        "",
        "",
        "",
        ""
      ]
    ],
    "ConstraintFeatureNames": [
      "surface_distance",
      "tool_normal_alignment_error",
      "speed",
      "angular_speed"
    ],
    "ConstraintFeatureScales": [
      0.3353399335792561,
      0.5614115188238009,
      0.03885278069884934,
      0.11425152491966827
    ],
    "ConstraintLearnedValueMatrix": [
      [
        0.2260582488117617,
        0.23848816137495035,
        0.08145441987230065,
        0.08803471612228674
      ],
      [
        0.000759332044309155,
        0.11337455531826911,
        0.04694860505150192,
        0.1278076620937897
      ],
      [
        0.06105672040201979,
        0.31414394250359423,
        0.04694860505150192,
        0.07369533447632018
      ],
      [
        0.09272771061386366,
        0.7085155135550445,
        0.04702284219933248,
        0.09474743765711324
      ],
      [
        0.3154069202146948,
        0.7590002199199757,
        0.06359274105446164,
        0.05997403139621364
      ]
    ],
    "ConstraintLearnedValuePerDemo": []
  }
}
