{
  "scalar_metrics": {
    "MeanAbsCutpointError": 2.7,
    "MeanStageSubgoalError": 0.6506829618198231,
    "MeanConstraintError": 0.005761008198759707,
    "MeanConstraintErrorRaw": 0.0023521872320192913
  },
  "all_metrics": {
    "MeanAbsCutpointError": 2.7,
    "MeanStageSubgoalError": 0.6506829618198231,
    "MeanConstraintError": 0.005761008198759707,
    "MeanConstraintErrorRaw": 0.0023521872320192913,
    "ConstraintErrorMatrix": [
      [
        NaN,
        NaN,
        NaN,
        NaN,
        NaN,
        NaN
      ],
      [
        0.0022107431236702006,
        0.011801404958009572,
        0.001322812616591018,
        NaN,
        NaN,
        NaN
      ],
      [
        NaN,
        NaN,
        NaN,
        NaN,
        NaN,
        NaN
      ],
      [
        0.012882163577042789,
        NaN,
        0.0005879167184849565,
        NaN,
        NaN,
        NaN
      ],
      [
        NaN,
        NaN,
        NaN,
        NaN,
        NaN,
        NaN
      ]
    ],
    "ConstraintErrorMatrixRaw": [
      [
        NaN,
        NaN,
        NaN,
        NaN,
        NaN,
        NaN
      ],
      [
        0.0007413504522523623,
        0.006625444681730888,
        5.1394948498081905e-05,
        NaN,
        NaN,
        NaN
      ],
      [
        NaN,
        NaN,
        NaN,
        NaN,
        NaN,
        NaN
      ],
      [
        0.004319903878282641,
        NaN,
        2.284219933248316e-05,
        NaN,
        NaN,
        NaN
      ],
      [
        NaN,
        NaN,
        NaN,
        NaN,
        NaN,
        NaN
      ]
    ],
    "ConstraintTrueActiveMask": [
      [
        0,
        0,
        0,
        0,
        0,
        0
      ],
      [
        1,
        1,
        1,
        0,
        0,
        0
      ],
      [
        0,
        0,
        0,
        0,
        0,
        0
      ],
      [
        1,
        0,
        1,
        0,
        0,
        0
      ],
      [
        0,
        0,
        0,
        0,
        0,
        0
      ]
    ],
    "ConstraintPredictedActiveMask": [
      [
        1,
        1,
        1,
        1,
        1,
        1
      ],
      [
        1,
        1,
        1,
        1,
        1,
        1
      ],
      [
        1,
        1,
        1,
        1,
        1,
        1
      ],
      [
        1,
        1,
        1,
        1,
        1,
        1
      ],
      [
        1,
        1,
        1,
        1,
        1,
        1
      ]
    ],
    "ConstraintTargetMatrix": [
      [
        NaN,
        NaN,
        NaN,
        NaN,
        NaN,
        NaN
      ],
      [
        0.0,
        0.12,
        0.047,
        NaN,
        NaN,
        NaN
      ],
      [
        NaN,
        NaN,
        NaN,
        NaN,
        NaN,
        NaN
      ],
      [
        0.0868,
        NaN,
        0.047,
        NaN,
        NaN,
        NaN
      ],
      [
        NaN,
        NaN,
        NaN,
        NaN,
        NaN,
        NaN
      ]
    ],
    "ConstraintSemanticsMatrix": [
      [
        "",
        "",
        "",
        "",
        "",
        ""
      ],
      [
        "target_value",
        "upper_bound",
        "upper_bound",
        "",
        "",
        ""
      ],
      [
        "",
        "",
        "",
        "",
        "",
        ""
      ],
      [
        "target_value",
        "",
        "upper_bound",
        "",
        "",
        ""
      ],
      [
        "",
        "",
        "",
        "",
        "",
        ""
      ]
    ],
    "ConstraintFeatureNames": [
      "surf dist",
      "normal err",
      "speed",
      "ang speed",
      "noise",
      "start dist"
    ],
    "ConstraintFeatureScales": [
      0.3353399335792561,
      0.5614115188238009,
      0.03885278069884934,
      0.11425152491966827,
      2.2016824500314742,
      1.6775786004900848
    ],
    "ConstraintLearnedValueMatrix": [
      [
        0.20237548901270294,
        0.2267178409216674,
        0.0814479626024073,
        0.0902908298030261,
        2.220446049250313e-16,
        2.4592094179765924
      ],
      [
        0.0007413504522523623,
        0.11337455531826911,
        0.04694860505150192,
        0.1278076620937897,
        2.220446049250313e-16,
        2.4592094179765924
      ],
      [
        0.05919454401997661,
        0.3190250355908818,
        0.04694860505150192,
        0.0789991584097775,
        2.220446049250313e-16,
        2.4592094179765924
      ],
      [
        0.09111990387828264,
        0.7088378023926869,
        0.04702284219933248,
        0.0875539955653391,
        2.220446049250313e-16,
        2.4592094179765924
      ],
      [
        0.30255579781845876,
        0.7590002199199757,
        0.06359274105446164,
        0.05997403139621364,
        2.220446049250313e-16,
        2.4592094179765924
      ]
    ],
    "ConstraintLearnedValuePerDemo": []
  },
  "objectives": {
    "ModelObjectiveFinal": -526.4242252158625,
    "TrainingLogLikelihoodFinal": -526.4242252158625
  }
}
