{
  "scalar_metrics": {
    "MeanAbsCutpointError": 5.375,
    "MeanStageSubgoalError": 0.6505344217426279,
    "MeanConstraintError": 0.10454982878923066,
    "MeanConstraintErrorRaw": 0.01612550276440345
  },
  "all_metrics": {
    "MeanAbsCutpointError": 5.375,
    "MeanStageSubgoalError": 0.6505344217426279,
    "MeanConstraintError": 0.10454982878923066,
    "MeanConstraintErrorRaw": 0.01612550276440345,
    "ConstraintErrorMatrix": [
      [
        NaN,
        NaN,
        NaN,
        NaN
      ],
      [
        0.002260856369860557,
        0.011801404958009572,
        0.001322812616591018,
        NaN
      ],
      [
        NaN,
        NaN,
        NaN,
        NaN
      ],
      [
        0.1803788572323324,
        NaN,
        0.32698521276935977,
        NaN
      ],
      [
        NaN,
        NaN,
        NaN,
        NaN
      ]
    ],
    "ConstraintErrorMatrixRaw": [
      [
        NaN,
        NaN,
        NaN,
        NaN
      ],
      [
        0.0007581554249012773,
        0.006625444681730888,
        5.1394948498081905e-05,
        NaN
      ],
      [
        NaN,
        NaN,
        NaN,
        NaN
      ],
      [
        0.06048823400339247,
        NaN,
        0.012704284763494528,
        NaN
      ],
      [
        NaN,
        NaN,
        NaN,
        NaN
      ]
    ],
    "ConstraintTrueActiveMask": [
      [
        0,
        0,
        0,
        0
      ],
      [
        1,
        1,
        1,
        0
      ],
      [
        0,
        0,
        0,
        0
      ],
      [
        1,
        0,
        1,
        0
      ],
      [
        0,
        0,
        0,
        0
      ]
    ],
    "ConstraintPredictedActiveMask": [
      [
        1,
        1,
        1,
        1
      ],
      [
        1,
        1,
        1,
        1
      ],
      [
        1,
        1,
        1,
        1
      ],
      [
        1,
        1,
        1,
        1
      ],
      [
        1,
        1,
        1,
        1
      ]
    ],
    "ConstraintTargetMatrix": [
      [
        NaN,
        NaN,
        NaN,
        NaN
      ],
      [
        0.0,
        0.12,
        0.047,
        NaN
      ],
      [
        NaN,
        NaN,
        NaN,
        NaN
      ],
      [
        0.0868,
        NaN,
        0.047,
        NaN
      ],
      [
        NaN,
        NaN,
        NaN,
        NaN
      ]
    ],
    "ConstraintSemanticsMatrix": [
      [
        "",
        "",
        "",
        ""
      ],
      [
        "target_value",
        "upper_bound",
        "upper_bound",
        ""
      ],
      [
        "",
        "",
        "",
        ""
      ],
      [
        "target_value",
        "",
        "upper_bound",
        ""
      ],
      [
        "",
        "",
        "",
        ""
      ]
    ],
    "ConstraintFeatureNames": [
      "surface_distance",
      "tool_normal_alignment_error",
      "speed",
      "angular_speed"
    ],
    "ConstraintFeatureScales": [
      0.3353399335792561,
      0.5614115188238009,
      0.03885278069884934,
      0.11425152491966827
    ],
    "ConstraintLearnedValueMatrix": [
      [
        0.2012239498851985,
        0.2267178409216674,
        0.0814479626024073,
        0.0902908298030261
      ],
      [
        0.0007581554249012773,
        0.11337455531826911,
        0.04694860505150192,
        0.12774335888656677
      ],
      [
        0.07284307775666067,
        0.42536928759167125,
        0.04694860505150192,
        0.08219386882685606
      ],
      [
        0.14728823400339247,
        0.7268378919477952,
        0.05970428476349453,
        0.06821345050984765
      ],
      [
        0.3403895225812369,
        0.7590208123147097,
        0.06379533280355114,
        0.05978470951204866
      ]
    ],
    "ConstraintLearnedValuePerDemo": []
  }
}
