{
  "ModelObjectiveFinal": -526.4242252158625,
  "TrainingLogLikelihoodFinal": -526.4242252158625
}
