{
  "scalar_metrics": {
    "MeanAbsCutpointError": 6.2,
    "MeanStageSubgoalError": 0.16917722966874857,
    "MeanConstraintError": 0.0029083175203317327,
    "MeanConstraintErrorRaw": 0.0024447276300208452
  },
  "all_metrics": {
    "MeanAbsCutpointError": 6.2,
    "MeanStageSubgoalError": 0.16917722966874857,
    "MeanConstraintError": 0.0029083175203317327,
    "MeanConstraintErrorRaw": 0.0024447276300208452,
    "ConstraintErrorMatrix": [
      [
        0.008584310684902228,
        NaN,
        NaN,
        NaN,
        NaN,
        NaN
      ],
      [
        NaN,
        0.0023809725935412494,
        NaN,
        NaN,
        NaN,
        NaN
      ],
      [
        NaN,
        0.00040660331641939027,
        0.00026138348646406246,
        NaN,
        NaN,
        NaN
      ]
    ],
    "ConstraintErrorMatrixRaw": [
      [
        0.008674833391005166,
        NaN,
        NaN,
        NaN,
        NaN,
        NaN
      ],
      [
        NaN,
        0.0006123122697833105,
        NaN,
        NaN,
        NaN,
        NaN
      ],
      [
        NaN,
        0.00010456575613408681,
        0.00038719910316081796,
        NaN,
        NaN,
        NaN
      ]
    ],
    "ConstraintTrueActiveMask": [
      [
        1,
        0,
        0,
        0,
        0,
        0
      ],
      [
        0,
        1,
        0,
        0,
        0,
        0
      ],
      [
        0,
        1,
        1,
        0,
        0,
        0
      ]
    ],
    "ConstraintPredictedActiveMask": [
      [
        1,
        0,
        0,
        0,
        0,
        0
      ],
      [
        0,
        1,
        0,
        0,
        0,
        0
      ],
      [
        0,
        1,
        1,
        0,
        0,
        0
      ]
    ],
    "ConstraintTargetMatrix": [
      [
        0.4,
        NaN,
        NaN,
        NaN,
        NaN,
        NaN
      ],
      [
        NaN,
        0.055,
        NaN,
        NaN,
        NaN,
        NaN
      ],
      [
        NaN,
        0.045,
        0.2,
        NaN,
        NaN,
        NaN
      ]
    ],
    "ConstraintSemanticsMatrix": [
      [
        "lower_bound",
        "",
        "",
        "",
        "",
        ""
      ],
      [
        "",
        "target_value",
        "",
        "",
        "",
        ""
      ],
      [
        "",
        "target_value",
        "target_value",
        "",
        "",
        ""
      ]
    ],
    "ConstraintFeatureNames": [
      "obs dist",
      "speed",
      "arc dist",
      "heading",
      "decoy dist",
      "noise"
    ],
    "ConstraintFeatureScales": [
      1.0105451339572489,
      0.257168970127712,
      1.4813449326840082,
      6.360162030552389,
      0.678684724801644,
      0.751738493119704
    ]
  },
  "objectives": {
    "ModelObjectiveFinal": 1180.707619047204,
    "SegmentationLogLikelihoodFinal": 1180.707619047204,
    "PosthocObjectiveFinal": -5999999045.2071495,
    "PosthocFeatureObjectiveFinal": -5999999045.2071495
  }
}
