{
  "ModelObjectiveFinal": 1180.707619047204,
  "SegmentationLogLikelihoodFinal": 1180.707619047204,
  "PosthocObjectiveFinal": -5999999045.2071495,
  "PosthocFeatureObjectiveFinal": -5999999045.2071495
}
