{
  "ModelObjectiveFinal": 1193.2219590935406,
  "SegmentationLogLikelihoodFinal": 1193.2219590935406,
  "PosthocObjectiveFinal": -5999999594.853067,
  "PosthocFeatureObjectiveFinal": -5999999594.853067
}
