{
  "scalar_metrics": {
    "MeanAbsCutpointError": 13.375,
    "MeanStageSubgoalError": 0.7364476287259649,
    "MeanConstraintError": 0.07710095813894127,
    "MeanConstraintErrorRaw": 0.011567989422698318
  },
  "all_metrics": {
    "MeanAbsCutpointError": 13.375,
    "MeanStageSubgoalError": 0.7364476287259649,
    "MeanConstraintError": 0.07710095813894127,
    "MeanConstraintErrorRaw": 0.011567989422698318,
    "ConstraintErrorMatrix": [
      [
        NaN,
        NaN,
        NaN,
        NaN
      ],
      [
        0.0007849687583091914,
        0.011801404958009572,
        0.001322812616591018,
        NaN
      ],
      [
        NaN,
        NaN,
        NaN,
        NaN
      ],
      [
        0.12298122610989448,
        NaN,
        0.2486143782519021,
        NaN
      ],
      [
        NaN,
        NaN,
        NaN,
        NaN
      ]
    ],
    "ConstraintErrorMatrixRaw": [
      [
        NaN,
        NaN,
        NaN,
        NaN
      ],
      [
        0.0002632313712731954,
        0.006625444681730888,
        5.1394948498081905e-05,
        NaN
      ],
      [
        NaN,
        NaN,
        NaN,
        NaN
      ],
      [
        0.041240516195187496,
        NaN,
        0.009659359916801932,
        NaN
      ],
      [
        NaN,
        NaN,
        NaN,
        NaN
      ]
    ],
    "ConstraintTrueActiveMask": [
      [
        0,
        0,
        0,
        0
      ],
      [
        1,
        1,
        1,
        0
      ],
      [
        0,
        0,
        0,
        0
      ],
      [
        1,
        0,
        1,
        0
      ],
      [
        0,
        0,
        0,
        0
      ]
    ],
    "ConstraintPredictedActiveMask": [
      [
        1,
        1,
        1,
        1
      ],
      [
        1,
        1,
        1,
        1
      ],
      [
        1,
        1,
        1,
        1
      ],
      [
        1,
        1,
        1,
        1
      ],
      [
        1,
        1,
        1,
        1
      ]
    ],
    "ConstraintTargetMatrix": [
      [
        NaN,
        NaN,
        NaN,
        NaN
      ],
      [
        0.0,
        0.12,
        0.047,
        NaN
      ],
      [
        NaN,
        NaN,
        NaN,
        NaN
      ],
      [
        0.0868,
        NaN,
        0.047,
        NaN
      ],
      [
        NaN,
        NaN,
        NaN,
        NaN
      ]
    ],
    "ConstraintSemanticsMatrix": [
      [
        "",
        "",
        "",
        ""
      ],
      [
        "target_value",
        "upper_bound",
        "upper_bound",
        ""
      ],
      [
        "",
        "",
        "",
        ""
      ],
      [
        "target_value",
        "",
        "upper_bound",
        ""
      ],
      [
        "",
        "",
        "",
        ""
      ]
    ],
    "ConstraintFeatureNames": [
      "surface_distance",
      "tool_normal_alignment_error",
      "speed",
      "angular_speed"
    ],
    "ConstraintFeatureScales": [
      0.3353399335792561,
      0.5614115188238009,
      0.03885278069884934,
      0.11425152491966827
    ],
    "ConstraintLearnedValueMatrix": [
      [
        0.22358834664771596,
        0.23848816137495035,
        0.08145441987230065,
        0.08803471612228674
      ],
      [
        0.0002632313712731954,
        0.11337455531826911,
        0.04694860505150192,
        0.13097075592395255
      ],
      [
        0.0016742695841617805,
        0.11337455531826911,
        0.04694860505150192,
        0.11627666802076593
      ],
      [
        0.045559483804812506,
        0.28799740470355456,
        0.03734064008319807,
        0.07501388901488318
      ],
      [
        0.10162804575749412,
        0.6550242952095846,
        0.059679042466237814,
        0.07644440044288744
      ]
    ],
    "ConstraintLearnedValuePerDemo": []
  }
}
