{
  "ModelObjectiveFinal": -524.5487270942169,
  "TrainingLogLikelihoodFinal": -524.5487270942169
}
