{
  "scalar_metrics": {
    "MeanAbsCutpointError": 0.0,
    "MeanStageSubgoalError": 0.06935459744175196,
    "MeanConstraintError": 0.005327237982773059,
    "MeanConstraintErrorRaw": 0.004798356879393506
  },
  "all_metrics": {
    "MeanAbsCutpointError": 0.0,
    "MeanStageSubgoalError": 0.06935459744175196,
    "MeanConstraintError": 0.005327237982773059,
    "MeanConstraintErrorRaw": 0.004798356879393506,
    "ConstraintErrorMatrix": [
      [
        0.017542839978736617,
        NaN,
        NaN,
        NaN,
        NaN,
        NaN
      ],
      [
        NaN,
        0.002378094507816683,
        NaN,
        NaN,
        NaN,
        NaN
      ],
      [
        NaN,
        0.0009819738492537321,
        0.00040604359528520544,
        NaN,
        NaN,
        NaN
      ]
    ],
    "ConstraintErrorMatrixRaw": [
      [
        0.017727831576302977,
        NaN,
        NaN,
        NaN,
        NaN,
        NaN
      ],
      [
        NaN,
        0.0006115721154415846,
        NaN,
        NaN,
        NaN,
        NaN
      ],
      [
        NaN,
        0.0002525332035049274,
        0.0006014906223245353,
        NaN,
        NaN,
        NaN
      ]
    ],
    "ConstraintTrueActiveMask": [
      [
        1,
        0,
        0,
        0,
        0,
        0
      ],
      [
        0,
        1,
        0,
        0,
        0,
        0
      ],
      [
        0,
        1,
        1,
        0,
        0,
        0
      ]
    ],
    "ConstraintPredictedActiveMask": [
      [
        1,
        1,
        1,
        1,
        1,
        1
      ],
      [
        1,
        1,
        1,
        1,
        1,
        1
      ],
      [
        1,
        1,
        1,
        1,
        1,
        1
      ]
    ],
    "ConstraintTargetMatrix": [
      [
        0.4,
        NaN,
        NaN,
        NaN,
        NaN,
        NaN
      ],
      [
        NaN,
        0.055,
        NaN,
        NaN,
        NaN,
        NaN
      ],
      [
        NaN,
        0.045,
        0.2,
        NaN,
        NaN,
        NaN
      ]
    ],
    "ConstraintSemanticsMatrix": [
      [
        "lower_bound",
        "",
        "",
        "",
        "",
        ""
      ],
      [
        "",
        "target_value",
        "",
        "",
        "",
        ""
      ],
      [
        "",
        "target_value",
        "target_value",
        "",
        "",
        ""
      ]
    ],
    "ConstraintFeatureNames": [
      "dist_main_obstacle",
      "speed",
      "terminal_arc_distance",
      "heading_angle",
      "decoy_line_distance",
      "noise_aux"
    ],
    "ConstraintFeatureScales": [
      1.0105451339572489,
      0.257168970127712,
      1.4813449326840082,
      6.360162030552389,
      0.678684724801644,
      0.751738493119704
    ],
    "ConstraintLearnedValueMatrix": [
      [
        0.38227216842369705,
        0.2701626212470925,
        1.3059725141999678,
        -0.034877771990921236,
        1.0570669942342379,
        0.04432206682696576
      ],
      [
        0.38227216842369705,
        0.055611572115441585,
        0.2651448620884604,
        0.15972693757877288,
        0.7361246718547306,
        0.03864153720547669
      ],
      [
        0.38227216842369705,
        0.04474746679649507,
        0.19939850937767548,
        -3.0938216472947855,
        0.8536725889953071,
        -0.01800762293003488
      ]
    ],
    "ConstraintLearnedValuePerDemo": []
  }
}
