{
  "ModelObjectiveFinal": 550.7561194682103,
  "SegmentationObjectiveFinal": 550.7561194682103,
  "PosthocObjectiveFinal": -9666667033.7118,
  "PosthocFeatureObjectiveFinal": -9666667033.7118
}
