{
  "scalar_metrics": {
    "MeanAbsCutpointError": 4.5,
    "MeanStageSubgoalError": 0.12475701169071227,
    "MeanConstraintError": 0.003111237270007813,
    "MeanConstraintErrorRaw": 0.0025840302804693693
  },
  "all_metrics": {
    "MeanAbsCutpointError": 4.5,
    "MeanStageSubgoalError": 0.12475701169071227,
    "MeanConstraintError": 0.003111237270007813,
    "MeanConstraintErrorRaw": 0.0025840302804693693,
    "ConstraintErrorMatrix": [
      [
        0.008933672545202328,
        NaN,
        NaN,
        NaN,
        NaN,
        NaN
      ],
      [
        NaN,
        7.875177696708336e-06,
        NaN,
        NaN,
        NaN,
        NaN
      ],
      [
        NaN,
        0.0031723619926490227,
        0.00033103936448319345,
        NaN,
        NaN,
        NaN
      ]
    ],
    "ConstraintErrorMatrixRaw": [
      [
        0.009027879318921683,
        NaN,
        NaN,
        NaN,
        NaN,
        NaN
      ],
      [
        NaN,
        2.02525133783521e-06,
        NaN,
        NaN,
        NaN,
        NaN
      ],
      [
        NaN,
        0.0008158330665218455,
        0.0004903834850961131,
        NaN,
        NaN,
        NaN
      ]
    ],
    "ConstraintTrueActiveMask": [
      [
        1,
        0,
        0,
        0,
        0,
        0
      ],
      [
        0,
        1,
        0,
        0,
        0,
        0
      ],
      [
        0,
        1,
        1,
        0,
        0,
        0
      ]
    ],
    "ConstraintPredictedActiveMask": [
      [
        1,
        0,
        0,
        0,
        0,
        0
      ],
      [
        0,
        1,
        0,
        0,
        0,
        0
      ],
      [
        0,
        1,
        1,
        0,
        0,
        0
      ]
    ],
    "ConstraintTargetMatrix": [
      [
        0.4,
        NaN,
        NaN,
        NaN,
        NaN,
        NaN
      ],
      [
        NaN,
        0.055,
        NaN,
        NaN,
        NaN,
        NaN
      ],
      [
        NaN,
        0.045,
        0.2,
        NaN,
        NaN,
        NaN
      ]
    ],
    "ConstraintSemanticsMatrix": [
      [
        "lower_bound",
        "",
        "",
        "",
        "",
        ""
      ],
      [
        "",
        "target_value",
        "",
        "",
        "",
        ""
      ],
      [
        "",
        "target_value",
        "target_value",
        "",
        "",
        ""
      ]
    ],
    "ConstraintFeatureNames": [
      "dist_main_obstacle",
      "speed",
      "terminal_arc_distance",
      "heading_angle",
      "decoy_line_distance",
      "noise_aux"
    ],
    "ConstraintFeatureScales": [
      1.0105451339572489,
      0.257168970127712,
      1.4813449326840082,
      6.360162030552389,
      0.678684724801644,
      0.751738493119704
    ]
  }
}
