{
  "methods": [
    "swcl"
  ],
  "datasets": [
    "S3ObsAvoid",
    "S4SlideInsert",
    "S5SphereInspect"
  ],
  "dataset_seed": 0,
  "method_seeds": [
    0
  ],
  "results": [
    {
      "method": "swcl",
      "dataset": "S3ObsAvoid",
      "dataset_seed": 0,
      "method_seed": 0,
      "metrics": {
        "MeanAbsCutpointError": 4.5,
        "MeanStageSubgoalError": 0.12475701169071227,
        "MeanConstraintError": 0.003111237270007813,
        "MeanConstraintErrorRaw": 0.0025840302804693693,
        "ConstraintErrorMatrix": [
          [
            0.008933672545202328,
            NaN,
            NaN,
            NaN,
            NaN,
            NaN
          ],
          [
            NaN,
            7.875177696708336e-06,
            NaN,
            NaN,
            NaN,
            NaN
          ],
          [
            NaN,
            0.0031723619926490227,
            0.00033103936448319345,
            NaN,
            NaN,
            NaN
          ]
        ],
        "ConstraintErrorMatrixRaw": [
          [
            0.009027879318921683,
            NaN,
            NaN,
            NaN,
            NaN,
            NaN
          ],
          [
            NaN,
            2.02525133783521e-06,
            NaN,
            NaN,
            NaN,
            NaN
          ],
          [
            NaN,
            0.0008158330665218455,
            0.0004903834850961131,
            NaN,
            NaN,
            NaN
          ]
        ],
        "ConstraintTrueActiveMask": [
          [
            1,
            0,
            0,
            0,
            0,
            0
          ],
          [
            0,
            1,
            0,
            0,
            0,
            0
          ],
          [
            0,
            1,
            1,
            0,
            0,
            0
          ]
        ],
        "ConstraintPredictedActiveMask": [
          [
            1,
            0,
            0,
            0,
            0,
            0
          ],
          [
            0,
            1,
            0,
            0,
            0,
            0
          ],
          [
            0,
            1,
            1,
            0,
            0,
            0
          ]
        ],
        "ConstraintTargetMatrix": [
          [
            0.4,
            NaN,
            NaN,
            NaN,
            NaN,
            NaN
          ],
          [
            NaN,
            0.055,
            NaN,
            NaN,
            NaN,
            NaN
          ],
          [
            NaN,
            0.045,
            0.2,
            NaN,
            NaN,
            NaN
          ]
        ],
        "ConstraintSemanticsMatrix": [
          [
            "lower_bound",
            "",
            "",
            "",
            "",
            ""
          ],
          [
            "",
            "target_value",
            "",
            "",
            "",
            ""
          ],
          [
            "",
            "target_value",
            "target_value",
            "",
            "",
            ""
          ]
        ],
        "ConstraintFeatureNames": [
          "obs_dist",
          "speed",
          "arc_dist",
          "heading",
          "line_dist",
          "noise"
        ],
        "ConstraintFeatureScales": [
          1.0105451339572489,
          0.257168970127712,
          1.4813449326840082,
          6.360162030552389,
          0.678684724801644,
          0.751738493119704
        ]
      },
      "objectives": {
        "ModelObjectiveFinal": -23.204713779380842,
        "TrainingTotalCostFinal": -23.204713779380842
      }
    },
    {
      "method": "swcl",
      "dataset": "S4SlideInsert",
      "dataset_seed": 0,
      "method_seed": 0,
      "metrics": {
        "MeanAbsCutpointError": 0.5,
        "MeanStageSubgoalError": 0.07363682997452212,
        "MeanConstraintError": 0.014599226205161936,
        "MeanConstraintErrorRaw": 0.004052758978016637,
        "ConstraintErrorMatrix": [
          [
            NaN,
            NaN,
            NaN,
            NaN,
            NaN,
            NaN
          ],
          [
            0.02600071187343167,
            0.0,
            NaN,
            0.00036868025016414637,
            NaN,
            NaN
          ],
          [
            0.060104903453620344,
            0.0,
            0.012253704226909141,
            0.007986659461555471,
            NaN,
            NaN
          ],
          [
            0.042621396615647844,
            0.0,
            0.008169136151273376,
            0.003086296224179306,
            NaN,
            NaN
          ]
        ],
        "ConstraintErrorMatrixRaw": [
          [
            NaN,
            NaN,
            NaN,
            NaN,
            NaN,
            NaN
          ],
          [
            0.0077865995422970735,
            0.0,
            NaN,
            3.3177988557815154e-05,
            NaN,
            NaN
          ],
          [
            0.017999999999999995,
            0.0,
            0.003000000000000058,
            0.0007187292948637111,
            NaN,
            NaN
          ],
          [
            0.012764102344389516,
            0.0,
            0.002000000000000189,
            0.00027773958807465055,
            NaN,
            NaN
          ]
        ],
        "ConstraintTrueActiveMask": [
          [
            0,
            0,
            0,
            0,
            0,
            0
          ],
          [
            1,
            1,
            0,
            1,
            0,
            0
          ],
          [
            1,
            1,
            1,
            1,
            0,
            0
          ],
          [
            1,
            1,
            1,
            1,
            0,
            0
          ]
        ],
        "ConstraintPredictedActiveMask": [
          [
            0,
            0,
            0,
            0,
            0,
            0
          ],
          [
            1,
            1,
            0,
            1,
            0,
            0
          ],
          [
            1,
            1,
            1,
            1,
            0,
            0
          ],
          [
            1,
            1,
            1,
            1,
            0,
            0
          ]
        ],
        "ConstraintTargetMatrix": [
          [
            NaN,
            NaN,
            NaN,
            NaN,
            NaN,
            NaN
          ],
          [
            0.0,
            0.4,
            NaN,
            0.007,
            NaN,
            NaN
          ],
          [
            0.0,
            0.72,
            0.06,
            0.045,
            NaN,
            NaN
          ],
          [
            0.0,
            1.0,
            0.04,
            0.018,
            NaN,
            NaN
          ]
        ],
        "ConstraintSemanticsMatrix": [
          [
            "",
            "",
            "",
            "",
            "",
            ""
          ],
          [
            "target_value",
            "lower_bound",
            "",
            "target_value",
            "",
            ""
          ],
          [
            "target_value",
            "lower_bound",
            "upper_bound",
            "target_value",
            "",
            ""
          ],
          [
            "target_value",
            "lower_bound",
            "upper_bound",
            "target_value",
            "",
            ""
          ]
        ],
        "ConstraintFeatureNames": [
          "surf_dist",
          "force",
          "orient_err",
          "speed",
          "start_dist",
          "insertion_err"
        ],