{
  "scalar_metrics": {
    "MeanAbsCutpointError": 0.0,
    "MeanStageSubgoalError": 0.07738985814113822,
    "MeanConstraintError": 0.012995952649037286,
    "MeanConstraintErrorRaw": 0.0036479834046953927
  },
  "all_metrics": {
    "MeanAbsCutpointError": 0.0,
    "MeanStageSubgoalError": 0.07738985814113822,
    "MeanConstraintError": 0.012995952649037286,
    "MeanConstraintErrorRaw": 0.0036479834046953927,
    "ConstraintErrorMatrix": [
      [
        NaN,
        NaN,
        NaN,
        NaN,
        NaN,
        NaN
      ],
      [
        0.023199610620479767,
        0.0003723518571666115,
        NaN,
        0.0013528693599042278,
        NaN,
        NaN
      ],
      [
        0.05380679176500716,
        0.0003723518571666674,
        0.011651478164489337,
        0.00908304357630717,
        NaN,
        NaN
      ],
      [
        0.034118110160904304,
        0.0003723518571666674,
        0.00756691008885357,
        0.0010596098319646814,
        NaN,
        NaN
      ]
    ],
    "ConstraintErrorMatrixRaw": [
      [
        NaN,
        NaN,
        NaN,
        NaN,
        NaN,
        NaN
      ],
      [
        0.006947735828090454,
        0.0003696770565963514,
        NaN,
        0.00012174637541104236,
        NaN,
        NaN
      ],
      [
        0.016113864196079845,
        0.00036967705659640693,
        0.0028525606499223907,
        0.0008173942480257171,
        NaN,
        NaN
      ],
      [
        0.010217568744123592,
        0.00036967705659640693,
        0.0018525606499225217,
        9.53555902845904e-05,
        NaN,
        NaN
      ]
    ],
    "ConstraintTrueActiveMask": [
      [
        0,
        0,
        0,
        0,
        0,
        0
      ],
      [
        1,
        1,
        0,
        1,
        0,
        0
      ],
      [
        1,
        1,
        1,
        1,
        0,
        0
      ],
      [
        1,
        1,
        1,
        1,
        0,
        0
      ]
    ],
    "ConstraintPredictedActiveMask": [
      [
        1,
        1,
        1,
        1,
        1,
        1
      ],
      [
        1,
        1,
        1,
        1,
        1,
        1
      ],
      [
        1,
        1,
        1,
        1,
        1,
        1
      ],
      [
        1,
        1,
        1,
        1,
        1,
        1
      ]
    ],
    "ConstraintTargetMatrix": [
      [
        NaN,
        NaN,
        NaN,
        NaN,
        NaN,
        NaN
      ],
      [
        0.0,
        0.4,
        NaN,
        0.007,
        NaN,
        NaN
      ],
      [
        0.0,
        0.72,
        0.06,
        0.045,
        NaN,
        NaN
      ],
      [
        0.0,
        1.0,
        0.04,
        0.018,
        NaN,
        NaN
      ]
    ],
    "ConstraintSemanticsMatrix": [
      [
        "",
        "",
        "",
        "",
        "",
        ""
      ],
      [
        "target_value",
        "lower_bound",
        "",
        "target_value",
        "",
        ""
      ],
      [
        "target_value",
        "lower_bound",
        "upper_bound",
        "target_value",
        "",
        ""
      ],
      [
        "target_value",
        "lower_bound",
        "upper_bound",
        "target_value",
        "",
        ""
      ]
    ],
    "ConstraintFeatureNames": [
      "surf dist",
      "force",
      "orient err",
      "speed",
      "noise",
      "start_dist"
    ],
    "ConstraintFeatureScales": [
      0.2994763981925303,
      0.9928164704464917,
      0.2448239278872144,
      0.08999122828804478,
      2.167415134128614,
      2.126581024569993
    ],
    "ConstraintLearnedValueMatrix": [
      [
        0.18470862033280394,
        0.006232524865319888,
        0.30531621098662465,
        0.07656764415502891,
        0.9863552101822911,
        2.2581444507409856
      ],
      [
        0.006947735828090454,
        0.39963032294340367,
        0.1260605388150779,
        0.006878253624588958,
        1.2772622057944958,
        1.5148279535774938
      ],
      [
        0.016113864196079845,
        0.7196303229434036,
        0.05714743935007761,
        0.045817394248025715,
        2.1398360258638918,
        1.1774037718105068
      ],
      [
        0.010217568744123592,
        0.9996303229434036,
        0.03814743935007748,
        0.01809535559028459,
        2.4597175383749907,
        0.09865825697517894
      ]
    ],
    "ConstraintLearnedValuePerDemo": []
  },
  "objectives": {
    "ModelObjectiveFinal": 188.04119556683918,
    "TrainingLogLikelihoodFinal": 188.04119556683918
  }
}
