{
  "scalar_metrics": {
    "MeanAbsCutpointError": 14.933333333333334,
    "MeanStageSubgoalError": 0.29964467975651754,
    "MeanConstraintError": 0.08086355362751865,
    "MeanConstraintErrorRaw": 0.036101060717247044
  },
  "all_metrics": {
    "MeanAbsCutpointError": 14.933333333333334,
    "MeanStageSubgoalError": 0.29964467975651754,
    "MeanConstraintError": 0.08086355362751865,
    "MeanConstraintErrorRaw": 0.036101060717247044,
    "ConstraintErrorMatrix": [
      [
        NaN,
        NaN,
        NaN,
        NaN
      ],
      [
        0.058439726503164556,
        0.3219430100707925,
        NaN,
        0.43078586900232213
      ],
      [
        0.013157855964949883,
        0.0008377916786248339,
        0.011651478164489337,
        0.008678077476123387
      ],
      [
        0.03503570877689369,
        0.0003723518571666674,
        0.00756691008885357,
        0.001030310319324596
      ]
    ],
    "ConstraintErrorMatrixRaw": [
      [
        NaN,
        NaN,
        NaN,
        NaN
      ],
      [
        0.017501318804524275,
        0.31963032294340354,
        NaN,
        0.03876694948065172
      ],
      [
        0.0039404673123192915,
        0.000831773377341749,
        0.0028525606499223907,
        0.0007809508512551591
      ],
      [
        0.010492367872626543,
        0.00036967705659640693,
        0.0018525606499225217,
        9.271889115386803e-05
      ]
    ],
    "ConstraintTrueActiveMask": [
      [
        0,
        0,
        0,
        0
      ],
      [
        1,
        1,
        0,
        1
      ],
      [
        1,
        1,
        1,
        1
      ],
      [
        1,
        1,
        1,
        1
      ]
    ],
    "ConstraintPredictedActiveMask": [
      [
        1,
        1,
        1,
        1
      ],
      [
        1,
        1,
        1,
        1
      ],
      [
        1,
        1,
        1,
        1
      ],
      [
        1,
        1,
        1,
        1
      ]
    ],
    "ConstraintTargetMatrix": [
      [
        NaN,
        NaN,
        NaN,
        NaN
      ],
      [
        0.0,
        0.4,
        NaN,
        0.007
      ],
      [
        0.0,
        0.72,
        0.06,
        0.045
      ],
      [
        0.0,
        1.0,
        0.04,
        0.018
      ]
    ],
    "ConstraintSemanticsMatrix": [
      [
        "",
        "",
        "",
        ""
      ],
      [
        "target_value",
        "lower_bound",
        "",
        "target_value"
      ],
      [
        "target_value",
        "lower_bound",
        "upper_bound",
        "target_value"
      ],
      [
        "target_value",
        "lower_bound",
        "upper_bound",
        "target_value"
      ]
    ],
    "ConstraintFeatureNames": [
      "surface_distance",
      "force",
      "orientation_error",
      "speed"
    ],
    "ConstraintFeatureScales": [
      0.2994763981925303,
      0.9928164704464917,
      0.2448239278872144,
      0.08999122828804478
    ],
    "ConstraintLearnedValueMatrix": [
      [
        0.11433858124108212,
        0.008830016272992292,
        0.28533068554089364,
        0.061747539153805146
      ],
      [
        0.017501318804524275,
        0.7196303229434036,
        0.05714743935007761,
        0.04576694948065172
      ],
      [
        0.0039404673123192915,
        0.7208317733773417,
        0.05714743935007761,
        0.04578095085125516
      ],
      [
        0.010492367872626543,
        0.9996303229434036,
        0.03814743935007748,
        0.018092718891153867
      ]
    ],
    "ConstraintLearnedValuePerDemo": []
  }
}
