{
  "scalar_metrics": {
    "MeanAbsCutpointError": 15.666666666666666,
    "MeanStageSubgoalError": 0.3235648634852465,
    "MeanConstraintError": 0.08023979731570746,
    "MeanConstraintErrorRaw": 0.036031339941029354
  },
  "all_metrics": {
    "MeanAbsCutpointError": 15.666666666666666,
    "MeanStageSubgoalError": 0.3235648634852465,
    "MeanConstraintError": 0.08023979731570746,
    "MeanConstraintErrorRaw": 0.036031339941029354,
    "ConstraintErrorMatrix": [
      [
        NaN,
        NaN,
        NaN,
        NaN
      ],
      [
        0.0551369503816625,
        0.3219430100707925,
        NaN,
        0.4320312863122147
      ],
      [
        0.015893554394797563,
        0.0008377916786248339,
        0.011651478164489337,
        0.0012592923923751844
      ],
      [
        0.03488927545825901,
        0.0003723518571666674,
        0.00756691008885357,
        0.0010558696735461096
      ]
    ],
    "ConstraintErrorMatrixRaw": [
      [
        NaN,
        NaN,
        NaN,
        NaN
      ],
      [
        0.016512215307620544,
        0.31963032294340354,
        NaN,
        0.03887902611410015
      ],
      [
        0.004759744424631035,
        0.000831773377341749,
        0.0028525606499223907,
        0.00011332526916363328
      ],
      [
        0.010448514549786451,
        0.00036967705659640693,
        0.0018525606499225217,
        9.501900883451125e-05
      ]
    ],
    "ConstraintTrueActiveMask": [
      [
        0,
        0,
        0,
        0
      ],
      [
        1,
        1,
        0,
        1
      ],
      [
        1,
        1,
        1,
        1
      ],
      [
        1,
        1,
        1,
        1
      ]
    ],
    "ConstraintPredictedActiveMask": [
      [
        1,
        1,
        1,
        1
      ],
      [
        1,
        1,
        1,
        1
      ],
      [
        1,
        1,
        1,
        1
      ],
      [
        1,
        1,
        1,
        1
      ]
    ],
    "ConstraintTargetMatrix": [
      [
        NaN,
        NaN,
        NaN,
        NaN
      ],
      [
        0.0,
        0.4,
        NaN,
        0.007
      ],
      [
        0.0,
        0.72,
        0.06,
        0.045
      ],
      [
        0.0,
        1.0,
        0.04,
        0.018
      ]
    ],
    "ConstraintSemanticsMatrix": [
      [
        "",
        "",
        "",
        ""
      ],
      [
        "target_value",
        "lower_bound",
        "",
        "target_value"
      ],
      [
        "target_value",
        "lower_bound",
        "upper_bound",
        "target_value"
      ],
      [
        "target_value",
        "lower_bound",
        "upper_bound",
        "target_value"
      ]
    ],
    "ConstraintFeatureNames": [
      "surface_distance",
      "force",
      "orientation_error",
      "speed"
    ],
    "ConstraintFeatureScales": [
      0.2994763981925303,
      0.9928164704464917,
      0.2448239278872144,
      0.08999122828804478
    ],
    "ConstraintLearnedValueMatrix": [
      [
        0.11966811943165562,
        0.008828079603568795,
        0.28757682411851315,
        0.06370928739175388
      ],
      [
        0.016512215307620544,
        0.7196303229434036,
        0.05714743935007761,
        0.04587902611410015
      ],
      [
        0.004759744424631035,
        0.7208317733773417,
        0.05714743935007761,
        0.04511332526916363
      ],
      [
        0.010448514549786451,
        0.9996303229434036,
        0.03814743935007748,
        0.01809501900883451
      ]
    ],
    "ConstraintLearnedValuePerDemo": []
  }
}
