{
  "ModelObjectiveFinal": 188.04119556683918,
  "TrainingLogLikelihoodFinal": 188.04119556683918
}
