{
  "scalar_metrics": {
    "MeanAbsCutpointError": 19.46666666666666,
    "MeanStageSubgoalError": 0.3687755947087166,
    "MeanConstraintError": 0.11470778308685328,
    "MeanConstraintErrorRaw": 0.06952819390093977
  },
  "all_metrics": {
    "MeanAbsCutpointError": 19.46666666666666,
    "MeanStageSubgoalError": 0.3687755947087166,
    "MeanConstraintError": 0.11470778308685328,
    "MeanConstraintErrorRaw": 0.06952819390093977,
    "ConstraintErrorMatrix": [
      [
        NaN,
        NaN,
        NaN,
        NaN,
        NaN
      ],
      [
        0.059241685868715595,
        0.3223153619279592,
        NaN,
        NaN,
        NaN
      ],
      [
        0.05803698961315969,
        0.2820259416869643,
        0.0898604976639994,
        0.29499086926989176,
        NaN
      ],
      [
        0.03195489296105922,
        0.0,
        0.008169136151273376,
        0.0004824557255102898,
        NaN
      ]
    ],
    "ConstraintErrorMatrixRaw": [
      [
        NaN,
        NaN,
        NaN,
        NaN,
        NaN
      ],
      [
        0.017741486706816266,
        0.31999999999999995,
        NaN,
        NaN,
        NaN
      ],
      [
        0.017380708611286357,
        0.28,
        0.022000000000000186,
        0.0265465906593556,
        NaN
      ],
      [
        0.009569736248605853,
        0.0,
        0.002000000000000189,
        4.341678333327076e-05,
        NaN
      ]
    ],
    "ConstraintTrueActiveMask": [
      [
        0,
        0,
        0,
        0,
        0
      ],
      [
        1,
        1,
        0,
        1,
        0
      ],
      [
        1,
        1,
        1,
        1,
        0
      ],
      [
        1,
        1,
        1,
        1,
        0
      ]
    ],
    "ConstraintPredictedActiveMask": [
      [
        0,
        0,
        0,
        0,
        0
      ],
      [
        1,
        1,
        0,
        0,
        0
      ],
      [
        1,
        1,
        1,
        1,
        0
      ],
      [
        1,
        1,
        1,
        1,
        0
      ]
    ],
    "ConstraintTargetMatrix": [
      [
        NaN,
        NaN,
        NaN,
        NaN,
        NaN
      ],
      [
        0.0,
        0.4,
        NaN,
        0.007,
        NaN
      ],
      [
        0.0,
        0.72,
        0.06,
        0.045,
        NaN
      ],
      [
        0.0,
        1.0,
        0.04,
        0.018,
        NaN
      ]
    ],
    "ConstraintSemanticsMatrix": [
      [
        "",
        "",
        "",
        "",
        ""
      ],
      [
        "target_value",
        "lower_bound",
        "",
        "target_value",
        ""
      ],
      [
        "target_value",
        "lower_bound",
        "upper_bound",
        "target_value",
        ""
      ],
      [
        "target_value",
        "lower_bound",
        "upper_bound",
        "target_value",
        ""
      ]
    ],
    "ConstraintFeatureNames": [
      "surface_distance",
      "force",
      "orientation_error",
      "speed",
      "noise_aux"
    ],
    "ConstraintFeatureScales": [
      0.2994763981925303,
      0.9928164704464917,
      0.2448239278872144,
      0.08999122828804478,
      0.8590315177063433
    ]
  }
}
