{
  "scalar_metrics": {
    "MeanAbsCutpointError": 19.6,
    "MeanStageSubgoalError": 0.3691832829802169,
    "MeanConstraintError": 0.11389922486623634,
    "MeanConstraintErrorRaw": 0.0692721323495604
  },
  "all_metrics": {
    "MeanAbsCutpointError": 19.6,
    "MeanStageSubgoalError": 0.3691832829802169,
    "MeanConstraintError": 0.11389922486623634,
    "MeanConstraintErrorRaw": 0.0692721323495604,
    "ConstraintErrorMatrix": [
      [
        NaN,
        NaN,
        NaN,
        NaN,
        NaN,
        NaN,
        NaN
      ],
      [
        0.059241685868715595,
        0.3223153619279592,
        NaN,
        NaN,
        NaN,
        NaN,
        NaN
      ],
      [
        0.05750977697951076,
        0.2820259416869643,
        0.0898604976639994,
        0.29499086926989176,
        NaN,
        NaN,
        NaN
      ],
      [
        0.023732159044924137,
        0.0,
        0.008169136151273376,
        0.001146820069124807,
        NaN,
        NaN,
        NaN
      ]
    ],
    "ConstraintErrorMatrixRaw": [
      [
        NaN,
        NaN,
        NaN,
        NaN,
        NaN,
        NaN,
        NaN
      ],
      [
        0.017741486706816266,
        0.31999999999999995,
        NaN,
        NaN,
        NaN,
        NaN,
        NaN
      ],
      [
        0.017222820870679577,
        0.28,
        0.022000000000000186,
        0.0265465906593556,
        NaN,
        NaN,
        NaN
      ],
      [
        0.00710722151210616,
        0.0,
        0.002000000000000189,
        0.0001032037466459218,
        NaN,
        NaN,
        NaN
      ]
    ],
    "ConstraintTrueActiveMask": [
      [
        0,
        0,
        0,
        0,
        0,
        0,
        0
      ],
      [
        1,
        1,
        0,
        1,
        0,
        0,
        0
      ],
      [
        1,
        1,
        1,
        1,
        0,
        0,
        0
      ],
      [
        1,
        1,
        1,
        1,
        0,
        0,
        0
      ]
    ],
    "ConstraintPredictedActiveMask": [
      [
        0,
        0,
        0,
        0,
        0,
        0,
        0
      ],
      [
        1,
        1,
        0,
        0,
        0,
        0,
        0
      ],
      [
        1,
        1,
        1,
        1,
        0,
        0,
        0
      ],
      [
        1,
        1,
        1,
        1,
        0,
        0,
        0
      ]
    ],
    "ConstraintTargetMatrix": [
      [
        NaN,
        NaN,
        NaN,
        NaN,
        NaN,
        NaN,
        NaN
      ],
      [
        0.0,
        0.4,
        NaN,
        0.007,
        NaN,
        NaN,
        NaN
      ],
      [
        0.0,
        0.72,
        0.06,
        0.045,
        NaN,
        NaN,
        NaN
      ],
      [
        0.0,
        1.0,
        0.04,
        0.018,
        NaN,
        NaN,
        NaN
      ]
    ],
    "ConstraintSemanticsMatrix": [
      [
        "",
        "",
        "",
        "",
        "",
        "",
        ""
      ],
      [
        "target_value",
        "lower_bound",
        "",
        "target_value",
        "",
        "",
        ""
      ],
      [
        "target_value",
        "lower_bound",
        "upper_bound",
        "target_value",
        "",
        "",
        ""
      ],
      [
        "target_value",
        "lower_bound",
        "upper_bound",
        "target_value",
        "",
        "",
        ""
      ]
    ],
    "ConstraintFeatureNames": [
      "surf dist",
      "force",
      "orient err",
      "speed",
      "noise",
      "start_dist",
      "slot_x_err"
    ],
    "ConstraintFeatureScales": [
      0.2994763981925303,
      0.9928164704464917,
      0.2448239278872144,
      0.08999122828804478,
      0.8590315177063433,
      2.167415134128614,
      2.126581024569993
    ]
  },
  "objectives": {
    "ModelObjectiveFinal": 1702.2539157551685,
    "SegmentationLogLikelihoodFinal": 1702.2539157551685,
    "PosthocObjectiveFinal": 702.4293740106743,
    "PosthocFeatureObjectiveFinal": 702.4293740106743
  }
}
