{
  "ModelObjectiveFinal": 1702.2539157551685,
  "SegmentationLogLikelihoodFinal": 1702.2539157551685,
  "PosthocObjectiveFinal": 702.4293740106743,
  "PosthocFeatureObjectiveFinal": 702.4293740106743
}
