{
  "ModelObjectiveFinal": 1399.992087205396,
  "SegmentationObjectiveFinal": 1399.992087205396,
  "PosthocObjectiveFinal": -15999999986.96497,
  "PosthocFeatureObjectiveFinal": -15999999986.96497
}
