{
  "ModelObjectiveFinal": 530.6649699680319,
  "SegmentationObjectiveFinal": 530.6649699680319,
  "PosthocObjectiveFinal": -5666666586.764114,
  "PosthocFeatureObjectiveFinal": -5666666586.764114
}
