{
  "scalar_metrics": {
    "MeanAbsCutpointError": 13.2,
    "MeanStageSubgoalError": 0.6045382044223403,
    "MeanConstraintError": 0.2622408323285001,
    "MeanConstraintErrorRaw": 0.09434719086314473
  },
  "all_metrics": {
    "MeanAbsCutpointError": 13.2,
    "MeanStageSubgoalError": 0.6045382044223403,
    "MeanConstraintError": 0.2622408323285001,
    "MeanConstraintErrorRaw": 0.09434719086314473,
    "ConstraintErrorMatrix": [
      [
        0.14248483952247062,
        NaN,
        NaN,
        NaN,
        NaN,
        NaN
      ],
      [
        NaN,
        0.9053771952394987,
        NaN,
        NaN,
        NaN,
        NaN
      ],
      [
        NaN,
        0.0008699041665637514,
        0.00023139038546705453,
        NaN,
        NaN,
        NaN
      ]
    ],
    "ConstraintErrorMatrixRaw": [
      [
        0.1439873612421122,
        NaN,
        NaN,
        NaN,
        NaN,
        NaN
      ],
      [
        NaN,
        0.2328349208768583,
        NaN,
        NaN,
        NaN,
        NaN
      ],
      [
        NaN,
        0.0002237123586250056,
        0.0003427689749834206,
        NaN,
        NaN,
        NaN
      ]
    ],
    "ConstraintTrueActiveMask": [
      [
        1,
        0,
        0,
        0,
        0,
        0
      ],
      [
        0,
        1,
        0,
        0,
        0,
        0
      ],
      [
        0,
        1,
        1,
        0,
        0,
        0
      ]
    ],
    "ConstraintPredictedActiveMask": [
      [
        1,
        0,
        0,
        0,
        0,
        0
      ],
      [
        0,
        1,
        0,
        0,
        0,
        0
      ],
      [
        0,
        1,
        1,
        0,
        0,
        0
      ]
    ],
    "ConstraintTargetMatrix": [
      [
        0.4,
        NaN,
        NaN,
        NaN,
        NaN,
        NaN
      ],
      [
        NaN,
        0.055,
        NaN,
        NaN,
        NaN,
        NaN
      ],
      [
        NaN,
        0.045,
        0.2,
        NaN,
        NaN,
        NaN
      ]
    ],
    "ConstraintSemanticsMatrix": [
      [
        "lower_bound",
        "",
        "",
        "",
        "",
        ""
      ],
      [
        "",
        "target_value",
        "",
        "",
        "",
        ""
      ],
      [
        "",
        "target_value",
        "target_value",
        "",
        "",
        ""
      ]
    ],
    "ConstraintFeatureNames": [
      "dist_main_obstacle",
      "speed",
      "terminal_arc_distance",
      "heading_angle",
      "decoy_line_distance",
      "noise_aux"
    ],
    "ConstraintFeatureScales": [
      1.0105451339572489,
      0.257168970127712,
      1.4813449326840082,
      6.360162030552389,
      0.678684724801644,
      0.751738493119704
    ]
  }
}
