{
  "ModelObjectiveFinal": 1202.9185470959617,
  "SegmentationLogLikelihoodFinal": 1202.9185470959617,
  "PosthocObjectiveFinal": -11999999081.287916,
  "PosthocFeatureObjectiveFinal": -11999999081.287916
}
