{
  "methods": [
    "cluster"
  ],
  "datasets": [
    "S3ObsAvoid"
  ],
  "dataset_seed": 0,
  "method_seeds": [
    0
  ],
  "results": [
    {
      "method": "cluster",
      "dataset": "S3ObsAvoid",
      "dataset_seed": 0,
      "method_seed": 0,
      "metrics": {
        "MeanAbsCutpointError": 9.7,
        "MeanStageSubgoalError": 0.17800209532489988,
        "MeanConstraintError": 0.008604277624883827,
        "MeanConstraintErrorRaw": 0.003976972738419729,
        "ConstraintErrorMatrix": [
          [
            0.008584310684902228,
            NaN,
            NaN,
            NaN,
            NaN,
            NaN
          ],
          [
            NaN,
            0.02278644387750494,
            NaN,
            NaN,
            NaN,
            NaN
          ],
          [
            NaN,
            0.0025646743350830497,
            0.0004816816020450922,
            NaN,
            NaN,
            NaN
          ]
        ],
        "ConstraintErrorMatrixRaw": [
          [
            0.008674833391005166,
            NaN,
            NaN,
            NaN,
            NaN,
            NaN
          ],
          [
            NaN,
            0.005859966304850854,
            NaN,
            NaN,
            NaN,
            NaN
          ],
          [
            NaN,
            0.0006595546574662825,
            0.0007135366003566124,
            NaN,
            NaN,
            NaN
          ]
        ],
        "ConstraintTrueActiveMask": [
          [
            1,
            0,
            0,
            0,
            0,
            0
          ],
          [
            0,
            1,
            0,
            0,
            0,
            0
          ],
          [
            0,
            1,
            1,
            0,
            0,
            0
          ]
        ],
        "ConstraintPredictedActiveMask": [
          [
            1,
            0,
            0,
            0,
            0,
            0
          ],
          [
            0,
            1,
            0,
            0,
            0,
            0
          ],
          [
            0,
            1,
            1,
            0,
            0,
            0
          ]
        ],
        "ConstraintTargetMatrix": [
          [
            0.4,
            NaN,
            NaN,
            NaN,
            NaN,
            NaN
          ],
          [
            NaN,
            0.055,
            NaN,
            NaN,
            NaN,
            NaN
          ],
          [
            NaN,
            0.045,
            0.2,
            NaN,
            NaN,
            NaN
          ]
        ],
        "ConstraintSemanticsMatrix": [
          [
            "lower_bound",
            "",
            "",
            "",
            "",
            ""
          ],
          [
            "",
            "target_value",
            "",
            "",
            "",
            ""
          ],
          [
            "",
            "target_value",
            "target_value",
            "",
            "",
            ""
          ]
        ],
        "ConstraintFeatureNames": [
          "dist_main_obstacle",
          "speed",
          "terminal_arc_distance",
          "heading_angle",
          "decoy_line_distance",
          "noise_aux"
        ],
        "ConstraintFeatureScales": [
          1.0105451339572489,
          0.257168970127712,
          1.4813449326840082,
          6.360162030552389,
          0.678684724801644,
          0.751738493119704
        ]
      },
      "objectives": {
        "ModelObjectiveFinal": 2414.6172040953716,
        "SegmentationObjectiveFinal": 2414.6172040953716,
        "PosthocObjectiveFinal": -5999998919.940501,
        "PosthocFeatureObjectiveFinal": -5999998919.940501
      }
    }
  ]
}
