{
  "scalar_metrics": {
    "MeanAbsCutpointError": 20.73333333333333,
    "MeanStageSubgoalError": 0.40528556922536485,
    "MeanConstraintError": 0.11330622863145964,
    "MeanConstraintErrorRaw": 0.06885426975881634
  },
  "all_metrics": {
    "MeanAbsCutpointError": 20.73333333333333,
    "MeanStageSubgoalError": 0.40528556922536485,
    "MeanConstraintError": 0.11330622863145964,
    "MeanConstraintErrorRaw": 0.06885426975881634,
    "ConstraintErrorMatrix": [
      [
        NaN,
        NaN,
        NaN,
        NaN,
        NaN
      ],
      [
        0.059886908351611895,
        0.3223153619279592,
        NaN,
        NaN,
        NaN
      ],
      [
        0.015667834011418417,
        0.2820259416869643,
        0.0898604976639994,
        0.3004694233322448,
        NaN
      ],
      [
        0.04752916902209206,
        0.0,
        0.008169136151273376,
        0.007138014167032876,
        NaN
      ]
    ],
    "ConstraintErrorMatrixRaw": [
      [
        NaN,
        NaN,
        NaN,
        NaN,
        NaN
      ],
      [
        0.01793471561202689,
        0.31999999999999995,
        NaN,
        NaN,
        NaN
      ],
      [
        0.004692146497218011,
        0.28,
        0.022000000000000186,
        0.02703961246866921,
        NaN
      ],
      [
        0.014233864347820119,
        0.0,
        0.002000000000000189,
        0.0006423586624287533,
        NaN
      ]
    ],
    "ConstraintTrueActiveMask": [
      [
        0,
        0,
        0,
        0,
        0
      ],
      [
        1,
        1,
        0,
        1,
        0
      ],
      [
        1,
        1,
        1,
        1,
        0
      ],
      [
        1,
        1,
        1,
        1,
        0
      ]
    ],
    "ConstraintPredictedActiveMask": [
      [
        0,
        0,
        0,
        0,
        0
      ],
      [
        1,
        1,
        0,
        0,
        0
      ],
      [
        1,
        1,
        1,
        1,
        0
      ],
      [
        1,
        1,
        1,
        1,
        0
      ]
    ],
    "ConstraintTargetMatrix": [
      [
        NaN,
        NaN,
        NaN,
        NaN,
        NaN
      ],
      [
        0.0,
        0.4,
        NaN,
        0.007,
        NaN
      ],
      [
        0.0,
        0.72,
        0.06,
        0.045,
        NaN
      ],
      [
        0.0,
        1.0,
        0.04,
        0.018,
        NaN
      ]
    ],
    "ConstraintSemanticsMatrix": [
      [
        "",
        "",
        "",
        "",
        ""
      ],
      [
        "target_value",
        "lower_bound",
        "",
        "target_value",
        ""
      ],
      [
        "target_value",
        "lower_bound",
        "upper_bound",
        "target_value",
        ""
      ],
      [
        "target_value",
        "lower_bound",
        "upper_bound",
        "target_value",
        ""
      ]
    ],
    "ConstraintFeatureNames": [
      "surface_distance",
      "force",
      "orientation_error",
      "speed",
      "noise_aux"
    ],
    "ConstraintFeatureScales": [
      0.2994763981925303,
      0.9928164704464917,
      0.2448239278872144,
      0.08999122828804478,
      0.8590315177063433
    ]
  }
}
