{
  "ModelObjectiveFinal": 1709.6864850952454,
  "SegmentationLogLikelihoodFinal": 1709.6864850952454,
  "PosthocObjectiveFinal": -499999362.80357194,
  "PosthocFeatureObjectiveFinal": -499999362.80357194
}
