method,dataset,dataset_seed,method_seed,ConstraintErrorMatrix,ConstraintErrorMatrixRaw,ConstraintFeatureNames,ConstraintFeatureScales,ConstraintLearnedRawValueMatrix,ConstraintLearnedValueMatrix,ConstraintLearnedValuePerDemo,ConstraintPredictedActiveMask,ConstraintSemanticsMatrix,ConstraintTargetMatrix,ConstraintTrueActiveMask,MeanAbsCutpointError,MeanConstraintError,MeanConstraintErrorRaw,MeanStageSubgoalError,ModelObjectiveFinal,PosthocFeatureObjectiveFinal,PosthocObjectiveFinal,SegmentationLogLikelihoodFinal,SegmentationObjectiveFinal,TrainingLogLikelihoodFinal,TrainingTotalCostFinal
arhsmm,S3ObsAvoid,0,0,"[[0.005249171714233969, nan, nan, nan, nan, nan], [nan, 0.048523958313510106, nan, nan, nan, nan], [nan, 0.006739614372399668, 0.0002940282578561796, nan, nan, nan]]","[[0.005306385530202684, nan, nan, nan, nan, nan], [nan, 0.01181069021560733, nan, nan, nan, nan], [nan, 0.001640416410606492, 0.0004274707786298959, nan, nan, nan]]","['obs_dist', 'speed', 'arc_dist', 'heading', 'line_dist', 'noise']","[1.0108995893225536, 0.24339915015381136, 1.4538425039371152, 6.387025952852821, 0.7053944830250763, 0.7518907301580552]","[[0.39469361446979734, 0.0850436913081423, 0.4029400435323084, -2.06720148757222, 0.8788553249746032, 0.0010656367376668517], [1.0759495368040901, 0.04318930978439267, 0.4029400435323084, -2.06720148757222, 0.8788553249746032, 0.0010656367376668517], [1.0759495368040901, 0.043359583589393506, 0.19957252922137012, -2.06720148757222, 0.8788553249746032, 0.0010656367376668517]]","[[0.39469361446979734, nan, nan, nan, nan, nan], [nan, 0.04318930978439267, nan, nan, nan, nan], [nan, 0.043359583589393506, 0.19957252922137012, nan, nan, nan]]",[],"[[1, 0, 0, 0, 0, 0], [0, 1, 0, 0, 0, 0], [0, 1, 1, 0, 0, 0]]","[['lower_bound', '', '', '', '', ''], ['', 'target_value', '', '', '', ''], ['', 'target_value', 'target_value', '', '', '']]","[[0.4, nan, nan, nan, nan, nan], [nan, 0.055, nan, nan, nan, nan], [nan, 0.045, 0.2, nan, nan, nan]]","[[1, 0, 0, 0, 0, 0], [0, 1, 0, 0, 0, 0], [0, 1, 1, 0, 0, 0]]",26.35,0.015201693164499982,0.0047962407337616,0.2306352967168542,1196.9000200486098,-4999999460.357618,-4999999460.357618,1196.9000200486098,,,
arhsmm,S3ObsAvoid,0,1,"[[0.014710851861884191, nan, nan, nan, nan, nan], [nan, 0.04569596107862972, nan, nan, nan, nan], [nan, 0.008102679600960174, 0.0003376572215318369, nan, nan, nan]]","[[0.014871194105763652, nan, nan, nan, nan, nan], [nan, 0.011122358092000115, nan, nan, nan, nan], [nan, 0.0019721853288423297, 0.000490900420424295, nan, nan, nan]]","['obs_dist', 'speed', 'arc_dist', 'heading', 'line_dist', 'noise']","[1.0108995893225536, 0.24339915015381136, 1.4538425039371152, 6.387025952852821, 0.7053944830250763, 0.7518907301580552]","[[0.38512880589423637, 0.0850436913081423, 0.4029400435323084, -2.06720148757222, 0.8788553249746032, 0.0010656367376668517], [1.0759495368040901, 0.043877641907999886, 0.4029400435323084, -2.06720148757222, 0.8788553249746032, 0.0010656367376668517], [1.0759495368040901, 0.04302781467115767, 0.19950909957957572, -2.06720148757222, 0.8788553249746032, 0.0010656367376668517]]","[[0.38512880589423637, nan, nan, nan, nan, nan], [nan, 0.043877641907999886, nan, nan, nan, nan], [nan, 0.04302781467115767, 0.19950909957957572, nan, nan, nan]]",[],"[[1, 0, 0, 0, 0, 0], [0, 1, 0, 0, 0, 0], [0, 1, 1, 0, 0, 0]]","[['lower_bound', '', '', '', '', ''], ['', 'target_value', '', '', '', ''], ['', 'target_value', 'target_value', '', '', '']]","[[0.4, nan, nan, nan, nan, nan], [nan, 0.055, nan, nan, nan, nan], [nan, 0.045, 0.2, nan, nan, nan]]","[[1, 0, 0, 0, 0, 0], [0, 1, 0, 0, 0, 0], [0, 1, 1, 0, 0, 0]]",52.15,0.017211787440751483,0.007114159486757598,0.16565567365497244,754.3245646617208,-1000000874.6092489,-1000000874.6092489,754.3245646617208,,,
arhsmm,S3ObsAvoid,0,2,"[[0.010160193026095648, nan, nan, nan, nan, nan], [nan, 0.045094425769917124, nan, nan, nan, nan], [nan, 0.008404916000126796, 0.0003708056900886457, nan, nan, nan]]","[[0.010270934957517963, nan, nan, nan, nan, nan], [nan, 0.010975944909071958, nan, nan, nan, nan], [nan, 0.0020457494115450336, 0.0005390930729526067, nan, nan, nan]]","['obs_dist', 'speed', 'arc_dist', 'heading', 'line_dist', 'noise']","[1.0108995893225536, 0.24339915015381136, 1.4538425039371152, 6.387025952852821, 0.7053944830250763, 0.7518907301580552]","[[0.38972906504248206, 0.0850436913081423, 0.4029400435323084, -2.06720148757222, 0.8788553249746032, 0.0010656367376668517], [1.0759495368040901, 0.04402405509092804, 0.4029400435323084, -2.06720148757222, 0.8788553249746032, 0.0010656367376668517], [1.0759495368040901, 0.042954250588454965, 0.1994609069270474, -2.06720148757222, 0.8788553249746032, 0.0010656367376668517]]","[[0.38972906504248206, nan, nan, nan, nan, nan], [nan, 0.04402405509092804, nan, nan, nan, nan], [nan, 0.042954250588454965, 0.1994609069270474, nan, nan, nan]]",[],"[[1, 0, 0, 0, 0, 0], [0, 1, 0, 0, 0, 0], [0, 1, 1, 0, 0, 0]]","[['lower_bound', '', '', '', '', ''], ['', 'target_value', '', '', '', ''], ['', 'target_value', 'target_value', '', '', '']]","[[0.4, nan, nan, nan, nan, nan], [nan, 0.055, nan, nan, nan, nan], [nan, 0.045, 0.2, nan, nan, nan]]","[[1, 0, 0, 0, 0, 0], [0, 1, 0, 0, 0, 0], [0, 1, 1, 0, 0, 0]]",37.2,0.016007585121557054,0.00595793058777189,0.24250023166873685,1068.8045149732388,-2999999956.7165895,-2999999956.7165895,1068.8045149732388,,,
arhsmm,S3ObsAvoid,0,3,"[[0.004802669905712365, nan, nan, nan, nan, nan], [nan, 0.1808267724857615, nan, nan, nan, nan], [nan, 0.005155573204080662, 0.00022105346557390687, nan, nan, nan]]","[[0.0048550170353364175, nan, nan, nan, nan, nan], [nan, 0.04401308274809095, nan, nan, nan, nan], [nan, 0.0012548621364289955, 0.0003213769238939457, nan, nan, nan]]","['obs_dist', 'speed', 'arc_dist', 'heading', 'line_dist', 'noise']","[1.0108995893225536, 0.24339915015381136, 1.4538425039371152, 6.387025952852821, 0.7053944830250763, 0.7518907301580552]","[[0.3951449829646636, 0.0850436913081423, 0.4029400435323084, -2.06720148757222, 0.8788553249746032, 0.0010656367376668517], [1.0759495368040901, 0.09901308274809095, 0.4029400435323084, -2.06720148757222, 0.8788553249746032, 0.0010656367376668517], [1.0759495368040901, 0.043745137863571, 0.19967862307610607, -2.06720148757222, 0.8788553249746032, 0.0010656367376668517]]","[[0.3951449829646636, nan, nan, nan, nan, nan], [nan, 0.09901308274809095, nan, nan, nan, nan], [nan, 0.043745137863571, 0.19967862307610607, nan, nan, nan]]",[],"[[1, 0, 0, 0, 0, 0], [0, 1, 0, 0, 0, 0], [0, 1, 1, 0, 0, 0]]","[['lower_bound', '', '', '', '', ''], ['', 'target_value', '', '', '', ''], ['', 'target_value', 'target_value', '', '', '']]","[[0.4, nan, nan, nan, nan, nan], [nan, 0.055, nan, nan, nan, nan], [nan, 0.045, 0.2, nan, nan, nan]]","[[1, 0, 0, 0, 0, 0], [0, 1, 0, 0, 0, 0], [0, 1, 1, 0, 0, 0]]",5.95,0.047751517265282116,0.012611084710937578,0.14813114538391892,1111.3035847619703,-5999999272.686973,-5999999272.686973,1111.3035847619703,,,
arhsmm,S3ObsAvoid,0,4,"[[0.005249171714233969, nan, nan, nan, nan, nan], [nan, 0.04714447769265741, nan, nan, nan, nan], [nan, 0.008282229447276714, 0.0003831107105683009, nan, nan, nan]]","[[0.005306385530202684, nan, nan, nan, nan, nan], [nan, 0.01147492580483813, nan, nan, nan, nan], [nan, 0.002015887608846023, 0.000556982634737746, nan, nan, nan]]","['obs_dist', 'speed', 'arc_dist', 'heading', 'line_dist', 'noise']","[1.0108995893225536, 0.24339915015381136, 1.4538425039371152, 6.387025952852821, 0.7053944830250763, 0.7518907301580552]","[[0.39469361446979734, 0.0850436913081423, 0.4029400435323084, -2.06720148757222, 0.8788553249746032, 0.0010656367376668517], [1.0759495368040901, 0.04352507419516187, 0.4029400435323084, -2.06720148757222, 0.8788553249746032, 0.0010656367376668517], [1.0759495368040901, 0.042984112391153975, 0.19944301736526227, -2.06720148757222, 0.8788553249746032, 0.0010656367376668517]]","[[0.39469361446979734, nan, nan, nan, nan, nan], [nan, 0.04352507419516187, nan, nan, nan, nan], [nan, 0.042984112391153975, 0.19944301736526227, nan, nan, nan]]",[],"[[1, 0, 0, 0, 0, 0], [0, 1, 0, 0, 0, 0], [0, 1, 1, 0, 0, 0]]","[['lower_bound', '', '', '', '', ''], ['', 'target_value', '', '', '', ''], ['', 'target_value', 'target_value', '', '', '']]","[[0.4, nan, nan, nan, nan, nan], [nan, 0.055, nan, nan, nan, nan], [nan, 0.045, 0.2, nan, nan, nan]]","[[1, 0, 0, 0, 0, 0], [0, 1, 0, 0, 0, 0], [0, 1, 1, 0, 0, 0]]",31.3,0.015264747391184096,0.004838545394656146,0.17851146017476047,1177.8443177270506,-4999999549.949433,-4999999549.949433,1177.8443177270506,,,
arhsmm,S3ObsAvoid,0,5,"[[0.004802669905712365, nan, nan, nan, nan, nan], [nan, 0.003478524769392802, nan, nan, nan, nan], [nan, 0.00682473025186461, 0.0002860764747618473, nan, nan, nan]]","[[0.0048550170353364175, nan, nan, nan, nan, nan], [nan, 0.0008466699726591906, nan, nan, nan, nan], [nan, 0.001661133543332853, 0.000415910138385267, nan, nan, nan]]","['obs_dist', 'speed', 'arc_dist', 'heading', 'line_dist', 'noise']","[1.0108995893225536, 0.24339915015381136, 1.4538425039371152, 6.387025952852821, 0.7053944830250763, 0.7518907301580552]","[[0.3951449829646636, 0.0850436913081423, 0.4029400435323084, -2.06720148757222, 0.8788553249746032, 0.0010656367376668517], [1.0759495368040901, 0.05415333002734081, 0.4029400435323084, -2.06720148757222, 0.8788553249746032, 0.0010656367376668517], [1.0759495368040901, 0.043338866456667145, 0.19958408986161474, -2.06720148757222, 0.8788553249746032, 0.0010656367376668517]]","[[0.3951449829646636, nan, nan, nan, nan, nan], [nan, 0.05415333002734081, nan, nan, nan, nan], [nan, 0.043338866456667145, 0.19958408986161474, nan, nan, nan]]",[],"[[1, 0, 0, 0, 0, 0], [0, 1, 0, 0, 0, 0], [0, 1, 1, 0, 0, 0]]","[['lower_bound', '', '', '', '', ''], ['', 'target_value', '', '', '', ''], ['', 'target_value', 'target_value', '', '', '']]","[[0.4, nan, nan, nan, nan, nan], [nan, 0.055, nan, nan, nan, nan], [nan, 0.045, 0.2, nan, nan, nan]]","[[1, 0, 0, 0, 0, 0], [0, 1, 0, 0, 0, 0], [0, 1, 1, 0, 0, 0]]",0.0,0.003848000350432906,0.001944682672428432,0.06596144777425623,1312.1824133470568,-5999999413.654017,-5999999413.654017,1312.1824133470568,,,
arhsmm,S3ObsAvoid,0,6,"[[0.010160193026095648, nan, nan, nan, nan, nan], [nan, 0.0460439709475761, nan, nan, nan, nan], [nan, 0.008730687087469735, 0.0001911730648029999, nan, nan, nan]]","[[0.010270934957517963, nan, nan, nan, nan, nan], [nan, 0.011207063398346803, nan, nan, nan, nan], [nan, 0.0021250418173489882, 0.00027793552721852577, nan, nan, nan]]","['obs_dist', 'speed', 'arc_dist', 'heading', 'line_dist', 'noise']","[1.0108995893225536, 0.24339915015381136, 1.4538425039371152, 6.387025952852821, 0.7053944830250763, 0.7518907301580552]","[[0.38972906504248206, 0.0850436913081423, 0.4029400435323084, -2.06720148757222, 0.8788553249746032, 0.0010656367376668517], [1.0759495368040901, 0.0437929366016532, 0.4029400435323084, -2.06720148757222, 0.8788553249746032, 0.0010656367376668517], [1.0759495368040901, 0.04287495818265101, 0.19972206447278149, -2.06720148757222, 0.8788553249746032, 0.0010656367376668517]]","[[0.38972906504248206, nan, nan, nan, nan, nan], [nan, 0.0437929366016532, nan, nan, nan, nan], [nan, 0.04287495818265101, 0.19972206447278149, nan, nan, nan]]",[],"[[1, 0, 0, 0, 0, 0], [0, 1, 0, 0, 0, 0], [0, 1, 1, 0, 0, 0]]","[['lower_bound', '', '', '', '', ''], ['', 'target_value', '', '', '', ''], ['', 'target_value', 'target_value', '', '', '']]","[[0.4, nan, nan, nan, nan, nan], [nan, 0.055, nan, nan, nan, nan], [nan, 0.045, 0.2, nan, nan, nan]]","[[1, 0, 0, 0, 0, 0], [0, 1, 0, 0, 0, 0], [0, 1, 1, 0, 0, 0]]",40.25,0.01628150603148612,0.00597024392510807,0.20275707541862448,1033.0569123180655,-3000000054.222044,-3000000054.222044,1033.0569123180655,,,
arhsmm,S3ObsAvoid,0,7,"[[0.004802669905712365, nan, nan, nan, nan, nan], [nan, 0.03748158759338076, nan, nan, nan, nan], [nan, 0.005981714417981039, 0.00024836005615822275, nan, nan, nan]]","[[0.0048550170353364175, nan, nan, nan, nan, nan], [nan, 0.009122986566644516, nan, nan, nan, nan], [nan, 0.0014559442057993852, 0.00036107640592303314, nan, nan, nan]]","['obs_dist', 'speed', 'arc_dist', 'heading', 'line_dist', 'noise']","[1.0108995893225536, 0.24339915015381136, 1.4538425039371152, 6.387025952852821, 0.7053944830250763, 0.7518907301580552]","[[0.3951449829646636, 0.0850436913081423, 0.4029400435323084, -2.06720148757222, 0.8788553249746032, 0.0010656367376668517], [1.0759495368040901, 0.045877013433355485, 0.4029400435323084, -2.06720148757222, 0.8788553249746032, 0.0010656367376668517], [1.0759495368040901, 0.04354405579420061, 0.19963892359407698, -2.06720148757222, 0.8788553249746032, 0.0010656367376668517]]","[[0.3951449829646636, nan, nan, nan, nan, nan], [nan, 0.045877013433355485, nan, nan, nan, nan], [nan, 0.04354405579420061, 0.19963892359407698, nan, nan, nan]]",[],"[[1, 0, 0, 0, 0, 0], [0, 1, 0, 0, 0, 0], [0, 1, 1, 0, 0, 0]]","[['lower_bound', '', '', '', '', ''], ['', 'target_value', '', '', '', ''], ['', 'target_value', 'target_value', '', '', '']]","[[0.4, nan, nan, nan, nan, nan], [nan, 0.055, nan, nan, nan, nan], [nan, 0.045, 0.2, nan, nan, nan]]","[[1, 0, 0, 0, 0, 0], [0, 1, 0, 0, 0, 0], [0, 1, 1, 0, 0, 0]]",17.55,0.012128582993308094,0.003948756053425838,0.18486876789758247,1267.2517124448334,-5999999055.557216,-5999999055.557216,1267.2517124448334,,,
arhsmm,S3ObsAvoid,0,8,"[[0.005249171714233969, nan, nan, nan, nan, nan], [nan, 0.04714447769265741, nan, nan, nan, nan], [nan, 0.008282229447276714, 0.0003831107105683009, nan, nan, nan]]","[[0.005306385530202684, nan, nan, nan, nan, nan], [nan, 0.01147492580483813, nan, nan, nan, nan], [nan, 0.002015887608846023, 0.000556982634737746, nan, nan, nan]]","['obs_dist', 'speed', 'arc_dist', 'heading', 'line_dist', 'noise']","[1.0108995893225536, 0.24339915015381136, 1.4538425039371152, 6.387025952852821, 0.7053944830250763, 0.7518907301580552]","[[0.39469361446979734, 0.0850436913081423, 0.4029400435323084, -2.06720148757222, 0.8788553249746032, 0.0010656367376668517], [1.0759495368040901, 0.04352507419516187, 0.4029400435323084, -2.06720148757222, 0.8788553249746032, 0.0010656367376668517], [1.0759495368040901, 0.042984112391153975, 0.19944301736526227, -2.06720148757222, 0.8788553249746032, 0.0010656367376668517]]","[[0.39469361446979734, nan, nan, nan, nan, nan], [nan, 0.04352507419516187, nan, nan, nan, nan], [nan, 0.042984112391153975, 0.19944301736526227, nan, nan, nan]]",[],"[[1, 0, 0, 0, 0, 0], [0, 1, 0, 0, 0, 0], [0, 1, 1, 0, 0, 0]]","[['lower_bound', '', '', '', '', ''], ['', 'target_value', '', '', '', ''], ['', 'target_value', 'target_value', '', '', '']]","[[0.4, nan, nan, nan, nan, nan], [nan, 0.055, nan, nan, nan, nan], [nan, 0.045, 0.2, nan, nan, nan]]","[[1, 0, 0, 0, 0, 0], [0, 1, 0, 0, 0, 0], [0, 1, 1, 0, 0, 0]]",31.3,0.015264747391184096,0.004838545394656146,0.17851146017476047,1177.8443177270506,-4999999549.949433,-4999999549.949433,1177.8443177270506,,,
arhsmm,S3ObsAvoid,0,9,"[[0.07874442653800386, nan, nan, nan, nan, nan], [nan, 0.8340692278169087, nan, nan, nan, nan], [nan, 0.0029788803755539067, 0.00022404551232539432, nan, nan, nan]]","[[0.07960270844870809, nan, nan, nan, nan, nan], [nan, 0.20301174122008125, nan, nan, nan, nan], [nan, 0.0007250569518196873, 0.0003257268886350251, nan, nan, nan]]","['obs_dist', 'speed', 'arc_dist', 'heading', 'line_dist', 'noise']","[1.0108995893225536, 0.24339915015381136, 1.4538425039371152, 6.387025952852821, 0.7053944830250763, 0.7518907301580552]","[[0.4796027084487081, 0.0850436913081423, 0.4029400435323084, -2.06720148757222, 0.8788553249746032, 0.0010656367376668517], [1.0759495368040901, 0.25801174122008125, 0.4029400435323084, -2.06720148757222, 0.8788553249746032, 0.0010656367376668517], [1.0759495368040901, 0.04427494304818031, 0.19967427311136499, -2.06720148757222, 0.8788553249746032, 0.0010656367376668517]]","[[0.4796027084487081, nan, nan, nan, nan, nan], [nan, 0.25801174122008125, nan, nan, nan, nan], [nan, 0.04427494304818031, 0.19967427311136499, nan, nan, nan]]",[],"[[1, 0, 0, 0, 0, 0], [0, 1, 0, 0, 0, 0], [0, 1, 1, 0, 0, 0]]","[['lower_bound', '', '', '', '', ''], ['', 'target_value', '', '', '', ''], ['', 'target_value', 'target_value', '', '', '']]","[[0.4, nan, nan, nan, nan, nan], [nan, 0.055, nan, nan, nan, nan], [nan, 0.045, 0.2, nan, nan, nan]]","[[1, 0, 0, 0, 0, 0], [0, 1, 0, 0, 0, 0], [0, 1, 1, 0, 0, 0]]",13.0,0.22900414506069797,0.07091630837731101,0.5731004608859772,1166.326435070946,-7999999053.335606,-7999999053.335606,1166.326435070946,,,
cluster,S3ObsAvoid,0,0,"[[0.00475297839217011, nan, nan, nan, nan, nan], [nan, 0.030903617217017336, nan, nan, nan, nan], [nan, 0.005482894217487776, 0.0004486887343084605, nan, nan, nan]]","[[0.0048047839047037355, nan, nan, nan, nan, nan], [nan, 0.0075219141673007126, nan, nan, nan, nan], [nan, 0.0013345317929197714, 0.0006523227529753872, nan, nan, nan]]","['obs_dist', 'speed', 'arc_dist', 'heading', 'line_dist', 'noise']","[1.0108995893225536, 0.24339915015381136, 1.4538425039371152, 6.387025952852821, 0.7053944830250763, 0.7518907301580552]","[[0.3951952160952963, 0.0850436913081423, 0.4029400435323084, -2.06720148757222, 0.8788553249746032, 0.0010656367376668517], [1.0759495368040901, 0.04747808583269929, 0.4029400435323084, -2.06720148757222, 0.8788553249746032, 0.0010656367376668517], [1.0759495368040901, 0.04366546820708023, 0.19934767724702462, -2.06720148757222, 0.8788553249746032, 0.0010656367376668517]]","[[0.3951952160952963, nan, nan, nan, nan, nan], [nan, 0.04747808583269929, nan, nan, nan, nan], [nan, 0.04366546820708023, 0.19934767724702462, nan, nan, nan]]",[],"[[1, 0, 0, 0, 0, 0], [0, 1, 0, 0, 0, 0], [0, 1, 1, 0, 0, 0]]","[['lower_bound', '', '', '', '', ''], ['', 'target_value', '', '', '', ''], ['', 'target_value', 'target_value', '', '', '']]","[[0.4, nan, nan, nan, nan, nan], [nan, 0.055, nan, nan, nan, nan], [nan, 0.045, 0.2, nan, nan, nan]]","[[1, 0, 0, 0, 0, 0], [0, 1, 0, 0, 0, 0], [0, 1, 1, 0, 0, 0]]",9.75,0.010397044640245923,0.0035783881544749017,0.17765904527283988,2350.1090519961663,-5999998970.042557,-5999998970.042557,,2350.1090519961663,,
cluster,S3ObsAvoid,0,1,"[[0.00475297839217011, nan, nan, nan, nan, nan], [nan, 0.030903617217017336, nan, nan, nan, nan], [nan, 0.005482894217487776, 0.0004486887343084605, nan, nan, nan]]","[[0.0048047839047037355, nan, nan, nan, nan, nan], [nan, 0.0075219141673007126, nan, nan, nan, nan], [nan, 0.0013345317929197714, 0.0006523227529753872, nan, nan, nan]]","['obs_dist', 'speed', 'arc_dist', 'heading', 'line_dist', 'noise']","[1.0108995893225536, 0.24339915015381136, 1.4538425039371152, 6.387025952852821, 0.7053944830250763, 0.7518907301580552]","[[0.3951952160952963, 0.0850436913081423, 0.4029400435323084, -2.06720148757222, 0.8788553249746032, 0.0010656367376668517], [1.0759495368040901, 0.04747808583269929, 0.4029400435323084, -2.06720148757222, 0.8788553249746032, 0.0010656367376668517], [1.0759495368040901, 0.04366546820708023, 0.19934767724702462, -2.06720148757222, 0.8788553249746032, 0.0010656367376668517]]","[[0.3951952160952963, nan, nan, nan, nan, nan], [nan, 0.04747808583269929, nan, nan, nan, nan], [nan, 0.04366546820708023, 0.19934767724702462, nan, nan, nan]]",[],"[[1, 0, 0, 0, 0, 0], [0, 1, 0, 0, 0, 0], [0, 1, 1, 0, 0, 0]]","[['lower_bound', '', '', '', '', ''], ['', 'target_value', '', '', '', ''], ['', 'target_value', 'target_value', '', '', '']]","[[0.4, nan, nan, nan, nan, nan], [nan, 0.055, nan, nan, nan, nan], [nan, 0.045, 0.2, nan, nan, nan]]","[[1, 0, 0, 0, 0, 0], [0, 1, 0, 0, 0, 0], [0, 1, 1, 0, 0, 0]]",9.75,0.010397044640245923,0.0035783881544749017,0.17765904527283988,2350.1090519961663,-5999998970.042557,-5999998970.042557,,2350.1090519961663,,
cluster,S3ObsAvoid,0,2,"[[0.00475297839217011, nan, nan, nan, nan, nan], [nan, 0.030903617217017336, nan, nan, nan, nan], [nan, 0.005482894217487776, 0.0004486887343084605, nan, nan, nan]]","[[0.0048047839047037355, nan, nan, nan, nan, nan], [nan, 0.0075219141673007126, nan, nan, nan, nan], [nan, 0.0013345317929197714, 0.0006523227529753872, nan, nan, nan]]","['obs_dist', 'speed', 'arc_dist', 'heading', 'line_dist', 'noise']","[1.0108995893225536, 0.24339915015381136, 1.4538425039371152, 6.387025952852821, 0.7053944830250763, 0.7518907301580552]","[[0.3951952160952963, 0.0850436913081423, 0.4029400435323084, -2.06720148757222, 0.8788553249746032, 0.0010656367376668517], [1.0759495368040901, 0.04747808583269929, 0.4029400435323084, -2.06720148757222, 0.8788553249746032, 0.0010656367376668517], [1.0759495368040901, 0.04366546820708023, 0.19934767724702462, -2.06720148757222, 0.8788553249746032, 0.0010656367376668517]]","[[0.3951952160952963, nan, nan, nan, nan, nan], [nan, 0.04747808583269929, nan, nan, nan, nan], [nan, 0.04366546820708023, 0.19934767724702462, nan, nan, nan]]",[],"[[1, 0, 0, 0, 0, 0], [0, 1, 0, 0, 0, 0], [0, 1, 1, 0, 0, 0]]","[['lower_bound', '', '', '', '', ''], ['', 'target_value', '', '', '', ''], ['', 'target_value', 'target_value', '', '', '']]","[[0.4, nan, nan, nan, nan, nan], [nan, 0.055, nan, nan, nan, nan], [nan, 0.045, 0.2, nan, nan, nan]]","[[1, 0, 0, 0, 0, 0], [0, 1, 0, 0, 0, 0], [0, 1, 1, 0, 0, 0]]",9.75,0.010397044640245923,0.0035783881544749017,0.17765904527283988,2350.1090519961663,-5999998970.042557,-5999998970.042557,,2350.1090519961663,,
cluster,S3ObsAvoid,0,3,"[[0.00475297839217011, nan, nan, nan, nan, nan], [nan, 0.030903617217017336, nan, nan, nan, nan], [nan, 0.005482894217487776, 0.0004486887343084605, nan, nan, nan]]","[[0.0048047839047037355, nan, nan, nan, nan, nan], [nan, 0.0075219141673007126, nan, nan, nan, nan], [nan, 0.0013345317929197714, 0.0006523227529753872, nan, nan, nan]]","['obs_dist', 'speed', 'arc_dist', 'heading', 'line_dist', 'noise']","[1.0108995893225536, 0.24339915015381136, 1.4538425039371152, 6.387025952852821, 0.7053944830250763, 0.7518907301580552]","[[0.3951952160952963, 0.0850436913081423, 0.4029400435323084, -2.06720148757222, 0.8788553249746032, 0.0010656367376668517], [1.0759495368040901, 0.04747808583269929, 0.4029400435323084, -2.06720148757222, 0.8788553249746032, 0.0010656367376668517], [1.0759495368040901, 0.04366546820708023, 0.19934767724702462, -2.06720148757222, 0.8788553249746032, 0.0010656367376668517]]","[[0.3951952160952963, nan, nan, nan, nan, nan], [nan, 0.04747808583269929, nan, nan, nan, nan], [nan, 0.04366546820708023, 0.19934767724702462, nan, nan, nan]]",[],"[[1, 0, 0, 0, 0, 0], [0, 1, 0, 0, 0, 0], [0, 1, 1, 0, 0, 0]]","[['lower_bound', '', '', '', '', ''], ['', 'target_value', '', '', '', ''], ['', 'target_value', 'target_value', '', '', '']]","[[0.4, nan, nan, nan, nan, nan], [nan, 0.055, nan, nan, nan, nan], [nan, 0.045, 0.2, nan, nan, nan]]","[[1, 0, 0, 0, 0, 0], [0, 1, 0, 0, 0, 0], [0, 1, 1, 0, 0, 0]]",9.75,0.010397044640245923,0.0035783881544749017,0.17765904527283988,2350.1090519961663,-5999998970.042557,-5999998970.042557,,2350.1090519961663,,
cluster,S3ObsAvoid,0,4,"[[0.00475297839217011, nan, nan, nan, nan, nan], [nan, 0.030903617217017336, nan, nan, nan, nan], [nan, 0.005482894217487776, 0.0004486887343084605, nan, nan, nan]]","[[0.0048047839047037355, nan, nan, nan, nan, nan], [nan, 0.0075219141673007126, nan, nan, nan, nan], [nan, 0.0013345317929197714, 0.0006523227529753872, nan, nan, nan]]","['obs_dist', 'speed', 'arc_dist', 'heading', 'line_dist', 'noise']","[1.0108995893225536, 0.24339915015381136, 1.4538425039371152, 6.387025952852821, 0.7053944830250763, 0.7518907301580552]","[[0.3951952160952963, 0.0850436913081423, 0.4029400435323084, -2.06720148757222, 0.8788553249746032, 0.0010656367376668517], [1.0759495368040901, 0.04747808583269929, 0.4029400435323084, -2.06720148757222, 0.8788553249746032, 0.0010656367376668517], [1.0759495368040901, 0.04366546820708023, 0.19934767724702462, -2.06720148757222, 0.8788553249746032, 0.0010656367376668517]]","[[0.3951952160952963, nan, nan, nan, nan, nan], [nan, 0.04747808583269929, nan, nan, nan, nan], [nan, 0.04366546820708023, 0.19934767724702462, nan, nan, nan]]",[],"[[1, 0, 0, 0, 0, 0], [0, 1, 0, 0, 0, 0], [0, 1, 1, 0, 0, 0]]","[['lower_bound', '', '', '', '', ''], ['', 'target_value', '', '', '', ''], ['', 'target_value', 'target_value', '', '', '']]","[[0.4, nan, nan, nan, nan, nan], [nan, 0.055, nan, nan, nan, nan], [nan, 0.045, 0.2, nan, nan, nan]]","[[1, 0, 0, 0, 0, 0], [0, 1, 0, 0, 0, 0], [0, 1, 1, 0, 0, 0]]",9.75,0.010397044640245923,0.0035783881544749017,0.17765904527283988,2350.1090519961663,-5999998970.042557,-5999998970.042557,,2350.1090519961663,,
cluster,S3ObsAvoid,0,5,"[[0.00475297839217011, nan, nan, nan, nan, nan], [nan, 0.030903617217017336, nan, nan, nan, nan], [nan, 0.005482894217487776, 0.0004486887343084605, nan, nan, nan]]","[[0.0048047839047037355, nan, nan, nan, nan, nan], [nan, 0.0075219141673007126, nan, nan, nan, nan], [nan, 0.0013345317929197714, 0.0006523227529753872, nan, nan, nan]]","['obs_dist', 'speed', 'arc_dist', 'heading', 'line_dist', 'noise']","[1.0108995893225536, 0.24339915015381136, 1.4538425039371152, 6.387025952852821, 0.7053944830250763, 0.7518907301580552]","[[0.3951952160952963, 0.0850436913081423, 0.4029400435323084, -2.06720148757222, 0.8788553249746032, 0.0010656367376668517], [1.0759495368040901, 0.04747808583269929, 0.4029400435323084, -2.06720148757222, 0.8788553249746032, 0.0010656367376668517], [1.0759495368040901, 0.04366546820708023, 0.19934767724702462, -2.06720148757222, 0.8788553249746032, 0.0010656367376668517]]","[[0.3951952160952963, nan, nan, nan, nan, nan], [nan, 0.04747808583269929, nan, nan, nan, nan], [nan, 0.04366546820708023, 0.19934767724702462, nan, nan, nan]]",[],"[[1, 0, 0, 0, 0, 0], [0, 1, 0, 0, 0, 0], [0, 1, 1, 0, 0, 0]]","[['lower_bound', '', '', '', '', ''], ['', 'target_value', '', '', '', ''], ['', 'target_value', 'target_value', '', '', '']]","[[0.4, nan, nan, nan, nan, nan], [nan, 0.055, nan, nan, nan, nan], [nan, 0.045, 0.2, nan, nan, nan]]","[[1, 0, 0, 0, 0, 0], [0, 1, 0, 0, 0, 0], [0, 1, 1, 0, 0, 0]]",9.75,0.010397044640245923,0.0035783881544749017,0.17765904527283988,2350.1090519961663,-5999998970.042557,-5999998970.042557,,2350.1090519961663,,
cluster,S3ObsAvoid,0,6,"[[0.00475297839217011, nan, nan, nan, nan, nan], [nan, 0.030903617217017336, nan, nan, nan, nan], [nan, 0.005482894217487776, 0.0004486887343084605, nan, nan, nan]]","[[0.0048047839047037355, nan, nan, nan, nan, nan], [nan, 0.0075219141673007126, nan, nan, nan, nan], [nan, 0.0013345317929197714, 0.0006523227529753872, nan, nan, nan]]","['obs_dist', 'speed', 'arc_dist', 'heading', 'line_dist', 'noise']","[1.0108995893225536, 0.24339915015381136, 1.4538425039371152, 6.387025952852821, 0.7053944830250763, 0.7518907301580552]","[[0.3951952160952963, 0.0850436913081423, 0.4029400435323084, -2.06720148757222, 0.8788553249746032, 0.0010656367376668517], [1.0759495368040901, 0.04747808583269929, 0.4029400435323084, -2.06720148757222, 0.8788553249746032, 0.0010656367376668517], [1.0759495368040901, 0.04366546820708023, 0.19934767724702462, -2.06720148757222, 0.8788553249746032, 0.0010656367376668517]]","[[0.3951952160952963, nan, nan, nan, nan, nan], [nan, 0.04747808583269929, nan, nan, nan, nan], [nan, 0.04366546820708023, 0.19934767724702462, nan, nan, nan]]",[],"[[1, 0, 0, 0, 0, 0], [0, 1, 0, 0, 0, 0], [0, 1, 1, 0, 0, 0]]","[['lower_bound', '', '', '', '', ''], ['', 'target_value', '', '', '', ''], ['', 'target_value', 'target_value', '', '', '']]","[[0.4, nan, nan, nan, nan, nan], [nan, 0.055, nan, nan, nan, nan], [nan, 0.045, 0.2, nan, nan, nan]]","[[1, 0, 0, 0, 0, 0], [0, 1, 0, 0, 0, 0], [0, 1, 1, 0, 0, 0]]",9.75,0.010397044640245923,0.0035783881544749017,0.17765904527283988,2350.1090519961663,-5999998970.042557,-5999998970.042557,,2350.1090519961663,,
cluster,S3ObsAvoid,0,7,"[[0.00475297839217011, nan, nan, nan, nan, nan], [nan, 0.030903617217017336, nan, nan, nan, nan], [nan, 0.005482894217487776, 0.0004486887343084605, nan, nan, nan]]","[[0.0048047839047037355, nan, nan, nan, nan, nan], [nan, 0.0075219141673007126, nan, nan, nan, nan], [nan, 0.0013345317929197714, 0.0006523227529753872, nan, nan, nan]]","['obs_dist', 'speed', 'arc_dist', 'heading', 'line_dist', 'noise']","[1.0108995893225536, 0.24339915015381136, 1.4538425039371152, 6.387025952852821, 0.7053944830250763, 0.7518907301580552]","[[0.3951952160952963, 0.0850436913081423, 0.4029400435323084, -2.06720148757222, 0.8788553249746032, 0.0010656367376668517], [1.0759495368040901, 0.04747808583269929, 0.4029400435323084, -2.06720148757222, 0.8788553249746032, 0.0010656367376668517], [1.0759495368040901, 0.04366546820708023, 0.19934767724702462, -2.06720148757222, 0.8788553249746032, 0.0010656367376668517]]","[[0.3951952160952963, nan, nan, nan, nan, nan], [nan, 0.04747808583269929, nan, nan, nan, nan], [nan, 0.04366546820708023, 0.19934767724702462, nan, nan, nan]]",[],"[[1, 0, 0, 0, 0, 0], [0, 1, 0, 0, 0, 0], [0, 1, 1, 0, 0, 0]]","[['lower_bound', '', '', '', '', ''], ['', 'target_value', '', '', '', ''], ['', 'target_value', 'target_value', '', '', '']]","[[0.4, nan, nan, nan, nan, nan], [nan, 0.055, nan, nan, nan, nan], [nan, 0.045, 0.2, nan, nan, nan]]","[[1, 0, 0, 0, 0, 0], [0, 1, 0, 0, 0, 0], [0, 1, 1, 0, 0, 0]]",9.75,0.010397044640245923,0.0035783881544749017,0.17765904527283988,2350.1090519961663,-5999998970.042557,-5999998970.042557,,2350.1090519961663,,
cluster,S3ObsAvoid,0,8,"[[0.00475297839217011, nan, nan, nan, nan, nan], [nan, 0.030903617217017336, nan, nan, nan, nan], [nan, 0.005482894217487776, 0.0004486887343084605, nan, nan, nan]]","[[0.0048047839047037355, nan, nan, nan, nan, nan], [nan, 0.0075219141673007126, nan, nan, nan, nan], [nan, 0.0013345317929197714, 0.0006523227529753872, nan, nan, nan]]","['obs_dist', 'speed', 'arc_dist', 'heading', 'line_dist', 'noise']","[1.0108995893225536, 0.24339915015381136, 1.4538425039371152, 6.387025952852821, 0.7053944830250763, 0.7518907301580552]","[[0.3951952160952963, 0.0850436913081423, 0.4029400435323084, -2.06720148757222, 0.8788553249746032, 0.0010656367376668517], [1.0759495368040901, 0.04747808583269929, 0.4029400435323084, -2.06720148757222, 0.8788553249746032, 0.0010656367376668517], [1.0759495368040901, 0.04366546820708023, 0.19934767724702462, -2.06720148757222, 0.8788553249746032, 0.0010656367376668517]]","[[0.3951952160952963, nan, nan, nan, nan, nan], [nan, 0.04747808583269929, nan, nan, nan, nan], [nan, 0.04366546820708023, 0.19934767724702462, nan, nan, nan]]",[],"[[1, 0, 0, 0, 0, 0], [0, 1, 0, 0, 0, 0], [0, 1, 1, 0, 0, 0]]","[['lower_bound', '', '', '', '', ''], ['', 'target_value', '', '', '', ''], ['', 'target_value', 'target_value', '', '', '']]","[[0.4, nan, nan, nan, nan, nan], [nan, 0.055, nan, nan, nan, nan], [nan, 0.045, 0.2, nan, nan, nan]]","[[1, 0, 0, 0, 0, 0], [0, 1, 0, 0, 0, 0], [0, 1, 1, 0, 0, 0]]",9.75,0.010397044640245923,0.0035783881544749017,0.17765904527283988,2350.1090519961663,-5999998970.042557,-5999998970.042557,,2350.1090519961663,,
cluster,S3ObsAvoid,0,9,"[[0.00475297839217011, nan, nan, nan, nan, nan], [nan, 0.030903617217017336, nan, nan, nan, nan], [nan, 0.005482894217487776, 0.0004486887343084605, nan, nan, nan]]","[[0.0048047839047037355, nan, nan, nan, nan, nan], [nan, 0.0075219141673007126, nan, nan, nan, nan], [nan, 0.0013345317929197714, 0.0006523227529753872, nan, nan, nan]]","['obs_dist', 'speed', 'arc_dist', 'heading', 'line_dist', 'noise']","[1.0108995893225536, 0.24339915015381136, 1.4538425039371152, 6.387025952852821, 0.7053944830250763, 0.7518907301580552]","[[0.3951952160952963, 0.0850436913081423, 0.4029400435323084, -2.06720148757222, 0.8788553249746032, 0.0010656367376668517], [1.0759495368040901, 0.04747808583269929, 0.4029400435323084, -2.06720148757222, 0.8788553249746032, 0.0010656367376668517], [1.0759495368040901, 0.04366546820708023, 0.19934767724702462, -2.06720148757222, 0.8788553249746032, 0.0010656367376668517]]","[[0.3951952160952963, nan, nan, nan, nan, nan], [nan, 0.04747808583269929, nan, nan, nan, nan], [nan, 0.04366546820708023, 0.19934767724702462, nan, nan, nan]]",[],"[[1, 0, 0, 0, 0, 0], [0, 1, 0, 0, 0, 0], [0, 1, 1, 0, 0, 0]]","[['lower_bound', '', '', '', '', ''], ['', 'target_value', '', '', '', ''], ['', 'target_value', 'target_value', '', '', '']]","[[0.4, nan, nan, nan, nan, nan], [nan, 0.055, nan, nan, nan, nan], [nan, 0.045, 0.2, nan, nan, nan]]","[[1, 0, 0, 0, 0, 0], [0, 1, 0, 0, 0, 0], [0, 1, 1, 0, 0, 0]]",9.75,0.010397044640245923,0.0035783881544749017,0.17765904527283988,2350.1090519961663,-5999998970.042557,-5999998970.042557,,2350.1090519961663,,
fchmm,S3ObsAvoid,0,0,"[[0.018338917792860746, nan, nan, nan, nan, nan], [nan, 0.04531539131761181, nan, nan, nan, nan], [nan, 0.004746539153450865, 0.00041569290829665035, nan, nan, nan]]","[[0.018538804465422998, nan, nan, nan, nan, nan], [nan, 0.011029727735594116, nan, nan, nan, nan], [nan, 0.0011553035961217317, 0.0006043520186669038, nan, nan, nan]]","['obs_dist', 'speed', 'arc_dist', 'heading', 'line_dist', 'noise']","[1.0108995893225536, 0.24339915015381136, 1.4538425039371152, 6.387025952852821, 0.7053944830250763, 0.7518907301580552]","[[0.381461195534577, 0.21315394783679853, 0.8593404921769764, 0.025415269992737244, 0.9249977274530202, 0.08521472907129672], [1.0285694138245667, 0.043970272264405884, 0.19994045586020917, -0.8911662902642294, 0.7266768738794065, -0.04016605891004017], [1.010001689729238, 0.04384469640387827, 0.1993956479813331, -4.371691024955771, 0.9395710628054476, -0.018834578537481023]]","[[0.381461195534577, 0.21315394783679853, 0.8593404921769764, 0.025415269992737244, 0.9249977274530202, 0.08521472907129672], [1.0285694138245667, 0.043970272264405884, 0.19994045586020917, -0.8911662902642294, 0.7266768738794065, -0.04016605891004017], [1.010001689729238, 0.04384469640387827, 0.1993956479813331, -4.371691024955771, 0.9395710628054476, -0.018834578537481023]]",[],"[[1, 1, 1, 1, 1, 1], [1, 1, 1, 1, 1, 1], [1, 1, 1, 1, 1, 1]]","[['lower_bound', '', '', '', '', ''], ['', 'target_value', '', '', '', ''], ['', 'target_value', 'target_value', '', '', '']]","[[0.4, nan, nan, nan, nan, nan], [nan, 0.055, nan, nan, nan, nan], [nan, 0.045, 0.2, nan, nan, nan]]","[[1, 0, 0, 0, 0, 0], [0, 1, 0, 0, 0, 0], [0, 1, 1, 0, 0, 0]]",14.9,0.01720413529305502,0.007832046953951437,0.2042589159125963,-767.2901980503507,,,,,-767.2901980503507,
fchmm,S3ObsAvoid,0,1,"[[0.01828117482606615, nan, nan, nan, nan, nan], [nan, 0.04308144347998314, nan, nan, nan, nan], [nan, 0.006671200399031389, 0.0002812252493824741, nan, nan, nan]]","[[0.018480432124004076, nan, nan, nan, nan, nan], [nan, 0.010485986730427353, nan, nan, nan, nan], [nan, 0.0016237645076300072, 0.0004088572207325558, nan, nan, nan]]","['obs_dist', 'speed', 'arc_dist', 'heading', 'line_dist', 'noise']","[1.0108995893225536, 0.24339915015381136, 1.4538425039371152, 6.387025952852821, 0.7053944830250763, 0.7518907301580552]","[[0.38151956787599595, 0.21968426558020282, 0.8914527433411807, -0.006543246102421296, 0.9339213202617278, 0.07776420166201749], [1.006751671007042, 0.04451401326957265, 0.19963634255647683, -1.471664169311743, 0.8138373348720398, 0.02323831168295759], [1.0121556822399906, 0.04337623549236999, 0.19959114277926746, -5.011805198590281, 0.8585176393220478, -0.10252459195752671]]","[[0.38151956787599595, 0.21968426558020282, 0.8914527433411807, -0.006543246102421296, 0.9339213202617278, 0.07776420166201749], [1.006751671007042, 0.04451401326957265, 0.19963634255647683, -1.471664169311743, 0.8138373348720398, 0.02323831168295759], [1.0121556822399906, 0.04337623549236999, 0.19959114277926746, -5.011805198590281, 0.8585176393220478, -0.10252459195752671]]",[],"[[1, 1, 1, 1, 1, 1], [1, 1, 1, 1, 1, 1], [1, 1, 1, 1, 1, 1]]","[['lower_bound', '', '', '', '', ''], ['', 'target_value', '', '', '', ''], ['', 'target_value', 'target_value', '', '', '']]","[[0.4, nan, nan, nan, nan, nan], [nan, 0.055, nan, nan, nan, nan], [nan, 0.045, 0.2, nan, nan, nan]]","[[1, 0, 0, 0, 0, 0], [0, 1, 0, 0, 0, 0], [0, 1, 1, 0, 0, 0]]",20.85,0.01707876098861579,0.007749760145698498,0.19524214371187315,-824.8883308216383,,,,,-824.8883308216383,
fchmm,S3ObsAvoid,0,2,"[[0.01763175734394983, nan, nan, nan, nan, nan], [nan, 0.044079358976081076, nan, nan, nan, nan], [nan, 0.009076655791822362, 0.0003159726752828458, nan, nan, nan]]","[[0.0178239362580338, nan, nan, nan, nan, nan], [nan, 0.01072887851410291, nan, nan, nan, nan], [nan, 0.002209250305968233, 0.00045937450540892155, nan, nan, nan]]","['obs_dist', 'speed', 'arc_dist', 'heading', 'line_dist', 'noise']","[1.0108995893225536, 0.24339915015381136, 1.4538425039371152, 6.387025952852821, 0.7053944830250763, 0.7518907301580552]","[[0.3821760637419662, 0.2185420164020892, 0.8857474620733503, -0.010522693587454945, 0.9311682573533969, 0.07658699512310634], [1.007678755392396, 0.04427112148589709, 0.1996186227170564, -2.2218909571830694, 0.8663613753130247, 0.027026000583551216], [1.0323136723417445, 0.042790749694031766, 0.1995406254945911, -5.764038514175358, 0.7205338436135523, -0.2295614130014487]]","[[0.3821760637419662, 0.2185420164020892, 0.8857474620733503, -0.010522693587454945, 0.9311682573533969, 0.07658699512310634], [1.007678755392396, 0.04427112148589709, 0.1996186227170564, -2.2218909571830694, 0.8663613753130247, 0.027026000583551216], [1.0323136723417445, 0.042790749694031766, 0.1995406254945911, -5.764038514175358, 0.7205338436135523, -0.2295614130014487]]",[],"[[1, 1, 1, 1, 1, 1], [1, 1, 1, 1, 1, 1], [1, 1, 1, 1, 1, 1]]","[['lower_bound', '', '', '', '', ''], ['', 'target_value', '', '', '', ''], ['', 'target_value', 'target_value', '', '', '']]","[[0.4, nan, nan, nan, nan, nan], [nan, 0.055, nan, nan, nan, nan], [nan, 0.045, 0.2, nan, nan, nan]]","[[1, 0, 0, 0, 0, 0], [0, 1, 0, 0, 0, 0], [0, 1, 1, 0, 0, 0]]",27.85,0.017775936196784026,0.0078053598958784665,0.14518024944129757,-912.0620104032439,,,,,-912.0620104032439,
fchmm,S3ObsAvoid,0,3,"[[0.017774573428273484, nan, nan, nan, nan, nan], [nan, 0.0055832380679449725, nan, nan, nan, nan], [nan, 0.00639962484815424, 0.000265044055872293, nan, nan, nan]]","[[0.017968308979025238, nan, nan, nan, nan, nan], [nan, 0.001358955400844214, nan, nan, nan, nan], [nan, 0.001557663249343956, 0.00038533231384302313, nan, nan, nan]]","['obs_dist', 'speed', 'arc_dist', 'heading', 'line_dist', 'noise']","[1.0108995893225536, 0.24339915015381136, 1.4538425039371152, 6.387025952852821, 0.7053944830250763, 0.7518907301580552]","[[0.3820316910209748, 0.2548897146433834, 1.2161922511591237, 0.05470938435699679, 1.0861397501055274, 0.051578200070800884], [0.5106298655454065, 0.053641044599155786, 0.251795909629024, 0.08789813511872824, 0.7186320652091631, 0.06651517619772289], [0.9932005341338849, 0.04344233675065604, 0.199614667686157, -3.0920931451127522, 0.8522555239883102, -0.024915194044398695]]","[[0.3820316910209748, 0.2548897146433834, 1.2161922511591237, 0.05470938435699679, 1.0861397501055274, 0.051578200070800884], [0.5106298655454065, 0.053641044599155786, 0.251795909629024, 0.08789813511872824, 0.7186320652091631, 0.06651517619772289], [0.9932005341338849, 0.04344233675065604, 0.199614667686157, -3.0920931451127522, 0.8522555239883102, -0.024915194044398695]]",[],"[[1, 1, 1, 1, 1, 1], [1, 1, 1, 1, 1, 1], [1, 1, 1, 1, 1, 1]]","[['lower_bound', '', '', '', '', ''], ['', 'target_value', '', '', '', ''], ['', 'target_value', 'target_value', '', '', '']]","[[0.4, nan, nan, nan, nan, nan], [nan, 0.055, nan, nan, nan, nan], [nan, 0.045, 0.2, nan, nan, nan]]","[[1, 0, 0, 0, 0, 0], [0, 1, 0, 0, 0, 0], [0, 1, 1, 0, 0, 0]]",0.25,0.007505620100061248,0.005317564985764108,0.06769838392533915,-734.4200304197832,,,,,-734.4200304197832,
fchmm,S3ObsAvoid,0,4,"[[0.01763175734394983, nan, nan, nan, nan, nan], [nan, 0.04408263224555946, nan, nan, nan, nan], [nan, 0.009077906228653874, 0.0003160348353735539, nan, nan, nan]]","[[0.0178239362580338, nan, nan, nan, nan, nan], [nan, 0.010729675225112173, nan, nan, nan, nan], [nan, 0.0022095546612303438, 0.00045946487639084155, nan, nan, nan]]","['obs_dist', 'speed', 'arc_dist', 'heading', 'line_dist', 'noise']","[1.0108995893225536, 0.24339915015381136, 1.4538425039371152, 6.387025952852821, 0.7053944830250763, 0.7518907301580552]","[[0.3821760637419662, 0.2184881954975933, 0.8854814191531875, -0.010430122063799452, 0.9310621528324682, 0.07659776822594015], [1.007678755392396, 0.04427032477488783, 0.19961852576573907, -2.222373950762495, 0.8663782640062422, 0.02700653390189433], [1.0323136723417445, 0.042790445338769655, 0.19954053512360917, -5.764171177556026, 0.7205112835300845, -0.2296197306436955]]","[[0.3821760637419662, 0.2184881954975933, 0.8854814191531875, -0.010430122063799452, 0.9310621528324682, 0.07659776822594015], [1.007678755392396, 0.04427032477488783, 0.19961852576573907, -2.222373950762495, 0.8663782640062422, 0.02700653390189433], [1.0323136723417445, 0.042790445338769655, 0.19954053512360917, -5.764171177556026, 0.7205112835300845, -0.2296197306436955]]",[],"[[1, 1, 1, 1, 1, 1], [1, 1, 1, 1, 1, 1], [1, 1, 1, 1, 1, 1]]","[['lower_bound', '', '', '', '', ''], ['', 'target_value', '', '', '', ''], ['', 'target_value', 'target_value', '', '', '']]","[[0.4, nan, nan, nan, nan, nan], [nan, 0.055, nan, nan, nan, nan], [nan, 0.045, 0.2, nan, nan, nan]]","[[1, 0, 0, 0, 0, 0], [0, 1, 0, 0, 0, 0], [0, 1, 1, 0, 0, 0]]",27.85,0.017777082663384177,0.00780565775519179,0.14518024944129757,-919.6193285065938,,,,,-919.6193285065938,
fchmm,S3ObsAvoid,0,5,"[[0.017774573428273484, nan, nan, nan, nan, nan], [nan, 0.005674261925256299, nan, nan, nan, nan], [nan, 0.006400305363338769, 0.00026545093546774155, nan, nan, nan]]","[[0.017968308979025238, nan, nan, nan, nan, nan], [nan, 0.0013811105303575127, nan, nan, nan, nan], [nan, 0.0015578288861615372, 0.000385923852692871, nan, nan, nan]]","['obs_dist', 'speed', 'arc_dist', 'heading', 'line_dist', 'noise']","[1.0108995893225536, 0.24339915015381136, 1.4538425039371152, 6.387025952852821, 0.7053944830250763, 0.7518907301580552]","[[0.3820316910209748, 0.2548751812926002, 1.2161580577939983, 0.054522858556180775, 1.086112650568801, 0.0516020988395495], [0.5107560472343394, 0.05361888946964249, 0.25148004392053436, 0.08758845218480493, 0.7184144941063819, 0.06660469541100748], [1.0091388916944801, 0.04344217111383846, 0.19961407614730714, -3.093968608194573, 0.8524100746407243, -0.02499748088833271]]","[[0.3820316910209748, 0.2548751812926002, 1.2161580577939983, 0.054522858556180775, 1.086112650568801, 0.0516020988395495], [0.5107560472343394, 0.05361888946964249, 0.25148004392053436, 0.08758845218480493, 0.7184144941063819, 0.06660469541100748], [1.0091388916944801, 0.04344217111383846, 0.19961407614730714, -3.093968608194573, 0.8524100746407243, -0.02499748088833271]]",[],"[[1, 1, 1, 1, 1, 1], [1, 1, 1, 1, 1, 1], [1, 1, 1, 1, 1, 1]]","[['lower_bound', '', '', '', '', ''], ['', 'target_value', '', '', '', ''], ['', 'target_value', 'target_value', '', '', '']]","[[0.4, nan, nan, nan, nan, nan], [nan, 0.055, nan, nan, nan, nan], [nan, 0.045, 0.2, nan, nan, nan]]","[[1, 0, 0, 0, 0, 0], [0, 1, 0, 0, 0, 0], [0, 1, 1, 0, 0, 0]]",0.25,0.007528647913084074,0.00532329306205929,0.06769838392533915,-736.84442166824,,,,,-736.84442166824,
fchmm,S3ObsAvoid,0,6,"[[0.017598657971684546, nan, nan, nan, nan, nan], [nan, 0.044987855126497, nan, nan, nan, nan], [nan, 0.009133653524683455, 0.00024153484580436625, nan, nan, nan]]","[[0.01779047611620399, nan, nan, nan, nan, nan], [nan, 0.010950005705032156, nan, nan, nan, nan], [nan, 0.0022231235057073168, 0.00035115362501228486, nan, nan, nan]]","['obs_dist', 'speed', 'arc_dist', 'heading', 'line_dist', 'noise']","[1.0108995893225536, 0.24339915015381136, 1.4538425039371152, 6.387025952852821, 0.7053944830250763, 0.7518907301580552]","[[0.38220952388379603, 0.21628706224853755, 0.8746460505479082, -0.008865259805175274, 0.9267160009819184, 0.07753384085026305], [1.0091519082690832, 0.044049994294967844, 0.19959907104794566, -2.5618568457815627, 0.8472183603931162, -0.01730751395167441], [1.1324067935781468, 0.04277687649429268, 0.19964884637498773, -6.074342394793224, 0.6800697733825001, -0.09133840374196925]]","[[0.38220952388379603, 0.21628706224853755, 0.8746460505479082, -0.008865259805175274, 0.9267160009819184, 0.07753384085026305], [1.0091519082690832, 0.044049994294967844, 0.19959907104794566, -2.5618568457815627, 0.8472183603931162, -0.01730751395167441], [1.1324067935781468, 0.04277687649429268, 0.19964884637498773, -6.074342394793224, 0.6800697733825001, -0.09133840374196925]]",[],"[[1, 1, 1, 1, 1, 1], [1, 1, 1, 1, 1, 1], [1, 1, 1, 1, 1, 1]]","[['lower_bound', '', '', '', '', ''], ['', 'target_value', '', '', '', ''], ['', 'target_value', 'target_value', '', '', '']]","[[0.4, nan, nan, nan, nan, nan], [nan, 0.055, nan, nan, nan, nan], [nan, 0.045, 0.2, nan, nan, nan]]","[[1, 0, 0, 0, 0, 0], [0, 1, 0, 0, 0, 0], [0, 1, 1, 0, 0, 0]]",30.95,0.017990425367167343,0.007828689737988937,0.10611106747124047,-1038.6326034099545,,,,,-1038.6326034099545,
fchmm,S3ObsAvoid,0,7,"[[0.0005547214732854041, nan, nan, nan, nan, nan], [nan, 0.31495165643251327, nan, nan, nan, nan], [nan, 0.005543476143021015, 0.0002592389558481805, nan, nan, nan]]","[[0.0005607677095326169, nan, nan, nan, nan, nan], [nan, 0.0766589655152089, nan, nan, nan, nan], [nan, 0.001349277382109243, 0.00037689261268836205, nan, nan, nan]]","['obs_dist', 'speed', 'arc_dist', 'heading', 'line_dist', 'noise']","[1.0108995893225536, 0.24339915015381136, 1.4538425039371152, 6.387025952852821, 0.7053944830250763, 0.7518907301580552]","[[0.3994392322904674, 0.2489132776123597, 1.6446503446730258, 0.15022381892947223, 1.264461039574886, 0.2677383947424239], [0.37928806017129957, 0.1316589655152089, 0.4398916542969557, 0.0013311276054106536, 0.7644447582671912, -0.04279117024701597], [1.0081251899901922, 0.043650722617890755, 0.19962310738731165, -2.9378508584758785, 0.8414522690082332, -0.028051798146923088]]","[[0.3994392322904674, 0.2489132776123597, 1.6446503446730258, 0.15022381892947223, 1.264461039574886, 0.2677383947424239], [0.37928806017129957, 0.1316589655152089, 0.4398916542969557, 0.0013311276054106536, 0.7644447582671912, -0.04279117024701597], [1.0081251899901922, 0.043650722617890755, 0.19962310738731165, -2.9378508584758785, 0.8414522690082332, -0.028051798146923088]]",[],"[[1, 1, 1, 1, 1, 1], [1, 1, 1, 1, 1, 1], [1, 1, 1, 1, 1, 1]]","[['lower_bound', '', '', '', '', ''], ['', 'target_value', '', '', '', ''], ['', 'target_value', 'target_value', '', '', '']]","[[0.4, nan, nan, nan, nan, nan], [nan, 0.055, nan, nan, nan, nan], [nan, 0.045, 0.2, nan, nan, nan]]","[[1, 0, 0, 0, 0, 0], [0, 1, 0, 0, 0, 0], [0, 1, 1, 0, 0, 0]]",5.45,0.08032727325116697,0.01973647580488478,0.32844077814378025,-1027.0203648164434,,,,,-1027.0203648164434,
fchmm,S3ObsAvoid,0,8,"[[0.01763175734394983, nan, nan, nan, nan, nan], [nan, 0.04425033997107879, nan, nan, nan, nan], [nan, 0.009096595827810451, 0.00032489414863399595, nan, nan, nan]]","[[0.0178239362580338, nan, nan, nan, nan, nan], [nan, 0.010770495142977808, nan, nan, nan, nan], [nan, 0.00221410369378177, 0.00047234492256456595, nan, nan, nan]]","['obs_dist', 'speed', 'arc_dist', 'heading', 'line_dist', 'noise']","[1.0108995893225536, 0.24339915015381136, 1.4538425039371152, 6.387025952852821, 0.7053944830250763, 0.7518907301580552]","[[0.3821760637419662, 0.21826966012889942, 0.8843980785319614, -0.010767299839927524, 0.9305731148253671, 0.076510919371709], [1.0079260552299532, 0.04422950485702219, 0.19961811838843999, -2.275497980206188, 0.8642231082305115, 0.024184522139702194], [1.0483589552414339, 0.04278589630621823, 0.19952765507743545, -5.81296761569171, 0.7129084264823831, -0.2531640458435099]]","[[0.3821760637419662, 0.21826966012889942, 0.8843980785319614, -0.010767299839927524, 0.9305731148253671, 0.076510919371709], [1.0079260552299532, 0.04422950485702219, 0.19961811838843999, -2.275497980206188, 0.8642231082305115, 0.024184522139702194], [1.0483589552414339, 0.04278589630621823, 0.19952765507743545, -5.81296761569171, 0.7129084264823831, -0.2531640458435099]]",[],"[[1, 1, 1, 1, 1, 1], [1, 1, 1, 1, 1, 1], [1, 1, 1, 1, 1, 1]]","[['lower_bound', '', '', '', '', ''], ['', 'target_value', '', '', '', ''], ['', 'target_value', 'target_value', '', '', '']]","[[0.4, nan, nan, nan, nan, nan], [nan, 0.055, nan, nan, nan, nan], [nan, 0.045, 0.2, nan, nan, nan]]","[[1, 0, 0, 0, 0, 0], [0, 1, 0, 0, 0, 0], [0, 1, 1, 0, 0, 0]]",28.3,0.01782589682286827,0.007820220004339486,0.13951887438231095,-931.9879572401037,,,,,-931.9879572401037,
fchmm,S3ObsAvoid,0,9,"[[0.0005547214732854041, nan, nan, nan, nan, nan], [nan, 0.32113931835918597, nan, nan, nan, nan], [nan, 0.005508298991714587, 0.00025773588227830097, nan, nan, nan]]","[[0.0005607677095326169, nan, nan, nan, nan, nan], [nan, 0.07816503716960013, nan, nan, nan, nan], [nan, 0.0013407152933764266, 0.00037470738044592666, nan, nan, nan]]","['obs_dist', 'speed', 'arc_dist', 'heading', 'line_dist', 'noise']","[1.0108995893225536, 0.24339915015381136, 1.4538425039371152, 6.387025952852821, 0.7053944830250763, 0.7518907301580552]","[[0.3994392322904674, 0.24891667448687532, 1.6472485592326616, 0.1464579335011118, 1.266260874802082, 0.2687142954580434], [0.37928806017129957, 0.13316503716960013, 0.4431855945108253, 0.0006590393905918646, 0.7652101845205188, -0.04124823600068812], [0.8355616808303366, 0.04365928470662357, 0.19962529261955408, -2.9323012988157897, 0.8411993042317705, -0.028558691094330263]]","[[0.3994392322904674, 0.24891667448687532, 1.6472485592326616, 0.1464579335011118, 1.266260874802082, 0.2687142954580434], [0.37928806017129957, 0.13316503716960013, 0.4431855945108253, 0.0006590393905918646, 0.7652101845205188, -0.04124823600068812], [0.8355616808303366, 0.04365928470662357, 0.19962529261955408, -2.9323012988157897, 0.8411993042317705, -0.028558691094330263]]",[],"[[1, 1, 1, 1, 1, 1], [1, 1, 1, 1, 1, 1], [1, 1, 1, 1, 1, 1]]","[['lower_bound', '', '', '', '', ''], ['', 'target_value', '', '', '', ''], ['', 'target_value', 'target_value', '', '', '']]","[[0.4, nan, nan, nan, nan, nan], [nan, 0.055, nan, nan, nan, nan], [nan, 0.045, 0.2, nan, nan, nan]]","[[1, 0, 0, 0, 0, 0], [0, 1, 0, 0, 0, 0], [0, 1, 1, 0, 0, 0]]",5.45,0.08186501867661605,0.020110306888238776,0.32844077814378025,-1090.0086020464378,,,,,-1090.0086020464378,
swcl,S3ObsAvoid,0,0,"[[0.00528410158251694, nan, nan, nan, nan, nan], [nan, 0.011852343986673378, nan, nan, nan, nan], [nan, 0.0067956158285231, 0.00025004238782563615, nan, nan, nan]]","[[0.0053416961197050306, nan, nan, nan, nan, nan], [nan, 0.0028848504536869365, nan, nan, nan, nan], [nan, 0.001654047117434311, 0.0003635222512068381, nan, nan, nan]]","['obs_dist', 'speed', 'arc_dist', 'heading', 'line_dist', 'noise']","[1.0108995893225536, 0.24339915015381136, 1.4538425039371152, 6.387025952852821, 0.7053944830250763, 0.7518907301580552]","[[0.394658303880295, 0.0850436913081423, 0.4029400435323084, -2.06720148757222, 0.8788553249746032, 0.0010656367376668517], [1.0759495368040901, 0.052115149546313064, 0.4029400435323084, 0.06292659291202174, 0.8788553249746032, 0.0010656367376668517], [1.0759495368040901, 0.04334595288256569, 0.19963647774879317, -2.06720148757222, 0.8788553249746032, 0.0010656367376668517]]","[[0.394658303880295, nan, nan, nan, nan, nan], [nan, 0.052115149546313064, nan, 0.06292659291202174, nan, nan], [nan, 0.04334595288256569, 0.19963647774879317, nan, nan, nan]]",[],"[[1, 0, 0, 0, 0, 0], [0, 1, 0, 1, 0, 0], [0, 1, 1, 0, 0, 0]]","[['lower_bound', '', '', '', '', ''], ['', 'target_value', '', '', '', ''], ['', 'target_value', 'target_value', '', '', '']]","[[0.4, nan, nan, nan, nan, nan], [nan, 0.055, nan, nan, nan, nan], [nan, 0.045, 0.2, nan, nan, nan]]","[[1, 0, 0, 0, 0, 0], [0, 1, 0, 0, 0, 0], [0, 1, 1, 0, 0, 0]]",4.35,0.0060455259463847635,0.002561028985508279,0.10050721876515736,-27.018192642329097,,,,,,-27.018192642329097
arhsmm,S4SlideInsertRealistic,0,0,"[[nan, nan, nan, nan, nan, nan, nan], [0.01750548198353864, 0.008857553136805474, nan, nan, 0.003106893204975524, nan, nan], [0.010478760339389291, 0.013464371205336424, 0.011793433008098684, 0.012140065979031684, 0.0, nan, nan], [0.007308474647227749, 0.0070403466853614025, 0.08648517539272277, 0.016762309790577534, 0.0, nan, nan]]","[[nan, nan, nan, nan, nan, nan, nan], [0.000822425996624191, 0.0002504443493581421, nan, nan, 0.003104053171717469, nan, nan], [0.0004923032067104616, 0.0003807005878435116, 0.003000000000000058, 0.00014767341039261233, 0.0, nan, nan], [0.00034335984300238546, 0.00019906344535992274, 0.022000000000000193, 0.00020389901151340352, 0.0, nan, nan]]","['surf_dist', 'centerline_dist', 'orient_err', 'speed', 'normal_load', 'start_dist', 'insertion_err']","[0.046981054129075855, 0.028274665191392375, 0.25437885626177925, 0.012164135734325808, 0.999085892861233, 0.35645552283983406, 0.34256459093642816]","[[0.0077217949509275265, 0.0041120163263863715, 0.09553820187614892, 0.0065517909087277485, 0.5679300155645604, 0.22859836971998052, 0.16683233339506573], [0.000822425996624191, 0.0002504443493581421, 0.09553820187614892, 0.0065517909087277485, 0.39689594682828255, 0.22859836971998052, 0.16683233339506573], [0.0004923032067104616, 0.0003807005878435116, 0.05699999999999994, 0.0070523265896073875, 0.72, 0.22859836971998052, 0.16683233339506573], [0.00034335984300238546, 0.00019906344535992274, 0.037999999999999805, 0.0026761009884865967, 1.0, 0.22859836971998052, 0.16683233339506573]]","[[nan, nan, nan, nan, nan, nan, nan], [0.000822425996624191, 0.0002504443493581421, nan, nan, 0.39689594682828255, nan, nan], [0.0004923032067104616, 0.0003807005878435116, 0.05699999999999994, 0.0070523265896073875, 0.72, nan, nan], [0.00034335984300238546, 0.00019906344535992274, 0.037999999999999805, 0.0026761009884865967, 1.0, nan, nan]]",[],"[[0, 0, 0, 0, 0, 0, 0], [1, 1, 0, 0, 1, 0, 0], [1, 1, 1, 1, 1, 0, 0], [1, 1, 1, 1, 1, 0, 0]]","[['', '', '', '', '', '', ''], ['target_value', 'target_value', '', '', 'lower_bound', '', ''], ['target_value', 'target_value', 'upper_bound', 'upper_bound', 'lower_bound', '', ''], ['target_value', 'target_value', 'upper_bound', 'upper_bound', 'lower_bound', '', '']]","[[nan, nan, nan, nan, nan, nan, nan], [0.0, 0.0, nan, nan, 0.4, nan, nan], [0.0, 0.0, 0.06, 0.0072, 0.72, nan, nan], [0.0, 0.0, 0.06, 0.00288, 1.0, nan, nan]]","[[0, 0, 0, 0, 0, 0, 0], [1, 1, 0, 0, 1, 0, 0], [1, 1, 1, 1, 1, 0, 0], [1, 1, 1, 1, 1, 0, 0]]",13.633333333333331,0.014995605028697321,0.0023803017709632577,0.05941297475240544,4989.156483148045,-23999997626.84114,-23999997626.84114,4989.156483148045,,,
arhsmm,S4SlideInsertRealistic,0,1,"[[nan, nan, nan, nan, nan, nan, nan], [0.013579935929854745, 0.018345752765262822, nan, nan, 0.3202927819184472, nan, nan], [0.00898969743094733, 0.008574640590818638, 0.011793433008098684, 0.012188443207324916, 0.0, nan, nan], [0.007308474647227749, 0.0070403466853614025, 0.08648517539272277, 0.016762309790577534, 0.0, nan, nan]]","[[nan, nan, nan, nan, nan, nan, nan], [0.0006379997049898879, 0.0005187200171218672, nan, nan, 0.31999999999999995, nan, nan], [0.0004223454616073506, 0.0002424450918419199, 0.003000000000000058, 0.00014826187756402168, 0.0, nan, nan], [0.00034335984300238546, 0.00019906344535992274, 0.022000000000000193, 0.00020389901151340352, 0.0, nan, nan]]","['surf_dist', 'centerline_dist', 'orient_err', 'speed', 'normal_load', 'start_dist', 'insertion_err']","[0.046981054129075855, 0.028274665191392375, 0.25437885626177925, 0.012164135734325808, 0.999085892861233, 0.35645552283983406, 0.34256459093642816]","[[0.0077217949509275265, 0.0041120163263863715, 0.09553820187614892, 0.0065517909087277485, 0.5679300155645604, 0.22859836971998052, 0.16683233339506573], [0.0006379997049898879, 0.0005187200171218672, 0.09553820187614892, 0.0065517909087277485, 0.72, 0.22859836971998052, 0.16683233339506573], [0.0004223454616073506, 0.0002424450918419199, 0.05699999999999994, 0.007051738122435978, 0.72, 0.22859836971998052, 0.16683233339506573], [0.00034335984300238546, 0.00019906344535992274, 0.037999999999999805, 0.0026761009884865967, 1.0, 0.22859836971998052, 0.16683233339506573]]","[[nan, nan, nan, nan, nan, nan, nan], [0.0006379997049898879, 0.0005187200171218672, nan, nan, 0.72, nan, nan], [0.0004223454616073506, 0.0002424450918419199, 0.05699999999999994, 0.007051738122435978, 0.72, nan, nan], [0.00034335984300238546, 0.00019906344535992274, 0.037999999999999805, 0.0026761009884865967, 1.0, nan, nan]]",[],"[[0, 0, 0, 0, 0, 0, 0], [1, 1, 0, 0, 1, 0, 0], [1, 1, 1, 1, 1, 0, 0], [1, 1, 1, 1, 1, 0, 0]]","[['', '', '', '', '', '', ''], ['target_value', 'target_value', '', '', 'lower_bound', '', ''], ['target_value', 'target_value', 'upper_bound', 'upper_bound', 'lower_bound', '', ''], ['target_value', 'target_value', 'upper_bound', 'upper_bound', 'lower_bound', '', '']]","[[nan, nan, nan, nan, nan, nan, nan], [0.0, 0.0, nan, nan, 0.4, nan, nan], [0.0, 0.0, 0.06, 0.0072, 0.72, nan, nan], [0.0, 0.0, 0.06, 0.00288, 1.0, nan, nan]]","[[0, 0, 0, 0, 0, 0, 0], [1, 1, 0, 0, 1, 0, 0], [1, 1, 1, 1, 1, 0, 0], [1, 1, 1, 1, 1, 0, 0]]",39.86666666666666,0.039335460874357214,0.026747391881000074,0.10125979080483712,4425.004492836977,-21199998735.30822,-21199998735.30822,4425.004492836977,,,
arhsmm,S4SlideInsertRealistic,0,2,"[[nan, nan, nan, nan, nan, nan, nan], [0.015772064388551048, 0.01509994149556713, nan, nan, 0.3202927819184472, nan, nan], [0.010037446846608265, 0.0, 0.031157958811519025, 0.011717953300943206, 0.09445999308621292, nan, nan], [0.006778720519358089, 0.007622663920025668, 0.08648517539272277, 0.016764630164861766, 0.0, nan, nan]]","[[nan, nan, nan, nan, nan, nan, nan], [0.0007409882107657865, 0.0004269457901967732, nan, nan, 0.31999999999999995, nan, nan], [0.0004715698336182246, 0.0, 0.007925925925925836, 0.0001425387744811643, 0.09437364653220492, nan, nan], [0.0003184714356458396, 0.0002155282702052323, 0.022000000000000193, 0.00020392723686115137, 0.0, nan, nan]]","['surf_dist', 'centerline_dist', 'orient_err', 'speed', 'normal_load', 'start_dist', 'insertion_err']","[0.046981054129075855, 0.028274665191392375, 0.25437885626177925, 0.012164135734325808, 0.999085892861233, 0.35645552283983406, 0.34256459093642816]","[[0.0077217949509275265, 0.0041120163263863715, 0.09553820187614892, 0.0065517909087277485, 0.5679300155645604, 0.22859836971998052, 0.16683233339506573], [0.0007409882107657865, 0.0004269457901967732, 0.09553820187614892, 0.0065517909087277485, 0.72, 0.22859836971998052, 0.16683233339506573], [0.0004715698336182246, 0.0, 0.05207407407407416, 0.0070574612255188355, 0.8143736465322049, 0.22859836971998052, 0.16683233339506573], [0.0003184714356458396, 0.0002155282702052323, 0.037999999999999805, 0.002676072763138849, 1.0, 0.22859836971998052, 0.16683233339506573]]","[[nan, nan, nan, nan, nan, nan, nan], [0.0007409882107657865, 0.0004269457901967732, nan, nan, 0.72, nan, nan], [0.0004715698336182246, 0.0, 0.05207407407407416, 0.0070574612255188355, 0.8143736465322049, nan, nan], [0.0003184714356458396, 0.0002155282702052323, 0.037999999999999805, 0.002676072763138849, 1.0, nan, nan]]",[],"[[0, 0, 0, 0, 0, 0, 0], [1, 1, 0, 0, 1, 0, 0], [1, 1, 1, 1, 1, 0, 0], [1, 1, 1, 1, 1, 0, 0]]","[['', '', '', '', '', '', ''], ['target_value', 'target_value', '', '', 'lower_bound', '', ''], ['target_value', 'target_value', 'upper_bound', 'upper_bound', 'lower_bound', '', ''], ['target_value', 'target_value', 'upper_bound', 'upper_bound', 'lower_bound', '', '']]","[[nan, nan, nan, nan, nan, nan, nan], [0.0, 0.0, nan, nan, 0.4, nan, nan], [0.0, 0.0, 0.06, 0.0072, 0.72, nan, nan], [0.0, 0.0, 0.06, 0.00288, 1.0, nan, nan]]","[[0, 0, 0, 0, 0, 0, 0], [1, 1, 0, 0, 1, 0, 0], [1, 1, 1, 1, 1, 0, 0], [1, 1, 1, 1, 1, 0, 0]]",30.5,0.04739917921883208,0.034370734000761925,0.09573770140141283,4858.67222333998,-14999998260.76241,-14999998260.76241,4858.67222333998,,,
arhsmm,S4SlideInsertRealistic,0,3,"[[nan, nan, nan, nan, nan, nan, nan], [0.15710116417136874, 0.15486028299139976, nan, nan, 0.39145696180111267, nan, nan], [0.01450589161276903, 0.010298426446128467, 0.21886272517004624, 0.011177200797498243, 0.3225067172282159, nan, nan], [0.004829734869893715, 0.005494113126363193, 0.08648517539272277, 0.016806028444215915, 0.0, nan, nan]]","[[nan, nan, nan, nan, nan, nan, nan], [0.007380778297675907, 0.004378622653026103, nan, nan, 0.39109912819781023, nan, nan], [0.0006815020790500092, 0.00029118455976246327, 0.055674049707092485, 0.0001359609876305833, 0.3222119115356972, nan, nan], [0.00022690603535156176, 0.0001553442091715533, 0.022000000000000193, 0.00020443081115038278, 0.0, nan, nan]]","['surf_dist', 'centerline_dist', 'orient_err', 'speed', 'normal_load', 'start_dist', 'insertion_err']","[0.046981054129075855, 0.028274665191392375, 0.25437885626177925, 0.012164135734325808, 0.999085892861233, 0.35645552283983406, 0.34256459093642816]","[[0.0077217949509275265, 0.0041120163263863715, 0.09553820187614892, 0.0065517909087277485, 0.5679300155645604, 0.22859836971998052, 0.16683233339506573], [0.007380778297675907, 0.004378622653026103, 0.09553820187614892, 0.0065517909087277485, 0.008900871802189791, 0.22859836971998052, 0.16683233339506573], [0.0006815020790500092, 0.00029118455976246327, 0.11567404970709248, 0.0070640390123694165, 0.39778808846430275, 0.22859836971998052, 0.16683233339506573], [0.00022690603535156176, 0.0001553442091715533, 0.037999999999999805, 0.0026755691888496174, 1.0, 0.22859836971998052, 0.16683233339506573]]","[[nan, nan, nan, nan, nan, nan, nan], [0.007380778297675907, 0.004378622653026103, nan, nan, 0.008900871802189791, nan, nan], [0.0006815020790500092, 0.00029118455976246327, 0.11567404970709248, 0.0070640390123694165, 0.39778808846430275, nan, nan], [0.00022690603535156176, 0.0001553442091715533, 0.037999999999999805, 0.0026755691888496174, 1.0, nan, nan]]",[],"[[0, 0, 0, 0, 0, 0, 0], [1, 1, 0, 0, 1, 0, 0], [1, 1, 1, 1, 1, 0, 0], [1, 1, 1, 1, 1, 0, 0]]","[['', '', '', '', '', '', ''], ['target_value', 'target_value', '', '', 'lower_bound', '', ''], ['target_value', 'target_value', 'upper_bound', 'upper_bound', 'lower_bound', '', ''], ['target_value', 'target_value', 'upper_bound', 'upper_bound', 'lower_bound', '', '']]","[[nan, nan, nan, nan, nan, nan, nan], [0.0, 0.0, nan, nan, 0.4, nan, nan], [0.0, 0.0, 0.06, 0.0072, 0.72, nan, nan], [0.0, 0.0, 0.06, 0.00288, 1.0, nan, nan]]","[[0, 0, 0, 0, 0, 0, 0], [1, 1, 0, 0, 1, 0, 0], [1, 1, 1, 1, 1, 0, 0], [1, 1, 1, 1, 1, 0, 0]]",14.2,0.10726034015782576,0.061879986082570664,0.06783066277842453,4728.7835642815935,-51466665844.566,-51466665844.566,4728.7835642815935,,,
arhsmm,S4SlideInsertRealistic,0,4,"[[nan, nan, nan, nan, nan, nan, nan], [0.015402062458471776, 0.014415448912002589, nan, nan, 0.3202927819184472, nan, nan], [0.008689553903615978, 0.009930660816808323, 0.08642633656504357, 0.3720865351368238, 0.28025618417864134, nan, nan], [0.004829734869893715, 0.005058470509563754, 0.08648517539272277, 0.017148710689529174, 0.0, nan, nan]]","[[nan, nan, nan, nan, nan, nan, nan], [0.0007236051300608696, 0.00040759199157049467, nan, nan, 0.31999999999999995, nan, nan], [0.0004082444023033047, 0.00028078610972453446, 0.021985032646311374, 0.004526111118319314, 0.28, nan, nan], [0.00022690603535156176, 0.00014302656003844713, 0.022000000000000193, 0.00020859924449611678, 0.0, nan, nan]]","['surf_dist', 'centerline_dist', 'orient_err', 'speed', 'normal_load', 'start_dist', 'insertion_err']","[0.046981054129075855, 0.028274665191392375, 0.25437885626177925, 0.012164135734325808, 0.999085892861233, 0.35645552283983406, 0.34256459093642816]","[[0.0077217949509275265, 0.0041120163263863715, 0.09553820187614892, 0.0065517909087277485, 0.5679300155645604, 0.22859836971998052, 0.16683233339506573], [0.0007236051300608696, 0.00040759199157049467, 0.09553820187614892, 0.0065517909087277485, 0.72, 0.22859836971998052, 0.16683233339506573], [0.0004082444023033047, 0.00028078610972453446, 0.038014967353688624, 0.0026738888816806856, 1.0, 0.22859836971998052, 0.16683233339506573], [0.00022690603535156176, 0.00014302656003844713, 0.037999999999999805, 0.0026714007555038834, 1.0, 0.22859836971998052, 0.16683233339506573]]","[[nan, nan, nan, nan, nan, nan, nan], [0.0007236051300608696, 0.00040759199157049467, nan, nan, 0.72, nan, nan], [0.0004082444023033047, 0.00028078610972453446, 0.038014967353688624, 0.0026738888816806856, 1.0, nan, nan], [0.00022690603535156176, 0.00014302656003844713, 0.037999999999999805, 0.0026714007555038834, 1.0, nan, nan]]",[],"[[0, 0, 0, 0, 0, 0, 0], [1, 1, 0, 0, 1, 0, 0], [1, 1, 1, 1, 1, 0, 0], [1, 1, 1, 1, 1, 0, 0]]","[['', '', '', '', '', '', ''], ['target_value', 'target_value', '', '', 'lower_bound', '', ''], ['target_value', 'target_value', 'upper_bound', 'upper_bound', 'lower_bound', '', ''], ['target_value', 'target_value', 'upper_bound', 'upper_bound', 'lower_bound', '', '']]","[[nan, nan, nan, nan, nan, nan, nan], [0.0, 0.0, nan, nan, 0.4, nan, nan], [0.0, 0.0, 0.06, 0.0072, 0.72, nan, nan], [0.0, 0.0, 0.06, 0.00288, 1.0, nan, nan]]","[[0, 0, 0, 0, 0, 0, 0], [1, 1, 0, 0, 1, 0, 0], [1, 1, 1, 1, 1, 0, 0], [1, 1, 1, 1, 1, 0, 0]]",36.63333333333334,0.09392474271935108,0.05006999255678279,0.1030032627218452,4746.455163891293,-11999998158.025608,-11999998158.025608,4746.455163891293,,,
arhsmm,S4SlideInsertRealistic,0,5,"[[nan, nan, nan, nan, nan, nan, nan], [0.35396947526066413, 0.34633726330117953, nan, nan, 0.3927628010317362, nan, nan], [0.015055421588282974, 0.003000193747972384, 0.25219373551174873, 0.5045745110794647, 0.3202927819184472, nan, nan], [0.012674025484822967, 0.011562525115199477, 0.011793433008098684, 0.34377479790010884, 0.28025618417864134, nan, nan]]","[[nan, nan, nan, nan, nan, nan, nan], [0.01662985907726184, 0.009792570163143957, nan, nan, 0.39240377375147095, nan, nan], [0.0007073195765751796, 8.48294737332278e-05, 0.0641527539958643, 0.00613771284085169, 0.31999999999999995, nan, nan], [0.0005954390773357547, 0.00032692652639933076, 0.003000000000000058, 0.004181723303697347, 0.28, nan, nan]]","['surf_dist', 'centerline_dist', 'orient_err', 'speed', 'normal_load', 'start_dist', 'insertion_err']","[0.046981054129075855, 0.028274665191392375, 0.25437885626177925, 0.012164135734325808, 0.999085892861233, 0.35645552283983406, 0.34256459093642816]","[[0.0077217949509275265, 0.0041120163263863715, 0.09553820187614892, 0.0065517909087277485, 0.5679300155645604, 0.22859836971998052, 0.16683233339506573], [0.01662985907726184, 0.009792570163143957, 0.09553820187614892, 0.0065517909087277485, 0.00759622624852907, 0.22859836971998052, 0.16683233339506573], [0.0007073195765751796, 8.48294737332278e-05, 0.1241527539958643, 0.0010622871591483094, 0.4, 0.22859836971998052, 0.16683233339506573], [0.0005954390773357547, 0.00032692652639933076, 0.05699999999999994, 0.0070617233036973474, 0.72, 0.22859836971998052, 0.16683233339506573]]","[[nan, nan, nan, nan, nan, nan, nan], [0.01662985907726184, 0.009792570163143957, nan, nan, 0.00759622624852907, nan, nan], [0.0007073195765751796, 8.48294737332278e-05, 0.1241527539958643, 0.0010622871591483094, 0.4, nan, nan], [0.0005954390773357547, 0.00032692652639933076, 0.05699999999999994, 0.0070617233036973474, 0.72, nan, nan]]",[],"[[0, 0, 0, 0, 0, 0, 0], [1, 1, 0, 0, 1, 0, 0], [1, 1, 1, 1, 1, 0, 0], [1, 1, 1, 1, 1, 0, 0]]","[['', '', '', '', '', '', ''], ['target_value', 'target_value', '', '', 'lower_bound', '', ''], ['target_value', 'target_value', 'upper_bound', 'upper_bound', 'lower_bound', '', ''], ['target_value', 'target_value', 'upper_bound', 'upper_bound', 'lower_bound', '', '']]","[[nan, nan, nan, nan, nan, nan, nan], [0.0, 0.0, nan, nan, 0.4, nan, nan], [0.0, 0.0, 0.06, 0.0072, 0.72, nan, nan], [0.0, 0.0, 0.06, 0.00288, 1.0, nan, nan]]","[[0, 0, 0, 0, 0, 0, 0], [1, 1, 0, 0, 1, 0, 0], [1, 1, 1, 1, 1, 0, 0], [1, 1, 1, 1, 1, 0, 0]]",38.53333333333333,0.21909593454818208,0.0844625313681795,0.12372984384313228,4861.2510942282515,-49799998804.8233,-49799998804.8233,4861.2510942282515,,,
arhsmm,S4SlideInsertRealistic,0,6,"[[nan, nan, nan, nan, nan, nan, nan], [0.015703000629063945, 0.014616831432360516, nan, nan, 0.3202927819184472, nan, nan], [0.00957568367089561, 0.002170478838638389, 0.08648517539272277, 0.37304266411688697, 0.28025618417864134, nan, nan], [0.0053693427099328435, 0.008791042221590295, 0.08648517539272277, 0.016769418031245438, 0.0, nan, nan]]","[[nan, nan, nan, nan, nan, nan, nan], [0.0007377435225429654, 0.0004132860149090138, nan, nan, 0.31999999999999995, nan, nan], [0.00044987571286525443, 6.136956246750262e-05, 0.022000000000000193, 0.004537741601012325, 0.28, nan, nan], [0.00025225738049291374, 0.00024856377549885983, 0.022000000000000193, 0.00020398547711772018, 0.0, nan, nan]]","['surf_dist', 'centerline_dist', 'orient_err', 'speed', 'normal_load', 'start_dist', 'insertion_err']","[0.046981054129075855, 0.028274665191392375, 0.25437885626177925, 0.012164135734325808, 0.999085892861233, 0.35645552283983406, 0.34256459093642816]","[[0.0077217949509275265, 0.0041120163263863715, 0.09553820187614892, 0.0065517909087277485, 0.5679300155645604, 0.22859836971998052, 0.16683233339506573], [0.0007377435225429654, 0.0004132860149090138, 0.09553820187614892, 0.0065517909087277485, 0.72, 0.22859836971998052, 0.16683233339506573], [0.00044987571286525443, 6.136956246750262e-05, 0.037999999999999805, 0.0026622583989876747, 1.0, 0.22859836971998052, 0.16683233339506573], [0.00025225738049291374, 0.00024856377549885983, 0.037999999999999805, 0.00267601452288228, 1.0, 0.22859836971998052, 0.16683233339506573]]","[[nan, nan, nan, nan, nan, nan, nan], [0.0007377435225429654, 0.0004132860149090138, nan, nan, 0.72, nan, nan], [0.00044987571286525443, 6.136956246750262e-05, 0.037999999999999805, 0.0026622583989876747, 1.0, nan, nan], [0.00025225738049291374, 0.00024856377549885983, 0.037999999999999805, 0.00267601452288228, 1.0, nan, nan]]",[],"[[0, 0, 0, 0, 0, 0, 0], [1, 1, 0, 0, 1, 0, 0], [1, 1, 1, 1, 1, 0, 0], [1, 1, 1, 1, 1, 0, 0]]","[['', '', '', '', '', '', ''], ['target_value', 'target_value', '', '', 'lower_bound', '', ''], ['target_value', 'target_value', 'upper_bound', 'upper_bound', 'lower_bound', '', ''], ['target_value', 'target_value', 'upper_bound', 'upper_bound', 'lower_bound', '', '']]","[[nan, nan, nan, nan, nan, nan, nan], [0.0, 0.0, nan, nan, 0.4, nan, nan], [0.0, 0.0, 0.06, 0.0072, 0.72, nan, nan], [0.0, 0.0, 0.06, 0.00288, 1.0, nan, nan]]","[[0, 0, 0, 0, 0, 0, 0], [1, 1, 0, 0, 1, 0, 0], [1, 1, 1, 1, 1, 0, 0], [1, 1, 1, 1, 1, 0, 0]]",32.13333333333333,0.09381213681024216,0.050069601772839006,0.10019243006701475,4660.436898094455,-12199998320.567873,-12199998320.567873,4660.436898094455,,,
arhsmm,S4SlideInsertRealistic,0,7,"[[nan, nan, nan, nan, nan, nan, nan], [0.30248345202379173, 0.32618187604222376, nan, nan, 0.3927628010317362, nan, nan], [0.014211521640768608, 0.003069493448282893, 0.21900762214162411, 0.5040993169185699, 0.3202927819184472, nan, nan], [0.012567149014227794, 0.011562525115199477, 0.011793433008098684, 0.3438323423875153, 0.28025618417864134, nan, nan]]","[[nan, nan, nan, nan, nan, nan, nan], [0.014210991432679478, 0.009222683336594126, nan, nan, 0.39240377375147095, nan, nan], [0.0006676722674614829, 8.678889955737127e-05, 0.055710908432998266, 0.0061319325145784065, 0.31999999999999995, nan, nan], [0.0005904179080855982, 0.00032692652639933076, 0.003000000000000058, 0.004182423282652921, 0.28, nan, nan]]","['surf_dist', 'centerline_dist', 'orient_err', 'speed', 'normal_load', 'start_dist', 'insertion_err']","[0.046981054129075855, 0.028274665191392375, 0.25437885626177925, 0.012164135734325808, 0.999085892861233, 0.35645552283983406, 0.34256459093642816]","[[0.0077217949509275265, 0.0041120163263863715, 0.09553820187614892, 0.0065517909087277485, 0.5679300155645604, 0.22859836971998052, 0.16683233339506573], [0.014210991432679478, 0.009222683336594126, 0.09553820187614892, 0.0065517909087277485, 0.00759622624852907, 0.22859836971998052, 0.16683233339506573], [0.0006676722674614829, 8.678889955737127e-05, 0.11571090843299826, 0.0010680674854215933, 0.4, 0.22859836971998052, 0.16683233339506573], [0.0005904179080855982, 0.00032692652639933076, 0.05699999999999994, 0.007062423282652921, 0.72, 0.22859836971998052, 0.16683233339506573]]","[[nan, nan, nan, nan, nan, nan, nan], [0.014210991432679478, 0.009222683336594126, nan, nan, 0.00759622624852907, nan, nan], [0.0006676722674614829, 8.678889955737127e-05, 0.11571090843299826, 0.0010680674854215933, 0.4, nan, nan], [0.0005904179080855982, 0.00032692652639933076, 0.05699999999999994, 0.007062423282652921, 0.72, nan, nan]]",[],"[[0, 0, 0, 0, 0, 0, 0], [1, 1, 0, 0, 1, 0, 0], [1, 1, 1, 1, 1, 0, 0], [1, 1, 1, 1, 1, 0, 0]]","[['', '', '', '', '', '', ''], ['target_value', 'target_value', '', '', 'lower_bound', '', ''], ['target_value', 'target_value', 'upper_bound', 'upper_bound', 'lower_bound', '', ''], ['target_value', 'target_value', 'upper_bound', 'upper_bound', 'lower_bound', '', '']]","[[nan, nan, nan, nan, nan, nan, nan], [0.0, 0.0, nan, nan, 0.4, nan, nan], [0.0, 0.0, 0.06, 0.0072, 0.72, nan, nan], [0.0, 0.0, 0.06, 0.00288, 1.0, nan, nan]]","[[0, 0, 0, 0, 0, 0, 0], [1, 1, 0, 0, 1, 0, 0], [1, 1, 1, 1, 1, 0, 0], [1, 1, 1, 1, 1, 0, 0]]",37.93333333333333,0.2109323460668559,0.08357957833480598,0.12122973771045853,4831.32340675907,-49133332155.49251,-49133332155.49251,4831.32340675907,,,
arhsmm,S4SlideInsertRealistic,0,8,"[[nan, nan, nan, nan, nan, nan, nan], [0.01562207908554706, 0.01464550098318083, nan, nan, 0.3202927819184472, nan, nan], [0.009604033646844763, 0.0021912536434353386, 0.08648517539272277, 0.3701786921963442, 0.28025618417864134, nan, nan], [0.006433702620210518, 0.008177154673899492, 0.08648517539272277, 0.016781056875039516, 0.0, nan, nan]]","[[nan, nan, nan, nan, nan, nan, nan], [0.0007339417431267902, 0.00041409663685964583, nan, nan, 0.31999999999999995, nan, nan], [0.0004512076246198796, 6.195696311755289e-05, 0.022000000000000193, 0.0045029038578315445, 0.28, nan, nan], [0.0003022621310504875, 0.00023120631062273746, 0.022000000000000193, 0.00020412705359342193, 0.0, nan, nan]]","['surf_dist', 'centerline_dist', 'orient_err', 'speed', 'normal_load', 'start_dist', 'insertion_err']","[0.046981054129075855, 0.028274665191392375, 0.25437885626177925, 0.012164135734325808, 0.999085892861233, 0.35645552283983406, 0.34256459093642816]","[[0.0077217949509275265, 0.0041120163263863715, 0.09553820187614892, 0.0065517909087277485, 0.5679300155645604, 0.22859836971998052, 0.16683233339506573], [0.0007339417431267902, 0.00041409663685964583, 0.09553820187614892, 0.0065517909087277485, 0.72, 0.22859836971998052, 0.16683233339506573], [0.0004512076246198796, 6.195696311755289e-05, 0.037999999999999805, 0.002697096142168455, 1.0, 0.22859836971998052, 0.16683233339506573], [0.0003022621310504875, 0.00023120631062273746, 0.037999999999999805, 0.0026758729464065783, 1.0, 0.22859836971998052, 0.16683233339506573]]","[[nan, nan, nan, nan, nan, nan, nan], [0.0007339417431267902, 0.00041409663685964583, nan, nan, 0.72, nan, nan], [0.0004512076246198796, 6.195696311755289e-05, 0.037999999999999805, 0.002697096142168455, 1.0, nan, nan], [0.0003022621310504875, 0.00023120631062273746, 0.037999999999999805, 0.0026758729464065783, 1.0, nan, nan]]",[],"[[0, 0, 0, 0, 0, 0, 0], [1, 1, 0, 0, 1, 0, 0], [1, 1, 1, 1, 1, 0, 0], [1, 1, 1, 1, 1, 0, 0]]","[['', '', '', '', '', '', ''], ['target_value', 'target_value', '', '', 'lower_bound', '', ''], ['target_value', 'target_value', 'upper_bound', 'upper_bound', 'lower_bound', '', ''], ['target_value', 'target_value', 'upper_bound', 'upper_bound', 'lower_bound', '', '']]","[[nan, nan, nan, nan, nan, nan, nan], [0.0, 0.0, nan, nan, 0.4, nan, nan], [0.0, 0.0, 0.06, 0.0072, 0.72, nan, nan], [0.0, 0.0, 0.06, 0.00288, 1.0, nan, nan]]","[[0, 0, 0, 0, 0, 0, 0], [1, 1, 0, 0, 1, 0, 0], [1, 1, 1, 1, 1, 0, 0], [1, 1, 1, 1, 1, 0, 0]]",31.633333333333333,0.09362713773900276,0.050069361716986345,0.10170369372889179,4844.795482128755,-12799998259.947031,-12799998259.947031,4844.795482128755,,,
arhsmm,S4SlideInsertRealistic,0,9,"[[nan, nan, nan, nan, nan, nan, nan], [0.48770570556308757, 0.4873071565176536, nan, nan, 0.39307180330638664, nan, nan], [0.01468475949917322, 0.010099090452314753, 0.255261168749787, 0.011177200797498243, 0.3225067172282159, nan, nan], [0.005617058107509595, 0.005397751239473325, 0.08648517539272277, 0.016802711144163943, 0.0, nan, nan]]","[[nan, nan, nan, nan, nan, nan, nan], [0.02291292815211855, 0.013778446695906096, nan, nan, 0.3927124935649362, nan, nan], [0.0006899054809031179, 0.000285548401276787, 0.06493304415461584, 0.0001359609876305833, 0.3222119115356972, nan, nan], [0.0002638953109950727, 0.00015261960908253148, 0.022000000000000193, 0.00020439045906227912, 0.0, nan, nan]]","['surf_dist', 'centerline_dist', 'orient_err', 'speed', 'normal_load', 'start_dist', 'insertion_err']","[0.046981054129075855, 0.028274665191392375, 0.25437885626177925, 0.012164135734325808, 0.999085892861233, 0.35645552283983406, 0.34256459093642816]","[[0.0077217949509275265, 0.0041120163263863715, 0.09553820187614892, 0.0065517909087277485, 0.5679300155645604, 0.22859836971998052, 0.16683233339506573], [0.02291292815211855, 0.013778446695906096, 0.09553820187614892, 0.0065517909087277485, 0.0072875064350638175, 0.22859836971998052, 0.16683233339506573], [0.0006899054809031179, 0.000285548401276787, 0.12493304415461584, 0.0070640390123694165, 0.39778808846430275, 0.22859836971998052, 0.16683233339506573], [0.0002638953109950727, 0.00015261960908253148, 0.037999999999999805, 0.002675609540937721, 1.0, 0.22859836971998052, 0.16683233339506573]]","[[nan, nan, nan, nan, nan, nan, nan], [0.02291292815211855, 0.013778446695906096, nan, nan, 0.0072875064350638175, nan, nan], [0.0006899054809031179, 0.000285548401276787, 0.12493304415461584, 0.0070640390123694165, 0.39778808846430275, nan, nan], [0.0002638953109950727, 0.00015261960908253148, 0.037999999999999805, 0.002675609540937721, 1.0, nan, nan]]",[],"[[0, 0, 0, 0, 0, 0, 0], [1, 1, 0, 0, 1, 0, 0], [1, 1, 1, 1, 1, 0, 0], [1, 1, 1, 1, 1, 0, 0]]","[['', '', '', '', '', '', ''], ['target_value', 'target_value', '', '', 'lower_bound', '', ''], ['target_value', 'target_value', 'upper_bound', 'upper_bound', 'lower_bound', '', ''], ['target_value', 'target_value', 'upper_bound', 'upper_bound', 'lower_bound', '', '']]","[[nan, nan, nan, nan, nan, nan, nan], [0.0, 0.0, nan, nan, 0.4, nan, nan], [0.0, 0.0, 0.06, 0.0072, 0.72, nan, nan], [0.0, 0.0, 0.06, 0.00288, 1.0, nan, nan]]","[[0, 0, 0, 0, 0, 0, 0], [1, 1, 0, 0, 1, 0, 0], [1, 1, 1, 1, 1, 0, 0], [1, 1, 1, 1, 1, 0, 0]]",19.166666666666664,0.16123971523061437,0.06463701110401728,0.09174118399232242,4637.39702676508,-51399999159.823616,-51399999159.823616,4637.39702676508,,,
cluster,S4SlideInsertRealistic,0,0,"[[nan, nan, nan, nan, nan, nan, nan], [0.2657479300751387, 0.3112504987061941, nan, nan, 0.39277700490949824, nan, nan], [0.01824084015422808, 0.01023208945706818, 0.2894485164784601, 0.011753513482263778, 0.3233989990532334, nan, nan], [0.009231732040302167, 0.009662264024068003, 0.011793433008098684, 0.34386411295731534, 0.28025618417864134, nan, nan]]","[[nan, nan, nan, nan, nan, nan, nan], [0.012485117887549958, 0.008800503641571544, nan, nan, 0.39241796464536693, nan, nan], [0.0008569738986456098, 0.0002893089036069786, 0.07362958256845945, 0.000142971333353485, 0.3231033777195287, nan, nan], [0.00043371650269056, 0.0002731972802713584, 0.003000000000000058, 0.004182809744176326, 0.28, nan, nan]]","['surf_dist', 'centerline_dist', 'orient_err', 'speed', 'normal_load', 'start_dist', 'insertion_err']","[0.046981054129075855, 0.028274665191392375, 0.25437885626177925, 0.012164135734325808, 0.999085892861233, 0.35645552283983406, 0.34256459093642816]","[[0.0077217949509275265, 0.0041120163263863715, 0.09553820187614892, 0.0065517909087277485, 0.5679300155645604, 0.22859836971998052, 0.16683233339506573], [0.012485117887549958, 0.008800503641571544, 0.09553820187614892, 0.0065517909087277485, 0.007582035354633088, 0.22859836971998052, 0.16683233339506573], [0.0008569738986456098, 0.0002893089036069786, 0.13362958256845944, 0.007057028666646515, 0.3968966222804713, 0.22859836971998052, 0.16683233339506573], [0.00043371650269056, 0.0002731972802713584, 0.05699999999999994, 0.007062809744176326, 0.72, 0.22859836971998052, 0.16683233339506573]]","[[nan, nan, nan, nan, nan, nan, nan], [0.012485117887549958, 0.008800503641571544, nan, nan, 0.007582035354633088, nan, nan], [0.0008569738986456098, 0.0002893089036069786, 0.13362958256845944, 0.007057028666646515, 0.3968966222804713, nan, nan], [0.00043371650269056, 0.0002731972802713584, 0.05699999999999994, 0.007062809744176326, 0.72, nan, nan]]",[],"[[0, 0, 0, 0, 0, 0, 0], [1, 1, 0, 0, 1, 0, 0], [1, 1, 1, 1, 1, 0, 0], [1, 1, 1, 1, 1, 0, 0]]","[['', '', '', '', '', '', ''], ['target_value', 'target_value', '', '', 'lower_bound', '', ''], ['target_value', 'target_value', 'upper_bound', 'upper_bound', 'lower_bound', '', ''], ['target_value', 'target_value', 'upper_bound', 'upper_bound', 'lower_bound', '', '']]","[[nan, nan, nan, nan, nan, nan, nan], [0.0, 0.0, nan, nan, 0.4, nan, nan], [0.0, 0.0, 0.06, 0.0072, 0.72, nan, nan], [0.0, 0.0, 0.06, 0.00288, 1.0, nan, nan]]","[[0, 0, 0, 0, 0, 0, 0], [1, 1, 0, 0, 1, 0, 0], [1, 1, 1, 1, 1, 0, 0], [1, 1, 1, 1, 1, 0, 0]]",23.266666666666666,0.1752043937326546,0.0845858095480939,0.09232149131811103,1060.1801479772362,-44466665779.50928,-44466665779.50928,,1060.1801479772362,,
cluster,S4SlideInsertRealistic,0,1,"[[nan, nan, nan, nan, nan, nan, nan], [0.07231960660546523, 0.060828889546237094, nan, nan, 0.39217240677221, nan, nan], [0.018933123058453835, 0.014295441622065067, 0.011793433008098684, 0.011788749644500685, 0.21058142986743827, nan, nan], [0.007865825970394947, 0.008853992297303227, 0.011793433008098684, 0.34386152495442335, 0.2803046406457593, nan, nan]]","[[nan, nan, nan, nan, nan, nan, nan], [0.0033976513525248338, 0.0017199164858840415, nan, nan, 0.3918139191755521, nan, nan], [0.0008894980792416738, 0.0004041988256269849, 0.003000000000000058, 0.00014339995081369145, 0.21038893587910468, nan, nan], [0.00036954479568501557, 0.00025034366781341577, 0.003000000000000058, 0.004182778263357867, 0.2800484121727155, nan, nan]]","['surf_dist', 'centerline_dist', 'orient_err', 'speed', 'normal_load', 'start_dist', 'insertion_err']","[0.046981054129075855, 0.028274665191392375, 0.25437885626177925, 0.012164135734325808, 0.999085892861233, 0.35645552283983406, 0.34256459093642816]","[[0.0077217949509275265, 0.0041120163263863715, 0.09553820187614892, 0.0065517909087277485, 0.5679300155645604, 0.22859836971998052, 0.16683233339506573], [0.0033976513525248338, 0.0017199164858840415, 0.09553820187614892, 0.0065517909087277485, 0.008186080824447939, 0.22859836971998052, 0.16683233339506573], [0.0008894980792416738, 0.0004041988256269849, 0.05699999999999994, 0.007056600049186308, 0.5096110641208953, 0.22859836971998052, 0.16683233339506573], [0.00036954479568501557, 0.00025034366781341577, 0.05699999999999994, 0.007062778263357866, 0.7199515878272845, 0.22859836971998052, 0.16683233339506573]]","[[nan, nan, nan, nan, nan, nan, nan], [0.0033976513525248338, 0.0017199164858840415, nan, nan, 0.008186080824447939, nan, nan], [0.0008894980792416738, 0.0004041988256269849, 0.05699999999999994, 0.007056600049186308, 0.5096110641208953, nan, nan], [0.00036954479568501557, 0.00025034366781341577, 0.05699999999999994, 0.007062778263357866, 0.7199515878272845, nan, nan]]",[],"[[0, 0, 0, 0, 0, 0, 0], [1, 1, 0, 0, 1, 0, 0], [1, 1, 1, 1, 1, 0, 0], [1, 1, 1, 1, 1, 0, 0]]","[['', '', '', '', '', '', ''], ['target_value', 'target_value', '', '', 'lower_bound', '', ''], ['target_value', 'target_value', 'upper_bound', 'upper_bound', 'lower_bound', '', ''], ['target_value', 'target_value', 'upper_bound', 'upper_bound', 'lower_bound', '', '']]","[[nan, nan, nan, nan, nan, nan, nan], [0.0, 0.0, nan, nan, 0.4, nan, nan], [0.0, 0.0, 0.06, 0.0072, 0.72, nan, nan], [0.0, 0.0, 0.06, 0.00288, 1.0, nan, nan]]","[[0, 0, 0, 0, 0, 0, 0], [1, 1, 0, 0, 1, 0, 0], [1, 1, 1, 1, 1, 0, 0], [1, 1, 1, 1, 1, 0, 0]]",13.533333333333335,0.11118403823080372,0.06920066143448614,0.06378707984011103,1114.0589377954639,-43333332348.48029,-43333332348.48029,,1114.0589377954639,,
cluster,S4SlideInsertRealistic,0,2,"[[nan, nan, nan, nan, nan, nan, nan], [0.07231960660546523, 0.060828889546237094, nan, nan, 0.39217240677221, nan, nan], [0.018933123058453835, 0.014295441622065067, 0.011793433008098684, 0.011788749644500685, 0.21058142986743827, nan, nan], [0.007865825970394947, 0.008853992297303227, 0.011793433008098684, 0.34386152495442335, 0.2803046406457593, nan, nan]]","[[nan, nan, nan, nan, nan, nan, nan], [0.0033976513525248338, 0.0017199164858840415, nan, nan, 0.3918139191755521, nan, nan], [0.0008894980792416738, 0.0004041988256269849, 0.003000000000000058, 0.00014339995081369145, 0.21038893587910468, nan, nan], [0.00036954479568501557, 0.00025034366781341577, 0.003000000000000058, 0.004182778263357867, 0.2800484121727155, nan, nan]]","['surf_dist', 'centerline_dist', 'orient_err', 'speed', 'normal_load', 'start_dist', 'insertion_err']","[0.046981054129075855, 0.028274665191392375, 0.25437885626177925, 0.012164135734325808, 0.999085892861233, 0.35645552283983406, 0.34256459093642816]","[[0.0077217949509275265, 0.0041120163263863715, 0.09553820187614892, 0.0065517909087277485, 0.5679300155645604, 0.22859836971998052, 0.16683233339506573], [0.0033976513525248338, 0.0017199164858840415, 0.09553820187614892, 0.0065517909087277485, 0.008186080824447939, 0.22859836971998052, 0.16683233339506573], [0.0008894980792416738, 0.0004041988256269849, 0.05699999999999994, 0.007056600049186308, 0.5096110641208953, 0.22859836971998052, 0.16683233339506573], [0.00036954479568501557, 0.00025034366781341577, 0.05699999999999994, 0.007062778263357866, 0.7199515878272845, 0.22859836971998052, 0.16683233339506573]]","[[nan, nan, nan, nan, nan, nan, nan], [0.0033976513525248338, 0.0017199164858840415, nan, nan, 0.008186080824447939, nan, nan], [0.0008894980792416738, 0.0004041988256269849, 0.05699999999999994, 0.007056600049186308, 0.5096110641208953, nan, nan], [0.00036954479568501557, 0.00025034366781341577, 0.05699999999999994, 0.007062778263357866, 0.7199515878272845, nan, nan]]",[],"[[0, 0, 0, 0, 0, 0, 0], [1, 1, 0, 0, 1, 0, 0], [1, 1, 1, 1, 1, 0, 0], [1, 1, 1, 1, 1, 0, 0]]","[['', '', '', '', '', '', ''], ['target_value', 'target_value', '', '', 'lower_bound', '', ''], ['target_value', 'target_value', 'upper_bound', 'upper_bound', 'lower_bound', '', ''], ['target_value', 'target_value', 'upper_bound', 'upper_bound', 'lower_bound', '', '']]","[[nan, nan, nan, nan, nan, nan, nan], [0.0, 0.0, nan, nan, 0.4, nan, nan], [0.0, 0.0, 0.06, 0.0072, 0.72, nan, nan], [0.0, 0.0, 0.06, 0.00288, 1.0, nan, nan]]","[[0, 0, 0, 0, 0, 0, 0], [1, 1, 0, 0, 1, 0, 0], [1, 1, 1, 1, 1, 0, 0], [1, 1, 1, 1, 1, 0, 0]]",13.533333333333335,0.11118403823080372,0.06920066143448614,0.06378707984011103,1114.0589377954639,-43333332348.48029,-43333332348.48029,,1114.0589377954639,,
cluster,S4SlideInsertRealistic,0,3,"[[nan, nan, nan, nan, nan, nan, nan], [0.2722252681507193, 0.3112504987061941, nan, nan, 0.39277388524395757, nan, nan], [0.01824084015422808, 0.010095564562975912, 0.2894485164784601, 0.009236785172358333, 0.32345102690755195, nan, nan], [0.009231732040302167, 0.009662264024068003, 0.011793433008098684, 0.34386411295731534, 0.28025618417864134, nan, nan]]","[[nan, nan, nan, nan, nan, nan, nan], [0.012789430058291132, 0.008800503641571544, nan, nan, 0.3924148478315348, nan, nan], [0.0008569738986456098, 0.0002854487079362294, 0.07362958256845945, 0.00011235750858537476, 0.3231553580148142, nan, nan], [0.00043371650269056, 0.0002731972802713584, 0.003000000000000058, 0.004182809744176326, 0.28, nan, nan]]","['surf_dist', 'centerline_dist', 'orient_err', 'speed', 'normal_load', 'start_dist', 'insertion_err']","[0.046981054129075855, 0.028274665191392375, 0.25437885626177925, 0.012164135734325808, 0.999085892861233, 0.35645552283983406, 0.34256459093642816]","[[0.0077217949509275265, 0.0041120163263863715, 0.09553820187614892, 0.0065517909087277485, 0.5679300155645604, 0.22859836971998052, 0.16683233339506573], [0.012789430058291132, 0.008800503641571544, 0.09553820187614892, 0.0065517909087277485, 0.007585152168465226, 0.22859836971998052, 0.16683233339506573], [0.0008569738986456098, 0.0002854487079362294, 0.13362958256845944, 0.007087642491414625, 0.39684464198518576, 0.22859836971998052, 0.16683233339506573], [0.00043371650269056, 0.0002731972802713584, 0.05699999999999994, 0.007062809744176326, 0.72, 0.22859836971998052, 0.16683233339506573]]","[[nan, nan, nan, nan, nan, nan, nan], [0.012789430058291132, 0.008800503641571544, nan, nan, 0.007585152168465226, nan, nan], [0.0008569738986456098, 0.0002854487079362294, 0.13362958256845944, 0.007087642491414625, 0.39684464198518576, nan, nan], [0.00043371650269056, 0.0002731972802713584, 0.05699999999999994, 0.007062809744176326, 0.72, nan, nan]]",[],"[[0, 0, 0, 0, 0, 0, 0], [1, 1, 0, 0, 1, 0, 0], [1, 1, 1, 1, 1, 0, 0], [1, 1, 1, 1, 1, 0, 0]]","[['', '', '', '', '', '', ''], ['target_value', 'target_value', '', '', 'lower_bound', '', ''], ['target_value', 'target_value', 'upper_bound', 'upper_bound', 'lower_bound', '', ''], ['target_value', 'target_value', 'upper_bound', 'upper_bound', 'lower_bound', '', '']]","[[nan, nan, nan, nan, nan, nan, nan], [0.0, 0.0, nan, nan, 0.4, nan, nan], [0.0, 0.0, 0.06, 0.0072, 0.72, nan, nan], [0.0, 0.0, 0.06, 0.00288, 1.0, nan, nan]]","[[0, 0, 0, 0, 0, 0, 0], [1, 1, 0, 0, 1, 0, 0], [1, 1, 1, 1, 1, 0, 0], [1, 1, 1, 1, 1, 0, 0]]",23.466666666666665,0.1755023162757593,0.08461032505822898,0.09306479621444588,1060.3449571340095,-43799999117.1144,-43799999117.1144,,1060.3449571340095,,
cluster,S4SlideInsertRealistic,0,4,"[[nan, nan, nan, nan, nan, nan, nan], [0.2722252681507193, 0.3112504987061941, nan, nan, 0.39277388524395757, nan, nan], [0.01824084015422808, 0.010095564562975912, 0.2894485164784601, 0.009236785172358333, 0.32345102690755195, nan, nan], [0.009231732040302167, 0.009662264024068003, 0.011793433008098684, 0.34386411295731534, 0.28025618417864134, nan, nan]]","[[nan, nan, nan, nan, nan, nan, nan], [0.012789430058291132, 0.008800503641571544, nan, nan, 0.3924148478315348, nan, nan], [0.0008569738986456098, 0.0002854487079362294, 0.07362958256845945, 0.00011235750858537476, 0.3231553580148142, nan, nan], [0.00043371650269056, 0.0002731972802713584, 0.003000000000000058, 0.004182809744176326, 0.28, nan, nan]]","['surf_dist', 'centerline_dist', 'orient_err', 'speed', 'normal_load', 'start_dist', 'insertion_err']","[0.046981054129075855, 0.028274665191392375, 0.25437885626177925, 0.012164135734325808, 0.999085892861233, 0.35645552283983406, 0.34256459093642816]","[[0.0077217949509275265, 0.0041120163263863715, 0.09553820187614892, 0.0065517909087277485, 0.5679300155645604, 0.22859836971998052, 0.16683233339506573], [0.012789430058291132, 0.008800503641571544, 0.09553820187614892, 0.0065517909087277485, 0.007585152168465226, 0.22859836971998052, 0.16683233339506573], [0.0008569738986456098, 0.0002854487079362294, 0.13362958256845944, 0.007087642491414625, 0.39684464198518576, 0.22859836971998052, 0.16683233339506573], [0.00043371650269056, 0.0002731972802713584, 0.05699999999999994, 0.007062809744176326, 0.72, 0.22859836971998052, 0.16683233339506573]]","[[nan, nan, nan, nan, nan, nan, nan], [0.012789430058291132, 0.008800503641571544, nan, nan, 0.007585152168465226, nan, nan], [0.0008569738986456098, 0.0002854487079362294, 0.13362958256845944, 0.007087642491414625, 0.39684464198518576, nan, nan], [0.00043371650269056, 0.0002731972802713584, 0.05699999999999994, 0.007062809744176326, 0.72, nan, nan]]",[],"[[0, 0, 0, 0, 0, 0, 0], [1, 1, 0, 0, 1, 0, 0], [1, 1, 1, 1, 1, 0, 0], [1, 1, 1, 1, 1, 0, 0]]","[['', '', '', '', '', '', ''], ['target_value', 'target_value', '', '', 'lower_bound', '', ''], ['target_value', 'target_value', 'upper_bound', 'upper_bound', 'lower_bound', '', ''], ['target_value', 'target_value', 'upper_bound', 'upper_bound', 'lower_bound', '', '']]","[[nan, nan, nan, nan, nan, nan, nan], [0.0, 0.0, nan, nan, 0.4, nan, nan], [0.0, 0.0, 0.06, 0.0072, 0.72, nan, nan], [0.0, 0.0, 0.06, 0.00288, 1.0, nan, nan]]","[[0, 0, 0, 0, 0, 0, 0], [1, 1, 0, 0, 1, 0, 0], [1, 1, 1, 1, 1, 0, 0], [1, 1, 1, 1, 1, 0, 0]]",23.466666666666665,0.1755023162757593,0.08461032505822898,0.09306479621444588,1060.3449571340095,-43799999117.1144,-43799999117.1144,,1060.3449571340095,,
cluster,S4SlideInsertRealistic,0,5,"[[nan, nan, nan, nan, nan, nan, nan], [0.2657479300751387, 0.3112504987061941, nan, nan, 0.39277700490949824, nan, nan], [0.018141574446155256, 0.010142866343087687, 0.2894485164784601, 0.011794616130160283, 0.3233989990532334, nan, nan], [0.009120376658969868, 0.009669838827268996, 0.011793433008098684, 0.34386411295731534, 0.28025618417864134, nan, nan]]","[[nan, nan, nan, nan, nan, nan, nan], [0.012485117887549958, 0.008800503641571544, nan, nan, 0.39241796464536693, nan, nan], [0.0008523102910414793, 0.0002867861499318467, 0.07362958256845945, 0.00014347131154153828, 0.3231033777195287, nan, nan], [0.0004284849094926234, 0.00027341145529575714, 0.003000000000000058, 0.004182809744176326, 0.28, nan, nan]]","['surf_dist', 'centerline_dist', 'orient_err', 'speed', 'normal_load', 'start_dist', 'insertion_err']","[0.046981054129075855, 0.028274665191392375, 0.25437885626177925, 0.012164135734325808, 0.999085892861233, 0.35645552283983406, 0.34256459093642816]","[[0.0077217949509275265, 0.0041120163263863715, 0.09553820187614892, 0.0065517909087277485, 0.5679300155645604, 0.22859836971998052, 0.16683233339506573], [0.012485117887549958, 0.008800503641571544, 0.09553820187614892, 0.0065517909087277485, 0.007582035354633088, 0.22859836971998052, 0.16683233339506573], [0.0008523102910414793, 0.0002867861499318467, 0.13362958256845944, 0.0070565286884584615, 0.3968966222804713, 0.22859836971998052, 0.16683233339506573], [0.0004284849094926234, 0.00027341145529575714, 0.05699999999999994, 0.007062809744176326, 0.72, 0.22859836971998052, 0.16683233339506573]]","[[nan, nan, nan, nan, nan, nan, nan], [0.012485117887549958, 0.008800503641571544, nan, nan, 0.007582035354633088, nan, nan], [0.0008523102910414793, 0.0002867861499318467, 0.13362958256845944, 0.0070565286884584615, 0.3968966222804713, nan, nan], [0.0004284849094926234, 0.00027341145529575714, 0.05699999999999994, 0.007062809744176326, 0.72, nan, nan]]",[],"[[0, 0, 0, 0, 0, 0, 0], [1, 1, 0, 0, 1, 0, 0], [1, 1, 1, 1, 1, 0, 0], [1, 1, 1, 1, 1, 0, 0]]","[['', '', '', '', '', '', ''], ['target_value', 'target_value', '', '', 'lower_bound', '', ''], ['target_value', 'target_value', 'upper_bound', 'upper_bound', 'lower_bound', '', ''], ['target_value', 'target_value', 'upper_bound', 'upper_bound', 'lower_bound', '', '']]","[[nan, nan, nan, nan, nan, nan, nan], [0.0, 0.0, nan, nan, 0.4, nan, nan], [0.0, 0.0, 0.06, 0.0072, 0.72, nan, nan], [0.0, 0.0, 0.06, 0.00288, 1.0, nan, nan]]","[[0, 0, 0, 0, 0, 0, 0], [1, 1, 0, 0, 1, 0, 0], [1, 1, 1, 1, 1, 0, 0], [1, 1, 1, 1, 1, 0, 0]]",23.033333333333335,0.17518507321324783,0.08458490925568894,0.09205222466709004,1060.1944153565246,-44466665781.03282,-44466665781.03282,,1060.1944153565246,,
cluster,S4SlideInsertRealistic,0,6,"[[nan, nan, nan, nan, nan, nan, nan], [0.07231960660546523, 0.060828889546237094, nan, nan, 0.39217240677221, nan, nan], [0.018933123058453835, 0.014295441622065067, 0.011793433008098684, 0.011788749644500685, 0.21058142986743827, nan, nan], [0.007865825970394947, 0.008853992297303227, 0.011793433008098684, 0.34386152495442335, 0.2803046406457593, nan, nan]]","[[nan, nan, nan, nan, nan, nan, nan], [0.0033976513525248338, 0.0017199164858840415, nan, nan, 0.3918139191755521, nan, nan], [0.0008894980792416738, 0.0004041988256269849, 0.003000000000000058, 0.00014339995081369145, 0.21038893587910468, nan, nan], [0.00036954479568501557, 0.00025034366781341577, 0.003000000000000058, 0.004182778263357867, 0.2800484121727155, nan, nan]]","['surf_dist', 'centerline_dist', 'orient_err', 'speed', 'normal_load', 'start_dist', 'insertion_err']","[0.046981054129075855, 0.028274665191392375, 0.25437885626177925, 0.012164135734325808, 0.999085892861233, 0.35645552283983406, 0.34256459093642816]","[[0.0077217949509275265, 0.0041120163263863715, 0.09553820187614892, 0.0065517909087277485, 0.5679300155645604, 0.22859836971998052, 0.16683233339506573], [0.0033976513525248338, 0.0017199164858840415, 0.09553820187614892, 0.0065517909087277485, 0.008186080824447939, 0.22859836971998052, 0.16683233339506573], [0.0008894980792416738, 0.0004041988256269849, 0.05699999999999994, 0.007056600049186308, 0.5096110641208953, 0.22859836971998052, 0.16683233339506573], [0.00036954479568501557, 0.00025034366781341577, 0.05699999999999994, 0.007062778263357866, 0.7199515878272845, 0.22859836971998052, 0.16683233339506573]]","[[nan, nan, nan, nan, nan, nan, nan], [0.0033976513525248338, 0.0017199164858840415, nan, nan, 0.008186080824447939, nan, nan], [0.0008894980792416738, 0.0004041988256269849, 0.05699999999999994, 0.007056600049186308, 0.5096110641208953, nan, nan], [0.00036954479568501557, 0.00025034366781341577, 0.05699999999999994, 0.007062778263357866, 0.7199515878272845, nan, nan]]",[],"[[0, 0, 0, 0, 0, 0, 0], [1, 1, 0, 0, 1, 0, 0], [1, 1, 1, 1, 1, 0, 0], [1, 1, 1, 1, 1, 0, 0]]","[['', '', '', '', '', '', ''], ['target_value', 'target_value', '', '', 'lower_bound', '', ''], ['target_value', 'target_value', 'upper_bound', 'upper_bound', 'lower_bound', '', ''], ['target_value', 'target_value', 'upper_bound', 'upper_bound', 'lower_bound', '', '']]","[[nan, nan, nan, nan, nan, nan, nan], [0.0, 0.0, nan, nan, 0.4, nan, nan], [0.0, 0.0, 0.06, 0.0072, 0.72, nan, nan], [0.0, 0.0, 0.06, 0.00288, 1.0, nan, nan]]","[[0, 0, 0, 0, 0, 0, 0], [1, 1, 0, 0, 1, 0, 0], [1, 1, 1, 1, 1, 0, 0], [1, 1, 1, 1, 1, 0, 0]]",13.533333333333335,0.11118403823080372,0.06920066143448614,0.06378707984011103,1114.0589377954639,-43333332348.48029,-43333332348.48029,,1114.0589377954639,,
cluster,S4SlideInsertRealistic,0,7,"[[nan, nan, nan, nan, nan, nan, nan], [0.2722252681507193, 0.3112504987061941, nan, nan, 0.39277388524395757, nan, nan], [0.01824084015422808, 0.010095564562975912, 0.2894485164784601, 0.009236785172358333, 0.32345102690755195, nan, nan], [0.009231732040302167, 0.009662264024068003, 0.011793433008098684, 0.34386411295731534, 0.28025618417864134, nan, nan]]","[[nan, nan, nan, nan, nan, nan, nan], [0.012789430058291132, 0.008800503641571544, nan, nan, 0.3924148478315348, nan, nan], [0.0008569738986456098, 0.0002854487079362294, 0.07362958256845945, 0.00011235750858537476, 0.3231553580148142, nan, nan], [0.00043371650269056, 0.0002731972802713584, 0.003000000000000058, 0.004182809744176326, 0.28, nan, nan]]","['surf_dist', 'centerline_dist', 'orient_err', 'speed', 'normal_load', 'start_dist', 'insertion_err']","[0.046981054129075855, 0.028274665191392375, 0.25437885626177925, 0.012164135734325808, 0.999085892861233, 0.35645552283983406, 0.34256459093642816]","[[0.0077217949509275265, 0.0041120163263863715, 0.09553820187614892, 0.0065517909087277485, 0.5679300155645604, 0.22859836971998052, 0.16683233339506573], [0.012789430058291132, 0.008800503641571544, 0.09553820187614892, 0.0065517909087277485, 0.007585152168465226, 0.22859836971998052, 0.16683233339506573], [0.0008569738986456098, 0.0002854487079362294, 0.13362958256845944, 0.007087642491414625, 0.39684464198518576, 0.22859836971998052, 0.16683233339506573], [0.00043371650269056, 0.0002731972802713584, 0.05699999999999994, 0.007062809744176326, 0.72, 0.22859836971998052, 0.16683233339506573]]","[[nan, nan, nan, nan, nan, nan, nan], [0.012789430058291132, 0.008800503641571544, nan, nan, 0.007585152168465226, nan, nan], [0.0008569738986456098, 0.0002854487079362294, 0.13362958256845944, 0.007087642491414625, 0.39684464198518576, nan, nan], [0.00043371650269056, 0.0002731972802713584, 0.05699999999999994, 0.007062809744176326, 0.72, nan, nan]]",[],"[[0, 0, 0, 0, 0, 0, 0], [1, 1, 0, 0, 1, 0, 0], [1, 1, 1, 1, 1, 0, 0], [1, 1, 1, 1, 1, 0, 0]]","[['', '', '', '', '', '', ''], ['target_value', 'target_value', '', '', 'lower_bound', '', ''], ['target_value', 'target_value', 'upper_bound', 'upper_bound', 'lower_bound', '', ''], ['target_value', 'target_value', 'upper_bound', 'upper_bound', 'lower_bound', '', '']]","[[nan, nan, nan, nan, nan, nan, nan], [0.0, 0.0, nan, nan, 0.4, nan, nan], [0.0, 0.0, 0.06, 0.0072, 0.72, nan, nan], [0.0, 0.0, 0.06, 0.00288, 1.0, nan, nan]]","[[0, 0, 0, 0, 0, 0, 0], [1, 1, 0, 0, 1, 0, 0], [1, 1, 1, 1, 1, 0, 0], [1, 1, 1, 1, 1, 0, 0]]",23.466666666666665,0.1755023162757593,0.08461032505822898,0.09306479621444588,1060.3449571340095,-43799999117.1144,-43799999117.1144,,1060.3449571340095,,
cluster,S4SlideInsertRealistic,0,8,"[[nan, nan, nan, nan, nan, nan, nan], [0.2722252681507193, 0.3112504987061941, nan, nan, 0.39277388524395757, nan, nan], [0.01824084015422808, 0.010095564562975912, 0.2894485164784601, 0.009236785172358333, 0.32345102690755195, nan, nan], [0.009231732040302167, 0.009662264024068003, 0.011793433008098684, 0.34386411295731534, 0.28025618417864134, nan, nan]]","[[nan, nan, nan, nan, nan, nan, nan], [0.012789430058291132, 0.008800503641571544, nan, nan, 0.3924148478315348, nan, nan], [0.0008569738986456098, 0.0002854487079362294, 0.07362958256845945, 0.00011235750858537476, 0.3231553580148142, nan, nan], [0.00043371650269056, 0.0002731972802713584, 0.003000000000000058, 0.004182809744176326, 0.28, nan, nan]]","['surf_dist', 'centerline_dist', 'orient_err', 'speed', 'normal_load', 'start_dist', 'insertion_err']","[0.046981054129075855, 0.028274665191392375, 0.25437885626177925, 0.012164135734325808, 0.999085892861233, 0.35645552283983406, 0.34256459093642816]","[[0.0077217949509275265, 0.0041120163263863715, 0.09553820187614892, 0.0065517909087277485, 0.5679300155645604, 0.22859836971998052, 0.16683233339506573], [0.012789430058291132, 0.008800503641571544, 0.09553820187614892, 0.0065517909087277485, 0.007585152168465226, 0.22859836971998052, 0.16683233339506573], [0.0008569738986456098, 0.0002854487079362294, 0.13362958256845944, 0.007087642491414625, 0.39684464198518576, 0.22859836971998052, 0.16683233339506573], [0.00043371650269056, 0.0002731972802713584, 0.05699999999999994, 0.007062809744176326, 0.72, 0.22859836971998052, 0.16683233339506573]]","[[nan, nan, nan, nan, nan, nan, nan], [0.012789430058291132, 0.008800503641571544, nan, nan, 0.007585152168465226, nan, nan], [0.0008569738986456098, 0.0002854487079362294, 0.13362958256845944, 0.007087642491414625, 0.39684464198518576, nan, nan], [0.00043371650269056, 0.0002731972802713584, 0.05699999999999994, 0.007062809744176326, 0.72, nan, nan]]",[],"[[0, 0, 0, 0, 0, 0, 0], [1, 1, 0, 0, 1, 0, 0], [1, 1, 1, 1, 1, 0, 0], [1, 1, 1, 1, 1, 0, 0]]","[['', '', '', '', '', '', ''], ['target_value', 'target_value', '', '', 'lower_bound', '', ''], ['target_value', 'target_value', 'upper_bound', 'upper_bound', 'lower_bound', '', ''], ['target_value', 'target_value', 'upper_bound', 'upper_bound', 'lower_bound', '', '']]","[[nan, nan, nan, nan, nan, nan, nan], [0.0, 0.0, nan, nan, 0.4, nan, nan], [0.0, 0.0, 0.06, 0.0072, 0.72, nan, nan], [0.0, 0.0, 0.06, 0.00288, 1.0, nan, nan]]","[[0, 0, 0, 0, 0, 0, 0], [1, 1, 0, 0, 1, 0, 0], [1, 1, 1, 1, 1, 0, 0], [1, 1, 1, 1, 1, 0, 0]]",23.466666666666665,0.1755023162757593,0.08461032505822898,0.09306479621444588,1060.3449571340095,-43799999117.1144,-43799999117.1144,,1060.3449571340095,,
cluster,S4SlideInsertRealistic,0,9,"[[nan, nan, nan, nan, nan, nan, nan], [0.2722252681507193, 0.3112504987061941, nan, nan, 0.39277388524395757, nan, nan], [0.01824084015422808, 0.010095564562975912, 0.2894485164784601, 0.009236785172358333, 0.32345102690755195, nan, nan], [0.009231732040302167, 0.009662264024068003, 0.011793433008098684, 0.34386411295731534, 0.28025618417864134, nan, nan]]","[[nan, nan, nan, nan, nan, nan, nan], [0.012789430058291132, 0.008800503641571544, nan, nan, 0.3924148478315348, nan, nan], [0.0008569738986456098, 0.0002854487079362294, 0.07362958256845945, 0.00011235750858537476, 0.3231553580148142, nan, nan], [0.00043371650269056, 0.0002731972802713584, 0.003000000000000058, 0.004182809744176326, 0.28, nan, nan]]","['surf_dist', 'centerline_dist', 'orient_err', 'speed', 'normal_load', 'start_dist', 'insertion_err']","[0.046981054129075855, 0.028274665191392375, 0.25437885626177925, 0.012164135734325808, 0.999085892861233, 0.35645552283983406, 0.34256459093642816]","[[0.0077217949509275265, 0.0041120163263863715, 0.09553820187614892, 0.0065517909087277485, 0.5679300155645604, 0.22859836971998052, 0.16683233339506573], [0.012789430058291132, 0.008800503641571544, 0.09553820187614892, 0.0065517909087277485, 0.007585152168465226, 0.22859836971998052, 0.16683233339506573], [0.0008569738986456098, 0.0002854487079362294, 0.13362958256845944, 0.007087642491414625, 0.39684464198518576, 0.22859836971998052, 0.16683233339506573], [0.00043371650269056, 0.0002731972802713584, 0.05699999999999994, 0.007062809744176326, 0.72, 0.22859836971998052, 0.16683233339506573]]","[[nan, nan, nan, nan, nan, nan, nan], [0.012789430058291132, 0.008800503641571544, nan, nan, 0.007585152168465226, nan, nan], [0.0008569738986456098, 0.0002854487079362294, 0.13362958256845944, 0.007087642491414625, 0.39684464198518576, nan, nan], [0.00043371650269056, 0.0002731972802713584, 0.05699999999999994, 0.007062809744176326, 0.72, nan, nan]]",[],"[[0, 0, 0, 0, 0, 0, 0], [1, 1, 0, 0, 1, 0, 0], [1, 1, 1, 1, 1, 0, 0], [1, 1, 1, 1, 1, 0, 0]]","[['', '', '', '', '', '', ''], ['target_value', 'target_value', '', '', 'lower_bound', '', ''], ['target_value', 'target_value', 'upper_bound', 'upper_bound', 'lower_bound', '', ''], ['target_value', 'target_value', 'upper_bound', 'upper_bound', 'lower_bound', '', '']]","[[nan, nan, nan, nan, nan, nan, nan], [0.0, 0.0, nan, nan, 0.4, nan, nan], [0.0, 0.0, 0.06, 0.0072, 0.72, nan, nan], [0.0, 0.0, 0.06, 0.00288, 1.0, nan, nan]]","[[0, 0, 0, 0, 0, 0, 0], [1, 1, 0, 0, 1, 0, 0], [1, 1, 1, 1, 1, 0, 0], [1, 1, 1, 1, 1, 0, 0]]",23.466666666666665,0.1755023162757593,0.08461032505822898,0.09306479621444588,1060.3449571340095,-43799999117.1144,-43799999117.1144,,1060.3449571340095,,
fchmm,S4SlideInsertRealistic,0,0,"[[nan, nan, nan, nan, nan, nan, nan], [0.018431160439471135, 0.007307302246835451, nan, nan, 0.0032525488944666423, nan, nan], [0.012287549840105385, 0.014554589751314238, 0.011793433008098684, 0.007945664047087707, 0.0, nan, nan], [0.007732850709897674, 0.005896797853383577, 0.011048135377485167, 0.36573717770655545, 0.2831018276374789, nan, nan]]","[[nan, nan, nan, nan, nan, nan, nan], [0.0008659153462684749, 0.00020661152448158164, nan, nan, 0.0032495757163030214, nan, nan], [0.0005772820441517085, 0.0004115261522164809, 0.003000000000000058, 9.66521359681274e-05, 0.0, nan, nan], [0.00036329747777376527, 0.0001667299850057419, 0.0028104120411499775, 0.0044488766727117796, 0.28284304223583745, nan, nan]]","['surf_dist', 'centerline_dist', 'orient_err', 'speed', 'angular_speed', 'normal_load', 'noise']","[0.046981054129075855, 0.028274665191392375, 0.25437885626177925, 0.012164135734325808, 0.999085892861233, 0.35645552283983406, 0.34256459093642816]","[[0.028341917190727806, 0.01351957275445493, 0.39130132859377076, 0.02872587364850413, 0.005381526275112014, -0.0003810643883089826, 0.19544426555794298], [0.0008659153462684749, 0.00020661152448158164, 0.1515695151442443, 0.0073006286907132045, 0.396750424283697, 0.12066756334274639, 0.08889825941391578], [0.0005772820441517085, 0.0004115261522164809, 0.05699999999999994, 0.007296652135968127, 0.72, 0.24457450242121492, 0.0262539208893888], [0.00036329747777376527, 0.0001667299850057419, 0.05718958795885002, 0.007328876672711779, 0.7171569577641626, 0.32542379129868915, -0.0032104936363815118]]","[[0.028341917190727806, 0.01351957275445493, 0.39130132859377076, 0.02872587364850413, 0.005381526275112014, -0.0003810643883089826, 0.19544426555794298], [0.0008659153462684749, 0.00020661152448158164, 0.1515695151442443, 0.0073006286907132045, 0.396750424283697, 0.12066756334274639, 0.08889825941391578], [0.0005772820441517085, 0.0004115261522164809, 0.05699999999999994, 0.007296652135968127, 0.72, 0.24457450242121492, 0.0262539208893888], [0.00036329747777376527, 0.0001667299850057419, 0.05718958795885002, 0.007328876672711779, 0.7171569577641626, 0.32542379129868915, -0.0032104936363815118]]",[],"[[1, 1, 1, 1, 1, 1, 1], [1, 1, 1, 1, 1, 1, 1], [1, 1, 1, 1, 1, 1, 1], [1, 1, 1, 1, 1, 1, 1]]","[['', '', '', '', '', '', ''], ['target_value', 'target_value', '', '', 'lower_bound', '', ''], ['target_value', 'target_value', 'upper_bound', 'upper_bound', 'lower_bound', '', ''], ['target_value', 'target_value', 'upper_bound', 'upper_bound', 'lower_bound', '', '']]","[[nan, nan, nan, nan, nan, nan, nan], [0.0, 0.0, nan, nan, 0.4, nan, nan], [0.0, 0.0, 0.06, 0.0072, 0.72, nan, nan], [0.0, 0.0, 0.06, 0.00288, 1.0, nan, nan]]","[[0, 0, 0, 0, 0, 0, 0], [1, 1, 0, 0, 1, 0, 0], [1, 1, 1, 1, 1, 0, 0], [1, 1, 1, 1, 1, 0, 0]]",11.633333333333335,0.05762223365478307,0.023003070871682168,0.05404790814166548,310.73070001522154,,,,,310.73070001522154,
fchmm,S4SlideInsertRealistic,0,1,"[[nan, nan, nan, nan, nan, nan, nan], [0.011025754030611764, 0.01720654809812452, nan, nan, 0.3202927819184472, nan, nan], [0.009468565485819262, 0.006931534508058735, 0.011793433008098684, 0.008350882872469927, 0.0, nan, nan], [0.007619593055377644, 0.006241943892421584, 0.011048135377485167, 0.3657272900133994, 0.2831018276374789, nan, nan]]","[[nan, nan, nan, nan, nan, nan, nan], [0.0005180015469260476, 0.0004865093865740601, nan, nan, 0.31999999999999995, nan, nan], [0.00044484318761397416, 0.0001959868174779434, 0.003000000000000058, 0.00010158127276218079, 0.0, nan, nan], [0.0003579765137762276, 0.0001764888737016768, 0.0028104120411499775, 0.00444875639747013, 0.28284304223583745, nan, nan]]","['surf_dist', 'centerline_dist', 'orient_err', 'speed', 'angular_speed', 'normal_load', 'noise']","[0.046981054129075855, 0.028274665191392375, 0.25437885626177925, 0.012164135734325808, 0.999085892861233, 0.35645552283983406, 0.34256459093642816]","[[0.003939010052409543, 0.0011528497244540675, 0.3908453831224973, 0.028644041216590692, 0.005283122553547237, -0.00024804434117831065, 0.06367203334709344], [0.0005180015469260476, 0.0004865093865740601, 0.05699999999999994, 0.007163779783390246, 0.72, 0.28264729863687266, 0.055494369994699186], [0.00044484318761397416, 0.0001959868174779434, 0.05699999999999994, 0.007301581272762181, 0.72, 0.29094892695546737, 0.02203501620969464], [0.0003579765137762276, 0.0001764888737016768, 0.05718958795885002, 0.00732875639747013, 0.7171569577641626, 0.3370961316790813, -0.0032885645030213406]]","[[0.003939010052409543, 0.0011528497244540675, 0.3908453831224973, 0.028644041216590692, 0.005283122553547237, -0.00024804434117831065, 0.06367203334709344], [0.0005180015469260476, 0.0004865093865740601, 0.05699999999999994, 0.007163779783390246, 0.72, 0.28264729863687266, 0.055494369994699186], [0.00044484318761397416, 0.0001959868174779434, 0.05699999999999994, 0.007301581272762181, 0.72, 0.29094892695546737, 0.02203501620969464], [0.0003579765137762276, 0.0001764888737016768, 0.05718958795885002, 0.00732875639747013, 0.7171569577641626, 0.3370961316790813, -0.0032885645030213406]]",[],"[[1, 1, 1, 1, 1, 1, 1], [1, 1, 1, 1, 1, 1, 1], [1, 1, 1, 1, 1, 1, 1], [1, 1, 1, 1, 1, 1, 1]]","[['', '', '', '', '', '', ''], ['target_value', 'target_value', '', '', 'lower_bound', '', ''], ['target_value', 'target_value', 'upper_bound', 'upper_bound', 'lower_bound', '', ''], ['target_value', 'target_value', 'upper_bound', 'upper_bound', 'lower_bound', '', '']]","[[nan, nan, nan, nan, nan, nan, nan], [0.0, 0.0, nan, nan, 0.4, nan, nan], [0.0, 0.0, 0.06, 0.0072, 0.72, nan, nan], [0.0, 0.0, 0.06, 0.00288, 1.0, nan, nan]]","[[0, 0, 0, 0, 0, 0, 0], [1, 1, 0, 0, 1, 0, 0], [1, 1, 1, 1, 1, 0, 0], [1, 1, 1, 1, 1, 0, 0]]",41.333333333333336,0.08144679153059943,0.04733719986717612,0.10831137366306635,-489.17861984202676,,,,,-489.17861984202676,
fchmm,S4SlideInsertRealistic,0,2,"[[nan, nan, nan, nan, nan, nan, nan], [0.017562766629804074, 0.017208354610795517, nan, nan, 0.3202927819184472, nan, nan], [0.00902520396490111, 0.009356016530647104, 0.011793433008098684, 0.008143941889889476, 0.0, nan, nan], [0.0075902645705988765, 0.006345784367913177, 0.011048135377485167, 0.3620195348889921, 0.2831018276374789, nan, nan]]","[[nan, nan, nan, nan, nan, nan, nan], [0.0008251172896911524, 0.00048656046511499646, nan, nan, 0.31999999999999995, nan, nan], [0.00042401359600096906, 0.00026453823492917933, 0.003000000000000058, 9.906401456107744e-05, 0.0, nan, nan], [0.0003565986306453125, 0.00017942492837951657, 0.0028104120411499775, 0.004403654760867197, 0.28284304223583745, nan, nan]]","['surf_dist', 'centerline_dist', 'orient_err', 'speed', 'angular_speed', 'normal_load', 'noise']","[0.046981054129075855, 0.028274665191392375, 0.25437885626177925, 0.012164135734325808, 0.999085892861233, 0.35645552283983406, 0.34256459093642816]","[[0.014419125948860743, 0.0058350993766980615, 0.39258826137969566, 0.028692875408059985, 0.005567827944676584, -0.0006804168045194403, 0.15524533501909377], [0.0008251172896911524, 0.00048656046511499646, 0.05699999999999994, 0.007302383231601331, 0.72, 0.17836719047574157, 0.04003896918456051], [0.00042401359600096906, 0.00026453823492917933, 0.05699999999999994, 0.007299064014561077, 0.72, 0.3027496778507053, 0.020001271036298923], [0.0003565986306453125, 0.00017942492837951657, 0.05718958795885002, 0.007283654760867198, 0.7171569577641626, 0.339791358469315, -0.003361886016825799]]","[[0.014419125948860743, 0.0058350993766980615, 0.39258826137969566, 0.028692875408059985, 0.005567827944676584, -0.0006804168045194403, 0.15524533501909377], [0.0008251172896911524, 0.00048656046511499646, 0.05699999999999994, 0.007302383231601331, 0.72, 0.17836719047574157, 0.04003896918456051], [0.00042401359600096906, 0.00026453823492917933, 0.05699999999999994, 0.007299064014561077, 0.72, 0.3027496778507053, 0.020001271036298923], [0.0003565986306453125, 0.00017942492837951657, 0.05718958795885002, 0.007283654760867198, 0.7171569577641626, 0.339791358469315, -0.003361886016825799]]",[],"[[1, 1, 1, 1, 1, 1, 1], [1, 1, 1, 1, 1, 1, 1], [1, 1, 1, 1, 1, 1, 1], [1, 1, 1, 1, 1, 1, 1]]","[['', '', '', '', '', '', ''], ['target_value', 'target_value', '', '', 'lower_bound', '', ''], ['target_value', 'target_value', 'upper_bound', 'upper_bound', 'lower_bound', '', ''], ['target_value', 'target_value', 'upper_bound', 'upper_bound', 'lower_bound', '', '']]","[[nan, nan, nan, nan, nan, nan, nan], [0.0, 0.0, nan, nan, 0.4, nan, nan], [0.0, 0.0, 0.06, 0.0072, 0.72, nan, nan], [0.0, 0.0, 0.06, 0.00288, 1.0, nan, nan]]","[[0, 0, 0, 0, 0, 0, 0], [1, 1, 0, 0, 1, 0, 0], [1, 1, 1, 1, 1, 0, 0], [1, 1, 1, 1, 1, 0, 0]]",26.43333333333333,0.08180677272269625,0.04736095586132129,0.09086873117766134,154.6400810659774,,,,,154.6400810659774,
fchmm,S4SlideInsertRealistic,0,3,"[[nan, nan, nan, nan, nan, nan, nan], [0.01746824637028161, 0.002077116712231659, nan, nan, 0.3965917591145378, nan, nan], [0.0144062377519452, 0.013162926907145144, 0.5278674376882125, 0.2644851049619328, 0.7236827331353517, nan, nan], [0.006426169973476333, 0.006839521147884364, 0.08648517539272271, 0.008359417011187295, 0.0, nan, nan]]","[[nan, nan, nan, nan, nan, nan, nan], [0.0008206766282622333, 5.8729779601795866e-05, nan, nan, 0.39622923175635505, nan, nan], [0.0006768202356204735, 0.0003721773512382989, 0.13427831505696353, 0.0032172327164643588, 0.7230212095827903, nan, nan], [0.0003019082393665336, 0.00019338517052587805, 0.02200000000000018, 0.00010168508318391441, 0.0, nan, nan]]","['surf_dist', 'centerline_dist', 'orient_err', 'speed', 'angular_speed', 'normal_load', 'noise']","[0.046981054129075855, 0.028274665191392375, 0.25437885626177925, 0.012164135734325808, 0.999085892861233, 0.35645552283983406, 0.34256459093642816]","[[0.030575035669375222, 0.01493602309691492, 0.39072232754101804, 0.02872829100098338, 0.0055747779624233385, -0.0005167135899951103, 0.21825769099870448], [0.0008206766282622333, 5.8729779601795866e-05, 0.22083492849825975, 0.018483072773863927, 0.003770768243644973, 0.0986898132566616, 0.1939738649931037], [0.0006768202356204735, 0.0003721773512382989, 0.19427831505696352, 0.010417232716464359, -0.003021209582790285, 0.11643446874385535, -0.0038352084351553073], [0.0003019082393665336, 0.00019338517052587805, 0.03799999999999982, 0.0027783149168160858, 1.0, 0.3631167046740268, -0.003226100852042918]]","[[0.030575035669375222, 0.01493602309691492, 0.39072232754101804, 0.02872829100098338, 0.0055747779624233385, -0.0005167135899951103, 0.21825769099870448], [0.0008206766282622333, 5.8729779601795866e-05, 0.22083492849825975, 0.018483072773863927, 0.003770768243644973, 0.0986898132566616, 0.1939738649931037], [0.0006768202356204735, 0.0003721773512382989, 0.19427831505696352, 0.010417232716464359, -0.003021209582790285, 0.11643446874385535, -0.0038352084351553073], [0.0003019082393665336, 0.00019338517052587805, 0.03799999999999982, 0.0027783149168160858, 1.0, 0.3631167046740268, -0.003226100852042918]]",[],"[[1, 1, 1, 1, 1, 1, 1], [1, 1, 1, 1, 1, 1, 1], [1, 1, 1, 1, 1, 1, 1], [1, 1, 1, 1, 1, 1, 1]]","[['', '', '', '', '', '', ''], ['target_value', 'target_value', '', '', 'lower_bound', '', ''], ['target_value', 'target_value', 'upper_bound', 'upper_bound', 'lower_bound', '', ''], ['target_value', 'target_value', 'upper_bound', 'upper_bound', 'lower_bound', '', '']]","[[nan, nan, nan, nan, nan, nan, nan], [0.0, 0.0, nan, nan, 0.4, nan, nan], [0.0, 0.0, 0.06, 0.0072, 0.72, nan, nan], [0.0, 0.0, 0.06, 0.00288, 1.0, nan, nan]]","[[0, 0, 0, 0, 0, 0, 0], [1, 1, 0, 0, 1, 0, 0], [1, 1, 1, 1, 1, 0, 0], [1, 1, 1, 1, 1, 0, 0]]",4.033333333333333,0.15906552662822382,0.09855933627695174,0.04199366293279278,253.7264915509922,,,,,253.7264915509922,
fchmm,S4SlideInsertRealistic,0,4,"[[nan, nan, nan, nan, nan, nan, nan], [0.014703558154094095, 0.013280054686416281, nan, nan, 0.3202927819184472, nan, nan], [0.01127331327695151, 0.007595852630899586, 0.08648517539272271, 0.3638512968938422, 0.28025618417864134, nan, nan], [0.004821775723498614, 0.006456348250808041, 0.08648517539272271, 0.008273392925950052, 0.0, nan, nan]]","[[nan, nan, nan, nan, nan, nan, nan], [0.0006907886615275093, 0.0003754890999818016, nan, nan, 0.31999999999999995, nan, nan], [0.0005296321412784884, 0.00021477018998184274, 0.02200000000000018, 0.004425936562527175, 0.28, nan, nan], [0.00022653210626395227, 0.00018255108515062915, 0.02200000000000018, 0.00010063867453466739, 0.0, nan, nan]]","['surf_dist', 'centerline_dist', 'orient_err', 'speed', 'angular_speed', 'normal_load', 'noise']","[0.046981054129075855, 0.028274665191392375, 0.25437885626177925, 0.012164135734325808, 0.999085892861233, 0.35645552283983406, 0.34256459093642816]","[[0.017026313163314422, 0.007170034696362199, 0.39285102646542946, 0.02870245398794965, 0.0052671770722300115, -0.0010075542103675506, 0.15629752662949734], [0.0006907886615275093, 0.0003754890999818016, 0.05699999999999994, 0.007298801819369407, 0.72, 0.15254455598955902, 0.0074109714699721885], [0.0005296321412784884, 0.00021477018998184274, 0.03799999999999982, 0.0027740634374728247, 1.0, 0.3500545168619631, 0.0004950398229388864], [0.00022653210626395227, 0.00018255108515062915, 0.03799999999999982, 0.002779361325465333, 1.0, 0.36304656346924064, -0.00328921082660924]]","[[0.017026313163314422, 0.007170034696362199, 0.39285102646542946, 0.02870245398794965, 0.0052671770722300115, -0.0010075542103675506, 0.15629752662949734], [0.0006907886615275093, 0.0003754890999818016, 0.05699999999999994, 0.007298801819369407, 0.72, 0.15254455598955902, 0.0074109714699721885], [0.0005296321412784884, 0.00021477018998184274, 0.03799999999999982, 0.0027740634374728247, 1.0, 0.3500545168619631, 0.0004950398229388864], [0.00022653210626395227, 0.00018255108515062915, 0.03799999999999982, 0.002779361325465333, 1.0, 0.36304656346924064, -0.00328921082660924]]",[],"[[1, 1, 1, 1, 1, 1, 1], [1, 1, 1, 1, 1, 1, 1], [1, 1, 1, 1, 1, 1, 1], [1, 1, 1, 1, 1, 1, 1]]","[['', '', '', '', '', '', ''], ['target_value', 'target_value', '', '', 'lower_bound', '', ''], ['target_value', 'target_value', 'upper_bound', 'upper_bound', 'lower_bound', '', ''], ['target_value', 'target_value', 'upper_bound', 'upper_bound', 'lower_bound', '', '']]","[[nan, nan, nan, nan, nan, nan, nan], [0.0, 0.0, nan, nan, 0.4, nan, nan], [0.0, 0.0, 0.06, 0.0072, 0.72, nan, nan], [0.0, 0.0, 0.06, 0.00288, 1.0, nan, nan]]","[[0, 0, 0, 0, 0, 0, 0], [1, 1, 0, 0, 1, 0, 0], [1, 1, 1, 1, 1, 0, 0], [1, 1, 1, 1, 1, 0, 0]]",36.233333333333334,0.09259806995576877,0.05005741065548049,0.10583870504287003,157.79736177827647,,,,,157.79736177827647,
fchmm,S4SlideInsertRealistic,0,5,"[[nan, nan, nan, nan, nan, nan, nan], [0.41521198163096723, 0.3221348926246907, nan, nan, 0.394520470458426, nan, nan], [0.019336766958502234, 0.0024018105213666945, 0.6511382930169632, 1.0366776760593506, 0.7171875529219708, nan, nan], [0.012580510943160539, 0.011716632675309934, 0.12896959008204378, 0.36392205826116064, 0.6028690222700848, nan, nan]]","[[nan, nan, nan, nan, nan, nan, nan], [0.01950709658404532, 0.009108256235428262, nan, nan, 0.3941598364799902, nan, nan], [0.000908461695158719, 6.791038834480685e-05, 0.1656358142459024, 0.012610287964331382, 0.71653196666001, nan, nan], [0.0005910456655920564, 0.0003312838660649163, 0.032807136817620805, 0.004426797313403983, 0.6023179353930862, nan, nan]]","['surf_dist', 'centerline_dist', 'orient_err', 'speed', 'angular_speed', 'normal_load', 'noise']","[0.046981054129075855, 0.028274665191392375, 0.25437885626177925, 0.012164135734325808, 0.999085892861233, 0.35645552283983406, 0.34256459093642816]","[[0.04691716991921559, 0.02650405841237337, 0.39079433402312114, 0.028644899516997165, 0.00638749732287458, -0.00040419005657535423, 0.2949997662426348], [0.01950709658404532, 0.009108256235428262, 0.3216028959071603, 0.024361801419159265, 0.005840163520009822, 0.031800853694513354, 0.24323122889705218], [0.000908461695158719, 6.791038834480685e-05, 0.2256358142459024, 0.01981028796433138, 0.0034680333399900176, 0.05982991607199348, 0.17929451486076622], [0.0005910456655920564, 0.0003312838660649163, 0.0928071368176208, 0.007306797313403984, 0.3976820646069138, 0.12139585569567385, -0.0037958265473957975]]","[[0.04691716991921559, 0.02650405841237337, 0.39079433402312114, 0.028644899516997165, 0.00638749732287458, -0.00040419005657535423, 0.2949997662426348], [0.01950709658404532, 0.009108256235428262, 0.3216028959071603, 0.024361801419159265, 0.005840163520009822, 0.031800853694513354, 0.24323122889705218], [0.000908461695158719, 6.791038834480685e-05, 0.2256358142459024, 0.01981028796433138, 0.0034680333399900176, 0.05982991607199348, 0.17929451486076622], [0.0005910456655920564, 0.0003312838660649163, 0.0928071368176208, 0.007306797313403984, 0.3976820646069138, 0.12139585569567385, -0.0037958265473957975]]",[],"[[1, 1, 1, 1, 1, 1, 1], [1, 1, 1, 1, 1, 1, 1], [1, 1, 1, 1, 1, 1, 1], [1, 1, 1, 1, 1, 1, 1]]","[['', '', '', '', '', '', ''], ['target_value', 'target_value', '', '', 'lower_bound', '', ''], ['target_value', 'target_value', 'upper_bound', 'upper_bound', 'lower_bound', '', ''], ['target_value', 'target_value', 'upper_bound', 'upper_bound', 'lower_bound', '', '']]","[[nan, nan, nan, nan, nan, nan, nan], [0.0, 0.0, nan, nan, 0.4, nan, nan], [0.0, 0.0, 0.06, 0.0072, 0.72, nan, nan], [0.0, 0.0, 0.06, 0.00288, 1.0, nan, nan]]","[[0, 0, 0, 0, 0, 0, 0], [1, 1, 0, 0, 1, 0, 0], [1, 1, 1, 1, 1, 0, 0], [1, 1, 1, 1, 1, 0, 0]]",38.733333333333334,0.35989748141723055,0.15069260225453684,0.12840770028643922,-18.954578872703998,,,,,-18.954578872703998,
fchmm,S4SlideInsertRealistic,0,6,"[[nan, nan, nan, nan, nan, nan, nan], [0.01409129807363964, 0.015089151383483603, nan, nan, 0.3202927819184472, nan, nan], [0.012522545796106921, 0.0004696923546887273, 0.010790824111853859, 0.005399400000986815, 0.024457770085989223, nan, nan], [0.007062864443768872, 0.00715305253374939, 0.08648517539272271, 0.008382517612394029, 0.0, nan, nan]]","[[nan, nan, nan, nan, nan, nan, nan], [0.0006620240375466062, 0.0004266407033902339, nan, nan, 0.31999999999999995, nan, nan], [0.0005883224018807306, 1.3280394071780478e-05, 0.0027449574956954145, 6.567903449592252e-05, 0.024435413063755296, nan, nan], [0.0003318208167390306, 0.0002022501654882049, 0.02200000000000018, 0.00010196608203253766, 0.0, nan, nan]]","['surf_dist', 'centerline_dist', 'orient_err', 'speed', 'angular_speed', 'normal_load', 'noise']","[0.046981054129075855, 0.028274665191392375, 0.25437885626177925, 0.012164135734325808, 0.999085892861233, 0.35645552283983406, 0.34256459093642816]","[[0.011993043629622141, 0.004624696980509123, 0.39237519884764854, 0.028684998137810443, 0.005438232496519313, -0.00045700364677236927, 0.13250983451970472], [0.0006620240375466062, 0.0004266407033902339, 0.05699999999999994, 0.007297260400654824, 0.72, 0.19711473907019408, 0.017163958553282538], [0.0005883224018807306, 1.3280394071780478e-05, 0.05725504250430458, 0.007265679034495922, 0.7444354130637553, 0.34612864753956235, 0.01363717674827003], [0.0003318208167390306, 0.0002022501654882049, 0.03799999999999982, 0.0027780339179674625, 1.0, 0.3499520242724499, -0.003333445997285356]]","[[0.011993043629622141, 0.004624696980509123, 0.39237519884764854, 0.028684998137810443, 0.005438232496519313, -0.00045700364677236927, 0.13250983451970472], [0.0006620240375466062, 0.0004266407033902339, 0.05699999999999994, 0.007297260400654824, 0.72, 0.19711473907019408, 0.017163958553282538], [0.0005883224018807306, 1.3280394071780478e-05, 0.05725504250430458, 0.007265679034495922, 0.7444354130637553, 0.34612864753956235, 0.01363717674827003], [0.0003318208167390306, 0.0002022501654882049, 0.03799999999999982, 0.0027780339179674625, 1.0, 0.3499520242724499, -0.003333445997285356]]",[],"[[1, 1, 1, 1, 1, 1, 1], [1, 1, 1, 1, 1, 1, 1], [1, 1, 1, 1, 1, 1, 1], [1, 1, 1, 1, 1, 1, 1]]","[['', '', '', '', '', '', ''], ['target_value', 'target_value', '', '', 'lower_bound', '', ''], ['target_value', 'target_value', 'upper_bound', 'upper_bound', 'lower_bound', '', ''], ['target_value', 'target_value', 'upper_bound', 'upper_bound', 'lower_bound', '', '']]","[[nan, nan, nan, nan, nan, nan, nan], [0.0, 0.0, nan, nan, 0.4, nan, nan], [0.0, 0.0, 0.06, 0.0072, 0.72, nan, nan], [0.0, 0.0, 0.06, 0.00288, 1.0, nan, nan]]","[[0, 0, 0, 0, 0, 0, 0], [1, 1, 0, 0, 1, 0, 0], [1, 1, 1, 1, 1, 0, 0], [1, 1, 1, 1, 1, 0, 0]]",36.0,0.039399774900602376,0.028582488784238143,0.1067649123447102,42.46736061088179,,,,,42.46736061088179,
fchmm,S4SlideInsertRealistic,0,7,"[[nan, nan, nan, nan, nan, nan, nan], [0.46864854758927466, 0.39086794273844216, nan, nan, 0.39493253676330536, nan, nan], [0.01726253652281815, 0.002021931952686544, 0.5046775339297458, 0.20933915575138234, 0.716884541032985, nan, nan], [0.01259273396740135, 0.011763816047050487, 0.011793433008098684, 0.36370559763504745, 0.28025618417864134, nan, nan]]","[[nan, nan, nan, nan, nan, nan, nan], [0.022017602781804493, 0.011051660214977778, nan, nan, 0.39457152611211865, nan, nan], [0.0008110121627836683, 5.7169449001990245e-05, 0.12837929386206404, 0.002546429905068986, 0.716229231756355, nan, nan], [0.0005916199161555349, 0.0003326179601034814, 0.003000000000000058, 0.004424164256966805, 0.28, nan, nan]]","['surf_dist', 'centerline_dist', 'orient_err', 'speed', 'angular_speed', 'normal_load', 'noise']","[0.046981054129075855, 0.028274665191392375, 0.25437885626177925, 0.012164135734325808, 0.999085892861233, 0.35645552283983406, 0.34256459093642816]","[[0.04971434108546707, 0.0298790770596206, 0.3917515275352718, 0.02862456305203455, 0.0070437243404923855, -0.00022133243766728206, 0.3356066439372474], [0.022017602781804493, 0.011051660214977778, 0.3666817502219965, 0.027267683671826474, 0.005428473887881369, 0.012948359968716794, 0.19625123845445896], [0.0008110121627836683, 5.7169449001990245e-05, 0.18837929386206403, 0.009746429905068986, 0.003770768243644973, 0.11989330923647422, 0.16822304301109947], [0.0005916199161555349, 0.0003326179601034814, 0.05699999999999994, 0.007304164256966806, 0.72, 0.13261149386608032, -0.003659648555196182]]","[[0.04971434108546707, 0.0298790770596206, 0.3917515275352718, 0.02862456305203455, 0.0070437243404923855, -0.00022133243766728206, 0.3356066439372474], [0.022017602781804493, 0.011051660214977778, 0.3666817502219965, 0.027267683671826474, 0.005428473887881369, 0.012948359968716794, 0.19625123845445896], [0.0008110121627836683, 5.7169449001990245e-05, 0.18837929386206403, 0.009746429905068986, 0.003770768243644973, 0.11989330923647422, 0.16822304301109947], [0.0005916199161555349, 0.0003326179601034814, 0.05699999999999994, 0.007304164256966806, 0.72, 0.13261149386608032, -0.003659648555196182]]",[],"[[1, 1, 1, 1, 1, 1, 1], [1, 1, 1, 1, 1, 1, 1], [1, 1, 1, 1, 1, 1, 1], [1, 1, 1, 1, 1, 1, 1]]","[['', '', '', '', '', '', ''], ['target_value', 'target_value', '', '', 'lower_bound', '', ''], ['target_value', 'target_value', 'upper_bound', 'upper_bound', 'lower_bound', '', ''], ['target_value', 'target_value', 'upper_bound', 'upper_bound', 'lower_bound', '', '']]","[[nan, nan, nan, nan, nan, nan, nan], [0.0, 0.0, nan, nan, 0.4, nan, nan], [0.0, 0.0, 0.06, 0.0072, 0.72, nan, nan], [0.0, 0.0, 0.06, 0.00288, 1.0, nan, nan]]","[[0, 0, 0, 0, 0, 0, 0], [1, 1, 0, 0, 1, 0, 0], [1, 1, 1, 1, 1, 0, 0], [1, 1, 1, 1, 1, 0, 0]]",39.4,0.2603651147012984,0.12030864064441545,0.13448071750215718,162.24415052716216,,,,,162.24415052716216,
fchmm,S4SlideInsertRealistic,0,8,"[[nan, nan, nan, nan, nan, nan, nan], [0.015241220878759867, 0.01489102139851155, nan, nan, 0.3202927819184472, nan, nan], [0.010998911331887243, 0.0017200571435634217, 0.011793433008098684, 0.00809226236072344, 0.0, nan, nan], [0.00696671889243465, 0.00707366959742429, 0.08648517539272271, 0.00833365481197237, 0.0, nan, nan]]","[[nan, nan, nan, nan, nan, nan, nan], [0.0007160486230982184, 0.0004210386444007735, nan, nan, 0.31999999999999995, nan, nan], [0.0005167404486443004, 4.863403984431847e-05, 0.003000000000000058, 9.843537775361573e-05, 0.0, nan, nan], [0.0003273037973875277, 0.00020000563954170308, 0.02200000000000018, 0.00010137170829584933, 0.0, nan, nan]]","['surf_dist', 'centerline_dist', 'orient_err', 'speed', 'angular_speed', 'normal_load', 'noise']","[0.046981054129075855, 0.028274665191392375, 0.25437885626177925, 0.012164135734325808, 0.999085892861233, 0.35645552283983406, 0.34256459093642816]","[[0.017039894109881718, 0.007177143989301459, 0.39285102646542946, 0.02870245398794965, 0.0052671770722300115, -0.0009544126010306575, 0.15629752662949734], [0.0007160486230982184, 0.0004210386444007735, 0.05699999999999994, 0.007297938006658788, 0.72, 0.152420774891329, 0.018391983829857017], [0.0005167404486443004, 4.863403984431847e-05, 0.05699999999999994, 0.0072984353777536155, 0.72, 0.3308688452670368, 0.011933839949092695], [0.0003273037973875277, 0.00020000563954170308, 0.03799999999999982, 0.002778628291704151, 1.0, 0.3520444331217513, -0.0031434512965384243]]","[[0.017039894109881718, 0.007177143989301459, 0.39285102646542946, 0.02870245398794965, 0.0052671770722300115, -0.0009544126010306575, 0.15629752662949734], [0.0007160486230982184, 0.0004210386444007735, 0.05699999999999994, 0.007297938006658788, 0.72, 0.152420774891329, 0.018391983829857017], [0.0005167404486443004, 4.863403984431847e-05, 0.05699999999999994, 0.0072984353777536155, 0.72, 0.3308688452670368, 0.011933839949092695], [0.0003273037973875277, 0.00020000563954170308, 0.03799999999999982, 0.002778628291704151, 1.0, 0.3520444331217513, -0.0031434512965384243]]",[],"[[1, 1, 1, 1, 1, 1, 1], [1, 1, 1, 1, 1, 1, 1], [1, 1, 1, 1, 1, 1, 1], [1, 1, 1, 1, 1, 1, 1]]","[['', '', '', '', '', '', ''], ['target_value', 'target_value', '', '', 'lower_bound', '', ''], ['target_value', 'target_value', 'upper_bound', 'upper_bound', 'lower_bound', '', ''], ['target_value', 'target_value', 'upper_bound', 'upper_bound', 'lower_bound', '', '']]","[[nan, nan, nan, nan, nan, nan, nan], [0.0, 0.0, nan, nan, 0.4, nan, nan], [0.0, 0.0, 0.06, 0.0072, 0.72, nan, nan], [0.0, 0.0, 0.06, 0.00288, 1.0, nan, nan]]","[[0, 0, 0, 0, 0, 0, 0], [1, 1, 0, 0, 1, 0, 0], [1, 1, 1, 1, 1, 0, 0], [1, 1, 1, 1, 1, 0, 0]]",30.433333333333337,0.03783760821034964,0.02672535217530512,0.10027001191888914,249.7724605520033,,,,,249.7724605520033,
fchmm,S4SlideInsertRealistic,0,9,"[[nan, nan, nan, nan, nan, nan, nan], [0.5183747855571825, 0.42748536607505416, nan, nan, 0.3947800982245556, nan, nan], [0.015134537881680635, 0.010208395981444117, 0.6137876933079699, 0.9938769768927107, 0.7236827331353517, nan, nan], [0.00669170874492224, 0.00674219222107422, 0.08648517539272271, 0.008308055036581604, 0.0, nan, nan]]","[[nan, nan, nan, nan, nan, nan, nan], [0.02435379385941008, 0.01208700559999196, nan, nan, 0.3944192269185254, nan, nan], [0.0007110365434377869, 0.0002886389785164878, 0.15613461141123713, 0.012089654450144328, 0.7230212095827903, nan, nan], [0.000314383530761202, 0.00019063322770688368, 0.02200000000000018, 0.0001010603091532278, 0.0, nan, nan]]","['surf_dist', 'centerline_dist', 'orient_err', 'speed', 'angular_speed', 'normal_load', 'noise']","[0.046981054129075855, 0.028274665191392375, 0.25437885626177925, 0.012164135734325808, 0.999085892861233, 0.35645552283983406, 0.34256459093642816]","[[0.05070468261593079, 0.030512312897138457, 0.39074425924574707, 0.028626775969104123, 0.007284116915154848, -0.00019718055252870847, 0.34662155643993775], [0.02435379385941008, 0.01208700559999196, 0.3708782490762419, 0.027856684391308915, 0.005580773081474644, 0.009560740849384297, 0.2312818366777703], [0.0007110365434377869, 0.0002886389785164878, 0.21613461141123713, 0.019289654450144328, -0.003021209582790285, 0.09805082360374182, 0.00048652230682377784], [0.000314383530761202, 0.00019063322770688368, 0.03799999999999982, 0.0027789396908467724, 1.0, 0.3592872178661666, -0.0031938213165811358]]","[[0.05070468261593079, 0.030512312897138457, 0.39074425924574707, 0.028626775969104123, 0.007284116915154848, -0.00019718055252870847, 0.34662155643993775], [0.02435379385941008, 0.01208700559999196, 0.3708782490762419, 0.027856684391308915, 0.005580773081474644, 0.009560740849384297, 0.2312818366777703], [0.0007110365434377869, 0.0002886389785164878, 0.21613461141123713, 0.019289654450144328, -0.003021209582790285, 0.09805082360374182, 0.00048652230682377784], [0.000314383530761202, 0.00019063322770688368, 0.03799999999999982, 0.0027789396908467724, 1.0, 0.3592872178661666, -0.0031938213165811358]]",[],"[[1, 1, 1, 1, 1, 1, 1], [1, 1, 1, 1, 1, 1, 1], [1, 1, 1, 1, 1, 1, 1], [1, 1, 1, 1, 1, 1, 1]]","[['', '', '', '', '', '', ''], ['target_value', 'target_value', '', '', 'lower_bound', '', ''], ['target_value', 'target_value', 'upper_bound', 'upper_bound', 'lower_bound', '', ''], ['target_value', 'target_value', 'upper_bound', 'upper_bound', 'lower_bound', '', '']]","[[nan, nan, nan, nan, nan, nan, nan], [0.0, 0.0, nan, nan, 0.4, nan, nan], [0.0, 0.0, 0.06, 0.0072, 0.72, nan, nan], [0.0, 0.0, 0.06, 0.00288, 1.0, nan, nan]]","[[0, 0, 0, 0, 0, 0, 0], [1, 1, 0, 0, 1, 0, 0], [1, 1, 1, 1, 1, 0, 0], [1, 1, 1, 1, 1, 0, 0]]",16.700000000000003,0.2927352091116346,0.10351625033935961,0.09806452095640614,48.281328396387806,,,,,48.281328396387806,
swcl,S4SlideInsertRealistic,0,0,"[[nan, nan, nan, nan, nan, nan, nan], [0.015815970156269354, 0.0020754945774346654, nan, nan, 0.0, nan, nan], [0.021184706882190416, 0.01182751608626698, 0.011793433008098684, 0.011346403208434287, 0.2882635037266024, nan, nan], [0.008920641487243983, 0.01012812658197535, 0.011793433008098684, 0.2951645713060684, 0.3002744830485442, nan, nan]]","[[nan, nan, nan, nan, nan, nan, nan], [0.0007430509500155388, 5.868391428351556e-05, nan, nan, 0.0, nan, nan], [0.0009952798607407937, 0.00033441905738500633, 0.003000000000000058, 0.0001380191887237845, 0.2879999999999999, nan, nan], [0.0004191011405782893, 0.00028636938812139426, 0.003000000000000058, 0.0035904219093311047, 0.29999999999999993, nan, nan]]","['surf_dist', 'centerline_dist', 'orient_err', 'speed', 'normal_load', 'start_dist', 'insertion_err']","[0.046981054129075855, 0.028274665191392375, 0.25437885626177925, 0.012164135734325808, 0.999085892861233, 0.35645552283983406, 0.34256459093642816]","[[0.0077217949509275265, 0.0041120163263863715, 0.09553820187614892, 0.0065517909087277485, 0.5679300155645604, 0.22859836971998052, 0.16683233339506573], [0.0007430509500155388, 5.868391428351556e-05, 0.09553820187614892, 0.0065517909087277485, 0.4, 0.22859836971998052, 0.16683233339506573], [0.0009952798607407937, 0.00033441905738500633, 0.05699999999999994, 0.007061980811276215, 0.72, 0.22859836971998052, 0.16683233339506573], [0.0004191011405782893, 0.00028636938812139426, 0.05699999999999994, 0.006470421909331105, 0.72, 0.22859836971998052, 0.16683233339506573]]","[[nan, nan, nan, nan, nan, nan, nan], [0.0007430509500155388, 5.868391428351556e-05, nan, nan, 0.4, nan, nan], [0.0009952798607407937, 0.00033441905738500633, 0.05699999999999994, 0.007061980811276215, 0.72, nan, nan], [0.0004191011405782893, 0.00028636938812139426, 0.05699999999999994, 0.006470421909331105, 0.72, nan, nan]]",[],"[[0, 0, 0, 0, 0, 0, 0], [1, 1, 0, 0, 1, 0, 0], [1, 1, 1, 1, 1, 0, 0], [1, 1, 1, 1, 1, 0, 0]]","[['', '', '', '', '', '', ''], ['target_value', 'target_value', '', '', 'lower_bound', '', ''], ['target_value', 'target_value', 'upper_bound', 'upper_bound', 'lower_bound', '', ''], ['target_value', 'target_value', 'upper_bound', 'upper_bound', 'lower_bound', '', '']]","[[nan, nan, nan, nan, nan, nan, nan], [0.0, 0.0, nan, nan, 0.4, nan, nan], [0.0, 0.0, 0.06, 0.0072, 0.43200000000000005, nan, nan], [0.0, 0.0, 0.06, 0.00288, 0.42000000000000004, nan, nan]]","[[0, 0, 0, 0, 0, 0, 0], [1, 1, 0, 0, 1, 0, 0], [1, 1, 1, 1, 1, 0, 0], [1, 1, 1, 1, 1, 0, 0]]",14.066666666666666,0.07604525254440211,0.04619733426224458,0.05864810346780884,-174.82747243224472,,,,,,-174.82747243224472
arhsmm,S5SphereInspectRaw,0,0,"[[nan, nan, nan, nan, nan, nan], [3.1806412320421065e-05, 0.0014108359790275676, 0.018011927120209426, nan, nan, nan], [nan, nan, nan, nan, nan, nan], [0.4349708472322513, nan, 0.003329327231521331, nan, nan, nan], [nan, nan, nan, nan, nan, nan]]","[[nan, nan, nan, nan, nan, nan], [2.369103454639282e-06, 0.0003858664050982799, 9.307264655374764e-05, nan, nan, nan], [nan, nan, nan, nan, nan, nan], [0.032398842298340044, nan, 1.720356154081247e-05, nan, nan, nan], [nan, nan, nan, nan, nan, nan]]","['surf_dist', 'normal_err', 'speed', 'ang_speed', 'start_dist', 'goal_dist']","[0.07448508906860322, 0.2735019597134474, 0.005167278655559288, 0.06608722993185281, 0.2420060651636752, 0.17611082692742402]","[[0.020452199595892187, 0.1015848930282091, 0.0076390865944124696, 0.041123437600249585, 0.16447107832908106, 0.2889733595710317], [2.369103454639282e-06, 0.03961413359490172, 0.008553072646553748, 0.041123437600249585, 0.16447107832908106, 0.2889733595710317], [0.020452199595892187, 0.1015848930282091, 0.0076390865944124696, 0.041123437600249585, 0.16447107832908106, 0.2889733595710317], [1.1577016599505219e-06, 0.1015848930282091, 0.008442796438459188, 0.041123437600249585, 0.16447107832908106, 0.2889733595710317], [0.020452199595892187, 0.1015848930282091, 0.0076390865944124696, 0.041123437600249585, 0.16447107832908106, 0.2889733595710317]]","[[nan, nan, nan, nan, nan, nan], [2.369103454639282e-06, 0.03961413359490172, 0.008553072646553748, nan, nan, nan], [nan, nan, nan, nan, nan, nan], [1.1577016599505219e-06, nan, 0.008442796438459188, nan, nan, nan], [nan, nan, nan, nan, nan, nan]]",[],"[[0, 0, 0, 0, 0, 0], [1, 1, 1, 0, 0, 0], [0, 0, 0, 0, 0, 0], [1, 0, 1, 0, 0, 0], [0, 0, 0, 0, 0, 0]]","[['', '', '', '', '', ''], ['target_value', 'upper_bound', 'upper_bound', '', '', ''], ['', '', '', '', '', ''], ['target_value', '', 'upper_bound', '', '', ''], ['', '', '', '', '', '']]","[[nan, nan, nan, nan, nan, nan], [0.0, 0.04, 0.00846, nan, nan, nan], [nan, nan, nan, nan, nan, nan], [0.0324, nan, 0.00846, nan, nan, nan], [nan, nan, nan, nan, nan, nan]]","[[0, 0, 0, 0, 0, 0], [1, 1, 1, 0, 0, 0], [0, 0, 0, 0, 0, 0], [1, 0, 1, 0, 0, 0], [0, 0, 0, 0, 0, 0]]",16.025,0.09155094879506602,0.006579470802997504,0.08817249840743097,1121.6415643863115,-10999999060.417854,-10999999060.417854,1121.6415643863115,,,
arhsmm,S5SphereInspectRaw,0,1,"[[nan, nan, nan, nan, nan, nan], [3.21423405383496e-05, 0.0014008977120943081, 0.01429738998974498, nan, nan, nan], [nan, nan, nan, nan, nan, nan], [0.21629612428658887, nan, 0.011928560816572203, nan, nan, nan], [nan, nan, nan, nan, nan, nan]]","[[nan, nan, nan, nan, nan, nan], [2.394125097872346e-06, 0.00038314826961587806, 7.387859812421627e-05, nan, nan, nan], [nan, nan, nan, nan, nan, nan], [0.016110836082680245, nan, 6.163819769901442e-05, nan, nan, nan], [nan, nan, nan, nan, nan, nan]]","['surf_dist', 'normal_err', 'speed', 'ang_speed', 'start_dist', 'goal_dist']","[0.07448508906860322, 0.2735019597134474, 0.005167278655559288, 0.06608722993185281, 0.2420060651636752, 0.17611082692742402]","[[0.020452199595892187, 0.1015848930282091, 0.0076390865944124696, 0.041123437600249585, 0.16447107832908106, 0.2889733595710317], [2.394125097872346e-06, 0.03961685173038412, 0.008386121401875784, 0.041123437600249585, 0.16447107832908106, 0.2889733595710317], [0.020452199595892187, 0.1015848930282091, 0.0076390865944124696, 0.041123437600249585, 0.16447107832908106, 0.2889733595710317], [0.016289163917319754, 0.1015848930282091, 0.008398361802300986, 0.041123437600249585, 0.16447107832908106, 0.2889733595710317], [0.020452199595892187, 0.1015848930282091, 0.0076390865944124696, 0.041123437600249585, 0.16447107832908106, 0.2889733595710317]]","[[nan, nan, nan, nan, nan, nan], [2.394125097872346e-06, 0.03961685173038412, 0.008386121401875784, nan, nan, nan], [nan, nan, nan, nan, nan, nan], [0.016289163917319754, nan, 0.008398361802300986, nan, nan, nan], [nan, nan, nan, nan, nan, nan]]",[],"[[0, 0, 0, 0, 0, 0], [1, 1, 1, 0, 0, 0], [0, 0, 0, 0, 0, 0], [1, 0, 1, 0, 0, 0], [0, 0, 0, 0, 0, 0]]","[['', '', '', '', '', ''], ['target_value', 'upper_bound', 'upper_bound', '', '', ''], ['', '', '', '', '', ''], ['target_value', '', 'upper_bound', '', '', ''], ['', '', '', '', '', '']]","[[nan, nan, nan, nan, nan, nan], [0.0, 0.04, 0.00846, nan, nan, nan], [nan, nan, nan, nan, nan, nan], [0.0324, nan, 0.00846, nan, nan, nan], [nan, nan, nan, nan, nan, nan]]","[[0, 0, 0, 0, 0, 0], [1, 1, 1, 0, 0, 0], [0, 0, 0, 0, 0, 0], [1, 0, 1, 0, 0, 0], [0, 0, 0, 0, 0, 0]]",14.025,0.04879102302910775,0.0033263790546434456,0.08183821275741385,965.1981398196797,-5999999962.116494,-5999999962.116494,965.1981398196797,,,
arhsmm,S5SphereInspectRaw,0,2,"[[nan, nan, nan, nan, nan, nan], [3.663909815241352e-05, 0.0014127752895919342, 0.0013053895904976036, nan, nan, nan], [nan, nan, nan, nan, nan, nan], [0.21629612428658887, nan, 0.013663574160503213, nan, nan, nan], [nan, nan, nan, nan, nan, nan]]","[[nan, nan, nan, nan, nan, nan], [2.7290664892758165e-06, 0.0003863968103381271, 6.745311768167547e-06, nan, nan, nan], [nan, nan, nan, nan, nan, nan], [0.016110836082680245, nan, 7.060349511821967e-05, nan, nan, nan], [nan, nan, nan, nan, nan, nan]]","['surf_dist', 'normal_err', 'speed', 'ang_speed', 'start_dist', 'goal_dist']","[0.07448508906860322, 0.2735019597134474, 0.005167278655559288, 0.06608722993185281, 0.2420060651636752, 0.17611082692742402]","[[0.020452199595892187, 0.1015848930282091, 0.0076390865944124696, 0.041123437600249585, 0.16447107832908106, 0.2889733595710317], [2.7290664892758165e-06, 0.039613603189661874, 0.008453254688231833, 0.041123437600249585, 0.16447107832908106, 0.2889733595710317], [0.020452199595892187, 0.1015848930282091, 0.0076390865944124696, 0.041123437600249585, 0.16447107832908106, 0.2889733595710317], [0.016289163917319754, 0.1015848930282091, 0.00838939650488178, 0.041123437600249585, 0.16447107832908106, 0.2889733595710317], [0.020452199595892187, 0.1015848930282091, 0.0076390865944124696, 0.041123437600249585, 0.16447107832908106, 0.2889733595710317]]","[[nan, nan, nan, nan, nan, nan], [2.7290664892758165e-06, 0.039613603189661874, 0.008453254688231833, nan, nan, nan], [nan, nan, nan, nan, nan, nan], [0.016289163917319754, nan, 0.00838939650488178, nan, nan, nan], [nan, nan, nan, nan, nan, nan]]",[],"[[0, 0, 0, 0, 0, 0], [1, 1, 1, 0, 0, 0], [0, 0, 0, 0, 0, 0], [1, 0, 1, 0, 0, 0], [0, 0, 0, 0, 0, 0]]","[['', '', '', '', '', ''], ['target_value', 'upper_bound', 'upper_bound', '', '', ''], ['', '', '', '', '', ''], ['target_value', '', 'upper_bound', '', '', ''], ['', '', '', '', '', '']]","[[nan, nan, nan, nan, nan, nan], [0.0, 0.04, 0.00846, nan, nan, nan], [nan, nan, nan, nan, nan, nan], [0.0324, nan, 0.00846, nan, nan, nan], [nan, nan, nan, nan, nan, nan]]","[[0, 0, 0, 0, 0, 0], [1, 1, 1, 0, 0, 0], [0, 0, 0, 0, 0, 0], [1, 0, 1, 0, 0, 0], [0, 0, 0, 0, 0, 0]]",12.225,0.046542900485066804,0.003315462153278807,0.08079876268629237,1025.1674418821729,-6166666473.475223,-6166666473.475223,1025.1674418821729,,,
arhsmm,S5SphereInspectRaw,0,3,"[[nan, nan, nan, nan, nan, nan], [2.6342216832166984e-05, 0.0014082859791151013, 0.01800001277322348, nan, nan, nan], [nan, nan, nan, nan, nan, nan], [0.32646424940215285, nan, 0.21895994657271098, nan, nan, nan], [nan, nan, nan, nan, nan, nan]]","[[nan, nan, nan, nan, nan, nan], [1.962102367008417e-06, 0.00038516897512495124, 9.301108180287225e-05, nan, nan, nan], [nan, nan, nan, nan, nan, nan], [0.024316718694434053, nan, 0.0011314270583475715, nan, nan, nan], [nan, nan, nan, nan, nan, nan]]","['surf_dist', 'normal_err', 'speed', 'ang_speed', 'start_dist', 'goal_dist']","[0.07448508906860322, 0.2735019597134474, 0.005167278655559288, 0.06608722993185281, 0.2420060651636752, 0.17611082692742402]","[[0.020452199595892187, 0.1015848930282091, 0.0076390865944124696, 0.041123437600249585, 0.16447107832908106, 0.2889733595710317], [1.962102367008417e-06, 0.03961483102487505, 0.008553011081802873, 0.041123437600249585, 0.16447107832908106, 0.2889733595710317], [0.020452199595892187, 0.1015848930282091, 0.0076390865944124696, 0.041123437600249585, 0.16447107832908106, 0.2889733595710317], [0.05671671869443405, 0.1015848930282091, 0.007328572941652429, 0.041123437600249585, 0.16447107832908106, 0.2889733595710317], [0.020452199595892187, 0.1015848930282091, 0.0076390865944124696, 0.041123437600249585, 0.16447107832908106, 0.2889733595710317]]","[[nan, nan, nan, nan, nan, nan], [1.962102367008417e-06, 0.03961483102487505, 0.008553011081802873, nan, nan, nan], [nan, nan, nan, nan, nan, nan], [0.05671671869443405, nan, 0.007328572941652429, nan, nan, nan], [nan, nan, nan, nan, nan, nan]]",[],"[[0, 0, 0, 0, 0, 0], [1, 1, 1, 0, 0, 0], [0, 0, 0, 0, 0, 0], [1, 0, 1, 0, 0, 0], [0, 0, 0, 0, 0, 0]]","[['', '', '', '', '', ''], ['target_value', 'upper_bound', 'upper_bound', '', '', ''], ['', '', '', '', '', ''], ['target_value', '', 'upper_bound', '', '', ''], ['', '', '', '', '', '']]","[[nan, nan, nan, nan, nan, nan], [0.0, 0.04, 0.00846, nan, nan, nan], [nan, nan, nan, nan, nan, nan], [0.0324, nan, 0.00846, nan, nan, nan], [nan, nan, nan, nan, nan, nan]]","[[0, 0, 0, 0, 0, 0], [1, 1, 1, 0, 0, 0], [0, 0, 0, 0, 0, 0], [1, 0, 1, 0, 0, 0], [0, 0, 0, 0, 0, 0]]",9.075,0.11297176738880692,0.005185657582415291,0.07425722225089611,1039.3701118868605,-16999999608.042267,-16999999608.042267,1039.3701118868605,,,
arhsmm,S5SphereInspectRaw,0,4,"[[nan, nan, nan, nan, nan, nan], [0.04806955005126372, 0.8820738245062328, 0.0019723126989146487, nan, nan, nan], [nan, nan, nan, nan, nan, nan], [0.06716306441832665, nan, 0.0771396111735964, nan, nan, nan], [nan, nan, nan, nan, nan, nan]]","[[nan, nan, nan, nan, nan, nan], [0.003580464717056059, 0.24124891961439013, 1.0191489311190197e-05, nan, nan, nan], [nan, nan, nan, nan, nan, nan], [0.0050026468353193965, nan, 0.00039860186631546744, nan, nan, nan], [nan, nan, nan, nan, nan, nan]]","['surf_dist', 'normal_err', 'speed', 'ang_speed', 'start_dist', 'goal_dist']","[0.07448508906860322, 0.2735019597134474, 0.005167278655559288, 0.06608722993185281, 0.2420060651636752, 0.17611082692742402]","[[0.020452199595892187, 0.1015848930282091, 0.0076390865944124696, 0.041123437600249585, 0.16447107832908106, 0.2889733595710317], [0.003580464717056059, 0.28124891961439014, 0.00844980851068881, 0.041123437600249585, 0.16447107832908106, 0.2889733595710317], [0.020452199595892187, 0.1015848930282091, 0.0076390865944124696, 0.041123437600249585, 0.16447107832908106, 0.2889733595710317], [0.037402646835319395, 0.1015848930282091, 0.008061398133684533, 0.041123437600249585, 0.16447107832908106, 0.2889733595710317], [0.020452199595892187, 0.1015848930282091, 0.0076390865944124696, 0.041123437600249585, 0.16447107832908106, 0.2889733595710317]]","[[nan, nan, nan, nan, nan, nan], [0.003580464717056059, 0.28124891961439014, 0.00844980851068881, nan, nan, nan], [nan, nan, nan, nan, nan, nan], [0.037402646835319395, nan, 0.008061398133684533, nan, nan, nan], [nan, nan, nan, nan, nan, nan]]",[],"[[0, 0, 0, 0, 0, 0], [1, 1, 1, 0, 0, 0], [0, 0, 0, 0, 0, 0], [1, 0, 1, 0, 0, 0], [0, 0, 0, 0, 0, 0]]","[['', '', '', '', '', ''], ['target_value', 'upper_bound', 'upper_bound', '', '', ''], ['', '', '', '', '', ''], ['target_value', '', 'upper_bound', '', '', ''], ['', '', '', '', '', '']]","[[nan, nan, nan, nan, nan, nan], [0.0, 0.04, 0.00846, nan, nan, nan], [nan, nan, nan, nan, nan, nan], [0.0324, nan, 0.00846, nan, nan, nan], [nan, nan, nan, nan, nan, nan]]","[[0, 0, 0, 0, 0, 0], [1, 1, 1, 0, 0, 0], [0, 0, 0, 0, 0, 0], [1, 0, 1, 0, 0, 0], [0, 0, 0, 0, 0, 0]]",9.475,0.21528367256966682,0.05004816490447846,0.07474151159713616,922.4379045877462,-18166666978.11643,-18166666978.11643,922.4379045877462,,,
arhsmm,S5SphereInspectRaw,0,5,"[[nan, nan, nan, nan, nan, nan], [0.15979570312579508, 0.24399813330389275, 0.03159918227466606, nan, nan, nan], [nan, nan, nan, nan, nan, nan], [0.2948669203749004, nan, 0.002091662794204591, nan, nan, nan], [nan, nan, nan, nan, nan, nan]]","[[nan, nan, nan, nan, nan, nan], [0.011902397180104924, 0.06673396762503764, 0.00016328178010100933, nan, nan, nan], [nan, nan, nan, nan, nan, nan], [0.021963188827509195, nan, 1.0808204511120884e-05, nan, nan, nan], [nan, nan, nan, nan, nan, nan]]","['surf_dist', 'normal_err', 'speed', 'ang_speed', 'start_dist', 'goal_dist']","[0.07448508906860322, 0.2735019597134474, 0.005167278655559288, 0.06608722993185281, 0.2420060651636752, 0.17611082692742402]","[[0.020452199595892187, 0.1015848930282091, 0.0076390865944124696, 0.041123437600249585, 0.16447107832908106, 0.2889733595710317], [0.011902397180104924, 0.10673396762503765, 0.00862328178010101, 0.041123437600249585, 0.16447107832908106, 0.2889733595710317], [0.020452199595892187, 0.1015848930282091, 0.0076390865944124696, 0.041123437600249585, 0.16447107832908106, 0.2889733595710317], [0.010436811172490804, 0.1015848930282091, 0.00844919179548888, 0.041123437600249585, 0.16447107832908106, 0.2889733595710317], [0.020452199595892187, 0.1015848930282091, 0.0076390865944124696, 0.041123437600249585, 0.16447107832908106, 0.2889733595710317]]","[[nan, nan, nan, nan, nan, nan], [0.011902397180104924, 0.10673396762503765, 0.00862328178010101, nan, nan, nan], [nan, nan, nan, nan, nan, nan], [0.010436811172490804, nan, 0.00844919179548888, nan, nan, nan], [nan, nan, nan, nan, nan, nan]]",[],"[[0, 0, 0, 0, 0, 0], [1, 1, 1, 0, 0, 0], [0, 0, 0, 0, 0, 0], [1, 0, 1, 0, 0, 0], [0, 0, 0, 0, 0, 0]]","[['', '', '', '', '', ''], ['target_value', 'upper_bound', 'upper_bound', '', '', ''], ['', '', '', '', '', ''], ['target_value', '', 'upper_bound', '', '', ''], ['', '', '', '', '', '']]","[[nan, nan, nan, nan, nan, nan], [0.0, 0.04, 0.00846, nan, nan, nan], [nan, nan, nan, nan, nan, nan], [0.0324, nan, 0.00846, nan, nan, nan], [nan, nan, nan, nan, nan, nan]]","[[0, 0, 0, 0, 0, 0], [1, 1, 1, 0, 0, 0], [0, 0, 0, 0, 0, 0], [1, 0, 1, 0, 0, 0], [0, 0, 0, 0, 0, 0]]",17.975,0.1464703203746918,0.020154728723452777,0.08015649807786146,1051.993729447536,-17000000438.778423,-17000000438.778423,1051.993729447536,,,
arhsmm,S5SphereInspectRaw,0,6,"[[nan, nan, nan, nan, nan, nan], [0.014276271439320642, 0.9431887086480031, 0.004031635407782173, nan, nan, nan], [nan, nan, nan, nan, nan, nan], [0.014760103028750953, nan, 0.07703670743055233, nan, nan, nan], [nan, nan, nan, nan, nan, nan]]","[[nan, nan, nan, nan, nan, nan], [0.0010633693497253544, 0.2579639601948246, 2.083258358962989e-05, nan, nan, nan], [nan, nan, nan, nan, nan, nan], [0.001099407588758275, nan, 0.00039807013400045867, nan, nan, nan], [nan, nan, nan, nan, nan, nan]]","['surf_dist', 'normal_err', 'speed', 'ang_speed', 'start_dist', 'goal_dist']","[0.07448508906860322, 0.2735019597134474, 0.005167278655559288, 0.06608722993185281, 0.2420060651636752, 0.17611082692742402]","[[0.020452199595892187, 0.1015848930282091, 0.0076390865944124696, 0.041123437600249585, 0.16447107832908106, 0.2889733595710317], [0.0010633693497253544, 0.2979639601948246, 0.00848083258358963, 0.041123437600249585, 0.16447107832908106, 0.2889733595710317], [0.020452199595892187, 0.1015848930282091, 0.0076390865944124696, 0.041123437600249585, 0.16447107832908106, 0.2889733595710317], [0.03349940758875827, 0.1015848930282091, 0.008061929865999542, 0.041123437600249585, 0.16447107832908106, 0.2889733595710317], [0.020452199595892187, 0.1015848930282091, 0.0076390865944124696, 0.041123437600249585, 0.16447107832908106, 0.2889733595710317]]","[[nan, nan, nan, nan, nan, nan], [0.0010633693497253544, 0.2979639601948246, 0.00848083258358963, nan, nan, nan], [nan, nan, nan, nan, nan, nan], [0.03349940758875827, nan, 0.008061929865999542, nan, nan, nan], [nan, nan, nan, nan, nan, nan]]",[],"[[0, 0, 0, 0, 0, 0], [1, 1, 1, 0, 0, 0], [0, 0, 0, 0, 0, 0], [1, 0, 1, 0, 0, 0], [0, 0, 0, 0, 0, 0]]","[['', '', '', '', '', ''], ['target_value', 'upper_bound', 'upper_bound', '', '', ''], ['', '', '', '', '', ''], ['target_value', '', 'upper_bound', '', '', ''], ['', '', '', '', '', '']]","[[nan, nan, nan, nan, nan, nan], [0.0, 0.04, 0.00846, nan, nan, nan], [nan, nan, nan, nan, nan, nan], [0.0324, nan, 0.00846, nan, nan, nan], [nan, nan, nan, nan, nan, nan]]","[[0, 0, 0, 0, 0, 0], [1, 1, 1, 0, 0, 0], [0, 0, 0, 0, 0, 0], [1, 0, 1, 0, 0, 0], [0, 0, 0, 0, 0, 0]]",8.775,0.21065868519088182,0.05210912797017966,0.0708693617234297,1106.0354433701116,-19333333681.855488,-19333333681.855488,1106.0354433701116,,,
arhsmm,S5SphereInspectRaw,0,7,"[[nan, nan, nan, nan, nan, nan], [2.6145572556709588e-05, 0.0014258599492227584, 0.018036072429711468, nan, nan, nan], [nan, nan, nan, nan, nan, nan], [0.2832280700888739, nan, 0.0020958943070848793, nan, nan, nan], [nan, nan, nan, nan, nan, nan]]","[[nan, nan, nan, nan, nan, nan], [1.9474553006361417e-06, 0.000389975490389341, 9.319741209616941e-05, nan, nan, nan], [nan, nan, nan, nan, nan, nan], [0.02109626802729837, nan, 1.0830069917307922e-05, nan, nan, nan], [nan, nan, nan, nan, nan, nan]]","['surf_dist', 'normal_err', 'speed', 'ang_speed', 'start_dist', 'goal_dist']","[0.07448508906860322, 0.2735019597134474, 0.005167278655559288, 0.06608722993185281, 0.2420060651636752, 0.17611082692742402]","[[0.020452199595892187, 0.1015848930282091, 0.0076390865944124696, 0.041123437600249585, 0.16447107832908106, 0.2889733595710317], [1.9474553006361417e-06, 0.03961002450961066, 0.00855319741209617, 0.041123437600249585, 0.16447107832908106, 0.2889733595710317], [0.020452199595892187, 0.1015848930282091, 0.0076390865944124696, 0.041123437600249585, 0.16447107832908106, 0.2889733595710317], [0.011303731972701628, 0.1015848930282091, 0.008449169930082693, 0.041123437600249585, 0.16447107832908106, 0.2889733595710317], [0.020452199595892187, 0.1015848930282091, 0.0076390865944124696, 0.041123437600249585, 0.16447107832908106, 0.2889733595710317]]","[[nan, nan, nan, nan, nan, nan], [1.9474553006361417e-06, 0.03961002450961066, 0.00855319741209617, nan, nan, nan], [nan, nan, nan, nan, nan, nan], [0.011303731972701628, nan, 0.008449169930082693, nan, nan, nan], [nan, nan, nan, nan, nan, nan]]",[],"[[0, 0, 0, 0, 0, 0], [1, 1, 1, 0, 0, 0], [0, 0, 0, 0, 0, 0], [1, 0, 1, 0, 0, 0], [0, 0, 0, 0, 0, 0]]","[['', '', '', '', '', ''], ['target_value', 'upper_bound', 'upper_bound', '', '', ''], ['', '', '', '', '', ''], ['target_value', '', 'upper_bound', '', '', ''], ['', '', '', '', '', '']]","[[nan, nan, nan, nan, nan, nan], [0.0, 0.04, 0.00846, nan, nan, nan], [nan, nan, nan, nan, nan, nan], [0.0324, nan, 0.00846, nan, nan, nan], [nan, nan, nan, nan, nan, nan]]","[[0, 0, 0, 0, 0, 0], [1, 1, 1, 0, 0, 0], [0, 0, 0, 0, 0, 0], [1, 0, 1, 0, 0, 0], [0, 0, 0, 0, 0, 0]]",15.0,0.06096240846948995,0.0043184436910003645,0.07578304735730378,1064.895717638231,-16000000292.768782,-16000000292.768782,1064.895717638231,,,
arhsmm,S5SphereInspectRaw,0,8,"[[nan, nan, nan, nan, nan, nan], [2.4642856977034436e-05, 0.0013852307547419806, 0.0020453254882250842, nan, nan, nan], [nan, nan, nan, nan, nan, nan], [3.6605083656591836e-06, nan, 0.06352888669282902, nan, nan, nan], [nan, nan, nan, nan, nan, nan]]","[[nan, nan, nan, nan, nan, nan], [1.8355253968392604e-06, 0.00037886332607726947, 1.0568766738976859e-05, nan, nan, nan], [nan, nan, nan, nan, nan, nan], [2.726532916524915e-07, nan, 0.00032827146021929994, nan, nan, nan], [nan, nan, nan, nan, nan, nan]]","['surf_dist', 'normal_err', 'speed', 'ang_speed', 'start_dist', 'goal_dist']","[0.07448508906860322, 0.2735019597134474, 0.005167278655559288, 0.06608722993185281, 0.2420060651636752, 0.17611082692742402]","[[0.020452199595892187, 0.1015848930282091, 0.0076390865944124696, 0.041123437600249585, 0.16447107832908106, 0.2889733595710317], [1.8355253968392604e-06, 0.03962113667392273, 0.008449431233261024, 0.041123437600249585, 0.16447107832908106, 0.2889733595710317], [0.020452199595892187, 0.1015848930282091, 0.0076390865944124696, 0.041123437600249585, 0.16447107832908106, 0.2889733595710317], [0.03240027265329165, 0.1015848930282091, 0.0081317285397807, 0.041123437600249585, 0.16447107832908106, 0.2889733595710317], [0.020452199595892187, 0.1015848930282091, 0.0076390865944124696, 0.041123437600249585, 0.16447107832908106, 0.2889733595710317]]","[[nan, nan, nan, nan, nan, nan], [1.8355253968392604e-06, 0.03962113667392273, 0.008449431233261024, nan, nan, nan], [nan, nan, nan, nan, nan, nan], [0.03240027265329165, nan, 0.0081317285397807, nan, nan, nan], [nan, nan, nan, nan, nan, nan]]",[],"[[0, 0, 0, 0, 0, 0], [1, 1, 1, 0, 0, 0], [0, 0, 0, 0, 0, 0], [1, 0, 1, 0, 0, 0], [0, 0, 0, 0, 0, 0]]","[['', '', '', '', '', ''], ['target_value', 'upper_bound', 'upper_bound', '', '', ''], ['', '', '', '', '', ''], ['target_value', '', 'upper_bound', '', '', ''], ['', '', '', '', '', '']]","[[nan, nan, nan, nan, nan, nan], [0.0, 0.04, 0.00846, nan, nan, nan], [nan, nan, nan, nan, nan, nan], [0.0324, nan, 0.00846, nan, nan, nan], [nan, nan, nan, nan, nan, nan]]","[[0, 0, 0, 0, 0, 0], [1, 1, 1, 0, 0, 0], [0, 0, 0, 0, 0, 0], [1, 0, 1, 0, 0, 0], [0, 0, 0, 0, 0, 0]]",3.95,0.013397549260227756,0.0001439623463448076,0.06866440625374988,1220.1062334247817,-19999999052.303516,-19999999052.303516,1220.1062334247817,,,
arhsmm,S5SphereInspectRaw,0,9,"[[nan, nan, nan, nan, nan, nan], [0.3097231849864378, 0.6316023375670324, 0.21126463318447616, nan, nan, nan], [nan, nan, nan, nan, nan, nan], [3.6605083656591836e-06, nan, 0.06352888669282902, nan, nan, nan], [nan, nan, nan, nan, nan, nan]]","[[nan, nan, nan, nan, nan, nan], [0.023069759020326295, 0.1727444770841777, 0.0010916632297287062, nan, nan, nan], [nan, nan, nan, nan, nan, nan], [2.726532916524915e-07, nan, 0.00032827146021929994, nan, nan, nan], [nan, nan, nan, nan, nan, nan]]","['surf_dist', 'normal_err', 'speed', 'ang_speed', 'start_dist', 'goal_dist']","[0.07448508906860322, 0.2735019597134474, 0.005167278655559288, 0.06608722993185281, 0.2420060651636752, 0.17611082692742402]","[[0.020452199595892187, 0.1015848930282091, 0.0076390865944124696, 0.041123437600249585, 0.16447107832908106, 0.2889733595710317], [0.023069759020326295, 0.2127444770841777, 0.009551663229728707, 0.041123437600249585, 0.16447107832908106, 0.2889733595710317], [0.020452199595892187, 0.1015848930282091, 0.0076390865944124696, 0.041123437600249585, 0.16447107832908106, 0.2889733595710317], [0.03240027265329165, 0.1015848930282091, 0.0081317285397807, 0.041123437600249585, 0.16447107832908106, 0.2889733595710317], [0.020452199595892187, 0.1015848930282091, 0.0076390865944124696, 0.041123437600249585, 0.16447107832908106, 0.2889733595710317]]","[[nan, nan, nan, nan, nan, nan], [0.023069759020326295, 0.2127444770841777, 0.009551663229728707, nan, nan, nan], [nan, nan, nan, nan, nan, nan], [0.03240027265329165, nan, 0.0081317285397807, nan, nan, nan], [nan, nan, nan, nan, nan, nan]]",[],"[[0, 0, 0, 0, 0, 0], [1, 1, 1, 0, 0, 0], [0, 0, 0, 0, 0, 0], [1, 0, 1, 0, 0, 0], [0, 0, 0, 0, 0, 0]]","[['', '', '', '', '', ''], ['target_value', 'upper_bound', 'upper_bound', '', '', ''], ['', '', '', '', '', ''], ['target_value', '', 'upper_bound', '', '', ''], ['', '', '', '', '', '']]","[[nan, nan, nan, nan, nan, nan], [0.0, 0.04, 0.00846, nan, nan, nan], [nan, nan, nan, nan, nan, nan], [0.0324, nan, 0.00846, nan, nan, nan], [nan, nan, nan, nan, nan, nan]]","[[0, 0, 0, 0, 0, 0], [1, 1, 1, 0, 0, 0], [0, 0, 0, 0, 0, 0], [1, 0, 1, 0, 0, 0], [0, 0, 0, 0, 0, 0]]",10.65,0.24322454058782822,0.03944688868954873,0.07605096300747846,1053.8556054651046,-21333333061.596848,-21333333061.596848,1053.8556054651046,,,
cluster,S5SphereInspectRaw,0,0,"[[nan, nan, nan, nan, nan, nan], [0.0653667620607597, 0.17196330856919242, 0.14675437340975886, nan, nan, nan], [nan, nan, nan, nan, nan, nan], [0.2157424371031312, nan, 0.11395116706735861, nan, nan, nan], [nan, nan, nan, nan, nan, nan]]","[[nan, nan, nan, nan, nan, nan], [0.00486884909422188, 0.047032301892482385, 0.0007583207413302245, nan, nan, nan], [nan, nan, nan, nan, nan, nan], [0.016069594643504256, nan, 0.0005888174333632326, nan, nan, nan], [nan, nan, nan, nan, nan, nan]]","['surf_dist', 'normal_err', 'speed', 'ang_speed', 'start_dist', 'goal_dist']","[0.07448508906860322, 0.2735019597134474, 0.005167278655559288, 0.06608722993185281, 0.2420060651636752, 0.17611082692742402]","[[0.020452199595892187, 0.1015848930282091, 0.0076390865944124696, 0.041123437600249585, 0.16447107832908106, 0.2889733595710317], [0.00486884909422188, 0.08703230189248239, 0.009218320741330225, 0.041123437600249585, 0.16447107832908106, 0.2889733595710317], [0.020452199595892187, 0.1015848930282091, 0.0076390865944124696, 0.041123437600249585, 0.16447107832908106, 0.2889733595710317], [0.016330405356495742, 0.1015848930282091, 0.007871182566636768, 0.041123437600249585, 0.16447107832908106, 0.2889733595710317], [0.020452199595892187, 0.1015848930282091, 0.0076390865944124696, 0.041123437600249585, 0.16447107832908106, 0.2889733595710317]]","[[nan, nan, nan, nan, nan, nan], [0.00486884909422188, 0.08703230189248239, 0.009218320741330225, nan, nan, nan], [nan, nan, nan, nan, nan, nan], [0.016330405356495742, nan, 0.007871182566636768, nan, nan, nan], [nan, nan, nan, nan, nan, nan]]",[],"[[0, 0, 0, 0, 0, 0], [1, 1, 1, 0, 0, 0], [0, 0, 0, 0, 0, 0], [1, 0, 1, 0, 0, 0], [0, 0, 0, 0, 0, 0]]","[['', '', '', '', '', ''], ['target_value', 'upper_bound', 'upper_bound', '', '', ''], ['', '', '', '', '', ''], ['target_value', '', 'upper_bound', '', '', ''], ['', '', '', '', '', '']]","[[nan, nan, nan, nan, nan, nan], [0.0, 0.04, 0.00846, nan, nan, nan], [nan, nan, nan, nan, nan, nan], [0.0324, nan, 0.00846, nan, nan, nan], [nan, nan, nan, nan, nan, nan]]","[[0, 0, 0, 0, 0, 0], [1, 1, 1, 0, 0, 0], [0, 0, 0, 0, 0, 0], [1, 0, 1, 0, 0, 0], [0, 0, 0, 0, 0, 0]]",14.825,0.14275560964204018,0.013863576760980396,0.08055647877603529,499.6294781271554,-31166666827.200695,-31166666827.200695,,499.6294781271554,,
cluster,S5SphereInspectRaw,0,1,"[[nan, nan, nan, nan, nan, nan], [3.837768401602803e-05, 0.0014343094112630435, 0.008287643444870957, nan, nan, nan], [nan, nan, nan, nan, nan, nan], [0.2249056464114939, nan, 0.022264549267256396, nan, nan, nan], [nan, nan, nan, nan, nan, nan]]","[[nan, nan, nan, nan, nan, nan], [2.8585652121805583e-06, 0.0003922864348158833, 4.2824563077567546e-05, nan, nan, nan], [nan, nan, nan, nan, nan, nan], [0.016752117104991908, nan, 0.00011504713020434217, nan, nan, nan], [nan, nan, nan, nan, nan, nan]]","['surf_dist', 'normal_err', 'speed', 'ang_speed', 'start_dist', 'goal_dist']","[0.07448508906860322, 0.2735019597134474, 0.005167278655559288, 0.06608722993185281, 0.2420060651636752, 0.17611082692742402]","[[0.020452199595892187, 0.1015848930282091, 0.0076390865944124696, 0.041123437600249585, 0.16447107832908106, 0.2889733595710317], [2.8585652121805583e-06, 0.03960771356518412, 0.008502824563077568, 0.041123437600249585, 0.16447107832908106, 0.2889733595710317], [0.020452199595892187, 0.1015848930282091, 0.0076390865944124696, 0.041123437600249585, 0.16447107832908106, 0.2889733595710317], [0.01564788289500809, 0.1015848930282091, 0.008344952869795658, 0.041123437600249585, 0.16447107832908106, 0.2889733595710317], [0.020452199595892187, 0.1015848930282091, 0.0076390865944124696, 0.041123437600249585, 0.16447107832908106, 0.2889733595710317]]","[[nan, nan, nan, nan, nan, nan], [2.8585652121805583e-06, 0.03960771356518412, 0.008502824563077568, nan, nan, nan], [nan, nan, nan, nan, nan, nan], [0.01564788289500809, nan, 0.008344952869795658, nan, nan, nan], [nan, nan, nan, nan, nan, nan]]",[],"[[0, 0, 0, 0, 0, 0], [1, 1, 1, 0, 0, 0], [0, 0, 0, 0, 0, 0], [1, 0, 1, 0, 0, 0], [0, 0, 0, 0, 0, 0]]","[['', '', '', '', '', ''], ['target_value', 'upper_bound', 'upper_bound', '', '', ''], ['', '', '', '', '', ''], ['target_value', '', 'upper_bound', '', '', ''], ['', '', '', '', '', '']]","[[nan, nan, nan, nan, nan, nan], [0.0, 0.04, 0.00846, nan, nan, nan], [nan, nan, nan, nan, nan, nan], [0.0324, nan, 0.00846, nan, nan, nan], [nan, nan, nan, nan, nan, nan]]","[[0, 0, 0, 0, 0, 0], [1, 1, 1, 0, 0, 0], [0, 0, 0, 0, 0, 0], [1, 0, 1, 0, 0, 0], [0, 0, 0, 0, 0, 0]]",14.025,0.05138610524378007,0.0034610267596603766,0.07872839599976374,502.6164019810866,-30666666968.51156,-30666666968.51156,,502.6164019810866,,
cluster,S5SphereInspectRaw,0,2,"[[nan, nan, nan, nan, nan, nan], [3.837768401602803e-05, 0.0014343094112630435, 0.008287643444870957, nan, nan, nan], [nan, nan, nan, nan, nan, nan], [0.2249056464114939, nan, 0.022264549267256396, nan, nan, nan], [nan, nan, nan, nan, nan, nan]]","[[nan, nan, nan, nan, nan, nan], [2.8585652121805583e-06, 0.0003922864348158833, 4.2824563077567546e-05, nan, nan, nan], [nan, nan, nan, nan, nan, nan], [0.016752117104991908, nan, 0.00011504713020434217, nan, nan, nan], [nan, nan, nan, nan, nan, nan]]","['surf_dist', 'normal_err', 'speed', 'ang_speed', 'start_dist', 'goal_dist']","[0.07448508906860322, 0.2735019597134474, 0.005167278655559288, 0.06608722993185281, 0.2420060651636752, 0.17611082692742402]","[[0.020452199595892187, 0.1015848930282091, 0.0076390865944124696, 0.041123437600249585, 0.16447107832908106, 0.2889733595710317], [2.8585652121805583e-06, 0.03960771356518412, 0.008502824563077568, 0.041123437600249585, 0.16447107832908106, 0.2889733595710317], [0.020452199595892187, 0.1015848930282091, 0.0076390865944124696, 0.041123437600249585, 0.16447107832908106, 0.2889733595710317], [0.01564788289500809, 0.1015848930282091, 0.008344952869795658, 0.041123437600249585, 0.16447107832908106, 0.2889733595710317], [0.020452199595892187, 0.1015848930282091, 0.0076390865944124696, 0.041123437600249585, 0.16447107832908106, 0.2889733595710317]]","[[nan, nan, nan, nan, nan, nan], [2.8585652121805583e-06, 0.03960771356518412, 0.008502824563077568, nan, nan, nan], [nan, nan, nan, nan, nan, nan], [0.01564788289500809, nan, 0.008344952869795658, nan, nan, nan], [nan, nan, nan, nan, nan, nan]]",[],"[[0, 0, 0, 0, 0, 0], [1, 1, 1, 0, 0, 0], [0, 0, 0, 0, 0, 0], [1, 0, 1, 0, 0, 0], [0, 0, 0, 0, 0, 0]]","[['', '', '', '', '', ''], ['target_value', 'upper_bound', 'upper_bound', '', '', ''], ['', '', '', '', '', ''], ['target_value', '', 'upper_bound', '', '', ''], ['', '', '', '', '', '']]","[[nan, nan, nan, nan, nan, nan], [0.0, 0.04, 0.00846, nan, nan, nan], [nan, nan, nan, nan, nan, nan], [0.0324, nan, 0.00846, nan, nan, nan], [nan, nan, nan, nan, nan, nan]]","[[0, 0, 0, 0, 0, 0], [1, 1, 1, 0, 0, 0], [0, 0, 0, 0, 0, 0], [1, 0, 1, 0, 0, 0], [0, 0, 0, 0, 0, 0]]",14.025,0.05138610524378007,0.0034610267596603766,0.07872839599976374,502.6164019810866,-30666666968.51156,-30666666968.51156,,502.6164019810866,,
cluster,S5SphereInspectRaw,0,3,"[[nan, nan, nan, nan, nan, nan], [0.0653667620607597, 0.17196330856919242, 0.14675437340975886, nan, nan, nan], [nan, nan, nan, nan, nan, nan], [0.0897250311541578, nan, 0.03970439399437054, nan, nan, nan], [nan, nan, nan, nan, nan, nan]]","[[nan, nan, nan, nan, nan, nan], [0.00486884909422188, 0.047032301892482385, 0.0007583207413302245, nan, nan, nan], [nan, nan, nan, nan, nan, nan], [0.0066831769372006425, nan, 0.0002051636676190273, nan, nan, nan], [nan, nan, nan, nan, nan, nan]]","['surf_dist', 'normal_err', 'speed', 'ang_speed', 'start_dist', 'goal_dist']","[0.07448508906860322, 0.2735019597134474, 0.005167278655559288, 0.06608722993185281, 0.2420060651636752, 0.17611082692742402]","[[0.020452199595892187, 0.1015848930282091, 0.0076390865944124696, 0.041123437600249585, 0.16447107832908106, 0.2889733595710317], [0.00486884909422188, 0.08703230189248239, 0.009218320741330225, 0.041123437600249585, 0.16447107832908106, 0.2889733595710317], [0.020452199595892187, 0.1015848930282091, 0.0076390865944124696, 0.041123437600249585, 0.16447107832908106, 0.2889733595710317], [0.025716823062799356, 0.1015848930282091, 0.008254836332380973, 0.041123437600249585, 0.16447107832908106, 0.2889733595710317], [0.020452199595892187, 0.1015848930282091, 0.0076390865944124696, 0.041123437600249585, 0.16447107832908106, 0.2889733595710317]]","[[nan, nan, nan, nan, nan, nan], [0.00486884909422188, 0.08703230189248239, 0.009218320741330225, nan, nan, nan], [nan, nan, nan, nan, nan, nan], [0.025716823062799356, nan, 0.008254836332380973, nan, nan, nan], [nan, nan, nan, nan, nan, nan]]",[],"[[0, 0, 0, 0, 0, 0], [1, 1, 1, 0, 0, 0], [0, 0, 0, 0, 0, 0], [1, 0, 1, 0, 0, 0], [0, 0, 0, 0, 0, 0]]","[['', '', '', '', '', ''], ['target_value', 'upper_bound', 'upper_bound', '', '', ''], ['', '', '', '', '', ''], ['target_value', '', 'upper_bound', '', '', ''], ['', '', '', '', '', '']]","[[nan, nan, nan, nan, nan, nan], [0.0, 0.04, 0.00846, nan, nan, nan], [nan, nan, nan, nan, nan, nan], [0.0324, nan, 0.00846, nan, nan, nan], [nan, nan, nan, nan, nan, nan]]","[[0, 0, 0, 0, 0, 0], [1, 1, 1, 0, 0, 0], [0, 0, 0, 0, 0, 0], [1, 0, 1, 0, 0, 0], [0, 0, 0, 0, 0, 0]]",12.9,0.10270277383764788,0.011909562466570833,0.07541486190804586,507.1087138357369,-24666666944.57497,-24666666944.57497,,507.1087138357369,,
cluster,S5SphereInspectRaw,0,4,"[[nan, nan, nan, nan, nan, nan], [0.0653667620607597, 0.17196330856919242, 0.14675437340975886, nan, nan, nan], [nan, nan, nan, nan, nan, nan], [0.22423235985374573, nan, 0.022768458135408037, nan, nan, nan], [nan, nan, nan, nan, nan, nan]]","[[nan, nan, nan, nan, nan, nan], [0.00486884909422188, 0.047032301892482385, 0.0007583207413302245, nan, nan, nan], [nan, nan, nan, nan, nan, nan], [0.01670196729576934, nan, 0.00011765096774308918, nan, nan, nan], [nan, nan, nan, nan, nan, nan]]","['surf_dist', 'normal_err', 'speed', 'ang_speed', 'start_dist', 'goal_dist']","[0.07448508906860322, 0.2735019597134474, 0.005167278655559288, 0.06608722993185281, 0.2420060651636752, 0.17611082692742402]","[[0.020452199595892187, 0.1015848930282091, 0.0076390865944124696, 0.041123437600249585, 0.16447107832908106, 0.2889733595710317], [0.00486884909422188, 0.08703230189248239, 0.009218320741330225, 0.041123437600249585, 0.16447107832908106, 0.2889733595710317], [0.020452199595892187, 0.1015848930282091, 0.0076390865944124696, 0.041123437600249585, 0.16447107832908106, 0.2889733595710317], [0.015698032704230657, 0.1015848930282091, 0.008342349032256911, 0.041123437600249585, 0.16447107832908106, 0.2889733595710317], [0.020452199595892187, 0.1015848930282091, 0.0076390865944124696, 0.041123437600249585, 0.16447107832908106, 0.2889733595710317]]","[[nan, nan, nan, nan, nan, nan], [0.00486884909422188, 0.08703230189248239, 0.009218320741330225, nan, nan, nan], [nan, nan, nan, nan, nan, nan], [0.015698032704230657, nan, 0.008342349032256911, nan, nan, nan], [nan, nan, nan, nan, nan, nan]]",[],"[[0, 0, 0, 0, 0, 0], [1, 1, 1, 0, 0, 0], [0, 0, 0, 0, 0, 0], [1, 0, 1, 0, 0, 0], [0, 0, 0, 0, 0, 0]]","[['', '', '', '', '', ''], ['target_value', 'upper_bound', 'upper_bound', '', '', ''], ['', '', '', '', '', ''], ['target_value', '', 'upper_bound', '', '', ''], ['', '', '', '', '', '']]","[[nan, nan, nan, nan, nan, nan], [0.0, 0.04, 0.00846, nan, nan, nan], [nan, nan, nan, nan, nan, nan], [0.0324, nan, 0.00846, nan, nan, nan], [nan, nan, nan, nan, nan, nan]]","[[0, 0, 0, 0, 0, 0], [1, 1, 1, 0, 0, 0], [0, 0, 0, 0, 0, 0], [1, 0, 1, 0, 0, 0], [0, 0, 0, 0, 0, 0]]",14.85,0.12621705240577297,0.013895817998309384,0.08056814270193519,499.60080416735843,-19166666871.244728,-19166666871.244728,,499.60080416735843,,
cluster,S5SphereInspectRaw,0,5,"[[nan, nan, nan, nan, nan, nan], [0.0653667620607597, 0.17196330856919242, 0.14675437340975886, nan, nan, nan], [nan, nan, nan, nan, nan, nan], [0.22423235985374573, nan, 0.022768458135408037, nan, nan, nan], [nan, nan, nan, nan, nan, nan]]","[[nan, nan, nan, nan, nan, nan], [0.00486884909422188, 0.047032301892482385, 0.0007583207413302245, nan, nan, nan], [nan, nan, nan, nan, nan, nan], [0.01670196729576934, nan, 0.00011765096774308918, nan, nan, nan], [nan, nan, nan, nan, nan, nan]]","['surf_dist', 'normal_err', 'speed', 'ang_speed', 'start_dist', 'goal_dist']","[0.07448508906860322, 0.2735019597134474, 0.005167278655559288, 0.06608722993185281, 0.2420060651636752, 0.17611082692742402]","[[0.020452199595892187, 0.1015848930282091, 0.0076390865944124696, 0.041123437600249585, 0.16447107832908106, 0.2889733595710317], [0.00486884909422188, 0.08703230189248239, 0.009218320741330225, 0.041123437600249585, 0.16447107832908106, 0.2889733595710317], [0.020452199595892187, 0.1015848930282091, 0.0076390865944124696, 0.041123437600249585, 0.16447107832908106, 0.2889733595710317], [0.015698032704230657, 0.1015848930282091, 0.008342349032256911, 0.041123437600249585, 0.16447107832908106, 0.2889733595710317], [0.020452199595892187, 0.1015848930282091, 0.0076390865944124696, 0.041123437600249585, 0.16447107832908106, 0.2889733595710317]]","[[nan, nan, nan, nan, nan, nan], [0.00486884909422188, 0.08703230189248239, 0.009218320741330225, nan, nan, nan], [nan, nan, nan, nan, nan, nan], [0.015698032704230657, nan, 0.008342349032256911, nan, nan, nan], [nan, nan, nan, nan, nan, nan]]",[],"[[0, 0, 0, 0, 0, 0], [1, 1, 1, 0, 0, 0], [0, 0, 0, 0, 0, 0], [1, 0, 1, 0, 0, 0], [0, 0, 0, 0, 0, 0]]","[['', '', '', '', '', ''], ['target_value', 'upper_bound', 'upper_bound', '', '', ''], ['', '', '', '', '', ''], ['target_value', '', 'upper_bound', '', '', ''], ['', '', '', '', '', '']]","[[nan, nan, nan, nan, nan, nan], [0.0, 0.04, 0.00846, nan, nan, nan], [nan, nan, nan, nan, nan, nan], [0.0324, nan, 0.00846, nan, nan, nan], [nan, nan, nan, nan, nan, nan]]","[[0, 0, 0, 0, 0, 0], [1, 1, 1, 0, 0, 0], [0, 0, 0, 0, 0, 0], [1, 0, 1, 0, 0, 0], [0, 0, 0, 0, 0, 0]]",14.85,0.12621705240577297,0.013895817998309384,0.08056814270193519,499.60080416735843,-19166666871.244728,-19166666871.244728,,499.60080416735843,,
cluster,S5SphereInspectRaw,0,6,"[[nan, nan, nan, nan, nan, nan], [4.031206920354814e-05, 0.001346598116283346, 0.014309165489125034, nan, nan, nan], [nan, nan, nan, nan, nan, nan], [0.0007098126913320051, nan, 0.06361594872354753, nan, nan, nan], [nan, nan, nan, nan, nan, nan]]","[[nan, nan, nan, nan, nan, nan], [3.0026480651659804e-06, 0.00036829722374993185, 7.393944541082137e-05, nan, nan, nan], [nan, nan, nan, nan, nan, nan], [5.287046153588937e-05, nan, 0.0003287213339923413, nan, nan, nan], [nan, nan, nan, nan, nan, nan]]","['surf_dist', 'normal_err', 'speed', 'ang_speed', 'start_dist', 'goal_dist']","[0.07448508906860322, 0.2735019597134474, 0.005167278655559288, 0.06608722993185281, 0.2420060651636752, 0.17611082692742402]","[[0.020452199595892187, 0.1015848930282091, 0.0076390865944124696, 0.041123437600249585, 0.16447107832908106, 0.2889733595710317], [3.0026480651659804e-06, 0.03963170277625007, 0.008533939445410822, 0.041123437600249585, 0.16447107832908106, 0.2889733595710317], [0.020452199595892187, 0.1015848930282091, 0.0076390865944124696, 0.041123437600249585, 0.16447107832908106, 0.2889733595710317], [0.03234712953846411, 0.1015848930282091, 0.00813127866600766, 0.041123437600249585, 0.16447107832908106, 0.2889733595710317], [0.020452199595892187, 0.1015848930282091, 0.0076390865944124696, 0.041123437600249585, 0.16447107832908106, 0.2889733595710317]]","[[nan, nan, nan, nan, nan, nan], [3.0026480651659804e-06, 0.03963170277625007, 0.008533939445410822, nan, nan, nan], [nan, nan, nan, nan, nan, nan], [0.03234712953846411, nan, 0.00813127866600766, nan, nan, nan], [nan, nan, nan, nan, nan, nan]]",[],"[[0, 0, 0, 0, 0, 0], [1, 1, 1, 0, 0, 0], [0, 0, 0, 0, 0, 0], [1, 0, 1, 0, 0, 0], [0, 0, 0, 0, 0, 0]]","[['', '', '', '', '', ''], ['target_value', 'upper_bound', 'upper_bound', '', '', ''], ['', '', '', '', '', ''], ['target_value', '', 'upper_bound', '', '', ''], ['', '', '', '', '', '']]","[[nan, nan, nan, nan, nan, nan], [0.0, 0.04, 0.00846, nan, nan, nan], [nan, nan, nan, nan, nan, nan], [0.0324, nan, 0.00846, nan, nan, nan], [nan, nan, nan, nan, nan, nan]]","[[0, 0, 0, 0, 0, 0], [1, 1, 1, 0, 0, 0], [0, 0, 0, 0, 0, 0], [1, 0, 1, 0, 0, 0], [0, 0, 0, 0, 0, 0]]",4.725,0.016004367417898294,0.00016536622255082997,0.06811865649063717,504.05441132028596,-30833332914.404144,-30833332914.404144,,504.05441132028596,,
cluster,S5SphereInspectRaw,0,7,"[[nan, nan, nan, nan, nan, nan], [5.0389957365215703e-05, 0.0013514521508125553, 0.008195837590243542, nan, nan, nan], [nan, nan, nan, nan, nan, nan], [0.049700482029386484, nan, 0.05016059117071574, nan, nan, nan], [nan, nan, nan, nan, nan, nan]]","[[nan, nan, nan, nan, nan, nan], [3.753300462511211e-06, 0.00036962481170618733, 4.235017664449593e-05, nan, nan, nan], [nan, nan, nan, nan, nan, nan], [0.0037019448307113664, nan, 0.0002591937521066751, nan, nan, nan], [nan, nan, nan, nan, nan, nan]]","['surf_dist', 'normal_err', 'speed', 'ang_speed', 'start_dist', 'goal_dist']","[0.07448508906860322, 0.2735019597134474, 0.005167278655559288, 0.06608722993185281, 0.2420060651636752, 0.17611082692742402]","[[0.020452199595892187, 0.1015848930282091, 0.0076390865944124696, 0.041123437600249585, 0.16447107832908106, 0.2889733595710317], [3.753300462511211e-06, 0.039630375188293814, 0.008502350176644496, 0.041123437600249585, 0.16447107832908106, 0.2889733595710317], [0.020452199595892187, 0.1015848930282091, 0.0076390865944124696, 0.041123437600249585, 0.16447107832908106, 0.2889733595710317], [0.028698055169288632, 0.1015848930282091, 0.008200806247893325, 0.041123437600249585, 0.16447107832908106, 0.2889733595710317], [0.020452199595892187, 0.1015848930282091, 0.0076390865944124696, 0.041123437600249585, 0.16447107832908106, 0.2889733595710317]]","[[nan, nan, nan, nan, nan, nan], [3.753300462511211e-06, 0.039630375188293814, 0.008502350176644496, nan, nan, nan], [nan, nan, nan, nan, nan, nan], [0.028698055169288632, nan, 0.008200806247893325, nan, nan, nan], [nan, nan, nan, nan, nan, nan]]",[],"[[0, 0, 0, 0, 0, 0], [1, 1, 1, 0, 0, 0], [0, 0, 0, 0, 0, 0], [1, 0, 1, 0, 0, 0], [0, 0, 0, 0, 0, 0]]","[['', '', '', '', '', ''], ['target_value', 'upper_bound', 'upper_bound', '', '', ''], ['', '', '', '', '', ''], ['target_value', '', 'upper_bound', '', '', ''], ['', '', '', '', '', '']]","[[nan, nan, nan, nan, nan, nan], [0.0, 0.04, 0.00846, nan, nan, nan], [nan, nan, nan, nan, nan, nan], [0.0324, nan, 0.00846, nan, nan, nan], [nan, nan, nan, nan, nan, nan]]","[[0, 0, 0, 0, 0, 0], [1, 1, 1, 0, 0, 0], [0, 0, 0, 0, 0, 0], [1, 0, 1, 0, 0, 0], [0, 0, 0, 0, 0, 0]]",8.025,0.021891750579704706,0.0008753733743262472,0.07156734685935977,493.74032563576964,-31666666570.18065,-31666666570.18065,,493.74032563576964,,
cluster,S5SphereInspectRaw,0,8,"[[nan, nan, nan, nan, nan, nan], [4.031206920354814e-05, 0.001346598116283346, 0.014287418651587003, nan, nan, nan], [nan, nan, nan, nan, nan, nan], [0.0041133273359643145, nan, 0.07870860766258198, nan, nan, nan], [nan, nan, nan, nan, nan, nan]]","[[nan, nan, nan, nan, nan, nan], [3.0026480651659804e-06, 0.00036829722374993185, 7.382707344138519e-05, nan, nan, nan], [nan, nan, nan, nan, nan, nan], [0.0003063815529876224, nan, 0.0004067093083836501, nan, nan, nan], [nan, nan, nan, nan, nan, nan]]","['surf_dist', 'normal_err', 'speed', 'ang_speed', 'start_dist', 'goal_dist']","[0.07448508906860322, 0.2735019597134474, 0.005167278655559288, 0.06608722993185281, 0.2420060651636752, 0.17611082692742402]","[[0.020452199595892187, 0.1015848930282091, 0.0076390865944124696, 0.041123437600249585, 0.16447107832908106, 0.2889733595710317], [3.0026480651659804e-06, 0.03963170277625007, 0.008533827073441386, 0.041123437600249585, 0.16447107832908106, 0.2889733595710317], [0.020452199595892187, 0.1015848930282091, 0.0076390865944124696, 0.041123437600249585, 0.16447107832908106, 0.2889733595710317], [0.032093618447012376, 0.1015848930282091, 0.00805329069161635, 0.041123437600249585, 0.16447107832908106, 0.2889733595710317], [0.020452199595892187, 0.1015848930282091, 0.0076390865944124696, 0.041123437600249585, 0.16447107832908106, 0.2889733595710317]]","[[nan, nan, nan, nan, nan, nan], [3.0026480651659804e-06, 0.03963170277625007, 0.008533827073441386, nan, nan, nan], [nan, nan, nan, nan, nan, nan], [0.032093618447012376, nan, 0.00805329069161635, nan, nan, nan], [nan, nan, nan, nan, nan, nan]]",[],"[[0, 0, 0, 0, 0, 0], [1, 1, 1, 0, 0, 0], [0, 0, 0, 0, 0, 0], [1, 0, 1, 0, 0, 0], [0, 0, 0, 0, 0, 0]]","[['', '', '', '', '', ''], ['target_value', 'upper_bound', 'upper_bound', '', '', ''], ['', '', '', '', '', ''], ['target_value', '', 'upper_bound', '', '', ''], ['', '', '', '', '', '']]","[[nan, nan, nan, nan, nan, nan], [0.0, 0.04, 0.00846, nan, nan, nan], [nan, nan, nan, nan, nan, nan], [0.0324, nan, 0.00846, nan, nan, nan], [nan, nan, nan, nan, nan, nan]]","[[0, 0, 0, 0, 0, 0], [1, 1, 1, 0, 0, 0], [0, 0, 0, 0, 0, 0], [1, 0, 1, 0, 0, 0], [0, 0, 0, 0, 0, 0]]",4.7,0.01969925276712404,0.0002316435613255511,0.06809945619123227,502.8576663968713,-31833332996.149754,-31833332996.149754,,502.8576663968713,,
cluster,S5SphereInspectRaw,0,9,"[[nan, nan, nan, nan, nan, nan], [5.250573655765768e-05, 0.0013767959633381424, 0.010083648822336984, nan, nan, nan], [nan, nan, nan, nan, nan, nan], [0.0982235804532514, nan, 0.05172475863868044, nan, nan, nan], [nan, nan, nan, nan, nan, nan]]","[[nan, nan, nan, nan, nan, nan], [3.910894464109749e-06, 0.0003765563940985456, 5.210502332981745e-05, nan, nan, nan], [nan, nan, nan, nan, nan, nan], [0.007316192138697546, nan, 0.0002672762412776093, nan, nan, nan], [nan, nan, nan, nan, nan, nan]]","['surf_dist', 'normal_err', 'speed', 'ang_speed', 'start_dist', 'goal_dist']","[0.07448508906860322, 0.2735019597134474, 0.005167278655559288, 0.06608722993185281, 0.2420060651636752, 0.17611082692742402]","[[0.020452199595892187, 0.1015848930282091, 0.0076390865944124696, 0.041123437600249585, 0.16447107832908106, 0.2889733595710317], [3.910894464109749e-06, 0.039623443605901455, 0.008512105023329818, 0.041123437600249585, 0.16447107832908106, 0.2889733595710317], [0.020452199595892187, 0.1015848930282091, 0.0076390865944124696, 0.041123437600249585, 0.16447107832908106, 0.2889733595710317], [0.025083807861302453, 0.1015848930282091, 0.008192723758722391, 0.041123437600249585, 0.16447107832908106, 0.2889733595710317], [0.020452199595892187, 0.1015848930282091, 0.0076390865944124696, 0.041123437600249585, 0.16447107832908106, 0.2889733595710317]]","[[nan, nan, nan, nan, nan, nan], [3.910894464109749e-06, 0.039623443605901455, 0.008512105023329818, nan, nan, nan], [nan, nan, nan, nan, nan, nan], [0.025083807861302453, nan, 0.008192723758722391, nan, nan, nan], [nan, nan, nan, nan, nan, nan]]",[],"[[0, 0, 0, 0, 0, 0], [1, 1, 1, 0, 0, 0], [0, 0, 0, 0, 0, 0], [1, 0, 1, 0, 0, 0], [0, 0, 0, 0, 0, 0]]","[['', '', '', '', '', ''], ['target_value', 'upper_bound', 'upper_bound', '', '', ''], ['', '', '', '', '', ''], ['target_value', '', 'upper_bound', '', '', ''], ['', '', '', '', '', '']]","[[nan, nan, nan, nan, nan, nan], [0.0, 0.04, 0.00846, nan, nan, nan], [nan, nan, nan, nan, nan, nan], [0.0324, nan, 0.00846, nan, nan, nan], [nan, nan, nan, nan, nan, nan]]","[[0, 0, 0, 0, 0, 0], [1, 1, 1, 0, 0, 0], [0, 0, 0, 0, 0, 0], [1, 0, 1, 0, 0, 0], [0, 0, 0, 0, 0, 0]]",9.25,0.032292257922832926,0.0016032081383735256,0.07544160619267574,491.0763039016642,-29166666512.14203,-29166666512.14203,,491.0763039016642,,
fchmm,S5SphereInspectRaw,0,0,"[[nan, nan, nan, nan, nan, nan], [3.0354581411490775e-05, 0.0013150504821280026, 0.05356717932083629, nan, nan, nan], [nan, nan, nan, nan, nan, nan], [0.43496802834610676, nan, 0.01819246634864377, nan, nan, nan], [nan, nan, nan, nan, nan, nan]]","[[nan, nan, nan, nan, nan, nan], [2.260963700075058e-06, 0.0003596688839841225, 0.00027679654234307426, nan, nan, nan], [nan, nan, nan, nan, nan, nan], [0.03239863233335449, nan, 9.400554305532757e-05, nan, nan, nan], [nan, nan, nan, nan, nan, nan]]","['surf_dist', 'normal_err', 'speed', 'ang_speed', 'noise', 'start_dist']","[0.07448508906860322, 0.2735019597134474, 0.005167278655559288, 0.06608722993185281, 0.2420060651636752, 0.17611082692742402]","[[0.029871428619841725, 0.45377736772358146, 0.01257243680848058, 0.09759816508290078, -8.276962379072383e-05, 0.17959638756981894], [2.260963700075058e-06, 0.03964033111601588, 0.008736796542343075, 0.07723530604553816, 0.06700370384091477, 0.1968852257749929], [1.9017172914748137e-06, 0.03961971202642455, 0.008569180071603835, 0.06879877553555998, 0.13242122081613933, 0.2177420612454641], [1.3676666455082753e-06, 0.06364484545695714, 0.008554005543055328, 0.06596121963442865, 0.18879594743290354, 0.18173733445106982], [0.03124729094268704, 0.407486761690808, 0.010286993558081999, 0.12511534716156764, 0.154932368634094, 0.1858415058456532]]","[[0.029871428619841725, 0.45377736772358146, 0.01257243680848058, 0.09759816508290078, -8.276962379072383e-05, 0.17959638756981894], [2.260963700075058e-06, 0.03964033111601588, 0.008736796542343075, 0.07723530604553816, 0.06700370384091477, 0.1968852257749929], [1.9017172914748137e-06, 0.03961971202642455, 0.008569180071603835, 0.06879877553555998, 0.13242122081613933, 0.2177420612454641], [1.3676666455082753e-06, 0.06364484545695714, 0.008554005543055328, 0.06596121963442865, 0.18879594743290354, 0.18173733445106982], [0.03124729094268704, 0.407486761690808, 0.010286993558081999, 0.12511534716156764, 0.154932368634094, 0.1858415058456532]]",[],"[[1, 1, 1, 1, 1, 1], [1, 1, 1, 1, 1, 1], [1, 1, 1, 1, 1, 1], [1, 1, 1, 1, 1, 1], [1, 1, 1, 1, 1, 1]]","[['', '', '', '', '', ''], ['target_value', 'upper_bound', 'upper_bound', '', '', ''], ['', '', '', '', '', ''], ['target_value', '', 'upper_bound', '', '', ''], ['', '', '', '', '', '']]","[[nan, nan, nan, nan, nan, nan], [0.0, 0.04, 0.00846, nan, nan, nan], [nan, nan, nan, nan, nan, nan], [0.0324, nan, 0.00846, nan, nan, nan], [nan, nan, nan, nan, nan, nan]]","[[0, 0, 0, 0, 0, 0], [1, 1, 1, 0, 0, 0], [0, 0, 0, 0, 0, 0], [1, 0, 1, 0, 0, 0], [0, 0, 0, 0, 0, 0]]",14.825,0.10161461581582527,0.006626272853287418,0.08611557458583001,-211.5203211229777,,,,,-211.5203211229777,
fchmm,S5SphereInspectRaw,0,1,"[[nan, nan, nan, nan, nan, nan], [3.2186370624869567e-05, 0.001332212720325748, 0.0026709755300282725, nan, nan, nan], [nan, nan, nan, nan, nan, nan], [0.36438659025922016, nan, 0.02158335387513548, nan, nan, nan], [nan, nan, nan, nan, nan, nan]]","[[nan, nan, nan, nan, nan, nan], [2.3974046827884843e-06, 0.00036436278976427483, 1.3801674845836248e-05, nan, nan, nan], [nan, nan, nan, nan, nan, nan], [0.02714136763086264, nan, 0.00011152720379437042, nan, nan, nan], [nan, nan, nan, nan, nan, nan]]","['surf_dist', 'normal_err', 'speed', 'ang_speed', 'noise', 'start_dist']","[0.07448508906860322, 0.2735019597134474, 0.005167278655559288, 0.06608722993185281, 0.2420060651636752, 0.17611082692742402]","[[0.00465982253365262, 0.4513937168058679, 0.012611931602221649, 0.09682884336814704, -0.000757173421405466, 0.1795681912131871], [2.3974046827884843e-06, 0.039635637210235726, 0.008446198325154164, 0.06866643114756532, 0.1505452665028755, 0.23516052258630527], [1.5108778935596368e-06, 0.039619556885416796, 0.008566082031917445, 0.06593864198365931, 0.1696807456946778, 0.19379046500465918], [0.005258632369137357, 0.12763062154542812, 0.008571527203794371, 0.06879924322863819, 0.20912923857772395, 0.18196688929183202], [0.03497408304905149, 0.4081246343427454, 0.010251604682042567, 0.12513536916065665, 0.15516070472605484, 0.1993416586429607]]","[[0.00465982253365262, 0.4513937168058679, 0.012611931602221649, 0.09682884336814704, -0.000757173421405466, 0.1795681912131871], [2.3974046827884843e-06, 0.039635637210235726, 0.008446198325154164, 0.06866643114756532, 0.1505452665028755, 0.23516052258630527], [1.5108778935596368e-06, 0.039619556885416796, 0.008566082031917445, 0.06593864198365931, 0.1696807456946778, 0.19379046500465918], [0.005258632369137357, 0.12763062154542812, 0.008571527203794371, 0.06879924322863819, 0.20912923857772395, 0.18196688929183202], [0.03497408304905149, 0.4081246343427454, 0.010251604682042567, 0.12513536916065665, 0.15516070472605484, 0.1993416586429607]]",[],"[[1, 1, 1, 1, 1, 1], [1, 1, 1, 1, 1, 1], [1, 1, 1, 1, 1, 1], [1, 1, 1, 1, 1, 1], [1, 1, 1, 1, 1, 1]]","[['', '', '', '', '', ''], ['target_value', 'upper_bound', 'upper_bound', '', '', ''], ['', '', '', '', '', ''], ['target_value', '', 'upper_bound', '', '', ''], ['', '', '', '', '', '']]","[[nan, nan, nan, nan, nan, nan], [0.0, 0.04, 0.00846, nan, nan, nan], [nan, nan, nan, nan, nan, nan], [0.0324, nan, 0.00846, nan, nan, nan], [nan, nan, nan, nan, nan, nan]]","[[0, 0, 0, 0, 0, 0], [1, 1, 1, 0, 0, 0], [0, 0, 0, 0, 0, 0], [1, 0, 1, 0, 0, 0], [0, 0, 0, 0, 0, 0]]",15.375,0.07800106375106691,0.0055266913407899815,0.08429204656268982,-416.9380649010148,,,,,-416.9380649010148,
fchmm,S5SphereInspectRaw,0,2,"[[nan, nan, nan, nan, nan, nan], [3.129186681535867e-05, 0.001336320698365052, 0.030309082248648065, nan, nan, nan], [nan, nan, nan, nan, nan, nan], [0.3663369272014939, nan, 0.02158335387513548, nan, nan, nan], [nan, nan, nan, nan, nan, nan]]","[[nan, nan, nan, nan, nan, nan], [2.33077748686486e-06, 0.0003654863298084843, 0.00015661547377303006, nan, nan, nan], [nan, nan, nan, nan, nan, nan], [0.02728663865172169, nan, 0.00011152720379437042, nan, nan, nan], [nan, nan, nan, nan, nan, nan]]","['surf_dist', 'normal_err', 'speed', 'ang_speed', 'noise', 'start_dist']","[0.07448508906860322, 0.2735019597134474, 0.005167278655559288, 0.06608722993185281, 0.2420060651636752, 0.17611082692742402]","[[0.015589978928959088, 0.4527195397523285, 0.01261618382262944, 0.09673286446347468, -0.0006457943334773897, 0.17946701823581962], [2.33077748686486e-06, 0.03963451367019152, 0.00861661547377303, 0.06866921942766988, 0.09029287743930518, 0.22988469836790193], [1.465248411113701e-06, 0.03963472633527101, 0.008569727812366396, 0.06614420219187717, 0.17713320630279086, 0.19387942544704267], [0.005113361348278309, 0.12748526148019035, 0.008571527203794371, 0.06879924322863819, 0.21538201441924784, 0.1819054048807074], [0.03486802331708775, 0.40807753986880524, 0.010251600939512214, 0.12513536916065665, 0.155177387729034, 0.20205761113819415]]","[[0.015589978928959088, 0.4527195397523285, 0.01261618382262944, 0.09673286446347468, -0.0006457943334773897, 0.17946701823581962], [2.33077748686486e-06, 0.03963451367019152, 0.00861661547377303, 0.06866921942766988, 0.09029287743930518, 0.22988469836790193], [1.465248411113701e-06, 0.03963472633527101, 0.008569727812366396, 0.06614420219187717, 0.17713320630279086, 0.19387942544704267], [0.005113361348278309, 0.12748526148019035, 0.008571527203794371, 0.06879924322863819, 0.21538201441924784, 0.1819054048807074], [0.03486802331708775, 0.40807753986880524, 0.010251600939512214, 0.12513536916065665, 0.155177387729034, 0.20205761113819415]]",[],"[[1, 1, 1, 1, 1, 1], [1, 1, 1, 1, 1, 1], [1, 1, 1, 1, 1, 1], [1, 1, 1, 1, 1, 1], [1, 1, 1, 1, 1, 1]]","[['', '', '', '', '', ''], ['target_value', 'upper_bound', 'upper_bound', '', '', ''], ['', '', '', '', '', ''], ['target_value', '', 'upper_bound', '', '', ''], ['', '', '', '', '', '']]","[[nan, nan, nan, nan, nan, nan], [0.0, 0.04, 0.00846, nan, nan, nan], [nan, nan, nan, nan, nan, nan], [0.0324, nan, 0.00846, nan, nan, nan], [nan, nan, nan, nan, nan, nan]]","[[0, 0, 0, 0, 0, 0], [1, 1, 1, 0, 0, 0], [0, 0, 0, 0, 0, 0], [1, 0, 1, 0, 0, 0], [0, 0, 0, 0, 0, 0]]",12.4,0.08391939517809158,0.005584519687316888,0.08287064950768792,-284.05233072177396,,,,,-284.05233072177396,
fchmm,S5SphereInspectRaw,0,3,"[[nan, nan, nan, nan, nan, nan], [2.6496687402965057e-05, 0.0013088654816549308, 0.05298160075594319, nan, nan, nan], [nan, nan, nan, nan, nan, nan], [0.4691501758621403, nan, 0.3494677776104057, nan, nan, nan], [nan, nan, nan, nan, nan, nan]]","[[nan, nan, nan, nan, nan, nan], [1.9736081212327894e-06, 0.0003579772742339088, 0.0002737706947235491, nan, nan, nan], [nan, nan, nan, nan, nan, nan], [0.034944692635642385, nan, 0.0018057973880519895, nan, nan, nan], [nan, nan, nan, nan, nan, nan]]","['surf_dist', 'normal_err', 'speed', 'ang_speed', 'noise', 'start_dist']","[0.07448508906860322, 0.2735019597134474, 0.005167278655559288, 0.06608722993185281, 0.2420060651636752, 0.17611082692742402]","[[0.032015533647758755, 0.45386661177145743, 0.012574993004767738, 0.08583537338788691, -0.00018858256078155278, 0.17927696329434456], [1.9736081212327894e-06, 0.03964202272576609, 0.00873377069472355, 0.0970340927227874, 0.06670498185995719, 0.19167551465726224], [0.026570398720244363, 0.4081781676267283, 0.010017708550945269, 0.1251413900620214, 0.13182559726482582, 0.1804991989645744], [0.06734469263564238, 0.1805348188196359, 0.01026579738805199, 0.059535382711802316, 0.15821861681009616, 0.2738753725531118], [0.08364683419506623, 0.15229670449495591, 0.009995695309164263, 0.060031451489753945, 0.16119601291424823, 0.2829027725634821]]","[[0.032015533647758755, 0.45386661177145743, 0.012574993004767738, 0.08583537338788691, -0.00018858256078155278, 0.17927696329434456], [1.9736081212327894e-06, 0.03964202272576609, 0.00873377069472355, 0.0970340927227874, 0.06670498185995719, 0.19167551465726224], [0.026570398720244363, 0.4081781676267283, 0.010017708550945269, 0.1251413900620214, 0.13182559726482582, 0.1804991989645744], [0.06734469263564238, 0.1805348188196359, 0.01026579738805199, 0.059535382711802316, 0.15821861681009616, 0.2738753725531118], [0.08364683419506623, 0.15229670449495591, 0.009995695309164263, 0.060031451489753945, 0.16119601291424823, 0.2829027725634821]]",[],"[[1, 1, 1, 1, 1, 1], [1, 1, 1, 1, 1, 1], [1, 1, 1, 1, 1, 1], [1, 1, 1, 1, 1, 1], [1, 1, 1, 1, 1, 1]]","[['', '', '', '', '', ''], ['target_value', 'upper_bound', 'upper_bound', '', '', ''], ['', '', '', '', '', ''], ['target_value', '', 'upper_bound', '', '', ''], ['', '', '', '', '', '']]","[[nan, nan, nan, nan, nan, nan], [0.0, 0.04, 0.00846, nan, nan, nan], [nan, nan, nan, nan, nan, nan], [0.0324, nan, 0.00846, nan, nan, nan], [nan, nan, nan, nan, nan, nan]]","[[0, 0, 0, 0, 0, 0], [1, 1, 1, 0, 0, 0], [0, 0, 0, 0, 0, 0], [1, 0, 1, 0, 0, 0], [0, 0, 0, 0, 0, 0]]",5.65,0.17458698327950942,0.007476842320154614,0.07488644732680168,-220.8773719160663,,,,,-220.8773719160663,
fchmm,S5SphereInspectRaw,0,4,"[[nan, nan, nan, nan, nan, nan], [0.23879743461410063, 1.2346054831359987, 0.021964841638620596, nan, nan, nan], [nan, nan, nan, nan, nan, nan], [0.108973342591494, nan, 0.031000521693754023, nan, nan, nan], [nan, nan, nan, nan, nan, nan]]","[[nan, nan, nan, nan, nan, nan], [0.01778684818658524, 0.33766701911066316, 0.00011349845737198411, nan, nan, nan], [nan, nan, nan, nan, nan, nan], [0.008116889129030844, nan, 0.00016018833405933783, nan, nan, nan], [nan, nan, nan, nan, nan, nan]]","['surf_dist', 'normal_err', 'speed', 'ang_speed', 'noise', 'start_dist']","[0.07448508906860322, 0.2735019597134474, 0.005167278655559288, 0.06608722993185281, 0.2420060651636752, 0.17611082692742402]","[[0.0002707503117236505, 0.45118110123412547, 0.012583928228999583, 0.0969596483814741, -0.0012583554030748956, 0.1789499204970474], [0.01778684818658524, 0.37766701911066314, 0.008573498457371985, 0.07195221533839286, 0.13257385903417618, 0.18137619247668096], [0.03240012628333898, 0.4076161053067241, 0.008316145105265347, 0.12462468279689227, 0.1644402794879662, 0.22877619182518757], [0.04051688912903084, 0.2776640201192732, 0.008299811665940663, 0.12514881179322487, 0.15517776943671696, 0.2551790221766692], [0.07213291625345118, 0.2294260167729008, 0.010267035666546392, 0.06232918594888805, 0.15735387093568962, 0.2648519187565168]]","[[0.0002707503117236505, 0.45118110123412547, 0.012583928228999583, 0.0969596483814741, -0.0012583554030748956, 0.1789499204970474], [0.01778684818658524, 0.37766701911066314, 0.008573498457371985, 0.07195221533839286, 0.13257385903417618, 0.18137619247668096], [0.03240012628333898, 0.4076161053067241, 0.008316145105265347, 0.12462468279689227, 0.1644402794879662, 0.22877619182518757], [0.04051688912903084, 0.2776640201192732, 0.008299811665940663, 0.12514881179322487, 0.15517776943671696, 0.2551790221766692], [0.07213291625345118, 0.2294260167729008, 0.010267035666546392, 0.06232918594888805, 0.15735387093568962, 0.2648519187565168]]",[],"[[1, 1, 1, 1, 1, 1], [1, 1, 1, 1, 1, 1], [1, 1, 1, 1, 1, 1], [1, 1, 1, 1, 1, 1], [1, 1, 1, 1, 1, 1]]","[['', '', '', '', '', ''], ['target_value', 'upper_bound', 'upper_bound', '', '', ''], ['', '', '', '', '', ''], ['target_value', '', 'upper_bound', '', '', ''], ['', '', '', '', '', '']]","[[nan, nan, nan, nan, nan, nan], [0.0, 0.04, 0.00846, nan, nan, nan], [nan, nan, nan, nan, nan, nan], [0.0324, nan, 0.00846, nan, nan, nan], [nan, nan, nan, nan, nan, nan]]","[[0, 0, 0, 0, 0, 0], [1, 1, 1, 0, 0, 0], [0, 0, 0, 0, 0, 0], [1, 0, 1, 0, 0, 0], [0, 0, 0, 0, 0, 0]]",14.725,0.32706832473479364,0.07276888864354211,0.0747603378508141,-525.8141094376383,,,,,-525.8141094376383,
fchmm,S5SphereInspectRaw,0,5,"[[nan, nan, nan, nan, nan, nan], [0.12597959325990743, 0.6337742697770249, 0.449873375547148, nan, nan, nan], [nan, nan, nan, nan, nan, nan], [0.08059423354720455, nan, 0.30112994564694573, nan, nan, nan], [nan, nan, nan, nan, nan, nan]]","[[nan, nan, nan, nan, nan, nan], [0.009383601224790612, 0.1733385047999754, 0.0023246210911691857, nan, nan, nan], [nan, nan, nan, nan, nan, nan], [0.00600306866417934, nan, 0.0015560223406911912, nan, nan, nan], [nan, nan, nan, nan, nan, nan]]","['surf_dist', 'normal_err', 'speed', 'ang_speed', 'noise', 'start_dist']","[0.07448508906860322, 0.2735019597134474, 0.005167278655559288, 0.06608722993185281, 0.2420060651636752, 0.17611082692742402]","[[0.04770858085809954, 0.45059855114310254, 0.012588047662003794, 0.05144516683402757, -8.414972171164048e-05, 0.18144890474786218], [0.009383601224790612, 0.2133385047999754, 0.010784621091169186, 0.08584337848984627, 0.03641046054339339, 0.17950706000250066], [1.9705972580108533e-06, 0.05312013812092323, 0.008734016643332222, 0.09703572840992603, 0.06254943696184118, 0.18489908184864945], [0.026396931335820658, 0.4083443330355635, 0.010016022340691192, 0.1251413900620214, 0.1318531003764321, 0.1804991989645744], [0.07337352296557777, 0.20371054969325791, 0.01026579738805199, 0.062337960084424014, 0.1578223504450471, 0.26755449763537953]]","[[0.04770858085809954, 0.45059855114310254, 0.012588047662003794, 0.05144516683402757, -8.414972171164048e-05, 0.18144890474786218], [0.009383601224790612, 0.2133385047999754, 0.010784621091169186, 0.08584337848984627, 0.03641046054339339, 0.17950706000250066], [1.9705972580108533e-06, 0.05312013812092323, 0.008734016643332222, 0.09703572840992603, 0.06254943696184118, 0.18489908184864945], [0.026396931335820658, 0.4083443330355635, 0.010016022340691192, 0.1251413900620214, 0.1318531003764321, 0.1804991989645744], [0.07337352296557777, 0.20371054969325791, 0.01026579738805199, 0.062337960084424014, 0.1578223504450471, 0.26755449763537953]]",[],"[[1, 1, 1, 1, 1, 1], [1, 1, 1, 1, 1, 1], [1, 1, 1, 1, 1, 1], [1, 1, 1, 1, 1, 1], [1, 1, 1, 1, 1, 1]]","[['', '', '', '', '', ''], ['target_value', 'upper_bound', 'upper_bound', '', '', ''], ['', '', '', '', '', ''], ['target_value', '', 'upper_bound', '', '', ''], ['', '', '', '', '', '']]","[[nan, nan, nan, nan, nan, nan], [0.0, 0.04, 0.00846, nan, nan, nan], [nan, nan, nan, nan, nan, nan], [0.0324, nan, 0.00846, nan, nan, nan], [nan, nan, nan, nan, nan, nan]]","[[0, 0, 0, 0, 0, 0], [1, 1, 1, 0, 0, 0], [0, 0, 0, 0, 0, 0], [1, 0, 1, 0, 0, 0], [0, 0, 0, 0, 0, 0]]",14.1,0.3182702835556461,0.03852116362416115,0.07572205802338619,-207.05874422860717,,,,,-207.05874422860717,
fchmm,S5SphereInspectRaw,0,6,"[[nan, nan, nan, nan, nan, nan], [0.2539866775786378, 1.345073411391089, 0.019269025998807754, nan, nan, nan], [nan, nan, nan, nan, nan, nan], [0.20487491189603832, nan, 0.3471471682354431, nan, nan, nan], [nan, nan, nan, nan, nan, nan]]","[[nan, nan, nan, nan, nan, nan], [0.018918220301683445, 0.36788021397391485, 9.956842675705631e-05, nan, nan, nan], [nan, nan, nan, nan, nan, nan], [0.015260126060498654, nan, 0.0017938061527608545, nan, nan, nan], [nan, nan, nan, nan, nan, nan]]","['surf_dist', 'normal_err', 'speed', 'ang_speed', 'noise', 'start_dist']","[0.07448508906860322, 0.2735019597134474, 0.005167278655559288, 0.06608722993185281, 0.2420060651636752, 0.17611082692742402]","[[0.0002770830037926511, 0.45118110123412547, 0.012583928228999583, 0.09695969808401789, -0.0012583554030748956, 0.1789499204970474], [0.018918220301683445, 0.40788021397391483, 0.008559568426757057, 0.11308208020558017, 0.18323045597682427, 0.1815668125477391], [0.032400201740235376, 0.3938342502954829, 0.008301845271758727, 0.12466990631923532, 0.17526530854240613, 0.24028418381961306], [0.04766012606049865, 0.2956788069152815, 0.010253806152760855, 0.12511660362007446, 0.15518260477899132, 0.25114972569879007], [0.07997116844118857, 0.1624595405881191, 0.00999336937656125, 0.060254886167136854, 0.15872353947307294, 0.27658770603306243]]","[[0.0002770830037926511, 0.45118110123412547, 0.012583928228999583, 0.09695969808401789, -0.0012583554030748956, 0.1789499204970474], [0.018918220301683445, 0.40788021397391483, 0.008559568426757057, 0.11308208020558017, 0.18323045597682427, 0.1815668125477391], [0.032400201740235376, 0.3938342502954829, 0.008301845271758727, 0.12466990631923532, 0.17526530854240613, 0.24028418381961306], [0.04766012606049865, 0.2956788069152815, 0.010253806152760855, 0.12511660362007446, 0.15518260477899132, 0.25114972569879007], [0.07997116844118857, 0.1624595405881191, 0.00999336937656125, 0.060254886167136854, 0.15872353947307294, 0.27658770603306243]]",[],"[[1, 1, 1, 1, 1, 1], [1, 1, 1, 1, 1, 1], [1, 1, 1, 1, 1, 1], [1, 1, 1, 1, 1, 1], [1, 1, 1, 1, 1, 1]]","[['', '', '', '', '', ''], ['target_value', 'upper_bound', 'upper_bound', '', '', ''], ['', '', '', '', '', ''], ['target_value', '', 'upper_bound', '', '', ''], ['', '', '', '', '', '']]","[[nan, nan, nan, nan, nan, nan], [0.0, 0.04, 0.00846, nan, nan, nan], [nan, nan, nan, nan, nan, nan], [0.0324, nan, 0.00846, nan, nan, nan], [nan, nan, nan, nan, nan, nan]]","[[0, 0, 0, 0, 0, 0], [1, 1, 1, 0, 0, 0], [0, 0, 0, 0, 0, 0], [1, 0, 1, 0, 0, 0], [0, 0, 0, 0, 0, 0]]",15.575,0.4340702390200032,0.08079038698312298,0.07736469454136491,-547.5882978228046,,,,,-547.5882978228046,
fchmm,S5SphereInspectRaw,0,7,"[[nan, nan, nan, nan, nan, nan], [2.6676256679725363e-05, 0.9395462060732788, 0.6994044246634524, nan, nan, nan], [nan, nan, nan, nan, nan, nan], [0.13150163622315086, nan, 0.021875414960145376, nan, nan, nan], [nan, nan, nan, nan, nan, nan]]","[[nan, nan, nan, nan, nan, nan], [1.9869833548062654e-06, 0.2569677286023762, 0.003614017555167182, nan, nan, nan], [nan, nan, nan, nan, nan, nan], [0.009794911086748452, nan, 0.00011303636480506155, nan, nan, nan], [nan, nan, nan, nan, nan, nan]]","['surf_dist', 'normal_err', 'speed', 'ang_speed', 'noise', 'start_dist']","[0.07448508906860322, 0.2735019597134474, 0.005167278655559288, 0.06608722993185281, 0.2420060651636752, 0.17611082692742402]","[[0.03650587681657876, 0.4497426319037137, 0.01257964096140803, 0.05144516683402757, -4.9665645347168885e-05, 0.18599760639293747], [1.9869833548062654e-06, 0.2969677286023762, 0.012074017555167182, 0.09703872922060261, 0.018094068223317522, 0.1790305150387801], [2.0380058348111463e-06, 0.039636913928827594, 0.008611423668997616, 0.0655757258546337, 0.08522710989012239, 0.23856973750666483], [0.022605088913251546, 0.4078151412528926, 0.008573036364805062, 0.12516423297463203, 0.1319859730691898, 0.18161206991662077], [0.07113213094600748, 0.22972591377880247, 0.010267581210292963, 0.062339039143239905, 0.15742581186004462, 0.2649109533906638]]","[[0.03650587681657876, 0.4497426319037137, 0.01257964096140803, 0.05144516683402757, -4.9665645347168885e-05, 0.18599760639293747], [1.9869833548062654e-06, 0.2969677286023762, 0.012074017555167182, 0.09703872922060261, 0.018094068223317522, 0.1790305150387801], [2.0380058348111463e-06, 0.039636913928827594, 0.008611423668997616, 0.0655757258546337, 0.08522710989012239, 0.23856973750666483], [0.022605088913251546, 0.4078151412528926, 0.008573036364805062, 0.12516423297463203, 0.1319859730691898, 0.18161206991662077], [0.07113213094600748, 0.22972591377880247, 0.010267581210292963, 0.062339039143239905, 0.15742581186004462, 0.2649109533906638]]",[],"[[1, 1, 1, 1, 1, 1], [1, 1, 1, 1, 1, 1], [1, 1, 1, 1, 1, 1], [1, 1, 1, 1, 1, 1], [1, 1, 1, 1, 1, 1]]","[['', '', '', '', '', ''], ['target_value', 'upper_bound', 'upper_bound', '', '', ''], ['', '', '', '', '', ''], ['target_value', '', 'upper_bound', '', '', ''], ['', '', '', '', '', '']]","[[nan, nan, nan, nan, nan, nan], [0.0, 0.04, 0.00846, nan, nan, nan], [nan, nan, nan, nan, nan, nan], [0.0324, nan, 0.00846, nan, nan, nan], [nan, nan, nan, nan, nan, nan]]","[[0, 0, 0, 0, 0, 0], [1, 1, 1, 0, 0, 0], [0, 0, 0, 0, 0, 0], [1, 0, 1, 0, 0, 0], [0, 0, 0, 0, 0, 0]]",11.575,0.3584708716353414,0.05409833611849034,0.07513305983856036,-278.04658634834783,,,,,-278.04658634834783,
fchmm,S5SphereInspectRaw,0,8,"[[nan, nan, nan, nan, nan, nan], [2.8812042251880456e-05, 0.902093657601099, 0.021478625808548937, nan, nan, nan], [nan, nan, nan, nan, nan, nan], [1.0797953132090063e-06, nan, 0.05803254492099793, nan, nan, nan], [nan, nan, nan, nan, nan, nan]]","[[nan, nan, nan, nan, nan, nan], [2.1460675333796753e-06, 0.2467243831989722, 0.00011098604469125979, nan, nan, nan], [nan, nan, nan, nan, nan, nan], [8.042865008023314e-08, nan, 0.00029987033069805817, nan, nan, nan], [nan, nan, nan, nan, nan, nan]]","['surf_dist', 'normal_err', 'speed', 'ang_speed', 'noise', 'start_dist']","[0.07448508906860322, 0.2735019597134474, 0.005167278655559288, 0.06608722993185281, 0.2420060651636752, 0.17611082692742402]","[[0.006859914466998584, 0.45171039898221615, 0.012583068721214325, 0.09685505864490113, -0.0006654002134912906, 0.1791057654997305], [2.1460675333796753e-06, 0.2867243831989722, 0.00857098604469126, 0.07228327016868713, 0.1322252607891362, 0.18130007261451625], [0.021539333980677762, 0.40743158969741844, 0.008394443551492938, 0.11299359983327321, 0.1838125280995393, 0.21886150299575058], [0.03240008042865008, 0.39308626050248424, 0.008759870330698059, 0.12473383161878147, 0.15484322584809251, 0.23960303970996594], [0.0678837056768531, 0.2251044773220869, 0.01026579738805199, 0.062339039143239905, 0.1578707197226004, 0.26500678772161557]]","[[0.006859914466998584, 0.45171039898221615, 0.012583068721214325, 0.09685505864490113, -0.0006654002134912906, 0.1791057654997305], [2.1460675333796753e-06, 0.2867243831989722, 0.00857098604469126, 0.07228327016868713, 0.1322252607891362, 0.18130007261451625], [0.021539333980677762, 0.40743158969741844, 0.008394443551492938, 0.11299359983327321, 0.1838125280995393, 0.21886150299575058], [0.03240008042865008, 0.39308626050248424, 0.008759870330698059, 0.12473383161878147, 0.15484322584809251, 0.23960303970996594], [0.0678837056768531, 0.2251044773220869, 0.01026579738805199, 0.062339039143239905, 0.1578707197226004, 0.26500678772161557]]",[],"[[1, 1, 1, 1, 1, 1], [1, 1, 1, 1, 1, 1], [1, 1, 1, 1, 1, 1], [1, 1, 1, 1, 1, 1], [1, 1, 1, 1, 1, 1]]","[['', '', '', '', '', ''], ['target_value', 'upper_bound', 'upper_bound', '', '', ''], ['', '', '', '', '', ''], ['target_value', '', 'upper_bound', '', '', ''], ['', '', '', '', '', '']]","[[nan, nan, nan, nan, nan, nan], [0.0, 0.04, 0.00846, nan, nan, nan], [nan, nan, nan, nan, nan, nan], [0.0324, nan, 0.00846, nan, nan, nan], [nan, nan, nan, nan, nan, nan]]","[[0, 0, 0, 0, 0, 0], [1, 1, 1, 0, 0, 0], [0, 0, 0, 0, 0, 0], [1, 0, 1, 0, 0, 0], [0, 0, 0, 0, 0, 0]]",4.95,0.1963269440336422,0.04942749321410899,0.07101219486837214,-459.08828132048797,,,,,-459.08828132048797,
fchmm,S5SphereInspectRaw,0,9,"[[nan, nan, nan, nan, nan, nan], [2.6058547908079137e-05, 1.097191499020246, 0.6991609691473852, nan, nan, nan], [nan, nan, nan, nan, nan, nan], [2.447153696240423e-06, nan, 0.030762873344938796, nan, nan, nan], [nan, nan, nan, nan, nan, nan]]","[[nan, nan, nan, nan, nan, nan], [1.940973261931739e-06, 0.3000840251629723, 0.00361275955267543, nan, nan, nan], [nan, nan, nan, nan, nan, nan], [1.822764610290295e-07, nan, 0.000158960338818976, nan, nan, nan], [nan, nan, nan, nan, nan, nan]]","['surf_dist', 'normal_err', 'speed', 'ang_speed', 'noise', 'start_dist']","[0.07448508906860322, 0.2735019597134474, 0.005167278655559288, 0.06608722993185281, 0.2420060651636752, 0.17611082692742402]","[[0.03691883873284148, 0.4497426319037137, 0.01257964096140803, 0.051450887059873676, -4.9665645347168885e-05, 0.18604523391884698], [1.940973261931739e-06, 0.34008402516297226, 0.01207275955267543, 0.08548876442684422, 0.0185877649386951, 0.17950767525735703], [0.014404692385049019, 0.4070266402559907, 0.008593536254216263, 0.11797742325311483, 0.06012328945988821, 0.18137619247668096], [0.03240018227646103, 0.3487565342742914, 0.008301039661181025, 0.12403579335412872, 0.1588674618701625, 0.24360425279329403], [0.06411258077592641, 0.2611691433936725, 0.010288054971423483, 0.10409225888474308, 0.15519389894790375, 0.26069761413131176]]","[[0.03691883873284148, 0.4497426319037137, 0.01257964096140803, 0.051450887059873676, -4.9665645347168885e-05, 0.18604523391884698], [1.940973261931739e-06, 0.34008402516297226, 0.01207275955267543, 0.08548876442684422, 0.0185877649386951, 0.17950767525735703], [0.014404692385049019, 0.4070266402559907, 0.008593536254216263, 0.11797742325311483, 0.06012328945988821, 0.18137619247668096], [0.03240018227646103, 0.3487565342742914, 0.008301039661181025, 0.12403579335412872, 0.1588674618701625, 0.24360425279329403], [0.06411258077592641, 0.2611691433936725, 0.010288054971423483, 0.10409225888474308, 0.15519389894790375, 0.26069761413131176]]",[],"[[1, 1, 1, 1, 1, 1], [1, 1, 1, 1, 1, 1], [1, 1, 1, 1, 1, 1], [1, 1, 1, 1, 1, 1], [1, 1, 1, 1, 1, 1]]","[['', '', '', '', '', ''], ['target_value', 'upper_bound', 'upper_bound', '', '', ''], ['', '', '', '', '', ''], ['target_value', '', 'upper_bound', '', '', ''], ['', '', '', '', '', '']]","[[nan, nan, nan, nan, nan, nan], [0.0, 0.04, 0.00846, nan, nan, nan], [nan, nan, nan, nan, nan, nan], [0.0324, nan, 0.00846, nan, nan, nan], [nan, nan, nan, nan, nan, nan]]","[[0, 0, 0, 0, 0, 0], [1, 1, 1, 0, 0, 0], [0, 0, 0, 0, 0, 0], [1, 0, 1, 0, 0, 0], [0, 0, 0, 0, 0, 0]]",1.6,0.3654287694428349,0.06077157366083793,0.068380875639619,-262.6076887743025,,,,,-262.6076887743025,
swcl,S5SphereInspectRaw,0,0,"[[nan, nan, nan, nan, nan, nan], [2.8537835766572192e-05, 0.001352224912494723, 0.008596305463760013, nan, nan, nan], [nan, nan, nan, nan, nan, nan], [1.586965898813363e-06, nan, 0.0635694134097434, nan, nan, nan], [nan, nan, nan, nan, nan, nan]]","[[nan, nan, nan, nan, nan, nan], [2.1256432388983004e-06, 0.00036983616354065163, 4.4419505739554804e-05, nan, nan, nan], [nan, nan, nan, nan, nan, nan], [1.1820529632194932e-07, nan, 0.0003284808730585915, nan, nan, nan], [nan, nan, nan, nan, nan, nan]]","['surf_dist', 'normal_err', 'speed', 'ang_speed', 'start_dist', 'goal_dist']","[0.07448508906860322, 0.2735019597134474, 0.005167278655559288, 0.06608722993185281, 0.2420060651636752, 0.17611082692742402]","[[0.020452199595892187, 0.1015848930282091, 0.0076390865944124696, 0.041123437600249585, 0.16447107832908106, 0.2889733595710317], [2.1256432388983004e-06, 0.03963016383645935, 0.008504419505739555, 0.041123437600249585, 0.16447107832908106, 0.2889733595710317], [0.020452199595892187, 0.1015848930282091, 0.0076390865944124696, 0.041123437600249585, 0.16447107832908106, 0.2889733595710317], [0.032399881794703676, 0.1015848930282091, 0.008131519126941409, 0.041123437600249585, 0.16447107832908106, 0.2889733595710317], [0.020452199595892187, 0.1015848930282091, 0.0076390865944124696, 0.041123437600249585, 0.16447107832908106, 0.2889733595710317]]","[[nan, nan, nan, nan, nan, nan], [2.1256432388983004e-06, 0.03963016383645935, 0.008504419505739555, nan, nan, nan], [nan, nan, nan, nan, nan, nan], [0.032399881794703676, nan, 0.008131519126941409, nan, nan, nan], [nan, nan, nan, nan, nan, nan]]",[],"[[0, 0, 0, 0, 0, 0], [1, 1, 1, 0, 0, 0], [0, 0, 0, 0, 0, 0], [1, 0, 1, 0, 0, 0], [0, 0, 0, 0, 0, 0]]","[['', '', '', '', '', ''], ['target_value', 'upper_bound', 'upper_bound', '', '', ''], ['', '', '', '', '', ''], ['target_value', '', 'upper_bound', '', '', ''], ['', '', '', '', '', '']]","[[nan, nan, nan, nan, nan, nan], [0.0, 0.04, 0.00846, nan, nan, nan], [nan, nan, nan, nan, nan, nan], [0.0324, nan, 0.00846, nan, nan, nan], [nan, nan, nan, nan, nan, nan]]","[[0, 0, 0, 0, 0, 0], [1, 1, 1, 0, 0, 0], [0, 0, 0, 0, 0, 0], [1, 0, 1, 0, 0, 0], [0, 0, 0, 0, 0, 0]]",1.825,0.014709613717532705,0.00014899607817480363,0.06466064192354702,13.337737287528059,,,,,,13.337737287528059
