{
  "scalar_metrics": {
    "MeanAbsCutpointError": 16.55,
    "MeanStageSubgoalError": 0.9669185982675275,
    "MeanConstraintError": 0.24245627044983525,
    "MeanConstraintErrorRaw": 0.035993766144715625
  },
  "all_metrics": {
    "MeanAbsCutpointError": 16.55,
    "MeanStageSubgoalError": 0.9669185982675275,
    "MeanConstraintError": 0.24245627044983525,
    "MeanConstraintErrorRaw": 0.035993766144715625,
    "ConstraintErrorMatrix": [
      [
        NaN,
        NaN,
        NaN,
        NaN,
        NaN,
        NaN
      ],
      [
        0.3643634893761016,
        0.023869677410985266,
        0.7810172347586535,
        NaN,
        NaN,
        NaN
      ],
      [
        NaN,
        NaN,
        NaN,
        NaN,
        NaN,
        NaN
      ],
      [
        0.04170813808684497,
        NaN,
        0.001322812616591018,
        NaN,
        NaN,
        NaN
      ],
      [
        NaN,
        NaN,
        NaN,
        NaN,
        NaN,
        NaN
      ]
    ],
    "ConstraintErrorMatrixRaw": [
      [
        NaN,
        NaN,
        NaN,
        NaN,
        NaN,
        NaN
      ],
      [
        0.1221856283260879,
        0.01340071184913541,
        0.0303446913440997,
        NaN,
        NaN,
        NaN
      ],
      [
        NaN,
        NaN,
        NaN,
        NaN,
        NaN,
        NaN
      ],
      [
        0.013986404255757034,
        NaN,
        5.1394948498081905e-05,
        NaN,
        NaN,
        NaN
      ],
      [
        NaN,
        NaN,
        NaN,
        NaN,
        NaN,
        NaN
      ]
    ],
    "ConstraintTrueActiveMask": [
      [
        0,
        0,
        0,
        0,
        0,
        0
      ],
      [
        1,
        1,
        1,
        0,
        0,
        0
      ],
      [
        0,
        0,
        0,
        0,
        0,
        0
      ],
      [
        1,
        0,
        1,
        0,
        0,
        0
      ],
      [
        0,
        0,
        0,
        0,
        0,
        0
      ]
    ],
    "ConstraintPredictedActiveMask": [
      [
        1,
        1,
        1,
        1,
        1,
        1
      ],
      [
        1,
        1,
        1,
        1,
        1,
        1
      ],
      [
        1,
        1,
        1,
        1,
        1,
        1
      ],
      [
        1,
        1,
        1,
        1,
        1,
        1
      ],
      [
        1,
        1,
        1,
        1,
        1,
        1
      ]
    ],
    "ConstraintTargetMatrix": [
      [
        NaN,
        NaN,
        NaN,
        NaN,
        NaN,
        NaN
      ],
      [
        0.0,
        0.12,
        0.047,
        NaN,
        NaN,
        NaN
      ],
      [
        NaN,
        NaN,
        NaN,
        NaN,
        NaN,
        NaN
      ],
      [
        0.0868,
        NaN,
        0.047,
        NaN,
        NaN,
        NaN
      ],
      [
        NaN,
        NaN,
        NaN,
        NaN,
        NaN,
        NaN
      ]
    ],
    "ConstraintSemanticsMatrix": [
      [
        "",
        "",
        "",
        "",
        "",
        ""
      ],
      [
        "target_value",
        "upper_bound",
        "upper_bound",
        "",
        "",
        ""
      ],
      [
        "",
        "",
        "",
        "",
        "",
        ""
      ],
      [
        "target_value",
        "",
        "upper_bound",
        "",
        "",
        ""
      ],
      [
        "",
        "",
        "",
        "",
        "",
        ""
      ]
    ],
    "ConstraintFeatureNames": [
      "surf dist",
      "normal err",
      "speed",
      "ang speed",
      "noise",
      "start dist"
    ],
    "ConstraintFeatureScales": [
      0.3353399335792561,
      0.5614115188238009,
      0.03885278069884934,
      0.11425152491966827,
      2.2016824500314742,
      1.6775786004900848
    ],
    "ConstraintLearnedValueMatrix": [
      [
        0.374765413890496,
        0.2659488240077254,
        0.08146402196617318,
        0.07819392616682742,
        2.220446049250313e-16,
        2.4592094179765924
      ],
      [
        0.1221856283260879,
        0.1334007118491354,
        0.0773446913440997,
        0.09683436862123686,
        2.220446049250313e-16,
        2.4592094179765924
      ],
      [
        0.0007449794756579503,
        0.11337455531826911,
        0.04694860505150192,
        0.1278076620937897,
        2.220446049250313e-16,
        2.4592094179765924
      ],
      [
        0.07281359574424297,
        0.4275549595735093,
        0.04694860505150192,
        0.08266983626887159,
        2.220446049250313e-16,
        2.4592094179765924
      ],
      [
        0.2727100368858813,
        0.7589279911751616,
        0.06263419823336894,
        0.0680847189711291,
        2.220446049250313e-16,
        2.4592094179765924
      ]
    ],
    "ConstraintLearnedValuePerDemo": []
  },
  "objectives": {
    "ModelObjectiveFinal": -537.4892486428482,
    "TrainingLogLikelihoodFinal": -537.4892486428482
  }
}
