{
  "scalar_metrics": {
    "MeanAbsCutpointError": 16.3,
    "MeanStageSubgoalError": 0.9584058460767664,
    "MeanConstraintError": 0.21579849937624535,
    "MeanConstraintErrorRaw": 0.028699341975712177
  },
  "all_metrics": {
    "MeanAbsCutpointError": 16.3,
    "MeanStageSubgoalError": 0.9584058460767664,
    "MeanConstraintError": 0.21579849937624535,
    "MeanConstraintErrorRaw": 0.028699341975712177,
    "ConstraintErrorMatrix": [
      [
        NaN,
        NaN,
        NaN,
        NaN
      ],
      [
        0.30105269677917823,
        0.0002713203761165898,
        0.7352821230911503,
        NaN
      ],
      [
        NaN,
        NaN,
        NaN,
        NaN
      ],
      [
        0.041063544018190866,
        NaN,
        0.001322812616591018,
        NaN
      ],
      [
        NaN,
        NaN,
        NaN,
        NaN
      ]
    ],
    "ConstraintErrorMatrixRaw": [
      [
        NaN,
        NaN,
        NaN,
        NaN
      ],
      [
        0.10095499134178557,
        0.00015232238444345958,
        0.02856775508024481,
        NaN
      ],
      [
        NaN,
        NaN,
        NaN,
        NaN
      ],
      [
        0.013770246123588986,
        NaN,
        5.1394948498081905e-05,
        NaN
      ],
      [
        NaN,
        NaN,
        NaN,
        NaN
      ]
    ],
    "ConstraintTrueActiveMask": [
      [
        0,
        0,
        0,
        0
      ],
      [
        1,
        1,
        1,
        0
      ],
      [
        0,
        0,
        0,
        0
      ],
      [
        1,
        0,
        1,
        0
      ],
      [
        0,
        0,
        0,
        0
      ]
    ],
    "ConstraintPredictedActiveMask": [
      [
        1,
        1,
        1,
        1
      ],
      [
        1,
        1,
        1,
        1
      ],
      [
        1,
        1,
        1,
        1
      ],
      [
        1,
        1,
        1,
        1
      ],
      [
        1,
        1,
        1,
        1
      ]
    ],
    "ConstraintTargetMatrix": [
      [
        NaN,
        NaN,
        NaN,
        NaN
      ],
      [
        0.0,
        0.12,
        0.047,
        NaN
      ],
      [
        NaN,
        NaN,
        NaN,
        NaN
      ],
      [
        0.0868,
        NaN,
        0.047,
        NaN
      ],
      [
        NaN,
        NaN,
        NaN,
        NaN
      ]
    ],
    "ConstraintSemanticsMatrix": [
      [
        "",
        "",
        "",
        ""
      ],
      [
        "target_value",
        "upper_bound",
        "upper_bound",
        ""
      ],
      [
        "",
        "",
        "",
        ""
      ],
      [
        "target_value",
        "",
        "upper_bound",
        ""
      ],
      [
        "",
        "",
        "",
        ""
      ]
    ],
    "ConstraintFeatureNames": [
      "surface_distance",
      "tool_normal_alignment_error",
      "speed",
      "angular_speed"
    ],
    "ConstraintFeatureScales": [
      0.3353399335792561,
      0.5614115188238009,
      0.03885278069884934,
      0.11425152491966827
    ],
    "ConstraintLearnedValueMatrix": [
      [
        0.33913572931226144,
        0.2661581144494244,
        0.08146402196617318,
        0.08485747035504469
      ],
      [
        0.10095499134178557,
        0.11984767761555654,
        0.07556775508024481,
        0.0978283596414978
      ],
      [
        0.0007453159543855808,
        0.11337455531826911,
        0.04694860505150192,
        0.1278076620937897
      ],
      [
        0.07302975387641102,
        0.4275549595735093,
        0.04694860505150192,
        0.08266983626887159
      ],
      [
        0.27355220449067885,
        0.7589279911751616,
        0.06263419823336894,
        0.0680847189711291
      ]
    ],
    "ConstraintLearnedValuePerDemo": []
  }
}
