{
  "ModelObjectiveFinal": -537.4892486428482,
  "TrainingLogLikelihoodFinal": -537.4892486428482
}
