{
  "ModelObjectiveFinal": 1136.5445451997282,
  "SegmentationLogLikelihoodFinal": 1136.5445451997282,
  "PosthocObjectiveFinal": -499999943.1182948,
  "PosthocFeatureObjectiveFinal": -499999943.1182948
}
