{
  "scalar_metrics": {
    "MeanAbsCutpointError": 4.333333333333334,
    "MeanStageSubgoalError": 0.08704054533612297,
    "MeanConstraintError": 0.08056524740733098,
    "MeanConstraintErrorRaw": 0.03616765545192246
  },
  "all_metrics": {
    "MeanAbsCutpointError": 4.333333333333334,
    "MeanStageSubgoalError": 0.08704054533612297,
    "MeanConstraintError": 0.08056524740733098,
    "MeanConstraintErrorRaw": 0.03616765545192246,
    "ConstraintErrorMatrix": [
      [
        NaN,
        NaN,
        NaN,
        NaN
      ],
      [
        0.021266515721632816,
        0.3219430100707925,
        NaN,
        0.418169201939081
      ],
      [
        0.057243667669584185,
        0.0003723518571666674,
        0.011651478164489337,
        0.011566406376068998
      ],
      [
        0.03503551734022436,
        0.0003723518571666674,
        0.00756691008885357,
        0.0010303103955807192
      ]
    ],
    "ConstraintErrorMatrixRaw": [
      [
        NaN,
        NaN,
        NaN,
        NaN
      ],
      [
        0.0063688195304194145,
        0.31963032294340354,
        NaN,
        0.03763156011472934
      ],
      [
        0.017143127413017267,
        0.00036967705659640693,
        0.0028525606499223907,
        0.0010408751166611219
      ],
      [
        0.01049231054186233,
        0.00036967705659640693,
        0.0018525606499225217,
        9.271889801625022e-05
      ]
    ],
    "ConstraintTrueActiveMask": [
      [
        0,
        0,
        0,
        0
      ],
      [
        1,
        1,
        0,
        1
      ],
      [
        1,
        1,
        1,
        1
      ],
      [
        1,
        1,
        1,
        1
      ]
    ],
    "ConstraintPredictedActiveMask": [
      [
        1,
        1,
        1,
        1
      ],
      [
        1,
        1,
        1,
        1
      ],
      [
        1,
        1,
        1,
        1
      ],
      [
        1,
        1,
        1,
        1
      ]
    ],
    "ConstraintTargetMatrix": [
      [
        NaN,
        NaN,
        NaN,
        NaN
      ],
      [
        0.0,
        0.4,
        NaN,
        0.007
      ],
      [
        0.0,
        0.72,
        0.06,
        0.045
      ],
      [
        0.0,
        1.0,
        0.04,
        0.018
      ]
    ],
    "ConstraintSemanticsMatrix": [
      [
        "",
        "",
        "",
        ""
      ],
      [
        "target_value",
        "lower_bound",
        "",
        "target_value"
      ],
      [
        "target_value",
        "lower_bound",
        "upper_bound",
        "target_value"
      ],
      [
        "target_value",
        "lower_bound",
        "upper_bound",
        "target_value"
      ]
    ],
    "ConstraintFeatureNames": [
      "surface_distance",
      "force",
      "orientation_error",
      "speed"
    ],
    "ConstraintFeatureScales": [
      0.2994763981925303,
      0.9928164704464917,
      0.2448239278872144,
      0.08999122828804478
    ],
    "ConstraintLearnedValueMatrix": [
      [
        0.11433773125681528,
        0.008830016272992292,
        0.28533068554089364,
        0.06174720925160854
      ],
      [
        0.0063688195304194145,
        0.7196303229434036,
        0.05714743935007761,
        0.04463156011472934
      ],
      [
        0.017143127413017267,
        0.7196303229434036,
        0.05714743935007761,
        0.04604087511666112
      ],
      [
        0.01049231054186233,
        0.9996303229434036,
        0.03814743935007748,
        0.01809271889801625
      ]
    ],
    "ConstraintLearnedValuePerDemo": []
  }
}
