{
  "scalar_metrics": {
    "MeanAbsCutpointError": 0.0,
    "MeanStageSubgoalError": 0.07738985814113822,
    "MeanConstraintError": 0.012929062329985235,
    "MeanConstraintErrorRaw": 0.0036302986762976543
  },
  "all_metrics": {
    "MeanAbsCutpointError": 0.0,
    "MeanStageSubgoalError": 0.07738985814113822,
    "MeanConstraintError": 0.012929062329985235,
    "MeanConstraintErrorRaw": 0.0036302986762976543,
    "ConstraintErrorMatrix": [
      [
        NaN,
        NaN,
        NaN,
        NaN
      ],
      [
        0.02257060581833435,
        0.0003723518571666115,
        NaN,
        0.001317522695834321
      ],
      [
        0.053567358514829716,
        0.0003723518571666674,
        0.011651478164489337,
        0.008995856298507828
      ],
      [
        0.0343740129643558,
        0.0003723518571666674,
        0.00756691008885357,
        0.0010588855131327102
      ]
    ],
    "ConstraintErrorMatrixRaw": [
      [
        NaN,
        NaN,
        NaN,
        NaN
      ],
      [
        0.006759363735498139,
        0.0003696770565963514,
        NaN,
        0.00011856548569550655
      ],
      [
        0.016042159588709172,
        0.00036967705659640693,
        0.0028525606499223907,
        0.0008095481578054634
      ],
      [
        0.010294205593988616,
        0.00036967705659640693,
        0.0018525606499225217,
        9.529040794322916e-05
      ]
    ],
    "ConstraintTrueActiveMask": [
      [
        0,
        0,
        0,
        0
      ],
      [
        1,
        1,
        0,
        1
      ],
      [
        1,
        1,
        1,
        1
      ],
      [
        1,
        1,
        1,
        1
      ]
    ],
    "ConstraintPredictedActiveMask": [
      [
        1,
        1,
        1,
        1
      ],
      [
        1,
        1,
        1,
        1
      ],
      [
        1,
        1,
        1,
        1
      ],
      [
        1,
        1,
        1,
        1
      ]
    ],
    "ConstraintTargetMatrix": [
      [
        NaN,
        NaN,
        NaN,
        NaN
      ],
      [
        0.0,
        0.4,
        NaN,
        0.007
      ],
      [
        0.0,
        0.72,
        0.06,
        0.045
      ],
      [
        0.0,
        1.0,
        0.04,
        0.018
      ]
    ],
    "ConstraintSemanticsMatrix": [
      [
        "",
        "",
        "",
        ""
      ],
      [
        "target_value",
        "lower_bound",
        "",
        "target_value"
      ],
      [
        "target_value",
        "lower_bound",
        "upper_bound",
        "target_value"
      ],
      [
        "target_value",
        "lower_bound",
        "upper_bound",
        "target_value"
      ]
    ],
    "ConstraintFeatureNames": [
      "surface_distance",
      "force",
      "orientation_error",
      "speed"
    ],
    "ConstraintFeatureScales": [
      0.2994763981925303,
      0.9928164704464917,
      0.2448239278872144,
      0.08999122828804478
    ],
    "ConstraintLearnedValueMatrix": [
      [
        0.18123801842949883,
        0.006232524865319888,
        0.30531621098662465,
        0.07620471227230424
      ],
      [
        0.006759363735498139,
        0.39963032294340367,
        0.11944781413328324,
        0.006881434514304494
      ],
      [
        0.016042159588709172,
        0.7196303229434036,
        0.05714743935007761,
        0.04580954815780546
      ],
      [
        0.010294205593988616,
        0.9996303229434036,
        0.03814743935007748,
        0.018095290407943228
      ]
    ],
    "ConstraintLearnedValuePerDemo": []
  }
}
