{
  "scalar_metrics": {
    "MeanAbsCutpointError": 9.9,
    "MeanStageSubgoalError": 0.2055817965490502,
    "MeanConstraintError": 0.08386002208782722,
    "MeanConstraintErrorRaw": 0.03696454996851557
  },
  "all_metrics": {
    "MeanAbsCutpointError": 9.9,
    "MeanStageSubgoalError": 0.2055817965490502,
    "MeanConstraintError": 0.08386002208782722,
    "MeanConstraintErrorRaw": 0.03696454996851557,
    "ConstraintErrorMatrix": [
      [
        NaN,
        NaN,
        NaN,
        NaN,
        NaN,
        NaN
      ],
      [
        0.04986428453625274,
        0.3219430100707925,
        NaN,
        0.4304902905962367,
        NaN,
        NaN
      ],
      [
        0.056007418919799046,
        0.0003723518571666674,
        0.011651478164489337,
        0.009182725696235303,
        NaN,
        NaN
      ],
      [
        0.03394951195884771,
        0.0003723518571666674,
        0.00756691008885357,
        0.001059909220259107,
        NaN,
        NaN
      ]
    ],
    "ConstraintErrorMatrixRaw": [
      [
        NaN,
        NaN,
        NaN,
        NaN,
        NaN,
        NaN
      ],
      [
        0.014933176331364456,
        0.31963032294340354,
        NaN,
        0.038740350016832674,
        NaN,
        NaN
      ],
      [
        0.016772900090161594,
        0.00036967705659640693,
        0.0028525606499223907,
        0.0008263647644364061,
        NaN,
        NaN
      ],
      [
        0.010167077561829947,
        0.00036967705659640693,
        0.0018525606499225217,
        9.538253260494081e-05,
        NaN,
        NaN
      ]
    ],
    "ConstraintTrueActiveMask": [
      [
        0,
        0,
        0,
        0,
        0,
        0
      ],
      [
        1,
        1,
        0,
        1,
        0,
        0
      ],
      [
        1,
        1,
        1,
        1,
        0,
        0
      ],
      [
        1,
        1,
        1,
        1,
        0,
        0
      ]
    ],
    "ConstraintPredictedActiveMask": [
      [
        1,
        1,
        1,
        1,
        1,
        1
      ],
      [
        1,
        1,
        1,
        1,
        1,
        1
      ],
      [
        1,
        1,
        1,
        1,
        1,
        1
      ],
      [
        1,
        1,
        1,
        1,
        1,
        1
      ]
    ],
    "ConstraintTargetMatrix": [
      [
        NaN,
        NaN,
        NaN,
        NaN,
        NaN,
        NaN
      ],
      [
        0.0,
        0.4,
        NaN,
        0.007,
        NaN,
        NaN
      ],
      [
        0.0,
        0.72,
        0.06,
        0.045,
        NaN,
        NaN
      ],
      [
        0.0,
        1.0,
        0.04,
        0.018,
        NaN,
        NaN
      ]
    ],
    "ConstraintSemanticsMatrix": [
      [
        "",
        "",
        "",
        "",
        "",
        ""
      ],
      [
        "target_value",
        "lower_bound",
        "",
        "target_value",
        "",
        ""
      ],
      [
        "target_value",
        "lower_bound",
        "upper_bound",
        "target_value",
        "",
        ""
      ],
      [
        "target_value",
        "lower_bound",
        "upper_bound",
        "target_value",
        "",
        ""
      ]
    ],
    "ConstraintFeatureNames": [
      "surf dist",
      "force",
      "orient err",
      "speed",
      "noise",
      "start_dist"
    ],
    "ConstraintFeatureScales": [
      0.2994763981925303,
      0.9928164704464917,
      0.2448239278872144,
      0.08999122828804478,
      2.167415134128614,
      2.126581024569993
    ],
    "ConstraintLearnedValueMatrix": [
      [
        0.12079049238244795,
        0.008422315998656948,
        0.28757682411851315,
        0.06407174903563082,
        1.2782571735360169,
        2.2128552343100285
      ],
      [
        0.014933176331364456,
        0.7196303229434036,
        0.056668261462325197,
        0.04574035001683267,
        1.6710232342108524,
        1.269891776595722
      ],
      [
        0.016772900090161594,
        0.7196303229434036,
        0.05714743935007761,
        0.045826364764436404,
        2.2181868383433443,
        0.6155267495723981
      ],
      [
        0.010167077561829947,
        0.9996303229434036,
        0.03814743935007748,
        0.01809538253260494,
        2.4371782583986463,
        0.09691644196257643
      ]
    ],
    "ConstraintLearnedValuePerDemo": []
  },
  "objectives": {
    "ModelObjectiveFinal": 103.9569393275603,
    "TrainingLogLikelihoodFinal": 103.9569393275603
  }
}
