{
  "ModelObjectiveFinal": 103.9569393275603,
  "TrainingLogLikelihoodFinal": 103.9569393275603
}
