{
  "scalar_metrics": {
    "MeanAbsCutpointError": 27.55,
    "MeanStageSubgoalError": 0.15560176232008127,
    "MeanConstraintError": 0.014453677923165764,
    "MeanConstraintErrorRaw": 0.007171216732295364
  },
  "all_metrics": {
    "MeanAbsCutpointError": 27.55,
    "MeanStageSubgoalError": 0.15560176232008127,
    "MeanConstraintError": 0.014453677923165764,
    "MeanConstraintErrorRaw": 0.007171216732295364,
    "ConstraintErrorMatrix": [
      [
        0.017542839978736617,
        NaN,
        NaN,
        NaN,
        NaN,
        NaN
      ],
      [
        NaN,
        0.03634125176120806,
        NaN,
        NaN,
        NaN,
        NaN
      ],
      [
        NaN,
        0.0034402006033308766,
        0.000490419349387505,
        NaN,
        NaN,
        NaN
      ]
    ],
    "ConstraintErrorMatrixRaw": [
      [
        0.017727831576302977,
        NaN,
        NaN,
        NaN,
        NaN,
        NaN
      ],
      [
        NaN,
        0.009345842288581777,
        NaN,
        NaN,
        NaN,
        NaN
      ],
      [
        NaN,
        0.0008847128461913351,
        0.0007264802181053687,
        NaN,
        NaN,
        NaN
      ]
    ],
    "ConstraintTrueActiveMask": [
      [
        1,
        0,
        0,
        0,
        0,
        0
      ],
      [
        0,
        1,
        0,
        0,
        0,
        0
      ],
      [
        0,
        1,
        1,
        0,
        0,
        0
      ]
    ],
    "ConstraintPredictedActiveMask": [
      [
        1,
        1,
        1,
        1,
        1,
        1
      ],
      [
        1,
        1,
        1,
        1,
        1,
        1
      ],
      [
        1,
        1,
        1,
        1,
        1,
        1
      ]
    ],
    "ConstraintTargetMatrix": [
      [
        0.4,
        NaN,
        NaN,
        NaN,
        NaN,
        NaN
      ],
      [
        NaN,
        0.055,
        NaN,
        NaN,
        NaN,
        NaN
      ],
      [
        NaN,
        0.045,
        0.2,
        NaN,
        NaN,
        NaN
      ]
    ],
    "ConstraintSemanticsMatrix": [
      [
        "lower_bound",
        "",
        "",
        "",
        "",
        ""
      ],
      [
        "",
        "target_value",
        "",
        "",
        "",
        ""
      ],
      [
        "",
        "target_value",
        "target_value",
        "",
        "",
        ""
      ]
    ],
    "ConstraintFeatureNames": [
      "dist_main_obstacle",
      "speed",
      "terminal_arc_distance",
      "heading_angle",
      "decoy_line_distance",
      "noise_aux"
    ],
    "ConstraintFeatureScales": [
      1.0105451339572489,
      0.257168970127712,
      1.4813449326840082,
      6.360162030552389,
      0.678684724801644,
      0.751738493119704
    ],
    "ConstraintLearnedValueMatrix": [
      [
        0.38227216842369705,
        0.22337527773814725,
        0.9110374525267347,
        -0.012881501941695017,
        0.9180764619632733,
        0.09714926042240031
      ],
      [
        0.38227216842369705,
        0.045654157711418224,
        0.199512224258006,
        -2.18517713967169,
        0.8685722886969529,
        0.016076366968236652
      ],
      [
        0.38227216842369705,
        0.04411528715380866,
        0.19927351978189464,
        -5.707442011030004,
        0.7286636708329896,
        -0.21438242479413216
      ]
    ],
    "ConstraintLearnedValuePerDemo": []
  }
}
