{
  "scalar_metrics": {
    "MeanAbsCutpointError": 27.55,
    "MeanStageSubgoalError": 0.15560176232008127,
    "MeanConstraintError": 0.014454206941179003,
    "MeanConstraintErrorRaw": 0.0071706875829168105
  },
  "all_metrics": {
    "MeanAbsCutpointError": 27.55,
    "MeanStageSubgoalError": 0.15560176232008127,
    "MeanConstraintError": 0.014454206941179003,
    "MeanConstraintErrorRaw": 0.0071706875829168105,
    "ConstraintErrorMatrix": [
      [
        0.017542839978736617,
        NaN,
        NaN,
        NaN,
        NaN,
        NaN
      ],
      [
        NaN,
        0.036350470740104265,
        NaN,
        NaN,
        NaN,
        NaN
      ],
      [
        NaN,
        0.003435271228452127,
        0.0004882458174230046,
        NaN,
        NaN,
        NaN
      ]
    ],
    "ConstraintErrorMatrixRaw": [
      [
        0.017727831576302977,
        NaN,
        NaN,
        NaN,
        NaN,
        NaN
      ],
      [
        NaN,
        0.009348213123890142,
        NaN,
        NaN,
        NaN,
        NaN
      ],
      [
        NaN,
        0.0008834451639303936,
        0.0007232604675437293,
        NaN,
        NaN,
        NaN
      ]
    ],
    "ConstraintTrueActiveMask": [
      [
        1,
        0,
        0,
        0,
        0,
        0
      ],
      [
        0,
        1,
        0,
        0,
        0,
        0
      ],
      [
        0,
        1,
        1,
        0,
        0,
        0
      ]
    ],
    "ConstraintPredictedActiveMask": [
      [
        1,
        1,
        1,
        1,
        1,
        1
      ],
      [
        1,
        1,
        1,
        1,
        1,
        1
      ],
      [
        1,
        1,
        1,
        1,
        1,
        1
      ]
    ],
    "ConstraintTargetMatrix": [
      [
        0.4,
        NaN,
        NaN,
        NaN,
        NaN,
        NaN
      ],
      [
        NaN,
        0.055,
        NaN,
        NaN,
        NaN,
        NaN
      ],
      [
        NaN,
        0.045,
        0.2,
        NaN,
        NaN,
        NaN
      ]
    ],
    "ConstraintSemanticsMatrix": [
      [
        "lower_bound",
        "",
        "",
        "",
        "",
        ""
      ],
      [
        "",
        "target_value",
        "",
        "",
        "",
        ""
      ],
      [
        "",
        "target_value",
        "target_value",
        "",
        "",
        ""
      ]
    ],
    "ConstraintFeatureNames": [
      "dist_main_obstacle",
      "speed",
      "terminal_arc_distance",
      "heading_angle",
      "decoy_line_distance",
      "noise_aux"
    ],
    "ConstraintFeatureScales": [
      1.0105451339572489,
      0.257168970127712,
      1.4813449326840082,
      6.360162030552389,
      0.678684724801644,
      0.751738493119704
    ],
    "ConstraintLearnedValueMatrix": [
      [
        0.38227216842369705,
        0.2233861856598247,
        0.9110896242125451,
        -0.012460054009107768,
        0.9181485039063368,
        0.09726640985095668
      ],
      [
        0.38227216842369705,
        0.04565178687610986,
        0.1995103598381203,
        -2.1880731254325347,
        0.8684652138014837,
        0.016164782200077304
      ],
      [
        0.38227216842369705,
        0.044116554836069605,
        0.19927673953245628,
        -5.71018045108199,
        0.7282056063365777,
        -0.21588689087626936
      ]
    ],
    "ConstraintLearnedValuePerDemo": []
  }
}
