{
  "scalar_metrics": {
    "MeanAbsCutpointError": 51.15,
    "MeanStageSubgoalError": 0.18240375249048377,
    "MeanConstraintError": 0.01198436903256705,
    "MeanConstraintErrorRaw": 0.004830522654442473
  },
  "all_metrics": {
    "MeanAbsCutpointError": 51.15,
    "MeanStageSubgoalError": 0.18240375249048377,
    "MeanConstraintError": 0.01198436903256705,
    "MeanConstraintErrorRaw": 0.004830522654442473,
    "ConstraintErrorMatrix": [
      [
        0.008584310684902228,
        NaN,
        NaN,
        NaN,
        NaN,
        NaN
      ],
      [
        NaN,
        0.034530934195182966,
        NaN,
        NaN,
        NaN,
        NaN
      ],
      [
        NaN,
        0.0043918648534973835,
        0.00043036639668561465,
        NaN,
        NaN,
        NaN
      ]
    ],
    "ConstraintErrorMatrixRaw": [
      [
        0.008674833391005166,
        NaN,
        NaN,
        NaN,
        NaN,
        NaN
      ],
      [
        NaN,
        0.008880284784522997,
        NaN,
        NaN,
        NaN,
        NaN
      ],
      [
        NaN,
        0.001129451361314017,
        0.000637521080927711,
        NaN,
        NaN,
        NaN
      ]
    ],
    "ConstraintTrueActiveMask": [
      [
        1,
        0,
        0,
        0,
        0,
        0
      ],
      [
        0,
        1,
        0,
        0,
        0,
        0
      ],
      [
        0,
        1,
        1,
        0,
        0,
        0
      ]
    ],
    "ConstraintPredictedActiveMask": [
      [
        1,
        0,
        0,
        0,
        0,
        0
      ],
      [
        0,
        1,
        0,
        0,
        0,
        0
      ],
      [
        0,
        1,
        1,
        0,
        0,
        0
      ]
    ],
    "ConstraintTargetMatrix": [
      [
        0.4,
        NaN,
        NaN,
        NaN,
        NaN,
        NaN
      ],
      [
        NaN,
        0.055,
        NaN,
        NaN,
        NaN,
        NaN
      ],
      [
        NaN,
        0.045,
        0.2,
        NaN,
        NaN,
        NaN
      ]
    ],
    "ConstraintSemanticsMatrix": [
      [
        "lower_bound",
        "",
        "",
        "",
        "",
        ""
      ],
      [
        "",
        "target_value",
        "",
        "",
        "",
        ""
      ],
      [
        "",
        "target_value",
        "target_value",
        "",
        "",
        ""
      ]
    ],
    "ConstraintFeatureNames": [
      "dist_main_obstacle",
      "speed",
      "terminal_arc_distance",
      "heading_angle",
      "decoy_line_distance",
      "noise_aux"
    ],
    "ConstraintFeatureScales": [
      1.0105451339572489,
      0.257168970127712,
      1.4813449326840082,
      6.360162030552389,
      0.678684724801644,
      0.751738493119704
    ]
  }
}
