{
  "ModelObjectiveFinal": 753.2698514832789,
  "SegmentationLogLikelihoodFinal": 753.2698514832789,
  "PosthocObjectiveFinal": -6000001268.504422,
  "PosthocFeatureObjectiveFinal": -6000001268.504422
}
