{
  "scalar_metrics": {
    "MeanAbsCutpointError": 22.333333333333332,
    "MeanStageSubgoalError": 0.4423142836827004,
    "MeanConstraintError": 0.12267135123654416,
    "MeanConstraintErrorRaw": 0.07122430787772539
  },
  "all_metrics": {
    "MeanAbsCutpointError": 22.333333333333332,
    "MeanStageSubgoalError": 0.4423142836827004,
    "MeanConstraintError": 0.12267135123654416,
    "MeanConstraintErrorRaw": 0.07122430787772539,
    "ConstraintErrorMatrix": [
      [
        NaN,
        NaN,
        NaN,
        NaN,
        NaN
      ],
      [
        0.05969628514451744,
        0.3223153619279592,
        NaN,
        NaN,
        NaN
      ],
      [
        0.010342257773814536,
        0.2820259416869643,
        0.18640413280041548,
        0.2977484182664333,
        NaN
      ],
      [
        0.05459431185477844,
        0.0,
        0.008169136151273376,
        0.005417666759285382,
        NaN
      ]
    ],
    "ConstraintErrorMatrixRaw": [
      [
        NaN,
        NaN,
        NaN,
        NaN,
        NaN
      ],
      [
        0.017877628460554337,
        0.31999999999999995,
        NaN,
        NaN,
        NaN
      ],
      [
        0.003097262107280674,
        0.28,
        0.04563619196660766,
        0.02679474588061884,
        NaN
      ],
      [
        0.016349707876068806,
        0.0,
        0.002000000000000189,
        0.0004875424861234025,
        NaN
      ]
    ],
    "ConstraintTrueActiveMask": [
      [
        0,
        0,
        0,
        0,
        0
      ],
      [
        1,
        1,
        0,
        1,
        0
      ],
      [
        1,
        1,
        1,
        1,
        0
      ],
      [
        1,
        1,
        1,
        1,
        0
      ]
    ],
    "ConstraintPredictedActiveMask": [
      [
        0,
        0,
        0,
        0,
        0
      ],
      [
        1,
        1,
        0,
        0,
        0
      ],
      [
        1,
        1,
        1,
        1,
        0
      ],
      [
        1,
        1,
        1,
        1,
        0
      ]
    ],
    "ConstraintTargetMatrix": [
      [
        NaN,
        NaN,
        NaN,
        NaN,
        NaN
      ],
      [
        0.0,
        0.4,
        NaN,
        0.007,
        NaN
      ],
      [
        0.0,
        0.72,
        0.06,
        0.045,
        NaN
      ],
      [
        0.0,
        1.0,
        0.04,
        0.018,
        NaN
      ]
    ],
    "ConstraintSemanticsMatrix": [
      [
        "",
        "",
        "",
        "",
        ""
      ],
      [
        "target_value",
        "lower_bound",
        "",
        "target_value",
        ""
      ],
      [
        "target_value",
        "lower_bound",
        "upper_bound",
        "target_value",
        ""
      ],
      [
        "target_value",
        "lower_bound",
        "upper_bound",
        "target_value",
        ""
      ]
    ],
    "ConstraintFeatureNames": [
      "surface_distance",
      "force",
      "orientation_error",
      "speed",
      "noise_aux"
    ],
    "ConstraintFeatureScales": [
      0.2994763981925303,
      0.9928164704464917,
      0.2448239278872144,
      0.08999122828804478,
      0.8590315177063433
    ]
  }
}
