{
  "scalar_metrics": {
    "MeanAbsCutpointError": 22.53333333333333,
    "MeanStageSubgoalError": 0.4516543918647754,
    "MeanConstraintError": 0.05241069764962506,
    "MeanConstraintErrorRaw": 0.03776071223558121
  },
  "all_metrics": {
    "MeanAbsCutpointError": 22.53333333333333,
    "MeanStageSubgoalError": 0.4516543918647754,
    "MeanConstraintError": 0.05241069764962506,
    "MeanConstraintErrorRaw": 0.03776071223558121,
    "ConstraintErrorMatrix": [
      [
        NaN,
        NaN,
        NaN,
        NaN,
        NaN,
        NaN,
        NaN
      ],
      [
        0.060104903453620344,
        0.3223153619279592,
        NaN,
        NaN,
        NaN,
        NaN,
        NaN
      ],
      [
        0.05851363603516537,
        0.0,
        0.012253704226909141,
        0.0027382560872594164,
        NaN,
        NaN,
        NaN
      ],
      [
        0.05459431185477844,
        0.0,
        0.008169136151273376,
        0.005417666759285382,
        NaN,
        NaN,
        NaN
      ]
    ],
    "ConstraintErrorMatrixRaw": [
      [
        NaN,
        NaN,
        NaN,
        NaN,
        NaN,
        NaN,
        NaN
      ],
      [
        0.017999999999999995,
        0.31999999999999995,
        NaN,
        NaN,
        NaN,
        NaN,
        NaN
      ],
      [
        0.017523452964959975,
        0.0,
        0.003000000000000058,
        0.0002464190286596904,
        NaN,
        NaN,
        NaN
      ],
      [
        0.016349707876068806,
        0.0,
        0.002000000000000189,
        0.0004875424861234025,
        NaN,
        NaN,
        NaN
      ]
    ],
    "ConstraintTrueActiveMask": [
      [
        0,
        0,
        0,
        0,
        0,
        0,
        0
      ],
      [
        1,
        1,
        0,
        1,
        0,
        0,
        0
      ],
      [
        1,
        1,
        1,
        1,
        0,
        0,
        0
      ],
      [
        1,
        1,
        1,
        1,
        0,
        0,
        0
      ]
    ],
    "ConstraintPredictedActiveMask": [
      [
        0,
        0,
        0,
        0,
        0,
        0,
        0
      ],
      [
        1,
        1,
        0,
        0,
        0,
        0,
        0
      ],
      [
        1,
        1,
        1,
        1,
        0,
        0,
        0
      ],
      [
        1,
        1,
        1,
        1,
        0,
        0,
        0
      ]
    ],
    "ConstraintTargetMatrix": [
      [
        NaN,
        NaN,
        NaN,
        NaN,
        NaN,
        NaN,
        NaN
      ],
      [
        0.0,
        0.4,
        NaN,
        0.007,
        NaN,
        NaN,
        NaN
      ],
      [
        0.0,
        0.72,
        0.06,
        0.045,
        NaN,
        NaN,
        NaN
      ],
      [
        0.0,
        1.0,
        0.04,
        0.018,
        NaN,
        NaN,
        NaN
      ]
    ],
    "ConstraintSemanticsMatrix": [
      [
        "",
        "",
        "",
        "",
        "",
        "",
        ""
      ],
      [
        "target_value",
        "lower_bound",
        "",
        "target_value",
        "",
        "",
        ""
      ],
      [
        "target_value",
        "lower_bound",
        "upper_bound",
        "target_value",
        "",
        "",
        ""
      ],
      [
        "target_value",
        "lower_bound",
        "upper_bound",
        "target_value",
        "",
        "",
        ""
      ]
    ],
    "ConstraintFeatureNames": [
      "surf dist",
      "force",
      "orient err",
      "speed",
      "noise",
      "start_dist",
      "slot_x_err"
    ],
    "ConstraintFeatureScales": [
      0.2994763981925303,
      0.9928164704464917,
      0.2448239278872144,
      0.08999122828804478,
      0.8590315177063433,
      2.167415134128614,
      2.126581024569993
    ]
  },
  "objectives": {
    "ModelObjectiveFinal": 1619.1093048630573,
    "SegmentationLogLikelihoodFinal": 1619.1093048630573,
    "PosthocObjectiveFinal": 536.8624358737504,
    "PosthocFeatureObjectiveFinal": 536.8624358737504
  }
}
