{
  "ModelObjectiveFinal": 1619.1093048630573,
  "SegmentationLogLikelihoodFinal": 1619.1093048630573,
  "PosthocObjectiveFinal": 536.8624358737504,
  "PosthocFeatureObjectiveFinal": 536.8624358737504
}
