time_s,x_m,y_m,z_m,qx,qy,qz,qw
0.0,0.6618294142020945,-0.18031428894655455,0.3683366995397511,0.18884308127867583,0.9014616881307621,-0.38787686334718935,0.035449321086586466
0.020047664642333984,0.6619200533896975,-0.18024333647391794,0.36829681602668995,0.18871700056939478,0.9015040199060442,-0.38783746423811744,0.03547530299558943
0.045015811920166016,0.6620310006599036,-0.1801569990316435,0.3682396431913026,0.1885610045433281,0.9015584377512381,-0.38778467785013454,0.03549893674201579
0.06508708000183105,0.662108750129018,-0.18009704766870144,0.36819187307213597,0.18844914084728026,0.901598785173644,-0.3877444671656277,0.035507464986092224
0.09002566337585449,0.6622035820531453,-0.1800241243693709,0.3681285332430078,0.18831204414551014,0.9016497783159575,-0.38769193036751165,0.03551363710572118
0.11005210876464844,0.6622743916853694,-0.1799694427485179,0.36808337125051044,0.18821025474805292,0.9016872404172147,-0.38765360636244134,0.03552044412140869
0.13498473167419434,0.6623477545247568,-0.17991326712711359,0.368030034212101,0.18810471772174758,0.9017294560270122,-0.3876062190150518,0.035524952988552655
0.1599876880645752,0.6624222986040343,-0.17985614788318743,0.36797839406533406,0.18799742938584024,0.9017704031987516,-0.38756261447208545,0.0355292319463993
0.18499135971069336,0.6625118001929616,-0.1797870929576283,0.3679199253318698,0.18786692423535648,0.9018166094966653,-0.3875180434482005,0.03553290892168905
0.2099745273590088,0.6626188644819061,-0.1797041043576172,0.36785341894189605,0.1877090025766844,0.9018699966087433,-0.3874699358915463,0.03553714041459687
0.23005962371826172,0.6627076419607294,-0.17963570136509083,0.3677923005873329,0.18757751980060838,0.9019169096404545,-0.38742444074733967,0.03553681023503747
0.2500765323638916,0.6627909733862332,-0.17957135178083478,0.3677369590927932,0.18745424763739202,0.9019599453473838,-0.38738378830097553,0.03553818500287793
0.2751016616821289,0.6628871405918128,-0.1794973523890005,0.3676668288275912,0.18731169213829793,0.902012461806424,-0.38733068365838835,0.03553575988911395
0.29997968673706055,0.6629815824228622,-0.17942489240861945,0.3675953738230094,0.18717105738436443,0.9020649458327122,-0.3872768338427285,0.03553143321411127
0.3250119686126709,0.6630627331034182,-0.1793639540533096,0.36751157956325897,0.18704808209960863,0.9021202440509037,-0.3872090369524907,0.03551396850105616
0.3450298309326172,0.6631301558421706,-0.1793135145493776,0.3674392231297487,0.18694538254418502,0.9021671806035299,-0.3871508077991487,0.03549724225630003
0.3700134754180908,0.6632281081189021,-0.17923853422756766,0.3673602244352598,0.18679779982181163,0.902223332988515,-0.38709205774955757,0.03548771928551338
0.3900187015533447,0.6633180476081274,-0.179167923592672,0.3673113198348531,0.1866642324767238,0.9022639274759194,-0.38706136280317416,0.035493251677147696
0.41498899459838867,0.6634297967452404,-0.17907979900213059,0.36725727903487254,0.18649859803869784,0.9023114043899021,-0.38702954979933657,0.03550394372072525
0.43503403663635254,0.6635074411122921,-0.17901855122746435,0.36722000320331194,0.18638398826961247,0.902344144095512,-0.38700770508052545,0.03551183945576024
0.4599792957305908,0.6635921832106347,-0.17895185704465288,0.3671762251919,0.1862586400333376,0.9023812453143483,-0.3869809418853474,0.035518414031820794
0.48502016067504883,0.6636758364119884,-0.17888640063027667,0.367126787209683,0.18613382767219838,0.9024204993034802,-0.3869492617245056,0.035520550163518634
0.5050201416015625,0.6637385761725498,-0.17883763020647053,0.367083740538348,0.18603983049171258,0.9024526058475764,-0.3869197650756603,0.035518601653954734
0.5250234603881836,0.6637991094180876,-0.17879096883456597,0.36703595495176966,0.18594813460753318,0.9024862423743556,-0.3868859611734719,0.035512344445453085
0.5499858856201172,0.6638812003310666,-0.17872756931016837,0.36697417774314584,0.18582401711459381,0.9025303671262778,-0.38684330115725546,0.03550537181858425
0.5701310634613037,0.6639629783848874,-0.17866364283023978,0.3669216264228422,0.1857010021785732,0.9025700715322853,-0.38680990780415087,0.035503506708220535
0.5949928760528564,0.6640768156972551,-0.17857376492187255,0.3668605679675002,0.1855301639918084,0.902620178428343,-0.38677453052374106,0.03550822836058479
0.6150169372558594,0.6641661340393701,-0.17850347818055445,0.3668092292359365,0.18539583413778912,0.9026608489041127,-0.38674387213945544,0.03550991273902468
0.6399834156036377,0.6642606571823564,-0.1784297974944012,0.36674379945517527,0.1852528665833656,0.9027087656406156,-0.38670100415590863,0.03550483408106443
0.6649854183197021,0.6643475764997442,-0.17836239306413917,0.36667661725344297,0.18512063293474398,0.9027559835224944,-0.38665493034258963,0.03549577887481166
0.6899755001068115,0.6644374438138398,-0.17829242393318218,0.3666111702718291,0.18498429557792948,0.9028028228000846,-0.3866114581096634,0.03548878685043966
0.7100317478179932,0.6645049735297558,-0.1782400438076558,0.3665574857903236,0.18488168836202726,0.902840089188391,-0.3865742283659266,0.035480989642266134
0.7300517559051514,0.6645752695942253,-0.17818538357202615,0.36650370734813587,0.18477513669287962,0.9028778026833798,-0.3865377227872553,0.0354740911678026
0.7501044273376465,0.6646543654070286,-0.17812411492967994,0.36644116349546185,0.18465485329866319,0.9029212016126965,-0.38649467221472616,0.0354648724958927
0.7750065326690674,0.6647585718234282,-0.17804317868158462,0.3663554740371526,0.1844963667226839,0.9029798305481547,-0.38643464810154576,0.03545107947628277
0.8000977039337158,0.6648569249571313,-0.17796662601722407,0.36627764312059086,0.1843469872924402,0.9030336541302338,-0.3863812055852046,0.03543969180216823
0.8250770568847656,0.6649380930035197,-0.17790313780432596,0.3662197436013177,0.1842242639185094,0.903075199929997,-0.3863431172375671,0.03543444113186189
0.8501079082489014,0.6650113502748279,-0.17784498573022445,0.3661785046765903,0.18411432296961014,0.9031078638271165,-0.38631900094313354,0.03543630738987706
0.8750925064086914,0.6650901892296062,-0.17778218893807607,0.36614077723953475,0.18399685558045745,0.9031399536307277,-0.38629936631599365,0.03544264206126902
0.8951220512390137,0.6651559280802174,-0.17772959226029386,0.36611026764483295,0.18389909210251254,0.9031662597324992,-0.38628387264223896,0.03544856754655685
0.9200022220611572,0.665238582817967,-0.17766341102895095,0.36607242772990256,0.18377606468403118,0.9031991811594765,-0.3862647416597589,0.03545626253117627
0.940047025680542,0.6653083245674692,-0.17760779650615127,0.3660378217440876,0.18367214435753082,0.9032280219900405,-0.38624628325530364,0.035461138596033635
0.9649968147277832,0.6654119335457541,-0.17752518270622003,0.36598222253090834,0.18351660169904874,0.9032730107640468,-0.38621461332471413,0.03546543924169731
0.9850180149078369,0.6654975526503913,-0.17745712336665193,0.36593245037755756,0.1833874959103298,0.9033118129281716,-0.3861850723985586,0.03546667202939792
1.0050711631774902,0.6655773974070943,-0.17739422241487504,0.3658777880457153,0.18326644105106607,0.9033516287824738,-0.3861497609631555,0.03546277581753743
1.0300066471099854,0.665665074848894,-0.17732524257567484,0.3658140536170288,0.1831329896535181,0.9033969662633873,-0.38610762174259794,0.03545608380838361
1.0550432205200195,0.6657498621885531,-0.1772584004237612,0.3657543599256413,0.18300425278798635,0.9034399880573648,-0.3860684773021715,0.03545084306621807
1.079982042312622,0.6658417095254635,-0.17718574364211953,0.3656925244154629,0.18286475929422494,0.90348531574711,-0.38602884613115546,0.03544705900875926
1.100032091140747,0.665909992163176,-0.17713208176349432,0.36563909399989175,0.18276074874443762,0.903522317739827,-0.38599218015839853,0.035439623600594466
1.1251246929168701,0.6659919969195055,-0.17706808596806095,0.36556884499220954,0.18263501398746168,0.9035694327146313,-0.38594255544220263,0.03542704938827836
1.1501085758209229,0.6660770684014724,-0.17700117556934145,0.36550358759430807,0.18250476918258315,0.9036149846915595,-0.3858983170157544,0.03541832281272581
1.175039529800415,0.6661689744867406,-0.1769283047861671,0.3654404704184905,0.18236507386942538,0.9036609759826142,-0.38585707816433384,0.035413776261558894
1.2000038623809814,0.6662539725221628,-0.1768614484211926,0.3653727787033492,0.1822347839323805,0.9037074734488163,-0.3858106566277874,0.03540371718048554
1.2250173091888428,0.6663324494811425,-0.17680030401321195,0.3653000879345745,0.18211372286283922,0.9037550567832933,-0.38575776507275167,0.035388359240778725
1.245048999786377,0.6663931500354722,-0.17675329034245144,0.3652372751011373,0.1820196011901777,0.9037947855282225,-0.38571056865541337,0.03537241385589699
1.265134572982788,0.6664590909147085,-0.17670150770559873,0.365183002958938,0.1819183249464276,0.9038316805261332,-0.3856727136849423,0.035363459175605884
1.2900474071502686,0.6665461443313685,-0.17663190622086694,0.3651305272022117,0.18178718055958537,0.9038716676143063,-0.3856407918163266,0.03536395277220134
1.3100707530975342,0.6666135830366355,-0.1765773812438532,0.36509762913833993,0.1816864304097283,0.9038991425678973,-0.3856233944073432,0.035369178048373716
1.3301141262054443,0.6666791276626338,-0.17652420194578625,0.3650707063187105,0.1815887492963188,0.9039236991141807,-0.38561108552138834,0.03537743676140888
1.355055570602417,0.666767427388438,-0.17645250726676304,0.3650358685627272,0.18145763533397388,0.9039559825314455,-0.3855960305830999,0.035389397042924625
1.380028486251831,0.6668661743292112,-0.17637191235909658,0.3649992361733819,0.18131053850652867,0.9039911273035841,-0.3855814883843433,0.03540404211703384
1.4049882888793945,0.666962052513924,-0.17629376473866554,0.36496444553784396,0.18116821302749672,0.9040248969926046,-0.385567839754161,0.03541899424344209
1.4250521659851074,0.667034040049152,-0.17623529900799792,0.36493308269513547,0.18106077454598096,0.9040525322426758,-0.3855527838087082,0.03542690734186241
1.4499998092651367,0.6671177337538541,-0.17616796828085385,0.36488425291713383,0.18093457973968585,0.9040902430627941,-0.3855234486963705,0.035428530287263844
1.4700236320495605,0.6671877756082686,-0.1761119763390901,0.364837665835232,0.1808282218287728,0.9041243675178927,-0.3854935393443168,0.03542616793348875
1.4950616359710693,0.6672719263860154,-0.17604520095850365,0.3647723149603707,0.1806995593958044,0.9041695068719412,-0.38544876700870007,0.035417793388192925
1.5150620937347412,0.6673324939463802,-0.17599710996251175,0.36472295939218,0.1806067866990767,0.9042029747370359,-0.38541442082649746,0.03541035574470563
1.5400474071502686,0.6674042696910046,-0.1759403567522334,0.36466314464053445,0.18049661549581608,0.9042433010934617,-0.3853723253895093,0.035400494998433805
1.5650660991668701,0.6674777158616616,-0.17588186196240715,0.36460720951968206,0.1803840963716258,0.9042822175351903,-0.3853343099679265,0.03539376198312858
1.5899996757507324,0.6675649539200019,-0.17581205245377313,0.36454512649917237,0.18025055232614096,0.9043265393386005,-0.3852932950611329,0.03538821011184903
1.614976167678833,0.6676539331901515,-0.175741034772244,0.3644790143468887,0.18011406660869686,0.9043730322289312,-0.38524866432567684,0.035380901941612905
1.6350233554840088,0.6677267385148999,-0.17568263908080095,0.3644279590177787,0.18000285846796588,0.9044096544638297,-0.38521503640635285,0.035376879207021546
1.6550424098968506,0.6677990575825586,-0.17562434065073082,0.36438273316499525,0.17989305309507597,0.9044435126328888,-0.3851868811325435,0.03537638347588322
1.6799583435058594,0.6678912597701737,-0.17554987612311243,0.36432726273604993,0.17975329808904156,0.9044856470966814,-0.38515312277318536,0.03537708354626626
1.699960708618164,0.667966271141098,-0.17548918360704285,0.3642830925843888,0.17963957446970846,0.904519603891552,-0.3851263246748987,0.03537829140344287
1.7200422286987305,0.6680351330006244,-0.17543377933638396,0.36423518157099105,0.1795348069448974,0.9045539261425041,-0.3850948664754458,0.035375013918972596
1.7450189590454102,0.6681153426232546,-0.17536970042849287,0.36417240222911923,0.17941166750894402,0.9045971542662852,-0.3850514734449178,0.03536671956643196
1.7700400352478027,0.6682054291549143,-0.17529786529894964,0.3641000162504097,0.17927331304653832,0.9046464383820267,-0.3850010793022406,0.035356324585597114
1.7950029373168945,0.6683108149411205,-0.1752123272139649,0.3640359659794867,0.17911337199087787,0.9046948329111143,-0.3849617605500889,0.035356784244880105
1.8200020790100098,0.6684158231778412,-0.17512664802616734,0.36398186904515295,0.17895552726051375,0.9047385925830845,-0.38493169303230684,0.03536368268398008
1.8450391292572021,0.668511651879371,-0.17504811781971552,0.363937711368027,0.17881168007765763,0.9047762404808029,-0.38490918609687047,0.03537309977155164
1.8650612831115723,0.668582340553312,-0.17499017831785116,0.36390388959571945,0.17870570785492074,0.9048044693821017,-0.38489145879808495,0.035379473008728755
1.8899953365325928,0.6686694420508248,-0.17491899341041725,0.3638592784628433,0.1785741368912089,0.904840730834996,-0.38486675629327893,0.035385157281600514
1.9100310802459717,0.6687280546304224,-0.17487137866104227,0.3638233901702474,0.17848517283438545,0.9048677248104311,-0.3848445297706971,0.03538547131614726
1.9351019859313965,0.6687958507729616,-0.17481677700020753,0.3637724557418802,0.17838120518165426,0.9049032213627328,-0.38480977892099555,0.03537993290101321
1.9600071907043457,0.6688722165853704,-0.17475566145787713,0.36370998662747756,0.17826331771958026,0.9049454483373611,-0.3847659805209533,0.03537040179247431
1.985027551651001,0.6689691958605328,-0.17467731844440734,0.36363820785479467,0.1781134853686558,0.9049959431552387,-0.38471731196571446,0.03536267914491672
2.0100321769714355,0.6690745006602055,-0.1745919526598217,0.3635660195621663,0.17795160249464353,0.9050480356788477,-0.3846700962255137,0.0353581299468666
2.035024642944336,0.6691778622262682,-0.17450799342238277,0.3634961934003802,0.17779264756898105,0.9050986653175762,-0.38462483329456176,0.03535418113831324
2.0601117610931396,0.6692713502331956,-0.17443232181543866,0.3634260609198095,0.17764830990331149,0.9051475592056963,-0.38457718063542684,0.035346374451080846
2.0849719047546387,0.669363232797484,-0.17435830670611618,0.36335207203075703,0.17750655055333586,0.9051977218539272,-0.384525515589186,0.03533605413727901
2.1050639152526855,0.6694270072228115,-0.17430718986319696,0.36329457675141136,0.17740754703012435,0.9052352883958292,-0.38448378142663925,0.035325015491826164
2.129964590072632,0.6695062538387284,-0.17424331598541049,0.36322837201403624,0.17728508915800278,0.905279620436601,-0.38443684878096496,0.03531451944651329
2.149970293045044,0.6695775909603227,-0.17418540534973,0.36317798534501544,0.17717608019662134,0.9053153088409636,-0.3844033928389238,0.03531090140903934
2.1749751567840576,0.669683070202149,-0.17409940707586508,0.3631053133834478,0.17701483681031116,0.9053673199054579,-0.38435555285678363,0.035306834811330255
2.19997501373291,0.6697907361619749,-0.1740120899933565,0.36302138020553737,0.1768490325288912,0.9054248521097049,-0.38429730041425036,0.035296483821315894
2.220064163208008,0.6698678780516457,-0.17394999111955545,0.36295287479967897,0.17672915639863226,0.9054697505983128,-0.3842478119947962,0.035283919955427685
2.244962453842163,0.6699507595939611,-0.1738831340895212,0.3628781902730323,0.1766002071448977,0.9055185082399747,-0.3841935067613028,0.03526963897695567
2.265005588531494,0.6700157711550655,-0.17383027827459474,0.36282983675620745,0.17650026741691738,0.9055521098199905,-0.3841606694385992,0.03526488421564383
2.285017728805542,0.6700772770738207,-0.17378016384643086,0.3627831449274481,0.17640563793747213,0.9055843716091581,-0.3841285533058099,0.03525976937560714
2.3099567890167236,0.6701503450444358,-0.17372120535098706,0.36271776912345455,0.17629206537456363,0.9056271092458428,-0.3840810372086401,0.03524774519996291
2.3299829959869385,0.6702104796799242,-0.17367286791813308,0.36265969766791195,0.1761981596337533,0.9056642497363445,-0.3840376977287072,0.03523523824796878
2.349984645843506,0.6702807219916442,-0.1736165184845641,0.36259070904959423,0.17608794326755126,0.9057082570854528,-0.38398590242164804,0.03521954037741188
2.3700406551361084,0.6703667714584036,-0.17354650388698956,0.3625202984132334,0.17595387853223032,0.9057558011583473,-0.38393617931835855,0.03520896913805164
2.395017623901367,0.6704757538093075,-0.17345724775429838,0.3624411512226231,0.17578498733421832,0.9058114609096809,-0.3838828872979673,0.03520176632413699
2.4150283336639404,0.6705590589409001,-0.17338917713726665,0.3623784910662574,0.1756557172432297,0.9058549702150643,-0.3838400078600945,0.035195032351521556
2.439972162246704,0.6706447929578376,-0.17331963418541319,0.3623020992094923,0.17552165002904513,0.9059049896238415,-0.38378458404089,0.03518086409210226
2.4650003910064697,0.6707299730786901,-0.1732503289444059,0.362230025358807,0.17538866044561302,0.9059529846068054,-0.3837331701167761,0.03516904350761805
2.4850049018859863,0.6707979294310215,-0.17319466556525775,0.36217940121617254,0.17528340678453305,0.905988184298137,-0.38369862255832426,0.03516396259124151
2.510042905807495,0.6708792742828723,-0.17312776832167018,0.3621207521160568,0.17515769305708623,0.9060294393921559,-0.3836590531185285,0.035159187671369024
2.5349655151367188,0.6709679445210299,-0.17305523927258837,0.3620525615253851,0.1750198939513208,0.9060764013014158,-0.38361178006738567,0.03515101590965637
2.5549662113189697,0.671048366050968,-0.1729893289349819,0.3619905499406343,0.17489489118572404,0.9061196117385741,-0.383567379284657,0.03514387298681466
2.575014352798462,0.6711287305817073,-0.17292387109307214,0.361916393922854,0.1747683851337307,0.9061678450196573,-0.383512448209819,0.035129051771110184
2.5951120853424072,0.6712042723033973,-0.17286241060925628,0.361847702850914,0.17464944932983614,0.9062124875239741,-0.38346237442889813,0.03511559057993936
2.6201159954071045,0.6712833707983585,-0.17279784214150076,0.36177789238889674,0.17452561885385046,0.9062582090805256,-0.38341183981554844,0.03510310423815574
2.644977331161499,0.6713549403801551,-0.17273932182362992,0.36171464068459286,0.1744133508524643,0.9062996357923507,-0.3833660491637882,0.03509167359353047
2.6699559688568115,0.6714309323424724,-0.17267752570924907,0.3616434097422039,0.17429414274255042,0.9063454609025823,-0.38331325302617675,0.03507716296363642
2.6899642944335938,0.6714929868025995,-0.17262747739259143,0.3615728039286882,0.17419546471072878,0.9063883817609983,-0.38325838689372127,0.03505781451416334
2.709967851638794,0.6715550689476817,-0.17257766366580862,0.36149704437650465,0.17409637011846227,0.9064335395746029,-0.38319866612342723,0.03503533255138684
2.7299704551696777,0.6716202840907469,-0.17252500123012457,0.3614248529196417,0.17399307848349913,0.906477704011658,-0.3831428518705969,0.0350162223842382
2.7500953674316406,0.6716940437874547,-0.17246458073005916,0.3613585693307314,0.17387779698254713,0.9065207740632654,-0.38309438521943917,0.03500414149072979
2.775114059448242,0.671799192569514,-0.17237779595790148,0.3612758143142236,0.17371429591672066,0.9065770932267714,-0.3830362080207349,0.03499401056940171
2.79996657371521,0.6718967879165048,-0.1722975477117474,0.36119453983692007,0.17356161795203573,0.9066312861612206,-0.3829782782928354,0.03498162493833765
2.819988489151001,0.6719657822333425,-0.1722407654553051,0.3611342317574009,0.17345324272027254,0.906670925850556,-0.38293448813734166,0.03497116815496416
2.8449904918670654,0.6720451009495418,-0.1721755919559427,0.36106292782764576,0.1733287361882226,0.9067173117716957,-0.3828822274361993,0.03495805570431566
2.869992733001709,0.6721307105775666,-0.17210558506427193,0.3609791999861176,0.17319383900173507,0.9067704177961128,-0.38281914759880226,0.03494000247982973
2.890014886856079,0.6721973277430859,-0.1720516232254913,0.36090162990821006,0.17308714312220563,0.9068173039961926,-0.38275833692349864,0.03491809809216517
2.9149529933929443,0.6722745527933274,-0.17198900591471747,0.36081089532600774,0.17296317637957379,0.9068719719247167,-0.38268722006842354,0.03489208721692667
2.934988021850586,0.6723363797122318,-0.17193834543209963,0.36075080203139,0.17286558822005088,0.906910099391082,-0.3826421341479446,0.034879180128758194
2.955080986022949,0.6724029554195878,-0.17188322153538252,0.3606956655744831,0.17276146048682836,0.9069469090561743,-0.38260265287420625,0.0348710759455717
2.980045795440674,0.6724897766486099,-0.1718113495491364,0.36062304882400337,0.17262559594468513,0.90699519183508,-0.3825504990136112,0.03486031149244537
3.00502347946167,0.6725685788215576,-0.17174689641486543,0.36053961180722305,0.17250047258329573,0.9070469116493822,-0.38248617444904914,0.03483982464512849
3.030001640319824,0.6726443242297737,-0.17168514443759497,0.36045278215934684,0.17237973204367635,0.9070994275400318,-0.38241822402179704,0.03481606630611783
3.055032253265381,0.6727151742215038,-0.17162712519877105,0.3603763011184427,0.1722678101914593,0.9071462502345379,-0.3823593087758714,0.034797144274845745
3.0750460624694824,0.6727768741764988,-0.17157606980116463,0.3603233848914392,0.17217188550060453,0.9071809267171675,-0.38232098192515024,0.034789004347101034
3.099989652633667,0.6728582535365152,-0.1715085332738406,0.3602539360484373,0.17204547169010342,0.907226541568264,-0.3822706013808796,0.034778517292141736
3.124978542327881,0.6729352125885296,-0.17144476819387727,0.36018071755253567,0.17192454100843935,0.9072730309228291,-0.3822159875073579,0.034764039652445344
3.1450419425964355,0.6729964032120583,-0.17139435116299964,0.36011948273767486,0.17182748156046548,0.9073112369866622,-0.3821701827896333,0.03475035546570079
3.169985055923462,0.6730883421749533,-0.1713183587055227,0.36002666182626464,0.17168059801682248,0.9073675553407716,-0.38210435814509847,0.034729688539490704
3.190005302429199,0.6731771351070491,-0.17124391568379077,0.35990444941303296,0.1715298141103481,0.9074276447865824,-0.3820329321325617,0.03469050467183875
3.214977741241455,0.6732979172751703,-0.1711380769845312,0.3595884376953055,0.1712827188100287,0.907519354226551,-0.3819399081953581,0.034536335489209806
3.234983444213867,0.6733741111996557,-0.17107596849468265,0.3593312002147288,0.1711100885366886,0.9075713138364557,-0.3819063300388108,0.0343977176339761
3.2549846172332764,0.6734163925045065,-0.1710461724233167,0.35911211137664334,0.1710002385017494,0.9076155555207225,-0.38186190421235633,0.03426963554683308
3.275034189224243,0.6734297874549219,-0.17104148218206422,0.3589512568878971,0.170954632645756,0.9076624694179376,-0.3817800788803025,0.03416616099415703
3.300008773803711,0.6734418788250559,-0.17103118509007764,0.3587610133619249,0.17092451149591192,0.9077567578122762,-0.38158240591257486,0.034019810610775275
3.3249623775482178,0.6734307423597643,-0.17100558937676616,0.35854841415986827,0.170976413684145,0.9079321619513463,-0.3811685397703221,0.03371645811017783
3.3499622344970703,0.6733929234971849,-0.1709692579181905,0.35826561740955765,0.17111127369227158,0.9082080076123384,-0.3804939034991244,0.03321951721825597
3.3699920177459717,0.6733657873394434,-0.17093906130525965,0.35799565443127923,0.17121668517702388,0.908472638778429,-0.37985041439988126,0.03280204244107243
3.394951343536377,0.6733889993978168,-0.17089726788997445,0.35764533884814603,0.17122000430161674,0.9087958464199422,-0.3791018460226729,0.03249015233568436
3.4150612354278564,0.6734338331258422,-0.17086981758984998,0.35740215031805717,0.17117294375280348,0.9090478644338414,-0.37852723272142424,0.03238730590119627
3.439976930618286,0.6734765152207859,-0.17085551186530948,0.3571687972759813,0.1711707620639716,0.909388229282406,-0.377717850595926,0.03229309521116146
3.464961528778076,0.6735061474022016,-0.17085518145306064,0.3570166827237291,0.17123090328067575,0.9097743946051218,-0.3767626071105059,0.032256263976996956
3.4850575923919678,0.6735244562498152,-0.17085865736503572,0.3570152361057383,0.17133100627074593,0.9101077719345262,-0.37590629796117364,0.032310755292510804
3.510000705718994,0.673547321771647,-0.1708644651965295,0.357120722033957,0.1715059032972563,0.9105708240333923,-0.37469046658490335,0.032458493550636174
3.530036211013794,0.6735537946484839,-0.17088431566928133,0.35727161051933626,0.1717020535200752,0.9109874778103118,-0.3735718037079385,0.0326240335364412
3.554985523223877,0.6734870122077659,-0.17097673858506288,0.3575338867054453,0.17210844454577723,0.9115705860869476,-0.3719377134872079,0.03286467987111675
3.580052375793457,0.6731812389994949,-0.17127063436018303,0.35782724718941966,0.17290929999198534,0.9121944319109137,-0.37001536275927704,0.033050320558882795
3.6050124168395996,0.6726230286412653,-0.17178577460808608,0.35809501712420866,0.17411366519405624,0.9128629987605016,-0.36778727557338714,0.03313754687453968
3.6250295639038086,0.6720051119671235,-0.1723407935370726,0.3583569641951525,0.17536585296613427,0.9134254813616239,-0.3657860166471627,0.033185804768733264
3.6499617099761963,0.6711293250928103,-0.1731122410744193,0.3587352348587783,0.17712207441319763,0.9141838560337349,-0.36302816866899457,0.03325953811378363
3.670032262802124,0.6703632735929403,-0.1737839246847314,0.359183419553948,0.17868337710427495,0.9148296535735934,-0.360615136389934,0.03340178281657541
3.6949620246887207,0.669327107827847,-0.17467997102551078,0.3597423083833899,0.18077375588548322,0.9157000584909799,-0.3573336999682941,0.03356901740755863
3.7150678634643555,0.6684348031551276,-0.17543937245461605,0.3601342308606525,0.18254206748134344,0.9164463198451119,-0.3545022244148121,0.03365574730909378
3.7400155067443848,0.6672515308820256,-0.17642506095359323,0.36062733038357553,0.1848690839122159,0.9174334032928002,-0.3507129847886675,0.03376054852437451
3.7649619579315186,0.666018990298608,-0.17742774928346,0.3613175052424415,0.18732904255098096,0.9184608947152189,-0.3466719291354156,0.03399982713854571
3.7850117683410645,0.6650360456528253,-0.1782126081745677,0.3618285133567697,0.18929362112079803,0.9193373776630507,-0.3432467661532617,0.03418140664098362
3.8050155639648438,0.6640541068108442,-0.1789779895421391,0.36227619754049506,0.19124536957721544,0.9202528100759388,-0.3396781474927477,0.03433264158806904
3.8300540447235107,0.6628518961483676,-0.17988544836753698,0.3629167857378655,0.19366333486768766,0.921421719185742,-0.3350808563704698,0.034602714266609394
3.8550455570220947,0.6616098626976368,-0.18079924402362832,0.36360724133875855,0.1961560151208087,0.9226259703003594,-0.33025065708651935,0.034909026815721896
3.8799593448638916,0.6603049345918739,-0.1817285264092098,0.36416031352107314,0.19870516521103604,0.9238604316496376,-0.32521533718427775,0.03511615882606824
3.899975538253784,0.6592703999089922,-0.18243146218864031,0.36472652415203166,0.20074396143953632,0.9248435419564343,-0.3211142802395849,0.03538225364926662
3.9200100898742676,0.6582401820261266,-0.18311097898632334,0.36525691059327386,0.20276982023458429,0.9258573560795317,-0.31686387847486847,0.03563479638313195
3.9449880123138428,0.6569166193594435,-0.18395874044333776,0.36593122135178885,0.2053419173339811,0.9271195968424883,-0.31143343435702014,0.035960618748586255
3.9699597358703613,0.6556077297243367,-0.18475493717162983,0.3666939954612491,0.2078928487323119,0.928380663551686,-0.30588802144979527,0.03636516634085816
3.9900050163269043,0.6545134646160282,-0.18539740593623688,0.3672010959848411,0.20997343154107445,0.9294098092234802,-0.3012771700235021,0.036614633532419845
4.010009527206421,0.6533122872146868,-0.1860930881484494,0.36778579235811837,0.21220463594604821,0.9303985306483544,-0.2965926187280674,0.036886110752030354
4.034987926483154,0.6518188151690217,-0.18691058720601733,0.3684783778850832,0.21495523091819163,0.9316496770141968,-0.2905819931926654,0.037218721799172134
4.055010080337524,0.650622194950215,-0.18753340809482644,0.3690315956024456,0.2171391101373792,0.9326437386009905,-0.2856932234765876,0.03749194255745337
4.075038194656372,0.6493801426080354,-0.18815719429581387,0.3696176141420642,0.2193711781875122,0.9336090771331558,-0.28075514219765024,0.03777469265010985
4.099966049194336,0.6478243815460026,-0.18888638328923643,0.37021634689542393,0.2221172835955412,0.9348328874644801,-0.2744148740811694,0.03805077825733022
4.119986295700073,0.6465635631450933,-0.1894583622651466,0.37081791467991976,0.22433270463981536,0.9357658014195742,-0.2693438529068073,0.0383548096588566
4.139997959136963,0.6453303512385241,-0.18996224748365426,0.3712439159774453,0.2264560014395432,0.9367188854533247,-0.2641767280089807,0.038549519135746176
4.164957284927368,0.6438045417252065,-0.19054280075626745,0.3718918362786835,0.22907579417173687,0.9378767694885458,-0.25768078955414836,0.038885170348823134
4.189962863922119,0.6421919639454343,-0.19112558045968292,0.37240469482068317,0.23175433701053375,0.9389984443156164,-0.2510835369603486,0.039101231657546524
4.214958429336548,0.640555523899329,-0.19167579024524062,0.37299200976421953,0.2344385352334065,0.9400764997855124,-0.24442783236726337,0.03936727718543567
4.2350990772247314,0.6392560380599152,-0.19206391983421148,0.37335706846954453,0.23652508486056806,0.9409279820543968,-0.23905978435609876,0.03950742110626048
4.26012396812439,0.6375806692545561,-0.19252700482001822,0.37369897819272696,0.2391470834751899,0.941962786783891,-0.23226593254973635,0.03958935913156597
4.285118341445923,0.6358216671237892,-0.19299958359375788,0.37411323814345543,0.24185003917686093,0.9429224432050308,-0.2254559533060122,0.03969178465924131
4.310044765472412,0.6340743607991893,-0.19339120756557254,0.3743574139856135,0.24446527373209578,0.9438695989716362,-0.21857033110947127,0.03967266609307327
4.334981679916382,0.6323254358677528,-0.1937308291591767,0.3746546634104678,0.2470437299789181,0.9447676377856014,-0.21167976842168373,0.03968855895660834
4.35997200012207,0.630529379120688,-0.19403021901953676,0.37474197728837993,0.2496093511912839,0.9456343650851131,-0.20471441362914586,0.03953262223038729
4.384966135025024,0.6287087762999025,-0.19428533795668473,0.374834025155309,0.25216049016643327,0.9464501435155384,-0.1977314398565479,0.03936357111165116
4.405044317245483,0.6272648011370878,-0.19441933551190177,0.37470257587659334,0.25411997577960765,0.9470963202409445,-0.1921061135287982,0.03907479034767323
4.430012941360474,0.6254123105981723,-0.1945807973800896,0.37471308183607954,0.25661478301979207,0.9478335725404675,-0.18507651210227863,0.03882082648344036
4.455035924911499,0.6234835941293418,-0.19468633370129193,0.3743164240072222,0.2591006719698654,0.9485400943172356,-0.1779811129513971,0.038226361192201
4.475081443786621,0.6219716050280216,-0.19471027061925666,0.374124848414656,0.26102854515316537,0.9490753864562992,-0.17230144528022776,0.037844700982217185
4.499975204467773,0.6200881425583742,-0.19464103565422328,0.3734659232705942,0.2633285497089592,0.9497417847131967,-0.16515627617830617,0.037040811501625866
4.520048379898071,0.6185172756771681,-0.1945794765735288,0.37301474335476803,0.26522563819167105,0.9502177303304439,-0.1594250879482527,0.036404218766193146
4.544965505599976,0.6166138293359179,-0.19437221472407798,0.372181229265116,0.2674335920494278,0.9508137966299541,-0.15224747053870485,0.0353992329888809
4.565009593963623,0.6150978274240722,-0.194151099407102,0.37153274158375577,0.2691559321513125,0.9512600365099279,-0.1465029891954316,0.03458758857904342
4.590051889419556,0.6131522863970708,-0.19379959134038463,0.3705016215850335,0.2712934803197042,0.951789644488165,-0.13922630462422728,0.03335200566274355
4.61504864692688,0.6112559289885998,-0.19331993330171154,0.3693888611363888,0.273297271896686,0.9523027863698363,-0.13191357200560083,0.032043934941362096
4.6350884437561035,0.609784392162342,-0.19284137973193766,0.368446770522374,0.27479263811308485,0.9527041930326994,-0.1260370218605501,0.03095796726721862
4.6599626541137695,0.6079246742841391,-0.19214089220693292,0.36711440582839894,0.2766098267360064,0.9531841773786494,-0.11857728603489817,0.02943390875268831
4.684957504272461,0.6060946867111641,-0.19132562115548626,0.3657982473827168,0.2783254208977734,0.9536350017535372,-0.1110724468408869,0.027895430905099907
4.709947109222412,0.6042838099844106,-0.19034195165979909,0.3642099964051557,0.2799074682732659,0.9540833786052711,-0.10341725267590839,0.026107235074941774
4.734948635101318,0.6024767979612494,-0.189285450787456,0.36272726914843545,0.28143224646822707,0.9544752599652362,-0.0957964506810175,0.024411243292432
4.755042791366577,0.6011468850381312,-0.18827621414912077,0.3614214914986382,0.2824359384151953,0.9548094464844833,-0.08966823754506742,0.022988448642882738
4.779957056045532,0.5995261565277198,-0.18691640681618255,0.3598658250856213,0.2835880760494503,0.955200973554773,-0.0819568011983533,0.021259961889810667
4.800089120864868,0.5982161410704445,-0.1857730043678868,0.35863526906704213,0.28447718268628935,0.9554731949786313,-0.0758239580895299,0.019860352154452383
4.824950456619263,0.5967609265554651,-0.184113304395015,0.3570434070901058,0.28527656413581787,0.955853940674161,-0.0680697244567346,0.018084210396216265
4.845012187957764,0.5956468149307517,-0.18274572879700376,0.3559667066358107,0.2858382024577726,0.9561273368399399,-0.06192446457768446,0.01680471509922013
4.869987487792969,0.5942717783999728,-0.18088664487423106,0.35439006658009375,0.2864126044381841,0.9564533121850988,-0.05422529920057385,0.014983275831630907
4.8950231075286865,0.5930665673868036,-0.17886178835829006,0.35299434661201723,0.2867229725049483,0.9567904921792172,-0.04652491092086444,0.013316297437767103
4.919965982437134,0.5919590664309319,-0.17672518428430933,0.35171141725817645,0.28685851728984046,0.9571114843060274,-0.038888589538570474,0.011724984909151016
4.939973831176758,0.5911206906056949,-0.17489054753996044,0.3505340395192796,0.28683028616026207,0.9573649713206593,-0.03277851525872167,0.010308616178104541
4.959992170333862,0.5903068213811461,-0.1730613774411221,0.34961963984230937,0.2867706214714202,0.9575827533363757,-0.026744950875646125,0.009087836741010142
4.984988212585449,0.5893684078547065,-0.1706398267326043,0.3483972580475383,0.28652072777422066,0.9578517236120382,-0.019236386289398326,0.0074772704481552935
5.009977102279663,0.5885338384168511,-0.1681110788733545,0.34731452025296716,0.28608950755669726,0.9581119409699681,-0.011776335748570151,0.00596826161115603
5.0299835205078125,0.5878795212622273,-0.1660842295506678,0.3465843591042065,0.2857088883398966,0.9582859092114296,-0.005921823013242013,0.004845549179073715
5.050050258636475,0.5872704467495466,-0.16395289291466109,0.34578281202593997,0.2852084590692951,0.9584585702232455,-4.6888880795800535e-05,0.0036471680844001593
5.074946880340576,0.5865735803249986,-0.16129257856489299,0.3450457786136683,0.28449903165289586,0.9586468071935718,0.007146060116941729,0.0023524189373022144
5.094958782196045,0.5860702363706011,-0.15906121026142417,0.3443536128596534,0.2837998379705545,0.9587965929150282,0.012854615894109654,0.0012264011730165113
5.114988803863525,0.5856120026016756,-0.15688275148402275,0.3439919359695071,0.2830704335999475,0.958921583623299,0.018449825707727626,0.0003608569774296871
5.139980792999268,0.5850042519439183,-0.1540675036528046,0.3432719948325798,-0.28210529326439443,-0.9590477291842946,-0.025358701963232047,0.0009964116329328914
5.165046453475952,0.5844542063702184,-0.15127560238104262,0.3428731342115644,-0.2810693140679536,-0.9591464566098367,-0.032151419902602785,0.0020980085165333033
5.185093402862549,0.5840350331448403,-0.14901375077598566,0.3425269161132689,-0.2801807948613239,-0.9592109640542725,-0.03746918175720185,0.0030181232122288362
5.210011959075928,0.5835574897153067,-0.1461558712691303,0.34220434788994686,-0.27898096266607153,-0.9592774443266279,-0.04404116759389833,0.004096685369017716
5.235008478164673,0.5830649982550069,-0.14339204271727188,0.3421013736689784,-0.2778136204228407,-0.9592982525899253,-0.05041144168842077,0.005014123002813242
5.255023241043091,0.5826480559250258,-0.1411421111573882,0.34191539157842765,-0.27685446535777186,-0.9592933362918948,-0.05543860642999826,0.005870338538035084
5.279937028884888,0.582173329571641,-0.13843235848137794,0.3420300554598835,-0.2756411514482617,-0.9592648718168175,-0.061552640753377325,0.006643323387083362
5.300095796585083,0.5817769259320335,-0.1362367145774386,0.34202986991489115,-0.2746477101662875,-0.9592238656530617,-0.06636283916509969,0.007361007972132674
5.324940919876099,0.5813052426145107,-0.13360237484301066,0.3423124507674282,-0.27341610165065,-0.9591492358939891,-0.0721943173754869,0.008022417247883955
5.344973087310791,0.5809117521207301,-0.1315298426296499,0.34259954675974696,-0.2724418380842369,-0.9590668754971264,-0.07677008683033287,0.008516275672908366
5.369992017745972,0.5803527103809482,-0.129088982973014,0.3430133504700471,-0.27134626507461723,-0.9589193597374097,-0.08223184315564339,0.009098896734231436
5.3950066566467285,0.5797040541090193,-0.1268761079750728,0.3435619931761257,-0.27043718657434146,-0.9587182541514738,-0.08735769625107567,0.00957445456068188
5.420027732849121,0.5789508887629945,-0.12484348031146275,0.3441220121128886,-0.26970484077974133,-0.9584663685003144,-0.09219759197697201,0.010056010482470203
5.444951057434082,0.5781664407790027,-0.12301985616713537,0.3448084864184626,-0.26910328714219806,-0.9581857411014246,-0.0967220488450569,0.010409210619759225
5.465087890625,0.5775250538755675,-0.12164845878828759,0.3453739664441988,-0.2686744332196134,-0.957949574245405,-0.10016409143252747,0.010668501503057851
5.485097408294678,0.5768919777693965,-0.12036257806960411,0.3459728292361119,-0.26828029920194174,-0.9577092690348568,-0.103442376126772,0.01087712670819765
5.510069370269775,0.5760326555353774,-0.11895138487542989,0.3467342798761256,-0.26795679780889,-0.9573785091097973,-0.10724798703447941,0.011109189000379783
5.535023927688599,0.5751267000341334,-0.11772700956286597,0.3475477418579206,-0.26777673124554274,-0.957025454982581,-0.11077361790968206,0.011274142646331663
5.559980392456055,0.5742324326272031,-0.116583339714662,0.3483762177446401,-0.26762511267644684,-0.9566715894488387,-0.1141324429286489,0.011404142997367906
5.584977626800537,0.5733681000208392,-0.1155071559079068,0.34921053688614523,-0.2674812196733366,-0.9563249692967936,-0.11732063484533795,0.011498646060301394
5.604986667633057,0.5727075198308357,-0.11466029565149467,0.3498494524130494,-0.2673443271417556,-0.9560574623656305,-0.11977926469214417,0.011578736944378621
5.629967927932739,0.5719154631658494,-0.11364089676997963,0.35072005757637514,-0.2671554145336419,-0.9557292141975803,-0.1227810013928163,0.011596521493881304
5.649993658065796,0.5712861298785412,-0.11282649610052897,0.35141743082939153,-0.2669920279737341,-0.9554662157375767,-0.12515894094384172,0.011610645268718273
5.670013427734375,0.5706737531594333,-0.11196261455827107,0.35207993713612956,-0.2667764192670404,-0.9552083741808161,-0.12755955191651988,0.011656102835681265
5.6949708461761475,0.5699496870716616,-0.11081569610074819,0.35288446868984286,-0.26641718585802143,-0.9548981530052423,-0.13058940516969522,0.011739153532061338
5.714987277984619,0.5694022347556579,-0.10984517862983899,0.3535172439214213,-0.26605933998218884,-0.9546593108307702,-0.13303524925610855,0.011817373071594368
5.739956617355347,0.5687533007093406,-0.1086111587141313,0.3543801922262835,-0.26554845855072534,-0.9543667323085893,-0.13611647159352727,0.011851691237075353
5.76494288444519,0.5680792415246871,-0.10736275784414614,0.355183929622233,-0.26504061247046873,-0.954064476737717,-0.1391816638547805,0.011954598145805918
5.784992456436157,0.567554595716625,-0.10631752011591238,0.3557934035339259,-0.2645838677007084,-0.9538267641577448,-0.1416479378397678,0.012072391377564228
5.809974193572998,0.5668966850614826,-0.10499610274411539,0.35656585904073285,-0.26399008847793326,-0.9535253101219456,-0.1447387598375063,0.012223237825923728
5.829980373382568,0.5663490271596191,-0.10394269575198989,0.35719563885549627,-0.2635226789611396,-0.9532743882689952,-0.14721175190175328,0.012346596562124888
5.854940891265869,0.5656455449715383,-0.10260777671668998,0.3579367827406163,-0.2629327290141943,-0.9529529282430443,-0.15029750730568683,0.012560090130111097
5.874998092651367,0.5650874013302949,-0.10151826822746238,0.3585043922145745,-0.26243566132509255,-0.9526964443406579,-0.1527557157337393,0.012755387718911774
5.895007371902466,0.5645418763929427,-0.10038139440968286,0.35903403889678237,-0.2618906613246844,-0.9524434906129429,-0.1552282560793839,0.012994891858644364
5.9200520515441895,0.5638513251218871,-0.09897278215582486,0.3597597334208095,-0.2612034820374436,-0.9521190773941363,-0.15832392890879302,0.013249036504382066
5.944947719573975,0.5631378915466897,-0.09757240226085659,0.36043393678684305,-0.260534531630626,-0.951787209142077,-0.16136639525949148,0.013555545819783077
5.964997291564941,0.56257342250688,-0.09644666323670195,0.3609449318815565,-0.2599857845753078,-0.9515237814225119,-0.16376430368345354,0.013825268323314441
5.985008478164673,0.5620147840947893,-0.09529621970246537,0.3614043899453333,-0.25941472916261116,-0.951263181737301,-0.16613932083870664,0.014145085190028583
6.009968280792236,0.5613480241709673,-0.09378333910249784,0.36194250758864094,-0.2586146288776821,-0.9509461413290448,-0.169136058766634,0.014591218152741009
6.034980535507202,0.5606968364588264,-0.09224133143999981,0.3624059308617696,-0.257781519071591,-0.9506351403867709,-0.17208529088730395,0.01510532843947386
6.05499529838562,0.5602070014221627,-0.09102480606133187,0.3627743049636303,-0.25709950620600897,-0.9503975496740309,-0.1743679746547934,0.015496802812862509
6.075035095214844,0.5597533783534565,-0.08979348316885194,0.3630903200849444,-0.25638288926373876,-0.9501738147935712,-0.17659004803279463,0.015921391546693104
6.0999436378479,0.5592125383683075,-0.08822750581142491,0.363366690369745,-0.2554607187435671,-0.9499075947728048,-0.17928078057752503,0.016546428245282987
6.120042324066162,0.5588116072245536,-0.08699922903666812,0.36357891655676783,-0.2547152542373719,-0.9497059524812406,-0.18135198360242977,0.01703529054913091
6.144935131072998,0.5583210213538428,-0.08550109895385359,0.3636977046440436,-0.25382632684042167,-0.9494653975606064,-0.18377334511963628,0.017748584767902007
6.164940118789673,0.5579565621553481,-0.08435356153246523,0.3637527692839999,-0.25313990630995525,-0.9492861923517559,-0.1855808806075404,0.018320742236437936
6.184945583343506,0.5575976333234505,-0.08324356091311386,0.36372110249977513,-0.25249260091854997,-0.9491142411996192,-0.18727118898797482,0.018951132111864825
6.209933757781982,0.5571795158352714,-0.08189738175694636,0.36357894663030377,-0.25171148707925106,-0.9489161653230237,-0.1892291730882568,0.019792890456376867
6.2300050258636475,0.556863939754453,-0.08089809190132947,0.3634157255074011,-0.25114360262784774,-0.9487695799038985,-0.19064145679608294,0.020469735184502402
6.250032663345337,0.5565648171155106,-0.0799623375669521,0.3632075122359901,-0.2506230007894438,-0.9486334240831257,-0.19192531827976364,0.021152077700856718
6.275018215179443,0.5562189364440449,-0.0789150026716583,0.3629386340271954,-0.25005270314577593,-0.9484781088457058,-0.1933416926133552,0.02195250753839332
6.295073747634888,0.5559623098497145,-0.07818950666234761,0.362725816812,-0.24967310889283845,-0.9483656699727862,-0.19431400956091482,0.022537976865961023
6.3199334144592285,0.5556925504652763,-0.07739456628539716,0.3624586874281391,-0.24925490619551166,-0.9482480096035546,-0.19534417726440775,0.023202509116969805
6.339982032775879,0.5555124059350145,-0.07683417741033652,0.36221802409164394,-0.24896306758320091,-0.9481710292639436,-0.19602801828050365,0.023708780934543438
6.3600311279296875,0.5553504561119071,-0.07635588374728067,0.36194844798090337,-0.24873198556224124,-0.9481055888173595,-0.19657738471511715,0.02419759554116368
6.3849358558654785,0.5551705444227574,-0.07584806134476099,0.36155509351888027,-0.24851273956728095,-0.9480382753286263,-0.19710254128666088,0.02480796249660178
6.4049482345581055,0.555038871287397,-0.0755291567831893,0.36121625217373193,-0.2484056532815771,-0.9479937693538192,-0.19739192986799367,0.025275891813941822
6.424948692321777,0.5548903598848766,-0.0752759257195402,0.3608557337585228,-0.24836840382771014,-0.9479469669304491,-0.19760281389564127,0.025745131734429057
6.444994688034058,0.5547357506548224,-0.07508236881026766,0.36049716032019313,-0.2483834701729987,-0.9479005473946475,-0.19774764655470167,0.02619298142155037
6.469936847686768,0.5545542748181299,-0.07492964790884832,0.3600280245498654,-0.24847226600937117,-0.9478516921899351,-0.19779853863163535,0.02672902452609941
6.4899444580078125,0.554427443534669,-0.07480340372816376,0.3596057523805674,-0.2485365545472301,-0.947821200451097,-0.19780132937026831,0.02718799603889834
6.509980201721191,0.554299002993571,-0.07463824606539364,0.35907320709215584,-0.24859159419199284,-0.9477938670697597,-0.19778488567387287,0.027751465570021182
6.5349440574646,0.5541845101048221,-0.07438812703764955,0.3583731363661655,-0.24859994453299536,-0.9477761559377018,-0.19775642022014547,0.02847497280266175
6.555001258850098,0.5540970434385615,-0.07415531707365333,0.3577869714628973,-0.24858183683091817,-0.9477630308769723,-0.19775359031815348,0.029083074406739635
6.579947233200073,0.5539969902024524,-0.07387135645623277,0.3571000339317969,-0.2485502976412872,-0.9477485280425788,-0.19775682970406336,0.029794520318672964
6.600004434585571,0.5539505567689211,-0.07364753283132072,0.35658233291692987,-0.24850153907750025,-0.9477506223640002,-0.19773058468818178,0.030304434720094038
6.6200292110443115,0.5539359197595258,-0.07340281651545401,0.3561000187955127,-0.24841067591226804,-0.9477656116578754,-0.19770226510585404,0.030761921648844937
6.640141248703003,0.5539668510844239,-0.07313352622495563,0.3556668230939159,-0.2482620734125503,-0.9478001100828509,-0.19766226930340539,0.031153194469272505
6.664953231811523,0.55404250307083,-0.07281010563770526,0.35518815673169407,-0.2480533193896458,-0.9478651735173741,-0.19754845949991073,0.031555819147553045
6.68993878364563,0.5541052542608549,-0.07249712694588142,0.35478898893316546,-0.24785316315157968,-0.9479342232964011,-0.1974179507185641,0.03186958665518247
6.714937210083008,0.5541552967634128,-0.07225991940746929,0.3545440213704901,-0.24770995904892887,-0.9480026745079292,-0.19725429429434607,0.0319601110194792
6.734939098358154,0.5541949687529736,-0.07211440618031575,0.3545043856793589,-0.24760509004457756,-0.9480565381087718,-0.1971404395847043,0.03187737463551072
6.755062818527222,0.5542502421559822,-0.0719730149796513,0.35454567088798467,-0.24749738620326994,-0.9481230004661161,-0.19699694828651731,0.03162312722734774
6.779928684234619,0.5544323068078765,-0.07179975089737776,0.3546750605533053,-0.24742419835930907,-0.9483106424622179,-0.19637097822605562,0.030440603963350358
6.799973011016846,0.5546820682608055,-0.07166405001941192,0.3548437586971087,-0.24741883277228705,-0.9485562945952268,-0.195447205990424,0.028727458016013382
6.81998085975647,0.5550122382965098,-0.07157811734405742,0.3550836563704186,-0.24747970345577777,-0.9488571288838135,-0.1942307259846827,0.026426699136409854
6.844941139221191,0.5555058327408936,-0.07151667125313586,0.3555085164620289,-0.24762079183476762,-0.9492853785006005,-0.19240176618007263,0.022864251281136734
6.86993408203125,0.5561231039994562,-0.07149227064511093,0.3560617364131995,-0.24781998827067703,-0.9497756574613561,-0.19018769677090147,0.018441635096690893
6.8899617195129395,0.5567451020513486,-0.07137308950276572,0.3566649867599829,-0.24789222329571511,-0.9502371697460797,-0.1881405997808439,0.014208503691270477
6.9100096225738525,0.5574037618266047,-0.07119243363413523,0.35737388237774104,-0.24793604233076036,-0.9507149107428243,-0.1859492853904784,0.00957813489805648
6.934984922409058,0.5582437933338698,-0.07081689520069995,0.35835199817983454,-0.24788898849911337,-0.9513135983115542,-0.18314189775373552,0.003540104618235829
6.954998731613159,0.5589186333020397,-0.07042253254810482,0.35920288332866734,0.24778131281321278,0.9517809683112408,0.18087411354443156,0.0014015748783002629
6.975056886672974,0.5595612510571332,-0.06989672043516858,0.360104481739809,0.24757159643676255,0.9522232212927743,0.1787176355871336,0.00626483823656804
7.0000269412994385,0.5602806946406024,-0.06895689051905018,0.3613004155327012,0.24706999574261904,0.9527413949460477,0.17634611714379994,0.011928894636520254
7.025007009506226,0.5610255322846492,-0.06770610776355894,0.3628390983488142,0.2461351869110833,0.9532373040751084,0.17452938555867617,0.017193180612168367
7.04997444152832,0.5616921114000812,-0.06607991893082563,0.3645004733295812,0.24479209789159034,0.9537008965550122,0.17338471440265502,0.021660321597839965
7.074938058853149,0.5622049714158022,-0.0641326211777456,0.3663355131680535,0.24308754796003942,0.9541150296880677,0.17302817839710288,0.025183399901638485
7.094967365264893,0.5624341876738707,-0.06237844977671288,0.36781288167004567,0.24152790914178265,0.9544050348285643,0.1733186761074205,0.0271281240059346
7.120009660720825,0.5624596380826695,-0.059995564598499966,0.3696902422865075,0.23937020754599733,0.9547006639986749,0.17448034820355704,0.028375235514949096
7.144958019256592,0.5623115935748095,-0.05737031796382209,0.3715660526450084,0.23700625396513028,0.9549806080863424,0.17607463500345522,0.028944717464809568
7.165067911148071,0.5620615948881567,-0.05510630989613435,0.37306648820471433,0.23497607000298995,0.9551902057116365,0.1776612647629336,0.028885851925221827
7.189986705780029,0.5616234465914131,-0.05209507386795149,0.3750015320946874,0.23224143959022528,0.9554338335502337,0.18002986418285957,0.028272804018442836
7.210017204284668,0.5612354699707389,-0.049614716611299285,0.37655739500291235,0.22998475491531928,0.9556237270446146,0.1820062477490765,0.027641103383003685
7.230055809020996,0.5608491649107051,-0.04710774598762849,0.37813415023955077,0.2277039599160465,0.9558187868170928,0.18391885279506542,0.027114737553748314
7.255008935928345,0.560390991976142,-0.043911764885951964,0.38008984190973627,0.22481522884260927,0.9560837387167758,0.1861440651710447,0.02669053097002495
7.2799553871154785,0.5599860822212592,-0.04067256553491908,0.382073144939799,0.2218852129639103,0.956370491975677,0.18819194550085686,0.026574912882672174
7.304934024810791,0.5596394757046732,-0.0374034469711287,0.38413714426291556,0.21887991264046386,0.9566721884802035,0.19014790573040935,0.026714819428985244
7.324945688247681,0.5593566713449797,-0.0347833622586447,0.38574932071470114,0.21647883947188074,0.9569160666511448,0.1916407145736904,0.026877313176076813
7.345142126083374,0.5590629331411963,-0.032196887355308124,0.3873275700584478,0.21419009012638976,0.9571408000136944,0.19305610683912885,0.027081983917014604
7.36998724937439,0.558681164043732,-0.029103568065893478,0.3892453118677662,0.21173718126137603,0.9573569415762411,0.19462293379269102,0.027513017450185154
7.394942760467529,0.5582902153155498,-0.02605049810607671,0.39112457648499327,0.20964372161550346,0.9575026941424388,0.19610492384257547,0.027945653362676185
7.414955377578735,0.5579355173525831,-0.023568081781769976,0.392558358310114,0.2083105126741,0.9575429388938936,0.19730212061409694,0.028109138815498955
7.434993505477905,0.5575301678491876,-0.02107631246389361,0.39393008943445995,0.20720941180490357,0.9575317773413289,0.19850867119543925,0.028132943343340006
7.459953308105469,0.5570230423776551,-0.017971595649297196,0.39555991055311984,0.2060006254557596,0.9575042994245393,0.19988369937247624,0.028209317975271854
7.479962110519409,0.5566397513606256,-0.015426122618503506,0.39683906540753544,0.20497017888902813,0.9575025170570362,0.200935583884211,0.028302768851261262
7.49996542930603,0.5562363689088488,-0.01283769399251912,0.39808946061285255,0.20387145855192262,0.9575153483585981,0.20198122381237546,0.02836143989691549
7.524976491928101,0.555708056005766,-0.009538323964723702,0.39964077419331456,0.20234071405384554,0.9575618127152586,0.203287626685007,0.028420962373101183
7.549930810928345,0.5551955709087104,-0.006139636060467524,0.4011138105828579,0.2006183053181499,0.9576583883803506,0.20453432393912793,0.028432676039533603
7.569934129714966,0.554842089818036,-0.0033062454566447734,0.402283983004629,0.1990373926731112,0.9577818725697715,0.20549490534117304,0.02845777176199661
7.594980239868164,0.5544258509530571,0.00034981973509901065,0.4037042458857447,0.19692101221116784,0.9579634602823149,0.2066854356991309,0.02844739677718947
7.619950294494629,0.5540174248673448,0.004079660930310765,0.4050480286728564,0.19469043601492866,0.9581727933677877,0.2078340585953141,0.02838197071877548
7.644928932189941,0.5536000085109029,0.007810267235530494,0.4063485423818808,0.19246291660506987,0.9583907473068501,0.2089129255771898,0.028294712146359317
7.664934158325195,0.5532428930577766,0.01082456124402225,0.4073395193427307,0.1906985201480076,0.9585692886390463,0.20972370422178702,0.028195055926330554
7.684937000274658,0.552875967959078,0.013965740459136407,0.4082580562698115,0.1889580651876274,0.9587452067291449,0.21052055033884223,0.02799242860796645
7.704957723617554,0.5525193588496604,0.017222068998587622,0.4091395952916842,0.18724682471991785,0.9589211248365358,0.21127971301976434,0.027745014699964134
7.729931592941284,0.5521117152013071,0.021443113616311377,0.4101644531198975,0.1850314955638281,0.9591771761073018,0.21210604137354608,0.027450276814063656
7.754931449890137,0.5518087981234899,0.025903259355930817,0.4111153173299429,0.18268852930322496,0.9594945092818287,0.21271213058329994,0.027363066747996285
7.774944543838501,0.5516418447934531,0.029576621158971854,0.4118100674740187,0.18084741705019544,0.9597778180003774,0.2129909481977756,0.0274883212730917
7.795010328292847,0.551497498364744,0.03328118767896569,0.41243480497815554,0.17908557703479774,0.9600721934158859,0.21312520453823103,0.02770174576327399
7.819950580596924,0.5513430691726584,0.03808763797416328,0.4130408002352248,0.17674043507202622,0.9605091004497205,0.21306966746427053,0.028042884492917523
7.84492826461792,0.5511633641704409,0.04294434388896012,0.4134635678383789,0.17438663447495123,0.9609878689870592,0.21280332216078973,0.02839653946184159
7.864929676055908,0.5510014793852352,0.046949591586002794,0.4136672095090773,0.1723424382407442,0.9614099032847446,0.2125517577295709,0.028475114280823544
7.889923810958862,0.5507797655388837,0.05201906781378147,0.41376027309155905,0.16972566299354425,0.9619587495947542,0.21219043211785077,0.028351083176084202
7.9149675369262695,0.550514961512443,0.05716033663380446,0.41373512471047835,0.16704124703579137,0.962528002423923,0.21176192913526423,0.028177148674962592
7.934993743896484,0.5502658317639555,0.06130052602697869,0.4136430382526127,0.16487218379345286,0.9629957106215613,0.21135833879864677,0.028001374180910647
7.959963321685791,0.5499273744958427,0.06647042747723962,0.41342564778599145,0.16214515468133348,0.9635913536127326,0.21078976882030487,0.027718683531182606
7.9849724769592285,0.5495961125180229,0.07184626786733136,0.4131283045536143,0.1592064661076829,0.9642315942961199,0.21013838441912375,0.027433430414130423
8.009921550750732,0.5492268649704629,0.07722535940902231,0.41278798718430176,0.1560756372689491,0.9649056204211556,0.20941701690378534,0.02724063438986249
8.029993534088135,0.5488917874108801,0.08158588716051891,0.4125112153699035,0.15334946022618975,0.9654734788868714,0.20881952303521722,0.02719028160222776
8.054929256439209,0.5484401796974265,0.08697948171005898,0.41214835279485484,0.14979721953122507,0.9661983615243871,0.2080354936522085,0.027253487652925006
8.07506513595581,0.5480410197130853,0.09144282426215325,0.4118723092701041,0.14672025822957868,0.9667937145545772,0.20744919635440862,0.02734794790090239
8.099924087524414,0.5475029577190713,0.09706447383477773,0.4114978068706538,0.14271099492790315,0.9675474847015054,0.20670476522588516,0.02754227309776581
8.119927167892456,0.547060346240978,0.10163239375229337,0.4111823954901245,0.1393089571177213,0.9681663049719664,0.2060919256716342,0.027805369204310742
8.139934301376343,0.5466314082659154,0.10628094828546861,0.4108705367106122,0.13571849471119854,0.9687894237058989,0.20550217124775708,0.02822056557257218
8.164935827255249,0.5461721826443651,0.11218138420311,0.410553203949621,0.1309689490452879,0.9695695961810353,0.20479682125810894,0.028986109601661817
8.189928770065308,0.5457707841253964,0.118315869608353,0.41032028114565705,0.12581348044244847,0.9703532722263621,0.20416575419043498,0.03003065157729401
8.215027332305908,0.54534592986265,0.12457881498847981,0.41006291497250436,0.12042829334118116,0.971113563828065,0.20364565009015276,0.031047085395256864
8.235030174255371,0.544950608845254,0.1297276931711723,0.4098625484886525,0.1159266210323543,0.9716927672816597,0.20340221950131704,0.03164998658001274
8.260060787200928,0.544383593613421,0.13608974546336552,0.4096281271457648,0.1103170093923819,0.9723576548045482,0.2032662433963626,0.03214938377859473
8.285062074661255,0.5437459140544504,0.14255700526503332,0.4093890315370823,0.10456225080134118,0.9729814926914476,0.20328048619721875,0.03241596086417169
8.309972047805786,0.5430210872725456,0.1488467683228978,0.409087407284072,0.09899128651293504,0.9735473368636881,0.20333329885761195,0.03258646430331148
8.334991931915283,0.542261821109299,0.15502984501638417,0.40880805153137006,0.09350314422704124,0.9740685137669154,0.20340532366970096,0.03277143283955321
8.359936714172363,0.5415290340991992,0.16071236137804923,0.40859655658361904,0.08846851639117023,0.9745299438385514,0.2033866164060348,0.033145051460275014
8.37999153137207,0.5409631786554915,0.16509943176417136,0.4084567102857269,0.08458774578014933,0.9748755421048542,0.20330674625500936,0.033599964239440214
8.404973030090332,0.5403143322341505,0.17012331356447902,0.4082976095835712,0.08020642412688263,0.9752700677771178,0.20303522571175406,0.034524216819228265
8.425036191940308,0.539851236174119,0.173882072274767,0.40819863712094917,0.07696945581996945,0.9755635952486715,0.20269999046956821,0.035554020304794154
8.449934244155884,0.5393143041410521,0.17824778377961173,0.40805989805469556,0.07328019649072647,0.9759088184106478,0.2021313814016524,0.0370795847229066
8.4699387550354,0.5389004877636943,0.18146257224253137,0.4078901966085818,0.07066055244333524,0.9761679127806148,0.2015541734136021,0.03846046756726418
8.494920015335083,0.5384566335854652,0.18520490879355828,0.40767058345822016,0.06770468024062837,0.9764709585861545,0.20070151162699912,0.04049007955149704
8.51492428779602,0.5381443130517964,0.18803822713637894,0.4074753807160342,0.06549219907207084,0.9766990274549421,0.1999568800448789,0.04227325102353558
8.534978866577148,0.5378194039994456,0.19089681513582069,0.4071792688844082,0.06325645699144154,0.9769214880639537,0.19921187673221408,0.044018802534706226
8.559962272644043,0.5374199075222761,0.1943910702757266,0.4067394667518915,0.06056986608812427,0.9771788226654186,0.19827568711625077,0.04625572131982053
8.584933757781982,0.5370037742354804,0.19776404798391287,0.40618865110708174,0.05802213928019422,0.9774200762821581,0.19733437907776274,0.04840008954431144
8.609925270080566,0.5366372605284855,0.20103948889264836,0.40552478531181335,0.055452983650699596,0.977676892536167,0.1963993593748878,0.05000152039864018
8.634918689727783,0.5363992838060161,0.20400553205542984,0.4048105405391124,0.05299163820299004,0.9779578914124076,0.19541618691457785,0.05101727939204264
8.654924869537354,0.5363013912060034,0.20624332043644486,0.404136860564905,0.05108025972168928,0.9782080964552715,0.19453426177945765,0.05153783163887317
8.674925327301025,0.5362950265522339,0.20840758096514062,0.4033540860387137,0.0491821127100574,0.9784828720575887,0.19356429505414052,0.05181942260865054
8.695056200027466,0.5363662395815357,0.2104879687905894,0.402441258970628,0.047301504874589353,0.9787792395358984,0.19254996714560885,0.05175208249291857
8.719912052154541,0.5366038874193962,0.21298736221805795,0.4011339092066474,0.04495340829305844,0.9791732284537186,0.19121779234447706,0.05132967614565191
8.739960432052612,0.5369455366786158,0.21490195210254592,0.39993250198696134,0.043129057160615825,0.9795125375512946,0.18999144541610724,0.0509737567473116
8.764924049377441,0.5374822256107042,0.2170953595495268,0.3981444231403769,0.04065555054379364,0.9800826057138292,0.18777962486645988,0.05023967229411864
8.78500771522522,0.5379369497034382,0.21852233783756067,0.3964480634692735,0.038192422042223596,0.9807852874149369,0.18490808821409074,0.0490974317244638
8.809960842132568,0.5385713341188193,0.21989845732710214,0.3940623127365806,0.03456126826166069,0.9819258675479354,0.18001800448710362,0.04712353378979595
8.834945678710938,0.5393913689686387,0.22098475190499983,0.3914455765133004,0.030382185911026895,0.983265241145902,0.17392100440315345,0.04492073642395778
8.854964256286621,0.5401355531740423,0.22164783219763368,0.38908838214013575,0.026818591447650475,0.9844403331258966,0.1682510177758126,0.04300684463234114
8.879915952682495,0.5410773582096756,0.22234533913512045,0.38596086287717457,0.022117900397635924,0.9859496072832503,0.1606010688154171,0.040267444360526435
8.899946451187134,0.5418082212464482,0.22289258766142833,0.3833180691427359,0.018275905257368986,0.9871288770754972,0.1543235898496371,0.03777301876470749
8.924919366836548,0.5428309116160471,0.22371372844255472,0.3800682820057159,0.013561750256640939,0.9884628571923979,0.14676377803597176,0.03489487552016952
8.94492769241333,0.5437799518512264,0.2244917594381884,0.37757058530857013,0.010031013197673588,0.989385581966965,0.1411424632038186,0.03308102251432742
8.965126514434814,0.5447453762486084,0.22530294201347467,0.3750316613892167,0.0068268493937870805,0.9901987695269735,0.13591554148868892,0.03141268114248381
8.989935874938965,0.5460406615889561,0.2263733070140439,0.3720380124844356,0.0031979750335191263,0.9910613616873196,0.13000597441108147,0.029758980893744486
9.010051965713501,0.5471087505096633,0.22732250699472928,0.3697136641838485,0.0005874036073282925,0.9916362800106421,0.1258545211579151,0.028596898916903157
9.035004615783691,0.5483615421363496,0.22860644130968,0.3669407730611002,-0.002260966765131281,0.9922091684958165,0.1216143650321459,0.026940679280753124
9.060003519058228,0.5494808871251251,0.23001999141712565,0.36436569408615105,-0.004691486342805529,0.9926304585906438,0.11850244681132215,0.024898448417355903
9.085043907165527,0.5505377008406576,0.23153013377613357,0.36192395036990244,-0.006773170385356566,0.9929377659028039,0.11624251015330077,0.02272434905767347
9.109969854354858,0.5516236382036926,0.23309767522601962,0.3596710800033866,-0.008633424534730129,0.99316778696867,0.11451214737944118,0.020740757244111323
9.134965658187866,0.5527075918355701,0.23470338497351198,0.35749147960295463,-0.010566192582289403,0.9933799256416064,0.11283400158990985,0.018792737745934
9.154967546463013,0.553593347751648,0.23602549240727105,0.3558534107435566,-0.012157235834016318,0.9935302894086143,0.11157322458209812,0.017354572896325953
9.174987316131592,0.5544980595349847,0.23731175642235336,0.35436953757362455,-0.013723367131941675,0.9936648546918939,0.11036886248649533,0.016141249594018425
9.19503664970398,0.5553950024929274,0.2385522603874733,0.3528771064603153,-0.015177545849550524,0.9937913580963197,0.10916968965700806,0.015177533900655155
9.219931602478027,0.5565282471208776,0.240040359614589,0.3510302571078655,-0.016907937658480456,0.9939467739667649,0.1075978849011179,0.01437453754853349
9.24492597579956,0.557683946761253,0.24152671018717786,0.3492946766898015,-0.018637219575466126,0.9940888893288184,0.10604921313596166,0.013910375744676911
9.264931201934814,0.5585705708776818,0.24267830794289522,0.34786909445006364,-0.019963627084236605,0.9942002447773227,0.1047896454162704,0.013654929166032417
9.289958715438843,0.5596311982286967,0.24397909741494342,0.3460290434917342,-0.021466539221689812,0.9943460613689383,0.1031154676162954,0.013501787721601039
9.314919471740723,0.5606089807539929,0.245179833856628,0.3441248865997713,-0.02284136484433291,0.9944907981345767,0.1014323308009678,0.013334419568422027
9.33504605293274,0.5613566596438893,0.24611359901209862,0.342642145202569,-0.02391435135191411,0.9945989040314283,0.10013475772740647,0.013196749375716719
9.359901905059814,0.562203924146833,0.24725131822930607,0.3406498949093268,-0.025217697858820356,0.9947363153383916,0.09848187861963802,0.012847188206734115
9.380019903182983,0.5627827045703666,0.248116367138555,0.33878572669082363,-0.026177298662345562,0.9948557111506366,0.09708249381188563,0.012322841453222008
9.400040626525879,0.5633389746312558,0.2488783696827256,0.33688799004951436,-0.027037713066358587,0.9949807459592681,0.09562088808776228,0.011786560312384696
9.424919366836548,0.5639386348819733,0.24971571356622443,0.334397649158173,-0.027975565916232525,0.995142818341289,0.0937407840843009,0.010991097030462431
9.444939613342285,0.564309746551942,0.2502098920085087,0.33230289739014385,-0.02853593066144372,0.9952801179015238,0.09219219780375047,0.010187552952797246
9.464945316314697,0.5646054473719774,0.25057405722313125,0.3301051294157056,-0.0289589202839522,0.9954254509081093,0.09056880149772638,0.009319056649893723
9.489979267120361,0.5649282543273566,0.25094306252081733,0.3273479344519555,-0.029396983881871813,0.9956060790278854,0.08851978225079932,0.008282565574362136
9.514975547790527,0.5651728788905515,0.251255749759002,0.3245932347189911,-0.02977889922480434,0.9957800724621316,0.0865120897012721,0.007136020110362258
9.534980297088623,0.5653286758614843,0.2514467593248547,0.322458623919193,-0.030027430391382913,0.9959123318054978,0.08496179852319298,0.006202706809560514
9.559940099716187,0.565495624914463,0.2516015748497788,0.31985237025560864,-0.03024588773995131,0.9960710303392003,0.0830781785191436,0.0050700149745166794
9.579956531524658,0.5656015083067275,0.2516416980376086,0.3178682931880571,-0.030334930987004974,0.9961922304911751,0.08162906494956743,0.004186600991556443
9.604955434799194,0.5656263735522432,0.25158357781538043,0.31540127569111215,-0.030310743247617317,0.9963390131451979,0.07988077316480556,0.0029819100852909
9.6249680519104,0.5656287192813041,0.25148569462287457,0.31351405431871154,-0.03023704346428602,0.9964509020350588,0.07853002326942533,0.002087224786165667
9.64499807357788,0.5656404225546565,0.25136161658446415,0.31172499218023264,-0.03014885941632259,0.9965570631555192,0.07722409785254226,0.001226767488727536
9.669947862625122,0.5656644170335824,0.25119119163827486,0.3096446526449136,-0.03002737459339033,0.9966798606704868,0.07568054604776774,0.0002576476364531621
9.694928169250488,0.5656809777634677,0.25105748862387123,0.3077562125251632,0.029949491393483546,-0.9967872946648383,-0.07428142060451515,0.0006220839145074694
9.715048551559448,0.565698988191075,0.25100417845096606,0.30632632330073667,0.02995653642526264,-0.9968640004958883,-0.07323263416892029,0.0013235276653187527
9.739990234375,0.5657312683889786,0.2509613472218811,0.30466404400745006,0.029985489190070946,-0.9969491428007483,-0.07203168373304204,0.002171092525666608
9.764915943145752,0.565760235654032,0.25087130806853797,0.3031952147300429,0.029954510013784436,-0.9970255971969677,-0.07095256019354791,0.002901733345968749
9.784951448440552,0.5657682344579681,0.250807011101009,0.30215305344621984,0.029927707181157902,-0.9970772053024688,-0.07020924393876168,0.0034700246649980227
9.809936761856079,0.5657524764590748,0.2507515953767502,0.30105831672780947,0.029916651253737468,-0.9971252184531786,-0.06948394755005734,0.004274776859515231
9.834926843643188,0.5657007469485986,0.2507264402167551,0.30029460627249327,0.029918571995363224,-0.9971495943091693,-0.0690746614691286,0.00512413500185167
9.854988813400269,0.5656443534721632,0.2507268202601345,0.2999351181449147,0.02993702367358108,-0.9971523066438098,-0.06896949071045065,0.005853316836753212
9.879916667938232,0.565571899468727,0.250765526348143,0.2996700827813185,0.030020574562051344,-0.9971410590821371,-0.06899965034761679,0.006893594552330614
9.899934530258179,0.5655033402399862,0.25083941997665804,0.29963205704880347,0.03013850230905659,-0.9971181915499169,-0.06918328227774215,0.007788209709036968
9.924954891204834,0.5653558397970181,0.2509466271697275,0.29969225545172196,0.030274585808749716,-0.9970777359088054,-0.06956642906711341,0.00894147401400795
9.944972515106201,0.5652207695423757,0.2510081095675326,0.2999203130629437,0.03033877992043462,-0.9970385866647357,-0.06999208608705972,0.009732575164864797
9.96998143196106,0.5649208174720609,0.251093300236499,0.300337849427604,0.03036249895573951,-0.9969750541148021,-0.07074259239515056,0.01069325735742173
9.994957208633423,0.5644578318387904,0.2511484870817959,0.3008183580046261,0.03029739381176084,-0.9968954846770824,-0.07170717315761325,0.011812784420476329
10.01990032196045,0.5638084775569849,0.25115100654185674,0.30134047714591566,0.030111105798063587,-0.9967987636221913,-0.07289444736612197,0.013112806417785476
10.039959907531738,0.5631433807291218,0.25106041756211195,0.3017561702869004,0.029820736980646,-0.9967135773834137,-0.07395380776293924,0.014268939092151125
10.05998158454895,0.5623485436895114,0.25088705963793256,0.30220786709286357,0.029413232328551604,-0.9966219816041105,-0.07509603189539905,0.015494306709073733
10.080053567886353,0.5614033659251751,0.2506633956165,0.30262626605508547,0.028921007669987425,-0.9965187742902136,-0.0763357409881514,0.016934061839294936
10.104924440383911,0.5600709011865257,0.2503163648047179,0.30319247428558277,0.028190625712985463,-0.9963713590237226,-0.07804575519357511,0.01892785341488673
10.124938488006592,0.5588736918953312,0.2499989878707889,0.303729412331026,0.027533372634772034,-0.9962335188675836,-0.07957937022256542,0.02068364357011815
10.144964933395386,0.5575478303178137,0.2496411333453229,0.30432731519711376,0.026805023639462196,-0.9960769064141599,-0.08125824447902034,0.022569557384490093
10.169906854629517,0.5556931664637562,0.24914533570866693,0.3051439080305216,0.025842145512752577,-0.9958518655125311,-0.08352599144726305,0.025192344536267897
10.189914226531982,0.5540720577005449,0.24873261790517975,0.30578276948063593,0.0250715547373108,-0.9956526196670081,-0.08539850133595699,0.027465870873197115
10.214916706085205,0.551896515837674,0.24819890507329528,0.30670677544857056,0.024116752981408366,-0.9953754652362128,-0.08786994755491234,0.030412789218915333
10.239957332611084,0.5495127337096969,0.24761667281882424,0.30766417690799497,0.02314390499239949,-0.9950657281995384,-0.09044141136755092,0.03359921627489949
10.259995222091675,0.5474838907012285,0.24717612286483848,0.30837178285102956,0.022422284279102776,-0.994794901159526,-0.09251872769644391,0.03634048458924589
10.280014991760254,0.5453981083196078,0.24682735471627815,0.30907661624297267,0.02181054802160414,-0.9944984365511972,-0.09466933988238184,0.039177490711605055
10.304944276809692,0.5426402785932295,0.2464441800107419,0.30997013978692667,0.021074341480824637,-0.9940807884445345,-0.09754571761262629,0.04294288243744517
10.325042963027954,0.5403611667585653,0.24611393083106647,0.3107822970740888,0.020471104502215284,-0.9937190497631426,-0.09994837720019192,0.04597505751365022
10.349958896636963,0.5374507940423731,0.24565023776524758,0.31180041053693974,0.01964303362403279,-0.9932431219209934,-0.10299159584657373,0.049749202724104734
10.374952793121338,0.5344636780050366,0.24510397340228068,0.3128377732314612,0.018652351636135402,-0.9927326346349958,-0.10613966034055965,0.05355724425238522
10.399917364120483,0.5314262402446581,0.24452376782450616,0.31400967410893627,0.01754510307657568,-0.9921799689564234,-0.10950033679891252,0.05727787356839642
10.4199378490448,0.5289213081825491,0.24397681644600225,0.31495717344181784,0.016536635228532784,-0.9917086828654771,-0.11226575550940045,0.06030612045589658
10.44499397277832,0.5258851426900236,0.24317459300315286,0.31639431678509244,0.015216599564830187,-0.9911135227749304,-0.11572800145012739,0.06379239571237706
10.469959497451782,0.5227633708048319,0.24222615656888632,0.3178122025648404,0.013778063098012761,-0.9904950028431712,-0.11911646939049154,0.0673875436554488
10.489967584609985,0.5202466559800704,0.2414438480462982,0.31908462908511204,0.012639146084052345,-0.9899738806364975,-0.12190699004205105,0.07021861165441912
10.514929056167603,0.51706082492916,0.24040052224724945,0.3206706330272425,0.01118043495758182,-0.9893033292117477,-0.12536105246540033,0.07374637082256055
10.534996271133423,0.5145549710375572,0.2396086767368888,0.32197373930776374,0.010091447901638129,-0.9887582127088523,-0.1281091291860618,0.07644220365232328
10.559910535812378,0.5114236683333256,0.23868847611598826,0.3236869707073643,0.008843832505842386,-0.9880462869351936,-0.1316235933845168,0.07975933277519603
10.579915285110474,0.5088594669966858,0.23794612475190088,0.3250442592332974,0.007860438554815989,-0.9874483915028592,-0.13445875902876622,0.0824907858163575
10.600056648254395,0.5063569519692096,0.23720223222842607,0.32657159770233335,0.006930876451662678,-0.98683800598005,-0.1373591522729196,0.08505983888903434
10.62492561340332,0.5031876798758372,0.23629172977861093,0.3283234753356513,0.005814477288991919,-0.9860465166233533,-0.1408981978979164,0.08846556809233462
10.649901866912842,0.5000478125244443,0.23543470727778282,0.3302592177879021,0.004833332732260904,-0.9852134829570157,-0.1445590366301195,0.0918352700381552
10.669906854629517,0.4974587460710935,0.23471185216709958,0.33174267339921654,0.004031376329450456,-0.9845115850087478,-0.14748275240129038,0.09470757484278126
10.689911842346191,0.49493964294777165,0.23394649107863721,0.3333375604483364,0.003246535279023131,-0.9837999477549111,-0.1504146243842475,0.0974810934357909
10.70992112159729,0.4924760180875205,0.23307020519837285,0.3349881937656034,0.002402567332414096,-0.9830782901181785,-0.15330175900025417,0.10024905912750001
10.729924201965332,0.4900001987413396,0.23206979646617332,0.33659427003590564,0.0014571914709224179,-0.9823423317781382,-0.15609399302020424,0.10313139741475821
10.749953269958496,0.48757254400487693,0.23097553892455336,0.338394218165966,0.0004867656034167592,-0.9815844383151182,-0.1589568734022596,0.10594557996928272
10.774935245513916,0.4845177603879754,0.22939097426465424,0.34056103662174875,-0.0009182518495291157,-0.9806264311373061,-0.162387279116279,0.10955058625887425
10.79496145248413,0.4822223091023402,0.2280073654723647,0.342392848047587,-0.0021154870826268534,-0.9798858099487882,-0.16504569121788012,0.11215722886117951
10.81995701789856,0.4794167086304075,0.2261398887033559,0.3446727813563771,-0.003719314105413801,-0.9789726393854437,-0.16824329937340804,0.11529497063292032
10.844906330108643,0.47662028059161204,0.22421230871447878,0.3470111597640502,-0.0053552753849890325,-0.9780463745530332,-0.17147731869970487,0.11828837398826555
10.864963054656982,0.47438193473276996,0.2226354130737699,0.34891201443767017,-0.006688140428302914,-0.9773031317764596,-0.17409311086897172,0.12052155884117197
10.88993215560913,0.47156930226831906,0.22062019817726142,0.3511454499900516,-0.008419310825859708,-0.9763817870720611,-0.17725076976076862,0.12324725432402917
10.914951801300049,0.4687364898250745,0.21867509951041314,0.35346330189372815,-0.010039335147808184,-0.9754427931327136,-0.18050341435861136,0.12581369750594934
10.935035705566406,0.4663765289917953,0.2170908877441458,0.3552171096447503,-0.011384250210073084,-0.9746695266750991,-0.18308883292728728,0.12793823461116344
10.959965944290161,0.4635045763867484,0.2151562985033738,0.35754129474326724,-0.012959062254651918,-0.973705793862527,-0.18640450985130738,0.13031672345143736
10.980002880096436,0.46118046990133443,0.21359397063103724,0.3592662146040427,-0.014259250178397532,-0.9729467874011835,-0.18895064980659873,0.13216987027201105
11.004919052124023,0.4583320980716639,0.21168756541545217,0.3615301726968224,-0.015795693356114894,-0.9720173081271636,-0.19218895514499812,0.13415011849748196
11.024950504302979,0.45603203251485563,0.21013703872215203,0.3632651203722561,-0.017073958208438232,-0.9712887415874027,-0.19472224310616892,0.13560939663743432
11.044957160949707,0.4537659418980306,0.20859274091964922,0.3649725671862299,-0.01834975918568596,-0.970582228574449,-0.1972094721233178,0.1369008693110463
11.069929599761963,0.45103508550879423,0.206732873053527,0.36703117711273464,-0.01988476081188569,-0.9697483750568755,-0.20020306285753367,0.13824405587389574
11.089961528778076,0.4488776465421465,0.20527601103794685,0.36852156133502034,-0.021117012467935313,-0.9691118299080714,-0.20244310797284415,0.13925918623542197
11.11495304107666,0.44631364854288885,0.20356375197496604,0.3703838925044575,-0.022525906926859626,-0.9683509326311508,-0.20519386562600908,0.14030157625258072
11.134997129440308,0.4443096387766453,0.20220652885741816,0.37170107393589713,-0.02368038922123606,-0.9677679441509942,-0.20723268397892816,0.14113490047106103
11.159979581832886,0.44190013698593883,0.20058147498599257,0.37326588250771187,-0.02505989242149996,-0.9670722685695319,-0.209672383676949,0.14205886342931406
11.184929370880127,0.43957227579071695,0.19904706834631786,0.3746433986226612,-0.0263836876111684,-0.9664136679653783,-0.2119162211341924,0.14296866306273376
11.209942102432251,0.4373367966935837,0.19758391173249484,0.37585970006726677,-0.027671072826979646,-0.9657880622629307,-0.21398663236483506,0.14386608943101384
11.229975938796997,0.43566843027895374,0.19648247898041835,0.37679916789807955,-0.028633954367508034,-0.9653292832172198,-0.2155529206076561,0.1444174852229465
11.254917860031128,0.4336486237342988,0.19517321439045626,0.3778225237965814,-0.029794211670492832,-0.9647830704171566,-0.21734709627343712,0.14514190204378583
11.279939889907837,0.4317150373715435,0.19392678199990715,0.3787123196001765,-0.030911479408966675,-0.964264042328924,-0.21898617826681938,0.14589170929262726
11.304973363876343,0.4299242739961946,0.19276723356191502,0.3795708095916477,-0.0319322384088129,-0.9637758315695063,-0.22054252479725328,0.14655194774812536
11.329986095428467,0.4282188509944963,0.19166795427738595,0.3802863588397708,-0.032929020677102426,-0.963314844265861,-0.22194378293231196,0.1472451956159398
11.354944229125977,0.42658309939745553,0.19062008732052058,0.3808954078554113,-0.03390022409312162,-0.9628750168768031,-0.22322555007784517,0.14796226030097462
11.379939556121826,0.42503527085539566,0.18962859970843202,0.38137596413250396,-0.034860824690610415,-0.9624686530034593,-0.2243532778803001,0.1486755581525312
11.400003910064697,0.4239247630004094,0.1888900152790369,0.3817174583377427,-0.03563456306061733,-0.9621855595773989,-0.22515510118674822,0.1491117274589672
11.424918413162231,0.4226781771185809,0.1880931445252353,0.3820708789728443,-0.036531962743761796,-0.9618688845054887,-0.226018520246749,0.14963052236670465
11.44494366645813,0.4217543984761909,0.18751919317987853,0.3822991723343397,-0.03717029737545199,-0.9616358544511036,-0.22663834988972953,0.15003303231747506
11.469945192337036,0.4207708841870055,0.18690588353545814,0.3826429783360517,-0.037787196484570684,-0.9613756212692319,-0.22743170855577716,0.15034580324850036
11.489987850189209,0.420158964146524,0.1865245131170788,0.3830083351031271,-0.03811314872346856,-0.9611978310934716,-0.22807012217611017,0.1504331637843201
11.514913320541382,0.4195539174880888,0.18612815552726286,0.38346841905825024,-0.03841380056397671,-0.9610186006218342,-0.2287770793089133,0.15042831238821244
11.539927959442139,0.4190534650884216,0.18577929805353238,0.38389387064604646,-0.038703281861397536,-0.9608955908819293,-0.22938505066343043,0.15021390724216516
11.559946537017822,0.4188617494226705,0.18552912458970622,0.38420929473270954,-0.03904896486897573,-0.9609558773404515,-0.22969786250696142,0.1492577371771302
11.58493709564209,0.41902431058043105,0.18535918319025252,0.3846700559981282,-0.03946904074027433,-0.9612743889663037,-0.22986590406261057,0.14681760824226808
11.609894514083862,0.4195180258958798,0.1852593866386517,0.38499704566747217,-0.0399942189385707,-0.9618396214293014,-0.22959855086792186,0.14335100466891498
11.629924774169922,0.4200356198238972,0.18517636221197775,0.3851559730287867,-0.04047241071773524,-0.9624059789512176,-0.22910296883830872,0.1401732689178392
11.649974346160889,0.420572984133144,0.18509231850381383,0.3852454387216299,-0.04091776006310694,-0.9630150164192546,-0.22843064323640136,0.13692062040845987
11.670032978057861,0.42110573948054547,0.18492407894157914,0.385205258803167,-0.04124099334225647,-0.9637270861875709,-0.2272976025089044,0.1336603296055412
11.695024251937866,0.42179811588053234,0.18445959099790926,0.3849526659255101,-0.041192887501096766,-0.9649713614514067,-0.22453589811302058,0.1292944239189048
11.719969987869263,0.42241955729206654,0.18375624117851644,0.38458841588261494,-0.04019522813113051,-0.9665767564956512,-0.22018135711993814,0.12503554460490446
11.740031719207764,0.4228555125421726,0.1830137536858562,0.38423187723096297,-0.03850836928719354,-0.9681025876030908,-0.21551031572278997,0.12185971109478914
11.764970064163208,0.423379996511409,0.18185346357845877,0.3837162633538005,-0.03540223883960308,-0.9703052878147317,-0.2081503225037955,0.11801598690634706
11.784982681274414,0.42383246940844915,0.1807844246750954,0.3832447952090854,-0.03226946309744041,-0.972286207089668,-0.20116406590537267,0.11467882037672912
11.80500864982605,0.42430072805168545,0.17959207100635752,0.3827085945380664,-0.02866703971473799,-0.9744092304993541,-0.19331337686778582,0.11106210278770805
11.829900026321411,0.42491885088599196,0.17798164237290717,0.38201461694655814,-0.023624514743854647,-0.9771177244147405,-0.18269318904727921,0.10632983407027807
11.850013732910156,0.42543341037794524,0.17662956485924125,0.3814783535891084,-0.019179207667272852,-0.9792468430411148,-0.17377207647011653,0.10252338185279522
11.874995470046997,0.42607927711264837,0.17488051164667248,0.3808597876057938,-0.013236881053033342,-0.9817868385277074,-0.16223907152396153,0.09796873146464659
11.89502215385437,0.4266465540627862,0.17350904097172415,0.38046844709501215,-0.008405401421820993,-0.9836619214610453,-0.1528787552102917,0.09469244795575567
11.919981956481934,0.42740778311439054,0.17190061646311447,0.38017126570270177,-0.00247303269244872,-0.9857390820984814,-0.14133032266696627,0.09131312078664884
11.940029859542847,0.42806111345945935,0.17071778722348324,0.3800758406243762,0.0020403421503778726,-0.9871897611758392,-0.13232048815464217,0.08912631961451212
11.9649178981781,0.4289869100062637,0.16936440597401065,0.38010532287332405,0.007347389286680176,-0.9887786624183569,-0.1214060082312387,0.08673726870371155
11.985010385513306,0.42975624283222225,0.1683515864012219,0.38018665922373623,0.011203064449253453,-0.9898826556682165,-0.11297869010276616,0.08510367170011929
12.009929180145264,0.4306120546385467,0.16715483249896365,0.38033409461708534,0.015244122913523495,-0.9910415461872035,-0.10298300107812287,0.08365866324774955
12.034894227981567,0.43141978635223055,0.16607239661090806,0.38053378628468093,0.01842934888468061,-0.9920006608095063,-0.09368867480119529,0.08256803417319465
12.05492901802063,0.4321808944904279,0.16530440492354392,0.38076032980667174,0.020515314766646434,-0.9926908322953034,-0.08671161242821533,0.08139489914605838
12.074962139129639,0.4330516242877891,0.1646448636206417,0.3810421088873188,0.022236377003062458,-0.9933253099503523,-0.08009387968941362,0.07997088586564209
12.09993863105774,0.43420509686590414,0.16396862638184503,0.38146944726787824,0.023687726681514077,-0.9940264370978267,-0.0723742825190197,0.07818118178378225
12.124961376190186,0.4354655578799019,0.16345176623674235,0.3819792766874918,0.024292706963350338,-0.9946703261993458,-0.06517859622228216,0.07610885074271366
12.14993166923523,0.4370257779108947,0.16312603245157847,0.38260387134659807,0.023997167988571596,-0.9953336243347788,-0.05845551664217522,0.07292506270984679
12.16999077796936,0.43841291004523125,0.1629834864985524,0.38317257933801263,0.023088960799471217,-0.9958590817344779,-0.0535139813210134,0.06976992919114491
12.194902658462524,0.4402495183609904,0.1629647587487882,0.3839558296212167,0.020841132840528506,-0.9964786650887253,-0.04801652840393097,0.06550061224892491
12.219905614852905,0.4422496798459772,0.16314281745009307,0.38485807639297404,0.017547205320582883,-0.9970583362115695,-0.04321976460356534,0.06081793916335058
12.244903564453125,0.4443722725893049,0.16346828847920827,0.38587174304524796,0.01338153573796525,-0.997591633899264,-0.03903582909764616,0.05575007194791992
12.265083312988281,0.4461189040603301,0.16381912506247653,0.3867310832839354,0.009391709234690892,-0.997971020190162,-0.0361333388274481,0.051575386410645636
12.285084962844849,0.4478794183063605,0.1642403627913416,0.3876211479808419,0.004901096273642516,-0.9982992697509436,-0.0335728824878258,0.047406843720164696
12.309894561767578,0.4500647518696809,0.16482282517859217,0.38877197019498533,-0.0010262709125236481,-0.9986348909171082,-0.03067844964998688,0.0422626802045564
12.334883689880371,0.45220696398104654,0.16537834864436377,0.3899124438310101,-0.0068412498247130745,-0.9988947455961996,-0.027774874686826493,0.03729666013516956
12.354923725128174,0.4538590219293886,0.16575623607698464,0.3908267738728563,-0.010991120769262508,-0.9990577380748991,-0.025292294373659034,0.03351314819952084
12.37988805770874,0.4557920880285375,0.1661360560976704,0.39192043265662746,-0.015353824275245212,-0.9992179392804501,-0.02186559196238069,0.029149027227515573
12.39989686012268,0.45728859624631657,0.16641500207818102,0.39276866894695966,-0.01822383214602345,-0.9993211858163992,-0.01888674035735041,0.025852476846121863
12.41995644569397,0.4587163267225442,0.16666066807152002,0.39358690603708946,-0.020628981512885385,-0.9994044734593731,-0.01578781792744966,0.022713175827758187
12.444896697998047,0.46043772285923784,0.1669315628051097,0.3945805393762986,-0.023247665633196777,-0.9994800993325925,-0.011877128112153374,0.018921176196926945
12.464970350265503,0.46183050100514433,0.16716958806313853,0.3953733730353949,-0.02515920396306461,-0.9995180182148483,-0.008803921387389968,0.015913412219747212
12.489891767501831,0.46354929566133507,0.1675111448963301,0.39640049660527865,-0.027347524836361978,-0.9995376880571162,-0.0051329188877817546,0.012254639230707439
12.509936094284058,0.46489149911002553,0.16779980014808307,0.3972307541736321,-0.028906085787970704,-0.9995344273633978,-0.0023427372513085605,0.009480416823425274
12.534955501556396,0.46652214575350953,0.16818838698733288,0.39825925893770914,-0.030861233095040585,-0.9995032464184421,0.0009353054149551472,0.006322174812142186
12.559915542602539,0.46812650913406895,0.16863318253336232,0.3992823133738594,-0.03268244920863109,-0.9994522556177629,0.003991453267077649,0.0033338504003601298
12.57993459701538,0.46945368460334175,0.1690270968121934,0.40013540844352774,-0.033984610835988596,-0.9994022711652025,0.006280323119265183,0.0008391374879147783
12.599937200546265,0.47077304809334664,0.16945479615873707,0.4010111910745673,0.035078716356355656,0.9993477752996563,-0.008419778749074484,0.0016171149376007533
12.624905347824097,0.4723636386065383,0.17003800011499093,0.4020800395152584,0.03639699740228853,0.9992688930507856,-0.010867562591474806,0.0043398207767461295
12.645008563995361,0.47358578561699244,0.17056230157332122,0.40293131244082214,0.0375006289398519,0.999198639981729,-0.012535741043239795,0.006215777290983531
12.66999101638794,0.47507426286635895,0.17126855246912462,0.40401693013479456,0.03885275936848681,0.9991087533984779,-0.014215259723859548,0.008371879320111601
12.694884777069092,0.47653481108231294,0.17203189657038745,0.4051317119969141,0.04017091068050945,0.9990192827806103,-0.015402294766853643,0.010466130292819838
12.714895963668823,0.47768557151003577,0.17270937616952742,0.4060088630887783,0.041261307489022236,0.9989478406554709,-0.0159387145073614,0.012110884899438741
12.734903335571289,0.47883123499475383,0.17346784113701494,0.40687069752712846,0.042412035341669777,0.998876800109558,-0.016067676891850884,0.013718134740712012
12.759897708892822,0.48022514544352124,0.17448369257117266,0.4079243267521855,0.043781261038065004,0.99879643374119,-0.015783672151477312,0.015484212022438928
12.779921054840088,0.48131746352417915,0.17533884369843497,0.4088027904337482,0.04466406916035647,0.9987437145772984,-0.015336665448584062,0.016760077906977963
12.804932594299316,0.48267873844939047,0.17643419729051443,0.4098966284362113,0.04534808847316872,0.9986947110687752,-0.014749068175719748,0.018299998439416272
12.829886198043823,0.4840792504751286,0.1775531949362025,0.411000667336776,0.0454344792526115,0.9986655649604156,-0.014187645113507273,0.020037669103941964
12.849988460540771,0.4852099805401102,0.1784512951790374,0.4118649515318119,0.045057294270221586,0.9986569703309476,-0.01382220988896445,0.021518418994855088
12.869989156723022,0.4862973437473429,0.1793543993711034,0.4127072474782395,0.044672611226133384,0.9986512242348294,-0.01325714206543544,0.02289843498372273
12.894936800003052,0.487591912456381,0.18050559863624666,0.4136766710688201,0.04458834909787646,0.9986340919686427,-0.011904764408373179,0.02449706241978169
12.919888973236084,0.4887950602832786,0.18172031615165585,0.41453028652349255,0.04511508506937617,0.9985954037221336,-0.009755351946530386,0.02601310963313329
12.939924240112305,0.48968518915523684,0.18271603575693635,0.4150021445652178,0.04585235704165636,0.9985532832555758,-0.007726634240639942,0.027003721532504223
12.964893817901611,0.4908107206688545,0.18400940675060126,0.4152314458118894,0.04700118800124612,0.9984906123583105,-0.005093285985564426,0.0279543162464012
12.984915018081665,0.491694759821971,0.18507546587185672,0.41506392029223593,0.048060702648253774,0.9984353167246524,-0.0030026878676805992,0.028426590428081867
13.009893417358398,0.4927729183585344,0.18646945339763135,0.41442695251005157,0.04948618553089607,0.9983626571912929,-0.0005446448681701926,0.028684935587225447
13.02989673614502,0.4935917842827496,0.18757583641213438,0.413499314406772,0.05068204543907375,0.9983057107729277,0.0010640846646441447,0.028564065397626077
13.049914360046387,0.49439050472660234,0.18869575070705757,0.4123005053703179,0.05186610992783247,0.9982519919151285,0.0024185370002216978,0.028231506461371403
13.069995403289795,0.49514430703284534,0.18982658495397706,0.4107760365432167,0.053125330147841175,0.9982018709804052,0.0035681902963999295,0.02753165606924366
13.089996099472046,0.4958564689781694,0.19095989687302833,0.4089787486879556,0.054458139047504635,0.9981581995176492,0.004510551593778942,0.02634719627519265
13.114936828613281,0.49664839598529614,0.1922910599055115,0.40636420570646636,0.05603817170674208,0.9981276008933134,0.005131029529918886,0.023972654894456623
13.139908075332642,0.4973716037937697,0.1934972388382388,0.40338995595621574,0.05734269711940396,0.9981200757761216,0.005028915870529889,0.021043750249132628
13.164932250976562,0.4981481232993305,0.19460612268874836,0.40015179537890155,0.05835413447263529,0.9981196170482447,0.004211565179310366,0.018283538286965738
13.1849365234375,0.4988496980075408,0.19541911304955764,0.39751298057342266,0.05893652781527563,0.9981235075464272,0.0030535089570805844,0.01632866972087771
13.209919929504395,0.4997243055414169,0.19641498184123432,0.39403189764509455,0.05928792002857685,0.9981434023569408,0.0009562678156733897,0.013920359990396505
13.234913110733032,0.5008207417271339,0.19751941475681686,0.39063876933775155,0.05916591410834144,0.998170621529894,-0.0014055676507089686,0.012362414862076747
13.259906768798828,0.5022451390708018,0.19874508281497172,0.3873412348357461,0.05862846361609905,0.9982033843444382,-0.0040510629015133096,0.011674571835965937
13.28489351272583,0.5040430878858344,0.2000658638423035,0.3843181092508744,0.05769932006241129,0.9982400150673904,-0.006903958250278112,0.011831996530875778
13.304895639419556,0.50571199091328,0.20100872854412297,0.38201775719937814,0.05697190862932206,0.9982531400972904,-0.00939894780389483,0.01251118272583518
13.324926614761353,0.5075016533603801,0.20170657340658638,0.3797956789398919,0.05653542711244556,0.9982385164591596,-0.012058343462090199,0.013349385437551094
13.345036745071411,0.5094034228190467,0.2021991430349075,0.3776710759480977,0.05632078484316224,0.9982005860481931,-0.014836674485078034,0.014262969422435363
13.369904041290283,0.5119393638877017,0.20264692206668347,0.37505857120774866,0.05620241891827302,0.9981282245721871,-0.0185005698196837,0.015461705484624295
13.389912843704224,0.5141407059309376,0.20296719606484634,0.3730775920800587,0.056442390076564035,0.9980429199778691,-0.02117164325076355,0.016623718204467383
13.414872169494629,0.5169946192455914,0.20332055167681223,0.37064115201673115,0.05740490645398377,0.9979002884404689,-0.023956738308181326,0.018048981548338387
13.434898853302002,0.519428790743316,0.20365307009314293,0.36887032915067874,0.058612870345679156,0.9977635706357388,-0.025585510837670893,0.01943631079373312
13.454901456832886,0.5219266177062942,0.20400567673805606,0.36711235262562475,0.06010804239374165,0.9976107273160412,-0.0268480077815998,0.02095338783568432
13.474982738494873,0.5245428679443865,0.2043136562934796,0.36553548462825747,0.06195603059012181,0.9974343940741818,-0.027730992858737286,0.022739213410638087
13.499910354614258,0.5279051225895387,0.2047899135570793,0.36365522476407386,0.06474424875234222,0.9971896581981541,-0.028170922730914646,0.025047294240545023
13.519921064376831,0.5306196007174365,0.20519495204973678,0.36219093387440393,0.06736768103399005,0.9969727531259893,-0.028001563848262793,0.0268856374036125
13.544895887374878,0.5340490715328755,0.2056462650609727,0.36046517804626615,0.07105743923075615,0.9966678842045078,-0.027279759657769288,0.029322067427399356
13.564939498901367,0.5367624148383909,0.20588437459544143,0.3590852738164185,0.07436720613332143,0.9963923677022956,-0.02637108735174459,0.031246343602109834
13.589927911758423,0.5399883874301703,0.20605355011600293,0.3573442365050462,0.07864763204450889,0.9960411488724473,-0.02495857067165039,0.03307037158340636
13.61501669883728,0.5430815902581244,0.2061875062877614,0.3556062189292168,0.0823021856715825,0.9957447140359511,-0.023373204700741224,0.03424190422912878
13.640011072158813,0.5459631557494584,0.20629934084251472,0.3538817025439628,0.08521694954382225,0.9955253377536747,-0.021645542345652562,0.03462432522615731
13.664922714233398,0.5487388770155707,0.2064876455730769,0.3521462110348102,0.0875266993104739,0.9953651574008681,-0.019736136899115606,0.034608745146398015
13.685027599334717,0.5509793158447135,0.20659580098425306,0.3509316020914846,0.08911061451706602,0.9952504941793014,-0.018070196097882657,0.03477384404008139
13.709877729415894,0.5537021420412085,0.20679446529236784,0.3492814990949308,0.0907193391737033,0.9951311958590604,-0.01602815935679439,0.03502859739764127
13.729880571365356,0.5559169270404388,0.20698587685484313,0.34811318928036494,0.0917366269611208,0.9950382009881192,-0.014392965040016931,0.03572411518080926
13.749884843826294,0.5580170117017588,0.20724623838110037,0.3467348613683599,0.09254327045928668,0.9949586592906882,-0.012877395098011966,0.03643051043523903
13.769913673400879,0.5601798976971202,0.20756497244078548,0.34551066188930313,0.0930595254489605,0.9948865082622894,-0.011456154299567952,0.037543533790492176
13.794902086257935,0.562925411363726,0.20794654422148634,0.34393769883556075,0.0933385442147484,0.9948141898176363,-0.010118453332255879,0.03911854807390974
13.819921970367432,0.5655761901094108,0.208225666074641,0.34240004872544055,0.09341202999148049,0.9947673588144104,-0.009293810873123622,0.04032021291588564
13.839993000030518,0.5676392919036808,0.20843251965166937,0.34114836745900806,0.09337177424812902,0.9947501789674412,-0.00900543222018912,0.04089859910334071
13.864941120147705,0.5702333091807129,0.20855359797500272,0.3398572950484011,0.09328123241180064,0.9947284515096867,-0.00908000258275054,0.04161097198958758
13.889912843704224,0.5726335232357079,0.20870555730458387,0.3383185654730616,0.09299185583419789,0.9947504559363095,-0.009741302345999805,0.04158307578359328
13.909971952438354,0.5745650925286863,0.2088580112671448,0.3372865742843976,0.09269796553628659,0.994778972598898,-0.01049898011837987,0.04137214373227318
13.934925079345703,0.5768340933886471,0.20904859820777766,0.3358535210972447,0.09236293247903092,0.9948302590846836,-0.011816651691364487,0.04052420333795337
13.954976558685303,0.5785643043226172,0.20925544837181095,0.3347583344847892,0.09214417215386352,0.9948798603319676,-0.012983335270805488,0.039432829586390925
13.975010633468628,0.5802926395473865,0.20950204476596915,0.33376874885912955,0.09202368768225798,0.9949199173345029,-0.01424279157179132,0.03825103769525282
13.999892473220825,0.5823263906395573,0.2098091513403631,0.332506517906294,0.09207274113122443,0.9949588115564856,-0.015937879836823834,0.03640820831769465
14.019937753677368,0.5839451206150897,0.2101797920449893,0.3315430910680045,0.09217316361227872,0.994983107782964,-0.017285337957849443,0.03484164502223688
14.044921159744263,0.5859330392262747,0.2106740985985612,0.3303807337637736,0.09236285105716519,0.9950059650621685,-0.019007677654076443,0.03272524141100083
14.069920301437378,0.5878191334535424,0.2112037090322428,0.32923898046433686,0.09254910312198131,0.9950340182740374,-0.02064861222050578,0.030258896245529295
14.094886064529419,0.5895970926307886,0.21183616890529824,0.32803044180270974,0.092700327189586,0.9950731575587977,-0.021976971534446603,0.027442178616068263
14.119975566864014,0.5912714220675445,0.21228158362365301,0.32691256625310267,0.09320931163763688,0.9950737772293798,-0.023122709260011937,0.024607771351207775
14.144899845123291,0.5928236883703292,0.21285560402648365,0.32569588608791716,0.09393845224940653,0.9950565986914804,-0.02385530208511868,0.021653109526141655
14.169881820678711,0.5943469416487699,0.21355961102793775,0.3245228254136135,0.09488567234237658,0.9950221290700574,-0.023910350330053266,0.018867087542175788
14.194886922836304,0.5958183913136431,0.21442518341323585,0.3232794322797055,0.09597383133052254,0.9949773557529729,-0.023322315786836505,0.016283575302755603
14.219873666763306,0.597290534249512,0.21551351334455843,0.32206758335656926,0.09700526211772605,0.9949382177767271,-0.022171878684050593,0.01401177092133179
14.239885091781616,0.5983646223660428,0.21630359644652072,0.32099478122681857,0.09799450672356551,0.9948884144255672,-0.021077039761563332,0.012242462489424304
14.259984970092773,0.5993953007682331,0.21704709175295175,0.3199834859421657,0.09908112483106511,0.9948249729932259,-0.019795243559560954,0.010693556069285544
14.285009384155273,0.6005930581457458,0.21802401978282013,0.31865292168839726,0.10032479496548614,0.9947500577712763,-0.018154427004712575,0.008813334240746158
14.31001591682434,0.6016181383807406,0.2188160960777346,0.31709064042796886,0.10156310880791175,0.9946636047392396,-0.016826434338954144,0.006791129908056128
14.335002422332764,0.6025975378560922,0.21935128340267135,0.3157672462979886,0.10285398746722911,0.9945587607851937,-0.01575712772358833,0.0050637474469068825
14.355027914047241,0.603361215840529,0.21964703998250826,0.3147737949166499,0.10384580312854848,0.9944702888958264,-0.015145692223242692,0.0039372160177482745
14.37990140914917,0.6043350588407924,0.21979366119651844,0.31362108801125765,0.10500820071512233,0.9943555636381965,-0.014862334690214281,0.0030662434894939685
14.404894351959229,0.60536428757768,0.21965345642566095,0.3126034147765894,0.10615887386347353,0.9942298648644184,-0.015106299707596336,0.0030114822793266944
14.4298837184906,0.6064695438510173,0.21926743239515126,0.3117402649948861,0.10730266197979804,0.9940935656331309,-0.015810801710014994,0.0037603280510111756
14.44990611076355,0.6074096485790695,0.21882386729847045,0.31112583360258544,0.10815268743083853,0.9939815319648464,-0.01672898842263008,0.004883774995286741
14.469945907592773,0.6083598109999717,0.218281043911434,0.31050897723291887,0.10891441666425083,0.9938684523285157,-0.01798872615453659,0.006289279662284437
14.494873285293579,0.6095802216949952,0.21742392816618294,0.31005933387416357,0.10978180309961914,0.9937203480929541,-0.01997576453257396,0.008294234313988043
14.51490592956543,0.6105586364407267,0.21669598131120696,0.30985545911095624,0.11035651216112063,0.993603173950687,-0.021793119684721196,0.00996156986794729
14.534931421279907,0.6115478744376787,0.2160083323177678,0.30971867823969657,0.1107679461281398,0.9934940039194439,-0.023755655613341906,0.011653115981592655
14.554970502853394,0.612548440686926,0.21535943422995832,0.3096226052919088,0.11105476491511979,0.9933885957581723,-0.02582876311573572,0.013372060502800246
14.579967021942139,0.6138230398804201,0.2145623711842154,0.3097825572196246,0.11142243829235735,0.9932453699954485,-0.028338487456577157,0.015671801303842704
14.599979162216187,0.6147710763972358,0.21396346589644694,0.30990861362043,0.11177392378111699,0.9931234799043244,-0.03015097181954272,0.017414434349136556
14.624896764755249,0.6158234125955063,0.21332213716159276,0.30997550778519367,0.11222887532062027,0.9929792395885928,-0.03205846880770803,0.019213637548967467
14.649888038635254,0.6167558445477344,0.21277407319836808,0.3100969791633375,0.11269255159683537,0.992850146054765,-0.03356820227476299,0.020546340046297247
14.674882650375366,0.617548536100306,0.21245366001329097,0.31028914139385644,0.11318667484978422,0.9927506688949487,-0.034404100928432824,0.021242501841709296
14.69988465309143,0.6181827371576741,0.21239825498385947,0.31056867510309916,0.11377821728582609,0.9926866507762031,-0.03433881522262181,0.021179622538832307
14.71988821029663,0.6185556293213308,0.21250953704330786,0.3107308430418552,0.11432727924287113,0.9926580906215733,-0.033722225204518196,0.020542635454661954
14.73988938331604,0.6188469441654231,0.2127408458205714,0.3109268774797717,0.11492790847831685,0.9926448672562541,-0.03262855576230968,0.019573469582526683
14.759975910186768,0.6190303174571106,0.21310641633045174,0.31112880132034704,0.11560999662239355,0.9926446574032182,-0.03099298022787301,0.01817547760454548
14.784918785095215,0.619061111721501,0.21373350500459332,0.3113770875633159,0.11662652527207436,0.9926538930103407,-0.028123859408632015,0.01567006143952885
14.80494475364685,0.618949142493333,0.21435868461769242,0.3114828471443446,0.11745867367661428,0.9926675287000679,-0.02532182951792302,0.013169752941447881
14.829901695251465,0.6187220771631073,0.2152079186115825,0.3115354256172236,0.1185270802294163,0.9926687097150738,-0.021492319057191372,0.009911822627619311
14.849901676177979,0.6185041205196823,0.21587464884517174,0.3114904859125691,0.11937445823189564,0.9926514901416753,-0.018416569587461868,0.0073203692883595265
14.86994743347168,0.6182319279035946,0.2164669721634529,0.3113829248106095,0.12020914042799064,0.992617371228219,-0.015454741518521166,0.004654873891830171
14.894884586334229,0.6177888535573971,0.21710238392742467,0.31112631966892107,0.12123117788658452,0.9925509562680234,-0.012014912523953305,0.0011147059675412523
14.919876098632812,0.6174086706636962,0.2175709241933664,0.31086707178074263,-0.1220958042389449,-0.9924733678305122,0.009226788089761106,0.002023644681997358
14.93989109992981,0.6171906907291208,0.21781500621891567,0.31070266132391444,-0.12266027714842291,-0.9924119060874691,0.007561032456431899,0.003986960791035858
14.959965705871582,0.6170411527314055,0.21800151714162305,0.3105815953628898,-0.12309115991501998,-0.9923599484608782,0.006291448467714698,0.0055422669406115285
14.979994773864746,0.6169208191258134,0.21812120144502975,0.3104766849312526,-0.1234233916995204,-0.9923155296196516,0.005380258154127104,0.006899918662269096
15.00491738319397,0.6167994329786766,0.21816548382634568,0.31035350049040483,-0.1237359912551978,-0.9922693151936024,0.004659141770648145,0.008324841802073915
15.030002355575562,0.6167533304904993,0.21813582879287166,0.31026138286196747,-0.12386020870858341,-0.9922469235825127,0.0042987519002068994,0.009285045503289057
15.054955005645752,0.6167769684545873,0.21808131225287883,0.3101740439960318,-0.12395634615030111,-0.9922311990544216,0.004082988889030691,0.00976734735821755
15.079880475997925,0.6168825653730959,0.2180114399635618,0.31003665853077494,-0.12418283555608034,-0.9922039087402016,0.003927969686504958,0.009726144502587138
15.099880933761597,0.6170263411634289,0.21789749890012478,0.3099689837974934,-0.12438439290334033,-0.992182207356767,0.0038872010620444545,0.009374426633831675
15.12002158164978,0.6171878095216127,0.21771288954829632,0.3099510721160301,-0.12466026327344065,-0.9921515943954381,0.003908749130034498,0.008930519587503363
15.144972801208496,0.6174096120104376,0.21743986140634022,0.3100114887921054,-0.12507591735978768,-0.9921042802667335,0.003925849802281607,0.008348633166449237
15.169894933700562,0.6176391139266418,0.21718758733767157,0.3100941366022591,-0.12553368071564594,-0.9920519689229261,0.003802240256233326,0.0077284495027098105
15.194912195205688,0.6178826398764924,0.2169448429577902,0.31017839703726907,-0.1260120048550506,-0.9919969971423646,0.003614401985211051,0.007061755240601006
15.21990966796875,0.6181351691643336,0.21677063873561556,0.3102595510217518,-0.1264697128296285,-0.9919444809953951,0.0032948648922197657,0.006379829579836686
15.24487853050232,0.6183787279167368,0.21673653804469795,0.31025625341490576,-0.12685674914936315,-0.9919005465873881,0.002742239754067779,0.0057576896949363635
15.26493239402771,0.6185530534335247,0.21675075895525672,0.31023087705803054,-0.1271512119133055,-0.9918666714013133,0.0021820410773713775,0.0053211053477231285
15.289896488189697,0.618724006330442,0.21680586194703674,0.31009812613630494,-0.12751083328006152,-0.9918241159083584,0.0013351019002796594,0.0049120258049058585
15.309916257858276,0.6188809462062812,0.21684661536450225,0.30998733237581816,-0.12774409793754526,-0.9917966371601631,0.0006001026850982266,0.004529440911679444
15.330010175704956,0.6190472855391393,0.2168890004356507,0.30988664901474,-0.1278762228732792,-0.991781615600766,-0.0001824772404654918,0.00410673450128285
15.354981184005737,0.619225359153582,0.2169668018974708,0.30971418236996184,-0.1280669542645654,-0.9917578991199257,-0.0011802770648961624,0.003705632846606912
15.375011682510376,0.6193659646233292,0.21698379085424613,0.309608024916307,-0.12810220938652536,-0.9917533896955342,-0.001876270279968582,0.003393756350764996
15.395013332366943,0.6194951570653574,0.21698071155128973,0.30950646797064085,-0.12796743320525725,-0.9917703984857174,-0.002490211652918126,0.003100252477492787
15.419938325881958,0.6196688735575654,0.21691479734916747,0.3094067753848194,-0.12766801895964525,-0.991808726493853,-0.0030014265437678235,0.0027052602714289758
15.444904804229736,0.6198470950497281,0.21677674752604442,0.30935903910085133,-0.12719512621934054,-0.9918700198875781,-0.0031645320810027838,0.002291127487453455
15.464929580688477,0.6199719013009676,0.21664993167504512,0.3093101190579862,-0.1267533889729249,-0.9919273990444027,-0.003092552408011388,0.002012336659426416
15.484968900680542,0.6200769318796111,0.21648309712215483,0.30925327976716643,-0.12624277705571477,-0.9919937561693257,-0.0028097582070158024,0.0018039363368154782
15.509915113449097,0.6201525344867733,0.21624569326100043,0.3091513578145785,-0.12564257642558668,-0.9920710142237881,-0.002400936743751213,0.0018114242564733726
15.529937744140625,0.620165734844161,0.21608272627570066,0.30904544662730427,-0.1252237699357932,-0.9921240951756982,-0.0021059657925647612,0.002086171493207832
15.554932355880737,0.6200893706042777,0.2159474867016306,0.3088840912131189,-0.12467954474969922,-0.9921910294873099,-0.0018825972045965753,0.002903093818234506
15.579874992370605,0.6199602116757174,0.2158302879150028,0.308654162573729,-0.12403386782167003,-0.9922684125261572,-0.0017341360082136898,0.003998738097720855
15.604875326156616,0.6198582608268937,0.21567242362364458,0.308456138047701,-0.12323208424015207,-0.9923642337347337,-0.0015276339024342,0.0049746705829921455
15.629912376403809,0.619723806199977,0.21551946797913182,0.3082924332866588,-0.12227757444239992,-0.9924759120425439,-0.0013633615804545913,0.006156301397637056
15.649921655654907,0.6195464737108556,0.2153874037069399,0.3082144746051468,-0.12148618470372498,-0.9925636688833304,-0.0012690661817965172,0.007540531163217054
15.669930934906006,0.6193091143009725,0.21526370497498884,0.30818420796944385,-0.12066082850306499,-0.9926495147901472,-0.0012014874362357107,0.009298477249745814
15.694923639297485,0.6190220231217723,0.21505056096572736,0.30826813393995367,-0.11952579955475051,-0.9927635026177499,-0.0010496179662407418,0.011537305270272474
15.719875574111938,0.6187632611446404,0.21472487702863075,0.30852503121890484,-0.11842799406311952,-0.9928673896925289,-0.000841161724435188,0.013727678398276814
15.739879131317139,0.6184927776549705,0.21440327004947599,0.30878814640863367,-0.11773166070881462,-0.9929193710973779,-0.0007148778062928397,0.015807198245763526
15.764896631240845,0.6179983569948841,0.2137385812083237,0.3090940858703851,-0.11734437779313249,-0.9929171978848581,-0.0004894102993330265,0.01858751253140672
15.78493046760559,0.6175535366002721,0.2129982442799817,0.3093221908116851,-0.11732847165574904,-0.9928855108100043,-8.22376439739001e-05,0.02030727453490531
15.809926748275757,0.6170298336984912,0.2117906823344923,0.3095476459346619,-0.11764880413049184,-0.9928222891437473,0.000685194097359519,0.02149864123053844
15.83490252494812,0.6164530805337658,0.21046767677200995,0.3096750987715833,-0.11837977025578988,-0.9927227538680115,0.0016393085787071578,0.022024454911369763
15.854907274246216,0.6158941156762707,0.20932165714964165,0.3097108287143143,-0.11940009256871299,-0.9925938680946915,0.002474718609544086,0.022246498225875794
15.874972343444824,0.6152518166357969,0.20811001827204764,0.3096413299195351,-0.12052210782469208,-0.99245404793228,0.0032783035801228506,0.022330181232103855
15.894976139068604,0.6145658612175592,0.20695671025292278,0.3095229398299852,-0.12165544353000841,-0.992313835460921,0.0040686544687996255,0.02228566945743792
15.91997241973877,0.6136182379001666,0.20571518717121975,0.3092880767819967,-0.12279554612809676,-0.9921684474212267,0.004914835954744127,0.022335401956822248
15.944902896881104,0.612465758901356,0.20493490383103172,0.3088250367738429,-0.12365387453597469,-0.9920528940392627,0.005274891683865727,0.022648405208490183
15.96492886543274,0.6114200077273154,0.20443494557768815,0.3083258581386894,-0.12413615069092455,-0.9919828988188327,0.0054068024308130316,0.023041506688063547
15.989877939224243,0.6100157865607413,0.2038644633878925,0.3076328425768443,-0.12433873553721954,-0.9919434494305268,0.00553546770013615,0.023609967689402652
16.009883642196655,0.6087979167630712,0.2035038467146063,0.30705609777074977,-0.12421321706679245,-0.9919466602395094,0.005572120012741624,0.02412159663082504
16.0299391746521,0.607528471589748,0.2031606321483751,0.3064492294206811,-0.12399668625205523,-0.991961168582989,0.005511949422084105,0.02464711414536163
16.05486226081848,0.6059003976159333,0.2026619567046274,0.30577865358889744,-0.12361232501746029,-0.9919951796918474,0.00546701115138839,0.02521246439966279
16.074886560440063,0.6045824218357277,0.20217207861633674,0.30536015739271916,-0.12320693753605748,-0.992036181388795,0.0055408499536135055,0.02556490446699458
16.09495997428894,0.603269733171884,0.2015514774083036,0.305040827615689,-0.12283896790332657,-0.9920753210453043,0.005681299990981568,0.025785037670088457
16.119919300079346,0.6016624617144928,0.20055582594699914,0.30473102974855215,-0.12263577062473291,-0.9920962254419201,0.005887825443311656,0.025901365576615373
16.144910097122192,0.6000715210056974,0.19954422850073963,0.30451020074783164,-0.12258978955865336,-0.992101379773549,0.005956590529215472,0.02590588305059691
16.16988468170166,0.5984981949287883,0.19851943381734016,0.30444503635640163,-0.12261386877889752,-0.9920991620070243,0.006005414321623528,0.025865554833646807
16.194901704788208,0.5969061580512026,0.19742642471821203,0.3044736677576945,-0.12279526515799129,-0.9920731220659068,0.006128951741327685,0.025974589110764914
16.219866514205933,0.5953605817181833,0.19642567986138976,0.3046178587144766,-0.1230029828621184,-0.9920457910395251,0.006158424633867651,0.02602860914151216
16.239875555038452,0.5941985706912651,0.19563104340446788,0.3048151817441985,-0.12317017813448128,-0.9920294211329598,0.006207123234373201,0.02584968947913423
16.264875411987305,0.5927734757597016,0.19458217159196206,0.3050539991783513,-0.12328625470425203,-0.9920193630712034,0.006392025096658589,0.02563639420882518
16.284881830215454,0.5916980477366903,0.19371396907560495,0.30530317543722213,-0.12326476017628363,-0.9920285843515994,0.006641660804785096,0.025317485454293246
16.304928064346313,0.5907353602614186,0.19278537548759148,0.30566778174985354,-0.12317043557690248,-0.9920534731072503,0.0070258864251553374,0.024689820080160144
16.32990312576294,0.5896138635812622,0.19147010377753887,0.306192057401467,-0.1231280569426405,-0.9920749002336474,0.00756038332349282,0.023868693392067687
16.354851722717285,0.58850532271191,0.18990306022472275,0.30673185435159284,-0.12307202212032371,-0.9920896771562276,0.00813015813016221,0.023350596991986702
16.374882221221924,0.5876693938646923,0.18849324072141344,0.30721759333461635,-0.122943337773298,-0.9921086649269604,0.008651307287484688,0.023032315481580537
16.399863481521606,0.5867107529231852,0.18650910882789612,0.30792008807699445,-0.12278295403645441,-0.9921290726369778,0.009361123510179845,0.02272924972934983
16.419876098632812,0.5859962160553976,0.1848342940861537,0.30851469137974774,-0.12256945138633397,-0.9921506817709076,0.009953377233995031,0.022686659739315634
16.43990468978882,0.585304249263168,0.18313187238127285,0.3091173347708628,-0.12215218100827845,-0.9921921010260363,0.01058976682231106,0.022837166526374814
16.464904308319092,0.5845010504551948,0.18106683566003506,0.3097756772264527,-0.12136414584097423,-0.9922706770241446,0.011430475211159674,0.023216198198323476
16.48491597175598,0.5840167767866278,0.17948975532748296,0.310339609196509,-0.12058138159626003,-0.9923568221518452,0.01215747915272976,0.023243572055498058
16.509950399398804,0.5835926747311881,0.17765745816797673,0.3111187300641616,-0.11940434089433007,-0.9924929206652835,0.013079396712070453,0.02300728551517377
16.53490710258484,0.5832671679075069,0.17599739434060171,0.31186973871124735,-0.11827900491536167,-0.992619610903305,0.013953625057513777,0.0228403457547471
16.554962635040283,0.5830234544557885,0.1747440550511213,0.31245492980721484,-0.11757051421011812,-0.9926934155983941,0.01460585519330047,0.022882871539893084
16.579867839813232,0.5826536356787463,0.17311251654479895,0.3131785413979576,-0.11695439632201336,-0.9927501419053254,0.015419095551784131,0.023045095365022247
16.59995746612549,0.5823410109917115,0.17164702126631423,0.31387663156373735,-0.11668329917861428,-0.99277057719155,0.016162711215527335,0.023029449014700963
16.624961614608765,0.5818894493307016,0.16957030033070739,0.3148498234372792,-0.11671796075121917,-0.9927530486222358,0.017217958567244337,0.022843904919107157
16.644972801208496,0.5814571417114714,0.16774812963362726,0.3156043007892766,-0.11701770698884013,-0.9927063498550103,0.01813207958663604,0.022631546535517893
16.669866800308228,0.5809438175529117,0.16542387586971252,0.3164845777060359,-0.11749522364466528,-0.9926423509699175,0.019363307326047338,0.021933941987274348
16.68987011909485,0.5805592698526333,0.16356647713981334,0.3171675263451818,-0.11785096096929629,-0.9925975072527027,0.020409532292080174,0.021090058934060688
16.71485471725464,0.5800728157513235,0.16118657903854144,0.31808938691537714,-0.11839403054024666,-0.9925260848033269,0.021822118586722054,0.019965461620046476
16.734863758087158,0.5796407160982782,0.15928088635522433,0.3187644616193973,-0.11900179932380983,-0.9924440205958489,0.022952028902364262,0.019147900940460726
16.7549786567688,0.5791810294434567,0.15743236020069556,0.3193659762117227,-0.11973199460259472,-0.992345236500796,0.02399840142261053,0.01841895196167399
16.779893398284912,0.5785775636427081,0.15519379111006687,0.3200332396847527,-0.12084572878838575,-0.9921954146690466,0.025188251763186866,0.017610250320874793
16.799919843673706,0.57806443391225,0.1534139548654334,0.3205485033830984,-0.121899471878852,-0.9920529971976372,0.026096309953332453,0.0170397216489097
16.82488512992859,0.577365818952893,0.1511679460034427,0.32116986612432186,-0.12340476075370604,-0.9918455383935434,0.027228051013395226,0.016502309848494306
16.849862813949585,0.5765768740469628,0.14885963386535672,0.32169792755088367,-0.12507081097600864,-0.9916109170973921,0.0283946462243439,0.016088051515125643
16.869863748550415,0.575928073938801,0.14698152168934678,0.3220917174458058,-0.12644174639948752,-0.9914148627356508,0.029384213235503824,0.0156723555078466
16.889902353286743,0.5752477240733187,0.14509821332603207,0.32242586598663886,-0.1278376236193841,-0.9912120374143655,0.03037702127647359,0.015279903501725266
16.910011768341064,0.5745145219655907,0.143180946736706,0.32270853028433827,-0.1292822195426486,-0.9909999269404752,0.031334174436886846,0.01494730833195176
16.93494439125061,0.5734851071362803,0.14066274865202483,0.32303482081306134,-0.13122679700019613,-0.9907120267798452,0.03249621930295053,0.01460148875640846
16.959923028945923,0.5723928432503599,0.13815586342148167,0.3232791347951651,-0.13307858478455495,-0.9904324212073139,0.03357082932159162,0.014377368023815049
16.984894514083862,0.5712303434123863,0.13557795026340758,0.32350817357853257,-0.13487785920529013,-0.9901556235168846,0.03462183802555654,0.014182124157543077
17.004953384399414,0.5701984646156725,0.13345308672833872,0.3235956859118148,-0.13625020723334333,-0.9899396783321771,0.03542155169166643,0.014164320237342808
17.02990961074829,0.5688336769780252,0.130724321807627,0.3236974261469833,-0.1379587323357602,-0.9896655911246112,0.03644376753212759,0.014186533187145273
17.04997706413269,0.567717810613445,0.12854960357336634,0.3237752099979121,-0.13931096594822556,-0.9894455308161978,0.03724851130286387,0.014231820692784454
17.074970483779907,0.5663343362799068,0.12590173371985455,0.3238397182259559,-0.14087409089633735,-0.9891860773224485,0.03821671924446218,0.014313536115462287
17.094990015029907,0.5652277771084802,0.12378936333383657,0.32390963158943975,-0.14208136413569622,-0.9889825946390929,0.038994874776336896,0.014342705714402004
17.119922637939453,0.5638505599657428,0.12124862894121152,0.32399311958746435,-0.14335756925355136,-0.9887633043981987,0.03984757310141177,0.014418950412940907
17.144899129867554,0.5624506578873482,0.11877814024720505,0.324064324145374,-0.14440430485901895,-0.9885770901257459,0.04058083586251126,0.014694535639337888
17.164934873580933,0.5613203573702505,0.1168932325258789,0.3240345451808289,-0.1450783624430134,-0.9884558298352132,0.041004686051507686,0.015031864056312877
17.189926385879517,0.5600824230952005,0.11481220093164195,0.3239450179530609,-0.14541397689036886,-0.988395527495781,0.04123203746774003,0.015131940973580192
17.21492290496826,0.5589899098798434,0.11299542373836557,0.3237975537886999,-0.14526935804484067,-0.988424370756781,0.04108067822424064,0.015048414655318977
17.234925270080566,0.5581751030294761,0.11171621783205882,0.3236069123953642,-0.1448426757913363,-0.9885046205482753,0.040674561046769926,0.014993148685369485
17.25994324684143,0.5572957876594397,0.11032436542716638,0.32335845502725047,-0.1440112246931081,-0.98865736261924,0.03997812952215695,0.014803231445027007
17.284892559051514,0.5565542716336161,0.10910973400857595,0.32314949758445927,-0.14285609745362865,-0.9888656569402587,0.03909676338677035,0.014432291467551891
17.304922580718994,0.5560019396926517,0.10817790960994632,0.32304868679559295,-0.14167455488207353,-0.9890675613927539,0.03841313304253031,0.014075180609987937
17.329883575439453,0.5553635257132065,0.10700698285248195,0.32304511591336027,-0.14007130273371593,-0.9893290947940764,0.03775051829865444,0.013522969766248926
17.35486626625061,0.5548246176228073,0.10585547131021616,0.3231806779635712,-0.1383112457916114,-0.9896045225112627,0.03728711100384544,0.01274988881821542
17.374977588653564,0.5544840693660966,0.1049689440434727,0.32341086702717814,-0.13671604584369615,-0.9898462490551843,0.036996540622883385,0.012015907061831362
17.39989399909973,0.5540859647438923,0.10384325698478479,0.32379931989262545,-0.13482711054767657,-0.9901257937304517,0.03675001120169363,0.01104533961848101
17.424854040145874,0.5537061251518196,0.10267210404301519,0.32431014143340653,-0.13326435850784957,-0.9903521114059455,0.03665643709867864,0.009980571374248173
17.444965600967407,0.5534395512328937,0.1017075230999376,0.32481849293197607,-0.1323483597740688,-0.9904890687268904,0.036540159180749245,0.008951713029612634
17.46497130393982,0.5531870259704399,0.1007299225640472,0.3253684837167385,-0.13174791177992287,-0.9905861458006266,0.036344229331414415,0.007789254521552651
17.48986053466797,0.5528922865211149,0.09952087263228844,0.326088730327128,-0.1314105307252698,-0.9906531150077718,0.03604078283799058,0.00622415566372562
17.50989079475403,0.5526472713331473,0.09858297432489263,0.32660739595799704,-0.13137538874709365,-0.9906754911828205,0.03574123185147022,0.005014253995675142
17.534911155700684,0.5523515686217889,0.0974522762576328,0.32720603219835065,-0.1316994789838728,-0.9906596540981433,0.035169163003766477,0.0034390328459320886
17.55987048149109,0.5520306044732426,0.09638292564908912,0.3276993456773906,-0.13243530669665818,-0.990595528306739,0.03431502802038512,0.001966641695127128
17.57990074157715,0.5517097004472884,0.09557222952352416,0.3280914493998808,-0.13320635616845344,-0.9905220478407204,0.03347950198850736,0.0011235678363465287
17.60487699508667,0.5512458840506503,0.09466891601929227,0.3285935866691663,-0.13424794154681005,-0.9904240460754526,0.0322084731827326,0.0005595945704580613
17.625062942504883,0.5508647383641067,0.0940404812170718,0.3290111930445158,-0.1351187437539671,-0.9903477557501258,0.030888459620823885,0.00038955703609913004
17.649999141693115,0.5504315952920594,0.09334790831059742,0.3295846605853449,-0.13624304599398482,-0.9902532319377951,0.028918160740252833,0.00033011237907175275
17.67485523223877,0.5500125192372471,0.09276588987564006,0.33016121592907965,-0.13736240953307124,-0.9901586633017279,0.026780047588847843,0.00046760598755383597
17.694926023483276,0.5496514266827639,0.09233582463138683,0.3306257768203247,-0.13824517722032342,-0.9900827037338727,0.024976803844338844,0.0008186049920376788
17.719858646392822,0.549141965645807,0.09178356791820741,0.3311345759936134,-0.13934834239130683,-0.9899850061966555,0.022573235081622012,0.0014751235331874545
17.739909172058105,0.5488009459460752,0.09132108746607534,0.3315683137816786,-0.14004227220713267,-0.9899251868501033,0.020814712257565902,0.0017418880314447433
17.75993037223816,0.5485086133913292,0.09082516329561927,0.3320255663346382,-0.1405262914382328,-0.9898866816211231,0.01932731425563556,0.001781539557427581
17.77995014190674,0.5482136009306977,0.09030364028627705,0.33248388546204627,-0.1409589701704458,-0.98985015670023,0.01800081145798901,0.0017907529231665055
17.80485486984253,0.5479041294403013,0.08959390022273327,0.3331418436375109,-0.14148195207386483,-0.9898001469978848,0.016618617383599973,0.0015322447537483802
17.82486081123352,0.547777759800348,0.0888921231857289,0.3337095888386219,-0.14179781411441314,-0.9897655594277499,0.016028610245161796,0.0007752536627757108
17.844882488250732,0.5478793893492895,0.08781104943762794,0.3343120467403057,0.14224205653938365,0.9897040056690999,-0.015906737656445912,0.00039278659714080875
17.86495018005371,0.5481749267670564,0.08660181577977516,0.33485476312421864,0.1427744851893244,0.989625935034854,-0.015929377627032063,0.0014865959273752782
17.88996648788452,0.5486650969909879,0.08465661533539232,0.33549104941853974,0.14408963211643425,0.9894299821526168,-0.01609995381840132,0.002698114609911811
17.91484808921814,0.5493300128323392,0.08233761795085182,0.3360038254447818,0.14606179278797934,0.989132521933524,-0.01634059201358999,0.0039738903822379625
17.93486762046814,0.5501025492510841,0.0802530445403331,0.33631885474581497,0.14780778162909605,0.98886463186019,-0.01656116150818169,0.005032640787802987
17.954958200454712,0.5510379060505979,0.07810784083521573,0.3365616504895999,0.14946501657007746,0.9886075999778215,-0.016730627611898308,0.0059420690271745295
17.97996735572815,0.5524154262807283,0.07549834744989387,0.3367285216845355,0.15121237624272207,0.9883334227164462,-0.016925254886736674,0.006737845246126929
18.00486135482788,0.5542049848371216,0.07293197164724809,0.33668059681324625,0.15267185824606133,0.98810323334581,-0.016994873581322872,0.007380936529002807
18.029891967773438,0.5564614846139888,0.07060785589635053,0.33649551451232784,0.1535916051594075,0.9879566552996839,-0.01693064860325625,0.008038607425678211
18.054877281188965,0.5589850346467082,0.06844544733205303,0.33629080847276827,0.15412901228581666,0.9878713853885419,-0.01680831040452484,0.008476685946462684
18.079883813858032,0.561710247785306,0.06635448341231764,0.33610929062758066,0.1544140748540614,0.9878293721613567,-0.016665169048185387,0.008467415435545248
18.0999858379364,0.5640662855532734,0.06476069383309671,0.3359958322476721,0.15437683948941755,0.9878394771845761,-0.016549298325104517,0.008190205702867168
18.12488865852356,0.5670244983486964,0.06261381244275525,0.33591575384574973,0.1544966579991146,0.9878335333322235,-0.016141740998817575,0.007425448683294374
18.14997363090515,0.5700032608638567,0.060623890743355044,0.33606529725062456,0.1544232642548312,0.9878694621285998,-0.01522694548990664,0.005959981546749563
18.174983024597168,0.5729364118294521,0.05887197503221747,0.3363082369876965,0.15410998360272715,0.9879525054472008,-0.013678350579585606,0.0035864549485143705
18.199960231781006,0.5757635969001486,0.05710009338893012,0.3366618558490238,0.15409625489522533,0.9879896411908476,-0.011431657102180798,0.0003613330048754957
18.224866151809692,0.5783932493219166,0.05524738734314877,0.3371353358444429,-0.15453455597296015,-0.9879427292416126,0.008680304256349467,0.003589855650492283
18.249855041503906,0.5809143193326457,0.053091281821288146,0.33781283469500745,-0.1553900433149477,-0.9878064919244974,0.006021519489386623,0.007483999841243208
18.27484631538391,0.5833959074482709,0.05079538638672756,0.3386439460717384,-0.15630743176124046,-0.9876411782673632,0.0038487342085964556,0.010866324684792301
18.29485535621643,0.5853854861402059,0.0487263795601418,0.3394754615836633,-0.1571314480528733,-0.9874883172113638,0.0024540141168372565,0.013057917867432416
18.314865350723267,0.5873661133448296,0.04665442421069922,0.3403431192781178,-0.15791225817163024,-0.98734029675442,0.0012960114114707096,0.014872036768102219
18.339850902557373,0.5899137170790331,0.04392386604030851,0.3414535886215811,-0.1588120523419742,-0.9871721506737863,0.00034480071571115406,0.016424313610514666
18.35986614227295,0.5919770013572904,0.0417596404574364,0.34234448475040247,-0.15942845885535345,-0.9870588886336683,-0.00011504237550728113,0.017242495238198832
18.3798828125,0.5940726317674658,0.03968959459074228,0.3431976414095043,-0.15977283264158976,-0.9869937811474424,-0.0004067292241754321,0.017769425921826405
18.399891138076782,0.5962305653931136,0.03761499016299768,0.3440725611196144,-0.1599677429102215,-0.9869607111412605,-0.0004160906015198507,0.017852248052037126
18.424879550933838,0.5990203661825192,0.0352942868950652,0.3451460380634569,-0.15987082863527885,-0.9869841470952907,-9.73274115985524e-05,0.017424180361763745
18.449855089187622,0.6019190181571544,0.03311374813706639,0.3462452130480673,-0.15956681787997354,-0.9870482334810886,0.000514628177507749,0.016551452254847845
18.469860553741455,0.6042868960121993,0.03153375230606481,0.3471182073585925,-0.15903774474309335,-0.9871460189471009,0.001015630958981154,0.015770273234587646
18.494863033294678,0.6073663810700697,0.029743582680439088,0.34822021796331915,-0.1580066411777534,-0.9873261052296526,0.0016281718757784529,0.01477877979086752
18.519890308380127,0.6104223790997443,0.027914475573891564,0.3492300472948725,-0.15694997196897825,-0.9875069228722237,0.0022325107040452653,0.013849168718974108
18.544864892959595,0.6135447642812325,0.026262629962413967,0.35015967166207645,-0.15563536548312956,-0.9877289245910015,0.0030298264690760634,0.012650086544694317
18.564985513687134,0.6160229295573219,0.02483625855724837,0.3508591706716594,-0.15466645139091695,-0.9878919213165153,0.003792017713021056,0.011552541385686054
18.58991503715515,0.6191270061877174,0.023153442562592958,0.3516726990030855,-0.15333674990219867,-0.988109360585677,0.004768492752068805,0.010246664203518526
18.610039949417114,0.6216000414059081,0.021941775964914055,0.35232191847542754,-0.15214759668904165,-0.9882992750506043,0.005560011555002763,0.009205326078117353
18.634944677352905,0.6247074152594789,0.020496948723799414,0.3531888314121616,-0.15055541652646204,-0.9885482880588207,0.006593201534901068,0.007866283947327525
18.659886121749878,0.6278438334638575,0.019245435608519126,0.3539317237706912,-0.14874717601981735,-0.988823762097645,0.007611030221153126,0.006627017258631383
18.679941654205322,0.6303749132940004,0.018361572395208647,0.3544958257791423,-0.14715848306893609,-0.9890608400769068,0.008428320179689067,0.005656757395913226
18.699954748153687,0.6328912747029958,0.017641782766015923,0.35495194265774177,-0.14543289439913826,-0.9893137339337038,0.009200512534272667,0.004791623066008229
18.72490382194519,0.636102292103635,0.017086825920063768,0.35550031419054406,-0.14291244574916723,-0.9896765979165565,0.010119689926389635,0.00372239926909836
18.74984645843506,0.6394764893293284,0.01701385657059176,0.35598859920253006,-0.1398245246929132,-0.990110600125417,0.011094442228033519,0.0026486170035300008
18.769855499267578,0.6422365496960069,0.017097871069089846,0.35638722177043103,-0.1371585899226227,-0.9904758763709118,0.0119103122770964,0.0017899652798457593
18.794856071472168,0.6457556008418829,0.017413788916606047,0.356818112936574,-0.13356201271665816,-0.9909563265556599,0.012878088422641279,0.0009500584595275115
18.819857597351074,0.6492536682214699,0.01806236696969247,0.3571185445771822,-0.12967652107688543,-0.9914635876101681,0.013542540346848847,0.0007442452987299021
18.83989715576172,0.6519787415412931,0.018795280216851604,0.3572603998453163,-0.12644458006273218,-0.9918747802686736,0.013979275098287528,0.0008765334694246725
18.860048294067383,0.6547046044369061,0.01977280229764585,0.3573762706160444,-0.12300940028459316,-0.9922981997456165,0.014570214610895244,0.0008240435439497735
18.88490867614746,0.6580256556962893,0.021086467833689948,0.35742176394859043,-0.11872343816179047,-0.9928042932779239,0.01562890770368246,0.00034386790553944153
18.90490961074829,0.6606640764958215,0.022429450302807886,0.35738933434489517,0.11507363497780576,0.9932176183206509,-0.016635835343608976,0.00026707154903355947
18.925047159194946,0.6632318023832317,0.024092650829953814,0.3572684745028826,0.11122677513951157,0.9936379592483335,-0.01765171977477464,0.0007918728032898098
18.945071935653687,0.6656775140141111,0.025969775768028475,0.357059366871089,0.10733163574588392,0.9940473713468391,-0.018659900423374905,0.001245645386130175
18.96990132331848,0.6685817385636426,0.028441063627932625,0.35662248118892154,0.10250773105242295,0.9945331392466812,-0.019826843639943876,0.0017018504349331418
18.989903688430786,0.6706849650084835,0.030272585902547843,0.356024276144305,0.09900011312990985,0.9948718954849122,-0.020621403402442676,0.0019096846364263427
19.01484513282776,0.673103708196029,0.03247090054114903,0.35517057575541117,0.09494459359976158,0.9952487148204461,-0.02146240375868656,0.0022102102180264153
19.034852981567383,0.6748172544458766,0.03406243183606452,0.35448288673954786,0.09208902234625685,0.9955063341757928,-0.021919986281524834,0.0025029506824638154
19.059972524642944,0.6767364019358952,0.03592276923820356,0.35358632626861475,0.08885447989385914,0.9957896230214065,-0.022359467874157005,0.00282174998887821
19.084898471832275,0.6785003840953927,0.03789165580869284,0.3527008325803737,0.08567029994167645,0.9960595813247646,-0.0227183745624544,0.0031281956862924845
19.109843015670776,0.6801010479795399,0.04001959636010083,0.3517777641942215,0.08251983413994998,0.9963187492494429,-0.022974968391222116,0.003402601993679547
19.129884004592896,0.6812737340880978,0.04182957866380139,0.3510205509872065,0.08003858322583107,0.9965195349782201,-0.0230130277491664,0.0036113930210555515
19.149908304214478,0.6824313658442512,0.043675515183735344,0.35023213211950793,0.07755490967200657,0.9967165660163946,-0.022950225229348184,0.003822326530909971
19.174845218658447,0.6838811953253788,0.046030201624834594,0.34917928030931356,0.07439790077631016,0.9969573748689836,-0.022904563463061446,0.004040547794870467
19.194852828979492,0.6850828045301942,0.04801919042650668,0.3483401620695026,0.07172743256165456,0.9971520883609314,-0.022914220815042814,0.004222153344655687
19.214877128601074,0.6863801338859165,0.05020584803189562,0.3475047603135125,0.06879297262569489,0.9973577370583993,-0.02292065246570414,0.004440150325072043
19.239848613739014,0.6881349420648556,0.05315075570102272,0.34647942587316627,0.0648130074853136,0.9976231611538788,-0.022897867639411786,0.004794793444039138
19.259886741638184,0.6896161334305723,0.05568067387050844,0.3457535002677586,0.06140993555725719,0.9978391460909241,-0.02277970971575007,0.005190680688870709
19.28486943244934,0.6915155201662861,0.059012160746994634,0.3448907548812431,0.05699044538998014,0.9981073400116957,-0.02236687765583506,0.005792213042451909
19.309844493865967,0.6933851212449552,0.06240740950546292,0.34407378321484416,0.05257235075138081,0.9983620175202158,-0.02164260482870976,0.006405276132542824
19.32990789413452,0.6948967245070117,0.06525725716221063,0.3435160645717794,0.0489163269289973,0.9985613039537935,-0.020858775001296542,0.0068867052756512595
19.354854822158813,0.6967984989812044,0.0689775600912608,0.34283807035583747,0.04417775804160303,0.9988015949601693,-0.019727474372704792,0.007384196182103027
19.379838228225708,0.6986672262835001,0.07278100086915734,0.34217085291932453,0.03935354409361297,0.9990236114947442,-0.01851492275472676,0.007766587622256696
19.404865741729736,0.7003687221564363,0.07636531753435166,0.3414665623176844,0.03481956404467486,0.9992119557126405,-0.017338655762029025,0.00790167929831733
19.42987060546875,0.701915173871324,0.07976673372706446,0.34069792871936067,0.03052201906685204,0.9993739743957212,-0.016165246797445267,0.007664884188338567
19.454845905303955,0.7032607273282355,0.08295185352534251,0.33977595327604493,0.02652990996057614,0.9995127408000014,-0.014949869823594511,0.006851733090016859
19.474870204925537,0.7042179690871476,0.08544648717753023,0.3389673406191688,0.023441778420169652,0.9996097336019721,-0.014014524590427829,0.005869975594207452
19.49983811378479,0.705373304412127,0.08860978936923794,0.3379529947967569,0.019514262598725622,0.9997134221264061,-0.013092805464115178,0.004565700853897471
19.51987934112549,0.7063038904633215,0.09111407401870862,0.33715147093302467,0.01634739322970373,0.9997801318388071,-0.012618152371650596,0.0036377123026550048
19.539906978607178,0.7072163380611555,0.0935645983487017,0.33634980028717626,0.013189459382479053,0.9998318064263212,-0.012446864491472323,0.00273360197255274
19.564847469329834,0.7082735137884448,0.09648343831104818,0.33534662877190796,0.009362246401578497,0.9998755549762663,-0.012613401744930818,0.001457706020805586
19.584869146347046,0.7090910005019704,0.0987232724327271,0.33461330848804266,0.006368192886513189,0.9998947611979738,-0.013024450841030358,0.0005258167277132244
19.60488796234131,0.7099680868633104,0.10099790141803686,0.3340085017973081,-0.003303383924900395,-0.9999029483733073,0.013522399164229123,1.7122687277017384e-05
19.62489080429077,0.7108932534145713,0.10328084885307857,0.33344017060396375,-0.0001992397984240904,-0.9999002842611069,0.014118387495994584,0.0002283548669423658
19.644930601119995,0.7117976625874193,0.10549177480694925,0.33292408189180345,0.002804588743415319,-0.9998878334462427,0.014710218021214956,0.00025856372261959454
19.664939165115356,0.7126532905419065,0.10762395482215968,0.33243709726627135,0.005684906958930053,-0.9998678647887733,0.015227088972381127,0.0002675125280708418
19.68984365463257,0.7136604091019875,0.11015985656756197,0.33196022602205133,0.009088521800298326,-0.9998347622183624,0.01574204500492919,0.00019121578073843243
19.70986032485962,0.7144066769948623,0.11206439539695905,0.33163730741374536,0.011625934764977476,-0.999802850202914,0.0160961413130079,9.075165176293372e-05
19.72988224029541,0.7151267236967408,0.1139500822350653,0.3314101358322692,-0.014113584607417897,0.9997662778453457,-0.01637688466664372,5.7357336961907934e-05
19.754852771759033,0.7160227881161901,0.11637040769204114,0.3311212768677145,-0.01728736542150085,0.9997109164274307,-0.01670872829729321,0.00022358804942786186
19.7798490524292,0.7168895352060518,0.11872068380237957,0.3309627450274446,-0.020380358858232205,0.9996477490173278,-0.01699453449083661,0.00045312809637304747
19.804877758026123,0.7177434350222831,0.12107993136932024,0.33081765191147333,-0.023483160869371952,0.9995749210531039,-0.017263472541360732,0.0007004320345033185
19.829833984375,0.7186165027394569,0.123556533280065,0.3306576243751297,-0.026729230187262625,0.9994893310109537,-0.0174844692685503,0.0009584572980287754
19.849886655807495,0.71930855717385,0.12558756195826,0.3305074490926357,-0.029370785392778598,0.9994129727057228,-0.01759965382362677,0.0011485586997702318
19.87486958503723,0.7201743578651731,0.12819223949181432,0.3303280035710501,-0.03271620631141528,0.9993090484896091,-0.017579943287953734,0.0014216129633194143
19.900054216384888,0.7210439223802683,0.13086750240803066,0.33016003021421536,-0.03610058175866512,0.9991966449371593,-0.01731160835308884,0.0017666263941149452
19.924846410751343,0.721925929632503,0.1336540732906536,0.32997439905437714,-0.039566281809998854,0.9990733086995275,-0.01679817458862018,0.0022032994545939876
19.949865579605103,0.7228206741452964,0.13662038834951906,0.3298305659034911,-0.043179043892469855,0.9989362367359566,-0.01595836260497128,0.00270107217259095
19.974850177764893,0.7237502872142377,0.13972982983220403,0.32967542865495325,-0.04692951547828471,0.9987813889276438,-0.014907172358636558,0.0033367521857643133
19.999834299087524,0.7246627706892443,0.14282767513965972,0.3295285449482142,-0.050624679576451684,0.9986155314068487,-0.013692279589854832,0.0040845718022134376
20.019846200942993,0.7253643503898075,0.14531887335881946,0.32940084177272594,-0.05353002779332721,0.9984770210094341,-0.012482256286519715,0.004729473774391706
20.04486346244812,0.72618696128674,0.14833461039543386,0.3292351866472459,-0.05697589186787005,0.9983023637272396,-0.010720664919005484,0.00558620300523868
20.06488037109375,0.7267744729263379,0.15051059575264678,0.32907817753862856,-0.059418252609778816,0.998171341572942,-0.009180998007646187,0.006257266742364448
20.084881067276,0.7273133961233089,0.1526024118780503,0.32890670256664434,-0.06171804425748349,0.9980410502659183,-0.007548597090240982,0.006925581415056787
20.109866619110107,0.7279190302067139,0.15508566179669017,0.3286562892615916,-0.06437375548225806,0.9978813766934834,-0.00536430525015023,0.007746088180310711
20.129873275756836,0.7283424882666427,0.15684755397139244,0.32842446582595664,-0.06621160497230535,0.9977640660020779,-0.003587405497782835,0.008367943752014459
20.154841423034668,0.7288198546787809,0.15885076142222773,0.32818356153123324,-0.06828156637420729,0.9976232707289097,-0.0014818781662838331,0.009123674237109226
20.1748468875885,0.7291721184324035,0.16036142551693172,0.3279895393629657,-0.06984475242405459,0.9975109525909147,8.420464219318717e-05,0.009674860745626936
20.199852466583252,0.7295682348064751,0.16207741739608406,0.3276962290954673,-0.07163362241670623,0.9973767354902834,0.0017986975207623219,0.010248723353730865
20.224847555160522,0.729903421874809,0.1635111850390288,0.32742804446903484,-0.0731628307703859,0.9972579382444374,0.003019302007698018,0.010709277098168846
20.244850873947144,0.7301405316389958,0.16452582439325455,0.3272296159785738,-0.0743047070845618,0.9971689800288535,0.0035439673796580015,0.01096704468202406
20.264856338500977,0.7303472715070549,0.16543434942825286,0.3270381377552772,-0.0753944390974875,0.9970855183407584,0.003607603624439903,0.011096524876917044
20.284873962402344,0.7305162249305887,0.16623265085719768,0.3268521261101264,-0.07642423719923262,0.9970088606080298,0.003275450402290186,0.011042611236256302
20.304929971694946,0.7306616071834546,0.166987983044814,0.32664259628343006,-0.07742650569128737,0.9969347826584499,0.0027869115609895218,0.010881565360616928
20.329891204833984,0.7308299196629121,0.1679214269163792,0.32645988245446245,-0.07874939853821158,0.9968375651751146,0.001808244838320634,0.010494338243472885
20.354841709136963,0.7309675531428601,0.16892197569257542,0.32630149143809106,-0.08021756388097427,0.9967291911023074,0.0005169784471497519,0.009787480951803944
20.379868984222412,0.7310799475616423,0.1699306498458856,0.3262195455837952,-0.08175544842415466,0.996612119858262,-0.0011292046109333306,0.008891237379015026
20.404868364334106,0.7311920917372958,0.17088132074308687,0.326086763646397,-0.08325040387093015,0.9964926364614035,-0.002866712670372343,0.007973561862843807
20.429853916168213,0.7313121895194237,0.17181665103637064,0.3259241280591949,-0.08473610852976456,0.9963675656662004,-0.004619101590803974,0.007080247012229617
20.44986915588379,0.731405519525815,0.17257862246771255,0.3258210642870268,-0.08591962704261989,0.996264274227057,-0.00588805890952223,0.006375292071244551
20.469894647598267,0.7314580502570703,0.17338994159690804,0.32564152047038475,-0.08710435586373307,0.9961607208695746,-0.006840480212087624,0.005464176412842675
20.48990035057068,0.7314644256549506,0.17424194661751466,0.32543307282008516,-0.08827090673996486,0.9960594579215899,-0.0074225537806533026,0.004325389919732397
20.50991177558899,0.731432410134518,0.1750393846342289,0.3251573182450974,-0.08931457837357762,0.9959693745520264,-0.007656673335767111,0.003047360979727767
20.534854888916016,0.7313745209479839,0.17593658148679076,0.32477312607164466,-0.09044919867705478,0.9958697972918439,-0.007745696850432306,0.0015144201203471813
20.559849977493286,0.7313541602158813,0.17684914996391962,0.3243892615997404,-0.09158538392221513,0.9957658690795168,-0.00789642771163957,0.00031091831240090385
20.579872131347656,0.7313657682941028,0.17766986304730567,0.3240623794114683,0.09259047216923355,-0.9956718909055147,0.008015669166635072,0.0004896275544445164
20.599895477294922,0.7313548259377668,0.1785387741282308,0.32370776995874095,0.09364035617826558,-0.9955722078872506,0.008087397068540118,0.0014340574181614424
20.624871969223022,0.7312710714646011,0.17953094404222256,0.32326634014531047,0.09482405774109905,-0.9954566720064055,0.00811876628728647,0.002915109869101726
20.644897937774658,0.7311806063946238,0.18025069770759092,0.3229217397017415,0.09567098504365022,-0.9953709102723257,0.008178197633889944,0.004114691642987165
20.669832229614258,0.73110164474565,0.18111781858067438,0.32247470480326845,0.09668676834329559,-0.9952659660499363,0.008303834383544765,0.005326535334259862
20.689838409423828,0.731066155628571,0.18179520472246818,0.32208911147741054,0.09748677064779526,-0.9951821790821301,0.008442377770345922,0.006122601153887462
20.709839582443237,0.7310502053909026,0.18245026271935946,0.321727386018444,0.09825909254263103,-0.9951009372053035,0.00856620950276365,0.0067746259463222725
20.73482584953308,0.731049717484788,0.18323452632719547,0.3212689646355234,0.09916947566377206,-0.9950053697353061,0.008648355202888466,0.007411831573481143
20.75485610961914,0.7310735373401016,0.18376869408151067,0.32088443136728395,0.0998070469234442,-0.9949377459916431,0.008790413929282419,0.007756520597964727
20.774935722351074,0.7311247212046655,0.18421677074069148,0.3205335865633222,0.10035648765054953,-0.9948797733560875,0.008970857375141876,0.0078952941936026
20.799903869628906,0.7311694712767336,0.18471779959764947,0.3200795252148732,0.10095561525042665,-0.9948159796869713,0.00914840676634316,0.008089311681198787
20.824838399887085,0.7311968695683778,0.18514290079824172,0.31964658572069193,0.1014672061553869,-0.9947600510928692,0.009350316867453728,0.00833177065998918
20.849828004837036,0.7311971661636317,0.18545386781667395,0.3191794428885324,0.1018295287523044,-0.9947188480978569,0.009547372500177767,0.008602789695306024
20.869832038879395,0.7311866688690726,0.18568102888442314,0.31875158329775255,0.10209154485840072,-0.9946876276719364,0.009793469823302986,0.008827671016361628
20.88983416557312,0.7311680058788007,0.18589842659342254,0.31831663117926506,0.10233422864246185,-0.9946580744396701,0.010048063499850435,0.00905853299504624
20.90986967086792,0.7311421125569404,0.18613772922950994,0.3178495790704485,0.1025728724054517,-0.9946301523173695,0.010165835936864261,0.009290948605193998
20.929896354675293,0.7311068874500286,0.18638471975575502,0.31737241157581664,0.10280790470725946,-0.9946024965697642,0.010264378674771217,0.0095420688155223
20.954838514328003,0.7310473646509625,0.18670029074516914,0.3168189267894406,0.10310094051503094,-0.9945672574634394,0.010411834758739698,0.009887372893899276
20.9748637676239,0.731002556291091,0.186936510355568,0.3163416208044224,0.10332317106059748,-0.9945397651579851,0.010589710174254544,0.010140802747270996
20.999831914901733,0.7309615468852527,0.1872109051014883,0.31578345513874406,0.10359118320713605,-0.9945068005444639,0.010802722913542576,0.010411129210915547
21.01987934112549,0.7309412965916475,0.18737918390286953,0.3153676104907172,0.1037606395019077,-0.9944857865763257,0.010926776411062721,0.010599789781031226
21.03989577293396,0.730934569876297,0.1875199314033199,0.3149782560975576,0.10391662513731918,-0.9944661679188296,0.011073532160009822,0.010758846151055212
21.064852952957153,0.7309431362346221,0.18764219870760587,0.3145357804643716,0.1040788085631025,-0.99444507769678,0.01127228420713148,0.010932733469000738
21.08486795425415,0.730952892955417,0.18765878333444014,0.31417030655116285,0.10413233965744566,-0.9944355711708791,0.011475116261641466,0.011075754304839463
21.10985231399536,0.7309723605607384,0.1876095707243187,0.3137657586856657,0.10413621402742133,-0.9944292393891822,0.011882112761189886,0.011178200749198355
21.134844303131104,0.7310114324584887,0.18761195748257198,0.3135167948845694,0.10421230888383916,-0.9944150471644861,0.012410366935933701,0.011157573332966962
21.154858112335205,0.7310491488115635,0.18761545301378185,0.3133861438693772,0.10428597649553384,-0.9944014720480604,0.012913862850253444,0.011107638791427815
21.17983865737915,0.7311238380738517,0.1875658571471778,0.3133719141583868,0.10434722170977333,-0.9943866149597975,0.013738130484741585,0.010871112289157348
21.204861402511597,0.7312231038629989,0.1875070279537732,0.3135162180980269,0.10443782689747969,-0.9943651505976169,0.014842987709846421,0.010505870022423272
21.229884147644043,0.7313488708147026,0.1874430283391185,0.3137579647015531,0.10457049196401237,-0.9943339125800077,0.016256519979822703,0.010040321813796162
21.254852056503296,0.7314812094049382,0.18740515982107248,0.314020694172115,0.10474836226204894,-0.9942939867409044,0.017762068226737572,0.00957901180270405
21.274858951568604,0.7315896572592581,0.18738945657109762,0.31428554192957414,0.10490895834996018,-0.9942574139140781,0.019028099778232263,0.009178058274830049
21.29486870765686,0.7317126947635623,0.18736476749061015,0.3146247714411621,0.105075588864693,-0.9942172097054777,0.020380819350961147,0.008711070846833084
21.31982922554016,0.7318691782557426,0.18728036205677315,0.31505084004203165,0.10522786563232114,-0.9941693533954886,0.022107970799235294,0.008101277214996632
21.33990716934204,0.7319879063275792,0.18717587021738077,0.3153752810393457,0.10529577500128946,-0.9941345328709327,0.02348638709519906,0.007597364153957347
21.364847660064697,0.7321407987342836,0.1870567625994919,0.3158318424890111,0.1053902764698886,-0.9940863949599514,0.025246603739611146,0.006909267833063792
21.389829397201538,0.7323046553337279,0.18697837769167094,0.3163055876869031,0.10554444865271237,-0.9940267518607616,0.02706481515409559,0.006219463192679318
21.409865617752075,0.7324410113271415,0.1869232559432311,0.3167069990102771,0.10567696674905835,-0.9939753569332065,0.028522299397197998,0.005643309671117003
21.43486762046814,0.7326003616223181,0.18692164220762508,0.3171443677196907,0.10588586611583657,-0.9939079118548724,0.03017369711339727,0.00497936870526302
21.45988440513611,0.7327665783691142,0.1869932450201037,0.3175999280638815,0.10616228410762825,-0.9938318961377267,0.031768903398782265,0.004297490826674888
21.48483920097351,0.7329212419721796,0.18697599633073764,0.31803104073617317,0.10631426162448375,-0.9937694801959265,0.03326225722288425,0.0036221880146142544
21.504910945892334,0.7330224327118772,0.18686755100235852,0.3183145947340362,0.10629741074420163,-0.9937351798156561,0.034372715226717365,0.0031255874593471076
21.529833793640137,0.7331378583040187,0.18671520407928544,0.3186362082542662,0.10624606440060268,-0.9936950327096034,0.035713850111190326,0.0025449294714302638
21.54985547065735,0.7332091166997406,0.18665021769163012,0.3188221939091433,0.10624583157686268,-0.9936635783090988,0.03660172456447897,0.0021977584639782397
21.569881677627563,0.733279703312753,0.18664374642224865,0.3189946522634775,0.10631800479481085,-0.993626196221209,0.03741599891207063,0.0018727058289593952
21.59485363960266,0.7333604621266507,0.18669074831957547,0.3191700502714859,0.10646196513239764,-0.9935741781456753,0.038392126050964044,0.0014990713658534574
21.614874601364136,0.7334141947870568,0.18679409719720833,0.31927178042878873,0.10663223158814983,-0.9935292398296706,0.03908551600313103,0.0012406950062894856
21.639842748641968,0.7334731615004818,0.18705840021807615,0.3192876519159223,0.10697989108087762,-0.9934641333469472,0.0397907144800917,0.001008741306770876
21.664839506149292,0.733519987844008,0.18740817524125833,0.3192560768711612,0.10739549792661478,-0.9933989923662729,0.04029834019666936,0.0008322370920979253
21.684848070144653,0.7335380501004076,0.187718831080949,0.31928074162590114,0.10771294279623753,-0.9933566714713953,0.04049704218214812,0.0006593551738196817
21.709834098815918,0.7335591261988808,0.18820418200189826,0.3194111041487776,0.10819000209492005,-0.9933078398455344,0.04042607916663799,0.00043649989451555806
21.729914665222168,0.7335934160767331,0.18868662065039493,0.3196348684757768,0.1086811993275779,-0.9932608384692856,0.04026487271090198,0.0002074732325588413
21.754830598831177,0.733650599630781,0.18941267589431443,0.3201013003421064,-0.1094196879095741,0.9931921765683067,-0.03995741934394497,0.0001813205348945728
21.7748806476593,0.7337164463032237,0.1900034544503976,0.3206983374083311,-0.11002191759854704,0.993138688540967,-0.039627277382874,0.0006337498580206458
21.794927835464478,0.7337903565922775,0.19055672276453595,0.3214000866702249,-0.11058327876155091,0.9930909894916349,-0.03924662076236194,0.0011522836598380375
21.819878578186035,0.7338846701457354,0.19122723011113926,0.32255007841284644,-0.1112393229007003,0.9930387335223054,-0.03867892639240591,0.0019563808550019956
21.844868659973145,0.7339889011232857,0.19200405790846403,0.3238767429987222,-0.11200562239993665,0.9929746007694069,-0.038052364970551686,0.002863616026785272
21.869856595993042,0.7341205885785409,0.19293602940198853,0.32543744434369803,-0.11295249332453029,0.9928902619198559,-0.03735234278954223,0.003932497420514176
21.894835472106934,0.7342647617300916,0.19401530500296787,0.3271802753329838,-0.11406614285960465,0.9927849589094587,-0.036616666092643066,0.005114702077733378
21.919869661331177,0.7343851260011602,0.19526061355237304,0.3290290604457107,-0.11531614739213684,0.9926726357478212,-0.03554556959766361,0.006303718823779908
21.94482946395874,0.7344730878928287,0.1966608259925687,0.3309054892103971,-0.11666433654199189,0.9925766014836478,-0.03356708947119671,0.007373823532249675
21.964834690093994,0.7345103127690279,0.19791616776188242,0.3323506782106487,-0.11783284975342494,0.9925066124459206,-0.03131438772582801,0.008090296123498285
21.984894275665283,0.7345198735363292,0.19932592888406997,0.33378841847713797,-0.11911998234504223,0.9924329689830813,-0.028484582155944793,0.008709791074733844
22.009825706481934,0.7345159973096326,0.20124215825652614,0.3353955136064324,-0.12087780695546364,0.9923292349457223,-0.02420019039874013,0.009251812904657944
22.029829502105713,0.7344772550304856,0.20270781616359174,0.3364827797327129,-0.1221704827881006,0.9922588452752418,-0.020182532869380976,0.009456345759468273
22.049879789352417,0.734391348194976,0.20404748686271615,0.33765099898661166,-0.12325460622707506,0.9922030206892163,-0.01576046204668841,0.00964757041006817
22.069881200790405,0.7342472745320829,0.20533680591473402,0.33868890128336937,-0.12422817571130022,0.9921458658197898,-0.011008673718882263,0.009630700837488109
22.09485626220703,0.7340073791484489,0.2069450748300282,0.33978511700040526,-0.12543234092709715,0.9920464459402257,-0.0049507925970198935,0.009277208552896737
22.119842052459717,0.7336860022272492,0.2085423700802531,0.34054397315634993,-0.126610907920908,0.9919157155404079,0.0011546252347879214,0.00845920203212731
22.144841194152832,0.7333139229125728,0.21005906183111367,0.3413536836936537,-0.1277089090665786,0.9917574685600893,0.007155040591638039,0.00750756230390081
22.1698317527771,0.7328764750649219,0.21134579749643148,0.3418675456988,-0.12855994299839238,0.9915989274682115,0.012842409363873313,0.006243446659472431
22.189842224121094,0.7324934128497831,0.21233071017685715,0.34217226365430603,-0.12922160570083951,0.9914552305846148,0.017107521318124427,0.005063109562764022
22.214842081069946,0.7319713041571425,0.21363249920881858,0.3427259945227621,-0.13015037990842818,0.9912371510228799,0.022301688877805603,0.0035247289767008066
22.239845514297485,0.7313992033620819,0.21503054427885934,0.3431785492613739,-0.13120241615408454,0.9909774327539922,0.027321039917891452,0.0017929305684035593
22.26484775543213,0.7308045924316247,0.2165297753315601,0.3436395157021902,-0.13239478588937628,0.9906737966717543,0.032201466080745554,2.317986326005768e-05
22.289828062057495,0.7301887111636713,0.2181307607027666,0.3442198581581085,0.13369922349379945,-0.9903249886893377,-0.03712352238075753,0.0016668875344746901
22.3099262714386,0.7296556198329296,0.21948108116642037,0.3447184809939273,0.13478560839482506,-0.9900116072224858,-0.04123733986991108,0.0030559997046451536
22.329933404922485,0.7290895610722682,0.2209062381157368,0.34538150652101884,0.1359274083866908,-0.9896592350702426,-0.04559459215719154,0.004412624498811615
22.354942083358765,0.7283443158315834,0.2227456631523823,0.34640655906405,0.13738185054840668,-0.9891672784580535,-0.0513607339345076,0.006033023998385015
22.379902601242065,0.727558565638976,0.22466361707553403,0.34755861478549843,0.13888476986997123,-0.9886185866771913,-0.057331575563347656,0.007576359201980943
22.3999502658844,0.7268947854854353,0.22624641264887393,0.34863035510920065,0.14011938410326932,-0.9881389786263833,-0.06222146621627079,0.008741067572163388
22.424862146377563,0.7260203019066589,0.22821300021776086,0.3503611305719745,0.14166404057908016,-0.987494167858144,-0.06845131192134907,0.010049176496294008
22.44983458518982,0.7250770137616268,0.23001979680762902,0.35216992678767534,0.1430327334757345,-0.9868357802809161,-0.07461157458441678,0.01139705442063092
22.469869136810303,0.7242780428059171,0.2314729170288486,0.353935103033032,0.1441526847154204,-0.9862777388051983,-0.07952531588270395,0.012326782230963186
22.489961624145508,0.7234418731665699,0.23292324620911004,0.3556771354462798,0.14528468155266744,-0.9856963930387399,-0.0843644965228874,0.013327182104065693
22.515007734298706,0.7223490367995568,0.23464472406109782,0.35801885599726746,0.14662822803919975,-0.9849490753307028,-0.09035778721037041,0.014524188013042439
22.53983187675476,0.7212063692837253,0.236093230108842,0.36036518337987816,0.14771016699009312,-0.9842125219575102,-0.09621792348193066,0.01579649931457649
22.559847354888916,0.7202566329111834,0.23704279918579388,0.36220350016526026,0.14838092013685683,-0.9836357005664949,-0.1007847901283384,0.016921500808701154
22.5798659324646,0.7192591715263973,0.23775757572338985,0.36398637856128957,0.14879231757200623,-0.9830769618886829,-0.10531396181400073,0.018152208732849073
22.604865074157715,0.7179125649423496,0.2384754360065225,0.36604381747952547,0.14909526386820357,-0.9823959201816466,-0.1107777921243146,0.019928348515735644
22.629847049713135,0.7164754862816539,0.23910892365971115,0.3681278078428077,0.14934565424110158,-0.9817221360255822,-0.11593955158533154,0.021806961613606964
22.654839992523193,0.714958993380823,0.2396710287367031,0.36995675167669406,0.14952468238292518,-0.9810440681564585,-0.12091716029955776,0.02395717092016911
22.6748468875885,0.7136711727820295,0.2401519571616018,0.37140346972052,0.1497085522806812,-0.9804909360974908,-0.12474420819843686,0.025763464936781184
22.699827909469604,0.7119607989716714,0.24073283585763922,0.37289988490726406,0.14990830130684005,-0.9798032088629255,-0.12926462225104943,0.028351905326026078
22.71984076499939,0.7105424155189176,0.24118412348499566,0.37412925934761965,0.15009463381877355,-0.9792456151045574,-0.13274707227297627,0.030460482599121822
22.744834184646606,0.7086751489924278,0.24186085205235397,0.3753997600792858,0.15040625526185653,-0.9784974621535255,-0.1371389890638253,0.033370235477369656
22.76483654975891,0.7071261206344165,0.24253842059871197,0.37657891998131077,0.15083010393240529,-0.977840508042888,-0.14074127275272516,0.03563866891687562
22.784862279891968,0.705518699612129,0.243289469834599,0.3776059218776871,0.15129201144694124,-0.9771257594091259,-0.14452501010498803,0.03805915166791438
22.80489420890808,0.7038663848407034,0.24407636276564004,0.37874510346457313,0.15179914568723668,-0.9763740207026879,-0.14838085300996603,0.04042169622242105
22.82986879348755,0.7017280106946763,0.24509639166153024,0.3800842812673781,0.15242323538914432,-0.9753768451751516,-0.1533566820761067,0.043461422804955435
22.854809284210205,0.6994874271316714,0.2461440676295985,0.3814317291186555,0.1529794318478787,-0.9742957116979941,-0.15868037354272826,0.046537067491880205
22.874828100204468,0.6976379626648269,0.24701409437113334,0.3824717566018697,0.15337821458468506,-0.9733676058101876,-0.16318245256580774,0.04901137036212311
22.899830102920532,0.6952563820336866,0.2482761861727292,0.3838228576046401,0.15398311965495862,-0.9720820569873259,-0.1692121958918413,0.052085565237005915
22.92482614517212,0.6927876907068263,0.24951489834032217,0.38500530853787374,0.15443790036154947,-0.9706975043568541,-0.17559512682385495,0.05533210101749522
22.944836854934692,0.6907435952738212,0.2505562880071658,0.3860808592037137,0.15477899212363547,-0.9695045834432898,-0.1809892951282023,0.05785500262441036
22.9648916721344,0.6886376281405177,0.2515835222575481,0.38712639406283944,0.15501453363740908,-0.968235667097572,-0.18665084834784376,0.06042886836845028
22.989823579788208,0.6860111642394429,0.2527798245874423,0.38848838247497847,0.15515890934917456,-0.9666136928157838,-0.19380912754048882,0.06341690462848945
23.01480507850647,0.6833212636331868,0.25399105233165065,0.38989573864645616,0.15521503333822492,-0.9649163878837625,-0.20112253315135775,0.06629015370284463
23.034821033477783,0.6811202728973574,0.25491965536127714,0.39112084484717846,0.15517283754531438,-0.9635049684697059,-0.20708658044041958,0.06851798613378675
23.054832458496094,0.6788707880604032,0.2558611393819401,0.3924142357772816,0.15508273227120037,-0.9620288968902185,-0.21319848460255045,0.07068347658890048
23.07982301712036,0.6760093686144312,0.2570481408386267,0.39397885813385525,0.1548819223043476,-0.9600890995252995,-0.22102508043977476,0.0734058916751276
23.10488724708557,0.673119137087698,0.25818193103294373,0.39562102521988046,0.15456640738504057,-0.9580790284396825,-0.22894234444109,0.07602107532782364
23.12496590614319,0.6708022517462393,0.25914942598648844,0.39693748051876737,0.15436931602891119,-0.9564204657450995,-0.23523215246094775,0.07807586964788023
23.149893045425415,0.6678900832805282,0.2604130424521608,0.39860395491465456,0.15415698312222123,-0.9542753868753235,-0.2431042107830273,0.08058817070865094
23.174835205078125,0.6649878440167791,0.2616107068305355,0.4003638255697921,0.1539466442582968,-0.9521297782745749,-0.2507213637521895,0.08299466129011783
23.1998233795166,0.6621155521681685,0.2627285599356829,0.4020314289571429,0.1537074883147633,-0.9500370281877529,-0.2579010123826632,0.08538571847886497
23.219826698303223,0.6598750009353758,0.26361756069043246,0.4033940190113675,0.15357288967641855,-0.9483757785186048,-0.26343298813545785,0.08718836526585269
23.239840984344482,0.6576454162108005,0.2643999830345644,0.4047523556813284,0.15334671339848904,-0.9467490402727963,-0.2687756317618428,0.08894211602754815
23.259849548339844,0.6554208226078077,0.2650439301364666,0.4058824372431406,0.15295411005096426,-0.9451737995234664,-0.2738647710725132,0.09082739717888036
23.279853105545044,0.6532198422643349,0.26558382071470693,0.407191540445881,0.15255298191486605,-0.9436469168566598,-0.27873771372842415,0.09253848367707565
23.304883241653442,0.6504940959972476,0.2661698624241751,0.4084458341372502,0.15192540202858737,-0.9418082626986727,-0.28445235971826316,0.09488268325491292
23.329857110977173,0.6478379058494089,0.26678991442525457,0.409846933882778,0.1514551573935039,-0.9400048073071224,-0.28989682265716976,0.09701613139936059
23.354818105697632,0.6452321479867754,0.2674332957295999,0.4111264773161092,0.15104854788387004,-0.9382425579369117,-0.2950514327868992,0.09914580509813702
23.379848957061768,0.642708097053612,0.2681573544734408,0.41260461170405327,0.1508946590613271,-0.9365134045326072,-0.2999383662310784,0.10104663012766402
23.404857397079468,0.6402845938025123,0.2689157598880811,0.4142236089733262,0.1509202575997438,-0.9348165656085784,-0.3046060538437445,0.10274344977441574
23.4298415184021,0.6379772512088722,0.2696743920470172,0.41600187241763564,0.1510874155955764,-0.9331824435832599,-0.3090151992482561,0.10417641993361168
23.454813718795776,0.6357491449126541,0.2703712196383692,0.41784355623474934,0.1512761400581426,-0.9316040140401483,-0.3132249842141087,0.10544951274169702
23.474831581115723,0.6340607550714543,0.2707196890205411,0.4193525083725529,0.15128904581391572,-0.9304512871500044,-0.3163428484963264,0.10629783188214077
23.49987030029297,0.6320345380132167,0.2709995819161445,0.42130671826704275,0.15122876657095183,-0.9291171147731693,-0.31997532684780794,0.10717759749887065
23.52483367919922,0.6301058083135572,0.271149847211537,0.42333198095930163,0.15113815062360603,-0.927885302797953,-0.32334230774107275,0.10786971911663666
23.549867391586304,0.6282852077892899,0.27119101251914574,0.4254195319321388,0.15104020456673717,-0.9267587861407526,-0.32643813916412023,0.1083658166324903
23.57482647895813,0.6265789051420257,0.271209644749322,0.42768501567471356,0.15107110927966438,-0.9256932485137191,-0.32935360786986384,0.10860815153674858
23.599807739257812,0.6249818414157532,0.27121101782861334,0.43004017024887764,0.15119041355150187,-0.9246925551518154,-0.3320854387506509,0.10864804953025145
23.619871854782104,0.6237760309485989,0.2712057684153071,0.4319371593101395,0.15132701726953865,-0.9239269581911282,-0.33416822915907113,0.10858500998158128
23.639890670776367,0.6226500242302039,0.2711761432368199,0.4339352289445912,0.15150443097550473,-0.923192589351279,-0.33618883059086635,0.10834629918751511
23.664899110794067,0.6213503456838781,0.2710516962235387,0.436545123220079,0.1517288601422197,-0.9223503841029735,-0.33856092566198953,0.10781753827626897
23.68986463546753,0.6201414645341935,0.27086127963298534,0.43913609062893816,0.15194216870636296,-0.9215795303126294,-0.34075589401912304,0.10719219826459213
23.71481966972351,0.6190083209894357,0.2706656836348985,0.44175602699600247,0.15221560257205718,-0.920849119754164,-0.3428327020777376,0.10645678638624326
23.734875202178955,0.6181635092737187,0.27054151416800104,0.4439609170309577,0.15254727461554524,-0.9202770771997693,-0.3444437901044487,0.1057256149024653
23.759832620620728,0.6171922962045097,0.27045735316927844,0.4466755995106202,0.15306099246041013,-0.9195813447168893,-0.3463688103626922,0.10474316323112615
23.784807920455933,0.6163105208554964,0.2703981546821461,0.44940051090691496,0.15365294324732304,-0.9189185023295345,-0.3481888919414234,0.10365353171263735
23.80484890937805,0.61565378651592,0.27032624907026565,0.4515618917131313,0.1541246450558005,-0.9184187678786474,-0.34956677196542907,0.1027406080008282
23.829810619354248,0.6148855120332726,0.27019204691491033,0.4542887610709938,0.1547256827568828,-0.9178262932383635,-0.35120333221042943,0.10154347827426231
23.849831581115723,0.614307950026615,0.2700735270482935,0.4563902977447154,0.15521091341075563,-0.9173689020181991,-0.35243842676312337,0.10065299453502503
23.869901180267334,0.613749169729361,0.26996355368495073,0.45843698013254486,0.15572724297543084,-0.9169122915937258,-0.353627980658369,0.09984050588353119
23.894904136657715,0.6130890583523464,0.26986353811717795,0.46089576303928415,0.15641598613923527,-0.9163535890679155,-0.35503695028759236,0.0988883360812858
23.91991138458252,0.6124743503664117,0.2697610008282386,0.46330626272340053,0.15710231059975294,-0.9158263200986665,-0.35636852001465413,0.09789021075318546
23.939932107925415,0.6120353162731483,0.2696562873478161,0.46511627905665254,0.15757479500760277,-0.9154600711514158,-0.35733118056862634,0.09704364739224765
23.964908361434937,0.6115501502289099,0.2694447192405872,0.4672670494664893,0.15804937250681653,-0.9150753568868649,-0.3584014205704154,0.09594742728019763
23.989954710006714,0.6111932121451836,0.26913413973155637,0.4691445327299125,0.15837062420592019,-0.9148097987034524,-0.3592112067969002,0.09491620776402526
24.014864206314087,0.6109308539805175,0.26882801059287403,0.47085069197592133,0.1586507324628797,-0.9146099824613878,-0.35986716531807084,0.09388369611874765
24.034873485565186,0.6107771390363724,0.2686186827895265,0.4720446138095511,0.15884575642425883,-0.9144863271438534,-0.360299174952498,0.09309826884270628
24.05984354019165,0.6106643506037998,0.2683305973218442,0.4733741485236647,0.1590223538391744,-0.9143924607693872,-0.360703961307698,0.09214646474220842
24.084866046905518,0.6106742247463668,0.267922126295779,0.474413673057715,0.1589963133591018,-0.9144256057924113,-0.36085786298197353,0.09125561096992138
24.109810829162598,0.6107386485553233,0.26750090269884763,0.4751570611912246,0.15886111715329246,-0.9145164263303198,-0.36086836931336747,0.09053657524963318
24.129837036132812,0.6107904515572374,0.267193441675987,0.4755830184130534,0.1587078377513403,-0.9145896124046037,-0.36086229770266504,0.09008920698208443
24.149848699569702,0.6108598110841912,0.26684419147597027,0.4758944218630134,0.15848251818458062,-0.9146945650510218,-0.36079035799052295,0.08970764558865076
24.169865131378174,0.6109366098051002,0.2665083618346787,0.47619671545871733,0.1582979158066874,-0.9148141759957175,-0.3606606047049224,0.08933488379359504
24.194815158843994,0.6109832375977206,0.26627022812582657,0.4765572282246496,0.15825867951812647,-0.9149263121150375,-0.3604822440535478,0.08897519586314627
24.219822883605957,0.6109180631345327,0.2662932562093873,0.4768708909914234,0.15839125672394386,-0.9148643850673511,-0.3606253649804447,0.08879590565709222
24.24482250213623,0.6107444713504979,0.26645120638016717,0.4770461229803623,0.15854717103817775,-0.9146909955373109,-0.3609889758483748,0.088826440628279
24.269803524017334,0.6105153483600022,0.26645603933083456,0.47709193413762246,0.15844678700618264,-0.9144865225175531,-0.36152602379154064,0.08892665484916583
24.29004693031311,0.6102751652434799,0.266279099495348,0.4770817597388841,0.15811256276958335,-0.9143233192353504,-0.3620742082028676,0.08896939446332958
24.314865827560425,0.6099108621461233,0.26576086435793317,0.47694147283407934,0.15726644813540694,-0.9141730626797548,-0.3628317443201957,0.08892694234688654
24.339914321899414,0.6094245574651574,0.2651461604303883,0.4766441336365534,0.15621503495765673,-0.9140918058954224,-0.3635049307603321,0.0888661834500685
24.364912748336792,0.6087587524596005,0.2645487214970772,0.47627753291185965,0.15516467411891782,-0.9140520065170664,-0.364050917832576,0.0888807207044635
24.38984727859497,0.6077996538416822,0.26406944486393424,0.4757586846000301,0.15426400973945317,-0.9139515589040685,-0.36455230783172116,0.08942470648819743
24.414823055267334,0.6065765895467655,0.2635378874196549,0.4750981778226269,0.15345792940131237,-0.9137906908228958,-0.3649956440340102,0.0906389381307928
24.434831142425537,0.6054107877661865,0.26312352048769516,0.47459968744227965,0.15301025821323247,-0.9135955090991759,-0.3653231898306995,0.09203300281551376
24.459821939468384,0.6036760189084867,0.26266447338828625,0.47390999874217343,0.15265165905089847,-0.9132309124845637,-0.36577950385963537,0.09440405726347532
24.479843139648438,0.6020558972888734,0.26232241801017103,0.473275676389223,0.15245853607848256,-0.912851946555425,-0.3661832915753609,0.09678592572178828
24.499854803085327,0.6002896876666238,0.2620337456267657,0.4726815581888128,0.15241332018078246,-0.9124371661367282,-0.3665486336313716,0.09935138079984626
24.524810075759888,0.5979082921141537,0.26167802881122826,0.47198367240059275,0.15250522378530967,-0.9119040573258617,-0.36689473473948236,0.10276867504863689
24.544840812683105,0.5958300034603531,0.2614074244041732,0.4714163991711011,0.15265703661246074,-0.9114384588829182,-0.36714936679606164,0.10572183929109268
24.564863204956055,0.5936391088102086,0.26115341493551897,0.47092354845533574,0.15290069964676936,-0.9109505228098046,-0.3673858470399975,0.10871136295153881
24.589834928512573,0.5907400156982535,0.26082854121244964,0.47027820870859227,0.15324880890966242,-0.9103194328145201,-0.36763738532186974,0.11258812424818807
24.614840269088745,0.5876943450524761,0.2605408812571956,0.46989178159092393,0.1538754040853376,-0.9096383118495174,-0.3678595591176092,0.11644675349250941
24.63985776901245,0.5844046107924518,0.2603269974896998,0.46953349375913866,0.15469373930500618,-0.9088582568667155,-0.36810662591795523,0.12059862312781645
24.66482162475586,0.5809745865634998,0.2602005791879496,0.4694171171079917,0.1557180750523078,-0.9079950158394966,-0.36845593615246763,0.12464812644667111
24.684882402420044,0.5781476235834603,0.2600274404562135,0.4693315204284379,0.15647125236684642,-0.9072688634657082,-0.368808105165385,0.1279083192474429
24.70980954170227,0.574543571425209,0.2598081568994203,0.4693998480008312,0.15751573155838536,-0.9063157466233244,-0.36930803794903644,0.13187924340269302
24.729816675186157,0.57156663919933,0.25959372260282465,0.4695433918957559,0.15836738810738596,-0.9054924177049101,-0.369813156468828,0.13506102755984337
24.754814624786377,0.5678143196317517,0.25916438161327393,0.47002012785473585,0.15941055029789608,-0.9044022024094276,-0.3706411989139439,0.13881654943961066
24.774815559387207,0.5647781913537161,0.25870479666595136,0.4703523914029305,0.16009009185048642,-0.9034633216409382,-0.37147993462752016,0.1418726439803151
24.794825077056885,0.561721285535175,0.25814905593313187,0.4709542150380583,0.16080030526144343,-0.9024766838205082,-0.37247206726963683,0.14471923193567302
24.8200261592865,0.5578227277154543,0.25746828602474175,0.4715391886978801,0.16161958702724424,-0.9011575924877385,-0.37383803311319774,0.14845614702294724
24.84481406211853,0.5539311903437923,0.25662144417643745,0.4723233574435503,0.16235659882545128,-0.8997956588518009,-0.37538328766916873,0.1519720187007189
24.86485457420349,0.550860576009335,0.25585706465841856,0.47294853039859874,0.162861256130238,-0.8986780299351443,-0.37671739636706475,0.15471914244200013
24.884894371032715,0.5477765375243888,0.25498181165539746,0.4736604222981065,0.1632834490365002,-0.8975204547474304,-0.37819066157576164,0.157376529627509
24.909894704818726,0.5439737200773063,0.25372864403826867,0.4746131024095413,0.16366676778575842,-0.896048836977297,-0.3801759530241766,0.16054879512582704
24.934823274612427,0.540205415426306,0.2523259551537534,0.47554009210375825,0.16388680470191005,-0.8945706532659685,-0.38223489654781745,0.16364884790603326
24.959794521331787,0.5364202826937896,0.250979666724656,0.47638022673783426,0.16416948052016084,-0.8930758121552793,-0.38424571924734124,0.16679089498237495
24.97989058494568,0.5333830957544184,0.25006662641209687,0.47716604448947303,0.16466478134121873,-0.8918391880585732,-0.3858405820634832,0.16922002736611547
24.999902725219727,0.5303329042454341,0.2491469637390144,0.4778882095852635,0.16518910354409963,-0.8906041548814921,-0.3873712015071236,0.17169843220322137
25.024850368499756,0.5265216091161197,0.24811727553585156,0.47884616055717155,0.1660503706274434,-0.8890108260827326,-0.3892911415910099,0.17475535070764553
25.044862508773804,0.5234790801162476,0.24726476247912094,0.4796083675018016,0.16676324871422965,-0.887741100544616,-0.3907928503829728,0.17716293453108659
25.069809198379517,0.5196694475872139,0.24631979450363686,0.48060041884505794,0.1678905800685435,-0.8861342112198753,-0.3925815481254535,0.18016281775494275
25.089834213256836,0.5165927813424913,0.2456945721036156,0.4814708310963155,0.16902397285149684,-0.884827109732769,-0.39394957482096876,0.18252565568114085
25.114789962768555,0.5127558430020817,0.2450331203342695,0.4825271475044624,0.17062193938321304,-0.8831998581877583,-0.39552789511132785,0.1854827444454996
25.13480567932129,0.5096979212430797,0.24458964819713758,0.48343259333606386,0.17205828883665159,-0.8818866986679296,-0.39675446111589846,0.1877703212433032
25.159812211990356,0.5058875327543032,0.24407660697104222,0.48466423043568374,0.17397481698704598,-0.8802235433794982,-0.398302124850997,0.1905116638790052
25.17984628677368,0.5028438747011433,0.2436740645161075,0.4856554243721827,0.17550778814588497,-0.8788665968585903,-0.3995916213794724,0.19265787642778384
25.20484185218811,0.49909440239230957,0.24311249581459793,0.4870926516457618,0.17745307293576537,-0.8771682304920199,-0.40129368663216747,0.1950632702235733
25.229798793792725,0.4953126963815552,0.24265895386693653,0.4884699486345218,0.17944191320234024,-0.8753950327098178,-0.4030771302777776,0.1975169955732782
25.249826431274414,0.49231080106697145,0.24232989730114393,0.4897330551603728,0.18113801773768923,-0.8739659106774672,-0.4045488739123041,0.19928074196984788
25.27480912208557,0.48848285621015497,0.2421390794088152,0.4911522254102985,0.1833803341789407,-0.8720913658523517,-0.4063890956247258,0.20168342916440898
25.294834852218628,0.4854284182276465,0.24212329379969594,0.4924181834639164,0.18535446231382247,-0.8705470801769678,-0.40791434964269957,0.2034634803872224
25.314911127090454,0.4824159448788908,0.24206200282598678,0.4935984807745497,0.1872179695644553,-0.8690070437259382,-0.40944814133117435,0.2052520630525111
25.33991837501526,0.47865335717691254,0.24209782364906954,0.4950766360076823,0.1896039927334723,-0.8670211172877199,-0.41143946030635364,0.20746633129136882
25.359936475753784,0.4756785377960396,0.24212829742535577,0.496340540960508,0.19151033183341348,-0.8654156810389552,-0.4131050455866362,0.20910215953882838
25.37994694709778,0.4727124961773059,0.2421935887897818,0.49748380733684666,0.19330601419202087,-0.8637523714281503,-0.41486705829169324,0.2108315670715393
25.404944896697998,0.46907579615133277,0.24234848135467246,0.4989819383932037,0.19556839664135475,-0.8616473286081293,-0.41715317798542817,0.21283822362128346
25.42497158050537,0.46628598618720485,0.24235009459069348,0.5001792459172583,0.197178722777554,-0.8600160044724463,-0.4190215895711508,0.21427536211223755
25.449832439422607,0.46289483205917714,0.24238035887571774,0.5016453098812294,0.19913071670984056,-0.857992906448176,-0.4213587028308019,0.21599067965072277
25.474790573120117,0.4597027683283932,0.24228078287203203,0.5031936872364369,0.20097283649690317,-0.856081589135243,-0.4236241069127583,0.21743239817569118
25.494802474975586,0.4572531167258663,0.24219540443250895,0.5044135452361108,0.20238016264710612,-0.8545915525538172,-0.4254088887792614,0.2185013167424537
25.51484727859497,0.45493613365268376,0.24213168152855255,0.5056383918951064,0.2037338465146086,-0.853136265939032,-0.42719621891717313,0.2194411585524409
25.53981351852417,0.4523101513353505,0.24190342380172566,0.5071600944417934,0.20519108037199948,-0.851460394255271,-0.4293653859228121,0.2203569443466367
25.559868812561035,0.45034475913534233,0.24170510824843394,0.5083952098006004,0.20632201637233175,-0.8502200487295639,-0.43098730808129954,0.2209231417737623
25.584813594818115,0.4481045620918974,0.2413619621449326,0.509871846620635,0.20755567698981253,-0.8488320512122097,-0.43286159404015034,0.2214399019806345
25.604890823364258,0.4464876521463141,0.24109377196607099,0.5110659715673521,0.2085196956347445,-0.8478199779260258,-0.43425734192001236,0.22167855681249574
25.62985849380493,0.44470285266913284,0.24070749257192758,0.5125282694640111,0.20962832660266473,-0.8466672857802849,-0.4358912870059869,0.22183159781121536
25.649884462356567,0.4433863659467856,0.24038931844148131,0.5136957860333543,0.2104856046349562,-0.8458109079704295,-0.4371243911970147,0.22186028220557355
25.674848079681396,0.4417298324634495,0.2401972737932218,0.5151133758138362,0.21173380351637597,-0.8447033782787303,-0.438598688132783,0.22198240908052735
25.699865579605103,0.44009160384796564,0.24025239711778384,0.5164597670442752,0.21321240491272742,-0.8434966448262041,-0.4400429875813015,0.22229721014623113
25.724871397018433,0.438530153782168,0.24042327365999588,0.5177742072717877,0.21484873002148258,-0.8422006505294454,-0.4414759918877897,0.222793707367659
25.749855756759644,0.43692470319042653,0.24080328975617127,0.5191554428687751,0.21691813661980924,-0.8406601745654233,-0.44291227545285944,0.2237536796528523
25.774898290634155,0.43531644138309067,0.24146680397828774,0.5205711912517662,0.2193943336051422,-0.8389312906158714,-0.44433922957303523,0.22499570011443992
25.799805641174316,0.4337904108595667,0.24237076645549,0.5218837362618952,0.22205384924061386,-0.837075017426066,-0.44578600584027755,0.22643396440363658
25.81987190246582,0.4325971274029724,0.24322571482124808,0.5228410284671865,0.22424407968368096,-0.8355295993689527,-0.4469486966790588,0.22768782102270185
25.84483051300049,0.43110261286543344,0.24447330671165549,0.5239389811948179,0.22708908457553514,-0.8335211387246955,-0.4484007441886984,0.22936833167801116
25.869815349578857,0.42969708381075145,0.24587716131887705,0.5248419196405152,0.22991311693695085,-0.8314777802906221,-0.44986041769881474,0.2311066077185235
25.88985276222229,0.42867212373447106,0.24707770118624656,0.5254272832887161,0.23211118350069193,-0.8298468137447645,-0.45103332098785054,0.2324814133866124
25.90987277030945,0.42766869133714847,0.24838735441004886,0.5258962019268044,0.2342487759516787,-0.8281943313127098,-0.4522582038637973,0.2338464829423911
25.934808254241943,0.426454804605643,0.25008527495890776,0.5263630194620915,0.23678764105740083,-0.8261952787997799,-0.45378264084161385,0.23540239846321886
25.959838151931763,0.42537425475919255,0.25173080949773674,0.5266896476234686,0.23913054992425656,-0.8242508930689776,-0.4553059230137359,0.23690411950096493
25.984814882278442,0.42442084203418456,0.2532665138595652,0.5268514546134151,0.24123712144559248,-0.8223187550261694,-0.45686162927878027,0.2384826368136497
26.004854917526245,0.42371218477423434,0.2544464648786884,0.5269019918802966,0.24281755438017255,-0.820779939408432,-0.4581076787180039,0.23978590669413122
26.024856090545654,0.42303595700630336,0.25555632242533904,0.5269434311793059,0.24431240658291825,-0.8192617261167592,-0.45935916537569993,0.24106187856065403
26.0498104095459,0.4223019706492604,0.2567867407923002,0.526984027881379,0.24599889909508102,-0.8174210868398533,-0.4609445873488236,0.242564209699997
26.069826126098633,0.42181161995985805,0.25759982403572523,0.5270105472379394,0.2471602210165285,-0.8160174195545162,-0.46222601318198503,0.24366885083763634
26.089827299118042,0.4213893204235587,0.25825175076709883,0.5270478813098189,0.2481683511861196,-0.8146886633945842,-0.4634962564193528,0.2446754411279433
26.11480402946472,0.420974623248952,0.25883615486151756,0.5270751609932663,0.24920032532334838,-0.8131396221703073,-0.4650502828561439,0.24582796246742694
26.1398344039917,0.4207020546184861,0.2591925415232693,0.527095758132725,0.25006560965438107,-0.8116447280610348,-0.4665834851352695,0.24698153307066906
26.1648268699646,0.42048902736405647,0.25939432723449374,0.5271477801765311,0.2509221207276816,-0.8101068499135962,-0.4680935855036311,0.24830097918242372
26.18490958213806,0.4203952862754108,0.25936852025893,0.5271812913890748,0.25153443735398584,-0.808885028050548,-0.46924340338202203,0.2494916162982982
26.20979595184326,0.42035490012197585,0.25916969982479104,0.5272192326299876,0.2522054051607803,-0.8074053106206398,-0.47060412307376076,0.2510395533282648
26.229804515838623,0.4203751922799299,0.25893080850549843,0.5272425949031039,0.25265742539501607,-0.8062852072368014,-0.4716354645075118,0.2522466622230125
26.254791498184204,0.42058093713132394,0.2583965572556712,0.5272315942305423,0.25289189594721073,-0.8051160541852055,-0.4728451352158094,0.2534784139926223
26.274803161621094,0.42080661751578363,0.25789170337376577,0.5272421555760418,0.2530079172186136,-0.8042566593062248,-0.4737595881591438,0.25438174544091746
26.294811248779297,0.4210952310855761,0.2573092970806867,0.5272011354887948,0.25299815930824215,-0.8034759997411854,-0.4746241825520549,0.25524524395831205
26.314829111099243,0.42144585651832045,0.25662941617539753,0.5271542426310882,0.2529117652467484,-0.8027938868493006,-0.4753994220571595,0.25603320828533627
26.33484673500061,0.4218759377352921,0.2558368075977001,0.5270628347998265,0.2526512217482325,-0.8022824847425334,-0.47607456990530383,0.2566382253561464
26.3548686504364,0.4223553908975353,0.25499370179785436,0.5270144350971236,0.2523391263251845,-0.8019198367408338,-0.4766461798672851,0.2570174312861347
26.3798885345459,0.422942604339605,0.2539709661545807,0.5269896658353534,0.25196662768782024,-0.8016409956160682,-0.4771830078718368,0.2572565056081119
26.404911756515503,0.42353815494820357,0.2529823987788247,0.5270131229170806,0.25161000250176946,-0.8015743220840106,-0.4775201963905387,0.2571876257827359
26.42984104156494,0.4241304906404785,0.25196538192914003,0.5270693507225236,0.2511223276196596,-0.8017396693991804,-0.47772605865285483,0.2567662204546912
26.45479416847229,0.42474649682939025,0.2508711775989616,0.527190327399546,0.25047517187597446,-0.8020160837182917,-0.47794257375314503,0.2561313841080283
26.474815845489502,0.4252929324999307,0.2499224087686403,0.5272920396714363,0.24980881724706472,-0.8022931344380902,-0.47814657840193586,0.2555330327406726
26.49984121322632,0.42601650856228285,0.24866329224896577,0.5274369284041291,0.24882411249261138,-0.8026874721838354,-0.47844262680850524,0.25469989378476
26.524862051010132,0.42676718112745454,0.2473648453733081,0.5276209111929826,0.24771633206638266,-0.8031145957293346,-0.4787951979494053,0.25376903549226587
26.549827098846436,0.42755956208991186,0.2459992983467586,0.5278163122513891,0.2464929796968235,-0.8036083587341134,-0.4791456594442614,0.2527335628059072
26.574806690216064,0.42840947926266565,0.2444945885567168,0.5280013618194769,0.24511475736241137,-0.8041988115390165,-0.47945085069666477,0.2516146041243354
26.594841718673706,0.42909863933033693,0.2432367122475063,0.5281329977351084,0.24392356860320727,-0.8046797411223434,-0.47972735297741037,0.250705950692122
26.619849920272827,0.42995399751942354,0.2416629441665327,0.5282588890681293,0.24237288636168178,-0.8052476679042815,-0.48013449133776787,0.24960458232822538
26.64483094215393,0.4307743896357429,0.240139213101436,0.5283491979930987,0.24084924643954908,-0.8057746447056305,-0.4805534694642727,0.24857036312655076
26.669803857803345,0.4315633142316298,0.23864092325469471,0.5284566260414002,0.2393617347605184,-0.8062869392323903,-0.4809645741013301,0.24754880329992798
26.6947979927063,0.432323239379816,0.23713103029417515,0.5285689578139721,0.23788206893036518,-0.8068035266978055,-0.4813497610129454,0.2465412707077098
26.714799165725708,0.4329406475015498,0.23587280343637257,0.5286419858695592,0.23665169676906686,-0.807233867381145,-0.48164738180917976,0.24573411925405259
26.739811658859253,0.43370250396906307,0.23429520004222487,0.5286759913762445,0.23507635801949323,-0.8077719761087617,-0.4820063811216818,0.24477211661384218
26.764824628829956,0.43447640043796015,0.2326954814520804,0.5286491250633978,0.23343795956659902,-0.8082928033171034,-0.4823928526833136,0.2438577429962368
26.789785385131836,0.4352434312704069,0.23113075958899743,0.5285769721552036,0.2318017390605133,-0.8087902469842239,-0.4827760925423841,0.24300933031722438
26.809788703918457,0.4358907028119326,0.22995899888856075,0.5285490130942382,0.2305861203078099,-0.8091683206356938,-0.4830872839950264,0.24228773399268486
26.82981014251709,0.4365337222736177,0.2288575220581166,0.5285372690188066,0.22942060093580086,-0.809513193934813,-0.4834181397161272,0.24158120561234628
26.85478711128235,0.4372889131025105,0.2276367921671854,0.5285092763358773,0.22806176858172855,-0.8098786901232964,-0.48385384481730404,0.2407691713053347
26.874802827835083,0.4379114933366519,0.2270275764766752,0.5287670975622847,0.22723267404278238,-0.8100130735431044,-0.48445342071066466,0.2398937591900944
26.894834995269775,0.4386193144877456,0.22687869842776504,0.5294747012129655,0.22664472221585724,-0.8097755465559778,-0.48566388541987543,0.2388018519411687
26.919851541519165,0.4395227387298931,0.2271557376445694,0.5305815849144626,0.22608474646325782,-0.8091363906680656,-0.487608282242872,0.2375334751176281
26.94481658935547,0.440328361888249,0.22748581459971953,0.5316347863691189,0.22555617695288993,-0.8085206709417662,-0.489420212724885,0.23640344979420558
26.964855909347534,0.44092953740256546,0.227626990642138,0.5323007714456585,0.2252716765651703,-0.8080834938186725,-0.4907082557739247,0.23549765703852552
26.989800453186035,0.4416823177731178,0.2275971967754212,0.5328554267300141,0.2247623974038813,-0.8077049107439599,-0.4920332989750404,0.2345162565219956
27.009846448898315,0.4422069296401332,0.22749077752844532,0.533145262029828,0.2243278859982705,-0.8075342132569997,-0.49281014042496857,0.23388813453715038
27.03478455543518,0.4426202707080388,0.22731610402249794,0.5334122100845697,0.22399936951094987,-0.8075345166917947,-0.4932444098364507,0.23328574533206717
27.054807424545288,0.44279560201928936,0.22708022896708963,0.5334762509348414,0.22373923330890616,-0.8076675630001532,-0.4932924520726508,0.2329730024785914
27.079779386520386,0.44314225564308213,0.22651880878950992,0.5334503017512915,0.22306542019138126,-0.8079753271999199,-0.49333220177082965,0.2324672614519494
27.0998318195343,0.44358276938642044,0.22579676044322017,0.5334132238273216,0.22223611426778994,-0.8084666141876102,-0.4932641988915195,0.2316965113053787
27.124831438064575,0.44427992672716304,0.2246424247294862,0.5333599531313608,0.22083912858603347,-0.8097299680292862,-0.4926790198276512,0.22985830762084267
27.144848108291626,0.4450175188250384,0.22348128396793623,0.5333190073706882,0.21939043276624473,-0.8117075109490524,-0.49136252722277896,0.22707184220148663
27.169830560684204,0.4460072010432913,0.22184571191800628,0.5333032164268902,0.21771902965946568,-0.8152579142545227,-0.4883702861042523,0.22236776074772777
27.189846515655518,0.4467958724928641,0.22040316065161547,0.5333529469062918,0.216745511120475,-0.8188131659044833,-0.48485949683229684,0.21789366921077571
27.209880590438843,0.44758298203171537,0.21881696327754332,0.5334679255154221,0.21607144910660528,-0.8229446393426695,-0.4804053247637292,0.2128050126213927
27.229888439178467,0.4483892482155345,0.21701974064678345,0.5336200598814195,0.2154708286508691,-0.8276599007135707,-0.4750226628241321,0.20713493320726156
27.25480556488037,0.4493997743454402,0.21445040415812205,0.5338970737010568,0.21498062624859843,-0.8342914522707784,-0.4669067423591627,0.199346926099281
27.279817819595337,0.4503729718689856,0.21155259926812095,0.5343327102940413,0.21512080549209958,-0.8414988814207802,-0.45733305872496705,0.19091659176005663
27.299946308135986,0.4511351012698991,0.20902717675280277,0.5347488312165742,0.21560956372433937,-0.8474950306011233,-0.44883602324076854,0.18387744118954302
27.32483172416687,0.4520099292315063,0.20570991058947263,0.5353713928118498,0.21660015843618857,-0.8550723978947141,-0.43734755428482885,0.17510763114462116
27.349785089492798,0.45263288146453934,0.20236025627846063,0.5362350296348154,0.2184517546738715,-0.8624410852184877,-0.42505939847046226,0.16672946104090933
27.369816064834595,0.45296305366376916,0.1996107845240814,0.537076511009724,0.2202954645368484,-0.8680822651439292,-0.4148390065074273,0.16066016285006296
27.39477562904358,0.453290324783226,0.1959462045377388,0.5381847099800182,0.22290997147370972,-0.874758155487846,-0.40179139957501064,0.15386027834577085
27.41478967666626,0.4534493093610983,0.1929438795694276,0.5392176473667548,0.2251244281392291,-0.8798777818286856,-0.3911297387754725,0.1488341639028213
27.43479061126709,0.4535495928586276,0.18994024267040668,0.5403252836297082,0.22736841330075255,-0.8848285494443313,-0.38034131351368317,0.14395321446928258
27.459798336029053,0.45362278871091505,0.1861987865973087,0.5417696770610675,0.23017706744492178,-0.8906834950344074,-0.3669042402120622,0.13814017449734678
27.479811191558838,0.4536316636230814,0.18317476616673115,0.5429863926915341,0.23244931680785733,-0.8950701445248382,-0.3562334563980774,0.13384497016523567
27.499861001968384,0.45362949355271986,0.18011735753568123,0.5441534836605163,0.23466441363000756,-0.8992369242441777,-0.3455898205331685,0.1298970476778352
27.52479362487793,0.4536987494595452,0.17624162928611165,0.5455118494942037,0.23718511543504978,-0.9042087711995649,-0.33235686292563343,0.12525428043811174
27.544909715652466,0.4538820232723213,0.17308126993704928,0.5464702814821861,0.23886569887055875,-0.9080924841403787,-0.32180278401419327,0.12146681172871024
27.569815635681152,0.4543654263403425,0.16895940318531355,0.5474250739310306,0.24043911287882644,-0.9129337319605528,-0.3085534843719451,0.11634337681429838
27.58981728553772,0.4549877662053159,0.16548699752069784,0.5479976915599818,0.24116963386284765,-0.9168232761839904,-0.29789544209154417,0.11194013369120787
27.609827518463135,0.45581165975120824,0.16190057052358342,0.5483432887055913,0.2413165476566386,-0.9207258550507194,-0.2872041545112837,0.10744299558213734
27.634774446487427,0.45708809258361216,0.15730414777189863,0.5484959640702487,0.2407901696952368,-0.9255669020438783,-0.27386087945565885,0.10171638374814171
27.65478754043579,0.4582054463674506,0.1535902403711133,0.5484709643851768,0.24008674933750565,-0.9293176012514577,-0.2632177470920742,0.09717801403898886
27.67479419708252,0.459401164089661,0.14984780795984726,0.5482663944059464,0.2392626356894343,-0.9329145333924718,-0.25258271094187434,0.09287539330371469
27.69979238510132,0.4610259438030868,0.14505345540507805,0.5477452127886865,0.23810888261924856,-0.937159596899228,-0.2393558273307252,0.0880047605547802
27.71980881690979,0.4624352494798303,0.14113439677689915,0.5470728586408444,0.23717656355199812,-0.9403264536146896,-0.22889293424002882,0.08450717714527606
27.739813327789307,0.4638784069752813,0.13721971083236462,0.5462384196192308,0.23621270040859088,-0.9433022811327881,-0.21853407366574992,0.08140777126551939
27.75981831550598,0.46527240465970854,0.13337284955006534,0.5453152781550631,0.23559741025004774,-0.9459771837099753,-0.2083483301596457,0.07881625151780648
27.78479290008545,0.46691613006852944,0.12873845659114155,0.5440571963568128,0.23519400414834196,-0.9489166809370299,-0.19596569111527967,0.07640916802217657
27.80977725982666,0.46853043125365246,0.12427352204955491,0.5425807152404264,0.2349102683018284,-0.9515067607426887,-0.18399049987738758,0.07483011467428073
27.8297917842865,0.4697866508473909,0.12080021840459802,0.5413097707659186,0.2347561920500296,-0.9533711221111496,-0.17465399392948677,0.07395279726401535
27.85478687286377,0.4713797911139008,0.11660699615831446,0.5395584217330387,0.23471168667277295,-0.9554534135781361,-0.16324487383433947,0.07328239753108846
27.874837636947632,0.4726737427258206,0.11335799935833805,0.538008210444813,0.23476298552573738,-0.9569440629707292,-0.1542990139747177,0.07304940286242488
27.899850606918335,0.4742566443050831,0.10945351112858756,0.5359107530257997,0.23490723482607992,-0.9585761700321345,-0.14344217042419424,0.07331207961091539
27.924832582473755,0.4757887007792321,0.10574775388724257,0.5336687490801273,0.23516713358537744,-0.9599533821658408,-0.13295889327141572,0.07421493144653751
27.949803352355957,0.47731102166450223,0.10220895891567938,0.5312185772339519,0.2356084193297629,-0.9610960508647146,-0.12269326505071189,0.07569290894404268
27.9747896194458,0.47877987638971176,0.09888163747992051,0.5285435509232421,0.2363888488084102,-0.9619595811533614,-0.11258542068709804,0.07796537330780805
27.99982452392578,0.48015576551668476,0.0957846761672769,0.5257415442051666,0.23748929133791322,-0.9625459986649493,-0.10269733189689234,0.08097712624659321
28.024840831756592,0.4814941782135902,0.09299376432981998,0.5228188750996795,0.2388305984221691,-0.9628940476784763,-0.09317518013241319,0.08434087982693778
28.049790382385254,0.48283043665255954,0.09052836387844583,0.5196960132910871,0.24033142402988164,-0.9630287388707002,-0.08416887314504243,0.08793210748299284
28.074791193008423,0.48416870449205696,0.08840678025334525,0.5163904401439476,0.24202229195847652,-0.9629562888840307,-0.07572532363721995,0.0916846293218594
28.094791889190674,0.4852737301025134,0.08694103310964393,0.5135973477571092,0.24350563138520345,-0.9627724073249719,-0.06931475446439173,0.09470883797680911
28.119837284088135,0.4867903580029504,0.08533472990319238,0.5098943915198987,0.2454390853492178,-0.9624863011095119,-0.061612246661670256,0.09789640759893031
28.144787549972534,0.4885715582342612,0.08390459382482199,0.5058222705343189,0.24737538407112353,-0.9622136127030104,-0.054177836714548844,0.10007569581880862
28.16978096961975,0.4905426754700964,0.08262106654805323,0.5014881961685593,0.2492484740125327,-0.961956291226175,-0.047176826569779506,0.10143785786191101
28.189819812774658,0.4922010046006437,0.08170430186890872,0.49785070540837695,0.25067098092002227,-0.9617461259792326,-0.042024418434628355,0.1021880459924822
28.214792013168335,0.4943553453960229,0.08091411127836977,0.4931949264936451,0.2525356594603499,-0.9614479289127376,-0.03633286524373439,0.10258432430686217
28.239789485931396,0.4966230916564217,0.08071978408043724,0.48846969710461924,0.2546713922850388,-0.961095476667982,-0.03158671565391272,0.1021775223526851
28.264789819717407,0.4989690253842354,0.08126680261439162,0.4835528768377933,0.25715347467353483,-0.9606549048615809,-0.027985584761585656,0.10114865928061126
28.284969568252563,0.50091391217312,0.08225907106293992,0.4796346544146706,0.2593687486809294,-0.9602774841568135,-0.025949420783710073,0.09960739525834926
28.30983281135559,0.5033856844232956,0.08417921654294613,0.4745888525281763,0.26242274896620094,-0.9597450652091118,-0.024440608084139073,0.09708948093511627
28.32999062538147,0.5053593660238334,0.08615256599128562,0.47060765251452474,0.2650435367017855,-0.9592700313512548,-0.023913856056280283,0.09476844460299369
28.354825735092163,0.5077384804655639,0.08909419946555215,0.4654783983971119,0.26850479388932486,-0.9585695115461486,-0.024052354913788997,0.09203885818357094
28.374844312667847,0.5096155795385449,0.09187083229322074,0.4615398644376062,0.27143948954553027,-0.9579552281335751,-0.024783905542006136,0.08959990196922425
28.394880533218384,0.5114615790050034,0.09492201614857208,0.457515928292907,0.27445365927369075,-0.95728214950545,-0.0259677350516183,0.08724535452291408
28.419817447662354,0.5137427507908655,0.09896633228896051,0.45268466876103763,0.2782323154592438,-0.9563971993998603,-0.02789150451882306,0.08434002365403451
28.444798946380615,0.515977632212357,0.10307047335620649,0.4478906921398,0.281921812769817,-0.9554664552148568,-0.030117729882638052,0.08183438635719384
28.464831829071045,0.5177856184062526,0.10639550004249373,0.4443477329119594,0.28484264106945445,-0.9547104349958426,-0.03199923452865257,0.07980416109590466
28.489781379699707,0.5200672714178257,0.11045993875742768,0.4400017981309253,0.288270631691429,-0.9537815171585114,-0.03445827504483667,0.0775466808572738
28.509782075881958,0.5219719337384167,0.113675886945105,0.4368139892721018,0.29081551283907586,-0.9530867790768884,-0.03656867316099116,0.07559537806120976
28.529828786849976,0.5239315868378297,0.11681307676526277,0.4336895072213201,0.2932007470903377,-0.9524317416901381,-0.0387148126337438,0.07354089073093964
28.55479407310486,0.5265513903833261,0.12061255791896276,0.43014678824532293,0.29598273445056894,-0.9516999429024272,-0.04130512496670475,0.07039407814724347
28.574841022491455,0.5287255170388735,0.12348668014167051,0.42736975935943533,0.29801756172906885,-0.9511648592414561,-0.043280325322244725,0.06780676135331451
28.599830627441406,0.531628627836171,0.12682115217770243,0.4242002048269777,0.3003347673635076,-0.9505846500064754,-0.045462948222744826,0.06419478969253904
28.619839906692505,0.5339512306138593,0.1294006193845035,0.42161367397500715,0.3021082268546517,-0.9501288460326046,-0.04713335999214818,0.06135341538467726
28.644814014434814,0.5369121074928468,0.1326391419343337,0.41855354824420676,0.3044320036843048,-0.9495312122413276,-0.04902360964074394,0.057517978146724574
28.664885759353638,0.539306183216631,0.13523539813736027,0.4160661121467953,0.30654239972321506,-0.9489668041671386,-0.050201465877466614,0.05453049224541934
28.68982982635498,0.5422490052127015,0.1384990348229197,0.4130113650323297,0.30956149769035635,-0.9481256375342595,-0.051218858383959225,0.051049810418231915
28.71476984024048,0.5451444720613101,0.1417864303793375,0.40991054000636096,0.3130106594043002,-0.947144173182336,-0.05167833432923388,0.047661221837032086
28.734782218933105,0.5474053851149416,0.14453619134038312,0.40757754549041847,0.3160985023056806,-0.9462522079974678,-0.05174767089076062,0.044840542563758926
28.7547869682312,0.5495099271899995,0.14729281297322672,0.4050535493030256,0.31927776370228433,-0.9452990371955653,-0.0515940597483389,0.042538134432436654
28.779784679412842,0.552048784639764,0.15072442556657964,0.402070788373695,0.3234734434922606,-0.9440170833651621,-0.051018778538604134,0.03992194767720509
28.79993772506714,0.5539694276147824,0.1535069255952508,0.39958162852673323,0.3269862473171798,-0.9429153941970073,-0.050424342972669664,0.03805179479789363
28.824790477752686,0.5562936070638833,0.15701465498680514,0.3965856391622375,0.3314424355788401,-0.9414935697526161,-0.04957365015642468,0.035752247792736815
28.844907999038696,0.5580756672143433,0.159767387000209,0.3941155761692088,0.33501704751367384,-0.9403238434631686,-0.048772455907874636,0.03429132301988507
28.869803190231323,0.5601318480612189,0.16311190923262164,0.391123094362923,0.33956209300671863,-0.9387955492052663,-0.047568333175302166,0.03313239297404556
28.889825105667114,0.5616660155498543,0.16571404944577525,0.38868775215354434,0.3432080052392108,-0.9375426072890972,-0.04647273846296256,0.03259461975585456
28.91478991508484,0.5635857995155558,0.16894281521327903,0.38587752372994744,0.34772528074674436,-0.9359840650378602,-0.04490684759722315,0.03169123165245713
28.93484091758728,0.5650896610103309,0.17149926093485424,0.3836865977147218,0.35127642078877025,-0.9347461778441044,-0.043543184969396576,0.0309588476244981
28.959844827651978,0.5668249149377854,0.17466796877187246,0.3810555098901586,0.35568345127439344,-0.933176582369899,-0.041771476297744546,0.030428479652275412
28.979918241500854,0.5681695643742487,0.17711408053875657,0.3791114910744321,0.35907988259842283,-0.9319451774818127,-0.04033272782456242,0.030217464285272545
29.004889488220215,0.5697601922547118,0.1799784057731188,0.3767082739672115,0.36303462208403287,-0.9304867638134979,-0.038590877054966076,0.030182606651441523
29.0298171043396,0.5712727245931523,0.18270471146898887,0.37448333147298424,0.3667660231150482,-0.9290935954677987,-0.03695180422210229,0.030038963261408036
29.04981756210327,0.5724298965861394,0.1847969879045061,0.37278871089736054,0.3697253585557351,-0.9279723836210519,-0.035750382081288536,0.029871803734500386
29.074811935424805,0.5738565812263756,0.18730453304414038,0.370861919826487,0.37344009962529867,-0.9265449204621783,-0.03445349831121829,0.02949506419138206
29.099818468093872,0.5752336290346163,0.18968751525331104,0.3690662871816653,0.3771565684462551,-0.9250893929482582,-0.03345227867085018,0.029042778521229703
29.124772548675537,0.576501882018883,0.19202646130586942,0.36745616480689447,0.38080208101594976,-0.9236342718192646,-0.03281648076135385,0.028505887207120904
29.144834280014038,0.5774575731326976,0.193861487693758,0.3663397553965457,0.38344854787664534,-0.922562943752818,-0.032592836428373746,0.02797379057067221
29.169856071472168,0.578534687964687,0.19613559127627295,0.3649760081955615,0.38635294613595855,-0.9213613559065005,-0.03280579963029542,0.027357491935376076
29.194823741912842,0.5794437877867779,0.19848459066225393,0.3637496589233814,0.3888486333920524,-0.9202961427585091,-0.03368604589310483,0.026776860255883907
29.219867944717407,0.5801941325564218,0.20095087627253777,0.36266621430997914,0.39097643677513017,-0.9193519054020838,-0.03525459764686838,0.026203306372277878
29.244909524917603,0.5807753286120422,0.2036276157743113,0.36172702259504363,0.39282541200829757,-0.9184882091984322,-0.03756880314062678,0.02561621116268255
29.269888162612915,0.5811967147098493,0.20654997264899014,0.3608792274418235,0.3945370643221212,-0.9176465177930246,-0.040514823607409746,0.02497843722761334
29.29478168487549,0.5814988337121505,0.2096988160260065,0.36010669031677095,0.3963565800483512,-0.9167376030472367,-0.043727615610381465,0.02411481379721686
29.319807052612305,0.5816217010469096,0.21308173325965135,0.35944553022565606,0.398339052320167,-0.9157269551639468,-0.04721006094215052,0.02326699655440781
29.339807748794556,0.5815989435501719,0.21592167523711758,0.3589608830521903,0.40001903741574374,-0.9148531244580741,-0.05016402626285208,0.022629645234333307
29.359832286834717,0.5814869456357558,0.21885892454075295,0.35848882674843013,0.4017850964928989,-0.9139231396715979,-0.05321126235167664,0.021949773758436215
29.384800672531128,0.5812676799248951,0.22260227820986894,0.35788607368185976,0.40407776518750993,-0.912699107535646,-0.05707628197765007,0.021066485714140708
29.40480399131775,0.5810247055815368,0.22555472862845105,0.35738255714009326,0.4059580000829896,-0.911684857849347,-0.06007387307508575,0.02049272822344051
29.429769277572632,0.580588649585634,0.22922428767642472,0.356787205781297,0.40838096038961014,-0.9103598764061898,-0.0637597422414715,0.020114221103314713
29.44977355003357,0.5801699948300126,0.23208065608723946,0.3562390410434616,0.4103281264531352,-0.9092819989218008,-0.06661012786585176,0.020004148164565454
29.469797134399414,0.5797267115149899,0.23479157569153764,0.3556728920840738,0.4123536026204914,-0.9081802697800239,-0.06909964102891447,0.019958546991098784
29.494773864746094,0.579096643150665,0.23800806691534168,0.3547945433325975,0.4149586176846337,-0.9067901780831081,-0.07168185126891384,0.02006566071509681
29.51481294631958,0.5785708632060856,0.24051436424296727,0.3540820373004501,0.4170172650234054,-0.9057004933120807,-0.07346338009432966,0.020158096921361873
29.53979182243347,0.5778883885932539,0.24361322710873906,0.35321680099388936,0.4196400433822417,-0.9043254909489565,-0.07541608040476086,0.020249820419637892
29.55984854698181,0.5773690521770022,0.24594484042067735,0.35250022274624027,0.4217139204678538,-0.9032605593028036,-0.07658348687184564,0.020315039512327156
29.58483052253723,0.576756722238746,0.24867230162323328,0.3516437621882611,0.42434383686718424,-0.9019515494024003,-0.0774763243052877,0.020325595083159387
29.609803199768066,0.5760567575287545,0.25129296332027284,0.3507177229717613,0.4271531204459801,-0.900586181410647,-0.07790128180171516,0.02039930975764843
29.629804134368896,0.5754435113238517,0.25331269613349916,0.3499676125452098,0.4294294986670002,-0.8994958358804729,-0.07796228012556902,0.020479985015662613
29.654787063598633,0.5745915587874568,0.2557438944890268,0.3489661266315939,0.43241105984599676,-0.8980893190204916,-0.077654138605409,0.02064182990458065
29.679799795150757,0.5736896277092091,0.25812149678777124,0.34797388274481345,0.43544698152818234,-0.8966795779731948,-0.07694552222164448,0.020761679454934717
29.704795837402344,0.5727634942743962,0.26045684043020095,0.3469762443762684,0.4383601813667365,-0.8953413988101391,-0.07595464790539828,0.020857191327694678
29.72977375984192,0.5717792344970046,0.26287681244022926,0.3460521140451555,0.4413424591091031,-0.893970506685218,-0.07482596698994673,0.020848060554815483
29.749868869781494,0.5710339362779737,0.2647470305378027,0.34538395818549383,0.44397344295982105,-0.8927761557654736,-0.07355985496847038,0.020670398645577074
29.77478337287903,0.5702262661183345,0.26685706772687956,0.3446057417195336,0.44769821987547465,-0.8911138208017158,-0.07123215914539445,0.020209943086151108
29.799808263778687,0.5695406353269317,0.26874081765408153,0.3438342751295613,0.45182193273318066,-0.8892863781975336,-0.06815343403588325,0.019539398215280973
29.824782133102417,0.568979876189731,0.2704064013828441,0.34309414156992757,0.45611610961834,-0.8873931088395997,-0.06436966146308574,0.018657749416218783
29.844836473464966,0.5686267008797216,0.27159861664635376,0.342523639634464,0.4597143087326273,-0.8857984861039425,-0.06088670634032265,0.017793407580216546
29.869770765304565,0.5682735786267538,0.2730035763259031,0.3419101127641601,0.4645085515777431,-0.8836347084356652,-0.056126965150872475,0.016470316997551526
29.88980793952942,0.5680550883615318,0.27400373858112914,0.34141644420985134,0.46846265020957367,-0.8818142071584062,-0.052069228268735876,0.015337694741342759
29.91476345062256,0.567811050905223,0.27518286516693036,0.3408102956360696,0.4734371536112252,-0.8794646858225976,-0.0469716532010171,0.013884947494893773
29.93478035926819,0.5676241463177577,0.2760968172898605,0.34031625984371994,0.47736372195771437,-0.8775562083486024,-0.04308584367920608,0.012751008690108524
29.959761381149292,0.5674533180916385,0.2771157360270209,0.33967052188350955,0.48194265970790856,-0.8752811496228575,-0.0385182981617159,0.011424647679087756
29.97978639602661,0.5673724406259042,0.27780113639802934,0.3390850536436048,0.4854132137934821,-0.8735146937383154,-0.035155413773720556,0.01049707486230355
29.999807596206665,0.5673080268409652,0.27840436215614334,0.3384571275850857,0.48860045477755365,-0.8718636111777498,-0.03208203106519729,0.00970476060539207
30.024768352508545,0.5672415010964147,0.2790384090896295,0.33758039594335115,0.4920802564533867,-0.870029710791654,-0.028721134000461165,0.008967720445525195
30.044806718826294,0.5672143941589993,0.2794417342951882,0.3368409076991762,0.4944993388988851,-0.8687340172060906,-0.026429165919795397,0.008550459987635867
30.069862604141235,0.5672403028325643,0.27976357010251024,0.3358228032000172,0.4970007203900009,-0.867377904367387,-0.024025631798305667,0.008283958263776123
30.094754934310913,0.5673368621956635,0.2798435891808902,0.3346918491913261,0.49881963272605223,-0.8663838055037419,-0.022106054278435414,0.008330542107411468
30.114829301834106,0.5674506079644657,0.27976391366592374,0.3337478870596702,0.49981212422484395,-0.8658388314333642,-0.020920058691729523,0.008562102898889682
30.13980531692505,0.5676210428252702,0.27953759689158375,0.3325354080119784,0.5005432872406785,-0.8654359265455368,-0.0198723930787314,0.00906436080986242
30.159815788269043,0.5677386011585781,0.2793354477037895,0.3315679201403164,0.5008287580761692,-0.8652757002178035,-0.019402851267407928,0.009594115895066929
30.184779405593872,0.5678526037529239,0.27909262653272787,0.33036215889044107,0.5008777608969276,-0.865241824578695,-0.019237820561521225,0.01039037534295167
30.204837799072266,0.567913681323416,0.2789274443407288,0.32945671972752644,0.5007406881950298,-0.8653096221373111,-0.0193791769678472,0.011066549675087928
30.22977328300476,0.5679670841931184,0.27873621948995747,0.32836112984484345,0.5005474936389135,-0.8654048093031804,-0.019618063631306085,0.011910257141040919
30.2497820854187,0.5680074495802161,0.27858095586962156,0.32749745693366294,0.5003807040055046,-0.8654871920504362,-0.019818042437455916,0.012582394394910618
30.274769067764282,0.5680588919463143,0.27839295391815233,0.3264629843582292,0.5000824315427282,-0.8656384065813,-0.020193451426310533,0.013413993912977934
30.29477286338806,0.5681034462321771,0.2782330520720461,0.32570079923898176,0.4998115114778723,-0.8657774533090427,-0.020508363640610237,0.014044976189529948
30.314805030822754,0.5681364300589226,0.2780770327601159,0.3249882457350278,0.4995585014229557,-0.8659067947406203,-0.020789778229510992,0.01464621451547423
30.334851503372192,0.5681593064621058,0.27791325894342367,0.32428436036308594,0.4993071998760985,-0.8660347679842839,-0.02105884826003538,0.015252072140126166
30.359766006469727,0.5682019836169531,0.277698928555404,0.3234574917869842,0.4990113943894283,-0.8661859568538843,-0.021330428079467886,0.01595397306656067
30.379810571670532,0.5682283974173775,0.2775318938245446,0.3227430183088907,0.49879684133134233,-0.8662934173260639,-0.021529407746687122,0.01655025007651626
30.399910926818848,0.5682684173936807,0.27736489245431206,0.3220683342234663,0.49858155119290926,-0.8664019127569814,-0.021717676798940308,0.01710277448028035
30.424804210662842,0.5682857589992156,0.27720475529684985,0.32124052680411264,0.49832251414369294,-0.8665289242717809,-0.022032354875479266,0.01780086054445156
30.449833869934082,0.5682461036683265,0.277144428071665,0.32044856467736915,0.4981102056728695,-0.8666254176622022,-0.022472117857092456,0.018482759132729062
30.474783182144165,0.5682044204853396,0.2770909781805028,0.31966509874283117,0.4979061277671193,-0.866716178947969,-0.022927332468061275,0.019154386124108195
30.499762058258057,0.5681854414319133,0.2770333545403745,0.3189379553707108,0.49770874187306835,-0.8668040852317753,-0.023366788444035346,0.019765608680303318
30.519870042800903,0.5681829448453024,0.27699387090402605,0.31841643371445916,0.49755675676972366,-0.8668721327166516,-0.023709362279312345,0.020195183898542593
30.54482889175415,0.5681465288376943,0.2769796900398981,0.3177447338260679,0.49741340859328137,-0.8669288618839212,-0.02415677546644022,0.020753302950865776
30.569792985916138,0.5680767800691552,0.2769987686416373,0.3170434194475183,0.4972965637465311,-0.8669681758935398,-0.024631259737982112,0.021345039642679642
30.594798803329468,0.5680125153989141,0.2770141051464084,0.31635047814091305,0.49714205110715626,-0.8670276293038746,-0.025133801520686578,0.021935429461299758
30.61482524871826,0.5679651079550857,0.27701708128686686,0.31578219136451235,0.49700175826658033,-0.8670837909143067,-0.02554049821805172,0.022419517489678874
30.639822959899902,0.5679123543352276,0.27704458548548005,0.315126912780332,0.4968422559696588,-0.8671456770371724,-0.026051205101425185,0.022966980463229033
30.659961700439453,0.5678791167216076,0.27707648339376945,0.31459838113904925,0.4967213531635863,-0.8671910788897372,-0.02646216890174708,0.02339409374830526
30.684826135635376,0.5678309284838203,0.2771383029278728,0.3139754560310185,0.4965933326298757,-0.8672352410223677,-0.02696546137772438,0.02389482389552121
30.70978283882141,0.5677523834169044,0.2772665700589896,0.31337247567850124,0.49651537071723445,-0.867249201080003,-0.027516024198035283,0.024375772405786877
30.729792833328247,0.5676561594283475,0.2774126906533369,0.31291535426281614,0.4964797294171759,-0.8672430119376036,-0.028012633038509073,0.02475336165930577
30.75475764274597,0.5675474775001054,0.2775967815460486,0.31236120179665827,0.49642663333167325,-0.8672389594330452,-0.02866849699455482,0.025205202649726567
30.77476954460144,0.5674893529101183,0.2776654125464313,0.3118936959602443,0.49634508822681095,-0.8672588298073114,-0.029130316607599866,0.025594924666807406
30.794771671295166,0.5674591545977256,0.27770352186312663,0.31142082902753926,0.4962468231129203,-0.8672891598286563,-0.029557499772961876,0.025979953835646486
30.814865589141846,0.5674269877058885,0.2777377143525653,0.3109619090750278,0.4961629272536021,-0.8673119669760352,-0.029959721863003,0.02635747759440187
30.83976125717163,0.5673872580609842,0.2777732201708516,0.3103434896345938,0.4961191386194793,-0.867305409712863,-0.030429166286409504,0.026855025924205383
30.85977816581726,0.5673754553449541,0.27778398258339687,0.30986994759876363,0.4961601283350901,-0.867259517692756,-0.030746435462856898,0.027216038071709
30.879810571670532,0.5673936452837057,0.2777707921677983,0.30940995407486893,0.496226980201974,-0.8672026171838678,-0.030985574389674978,0.02753723022912519
30.90478253364563,0.5674234646571145,0.27776243121131944,0.30888576033534704,0.4962174290523771,-0.8671879233512368,-0.031237595667197,0.02788514506882266
30.924800872802734,0.5674307479591513,0.27776725086883314,0.3084452459328627,0.49618371132041206,-0.867189860446759,-0.031449096543430026,0.028185543903017845
30.944843530654907,0.5674249176136205,0.2777984212878396,0.30802411706048877,0.4961641881746176,-0.8671834354402926,-0.031676042013087914,0.02847131948801334
30.969786643981934,0.5674042695489877,0.2778824462947332,0.30751054848573706,0.496167537741865,-0.8671583794608745,-0.03200032316462999,0.028811434176953112
30.98983597755432,0.5673869195819923,0.27800182482502755,0.3071517220684132,0.49619622434444827,-0.8671237800630741,-0.032296694347216916,0.029027237721000573
31.0147488117218,0.5673413166523018,0.2781882953389764,0.30668896867362844,0.4962621089571811,-0.8670607899998688,-0.032717700807445814,0.02930968631454242
31.034765481948853,0.5673082196556868,0.27831735888198733,0.3063293252286883,0.49630490767475316,-0.867016623365857,-0.03303791237147738,0.029531504723178288
31.05484890937805,0.5672879040656469,0.27842718569619157,0.3059448887323528,0.49632537277673744,-0.8669847610704884,-0.033351547352106874,0.029769492753924
31.074860334396362,0.5672860678346867,0.27857726690988793,0.3056215906437939,0.49635123968821543,-0.8669509404712618,-0.03369510275998013,0.029935826797429173
31.09989047050476,0.567255763964693,0.27878582819532616,0.305191137406031,0.49640719818260115,-0.8668929988969708,-0.03414586447427384,0.030174194191641603
31.1248517036438,0.5671976782883829,0.27903786179397716,0.3047982342383266,0.49650652213624014,-0.8668096087889143,-0.03462557465324276,0.030388240608918992
31.149879932403564,0.5671475165661487,0.27926525720823686,0.30437942607541074,0.49658894358626593,-0.8667355931999301,-0.03508599963144672,0.030623605572978708
31.174813985824585,0.5671856374255816,0.27953798144138015,0.3040885365913129,0.4966443478270235,-0.8666812875965366,-0.03558357118044776,0.03068789604254977
31.199835062026978,0.5672746412684855,0.2798056641651808,0.3038251114160069,0.4966676237332748,-0.8666465722942815,-0.0360923099021023,0.030697482497563693
31.22482132911682,0.5674212063081622,0.28008652544365303,0.30368621637104604,0.49667110090727,-0.8666279759127281,-0.03659340978317735,0.030572720673679936
31.24979853630066,0.5675667060871792,0.2802632308971794,0.30370905438050194,0.49664975146036705,-0.8666339363084042,-0.03690317257127128,0.03037763432818972
31.274766206741333,0.567739712234463,0.2803438580498274,0.30397468030182834,0.49659352149329694,-0.8666733371063924,-0.03701814695113753,0.030030949970192802
31.299768686294556,0.5679105116174449,0.2803534537788084,0.30444884324467597,0.4965281218557949,-0.8667284878835336,-0.036976114513152816,0.029568893334944567
31.324793577194214,0.5680300508001327,0.28032057085557005,0.30514294273876835,0.49649655843290774,-0.866773779525093,-0.03678369573088188,0.02900590147551349
31.34480619430542,0.5681670705401914,0.28026149200173933,0.30587788551824513,0.49644873441838483,-0.8668312999134654,-0.03653671213460799,0.02841162175951638
31.36976671218872,0.568367712544373,0.28017570224669675,0.3069630222857771,0.49638483042696396,-0.866913608963396,-0.03611985660287593,0.02753635188459236
31.389846801757812,0.5685326286166785,0.2801241843434692,0.30801884803454216,0.49635270478126525,-0.8669747258757552,-0.03572461765098452,0.026693985139519354
31.414783239364624,0.5687416689535997,0.2800933415175725,0.30955752115880286,0.4963362315207016,-0.8670430231836438,-0.03518447860673265,0.025471428969645587
31.434800386428833,0.5689170842874768,0.2800742656021569,0.3109254659548002,0.49632688470170483,-0.8670984985523125,-0.03471435163777812,0.024387109731284034
31.459885597229004,0.5691469239318068,0.28005499256918975,0.312845255152006,0.4963185500462717,-0.8671707012206222,-0.03405565099786275,0.02287103976179434
31.48476243019104,0.5693442448605525,0.28005909962607356,0.31491273198226855,0.4963384635168071,-0.8672277797476353,-0.03334719831385302,0.021261985625155546
31.50482749938965,0.5694945679223808,0.2800794932856722,0.31667127387642807,0.4963642070147492,-0.867268113186888,-0.032753429136998184,0.019894891899655754
31.529786586761475,0.5696556553679375,0.2801246609262486,0.3189297812687231,0.496412414167062,-0.8673067154997823,-0.03200523400976969,0.01815051805082649
31.549792528152466,0.5697606792810285,0.28018954738137536,0.32078064038982373,0.49648292132977306,-0.8673163892266222,-0.03142048909069416,0.01672550962903695
31.56980872154236,0.5698586416139073,0.2802511409645732,0.3226234158770416,0.4965633646702787,-0.8673175900585356,-0.030834143561730434,0.015306156701420619
31.59475827217102,0.5699832055559102,0.2803091397555786,0.3249514146093232,0.4966527578738005,-0.8673228497996972,-0.030073672945129925,0.013516157253430219
31.614766359329224,0.5700863147805082,0.28031830306903494,0.32673976216574957,0.4966960610459377,-0.8673397932796083,-0.029447996060611232,0.012145841381232878
31.634770393371582,0.5701844390370974,0.2803243572610049,0.32850800291970744,0.4967331241984042,-0.8673573556792566,-0.028826551350184384,0.01079123767054491
31.65978741645813,0.5702941266246366,0.2803345839984328,0.3306577532977739,0.49677703696432696,-0.8673758042493784,-0.02807401229523972,0.009145467821553236
31.679810285568237,0.5703762863679689,0.2803431457802836,0.3323717680680818,0.4968110282340662,-0.8673883887194207,-0.027474287433416827,0.007832551883753135
31.699851512908936,0.5704563325058786,0.28034367050388426,0.3340359083010479,0.49683449647738986,-0.8674039542619834,-0.026886351379777088,0.00655647402405726
31.72477674484253,0.5705480777182214,0.2803495662809292,0.33614224314965463,0.4968643322454847,-0.8674201010697816,-0.026149112172930082,0.004942422282319021
31.74976396560669,0.5706246111167451,0.2803593522572282,0.3381919185312888,0.4968797998074568,-0.8674398429386465,-0.025439774171315085,0.0033765812732216576
31.769824981689453,0.5706790669555039,0.28036825791854336,0.3397998659224378,0.496865171034619,-0.8674679406419241,-0.02489471961103174,0.002150971851009504
31.78985619544983,0.5707250814412915,0.2803754157362044,0.3413556452727246,0.49683504250118865,-0.8675020734076907,-0.02437520590100517,0.0009707889991955853
31.814757585525513,0.5707780584472507,0.28038231291249066,0.3432164659292709,-0.49678917322802724,0.8675460580531753,0.02375200091128635,0.0004432781851331297
31.839796781539917,0.5708266360721294,0.28038272210388504,0.3449795241453074,-0.4967691780806691,0.8675724253327936,0.023135819710532746,0.0017900772005272306
31.864794969558716,0.5708745444092279,0.2803705701737727,0.3466409872313859,-0.49677024705469036,0.8675840274253067,0.02253679816270647,0.00306099934236088
31.889790534973145,0.570923526993119,0.28034047321218775,0.3482046446424477,-0.4967746251460893,0.8675914956745557,0.021951276893722615,0.004255571827885927
31.909794330596924,0.5709669401901082,0.28029659958591996,0.34934718216096367,-0.4967626281931522,0.8676049984128507,0.021498240644390144,0.005126754187199138
31.929858207702637,0.571016617606222,0.2802329129942129,0.3503939882921262,-0.49673342797947845,0.8676274504541475,0.02105741546454147,0.005924019032861132
31.9548180103302,0.5710827116062993,0.2801338345733258,0.3515644953209865,-0.4966804564136947,0.8676638205431171,0.020532852461951436,0.006813274439926699
31.979890823364258,0.5711562258786682,0.28001280121269745,0.35258147080895436,-0.4966077942509602,0.8677105641780297,0.020038651927527375,0.007584716890859788
32.00484275817871,0.5712323105288182,0.2798797026759535,0.3534708168734263,-0.4965235147012912,0.867763177596226,0.01957760013611335,0.008257392426223871
32.02485704421997,0.5713015284253898,0.2797520296164431,0.35410136095418876,-0.4964387924594228,0.867815125052253,0.019214150513922956,0.008732152777262399
32.044896602630615,0.5713697739407412,0.2796237484983008,0.35464116046475364,-0.4963521999660189,0.8678677774140967,0.018881499179707183,0.009138025162958781
32.069754123687744,0.571463611296211,0.27944278959839347,0.3552066501713288,-0.49622727520284515,0.8679432645482615,0.018481755428803676,0.009560626956029567
32.08980345726013,0.5715361570152104,0.2793014638367914,0.35560163883422813,-0.49612869166944573,0.8680025825695628,0.0181856924347349,0.00985487424874936
32.11476993560791,0.5716255769856051,0.2791238262162164,0.3559794073603845,-0.49600298553395944,0.8680780703406218,0.017855361601951877,0.010133518539978018
32.13978958129883,0.5717094274138631,0.27895645408532366,0.35628596142629404,-0.4958838910245296,0.8681494493162162,0.01756135248438391,0.010358531369253902
32.164762020111084,0.5717862462289891,0.278801866535661,0.35649852068106713,-0.4957732048660963,0.8682157552779115,0.01731547967394216,0.010512173364904072
32.18481159210205,0.5718475845016793,0.2786776566156582,0.3566267007418174,-0.4956837111923208,0.8682693837378263,0.01713208114717329,0.010603184304528106
32.20987892150879,0.5719196326129511,0.2785311046864722,0.3567160207693933,-0.49557745037196144,0.8683331334217893,0.016936845761971134,0.010663176792103959
32.234761238098145,0.5719767959990235,0.27841393488410643,0.3567343206800711,-0.49549140524222823,0.868384795704351,0.01680049200049724,0.010670397779579356
32.25976014137268,0.5720162369405155,0.27833187142333776,0.3567001271967034,-0.4954304968267706,0.868421463965093,0.01672100511823005,0.010639160029274076
32.28477668762207,0.5720500766724435,0.27826088927776443,0.35663068645252083,-0.495376376539239,0.8684540716193881,0.016667567848856306,0.010581268139859162
32.30975413322449,0.5720933785996434,0.27816286555096015,0.3565155419012326,-0.49530310368245134,0.8684983550061336,0.016598871672128073,0.010484287991986748
32.33477854728699,0.5721431432299457,0.27804619458765284,0.3562922161422064,-0.4952101527136954,0.8685544574966996,0.016551016582228288,0.010301595109428005
32.359785318374634,0.5721995776377249,0.27791107564528966,0.3558556794923545,-0.4950774553770549,0.868633943477309,0.016562826628695675,0.009952798137218806
32.37978792190552,0.572254789316649,0.27778583991404204,0.35533069592774674,-0.49490785498713713,0.868733653985643,0.0166466917106707,0.009536307418710302
32.40479063987732,0.5723341850793289,0.27760265050560307,0.35451793802341225,-0.4946364649370997,0.8688926418352414,0.016768361047314002,0.008897560639722992
32.424808502197266,0.5724255699125882,0.2773910299846291,0.35378204000351327,-0.49442287273833424,0.8690194724074647,0.01679242200904295,0.008318296223193663
32.449806690216064,0.5725924138047963,0.27700993781591055,0.35281638321907954,-0.49413576727880265,0.8691915323270539,0.016699132829066522,0.0075539783962673
32.47477173805237,0.5727965334120738,0.2765605796477428,0.35185956492827625,-0.49379938819333946,0.8693921851360824,0.016528579648566556,0.006796962503059871
32.49976181983948,0.5730031652931323,0.2760986708028669,0.35088318883056474,-0.4934557040969693,0.8695963452503139,0.016351903374367552,0.006023260967225422
32.51976227760315,0.5731695846004645,0.2757226280951225,0.35012776763157216,-0.4931763455980377,0.8697616614942161,0.01619685345845413,0.005422755021826458
32.53978776931763,0.5733347754257054,0.2753488008015143,0.3493482174809308,-0.49289518729174386,0.8699272877642752,0.016055191920683103,0.004804077035891819
32.56477165222168,0.573531015164801,0.2748970123915819,0.3484134720703367,-0.49255643259312615,0.8701261821610633,0.015877757319105068,0.004060129537669733
32.58478021621704,0.5736791642132193,0.2745599486925491,0.34768122915114497,-0.49230165800029874,0.8702750532854201,0.01575730095411647,0.0034808942037838878
32.60979700088501,0.5738655604468452,0.27413087997082775,0.3468084772535549,-0.49197879386028587,0.8704632411136376,0.015583415432328558,0.002787368727878049
32.63481783866882,0.5740429320780779,0.27372378822013826,0.34596421760697704,-0.49167091920368466,0.8706418877344794,0.015424660212195683,0.002119044982498863
32.65488648414612,0.5741830908201564,0.27339904933282166,0.3453002961980142,-0.49142569133239505,0.8707837363224837,0.015295060437461722,0.001592345204869596
32.679770946502686,0.5743661548964042,0.2730106329318848,0.3445238991587193,-0.4911227367946472,0.8709582667844413,0.015138731870754173,0.0009867518960177911
32.70476150512695,0.574534421925766,0.27261786819345646,0.3437945403763359,-0.4908251925889589,0.8711295454119188,0.014959353193712163,0.00040385996471301483
32.7297523021698,0.5746967272117411,0.2722333445983982,0.3431454638927827,0.4905370466726678,-0.8712953118295305,-0.014760675695486414,0.0001193584688239194
32.74975299835205,0.574834400158488,0.2719128967470451,0.3426468236395026,0.4902969718309598,-0.8714333054832365,-0.014580870312508262,0.0005214398425053698
32.76978898048401,0.5749711473975685,0.27160170347732515,0.34221320032529384,0.4900630937813127,-0.8715677524354141,-0.014389504004658098,0.0008713800016834521
32.79474925994873,0.5751363740128747,0.2712233193389595,0.34172425783800464,0.4897741498828431,-0.8717335708750311,-0.014150859613907786,0.0012714896588141528
32.81480813026428,0.5752529281916109,0.27094959055393725,0.3414159104073112,0.48954710878370544,-0.8718632576853776,-0.013990250608107858,0.001536593047898199
32.8397581577301,0.575366693178922,0.27067706826201604,0.3411062211923189,0.48929974652409364,-0.8720036333759874,-0.013861427066140665,0.001811690736421539
32.85981559753418,0.5754255106465916,0.2705302244377269,0.34091611982851966,0.48914785253496285,-0.8720890379158698,-0.01382560807756147,0.001985158701735791
32.879854917526245,0.5754460243435929,0.27046573472890306,0.34077142227931995,0.4890418486820115,-0.8721472084416854,-0.013885466795531078,0.0021238739552821738
32.90476393699646,0.5754264146066699,0.27048187466983925,0.34065802070557855,0.48896325860686296,-0.8721880478112115,-0.01406740629845224,0.0022470133546480266
32.92977499961853,0.5753791193238912,0.2705588677630073,0.3406017160214352,0.48891650943086606,-0.8722100294923018,-0.014314082834543196,0.0023277240708639707
32.9498393535614,0.5753179366738225,0.27067169973095506,0.34059701426527433,0.48890814930854437,-0.8722104536948112,-0.01456605468472804,0.0023613718631143948
32.9747416973114,0.575195875972421,0.27091264509272167,0.3406462737127107,0.488968083831783,-0.8721699085123837,-0.014977105104759697,0.002355839593154383
32.99481248855591,0.5750649095750858,0.2711775177640075,0.34073332258310773,0.4890635390678605,-0.8721095381950368,-0.015377153178035598,0.0023132934357373964
33.01978850364685,0.5748763024256189,0.2715621898210336,0.3408777441993538,0.489211266735525,-0.8720167810836409,-0.015939885856359994,0.0022338441077671117
33.04477548599243,0.574660501311441,0.27200356606623105,0.34107092852327964,0.4893809652115048,-0.8719099706773331,-0.016576190162510863,0.0021222181892145576
33.064791202545166,0.5744623306145055,0.2724101922746697,0.34125219288571074,0.48954813377679335,-0.871805343643628,-0.01714687801340562,0.002012978910095027
33.08482551574707,0.5742524660078373,0.27284163049947696,0.34144486898965126,0.4897385150438332,-0.8716869234433724,-0.0177345389103221,0.0018922264938343292
33.10486888885498,0.5740321849528868,0.2732977680034509,0.34165641885697107,0.48996626902025703,-0.8715471714666243,-0.01831734557232174,0.0017487044373008947
33.12985014915466,0.5737558017008704,0.27387520059030007,0.3419256606729958,0.4902818735003198,-0.8713550374011073,-0.01901757742120218,0.0015540352600416875
33.15485072135925,0.573496883516788,0.27442220634779513,0.34219187198831263,0.4906157768589486,-0.8711538478092263,-0.01962957064885781,0.0013464716818211517
33.17983293533325,0.5732572448821003,0.27493420540155356,0.342456366697882,0.49096224964297963,-0.8709470438979462,-0.020150595834227455,0.0011268062012239491
33.20474672317505,0.5730398877975389,0.2754027686832671,0.342712439425917,0.4913100013804194,-0.8707409554864446,-0.020587682022886022,0.0009046904691712846
33.22485709190369,0.5728776993079043,0.27575250912999055,0.3429124123124779,0.49157358625038344,-0.8705846574097287,-0.020910004286560323,0.0007317175834061903
33.24974870681763,0.5726902011793503,0.276156443224166,0.34315048976983015,0.49188686315272284,-0.8703988538869541,-0.021280781581317815,0.0005265354852578235
33.269777059555054,0.5725495704505856,0.2764593818618484,0.3433409503807719,0.4921263956641065,-0.87025678134195,-0.021554868490794816,0.0003636345413891811
33.28978228569031,0.5724195995441655,0.27673925246689013,0.34352410810737244,0.492358721904385,-0.8701191557680601,-0.021806014774106392,0.00020777899843520497
33.309783935546875,0.5723145371050351,0.2769665209990701,0.3436936905615666,0.4925553232247899,-0.8700029303679829,-0.02200263430786598,6.486853227476738e-05
33.334733724594116,0.5722043282094228,0.2772058040999769,0.34389158024043676,-0.4927884479495867,0.8698658365944496,0.022202902255269392,0.00010099039592315841
33.354753732681274,0.5721284975169271,0.27737213995347704,0.3440558575762338,-0.49298995782747157,0.8697482846944422,0.022333092981184823,0.00023781071366658183
33.37480902671814,0.5720545074375849,0.27753490849588264,0.3442360893723031,-0.4932296640305688,0.8696092100682423,0.022453739498753237,0.0003874838461554153
33.39978861808777,0.5719772049073631,0.2777062799141306,0.3444581627375693,-0.49352015811556876,0.8694412920744266,0.02256917312627258,0.000570334693155512
33.42479872703552,0.5719162731005831,0.2778431409800094,0.34465930024272057,-0.493672442611298,0.8693525143132244,0.022653654235661475,0.0007330215736309612
33.44484233856201,0.571881539420147,0.27792325246928373,0.3448142459054136,-0.4937365239012925,0.8693150641510033,0.022689904388445384,0.0008559035444998808
33.46488356590271,0.5718545849901603,0.2779873446145909,0.3449742132658266,-0.49378452011065477,0.8692872421665199,0.022706264754747914,0.000981746966234156
33.484952211380005,0.5718366601391168,0.2780323213525096,0.3451332133717848,-0.49381863681941357,0.8692678449320735,0.02270123661990856,0.0011052583405254906
33.50978994369507,0.571834696652198,0.2780442566473279,0.34532945763238065,-0.49382948984648767,0.8692629270464182,0.022645641133884096,0.0012544376552604114
33.53473973274231,0.5718443469741766,0.2780348892600076,0.3455203959293822,-0.4938242712439302,0.8692676290415627,0.022570282574548413,0.001400198075626124
33.5547559261322,0.5718582378054958,0.2780153896657355,0.34568293093039,-0.4938109854403062,0.8692769036243898,0.022495611516375108,0.0015241209416597715
33.57977247238159,0.5718837476530444,0.277972328843901,0.34587861844283074,-0.49378127481092554,0.8692965183106585,0.022379066549701163,0.0016713090268524779
33.599785804748535,0.5719120218691476,0.2779206331734341,0.3460223973959874,-0.4937462570975349,0.8693189853991853,0.022270457969553466,0.0017781736322426587
33.61985683441162,0.5719505627054997,0.2778475788275251,0.34614512377793316,-0.49369517285251674,0.869351007417717,0.022145253693487212,0.0018681379013096558
33.64479112625122,0.5720044505451976,0.2777446973475012,0.34629648710578764,-0.493622683573399,0.8693962023914078,0.021976653926926756,0.001978934062328688
33.6648383140564,0.5720568077651402,0.27764265668392124,0.34640619929535515,-0.49355011012324634,0.8694410693970783,0.02182389441204963,0.0020575008787328273
33.689780712127686,0.5721203760672233,0.27751740077394044,0.34653941099866314,-0.4934612423691146,0.8694959622990708,0.02163657514556289,0.0021523090549295156
33.71474504470825,0.5721797309086591,0.27740085652833885,0.3466594224697802,-0.49337845321589446,0.8695470145195472,0.021463537378423377,0.0022378594426952915
33.734748125076294,0.5722270846935775,0.27730772435455897,0.34673974097250054,-0.4933117072580155,0.8695879992864897,0.021330861544272092,0.0022946259334260663
33.759772539138794,0.5722717932276309,0.2772201228747383,0.3468243892687864,-0.4932487996226065,0.8696266328680735,0.0212036537677417,0.0023550255887332394
33.77980017662048,0.5722932577823789,0.2771782889187851,0.3468894426581711,-0.49321891420928293,0.8696451297816509,0.021134839991135797,0.0024019710757035096
33.80479073524475,0.5722991331607028,0.27716883260470004,0.3469603765604341,-0.4932125917165674,0.8696494055980527,0.02110030167618852,0.0024551967974007992
33.82974576950073,0.5723016596020419,0.2771660161376466,0.3470035603184054,-0.49320924819269507,0.8696516258075092,0.021083070598385534,0.0024882461337735967
33.85474348068237,0.5723032094495393,0.27716380576947924,0.347021989597899,-0.493204323723687,0.8696545907438828,0.0210743051243365,0.002502297532064247
33.87476110458374,0.5723028391300913,0.2771645871793858,0.34702665031172564,-0.49319981408773206,0.8696571568626899,0.021073544788031497,0.002505713607599061
33.899832010269165,0.5723011741777696,0.27716787013107413,0.34702825658822445,-0.4931889508492895,0.8696632304130625,0.021077037138061427,0.0025065835842520484
33.91985273361206,0.5723002152043526,0.2771694975729827,0.34702485691945756,-0.493176244910914,0.8696703620914107,0.021080432710472864,0.0025036182856809576
33.94478130340576,0.5723002132527908,0.27716920876056683,0.3470153594886377,-0.4931601471954911,0.8696794320688016,0.02108375301144242,0.0024960008963409233
33.969786643981934,0.5722972730856348,0.2771754102656733,0.3470162449540851,-0.4931589393315855,0.8696799256210653,0.021091572251682563,0.0024966225176620066
33.99473476409912,0.5722908965454871,0.2771881372597175,0.347022960418872,-0.49316184905136307,0.8696779012002609,0.02110646085772546,0.002501224035394567
34.01474571228027,0.5722850029477637,0.27719922885509807,0.34702667870284754,-0.4931667908087772,0.8696747922451723,0.021118810987825674,0.002503593133589355
34.034746170043945,0.5722813964811474,0.277206326658054,0.34702644925965187,-0.4931709271368825,0.8696722497139576,0.02112692461748341,0.0025035437654753975
34.05475473403931,0.5722776886790458,0.27721455283238106,0.34703089985416674,-0.49317671456116385,0.8696687677053877,0.02113467667690043,0.0025076147691605087
34.074780225753784,0.5722746072887019,0.27722160396865986,0.34703562558726603,-0.49318181298522684,0.8696656950227628,0.021141635129942785,0.002511875535902274
34.099759340286255,0.5722735946044768,0.27722359362781135,0.34703803445013026,-0.4931835052665093,0.8696646891131363,0.021143312822066797,0.0025137525588667
34.12482953071594,0.5722738930890942,0.27722293929490816,0.34703816013266675,-0.49318324738533414,0.8696648500716992,0.021142690101028087,0.0025139006347312865
34.149744272232056,0.5722740311746569,0.27722299431694264,0.34704005442143837,-0.49318324452136664,0.8696648596407136,0.021142188970537282,0.002515368277416519
34.169745683670044,0.5722736222979052,0.2772238305363959,0.34704171005657336,-0.49318379858720746,0.8696645314018603,0.021142614105769248,0.0025166440765103035
34.18975377082825,0.5722727909580108,0.27722533447716785,0.34704268436494656,-0.4931846416220265,0.8696640152300428,0.02114410773451278,0.0025172562092620776
34.20975422859192,0.5722722510309958,0.2772262506521937,0.3470432447580156,-0.49318524856537205,0.8696636432660374,0.021145206287109267,0.002517622085703692
34.23475503921509,0.5722725706993836,0.27722568115170426,0.34704324493520755,-0.49318466773294983,0.8696639780372657,0.021144990886654353,0.002517572363060965
34.259746074676514,0.5722740805360027,0.2772226603721418,0.34704272362498284,-0.49318248966974704,0.8696652597736003,0.021143116420592457,0.00251723106099306
34.284849882125854,0.572274296376552,0.27722199182213453,0.3470417559961716,-0.4931820545422496,0.8696655112143264,0.021143025445667325,0.0025163789157371646
34.30974316596985,0.5722744542009693,0.2772217807787054,0.34704248824037937,-0.49318183391821335,0.8696656435683753,0.021142658214461058,0.002516960542424663
34.32981872558594,0.5722747098163767,0.2772216489610379,0.3470462165784004,-0.49318147106614285,0.8696658702179845,0.021141434024964087,0.0025200296624556424
34.34985327720642,0.5722752347989488,0.2772204185621587,0.3470459377057603,-0.4931802404139879,0.8696665966236453,0.021140314414194908,0.0025195815916660646
34.374752044677734,0.5722774154151794,0.27721594178844217,0.34704358507191596,-0.4931765088196848,0.8696688154656436,0.021136323250044668,0.002517617238884465
34.394755840301514,0.5722786253568325,0.2772134016486499,0.34704287672755185,-0.49317426040748563,0.8696701523352335,0.021133862813229855,0.0025169112446037038
34.41975212097168,0.572278099251257,0.2772146073304221,0.34704591385365924,-0.493173891931115,0.8696703463165608,0.021134193623440635,0.0025193072603070855
34.44479155540466,0.5722775446042473,0.27721576837894246,0.3470466233668484,-0.4931704250912202,0.8696722778906139,0.021135552776672284,0.0025197815540019676
34.4697949886322,0.5722775810526814,0.27721542449349657,0.34704553900981,-0.49316343776549104,0.8696762279537511,0.021136196695922926,0.0025186046486804603
34.49481225013733,0.5722775055850962,0.27721558308300354,0.3470454163429887,-0.49315883263565,0.8696788252364469,0.021136817911490094,0.0025182619651419693
34.51972937583923,0.572277640645627,0.27721558436350385,0.3470460628142228,-0.4931560333204678,0.8696804122923224,0.021136755780669106,0.0025188960137544967
34.539785861968994,0.572277621224508,0.2772154888081333,0.34704566411344656,-0.4931544019627506,0.8696813374799703,0.021136806682734703,0.002518423674390765
34.564781188964844,0.5722775715035033,0.27721557675010433,0.3470453495247908,-0.4931527150431092,0.8696822896705116,0.021137020487449386,0.0025181453474254867
34.589773416519165,0.5722769676420328,0.27721677573456077,0.34704689715281345,-0.49314991895818616,0.8696838332113823,0.021138618533781066,0.0025192240276505754
34.614737033843994,0.5722723181639896,0.2772261172685687,0.3470521802962665,-0.4931500390050583,0.86968346794488,0.021150444827896204,0.0025225561591777452
34.634745359420776,0.5722665928118531,0.27723784398052687,0.34705750323978957,-0.49315460616918466,0.8696805505884683,0.021163432513742253,0.0025265526177327496
34.659747838974,0.5722645912695319,0.2772418637831885,0.3470587083921921,-0.4931561093676301,0.8696795935925009,0.021167618041972067,0.002527497952096835
34.68474841117859,0.572266066237582,0.27723887068683983,0.3470575378208513,-0.49315399665485965,0.869680857546649,0.021165031527406442,0.002526464851698233
34.70975041389465,0.5722663708872666,0.2772386200720131,0.3470581358801918,-0.49315391376673934,0.869680899714681,0.021165138822214512,0.002527228096948038
34.73473525047302,0.5722663307164582,0.2772385554977917,0.3470576051491858,-0.493153368633675,0.8696811995787107,0.02116557246769417,0.0025267827622038968
34.75481033325195,0.5722662774146313,0.2772384968240428,0.34705676541814284,-0.49315241111576186,0.8696817336963422,0.021166032885403918,0.002525971309621698
34.77984690666199,0.5722662424829731,0.2772383588487471,0.34705660763035934,-0.49314540826630926,0.8696856988366098,0.021166322930899473,0.002525533933088692
34.80478858947754,0.5722660185773504,0.27723875709285595,0.347056240960917,-0.49311855573591684,0.8697008739808364,0.0211685647697912,0.0025242100905120586
34.8297553062439,0.5722655229233692,0.2772392822796203,0.34705585395560085,-0.49307732881741717,0.8697241560035283,0.021172614741071277,0.0025220347869149146
34.84981107711792,0.5722650775204353,0.2772397231640702,0.34705516550610027,-0.49304084655704816,0.8697447466666214,0.02117665409214309,0.0025196397257134123
34.869826555252075,0.5722649764898554,0.27723966429625585,0.347054030469719,-0.4930031926496871,0.8697660413740578,0.02117895260978867,0.002517395130505019
34.89473485946655,0.5722654620461186,0.2772386015175666,0.347052354165488,-0.49297509064453643,0.8697819696576605,0.021179200513104183,0.0025152974858003757
34.914814710617065,0.5722658128904737,0.2772379832052327,0.34705149028138205,-0.4929705457168249,0.8697845509791673,0.021179059892438585,0.0025146276396856237
34.93973779678345,0.5722653431493199,0.27723851746279465,0.34705183290471164,-0.492970157492781,0.8697847274537356,0.02118089403835422,0.0025142464919062912
34.95973777770996,0.5722652020826687,0.27723824192430874,0.34705140900536635,-0.49296951095006175,0.8697850737720143,0.021181826588396967,0.0025133502742327287
34.97975397109985,0.5722673246344592,0.2772333435188494,0.34704781009792773,-0.49296604163810515,0.8697871489863332,0.02117774278483719,0.002510070128136571
34.99976444244385,0.5722739296606973,0.27721968120466456,0.34703986465307635,-0.4929561585373931,0.8697930681053719,0.02116547318618583,0.0025034345622232
35.0197856426239,0.572282293243017,0.27720226535783965,0.3470317987627365,-0.49294326113400216,0.8698007951044456,0.021149130874821884,0.0024964744880682354
35.04474949836731,0.5722885821775319,0.2771888951378781,0.3470256686964054,-0.49293325974631913,0.869806780957451,0.021136701126488595,0.002491002556986774
35.064815282821655,0.5722883020206808,0.2771891679753048,0.3470256052549737,-0.4929328421799521,0.8698069894452006,0.021137909896187638,0.0024905763266296075
35.08974313735962,0.5722883288691536,0.2771890230226957,0.34702575558073356,-0.49293239818822276,0.8698072312704666,0.02113832659784708,0.0024904556246910575
35.11473488807678,0.5722887107410384,0.2771885523493286,0.3470257212466107,-0.4929321677025924,0.8698073722857035,0.02113787096528693,0.0024906999096147016
35.13976454734802,0.5722887191772845,0.27718924532537187,0.34702671142340197,-0.49293236622397923,0.86980724148437,0.021138497338432212,0.002491765020566653
35.15982437133789,0.5722861394943112,0.2771943286637223,0.34703051058801604,-0.4929345535587705,0.869805834783764,0.021145073384170505,0.0024943007797103393
35.184837341308594,0.5722792323900775,0.2772075598131733,0.34703755791720836,-0.4929388563590286,0.8698028984133609,0.02116513380771239,0.0024977817002062907
35.20973062515259,0.5722697964670223,0.2772261035019091,0.3470459048667338,-0.4929436671757361,0.8697994212431888,0.02119551116496878,0.002501622541765161
35.229763984680176,0.5722569859401535,0.27724973773150796,0.34705561257920947,-0.4929402667888601,0.8698000703117297,0.02124788618465254,0.0025016796614697762
35.249764919281006,0.5722423105047054,0.27727897389134,0.34706888502798117,-0.4929527762874374,0.8697919597774956,0.021288716113638067,0.0025095083346229822
35.26976561546326,0.5722217177320262,0.2773211471694643,0.3470884479149415,-0.4929786499089544,0.8697760823395084,0.021336459942383666,0.002524443365144741
35.294737815856934,0.5721926530334817,0.27738185256379605,0.34711764253269267,-0.49301985120696584,0.8697511128038099,0.021399358022658577,0.0025486370077088642
35.319748878479004,0.5721621646169075,0.2774460989831022,0.3471476486215017,-0.493066386841797,0.8697231100057979,0.021462065434132073,0.002574845399616791
35.34474205970764,0.5721296213658131,0.277514562679915,0.3471800667792852,-0.49311603564101614,0.8696932337922565,0.021528558365451797,0.0026030080339905616
35.364758014678955,0.5721022361725099,0.27757199108872543,0.347208718372102,-0.49315672573338715,0.8696686858812623,0.02158513561625929,0.002627279360927952
35.38976263999939,0.5720687241793496,0.2776423414079951,0.34724462261092714,-0.4932068037298317,0.8696384763287357,0.021654214294865658,0.0026578638336140206
35.40982127189636,0.572045633664277,0.2776912289369782,0.34726925757417537,-0.4932424626100845,0.8696170105445598,0.02170137907807036,0.002679211156150654
35.43471813201904,0.572021146328561,0.27774279745859565,0.3472939369418067,-0.4932804437256514,0.8695941628998316,0.021750884970888756,0.002700865707156224
35.454726219177246,0.572001612510205,0.2777838183448181,0.3473155223371055,-0.49331058350025636,0.8695760427485048,0.021789418914972207,0.0027194306355364864
35.47474980354309,0.571982860518177,0.2778235434227952,0.3473394723482744,-0.4933398084366725,0.869558484499008,0.021825858946332575,0.002739946031402811
35.49476885795593,0.5719687043033822,0.27785357653288373,0.34735772238857954,-0.49336183001878275,0.8695452528707611,0.02185326598926836,0.0027554789359666306
35.51973366737366,0.5719604506835658,0.2778709929648691,0.3473671367109313,-0.4933746977956066,0.8695375126188781,0.021869708779732905,0.002763617403677209
35.53974461555481,0.5719599886813609,0.2778720283442792,0.347369865320113,-0.49337540370178207,0.869537096922426,0.021870053688692173,0.0027656598993821345
35.55975842475891,0.5719600473877621,0.277871971244197,0.3473733819198016,-0.4933750347742632,0.8695373254224976,0.021868959166736396,0.0027682826147378205
35.579834938049316,0.5719601126212598,0.27787186112054185,0.3473752423515015,-0.49337435274631203,0.8695377099579378,0.021868893190895244,0.0027695671526597517
35.6047420501709,0.5719603273191812,0.2778712028291728,0.3473744677991105,-0.493373078849552,0.8695384232650462,0.021869395298055743,0.0027685873327198385
35.62485718727112,0.571961467736935,0.2778687363561724,0.34737289172485153,-0.4933710647535924,0.8695396197580952,0.02186744416238534,0.0027671341141762024
35.64972996711731,0.5719618820405346,0.2778680136290608,0.3473733745226725,-0.49337042516785196,0.8695399906664149,0.021867078308680135,0.002767508331729473
35.66986584663391,0.5719617051529675,0.2778682527625158,0.3473750020262963,-0.4933701899514402,0.8695401138387023,0.0218673564640539,0.002768541168985429
35.694756746292114,0.5719621181466968,0.277867103262917,0.34737595217831896,-0.49336892348361744,0.86954085108772,0.021866616758793304,0.002768516579305716
35.71972727775574,0.5719663144156085,0.27785754720503864,0.3473716534292637,-0.4933618257187474,0.8695451184876142,0.02185763069131183,0.0027640174972312463
35.73973274230957,0.5719725907410989,0.2778443596193621,0.34736693514820594,-0.49335222309535864,0.8695509111506315,0.021844488629142792,0.002759565599550466
35.75974726676941,0.5719844710782048,0.2778197564959953,0.34735974984346724,-0.4933342758603741,0.8695617339449291,0.021819822404808897,0.00275290115354367
35.779823780059814,0.5720035493639863,0.2777800291526184,0.3473475908976368,-0.4933052392756068,0.8695792427880655,0.02177993289461426,0.0027415225566460224
35.79986810684204,0.5720290964123508,0.277726506886502,0.347331163130637,-0.4932660948919216,0.869602860815432,0.021725396036012052,0.0027260358506898176
35.819974184036255,0.5720605894896937,0.27766066397681893,0.34731330768302804,-0.4932180413673884,0.8696318623945677,0.02165757084617848,0.0027087252679853634
35.84478425979614,0.5721013181796674,0.27757610968278756,0.3472973695790238,-0.4931562886142284,0.8696691589057121,0.02156807238288875,0.0026920827309852963
35.86977434158325,0.5721392962777018,0.27749729904635795,0.34728042714061835,-0.49309854143956433,0.869703997475567,0.02148555454906361,0.0026750969313033834
35.89479637145996,0.5721701187723846,0.2774329861545245,0.3472637324630622,-0.4930508649390555,0.8697326999378112,0.02141976756168733,0.0026587228334804796
35.919804096221924,0.5721890614468101,0.27739328504535143,0.34726057742125516,-0.4930198681774304,0.8697512931785001,0.02137889809798964,0.0026533556712439892
35.94480061531067,0.5721958112805253,0.2773791041966238,0.34726375337869975,-0.49300759181987663,0.8697586074055428,0.021364334948981937,0.002654138257158167
35.96972680091858,0.572195654964564,0.2773794117053652,0.34726380750253966,-0.49300586851011363,0.8697595319880553,0.021366510552848824,0.0026537436535623337
35.9897518157959,0.5721937149015572,0.2773832207489318,0.34726559038579274,-0.49300538612889194,0.8697596449632929,0.021372949716774996,0.0026544797325142085
36.009785890579224,0.5721868556639378,0.2773966127367275,0.3472737916049499,-0.4930063996450995,0.8697585571183982,0.021393278947946594,0.002658917851814648
36.034730672836304,0.572161697902066,0.2774354865163838,0.347296570537229,-0.4929538814868282,0.8697848934122059,0.021533927349294126,0.002645727732407791
36.05477213859558,0.572136545464703,0.27747694772341963,0.3473142496507863,-0.4929198213041036,0.8698010752258537,0.021660971756545383,0.00263469343514293
36.07973051071167,0.5721068111793897,0.2775291638665221,0.3473354198420029,-0.4929031524360685,0.8698073276440166,0.02178943695990646,0.002629735216819112
36.09977626800537,0.5720823543822268,0.2775753199634948,0.34735666180013486,-0.49290941094394614,0.8698016492714599,0.021873591041556565,0.0026361922507438613
36.12477135658264,0.5720514381717485,0.2776357129129329,0.34739250406424654,-0.49292895544338766,0.8697882210011173,0.02196458079804788,0.0026556895966594126
36.149770975112915,0.572021140836063,0.2776964390526767,0.347430016316965,-0.4929558174212593,0.8697708755350106,0.022045535387815327,0.0026796439962046836
36.17473244667053,0.5719947988734712,0.2777507721485326,0.347465089947817,-0.49298751538333285,0.8697512798817006,0.02210656514805088,0.0027056589092539305
36.19474196434021,0.5719744373207821,0.27779306233911183,0.34749295715428713,-0.493014582198986,0.8697347550258495,0.022150386996398107,0.002727267273102394
36.21974468231201,0.5719376877255095,0.27786799277399427,0.34753457431988727,-0.4930581614713921,0.8697077553324247,0.02223657058116877,0.002757655775835173
36.24473738670349,0.5718921422194515,0.2779587727921303,0.34757809950686047,-0.4931001006770391,0.8696807629411376,0.022358587783992804,0.0027847504755531393
36.26474356651306,0.5718577917292653,0.2780264831138564,0.3476085971982129,-0.49312630079443603,0.8696632990757165,0.0224577479572056,0.0028012951336464464
36.28484749794006,0.5718270335982963,0.27808796949397113,0.34763756362029835,-0.4931528427689885,0.8696459785947314,0.022543299136847682,0.002818729457389151
36.30485773086548,0.5718001157172078,0.27814232658458604,0.3476638445778805,-0.4931808692195329,0.8696282401544094,0.02261214219414156,0.0028364054098763115
36.329867362976074,0.571767548183291,0.2782077104161051,0.3476945564314922,-0.4932150344538848,0.8696066415685615,0.02269485643825481,0.0028569612059927726
36.354819536209106,0.5717339538390167,0.27827582384673266,0.347726706757074,-0.49325249899109364,0.8695831365644173,0.022778256277702812,0.0028795614533797527
36.379823446273804,0.5717046868769629,0.27833641720245705,0.3477551428413697,-0.4932923014444207,0.8695587656836826,0.022843698960537225,0.002902372706389178
36.404786348342896,0.5716862061560307,0.27837522998406217,0.3477735727624954,-0.4933206079209181,0.8695416586914642,0.02288152743391411,0.002918439752173728
36.42979073524475,0.5716771471885096,0.27839422388917023,0.34778372581257727,-0.4933343610729017,0.8695333476341672,0.022899735156205456,0.002927055109998735
36.45472478866577,0.5716729498478162,0.2784028599761798,0.34779352330222907,-0.4933393748428254,0.8695302621835119,0.02290794609497501,0.0029343457443335636
36.47473621368408,0.571672654860417,0.27840331355692516,0.3477951122614049,-0.4933388868357804,0.8695305056963982,0.022909111173072788,0.0029351342071796305
36.49972939491272,0.5716748668174074,0.27839842307676815,0.3477909302814851,-0.49333540613140753,0.8695325967063747,0.02290514978386096,0.00293162534804347
36.519779443740845,0.5716765518479179,0.27839506810313946,0.34778916349965405,-0.4933330213444922,0.8695340262188813,0.02290243487070853,0.0029301492435650023
36.54478430747986,0.5716808618878384,0.27838642961392074,0.34778639396898664,-0.49332658749780456,0.8695379108042118,0.022893831822567785,0.0029278301255308645
36.56478977203369,0.5716833002487327,0.2783811790529128,0.34778390798729636,-0.49332276383973334,0.8695402183081525,0.022888869737268943,0.0029255865866989455
36.584946393966675,0.5716861849100503,0.27837488191321275,0.34778054964107497,-0.49331797976702846,0.8695430932033691,0.02288316137243208,0.002922471541046658
36.609872341156006,0.5716930026354494,0.2783602330273636,0.3477730358764144,-0.49330731327219174,0.8695495347615677,0.02286918324401397,0.002915771708712504
36.63485026359558,0.5717054253093649,0.2783345958539272,0.34776142024118994,-0.4932883962901188,0.8695609484276482,0.02284450909593904,0.002905762609767066
36.654892683029175,0.5717168115850665,0.2783110860513165,0.3477510196333413,-0.4932706987651146,0.8695716106510255,0.022821919033105733,0.0028968409750778443
36.67974615097046,0.5717268905761882,0.27828966865787796,0.34774067528993946,-0.4932539720314121,0.8695816294900828,0.022802888538563496,0.0028873841225099707
36.69977355003357,0.571731187781485,0.278280423141232,0.34773583004934694,-0.4932464156032001,0.8695861327422213,0.022795191704230038,0.0028827879181627446
36.72473335266113,0.5717318764700497,0.2782789521804878,0.34773530111463835,-0.4932454513829499,0.869586718077801,0.022793785709451845,0.002882321296225998
36.749717473983765,0.5717317161212451,0.2782796653112573,0.34773782260839164,-0.4932459332565049,0.8695864376076909,0.0227937879534138,0.0028844576205043783
36.76972222328186,0.571731541866667,0.2782798933136546,0.3477415651282663,-0.4932461448515395,0.8695863274641297,0.022793084601438564,0.0028870346255557553
36.78987956047058,0.5717319336974498,0.2782793667697371,0.3477496113817762,-0.4932457349109778,0.8695866182887874,0.022790105914029333,0.0028929855130088123
36.81472325325012,0.571732799068046,0.2782782525302479,0.347767452743681,-0.4932453428118246,0.8695869836848187,0.022782932287219265,0.002906474531625407
36.83472418785095,0.5717334999036786,0.27827796273443994,0.34779038512492194,-0.4932455699948239,0.8695870116753253,0.022774685129157524,0.0029241267072495233
36.85473299026489,0.5717337246313037,0.2782789088093195,0.3478189502588303,-0.49324676714539717,0.8695864926019593,0.02276574540073497,0.002946086754306299
36.879791259765625,0.5717342443271697,0.27828001308542594,0.3478673937604816,-0.49324840219344196,0.8695858442489611,0.022750220892214453,0.002983397159257751
36.90478777885437,0.5717350517667185,0.27828079513305903,0.3479239980509218,-0.4932499153500069,0.8695853307453465,0.022731311663656283,0.0030267191035776844
36.92479085922241,0.5717359650873048,0.27828115740015896,0.3479758040930494,-0.493251057487098,0.8695850034183565,0.022713725421499138,0.003066398524511943
36.94975829124451,0.5717372541757473,0.27828144687292805,0.3480428698731902,-0.4932522431299827,0.8695847451826149,0.022690867050219644,0.0031177147612942713
36.969783544540405,0.5717384026842726,0.2782812627720881,0.34809665749984453,-0.4932529796848125,0.8695846699533387,0.022672057623975606,0.0031587373814263167
36.99472141265869,0.571739579166418,0.27828126844503015,0.3481532185145143,-0.4932542301232945,0.8695843210136852,0.02265214963557265,0.003202067238228192
37.01972675323486,0.5717404158210861,0.2782816251250712,0.3481994331303525,-0.49325518174462696,0.869584057254122,0.022636498917738383,0.0032375869826598413
37.04473853111267,0.5717402869357271,0.2782839716387387,0.34824824804676846,-0.49325737306394324,0.8695830384743284,0.02262250598546559,0.0032749539805232764
37.06475758552551,0.5717402240046936,0.2782855113189284,0.34828877604134895,-0.49325842582204105,0.8695826195661226,0.0226111816975968,0.0033056885614790948
37.08483266830444,0.5717407656261221,0.27828558702548734,0.34832138577079774,-0.49325842514384605,0.869582798677624,0.02260069407099618,0.0033302990585054345
37.109769344329834,0.5717414442873254,0.2782855435157283,0.3483589490515824,-0.4932590071700097,0.8695826925947905,0.02258784337406903,0.003358855107708649
37.12978982925415,0.5717419834284709,0.2782856972783573,0.3483838268398677,-0.49325943550846596,0.8695825967596612,0.02257931788271156,0.003378031705210621
37.154720306396484,0.571742642878528,0.27828564949070006,0.34841325341194107,-0.49326006977101317,0.8695824161219392,0.02256902959012812,0.0034005940787533023
37.17975425720215,0.57174304333235,0.27828549518405354,0.348434891264854,-0.4932604510321587,0.869582336481857,0.022561270873595236,0.003417100350812536
37.204761266708374,0.5717435746132014,0.2782848556486408,0.34844728398778824,-0.49326040134139926,0.8695824610120597,0.022556134297549053,0.003426481260274533
37.224775075912476,0.5717445439058156,0.27828346939895243,0.34845484081288886,-0.49325961677805996,0.8695829879707071,0.02255208658799465,0.003432329748897894
37.24480223655701,0.5717454020788226,0.2782819964707109,0.34845990380682257,-0.49325868465738604,0.8695835882039085,0.02254874513696018,0.0034361637715084217
37.269800662994385,0.5717453932549496,0.2782821269919266,0.3484645158622536,-0.4932588829469193,0.8695834981644147,0.02254734327547819,0.0034396837060814596
37.29471135139465,0.5717450644067051,0.27828301419105433,0.34847456187809056,-0.49325958443704043,0.8695831345763483,0.022544864184952055,0.003447247565755001
37.314717292785645,0.5717450962389551,0.2782833654864456,0.34848443222145353,-0.4932598803260085,0.8695830106079229,0.022542021922008926,0.003454759370842253
37.33473181724548,0.5717453861201897,0.2782831476817841,0.3484907640190546,-0.4932597162171009,0.8695831437390246,0.02253973028420685,0.003459631217048743
37.35972023010254,0.5717455641940723,0.27828299516031374,0.34849460977309,-0.4932596028249658,0.8695832317021566,0.022538343403060417,0.003462721793534279
37.379759073257446,0.5717455902232362,0.27828321683759566,0.34850009371836005,-0.4932597670086151,0.8695831652105493,0.022536677459478672,0.0034668701035546765
37.399779319763184,0.5717454424960012,0.27828351163472725,0.3485073527566739,-0.493259833893727,0.8695831537873541,0.022534849275182695,0.0034721009536010906
37.42477798461914,0.5717453752298477,0.2782836300470366,0.3485129687110411,-0.49325946714350544,0.8695833723140496,0.02253383572248748,0.0034760489383199407
37.449742555618286,0.5717456082409953,0.2782834344735854,0.348517971495225,-0.4932589964580769,0.8695836632170149,0.022532317956759442,0.003479904358341979
37.47471475601196,0.5717460553984121,0.27828305228438577,0.34852802691090357,-0.4932589816718894,0.8695837355033492,0.02252865453382909,0.0034876477080992433
37.494733810424805,0.5717461877254749,0.2782832166445273,0.3485382289564474,-0.49325919784138605,0.8695836684856618,0.022525304541066646,0.0034954145984516286
37.51473569869995,0.5717462663893288,0.27828327571983796,0.3485476789564164,-0.4932593500833447,0.8695836339035198,0.02252219141733492,0.0035025854277309677
37.53976321220398,0.5717465136845815,0.2782833327776371,0.3485602384834176,-0.49325980362116495,0.8695834500618023,0.02251786669788351,0.0035121502230511708
37.56478977203369,0.5717467528137212,0.2782837347808755,0.34857999873310175,-0.4932605452958579,0.869583132758278,0.0225114981745218,0.0035273392122351093
37.589749574661255,0.5717470639369501,0.2782840688810546,0.3486070808622449,-0.4932609858584337,0.8695830255887773,0.02250274756570086,0.0035479270395535906
37.609846115112305,0.5717472642675605,0.2782843777913125,0.34862935195496014,-0.4932610283394406,0.8695831037849828,0.022496141589995747,0.0035647081787128143
37.634724140167236,0.571747639893059,0.2782846929766117,0.34865902282695344,-0.4932610278209423,0.8695832463643669,0.022487072779712347,0.0035871474576706446
37.65977716445923,0.5717482052299311,0.27828487384970474,0.34868897037734325,-0.49326125176554964,0.8695832754096153,0.022477367999113863,0.003610063634009837
37.67984318733215,0.5717482845566825,0.2782854038058203,0.348711703347509,-0.49326147428637257,0.8695832531079468,0.022470590900350192,0.0036271812442308887
37.704813957214355,0.5717481738835143,0.2782861826252742,0.3487408444161863,-0.4932614562259688,0.8695833695083209,0.022463001780135845,0.0036486734383982308
37.72973871231079,0.5717486251393445,0.27828631963555767,0.3487737115236568,-0.4932611595827915,0.8695836885073956,0.022453136413716785,0.00367339006151984
37.74978423118591,0.5717492791355185,0.27828613822644166,0.3487968676761489,-0.49326120484247193,0.8695837930983759,0.022445189072570985,0.003691079146281925
37.77470874786377,0.571749907149743,0.2782860616377668,0.3488206122537161,-0.4932614566082075,0.8695837839000558,0.02243699180649636,0.003709393157677275
37.79471945762634,0.5717500309036472,0.2782861238448804,0.34883272258188236,-0.493261710068049,0.869583707915347,0.02243284161643608,0.0037185914834415267
37.81472730636597,0.571750269340963,0.27828580956582943,0.34883931043461164,-0.49326169693694893,0.8695837602859282,0.022430257315233144,0.003723672860223172
37.834784746170044,0.5717507069487315,0.2782851983246339,0.3488400432337034,-0.4932612405771555,0.8695840422498359,0.022429269292278054,0.0037242306065394413
37.859758615493774,0.57175066776885,0.27828596245676906,0.34884079335297885,-0.4932612804174926,0.8695839876184493,0.022430334362603183,0.0037252951644925285
37.88477396965027,0.5717491087440913,0.27828853267296416,0.34884392406353515,-0.4932615068879762,0.8695837523752492,0.022434221539553833,0.0037268130819533736
37.909738063812256,0.5717482984855494,0.2782890519988895,0.34884912850768474,-0.49325938413536946,0.8695848851169241,0.022436617841426955,0.003729037601740945
37.92975163459778,0.571748410507244,0.2782887570572085,0.3488518234691508,-0.49325777907772617,0.8695857659856532,0.02243753199465891,0.003730432954220886
37.95470118522644,0.5717489024840026,0.278288335977454,0.3488560481632611,-0.4932567232546708,0.8695863524408418,0.022437479834598505,0.0037336439948330506
37.97479224205017,0.5717487776747545,0.2782885656978688,0.3488630481575985,-0.49325644941828933,0.8695865191578527,0.02243621191754371,0.0037386094677398798
37.999743700027466,0.5717485914694815,0.27828885583411284,0.3488781322209904,-0.4932555940907548,0.8695870300571533,0.022433438648678552,0.0037492514573029202
38.01975631713867,0.5717488196642503,0.2782886950438211,0.34889285323679264,-0.49325497820687486,0.8695874392160194,0.022429320135534274,0.003760003886759231
38.044779539108276,0.5717495492237756,0.27828814796127177,0.34890371013737753,-0.49325495150648657,0.8695875293741526,0.022424960017087242,0.003768651905364163
38.06971788406372,0.5717500828446661,0.2782877378703826,0.34891465670270944,-0.49325481835012586,0.8695876776939246,0.02242071246523009,0.003777118471319051
38.089752197265625,0.5717503142352902,0.2782875403256933,0.3489261633189587,-0.49325495224032406,0.8695876721262661,0.022416515546085147,0.0037858168381085903
38.1097571849823,0.5717508678623221,0.2782865097253335,0.348937476169056,-0.49325444534970786,0.8695880546155708,0.02241141935376864,0.0037941663966911754
38.13471269607544,0.5717525195674821,0.27828362419328906,0.3489465463276171,-0.4932524825411005,0.8695893016034751,0.02240506183988929,0.0038010789372824767
38.15974187850952,0.5717538086852803,0.2782813838679536,0.34895358317047864,-0.49325088078686263,0.8695903142974672,0.022400130159035726,0.0038063187302055505
38.18471431732178,0.5717540542069485,0.27828135041352037,0.34896580178916503,-0.49325096510466393,0.8695903318248467,0.022396005980146405,0.003815644047746597
38.20473861694336,0.5717541058512533,0.2782815074541419,0.3489759240676876,-0.49325126976949685,0.8695902108559886,0.02239266755494164,0.0038234123624531074
38.22974252700806,0.571755878925406,0.2782779418791631,0.3489809367421442,-0.49324873865773067,0.8695917752791366,0.022387065938910676,0.0038269385725193464
38.25471115112305,0.5717683952357476,0.2782519030655825,0.34896855078671757,-0.4932295575948251,0.8696033484790349,0.02236194568361067,0.0038161782673402146
38.27472543716431,0.5717830093418005,0.27822144100535523,0.34895408477799195,-0.49320706948836973,0.8696169064383593,0.022332807306929783,0.0038037298667149494
38.29971361160278,0.5718048112372397,0.2781755808996903,0.3489319821789066,-0.49317324022664666,0.8696372967501889,0.022289141119022728,0.0037843629993121954
38.3198025226593,0.5718216730601717,0.2781400639842393,0.34891412614028544,-0.4931468119342382,0.8696532085794767,0.022255692420527988,0.003768665096014021
38.34483456611633,0.5718392289737078,0.2781033285150508,0.34889643106886936,-0.49311951399568227,0.8696696423390561,0.02222096857992204,0.003753219310195739
38.36483979225159,0.5718521051203873,0.27807639535745027,0.34888381339050273,-0.49309971476945497,0.8696815800660036,0.022194984135199585,0.0037420943994232736
38.38971257209778,0.5718672141722807,0.27804469444495056,0.34886812521641586,-0.49307629414505894,0.8696956847449133,0.022164900794053356,0.003728438729008323
38.409759521484375,0.5718804300764855,0.2780169273091399,0.34885503222940184,-0.4930558548589381,0.8697079990522157,0.022138298464653216,0.0037170035172579786
38.43471050262451,0.5718920901211464,0.27799253254343687,0.3488436380268406,-0.49303769061822994,0.8697189300383042,0.022115081243943537,0.0037069584153621112
38.454712867736816,0.5718944553931737,0.2779877211582555,0.34884141616612996,-0.49303389702363626,0.869721200809915,0.022110677071862594,0.0037050219821699697
38.47473478317261,0.5718942951084869,0.2779878948510787,0.34884134693040136,-0.49303396322151755,0.8697211557168227,0.022110987568979123,0.003704949448611638
38.49975657463074,0.5718937958286504,0.277988631222009,0.34884142318151845,-0.49303372877634455,0.8697212441561808,0.022112781746074398,0.003704676371547528
38.524803161621094,0.5718923286845158,0.27799093501356203,0.34884359558899175,-0.49303034863157086,0.8697229331712455,0.02212178749992547,0.0037042351083853326
38.54975652694702,0.5718801518873399,0.27800384008344087,0.34884532730786266,-0.4929770724689961,0.8697506168795345,0.022224775187649936,0.003678292452817367
38.569820404052734,0.571876474250743,0.2780072472911371,0.34884459711159993,-0.49295627282891225,0.869761499867311,0.022261938988557124,0.003667765421920629
38.594812870025635,0.5718757320386955,0.27800771831617105,0.3488445672586209,-0.49295049781951067,0.86976454157855,0.02227141026755955,0.0036651327574512187
38.61973237991333,0.5718756692478173,0.2780081233246413,0.3488474458717274,-0.492950613350858,0.8697644734581824,0.022271136656080822,0.003667421773674786
38.64478611946106,0.5718755489775844,0.27800852668218384,0.34884990200679955,-0.49295072215690566,0.8697644074850402,0.022270995524381425,0.0036692986110986045
38.66972875595093,0.5718750054821562,0.2780092304580724,0.3488506970801961,-0.4929505728836444,0.8697644535414801,0.022272476136920547,0.0036694488172842794
38.689733266830444,0.5718747223933395,0.27800964657363125,0.3488508510888079,-0.49295014779271323,0.869764659111686,0.02227387187193408,0.003669356369475622
38.714717864990234,0.5718748112677244,0.27800976654218207,0.3488531913888051,-0.49295003322380926,0.8697647278327107,0.022273427260050684,0.0036711559852829873
38.73971724510193,0.5718750887651746,0.2780095881793678,0.34885441596008376,-0.4929498725722333,0.8697648274007551,0.02227289800989614,0.0036723507261202225
38.7648491859436,0.5718750653547882,0.27800954223802904,0.3488540737575099,-0.4929499349209471,0.8697647918138167,0.02227295502765612,0.0036720617315693527
38.78485155105591,0.5718748087660082,0.2780100799433882,0.3488550781059379,-0.4929503029725056,0.8697645740445744,0.022273195655170476,0.003672774329577993
38.80974006652832,0.5718732336921007,0.2780134002552364,0.3488599314334292,-0.49295231625288394,0.8697633520674063,0.02227573093475347,0.003676563397256603
38.834709882736206,0.5718724024330627,0.2780149491450871,0.3488604135640577,-0.49295241341865026,0.8697632235808963,0.0222785945782118,0.0036765799980208952
38.854726791381836,0.5718720747291576,0.27801538245289253,0.3488604723802167,-0.49295131658277963,0.8697637860086497,0.02228098957115047,0.003676075713693004
38.879703998565674,0.5718710847283318,0.27801707317559343,0.34886446372153535,-0.492950010056914,0.8697644216973172,0.022284733301336394,0.0036781805649296687
38.899765491485596,0.5718698727289974,0.27801949596354175,0.34887078856636417,-0.49295054713518405,0.8697640373697968,0.022287130812652826,0.003682549437048695
38.924704790115356,0.5718678828694164,0.2780238475357515,0.34887581124532063,-0.49295261578599125,0.8697627310308187,0.022291741139164368,0.0036862664704949604
38.94477415084839,0.5718647590627276,0.27803033158986196,0.34887980320721124,-0.492956946765712,0.8697600939798219,0.022298334876876227,0.0036894179911042906
38.96979069709778,0.5718554505132328,0.2780498203999141,0.34889430592651277,-0.4929705794455233,0.8697518525925071,0.02231645696162172,0.003701142308884502
38.994781732559204,0.5718408017942179,0.2780809435310576,0.34891780326008387,-0.49299304646852,0.869738320926136,0.022344257886682282,0.0037206684349680367
39.01984763145447,0.5718223811121048,0.2781199501346442,0.34894276538613345,-0.4930218576537878,0.8697209888299139,0.022379642908919188,0.0037417977074686182
39.04478693008423,0.5718048846764359,0.2781568678885372,0.3489663589944383,-0.49304916506551505,0.869704566084793,0.022412886102197015,0.003761794199749227
39.06975769996643,0.5717892315823715,0.2781895910698838,0.34899190212933695,-0.4930736137927552,0.8696898932112418,0.022440868601198514,0.003782650574264552
39.0946888923645,0.5717806980263773,0.2782079495385054,0.3490153616259826,-0.4930871931156443,0.8696817785798512,0.022453822999975417,0.003801292704503312
39.11476111412048,0.5717805582293238,0.27820894976124955,0.3490280179138031,-0.4930881295457966,0.8696812871662235,0.02245060603342775,0.0038112364462771445
39.13478708267212,0.5717817846783263,0.27820684325865214,0.3490372912395018,-0.4930869100934627,0.8696820809088711,0.022445457626685664,0.0038182024675782332
39.15980052947998,0.5717826629243722,0.27820567772894766,0.3490532061670749,-0.4930863290771201,0.8696825303676857,0.022438715951407423,0.00383046683531198
39.179888010025024,0.5717827740304674,0.27820603965592655,0.34906924103595843,-0.4930868342497701,0.8696823278162992,0.022433365998215424,0.003842739040312608
39.20481300354004,0.5717831100786249,0.2782064205111588,0.34909143402861664,-0.49308712353171913,0.8696822686762273,0.02242636574851342,0.0038598281567512097
39.22976613044739,0.5717833537608529,0.27820667477069333,0.3491138149862711,-0.4930875473801165,0.8696821368844756,0.022419218335009858,0.003876860498705076
39.25471615791321,0.5717839277419036,0.27820605195832765,0.34913400529250604,-0.49308745625161654,0.8696823190196817,0.022411508920545636,0.003892138670128109
39.27976417541504,0.5717866464552429,0.278201562441417,0.3491580377901103,-0.49308468262280486,0.8696841556485041,0.022398085036736803,0.0039103653349419915
39.304771423339844,0.5717875834376184,0.2782008968529267,0.3491865057619831,-0.49308456090337144,0.8696843954956759,0.022387615249482514,0.00393226554894213
39.32971525192261,0.5717882101372701,0.27820084233575076,0.3492128741739045,-0.4930850428435642,0.8696842679753272,0.022378380789838902,0.00395254801830953
39.34985303878784,0.5717883140754138,0.27820105508369514,0.34923273789556664,-0.49308559244007866,0.8696840630718599,0.02237158648078154,0.0039675023184124305
39.37475037574768,0.5717893138301482,0.27819979898627545,0.34925709789521997,-0.4930852397884473,0.8696844330429678,0.022361687632874556,0.003985993821686541
39.39479422569275,0.5717936927184866,0.2781912367258594,0.3492684442748346,-0.4930791375968646,0.8696882004715396,0.02234824367918123,0.0039942481847997
39.419785022735596,0.5718019343790104,0.2781750295815862,0.34927567718089203,-0.49306730936304644,0.869695410224044,0.02232773974101961,0.003999238827881971
39.43984389305115,0.5718079018267148,0.27816294462100044,0.34928119559928184,-0.493058652599636,0.8697006988606336,0.022312253270468332,0.004002855580853179
39.45984673500061,0.5718122104953139,0.2781540598267521,0.3492851270874796,-0.49305224387903274,0.8697046094207032,0.02230100104018802,0.0040053115186722745
39.484745264053345,0.5718149479542034,0.2781483863531135,0.34928737480103805,-0.49304831560987183,0.8697070163550833,0.022293739285408905,0.004006665346011472
39.504923582077026,0.5718165205173817,0.27814533142530884,0.34928647154679493,-0.49304595877560076,0.8697084333126852,0.022290719564231412,0.004005918255399807
39.52980279922485,0.5718198862624821,0.2781384582920408,0.34928312744211837,-0.4930409673998362,0.8697114456580216,0.022284080589582006,0.004003187766315494
39.55474853515625,0.5718297561638375,0.2781177556625044,0.3492735033050015,-0.49302569003935914,0.8697206520743582,0.022264266821473342,0.003994839490104347
39.57476305961609,0.5718421024461213,0.2780918702158271,0.3492616107276574,-0.49300670576391004,0.8697321006510611,0.022239286437876756,0.003984382034094935
39.59974002838135,0.5718573992096122,0.27805988302511186,0.3492469700687513,-0.4929832305261278,0.8697462539804419,0.02220844735145598,0.003971520142702758
39.62473464012146,0.5718669618701571,0.27804007695976435,0.34923786535640405,-0.49296841746584275,0.8697551722788129,0.02218938140563663,0.003963715049471887
39.64977478981018,0.5718688061840835,0.2780362184557602,0.34923700330085417,-0.4929657555501746,0.8697567886485523,0.022185330654556884,0.003962772259725491
39.674824237823486,0.5718685875145082,0.2780368958045734,0.34924743034481653,-0.4929663727279571,0.8697564738064284,0.022182541809251558,0.003970701078843877
39.69981336593628,0.5718692895580997,0.27803591038878084,0.3492584307820883,-0.49296587296253525,0.8697568337259443,0.022178048477247685,0.0039790017916826095
39.72475600242615,0.5718705802771016,0.2780336708305324,0.349265611032861,-0.4929642618259547,0.8697578418075352,0.02217332377018882,0.003984582493664097
39.749722957611084,0.5718703394368765,0.27803466460345905,0.3492764440891618,-0.49296528030830267,0.8697572957309607,0.022170594243146283,0.003992953582139615
39.769737243652344,0.5718700026897041,0.27803565437686817,0.3492866307228762,-0.49296612582272714,0.8697568424296609,0.022168174191538152,0.004000736879280723
39.78975701332092,0.5718699152102202,0.27803618267558955,0.34929748775607694,-0.4929667168620426,0.8697565506121621,0.022164972743124584,0.004009079460468055
39.81469178199768,0.5718703429029655,0.2780360166932942,0.34931032516049637,-0.4929667443319663,0.8697566019617532,0.02216056125161771,0.004018936641539322
39.83474373817444,0.5718706494046607,0.278035787547913,0.34931926958118836,-0.4929666599216988,0.8697567030301974,0.022157203085020408,0.004025928694173968
39.85975003242493,0.5718708171251952,0.27803578371875104,0.3493293192322018,-0.4929668136894372,0.8697566670332145,0.022153798432511067,0.004033603943401605
39.884761810302734,0.5718698135410035,0.27803842722373656,0.34934466423134347,-0.4929689015816205,0.8697554874077115,0.02215148739339235,0.0040454672963407745
39.9048011302948,0.5718660835403816,0.2780470455106713,0.3493630217629742,-0.4929750943002241,0.8697518238269148,0.02215481419697042,0.004060240401971693
39.92974543571472,0.5718605290482187,0.27806031240266255,0.3493912234712874,-0.4929838858249986,0.8697465816731018,0.022160854088305145,0.004082711121568832
39.949809074401855,0.5718485521232646,0.2780858920514336,0.3494187233476237,-0.4930014978045449,0.8697359683797954,0.02218152323450183,0.0041046916948690206
39.969831228256226,0.5718334565822323,0.2781179178530427,0.3494494548958734,-0.4930240759175415,0.8697223758571689,0.022208045489630148,0.004129433231666211
39.99469971656799,0.5718095440758483,0.278168599748754,0.3494937637527492,-0.49306011935896704,0.8697006775931746,0.022250796062065346,0.0041655923768939155
40.01975464820862,0.5717872170201578,0.27821604800108773,0.34953944877968646,-0.4930942498992362,0.8696801686748066,0.0222890443923488,0.004202788057123721
40.04470109939575,0.5717659715417667,0.27826088705795315,0.3495821471562013,-0.49312663380854066,0.8696607198505898,0.022324886927357523,0.004237310772823344
40.06472587585449,0.5717515879883134,0.2782914891788576,0.34961343446881976,-0.49314897567615157,0.8696473162912146,0.02234867249623635,0.004262616665672824
40.08972954750061,0.5717408921725152,0.2783149230963087,0.34964750832486957,-0.4931664664075115,0.8696368915911742,0.022363111191464086,0.004290041676988538
40.10977387428284,0.5717385843935162,0.2783204715678834,0.34966765203512806,-0.4931708410816126,0.8696343513978134,0.022362403971180708,0.0043057252796420194
40.134698152542114,0.5717397877965209,0.27831847168791846,0.3496827456803898,-0.49316979793451415,0.8696350819359153,0.02235479920399465,0.004317131829287732
40.15470790863037,0.571741798179511,0.2783145151345611,0.34968781033308793,-0.49316710927734764,0.8696367499047521,0.02234850547637145,0.004320861153856033
40.17980599403381,0.5717428658298959,0.2783124112686545,0.3496892648736849,-0.49316556259685795,0.8696376938850694,0.02234570818451806,0.004321871496622281
40.20481729507446,0.5717482605951251,0.27830121234843724,0.34968384253019263,-0.4931572985549911,0.8696426754177432,0.02233512585982539,0.004317190102225155
40.22969603538513,0.5717599617341065,0.27827652712762035,0.3496718689137614,-0.4931391482009062,0.8696536264929713,0.0223114974471347,0.004306683752238157
40.249696493148804,0.5717751913452042,0.2782445847647581,0.34965660304408364,-0.49311571699180634,0.8696677650257506,0.022280833824956416,0.004293317689344119
40.26970338821411,0.5717962167096252,0.2782007568331673,0.3496359301657634,-0.49308324983344975,0.8696873378801602,0.022238823063494378,0.004275256013815925
40.2946891784668,0.5718239175773996,0.2781427861764953,0.3496083937970442,-0.49304068280622115,0.8697130107573927,0.02218313699535347,0.004251170195050982
40.31471300125122,0.5718485041215573,0.2780913706757312,0.3495841874304388,-0.4930027562468003,0.8697358680781233,0.02213387445979879,0.004230095290078792
40.339728116989136,0.5718839714835051,0.27801707649757773,0.34954907046636563,-0.4929479876940787,0.8697688752546682,0.022062441091239976,0.004199257168568178
40.359737396240234,0.5719135414203121,0.2779552055597737,0.3495200574776732,-0.49290237266012316,0.8697963463154467,0.022003307176678984,0.004173899633244209
40.38470101356506,0.5719479727559075,0.2778831819307943,0.3494865828804439,-0.4928492768352735,0.8698283220063829,0.02193405865863922,0.004144590163680342
40.40476632118225,0.5719720384692549,0.27783257320264915,0.3494625546354611,-0.4928117226682889,0.8698509189041528,0.021885666903601556,0.004123404476272815
40.42478823661804,0.5719963274736966,0.2777816592489231,0.34943873021793614,-0.49277431804912347,0.8698734355793022,0.021836826043988764,0.004102508411670698
40.449753284454346,0.5720238926366786,0.27772392557454034,0.3494123175497251,-0.4927317573875223,0.8698990492220577,0.021781160420620074,0.004079274057204188
40.47470450401306,0.5720426946141555,0.2776846897973414,0.3493939994659895,-0.4927028262057028,0.8699164480268294,0.021743682868226838,0.00406334348038544
40.49974989891052,0.5720544698793469,0.27765998537606373,0.3493821445533271,-0.4926847627803692,0.8699273164443138,0.021720044324527073,0.004053184010316448
40.524779319763184,0.5720623102370166,0.27764336836570536,0.3493742390288875,-0.4926727670457857,0.8699345424975873,0.021704058113573482,0.00404601583625398
40.549798250198364,0.5720638740360036,0.2776402136379486,0.34937306521941014,-0.4926703618426948,0.8699359867553216,0.02170094396674531,0.004045063111791853
40.57471203804016,0.572063419929329,0.27764114420617514,0.3493740036163832,-0.49267106821167667,0.8699355642479102,0.021701721733751903,0.0040457235998376025
40.5947368144989,0.5720631844428214,0.27764156179988336,0.3493743399623361,-0.49267134764237863,0.8699353943611916,0.02170214028056171,0.004045980093749973
40.61972451210022,0.5720631134704294,0.2776417099130075,0.3493759942134499,-0.49267155115130157,0.8699352821049736,0.02170179458230796,0.004047189556193617
40.639840602874756,0.5720626553222862,0.2776429151015339,0.34937768314438983,-0.4926723228636392,0.8699348178837196,0.021702620914191968,0.0040486003181038534
40.66484594345093,0.5720606325397964,0.27764724964171666,0.3493837133094713,-0.49267557746761287,0.8699328822007133,0.02170541975350926,0.004053465269813998
40.689818143844604,0.5720604625087142,0.2776477377603581,0.34939265947410947,-0.49267601427405566,0.8699326693011037,0.02170280357067665,0.004060069669479981
40.71468901634216,0.572060103758553,0.27764859119501933,0.3494012532741368,-0.49267683830689374,0.8699322204798479,0.021700882336357474,0.004066506301728678
40.73469257354736,0.5720602264458224,0.2776486595099136,0.34940728243195357,-0.4926769611764124,0.8699321782323731,0.021698909540428725,0.004071183614414062
40.75470042228699,0.5720601813958573,0.27764913606415426,0.3494128259455275,-0.49267734877896974,0.8699319718228148,0.021697548722066657,0.004075633222351446
40.77969765663147,0.5720599557135105,0.277649969945371,0.34942015130704157,-0.4926782364288005,0.8699314851586718,0.021695833521679395,0.004081334271589413
40.80472159385681,0.572058180455871,0.2776540188819414,0.3494333751144947,-0.49268149616866597,0.8699295940023106,0.021695713244721047,0.004091556968584955
40.82974600791931,0.5720534770081473,0.27766442315808026,0.34945261264841354,-0.4926894894292575,0.8699248686383537,0.02170076983571218,0.004106887013696021
40.85469388961792,0.5720489399998973,0.27767465646000783,0.3494749083090506,-0.49269718155512937,0.8699203337468543,0.021704576675584834,0.004124509257625469
40.874695777893066,0.5720461338020338,0.2776811505706376,0.3494923289023733,-0.49270234792054285,0.8699173113341124,0.02170584110350691,0.004138146667494965
40.89970636367798,0.5720427242589591,0.27768917433103857,0.34951537321298076,-0.4927082613441278,0.8699138491603083,0.021706885622932545,0.004156364426823598
40.91971802711487,0.5720371306706299,0.277701312794165,0.34953677610876027,-0.4927174790808892,0.8699083941661988,0.02171302719981415,0.004173250671552757
40.93978261947632,0.5720267444946138,0.27772378002552,0.34956293859189846,-0.4927340209152882,0.8698985168484897,0.02172926811219274,0.004194511299268834
40.95980191230774,0.5720097349943467,0.27775995661000263,0.34959667666046,-0.492759939349643,0.8698829558857955,0.021759144650226634,0.004221949653658115
40.97989320755005,0.571985357923191,0.2778112915433896,0.3496374617432879,-0.49279506126315853,0.8698617643152459,0.021804409967066,0.004255147901333461
41.00485301017761,0.5719455675224258,0.2778937677859631,0.34969699919700115,-0.49284756497299,0.8698299186228301,0.02187861519298861,0.004303088351537506
41.02978014945984,0.5719092571875635,0.27796821256333165,0.34974952339626075,-0.4928925987218959,0.8698025258093705,0.021944797526373013,0.004344891363111495
41.04978919029236,0.5718909767808946,0.27800676585938966,0.349777639297882,-0.4929142966264921,0.8697892659909874,0.021978405158008755,0.004367912170843423
41.07469868659973,0.5718872690909754,0.2780151374446413,0.34979579255115834,-0.4929195022533693,0.8697861588434891,0.021981803548382473,0.004382064168759668
41.099708795547485,0.5718910143617786,0.27800784397054623,0.34981740734523803,-0.49291490506352126,0.8697890701880717,0.02196658010358371,0.004397625082565743
41.119714975357056,0.5718934898802215,0.27800406708995884,0.3498366901414084,-0.4929125944194835,0.8697905641635661,0.021956220606840608,0.004412836531941253
41.13978052139282,0.5718975355679646,0.2779975878361382,0.3498576206778042,-0.4929080643535835,0.8697934115979696,0.02194175040626715,0.004429540184129966
41.16471743583679,0.5718975163578686,0.2779994792723103,0.34987812371810917,-0.4929093441186395,0.8697927216487927,0.02193705179645635,0.004445853597116727
41.184717416763306,0.5718962814562665,0.2780020084844983,0.3498961256902552,-0.4929101819697826,0.869792220948868,0.0219354095264449,0.004459001486943523
41.204758405685425,0.5718953263227396,0.27800368054001307,0.3499168050623079,-0.4929095111750935,0.8697925806104568,0.02193321473589291,0.004473768052719675
41.229756116867065,0.5718963444529621,0.27800232355601767,0.3499362502661506,-0.4929079965386224,0.8697935333664181,0.021926504690879554,0.004488277741615794
41.25467801094055,0.5719024856859743,0.2779897909228041,0.3499354282928666,-0.4928991048873808,0.8697988592021995,0.02191534738873451,0.004487145671937355
41.27469491958618,0.5719223471540581,0.27794811565206917,0.3499160323780699,-0.49286942729750277,0.869816785352133,0.021874790836978547,0.0044700203831725726
41.29470896720886,0.5719591044663718,0.2778712201568499,0.3498842269346509,-0.49281321358809344,0.8698506743918547,0.021799359749506846,0.004441697780574867
41.314735651016235,0.5720158171873745,0.27775301489462556,0.34984047820682296,-0.4927261448602423,0.8699031290557853,0.021682092097689305,0.004402172079459303
41.33490324020386,0.572080373905077,0.2776179106866605,0.3497869215649674,-0.4926263117498175,0.869963206046491,0.021549496882352425,0.004353880436169643
41.359779357910156,0.5721540362907976,0.27746134103206516,0.34970887017784613,-0.4925108133749648,0.8700326020325165,0.021401120326107637,0.004285107366161701
41.37982225418091,0.5722148537084785,0.27733162420429397,0.34964165793127033,-0.49241534097665757,0.8700899318111976,0.021278670633744112,0.004226192992450573
41.40490174293518,0.5722833915542488,0.2771891805617706,0.3495709931121841,-0.49230970791533374,0.8701532869659528,0.021143697376005768,0.004165662002233051
41.42977547645569,0.572342118374344,0.2770694401386625,0.34951552266691427,-0.4922203990575351,0.8702068028845943,0.021029392989309226,0.00411868915204275
41.44977688789368,0.5723771541342919,0.2769957526380792,0.34948074990370387,-0.4921659088757106,0.8702394671021407,0.020958906644233603,0.004088064703495996
41.46983790397644,0.5724002054429177,0.27694708734324147,0.3494582152969106,-0.49212966778743567,0.8702611761917997,0.020912296384833145,0.0040683109782165446
41.494688272476196,0.5724077423962219,0.27693162437602636,0.3494508150128662,-0.4921172099989431,0.870268598740423,0.020897736495528663,0.004062299567503238
41.51971197128296,0.5724072015546678,0.2769320591704089,0.3494443713634946,-0.4921123625599114,0.8702712982450231,0.020900471339059243,0.004057138586422889
41.53976082801819,0.5724063843262354,0.2769320512815992,0.3494378224802818,-0.4921040417124594,0.8702759778211102,0.0209027109587843,0.004051076961981691
41.5597882270813,0.5724064875431166,0.27693154373374923,0.34943644754193226,-0.4920964644064788,0.8702802672918725,0.020902801425965917,0.004049564070476133
41.58477544784546,0.5724118131379323,0.27692049448855843,0.3494290430536654,-0.4920863705769811,0.8702862262711526,0.02089350775029446,0.004043462323107471
41.60977649688721,0.5724296042079348,0.27688279996968634,0.3494011329774694,-0.4920582351127633,0.8703030152730659,0.020861293598109506,0.004020110570246486
41.634751081466675,0.5724424254526447,0.27685534853508037,0.3493811287662334,-0.4920383513912951,0.8703149039238265,0.020837534320437934,0.004003239799884604
41.659722328186035,0.572446709298194,0.2768464318988865,0.3493773706038346,-0.49203225547328155,0.8703185740192471,0.020828822325208364,0.003999931070979162
41.67977213859558,0.5724479843630904,0.27684398284874806,0.3493763032351095,-0.492031059776204,0.8703193089267306,0.020826494118827775,0.003999233502294358
41.7047553062439,0.5724485746726975,0.2768438791944493,0.34937712976069507,-0.49203141276372225,0.8703191093547177,0.02082624842652203,0.004000514443277864
41.72970628738403,0.5724468486782518,0.27685073115701536,0.34938517594805235,-0.4920360996663996,0.8703162987857441,0.020831455282441375,0.004008385683508051
41.749732971191406,0.5724406858844948,0.2768639477661205,0.34939870608119106,-0.4920460826933217,0.8703103629372785,0.020841535457393562,0.004019336406042038
41.76974558830261,0.5724336542553662,0.27687818868682706,0.34940747344507694,-0.49205664647450387,0.8703040483722911,0.020854424351794656,0.00402654086155884
41.79467558860779,0.5724206388594602,0.27690445811741565,0.3494162825379119,-0.49207577001467756,0.8702925600166125,0.020881136477390462,0.004034188774508161
41.81468343734741,0.572406847909762,0.2769336465195123,0.349429288721463,-0.4920969375824348,0.8702798549838067,0.020909567293913717,0.004045742068870111
41.83473491668701,0.5723868870855454,0.2769755108891172,0.34944932118499955,-0.49212790260245515,0.8702613004834557,0.020949641563476656,0.004063111836648259
41.85477113723755,0.5723692976880524,0.2770120993501469,0.34946636270016174,-0.49215501619264884,0.8702450554165732,0.02098466096773054,0.004077690341316545
41.87979698181152,0.5723603506921096,0.2770305645328856,0.3494748459042482,-0.4921692913122264,0.870236530676575,0.021001919051326787,0.004085188494528394
41.904773235321045,0.5723527299465657,0.27704183545273114,0.34947388963076087,-0.4921793436324866,0.8702305973751701,0.02101248851000496,0.004083678429682491
41.924811363220215,0.5723397800708893,0.2770616369981481,0.3494625369750384,-0.49219578089180827,0.8702207520284881,0.021037115013861886,0.004073793912894615
41.949793100357056,0.5723300632514225,0.2770809892938134,0.34943919856811895,-0.4922117345311335,0.8702111346814668,0.02106482117548201,0.004057433395986267
41.974695444107056,0.5723219726989324,0.2770916277673105,0.3493857527004114,-0.49222351102265893,0.8702040239054101,0.02109120946643439,0.0040165736381601634
41.99473190307617,0.5723113470535427,0.2770984760615143,0.34928467818202136,-0.49223661174548133,0.8701961326333975,0.021125946845876382,0.003937407913891189
42.01977467536926,0.5723099696070071,0.2770967244597771,0.34909318200832906,-0.492243347211934,0.870191631542478,0.02118043114908818,0.003794844910752914
42.03977847099304,0.5723116077393656,0.2770898179653232,0.34894002348226755,-0.4922444176262606,0.8701905704923741,0.02121933235244965,0.003680257394322524
42.06476020812988,0.5723245504621866,0.2770576797378323,0.34877217620519396,-0.49222397671055806,0.8702022410711403,0.02123678854824917,0.003551787637479993
42.08477067947388,0.5723704449860765,0.2769583011664245,0.3486602145960789,-0.49214970601489844,0.8702463225369084,0.0211666773693117,0.003460743980192949
42.109720945358276,0.5724763690496639,0.2767338650072983,0.34853103251726225,-0.49198393858195666,0.8703454597079545,0.02096099669636709,0.0033498597845874924
42.1297504901886,0.5725885864244249,0.2765014526854541,0.3484222538587226,-0.49181124738380755,0.8704486932538693,0.020740566529500435,0.003255498233172999
42.154675006866455,0.5727604978074642,0.2761439929972053,0.34828841281692213,-0.49154691515171967,0.8706066920126484,0.020390989630061966,0.003134577181353977
42.17467999458313,0.572922451499381,0.2758030830136202,0.34817205021154674,-0.49129612514178944,0.8707564677394305,0.020053160315265158,0.0030268945695370872
42.19469475746155,0.5730908839145514,0.27545463307590645,0.3480461872467653,-0.4910375712196833,0.8709103470012859,0.019717362494700796,0.0029149154916668905
42.21473050117493,0.5732601305645022,0.27510598333987246,0.34790640496789427,-0.4907783387942329,0.8710643231870606,0.01938472916351266,0.002792725819144662
42.23968243598938,0.5734720634820661,0.27465424518918663,0.34770088649706565,-0.49045399190065286,0.8712567868004012,0.018965101182679387,0.002611171406908315
42.25968265533447,0.5736579452706492,0.2742405084089798,0.3475033192644988,-0.490189536030336,0.8714142590347204,0.018587655836364646,0.0024304278561230563
42.27969145774841,0.5738484173720951,0.2738086372250477,0.34722782885181036,-0.4899106941567264,0.8715800896198462,0.0181894426402636,0.002191646285315753
42.30468964576721,0.5740779650579645,0.27330463993975274,0.3467395245227708,-0.48959881677818634,0.8717657981925124,0.01772365624350359,0.0018065733715505708
42.324859619140625,0.574250476204465,0.2729173656471009,0.3461878188837728,-0.4893181102943981,0.8719288265894336,0.017494216912546025,0.0013640950437894105
42.34978890419006,0.5745451711163826,0.2722554259780443,0.3453871879641862,-0.4888840945417326,0.8721800937905875,0.017138151659764556,0.0007141461080088555
42.37469673156738,0.5750852585657915,0.2710659403209344,0.34433284655532237,0.48810582276708525,-0.8726302890235761,-0.01640307476486401,0.0001469787775572742
42.39984321594238,0.5758535015101698,0.2694130813342801,0.34307614702016376,0.48683771851258034,-0.8733556381702919,-0.015412433199366317,0.001192476076702238
42.4247522354126,0.576795265503596,0.26735330126695034,0.34171865292081993,0.4851884417842647,-0.8742896571561503,-0.014286894202759559,0.002378235408106929
42.44477820396423,0.5776087985803222,0.26555985743457267,0.34059965714420115,0.4837145777583579,-0.8751187971510124,-0.013263600528053374,0.003372690014126434
42.46969413757324,0.5787289302744936,0.2630902061126,0.3390884222030636,0.4817178666331757,-0.8762337835729274,-0.011836572076061484,0.004706277526486444
42.4897255897522,0.5797226065280229,0.2610250297079915,0.3379101231055313,0.4799904375512429,-0.8771901567277643,-0.010674006011796734,0.005716152377983905
42.514671087265015,0.5810490768663035,0.258391775568345,0.33650106708252703,0.4776060084268614,-0.8784967480816144,-0.009379463239007069,0.006927480896672745
42.534674882888794,0.5821151953555869,0.2563444548733816,0.33544642584925044,0.4754898913608958,-0.8796431062867103,-0.008677621918898643,0.007878302745260959
42.55468535423279,0.58317766753871,0.2543581893501435,0.334423077065426,0.4732179122238553,-0.8808617689315041,-0.008317151696664051,0.008841751672847764
42.57468581199646,0.5843141770110007,0.2523542501735226,0.333474582522759,0.4706712812621086,-0.8822158754712794,-0.008266914763863577,0.009764844163909547
42.59974384307861,0.5857408258564498,0.24996515354382093,0.33240884648948044,0.46722078011805435,-0.8840302292796711,-0.008778438300160821,0.0108736087216479
42.62474870681763,0.5870131734108079,0.24783224949494065,0.33143086559208296,0.4637167777936078,-0.8858465898011577,-0.00991715876151537,0.012009133719291305
42.64973545074463,0.5881548930079213,0.24583012316101743,0.33043896764048664,0.4600478527531,-0.887720738442054,-0.011495822985600805,0.01325555620472413
42.66973662376404,0.589060923580144,0.24424461841272352,0.3296820000395155,0.4568598332996799,-0.8893301226720087,-0.012963456970206047,0.014246908753527245
42.69467544555664,0.5900920812355461,0.24234975827199917,0.3287172366101819,0.4527330841120594,-0.8913820003730448,-0.015113072537647768,0.01557173719582828
42.7146852016449,0.5908065888945342,0.24094369717431907,0.32798626548531307,0.4493687301466974,-0.8930269244361014,-0.017105274081738935,0.016675316993320224
42.734694719314575,0.5913594064626424,0.2395449686684848,0.32722130730003535,0.4459792613582984,-0.8946570299266821,-0.0192275504810652,0.017933168810851746
42.75968885421753,0.5919269759921252,0.23766284774808602,0.3263003500659484,0.4416933664717842,-0.8966862270369732,-0.0218333427624575,0.019598096863063418
42.78468871116638,0.5924958974020419,0.23563155960334728,0.32549171369363217,0.4373171070292707,-0.8987285423431791,-0.02431106946232643,0.021206767292277672
42.804829597473145,0.5929612403056184,0.2339869027653007,0.3249673656911173,0.4338063635520036,-0.9003465226983879,-0.026210943013341467,0.02238670304462311
42.829702854156494,0.5935810654727282,0.23183378976448385,0.32445838269638094,0.4294110753459833,-0.9023510594589652,-0.028391781374038447,0.023719203484074667
42.849703788757324,0.5941513727573472,0.22997954662322487,0.3241974680439176,0.4258765927567342,-0.9039527075594808,-0.029873297047452226,0.024621461395769043
42.8747193813324,0.594931456447779,0.22753227831088202,0.32404728911051695,0.42148681544840794,-0.9059292395008963,-0.03143078680610498,0.025557446300925147
42.89967608451843,0.5957021935665194,0.22510291480284741,0.3241619309069051,0.41725475776866233,-0.9078203235527784,-0.032738368934135245,0.02624740869799968
42.919699907302856,0.5963114571001759,0.2231945962378573,0.32439699891838575,0.41402460001469144,-0.9092554641456273,-0.03358843042166056,0.02664486527855767
42.939701795578,0.5969186601413958,0.22127507385822748,0.324719032091503,0.41091747226857095,-0.9106318597776111,-0.034213119637806766,0.026942705637608363
42.959794759750366,0.5975515812660083,0.21935309874135175,0.32519874111647307,0.4079133530689578,-0.9119614600327817,-0.03464515703210646,0.027068522259609918
42.97980332374573,0.5981768140038852,0.2174667843396749,0.32577230848120003,0.40506684258037484,-0.9132209732473142,-0.034851855145923163,0.02708607125578151
43.00472807884216,0.5989677638255254,0.21509634008991568,0.3266431591355383,0.40169926827063224,-0.9147144012006082,-0.03477755608171132,0.02694037304675894
43.029741287231445,0.5997242533546586,0.21274830003066947,0.32759945986466205,0.39854954217171035,-0.9161121078139127,-0.034401271532398664,0.026709939506717285
43.04978919029236,0.600321165515865,0.21091981640814117,0.32843093214100955,0.3961446442879284,-0.9171786452524362,-0.033969932908866726,0.026434771664352655
43.06984901428223,0.6008759129953215,0.20918354780486853,0.3293312938348528,0.3938307916157977,-0.918200398262156,-0.03351603878765093,0.02611534703138017
43.08987784385681,0.6012637985718278,0.20758210619397938,0.3302148081326985,0.39165272235965454,-0.9191490829045353,-0.03312798455497619,0.02599317417307643
43.11466693878174,0.6011232190693231,0.20542870195874496,0.33109621708434134,0.38913521272218493,-0.9201977326368778,-0.03245177174389591,0.027510026899081684
43.134737730026245,0.6005895969086159,0.20349872250605758,0.3316451058284623,0.38722898995980276,-0.9209496499225791,-0.03168359263866952,0.030026681463734505
43.154773235321045,0.5997685663118147,0.2014217704653808,0.33203629607079743,0.38546091608378336,-0.9216184121687949,-0.030669530873012413,0.03314761529100055
43.17977571487427,0.5982916288057899,0.1987823009688607,0.3322873942167168,0.3834608489838428,-0.9223206626860319,-0.029299940158962107,0.03773441381124828
43.1998233795166,0.5966569411083539,0.19677576291176122,0.3323513515197842,0.3820034475640424,-0.9227639736677203,-0.028347823404217234,0.04214754866503399
43.22476625442505,0.5941141789172323,0.19442007855766347,0.33221478176920655,0.3803054451297894,-0.9231896821446227,-0.027474545852155106,0.048308679516577066
43.249722480773926,0.5911693864327733,0.19223056771915026,0.33178205068869937,0.37882881070539676,-0.9234750311471939,-0.026877797385989718,0.05440756413296997
43.26975464820862,0.5888504626551597,0.1906049269025332,0.3314698509906162,0.377703255328868,-0.9237169429400969,-0.026581614134003367,0.05814359835256843
43.29467964172363,0.5860922187026212,0.18865866997031613,0.33091190426254846,0.3761938447444961,-0.9241382171089894,-0.026544099811968407,0.06117317729322778
43.31468224525452,0.5841064496195323,0.18723134473899436,0.33049774813356664,0.3750135230825864,-0.924546864062805,-0.026673549353090662,0.06218098923114947
43.33974003791809,0.5818882864510879,0.18557210230167048,0.32994637008099553,0.3737712334014501,-0.9250932924708037,-0.0267397883354914,0.06150161808320473
43.364715814590454,0.58012420338571,0.18383694282973698,0.32967926357717464,0.3727518361879851,-0.9256952124176665,-0.026326643418767757,0.058748192923996814
43.38471794128418,0.578916771702763,0.18227787790762612,0.3295464925018891,0.37202641692992794,-0.9261847216395089,-0.025656149202236883,0.055856678346735654
43.40477657318115,0.5778363463098335,0.1805433065248776,0.3295415190007715,0.37132484610947486,-0.9266700962404075,-0.024657361860011263,0.0528432200159811
43.42481732368469,0.5767177186894886,0.17874141869086527,0.32960393600737475,0.37058247136835415,-0.9271476793401757,-0.023454611492103403,0.050156692558562456
43.44968247413635,0.5751845608393528,0.17651035342620383,0.32981494250330995,0.36972663995947375,-0.9276732495471905,-0.02189662844598014,0.04738239590404278
43.46969199180603,0.5739549858265538,0.17464275653325442,0.33007458466814676,0.36886997927574633,-0.9281351638866324,-0.020665374353529085,0.04553019052375472
43.489731311798096,0.572715309877649,0.17266658427628362,0.3302984389097292,0.367971344775367,-0.9285971345330225,-0.019424430261917862,0.04389923313965131
43.514681816101074,0.571304697585217,0.1701525490448783,0.33069232955472916,0.3666968728830668,-0.9292366427586857,-0.017841413994952735,0.04164551739529702
43.53973317146301,0.5701485785512049,0.16756878195217106,0.33120444433757873,0.36506073782595677,-0.9300244186513715,-0.016287979872570083,0.03898640944983788
43.55977964401245,0.5693667442607276,0.16557400819144183,0.3316416485433761,0.36365783054248574,-0.9306869365936881,-0.015138497101070122,0.03668288762672842
43.584680795669556,0.5686566457370512,0.16314842939111363,0.33231260684080116,0.3617869872235112,-0.9315591743478406,-0.013731258033273347,0.03345344701230494
43.60469126701355,0.5682781942365951,0.1612205723551468,0.3329558350695101,0.3601695272418566,-0.9322984588419991,-0.012603751555212922,0.030637244226683954
43.624732971191406,0.5680515749909991,0.15924098694052707,0.33361316989680684,0.3585234608121444,-0.9330346619439733,-0.011409295257622215,0.02787607648547657
43.64479374885559,0.5679725538547847,0.1571988612729787,0.3343105306836834,0.3568163511369729,-0.9337764128984231,-0.010167243403412816,0.025304731527532515
43.66486620903015,0.5679817422788374,0.15509984446009373,0.33500783341700413,0.35505947288928863,-0.9345151228015218,-0.00882135112205728,0.023161168616051046
43.68979501724243,0.5680475190676328,0.15234590710976267,0.33585019883482015,0.3526968327522875,-0.9354692802016249,-0.007055868937488602,0.021269336594937814
43.714712142944336,0.5682037305953593,0.14948186015427348,0.33667650411195077,0.35016052708331125,-0.9364620063182908,-0.005215115912277599,0.019982956765168907
43.7396924495697,0.5683938792373073,0.14660354099947973,0.3373266386900319,0.3475836907343112,-0.9374417847504126,-0.003439900718985972,0.01940734971223017
43.759697914123535,0.5685567998776253,0.14428591439412644,0.33774566898116415,0.345614010617309,-0.9381721453754972,-0.0020271437992067294,0.01949030515604341
43.77971410751343,0.5687564538971068,0.14193884704775708,0.33805677464104994,0.34351324272051753,-0.9389399229461455,-0.0006349721926078482,0.019750189473230303
43.79971623420715,0.5689935579013863,0.13956275524034395,0.3382381820616608,0.3413728220715964,-0.9397131243164607,0.000770642049124,0.020080997217920928
43.81979584693909,0.5692510731870177,0.13723163653968717,0.3382835446894574,0.3392186713120739,-0.9404819647797753,0.0021033473797096567,0.020492508065390727
43.84468412399292,0.5695980831742293,0.13433669384388047,0.33814355284453107,0.3365286282102796,-0.9414287360887801,0.0036975959132442408,0.02113634419006442
43.86470580101013,0.5699269845877841,0.1320436271562132,0.33792446943475524,0.33438695165831084,-0.9421734367090252,0.004916266763718281,0.021688984341872032
43.88473105430603,0.5703155236235278,0.1297754468560735,0.33760027072430115,0.33234789455370467,-0.9428740611477978,0.006113181415856404,0.02227130022838365
43.90480875968933,0.570807131351528,0.12755011086278398,0.3372738519708091,0.3304594397154355,-0.9435167656852318,0.007373173757802168,0.02276637614721582
43.92977976799011,0.571476525056777,0.12489984688216074,0.3368196721767685,0.32806486904296495,-0.9443243706612264,0.008944803672546886,0.023343417963213018
43.94982099533081,0.572006985175111,0.122884149090898,0.33639810504116313,0.3262080268219955,-0.944943666457792,0.010109905915151983,0.023823943007192483
43.97470545768738,0.5725963121443621,0.12050368284677469,0.3357758306445998,0.32394939668169737,-0.9456877969373529,0.011422510769372392,0.024513371066349054
43.999687910079956,0.5731477576050892,0.11820304057518691,0.3350122264391365,0.3217353183791091,-0.946406848911666,0.012628729520248412,0.025317512341809813
44.01970982551575,0.5735670465803944,0.11643349946360723,0.3343394962016455,0.32005291795804514,-0.9469457027922243,0.013549312599956315,0.02600734123500454
44.044726610183716,0.5740299672115716,0.11423707406117943,0.33345968278710014,0.31783848496535927,-0.9476483003875721,0.0146907506582585,0.026936556807623656
44.06474828720093,0.5744306137980266,0.11245936870651031,0.33278041237496286,0.31592901953330504,-0.9482512514277724,0.015642117118408672,0.027635899742835455
44.0896942615509,0.5749265207092444,0.1101697302513045,0.3319481131564519,0.31318912429180346,-0.9491123272271726,0.016899364999246907,0.028509194891848184
44.109703063964844,0.5753431688316518,0.10833199711240069,0.3313132016117333,0.31087772206560654,-0.9498336187141428,0.017903071214245437,0.02916536859070196
44.134716272354126,0.575887022401566,0.10592081095628281,0.33053870141001296,0.30778550338544586,-0.9507888623771881,0.019239179003604494,0.029974607195971736
44.159656286239624,0.5764889772712845,0.10343832656052103,0.3298268733878983,0.30461816766878097,-0.9517551494930536,0.020667926355950366,0.030704139132892806
44.17968940734863,0.5769506720464165,0.10146543854775583,0.3292789623154979,0.30215626746248025,-0.9524948679601853,0.02183250389148275,0.031280318355144214
44.199791431427,0.5774012365240856,0.09954119288314756,0.32879874301764256,0.29983637268422536,-0.9531842188496636,0.022952796300458687,0.03179880018731919
44.224769115448,0.5779355164629099,0.09718615671933588,0.32823594330462014,0.29713729265648914,-0.9539742281039957,0.024314543526811342,0.032425366602680424
44.24980878829956,0.5784404106269205,0.09496393421799468,0.327712513876542,0.29479051247532634,-0.9546482580811572,0.0256025824511322,0.033011586889959026
44.27467727661133,0.5789197052831273,0.09286242812484535,0.3272448375707405,0.29258330573515084,-0.9552753221211818,0.026816153372695828,0.033540454226657905
44.294678926467896,0.5793151691465201,0.09124303581038737,0.3269848341006138,0.2909004736038775,-0.9557513972969905,0.02775837861727494,0.033847502690716964
44.3196747303009,0.5797854572644616,0.08932080932715224,0.32673502690672207,0.28899445522829453,-0.9562859966534052,0.0288443519057329,0.03416578427492527
44.3398003578186,0.5801329949745044,0.08786342469580839,0.3265570057123446,0.287573130609939,-0.9566802087308459,0.02968244475641448,0.03440385512083149
44.364795207977295,0.5805786024617791,0.08614569143173978,0.32647467647600215,0.2858882218838229,-0.9571475388171423,0.030697433178588585,0.03455692579794146
44.3898069858551,0.5811097176122645,0.08449497599915175,0.326616036213664,0.2842346395103438,-0.9576106659238461,0.03170903163162703,0.034453149702440414
44.41467523574829,0.5819799269493215,0.0828848560709079,0.32706210337690045,0.28247215458896396,-0.9581203685063321,0.032703458780463816,0.03384265236416993
44.434690713882446,0.5828952390246702,0.08160274244313824,0.3276408740060011,0.2809714535000543,-0.9585627690643096,0.03350549767555644,0.033012750679554524
44.459795236587524,0.5842412412094342,0.08005698803866207,0.32860054012549256,0.2791351855708701,-0.9591076866939207,0.0345772638383698,0.03162920053419697
44.48467803001404,0.5858155933501406,0.07852470947078194,0.32971510042642377,0.2772837728904791,-0.959657364480549,0.03570128867003206,0.029947789187264224
44.50467824935913,0.5871932060895761,0.07721543182694074,0.33065236895120165,0.27568954362015247,-0.9601250399676416,0.036648687532896886,0.028496611515721332
44.52471208572388,0.5885959946876732,0.0758500885402559,0.33158101641710347,0.2740348102960386,-0.9606026950650546,0.03762822753945994,0.02704628388500801
44.54969906806946,0.5904810049283621,0.07403730350469465,0.33282672665367896,0.2718519515952797,-0.9612234040791052,0.03893705700689938,0.025099590758142824
44.569703340530396,0.5922782923354969,0.07248938825688594,0.3340320066422842,0.26994701339970106,-0.9617610706779545,0.04008539761701834,0.023182186756909497
44.59471321105957,0.5949551804336622,0.07055482840294686,0.33582460556352806,0.267450638837123,-0.9624607766722317,0.04159210279180399,0.020236258022305526
44.61972761154175,0.5977409194800946,0.06863111864270248,0.33752329390817304,0.26494962677368217,-0.9631440045463963,0.043090870997275856,0.017277112484545512
44.64467239379883,0.6006007719129937,0.06681924377071144,0.33922392020950065,0.2624043139124351,-0.9638315521495003,0.04439099411308814,0.014218113914728261
44.664715051651,0.6029187729794854,0.06549055334909164,0.3405901854155789,0.26031080952562385,-0.9643958435677967,0.045188305208809544,0.011702838298606391
44.689677000045776,0.6058012851695024,0.0640548661977993,0.3421764344619985,0.2577148921838513,-0.965095364103417,0.045823595693970424,0.008612236116024786
44.70973205566406,0.608160629802724,0.06314198861574423,0.34341298342525595,0.2557047865098224,-0.9656390633491913,0.04603601792713161,0.006078367007833564
44.734657526016235,0.6109451375411022,0.0622176422239074,0.34457709763326794,0.2532497962303879,-0.9663062631024116,0.04589293789523696,0.0032534368963393345
44.75467658042908,0.613137108298771,0.06169028315140419,0.34532426005600714,0.25136437590100874,-0.9668230005899542,0.045475694823872065,0.001094174941989606
44.77468180656433,0.6152998438201761,0.061298422051430775,0.3458362758971406,-0.2495140044568932,0.9673329083923713,-0.04482201753471218,0.000890358635909126
44.799673080444336,0.6178948346931409,0.06081792859317835,0.34613382162226136,-0.24713328589704814,0.967986255948693,-0.04380164510698443,0.0030270774997693877
44.819756507873535,0.6199020542854714,0.060419528052247026,0.3462622661821021,-0.24520700438487208,0.9685085724466072,-0.042940257066795794,0.004561187444577911
44.84476685523987,0.6221787890980159,0.060011035785338576,0.34617205709633836,-0.2429005535248498,0.9691379559566204,-0.04171334950556028,0.005562364282687021
44.86477088928223,0.6237898685313343,0.05971678503814338,0.34598371183816423,-0.24107207047426557,0.9696445313087104,-0.040600818325390434,0.005031232077609893
44.889689922332764,0.625721469593189,0.05930375632485171,0.3458136455670963,-0.2387445741809725,0.9702855978139977,-0.039194299797875,0.003270143392888089
44.90971279144287,0.6271380085006476,0.05899680945807204,0.3456325861333605,-0.23698611383439727,0.9707657496748484,-0.038078426835400275,0.0012143244923547374
44.93465805053711,0.6288306844189531,0.05869297821020196,0.3454853996280058,0.23500290167103086,-0.9712978541261262,0.03675282591348439,0.0018288263140271138
44.95470333099365,0.6301583267785033,0.05845478994531914,0.34548313884813936,0.2335313790255675,-0.9716793965297995,0.0358025152026519,0.004519434107190767
44.97971868515015,0.6317688005771765,0.0581598770095184,0.3455296369342935,0.23182597835970162,-0.9721029157011064,0.03473150353436621,0.008146146653433849
44.99974703788757,0.6330852415020672,0.05793249650937367,0.3456692186897302,0.2306017188887255,-0.9723908241793511,0.03402881743884981,0.010998721832752073
45.01976537704468,0.6343772199216734,0.05767453661060965,0.345773191597077,0.22947712806682466,-0.9726407509241168,0.03346500015078471,0.01379532898799637
45.04470634460449,0.6361062447124018,0.05732449068475905,0.3458549686066128,0.2281803920045462,-0.9729212628885849,0.03294947981874325,0.016500203149722767
45.06482172012329,0.6376768173241312,0.05704946239548732,0.34597431621437336,0.22723870460756326,-0.9731312693658796,0.03270699254214655,0.017560078298671893
45.089659690856934,0.6396911345227438,0.05679108941124331,0.3458565575885236,0.22623130173637213,-0.9733660940066211,0.03244845789909677,0.018026168022947733
45.10969138145447,0.641366000564054,0.056724074317371614,0.3456376887130517,0.225602515299469,-0.9735247842450857,0.032217711838848674,0.017748763203881968
45.12970232963562,0.6430714443579654,0.056803460731980296,0.34527971892745835,0.22515568199478586,-0.9736508689614778,0.0319495353382568,0.01697443454290508
45.15464758872986,0.6451689135938802,0.05708343643244618,0.34461904532032017,0.224740705323142,-0.9737843406539227,0.03144841098948969,0.015705754195270132
45.174731731414795,0.6468273235268753,0.057525840178496115,0.34411543303299474,0.22454482856479327,-0.9738659192364892,0.030836077870596577,0.014626264623162905
45.19970893859863,0.6488353826437095,0.05818586033920747,0.3433549434606764,0.22434070179911847,-0.9739597725741529,0.029898257040261157,0.013405414946260151
45.224661111831665,0.6507898540090333,0.05898109256260117,0.3425005579389719,0.2240516941885351,-0.9740809228834341,0.028599966298206245,0.012216216010592588
45.244728565216064,0.6523772774473358,0.0596564627977893,0.34189379529470737,0.2236697747998731,-0.9742179358294968,0.027324704792292393,0.011162699381595007
45.269702672958374,0.6543706390347006,0.06049730889258217,0.341238909523671,0.22302727471162684,-0.9744280776032757,0.025552744465631532,0.009788440231704146
45.289766788482666,0.6559425986959372,0.061182782450431995,0.340698623633626,0.22246270487775605,-0.9746055712568421,0.0240391556429784,0.008743249440211412
45.30979537963867,0.6575136045274966,0.061918959973913425,0.3403148949060132,0.22192475217386076,-0.9747739341724624,0.022482547993371273,0.007727655874716349
45.33469367027283,0.65937789589352,0.06285917392482127,0.3398440742512305,0.22119549724971915,-0.9749924590962593,0.020385830852383508,0.006831881337508136
45.354714155197144,0.6607716867089364,0.06350005493373057,0.3393655515448534,0.22047082442667626,-0.9751929599116168,0.01866038391475832,0.006564799139557572
45.379719257354736,0.6624451024432801,0.06404951569274489,0.33883159363730053,0.21938856916205185,-0.9754720021658999,0.01668533447029866,0.006680443582852895
45.40468764305115,0.6639438474192579,0.06449955554599286,0.33826530705549995,0.21839939647995724,-0.9757172490289192,0.014912049836359012,0.0074286157737921766
45.42473793029785,0.6650140820550245,0.06485154680782593,0.33781791274425915,0.21774307536505377,-0.9758742597539044,0.013611406045637863,0.008491872981836304
45.449684858322144,0.6662689768844953,0.06527374773033826,0.33730314691503704,0.21707004077714984,-0.97602706575884,0.012152666073906132,0.010201814064144528
45.47470307350159,0.6674547227595142,0.06575293073463356,0.3368395315166729,0.216576306474034,-0.9761302800273928,0.010780275495822765,0.01217232713456492
45.49474501609802,0.6683740646327866,0.06619982748016559,0.33651971673674025,0.216332645406138,-0.9761736653504869,0.009745344482835882,0.013790934286457737
45.519763231277466,0.6695821245571913,0.06670790936689587,0.3362700220572471,0.21605895692071647,-0.9762167857778703,0.008603672750341816,0.015661772396239913
45.544719219207764,0.6708676391685665,0.06705702128348294,0.33613865882113936,0.2156680036201668,-0.9762818089635189,0.007617405738123147,0.017410250756691493
45.569655895233154,0.6722431192276435,0.0673335322729447,0.3361522777196878,0.21531906608423756,-0.9763380821144735,0.006857616770677078,0.01883141751656003
45.58968663215637,0.6734440237559001,0.06761555053974827,0.3363250237225873,0.21515156274768424,-0.9763655333764668,0.006339156700780335,0.01949270053739942
45.609755516052246,0.6747401695382159,0.06792402081996711,0.3366061207101779,0.2149762756386516,-0.9764036001114993,0.005812083126298362,0.01968324900442999
45.634660959243774,0.6764054976421254,0.06832216753228884,0.3369094486143097,0.2147758245990146,-0.976453892475872,0.005177185938980221,0.019553459604583243
45.65470480918884,0.6777683079474823,0.0686980097957879,0.3372426711257277,0.21467465328964794,-0.9764866381830586,0.00466786581496969,0.01915332120386829
45.674901247024536,0.6791320475112077,0.06914903339376259,0.3376235399565006,0.21463107928302427,-0.9765102307580192,0.004108601100718692,0.018557705349341883
45.69976758956909,0.6808359732718702,0.06985343245013498,0.33801810920829284,0.2146744222200877,-0.9765224442706998,0.003283994870092636,0.017550602789650493
45.72473192214966,0.6825828981454007,0.070711175910299,0.33843869833256357,0.21478787215398307,-0.9765239644320871,0.0022960756707885457,0.016181622349003694
45.7497935295105,0.684250538739052,0.07177951960842764,0.33877812740977725,0.21504409154768978,-0.9764915978075775,0.0010847094214710739,0.014799375278302874
45.77466893196106,0.6857902222202588,0.07298767767463048,0.338989520254234,0.2154225139053194,-0.9764253728443928,-0.00028738279594728804,0.013658300785189075
45.79964995384216,0.6873015686339182,0.07421607458972022,0.33916310637666025,0.21583261638523024,-0.9763492418209708,-0.0016656092279351102,0.012476595893909861
45.819708824157715,0.6884502888748237,0.07523946921381935,0.33920812509318254,0.2161878174112996,-0.9762790159823529,-0.0028330660466108996,0.011579477215254874
45.83972406387329,0.6895631053028054,0.07631736505634432,0.3392114151926581,0.21656763017067224,-0.976200660473372,-0.004083737246693524,0.010679660350810798
45.85980534553528,0.690668629146874,0.07743600090214492,0.3392285251796652,0.21697109730775344,-0.9761143672917479,-0.005383090493257186,0.009762542475097035
45.884788274765015,0.692041798765141,0.0788848888844246,0.339230016424942,0.21753423078923131,-0.9759894193069322,-0.007030389022483893,0.00860729158465829
45.90970492362976,0.6933496858107,0.08042370401593245,0.3392612831014332,0.21818632486737485,-0.975838141592203,-0.008758026526097456,0.007612228762030612
45.93466806411743,0.6945665349882143,0.0820605743095245,0.3392979389544922,0.21889261964377524,-0.9756668581941275,-0.010644705119790468,0.006847856733116151
45.959665060043335,0.695703238883379,0.08376585855061153,0.3393304259949951,0.21962400411653216,-0.9754817972956644,-0.012675133637124338,0.006316719701191171
45.979665994644165,0.69649526405598,0.08518119372902921,0.33920794495555684,0.22026868104473146,-0.9753136127794477,-0.014376248386058532,0.006195834087813954
45.99977111816406,0.6972264528931619,0.08661358661160343,0.3390721444113033,0.22096370323921044,-0.975130148977843,-0.016066432785670187,0.006172855333025265
46.019771575927734,0.697916071113914,0.0880528272096097,0.3389226586533693,0.22167881089638009,-0.9749381790588725,-0.01776162735862364,0.006210990733755958
46.03978204727173,0.6985948922254241,0.08950415815879297,0.33877685529364504,0.22239780093982453,-0.9747411339895214,-0.019486128160553486,0.006263438001533062
46.06467056274414,0.6993966414991344,0.09132682441470637,0.3385529138976925,0.2233172114247265,-0.9744840958401876,-0.021656067332206406,0.006417537273352491
46.089672803878784,0.7000776135143604,0.09312247266641328,0.3381854603101219,0.2243045635571565,-0.9742049200520939,-0.02374609767888419,0.006954089354782685
46.10971188545227,0.7006164112072227,0.09450590194429484,0.33790998094892966,0.22525957234576344,-0.973947174180622,-0.02508892575298595,0.0074547153709155715
46.129717111587524,0.7012120558137374,0.0958232165437779,0.337660322674586,0.226392982526794,-0.9736568958190821,-0.026021287828701552,0.007833215640261067
46.149720668792725,0.701835901060902,0.097001499367358,0.3373789136267787,0.22770772538729878,-0.9733368778478138,-0.02640638942866063,0.008198574125701767
46.16977524757385,0.7024535133823469,0.0980288483681056,0.33704529035266206,0.22918429207423915,-0.9729900961772214,-0.026260998862436807,0.008671386728552768
46.19466280937195,0.703296850424988,0.09911166871135758,0.3366651562351168,0.23119371723750723,-0.9725334235711885,-0.02539567032340318,0.009124969974164829
46.2146999835968,0.7040762304923218,0.09979602231181578,0.3364549805557452,0.23289701709326593,-0.9721576787044586,-0.02413914487251725,0.009258987593152981
46.23966979980469,0.7051090307054451,0.10046413553343425,0.3361748359907909,0.2351750013224371,-0.9716610803685476,-0.021921403811235914,0.00932285934814976
46.26466512680054,0.7061263657958139,0.10113223080356293,0.3358589603431395,0.23777171240268036,-0.9710872449258963,-0.019178746489474402,0.009292534952963167
46.28467607498169,0.7069038198562212,0.10162928175343504,0.33549539982470356,0.2399812287849027,-0.9705888838527956,-0.01671282788925947,0.009322540267703445
46.30970048904419,0.7078299962421919,0.10213981775454904,0.3349646888716671,0.24272493884869573,-0.9699550611006055,-0.013433221552985963,0.009556781112849917
46.32978844642639,0.7085129701414792,0.10248045249575331,0.3344760793416949,0.24489010324090188,-0.9694403757106274,-0.010726397342240717,0.009956890990675179
46.35464429855347,0.7093942772837084,0.10285448542583704,0.33387632853836763,0.24755414060288794,-0.9687923761967843,-0.007250917181694694,0.010281220440582951
46.37466740608215,0.7101557880695594,0.10318717360980849,0.3333990065776694,0.24964438869189168,-0.9682727602569472,-0.004544646492386029,0.01024144162341356
46.399670362472534,0.7111322344849306,0.10379640924528807,0.3328637559069036,0.2522047178138177,-0.9676226139920323,-0.001583571764227777,0.009836132586770376
46.41978192329407,0.7118928758332174,0.10443675407640642,0.33245736039243334,0.25415313764188874,-0.9671190735402628,0.00033773997861591355,0.009314835105160034
46.44476294517517,0.7127840040578078,0.10540795130969154,0.33193149204473,0.25644373374587925,-0.9665183762491355,0.002160642373691218,0.008612283042762342
46.46966552734375,0.7135934447957137,0.10660135589365223,0.3312635181079359,0.2586402876438504,-0.9659352649000865,0.0033497477875485786,0.007940076920734455
46.494664907455444,0.7143480799978839,0.10795918723975784,0.33052186155590074,0.2607340201992872,-0.9653748133184044,0.004021105907895729,0.007285000255347927
46.51968240737915,0.7150341214280956,0.10956058684585675,0.32980336917045155,0.2627847607222333,-0.964823059852366,0.004112910239648269,0.006611859138930966
46.54471755027771,0.7156257467052277,0.11148125311130277,0.3290607001458209,0.264838363073623,-0.9642679560459106,0.0035186399157345043,0.00596402196832208
46.564727544784546,0.7160437512720953,0.11319640086360105,0.32845060915730956,0.2664598204486371,-0.9638269722894981,0.0026203370670289635,0.005464925203885621
46.589679479599,0.7164372112680746,0.11552225543957863,0.3276319304015473,0.2684937194943661,-0.9632680623806946,0.0010816885563786362,0.0049590866720663025
46.60972046852112,0.7166370844400645,0.11750833027246822,0.3269447806050798,0.2701546936389538,-0.9628055619053896,-0.00039955471058905916,0.004661740581916281
46.63466286659241,0.7167912793942655,0.12011370322660025,0.3261284735749054,0.27225852225639063,-0.9622111044856316,-0.0024914936165249812,0.004345103927204113
46.65470051765442,0.7168584366430584,0.12227117496977569,0.3255432248357433,0.2739370712395839,-0.9617292419538442,-0.004332881723828071,0.004070910062923842
46.67473006248474,0.7168396776963396,0.12449657297354054,0.32499989832830767,0.27564311318276713,-0.9612316697469191,-0.0062981395004788054,0.003858065178749764
46.69972538948059,0.7167167201381648,0.12734630017227497,0.3244117345951018,0.2778436635467525,-0.9605792064843284,-0.008811716325582548,0.003583344219908156
46.724660873413086,0.7165696381640406,0.13017348425823405,0.3239372171388008,0.2800705965849219,-0.9599085173253574,-0.011226678188727066,0.0031719071798046177
46.744664669036865,0.7164081091628941,0.13240367685257096,0.3235763782168666,0.2818530912581623,-0.9593637191989548,-0.013105757738808947,0.002885886994126657
46.769659996032715,0.7161725635661285,0.13516357858014325,0.32329828790876824,0.28405689894532904,-0.9586801802153555,-0.015425689562926463,0.0024573001824715114
46.794657945632935,0.7159259243352567,0.1378986479373857,0.3231959812498756,0.28631480949838634,-0.9579722313853554,-0.0175891926514311,0.001911560868223597
46.814661502838135,0.71568602867653,0.14008301620977587,0.32314188211390776,0.288191336434814,-0.9573788712341117,-0.01921434295274601,0.0015031730593559093
46.8347008228302,0.7153585400259379,0.14224292878138362,0.3230335098604863,0.2901152026357874,-0.956765806042915,-0.020755487883386874,0.0012535222613592528
46.859644174575806,0.7148848088693023,0.1449159196399594,0.3228752692677552,0.29251822678613487,-0.9559909659222606,-0.02265613953011773,0.0010292885539200452
46.879716634750366,0.7145169618889339,0.14702800644213265,0.32275656734513997,0.29442392009507673,-0.9553695228349802,-0.024144733343544254,0.000813692461996482
46.89973163604736,0.714168171518457,0.14905492419508248,0.3225832886005793,0.29629251560759556,-0.9547560653996756,-0.02551849360113929,0.0006382396837608981
46.924657344818115,0.7137203974828542,0.15154943530915468,0.3223711869267492,0.2986037157151718,-0.9539895487413446,-0.0271946321821058,0.00046261960445433375
46.94476056098938,0.7133443626817113,0.15359563665620424,0.3222507742729659,0.30048071901857104,-0.9533590077494097,-0.02859824177728528,0.00027999118195012326
46.96977877616882,0.7128650291640766,0.15618912589821693,0.32210714918614486,0.3028651240994061,-0.9525493725270847,-0.03037149547937951,2.1395985516908567e-05
46.994656562805176,0.7123794673528706,0.15879267844534753,0.3219898166988879,-0.3053012558694276,0.9517151597781132,0.032083042857709486,0.0002769300614755515
47.01466393470764,0.7119874655478002,0.16086088683376962,0.32190045323062727,-0.3072779061928846,0.951034049012587,0.03338031938325539,0.0005293644953679039
47.034677505493164,0.7115847409158355,0.16289777314082302,0.32178657920115133,-0.3092764684058027,0.9503428521681945,0.03458237896915695,0.0007672779993400912
47.05469226837158,0.7111796748338581,0.16492612956170827,0.3217003077563274,-0.31133920137331905,0.9496289791603001,0.0356600068906715,0.0010332051000039237
47.074697732925415,0.7107604918199467,0.16692691421348027,0.32153411086956757,-0.3134806610658852,0.9488892853319341,0.036571322880398,0.001240034267764848
47.094752073287964,0.7103527606936659,0.1689068145953864,0.3214384367792656,-0.3156602265314,0.9481350675356396,0.037366453543444464,0.0015044234195548116
47.11964988708496,0.7098274389358715,0.17143143781103107,0.32137620061239813,-0.3184086877697394,0.9471725149371353,0.03842678728440605,0.0018752510473421607
47.13966941833496,0.7094043420251211,0.1734611372553218,0.32136924741676953,-0.3206014580553476,0.9463957133502682,0.03930648553091948,0.002204325491882254
47.15968322753906,0.7090162068218036,0.17538664794593742,0.3213621620271706,-0.32273405007450395,0.9456384995979,0.0400510672198024,0.0025442130527360187
47.1797513961792,0.7086387571206701,0.17721378178997813,0.3213339034536247,-0.324820300492142,0.9448969408450885,0.040661822779736054,0.002856525126673656
47.19981074333191,0.708239577126615,0.1790406597203518,0.321316473354734,-0.3269050274769683,0.9441498514394098,0.041282931200400594,0.003143347462368261
47.224772691726685,0.7077436644073357,0.1813076783631653,0.321307010814361,-0.3295116365373658,0.9432093094982003,0.04202165306962979,0.003529948178577642
47.244784355163574,0.7073708922384419,0.18307434779625234,0.32131262094271307,-0.33160739266486505,0.9424523665110457,0.04248333219832978,0.00390390518515826
47.269695520401,0.7069136934682596,0.18518007416132928,0.3212422332101322,-0.33422584003956374,0.9415083230457696,0.04285416467409301,0.0043227368643527905
47.289726972579956,0.706558042338738,0.18674917878623037,0.32112976873501387,-0.3362740730834144,0.9407713862507777,0.042985932850058216,0.004599583254513318
47.30978465080261,0.7062336279917533,0.18820717796835568,0.3210343718006026,-0.338269262050108,0.9400557962087935,0.04295436748806765,0.004891695322250666
47.329848766326904,0.7059379058098226,0.1895687144687932,0.3209176611578242,-0.34023975863550904,0.9393521574975418,0.042749753193363896,0.005185503855976502
47.34986639022827,0.7056676574790538,0.19083542128278722,0.32081061763067914,-0.34218902815310687,0.9386594934860342,0.04236593962069787,0.005491034736335871
47.374638080596924,0.7052813109698693,0.19235009098690797,0.3205183128339848,-0.3446464852142086,0.9377864817695958,0.04174499543995423,0.005715784429968914
47.39471173286438,0.7048510263311202,0.19355659032540778,0.32019776958765833,-0.3467439023354178,0.937042182781952,0.041082337461802926,0.005731965062141917
47.41473460197449,0.7042998654576055,0.19476119589729993,0.31970623098277906,-0.3489714182634728,0.9362510748387117,0.04027693780826841,0.0055355555655386
47.43976879119873,0.7034899793420654,0.19619338575829484,0.31888411920652887,-0.35181413130316863,0.9352390550131552,0.03910828544255217,0.005026828138206228
47.464699268341064,0.7025117186495997,0.19751506256051796,0.31773080491084366,-0.35465495476888975,0.9342225068990166,0.0378328089922939,0.004104780961259424
47.48968768119812,0.7013956966329052,0.19882250777835445,0.3164363100371913,-0.3575447312980061,0.9331767282722376,0.03652681347256348,0.0029581813112135066
47.51465725898743,0.7001465483801046,0.20013867599192928,0.31496079526510756,-0.36045246946213577,0.9321077542479973,0.03530826807489952,0.0015741236325734062
47.53466606140137,0.6990964886505671,0.2011245189156315,0.313678055460203,-0.3627171573324068,0.9312662590817639,0.034341098767197535,0.0003271659798696059
47.55470633506775,0.6979730945886041,0.20207638379532938,0.31227463489814505,0.36496735797645724,-0.9304208847004851,-0.03338626153921463,0.0010781509704652957
47.57976317405701,0.6964848190198689,0.2032758077918271,0.3104836206165926,0.36781143265230987,-0.9293373975946158,-0.03222081116865661,0.002927590712596225
47.60470104217529,0.6950288674247511,0.20443510943412543,0.30906148218745116,0.37063688029380976,-0.9282510195243991,-0.030950149117461617,0.004520618501876245
47.62477946281433,0.6937855377716121,0.20535737247778793,0.3080844818490702,0.37288050548994073,-0.9273773099374415,-0.02996635461649485,0.005785432461959733
47.64970922470093,0.6921718486282022,0.20655819851337182,0.3071251509407027,0.3755573832396522,-0.9263154363557754,-0.0290416993560526,0.007276260142410325
47.66974186897278,0.6908129947152937,0.20751968272071378,0.3065334710768888,0.377616604283063,-0.9254863175079457,-0.02844912483113165,0.008451246891773012
47.694698095321655,0.6889806042042631,0.208790655654561,0.3060338647454871,0.3801596385627655,-0.9244459816672159,-0.027932465351287267,0.009902200115292933
47.71971321105957,0.687133002714577,0.20999206676502188,0.3057732490597127,0.3824643995668331,-0.9234866254188187,-0.02767901133276482,0.011283087715667437
47.73978090286255,0.6857041362167461,0.21083570945112307,0.3056810050352261,0.3840640062786809,-0.9228112427109882,-0.027603442747513474,0.012340962533651528
47.75986194610596,0.6842604657400823,0.2116735353530459,0.30567820701541143,0.38556869449186176,-0.9221686460141556,-0.027615169535696073,0.013385535001741073
47.7848539352417,0.68251786317758,0.21273631084802003,0.306049187765033,0.38724605369588744,-0.9214412409489071,-0.027899045112259727,0.014428328322946948
47.80970001220703,0.6808413869808541,0.21376339717058526,0.3066741656143901,0.3887495674391431,-0.9207816496226272,-0.028306804050624648,0.01528569194047883
47.829758405685425,0.6794806539420981,0.21462582242460693,0.3072429527726116,0.38997168983534813,-0.9202422361809318,-0.028680115890142552,0.015929809423872
47.8546838760376,0.6777684627072064,0.21571701936555174,0.308144751397946,0.39153444720939606,-0.9195532633624666,-0.029096663518897718,0.016611943303134445
47.87470459938049,0.6764703791303699,0.2164328181720884,0.3089630828511525,0.3926651706911187,-0.9190565829091291,-0.02927750653749961,0.01708475193402637
47.89478826522827,0.6752270011418622,0.21700234942689595,0.30975660632954943,0.39368190467262026,-0.9186109945861765,-0.029316621822346768,0.017576525364737885
47.91965293884277,0.6736902281808758,0.21762573820845663,0.3107289058912174,0.3949097006773834,-0.9180747476604034,-0.029209609419426977,0.018217703941554413
47.93969011306763,0.6724247023500187,0.21811340938540377,0.3115296187114989,0.3959015395604593,-0.9176405492563526,-0.029090943468557395,0.018748609081848416
47.96474885940552,0.6709369842098689,0.21870666521758073,0.3127869058569186,0.39705148194982437,-0.9171391288591332,-0.028961729717318422,0.019161346745263565
47.98475623130798,0.6699693670643319,0.21911281741056235,0.3140722966584491,0.3978000547166219,-0.9168195358722305,-0.028832624160922637,0.0191241965660682
48.00969958305359,0.6688867941866881,0.2196070191693843,0.3157276073696817,0.3986561773777488,-0.9164561246192918,-0.028686326000133835,0.018934587061428122
48.029706954956055,0.6679478051699861,0.22002354230492846,0.31694186166211125,0.3993615201996977,-0.9161524133959591,-0.02859059948415753,0.01891320262903516
48.054640769958496,0.666748401783999,0.22038184685678264,0.3182980445641196,0.40011006202485516,-0.9158337656923933,-0.028234668055681405,0.019059260320568577
48.07465982437134,0.6658118693749273,0.22052298933415454,0.31925243235830936,0.4006285778084968,-0.9156159589632828,-0.027792218932046184,0.01928084287679245
48.0997211933136,0.6646393333461525,0.22057638965471366,0.3202587279055152,0.40127707713391964,-0.9153407894467604,-0.027184313298133124,0.019722060047934302
48.12470197677612,0.6634619714383077,0.22048279230899084,0.32107802017381265,0.40187343061434394,-0.9150850525512714,-0.026513475012150976,0.02035013529347695
48.14967489242554,0.6622952267094178,0.22036195777111436,0.3217188606302338,0.402486087980082,-0.9148208840445233,-0.025752940949204453,0.02108281601201392
48.16974997520447,0.6615087605277198,0.22020700053818432,0.32224112516675085,0.4029023858430691,-0.9146456048892134,-0.025087026809854515,0.02153429879881485
48.194644927978516,0.6606923608976447,0.21990954289583672,0.3228432587544543,0.4032792404356464,-0.9144906295362651,-0.024246087062061036,0.02201976353601833
48.2198212146759,0.6599439389376712,0.219567741741398,0.32322677268398,0.4035753951579752,-0.9143664214022791,-0.02347072455542706,0.02258479409054312
48.244810581207275,0.6593321513549887,0.21909251149351297,0.3234637075638191,0.4037158492383071,-0.9143088909949282,-0.02271945465837786,0.023164440445161874
48.2696373462677,0.6588145736983305,0.21849734106736318,0.3234659304302098,0.40374072479682593,-0.9142983964062449,-0.021987488216837995,0.023841556817068912
48.304649114608765,0.6580897726449105,0.21768484509596744,0.3231329878626591,0.40382201496396397,-0.9142585284590515,-0.020832253381858904,0.025002811628358317
48.329641342163086,0.657554944251212,0.21717881752010512,0.3227615561047808,0.40402237963841675,-0.9141692898204398,-0.01975247016122838,0.02588950024362529
48.34977984428406,0.6571369224377014,0.216754763537243,0.3224062931617621,0.40418516336091315,-0.9141005280961679,-0.01862941578577033,0.026599306768316313
48.37469220161438,0.6565923635966762,0.21614537707446452,0.3218619558392892,0.40440000106993484,-0.9140113841435978,-0.016856358437505402,0.027562510242645066
48.39471888542175,0.6561209705616536,0.21561497585562683,0.32133692201692465,0.40485256027909305,-0.9138151805685125,-0.015153155333493819,0.02840074086574701
48.41972756385803,0.6555241484411541,0.21489731130832562,0.32055698226535656,0.4056600056930336,-0.9134597191225532,-0.012670771693839324,0.029508521930546577
48.43975114822388,0.6550383840656403,0.21423464385186133,0.3197971028292403,0.40641639888385883,-0.9131201790918003,-0.010374720310280054,0.03048957907225044
48.46468782424927,0.6543734152113992,0.21345426586121385,0.3188135532184894,0.40759469361463646,-0.9125823103166171,-0.00729693818907307,0.03173085765453515
48.48468852043152,0.653803487413989,0.21294690915093928,0.31807780589004764,0.4087327782981855,-0.9120571972864354,-0.004802126181519546,0.03265156055609616
48.509711027145386,0.6531050772697151,0.21234893835512453,0.31719800637537715,0.41024648327982355,-0.9113485196508252,-0.0017105544713451385,0.033745706249481026
48.53467535972595,0.6523982910481498,0.21175168338906283,0.31634280942202037,0.4118005341679203,-0.9106069914615165,0.0013501987488024434,0.03483395073452076
48.554688930511475,0.651813823131824,0.21130164282195388,0.3156962491489313,0.4130837560651469,-0.9099857628297506,0.0038020272024961643,0.03568286019232794
48.57970452308655,0.6509492061798114,0.21098551134491444,0.31498941998274144,0.4148489887247911,-0.9091258823522981,0.006574522079604649,0.036704526296211806
48.60465097427368,0.6499966944700594,0.2108413052298025,0.31436496580351125,0.4167091373856348,-0.9082133327825778,0.009088760853558751,0.03767534208673279
48.629711866378784,0.6490498696175774,0.21090185224338934,0.3140355008819399,0.41859479036898056,-0.907290935737346,0.011313866150537092,0.03838692274144188
48.649718046188354,0.6481559455582884,0.21126765237678705,0.31393987947263374,0.42021435118454825,-0.9065049655622137,0.012594361651418855,0.03885908547702306
48.66972517967224,0.6471687100261164,0.21180708038101215,0.3139198164895938,0.4217898686503133,-0.9057409547587818,0.013418156988034446,0.03932661490160235
48.694751024246216,0.645820005645825,0.21267005055041135,0.3140085905051434,0.42365139464706497,-0.9048391013572674,0.013874144722433118,0.039914966826348444
48.719642639160156,0.6443529773469572,0.21366240344849022,0.31415749284130673,0.4254242825200576,-0.9039783425507631,0.013874400894990287,0.04055659060144183
48.739644289016724,0.6431356148204754,0.21447836408570992,0.314336932741898,0.4267658364927231,-0.9033246214058908,0.013704971340761768,0.04108190508092732
48.75965356826782,0.6418881699499188,0.21529955128261202,0.31459787947643575,0.42803330610524165,-0.9027054912942634,0.013414181445430723,0.04159741083178328
48.78465414047241,0.6402931734519947,0.21619817902539779,0.3149233695582257,0.429424614626131,-0.9020157923635008,0.01295229561887429,0.04235857313766804
48.80473470687866,0.6390041834615559,0.21673780178823138,0.3151048429577252,0.43042246449125077,-0.9015076520407216,0.01272846925702845,0.0431096444381667
48.82474875450134,0.6376736860428405,0.21715640312314247,0.31519358363461825,0.4313984135019159,-0.9009986198475713,0.012667449216421134,0.04400490417099796
48.84477114677429,0.6363284282716574,0.2174513194484273,0.3152475738340715,0.43228418620109565,-0.9005248921422143,0.012682526574861994,0.04499393861815953
48.86967587471008,0.6346782077578055,0.2175925036407197,0.315221213332235,0.4332023669503598,-0.9000119846205227,0.01279556134896929,0.0463725179156689
48.89463210105896,0.6331114844610584,0.21749747606964367,0.3151339105273028,0.43396492429926464,-0.8995638744188271,0.013139183501345074,0.04781884749157449
48.91469192504883,0.6318804615119732,0.21729597045316756,0.31500372573803087,0.43452394334729677,-0.8992213029871127,0.013573587784015606,0.0490484314398656
48.939685583114624,0.6303474653335691,0.21698890317334496,0.3149242343156645,0.43520347464697784,-0.898800849505079,0.014150887176500607,0.050544247707214746
48.95969295501709,0.6291365918250599,0.2166691797338507,0.31490032376709687,0.43571436430564997,-0.8984787599813109,0.014612954489772876,0.05172399985723862
48.98468732833862,0.6275802240129329,0.21621272690149496,0.31483448697014954,0.43638278474208647,-0.8980548252636026,0.015179216842003575,0.0532652548809152
49.00967884063721,0.625961159246702,0.21573113081324036,0.3147556535370887,0.4371058913255072,-0.8975961591354892,0.015794505467972605,0.05486445544041256
49.02977800369263,0.624624877234723,0.21533188070442832,0.31471983039264106,0.4376182305557687,-0.8972575281576886,0.01627278979745624,0.0561641234398203
49.05462121963501,0.6228653704307742,0.21477037461070408,0.31461564972644707,0.438156632781902,-0.8968728129750198,0.01681954971236839,0.0579225797335396
49.07466173171997,0.6214066107099243,0.21421306076296218,0.314455824039953,0.43853778440229774,-0.8965785053092917,0.017242955924809417,0.05944977661711255
49.09467148780823,0.6199527475733092,0.2135586732814753,0.31433109857156083,0.4388648133832258,-0.8963072575698386,0.017692192971996312,0.06097509253459264
49.119648694992065,0.6181410244198801,0.21258718708825608,0.31417567875857755,0.4391891184599364,-0.8960026302012158,0.018277099048508407,0.06291385021796296
49.13975501060486,0.6166526733350343,0.21175225810837636,0.31396494555207066,0.43942314219141104,-0.8957616682895861,0.018694396059375704,0.06456667318082213
49.16473937034607,0.6148482230492497,0.2106347455171593,0.3137754949795374,0.4396273039533527,-0.895506180503837,0.019178429626537503,0.06654849461239641
49.18475127220154,0.6134159519289495,0.2096943239546966,0.31360991504523844,0.4397544886006364,-0.8953157431558156,0.019559913710746554,0.06814044018465126
49.20967769622803,0.6116758426417128,0.20838202019941368,0.3133828792458858,0.4398187137540906,-0.8951203420997791,0.02005466863508267,0.07012048528650833
49.2346875667572,0.6100810611334377,0.20687883087608472,0.31322738958160345,0.4397206771153846,-0.8950114672088942,0.020563794484819722,0.07195366591199197
49.25967335700989,0.6085224736332402,0.20534734188149067,0.3131328843670764,0.4395897959726527,-0.8949214351065782,0.021007912885463775,0.0737231568755748
49.27975606918335,0.6072804591828842,0.20408167206907868,0.31305497012157,0.43943403677930737,-0.8948717490100575,0.021309567378476443,0.07515439096741178
49.30471682548523,0.6058455751664963,0.20248301211620012,0.3130096493324952,0.4392025908264415,-0.8948734341116767,0.021597319294409834,0.0763948750363166
49.3247549533844,0.6049017387385959,0.2013152546235926,0.3128833378785397,0.4391295741172845,-0.8949665005531339,0.021538662355445187,0.07573814129734219
49.34974002838135,0.6039866617467976,0.20010926580694527,0.31259995056430023,0.4392764247448283,-0.8951839125313458,0.02096794044104513,0.07240394244876987
49.36975979804993,0.6035199965720963,0.19922961210780085,0.3123572540989992,0.4395559318755317,-0.8954163672584403,0.020214925796361118,0.06790779611933427
49.39464545249939,0.6031415813191836,0.19814452112423442,0.3120165848185654,0.44015160135709325,-0.8956585377858121,0.019032673374695844,0.06082852010712648
49.41966986656189,0.6028662751666312,0.19694623858171245,0.3116228749529685,0.4409300821122806,-0.8957983577933748,0.01768595038327715,0.05303934409709335
49.43967962265015,0.6026622273618157,0.19587229804193118,0.31135745231282885,0.44152241925249636,-0.8958715117565966,0.016649606954988117,0.04685059560635682
49.45968174934387,0.6023510706530663,0.194611029751419,0.3111420747584473,0.4420807432566289,-0.8958761642495726,0.015799545767912062,0.04148360067165349
49.479686975479126,0.6018580014876084,0.19313172162345713,0.3109680778761841,0.4425914372627595,-0.895814187843247,0.01520656939088116,0.03739680157142822
49.504661083221436,0.6010263409607848,0.19106680338765783,0.310940969918561,0.44313668850132437,-0.8956824558984946,0.01485991299015595,0.03408806955000157
49.52469825744629,0.6001402489139961,0.18924018668461523,0.3109279186919193,0.4435348105966927,-0.8955238809812712,0.0149781327899638,0.033007664553082315
49.544716358184814,0.5990588851628288,0.18737506078590987,0.31092681242501974,0.44383227105994033,-0.8953701798600371,0.015317343019761082,0.03302325220102069
49.56476044654846,0.5978778079332403,0.18549245908090886,0.31091156435602674,0.4439272488589645,-0.8952920310375871,0.01574536330984084,0.03365799184768233
49.58971118927002,0.5962628330911595,0.18314837335455542,0.3108339359470358,0.4436592589875781,-0.8953636817011147,0.01633358810825762,0.034979326820271946
49.614657163619995,0.5945798669957071,0.1808742475139424,0.31066638251062517,0.4434075201643574,-0.8954206680801177,0.016889087396430108,0.03641918400336252
49.639654874801636,0.593072333446697,0.17869279097794194,0.3105901806234932,0.4431110263568935,-0.8955236434723778,0.01737372640624032,0.037258233099747184
49.6596782207489,0.5919264312944736,0.17705709627852245,0.3105546026277285,0.44285319159061765,-0.8956323023649059,0.01771402723417332,0.0375505379150477
49.684677839279175,0.5905475897254914,0.17510509278685543,0.3105638007316347,0.4425563123686154,-0.8957673599179091,0.018137409175699604,0.0376268743960214
49.704705238342285,0.5895242356921947,0.17363500872631468,0.31065475134009857,0.44232883840166315,-0.8958819101193002,0.01850660132403406,0.037393950667914934
49.72969079017639,0.588265938280569,0.17194943737140903,0.31078262587059524,0.4420600698860682,-0.8960251123647681,0.01893034354698302,0.03692607096884744
49.74974036216736,0.5872594165770088,0.17070086729580425,0.31091101020941764,0.44185455496879555,-0.8961411968269191,0.019190312846612934,0.036431298298237456
49.77468466758728,0.586131888015917,0.16914085338934426,0.31117246813780175,0.4415716657234316,-0.8963131874891996,0.01948194881015677,0.03546248205877214
49.79972743988037,0.5851578134499165,0.16752714489845882,0.3115052126819493,0.44124468657433746,-0.8965182854560585,0.01977547259712579,0.034161690478234294
49.82470965385437,0.5842374712666566,0.16581693303150735,0.31181181954563575,0.4409154405531068,-0.8967184315084196,0.020101869453192384,0.032947590494524774
49.84962797164917,0.5833928750962586,0.16407375872815588,0.312208699795999,0.44058566103866015,-0.8969176197890646,0.020391760471943805,0.03173696116430177
49.86965990066528,0.5827623648562441,0.16264006678012916,0.3124567081800403,0.4403389284044687,-0.8970699887986204,0.020544398213147224,0.030740706409675904
49.889718770980835,0.5822001485187537,0.16117641601728888,0.31266138953755285,0.440149616114178,-0.8971957592192598,0.02065023883270388,0.029692637297726077
49.914658308029175,0.5815566560050005,0.15923773407560102,0.31285500350206513,0.43982156375425985,-0.897395475112786,0.02067484680386419,0.028476376410225022
49.93465995788574,0.5811094756058308,0.15757882302228138,0.31301494420630305,0.43951484046996264,-0.8975763838940877,0.02065993198670268,0.027504677653867965
49.959702253341675,0.5806453212115309,0.15545736441305616,0.31322067552885907,0.43913803745661895,-0.897800376789902,0.020605225892711024,0.026223885308817883
49.98466515541077,0.5802754671512073,0.153278147595691,0.31332560079550564,0.43882032553324624,-0.8979918280081381,0.020542742515699017,0.025007887942410302
50.0046706199646,0.5800414344183328,0.15152242105279318,0.3133643330087602,0.4386356022792621,-0.8981107433500728,0.020474591115509363,0.024014416733300997
50.02965807914734,0.5797662904012261,0.1492779930793038,0.3133168604672568,0.4384712702017624,-0.898220524224103,0.020381185689935653,0.022966112865032553
50.04967927932739,0.5795625833719091,0.14747256568386055,0.3131938126003822,0.43824282123005676,-0.8983491159461368,0.020286716127899538,0.02237285560463282
50.07464241981506,0.5793687652377263,0.14520644166777394,0.31300103199332985,0.4376705289614198,-0.8986443648589028,0.02013515563160392,0.02184923554172044
50.09464716911316,0.5792721392854987,0.14343426318220193,0.31289247455899716,0.4369955565898769,-0.8989841214258948,0.02003042347540579,0.021475918604667698
50.11969518661499,0.5791692622029564,0.1412125632091618,0.31272005990795815,0.4358654809767251,-0.8995365617105621,0.01997743448651801,0.021357873266731112
50.139742851257324,0.5791454476025516,0.1393858457391479,0.3125880725441261,0.4347410940082788,-0.9000748122575308,0.02002155460888038,0.021555761902595137
50.16464686393738,0.5792717194336647,0.13707185794092983,0.31247323612992894,0.433088576087072,-0.9008599764016706,0.020094707644847068,0.02194973587880561
50.184693574905396,0.5795055383816264,0.13520108909007109,0.3124201029555869,0.43162694280423664,-0.9015525762119266,0.02014785630662288,0.022253055012421412
50.20974040031433,0.5799670516185425,0.13278237312041283,0.31239528697067387,0.4296357570470171,-0.9024957402349405,0.020209824276582133,0.022497069305612984
50.23464512825012,0.5805350478496772,0.13025604482994937,0.31234955472501574,0.42758520308426484,-0.9034624451048258,0.020299692336515913,0.0226809805715433
50.25963592529297,0.5810838927139563,0.12771824471990106,0.31227385460213397,0.4255710091664475,-0.9044051215608967,0.020414229396298788,0.022889986675171826
50.284647941589355,0.5816288273515672,0.12512090087287978,0.312173023411246,0.4234953150133676,-0.9053705797624386,0.02051848261182134,0.02312624772177012
50.3096342086792,0.5821573646831169,0.12251527253144058,0.3120458183059406,0.4213924908967503,-0.9063432666659723,0.02057949247681312,0.023382388126908345
50.329742193222046,0.5825596196691839,0.12050195966879694,0.31193556442297526,0.41970818077251626,-0.9071184851050289,0.020611919234161367,0.023584862913335485
50.3547580242157,0.5830426288008087,0.11804842738183027,0.31181092200450605,0.4176070766219553,-0.9080810345802268,0.02062754764144399,0.02382579420021337
50.37967586517334,0.5834958728990235,0.11565716041544102,0.3116824952351633,0.4155647717268975,-0.9090102365719744,0.02065770755349478,0.024074248188575093
50.40463995933533,0.5838918512587962,0.11351251941692102,0.31157411607278457,0.4137429921046126,-0.909835096801475,0.02066328437890093,0.024287070449970135
50.42474865913391,0.5841956421535272,0.11191107254989546,0.3115225235621141,0.4122632996852369,-0.910504001144942,0.020632715322490437,0.024407512992428305
50.449671506881714,0.5845817450338143,0.10991821186666817,0.31148740739399694,0.4101053349410932,-0.9114757605736618,0.02060132321574731,0.024518108026919377
50.469680070877075,0.5848695579457847,0.10831959300764435,0.311441305006148,0.40825939573679704,-0.9123017228981337,0.020573217027528918,0.02462874196291368
50.49462294578552,0.585197193895884,0.10639525032148983,0.31138550793241976,0.40592447849309704,-0.9133397679101563,0.02054226566479952,0.024775016354662966
50.51463198661804,0.5854457189547057,0.10494152182636607,0.3113762363793866,0.404102303874567,-0.9141455944212742,0.020523050898164807,0.02485889348607096
50.534690856933594,0.5856883835800352,0.10355193047341264,0.3113966436181871,0.4024579271966066,-0.9148690401979968,0.020529389059461483,0.024915864596358674
50.559685468673706,0.5859785887064707,0.10187609936150079,0.31144884033305476,0.400502895061301,-0.9157242448286242,0.020574123590508284,0.024964853680212708
50.584643602371216,0.5862618756291879,0.10019422431609226,0.31151881399857934,0.3987509697952506,-0.9164848582372783,0.02066855924034347,0.025019579698128895
50.60470795631409,0.5864830528502246,0.09884881110854435,0.31155506183884135,0.3973535663818554,-0.9170873699778083,0.02077131268700231,0.025088875619497093
50.62965655326843,0.5867489640769892,0.09721095809661463,0.3115790397264013,0.39558689665466074,-0.9178444782240062,0.020920618762748772,0.025196204070829564
50.64968991279602,0.5869436460901065,0.09595670912177293,0.31154529022483785,0.39439417595235177,-0.9183512672290509,0.02103471391281782,0.02533228699615447
50.66969871520996,0.5871195494207642,0.09477864655694695,0.31146640841799045,0.3933321631583174,-0.9187998052366628,0.021126624261462466,0.025502805130597744
50.694629430770874,0.5873274940420667,0.09335659472298773,0.31133674710898507,0.3920711214225291,-0.9193296410707061,0.02123247988415348,0.02573768818324091
50.714630126953125,0.5874922559017453,0.09224513687562427,0.31122884278117247,0.39108349954127847,-0.9197429228802086,0.02132015661406527,0.02592495169487765
50.73963236808777,0.5877066448843254,0.09089885601674363,0.3111055693267223,0.3898563527875434,-0.9202554126134841,0.021418741531970775,0.02613880750365608
50.76463079452515,0.5879386601489205,0.08955471962016101,0.311015557671099,0.38859769165873403,-0.9207809644277639,0.021491389780509334,0.02631291983685716
50.789626359939575,0.5881959556976879,0.08819624015496128,0.3109868263536613,0.38730761691105786,-0.9213195779783657,0.021562561585165705,0.026421602035856386
50.809704303741455,0.5883764868816197,0.08703983084552781,0.3109070660250216,0.3862458257799625,-0.921758858917691,0.02163891592280891,0.026580545365240314
50.83463406562805,0.588615752430843,0.08556496255708196,0.31078474135837825,0.38488798506234667,-0.9223184970896604,0.021731099111985896,0.02678783701919374
50.8597207069397,0.5889364703159532,0.08407727469411416,0.31075646495098697,0.38348748478039707,-0.922896965715159,0.02183894665372825,0.02686261528202446
50.884658098220825,0.5896195305203972,0.08250646401939478,0.3109571189208988,0.3819130646707509,-0.9235542891152946,0.02205928054295397,0.02651931810404758
50.90466928482056,0.5904448493040857,0.08120710043404288,0.3112211420966628,0.3805266516125645,-0.9241368437844425,0.022284886285708915,0.025960454847786137
50.92967629432678,0.5917376134487207,0.07952217522767348,0.3116282980460369,0.37866023199962845,-0.9249213318597532,0.022605146015835305,0.025019311468160298
50.954628467559814,0.59334214575611,0.07778860598663168,0.3121521899816813,0.3766578338382043,-0.9257628676636149,0.022967894034339784,0.023758470220591396
50.97965979576111,0.595391964106617,0.07612202368023299,0.31289869446415625,0.37455290262860125,-0.9266501564843893,0.02338087082780049,0.02197602099947654
51.00466179847717,0.5977249344746751,0.07445234350923642,0.31382318632712247,0.37233455941373816,-0.9275790216448261,0.023871519244107176,0.019856611977666586
51.029646158218384,0.6002309752693015,0.07289881635538177,0.31491450903044355,0.3701252275067695,-0.9284968724163453,0.024398423339820667,0.017481155991216895
51.049649715423584,0.6024252426608318,0.07172770672794983,0.31594494553944197,0.36832955841671805,-0.9292362259189735,0.02486768759413202,0.015328762190285387
51.06965470314026,0.6047398552464782,0.07061189290845106,0.31713657003352796,0.36652915189503216,-0.9299693649031979,0.025403272836730106,0.01296282695587616
51.08970379829407,0.6071298501315384,0.0694682919680893,0.3184221357201137,0.36470151533640305,-0.9307026621394324,0.026002322346635805,0.010451728644978158
51.109782218933105,0.6095896341126189,0.06844228118553429,0.31989499525407217,0.3629699625110821,-0.9313865784391752,0.026684295012280188,0.0077328014777693
51.134629249572754,0.6125169363454903,0.06731955029313313,0.32159895647667314,0.36103754319215337,-0.932132717683973,0.02756974640659602,0.004516427043011209
51.15968060493469,0.6153496843989074,0.06632040750323698,0.32331277614294696,0.3592717682125562,-0.9327962548857062,0.0285152172887447,0.0013512520093276242
51.18464016914368,0.6180617282825256,0.06540030472504299,0.32499107013015893,-0.35762836695650807,0.9333976026773075,-0.02946098120884629,0.0017079537470492023
51.209672927856445,0.6206188153281571,0.06448265408825037,0.3265092597194921,-0.35605061293928975,0.9339621689164284,-0.03036535871663364,0.004535752328529693
51.23469424247742,0.6232089285827679,0.06341369657091257,0.3280228746483971,-0.3543498495833151,0.9345592276980574,-0.031322185130107545,0.007358990690491274
51.25474190711975,0.6252682393746769,0.06252014837294381,0.3292171464475473,-0.35296122341737635,0.935037931841176,-0.032101228589747226,0.009589155536091498
51.279780626297,0.6279110103997622,0.061391948192234695,0.3308523310468396,-0.35119492325818036,0.9356327924305121,-0.033111057235463634,0.012532417757070669
51.30470943450928,0.6306041436157954,0.06022196775632889,0.33251550445622075,-0.3493882613419943,0.9362265753923193,-0.034152929118950445,0.015531252303817324
51.32961893081665,0.6332550202073305,0.05909844631554545,0.33411456901489417,-0.3476359605685853,0.9367879943862593,-0.03516355960721207,0.018466633940555206
51.349658250808716,0.6353754113942867,0.058250161602908135,0.3354405275586588,-0.3462669108360872,0.93721497737934,-0.03594258201316319,0.02086728143052254
51.37466263771057,0.6378595903044919,0.057223410127294566,0.3369277334793551,-0.34463981224844037,0.9377137798851669,-0.03685097810642092,0.023627785331095344
51.399728775024414,0.6401758277714706,0.056212879228798446,0.3382628548830028,-0.3430777812567596,0.9381864044014573,-0.037697482358434974,0.02613056501152397
51.42471790313721,0.6423423137355916,0.05517887068578298,0.33940119928606266,-0.34156020616063537,0.9386424150228423,-0.03850566002826383,0.02836117827687604
51.449657917022705,0.6443161695536483,0.05423792115059423,0.34020940337691774,-0.34018417874282075,0.9390563513505139,-0.039157538597078406,0.030242035193215347
51.46975874900818,0.6457983284154539,0.05352282610588305,0.34061461658768927,-0.33915550187705157,0.9393692236246591,-0.039592000898057735,0.031487786810266406
51.494778633117676,0.6474876954115611,0.052738613151157396,0.34067773977893945,-0.33804511982984575,0.9397146566650193,-0.03997021726652197,0.032622733482080356
51.51970028877258,0.6490314574880258,0.052203523867737175,0.340305764669788,-0.33714622868336785,0.9400095380700748,-0.039974730245370106,0.03341421499525558
51.54475450515747,0.6505274561202999,0.051815253653493584,0.3395157292530127,-0.33631452514514004,0.9403033819611194,-0.039626927919402845,0.03393812947858373
51.569660663604736,0.6521365096690742,0.05131286311195844,0.3385573910477111,-0.335374763442644,0.9406356357233558,-0.03929475004081378,0.0344135361803956
51.58972096443176,0.6534535405827971,0.05087077694989955,0.3375716902051683,-0.33458474066986466,0.9409221243930302,-0.03898557293890314,0.034622712791664685
51.61465859413147,0.6550279969345321,0.050283497434835636,0.3361311365718571,-0.33354805705313983,0.9413415233098783,-0.038499450903617706,0.0337582939248151
51.63469481468201,0.6561446691215052,0.049724328446817845,0.33490428896483854,-0.33262557868480364,0.9417690279069777,-0.03807846450360187,0.03132655456622189
51.659706592559814,0.6574357557001091,0.04888271080627963,0.33347953603692726,-0.33132315525063444,0.942395316602753,-0.037621941607383004,0.026469294467841433
51.68468236923218,0.6585155664962473,0.048043407141682065,0.33201234714771477,-0.3300918557109429,0.9430082388520117,-0.037185744013787,0.019800219505478892
51.70961880683899,0.6594810301173362,0.04733419595265231,0.3305732936041694,-0.3289981904843716,0.943539721799767,-0.03668599288400652,0.012129384571389215
51.729673624038696,0.6601732750093559,0.046913948176877954,0.32938297991928445,-0.3282325805437479,0.9438882274915248,-0.03613169810855913,0.0057347590900148305
51.7546112537384,0.6609846697371327,0.04672215541279329,0.32811955640716056,0.327508247585517,-0.9441893907132488,0.03522474929922546,0.001989778619035395
51.77472400665283,0.6616562019192066,0.04684561050575682,0.32735661103453023,0.32716569689236236,-0.9443104119036131,0.03439404081390623,0.007583053855370837
51.79969596862793,0.6626203213663026,0.047343589445201326,0.32662494432146005,0.32697170995221947,-0.9443617949076764,0.033145163994261796,0.01310340843105602
51.81970763206482,0.6637080434680394,0.047909739622721534,0.3264400863509594,0.3267995270761617,-0.9444241524168473,0.032013931694818684,0.015498309967190123
51.839738607406616,0.665114035155567,0.048424313607205435,0.32650663289667164,0.32643337047831045,-0.9445807227108078,0.03082926369813136,0.016064539250113096
51.85989832878113,0.666724375804566,0.04892066082920549,0.32673378859521457,0.326006361895259,-0.9447764446016934,0.029713907293830562,0.015310305115578913
51.88472604751587,0.6689767388032786,0.0495776576511034,0.32718483035763035,0.3254683089997797,-0.9450350058984971,0.028403472563430135,0.013132410683858191
51.909645080566406,0.6713324131330749,0.05028584999679085,0.3277601698501503,0.32494471896145244,-0.9452888097731255,0.02708099045977052,0.010325487505832764
51.929760217666626,0.673203842142448,0.050985025352341125,0.3283667039292737,0.32460745577490235,-0.9454602529130487,0.025929468790209444,0.007910275913096204
51.954827308654785,0.6754859060807468,0.052030533674763645,0.32922977507005824,0.32430387069309935,-0.9456274164196208,0.024335939789461147,0.0048529168841847286
51.97966909408569,0.677645237313633,0.05324430727750491,0.3300340190620643,0.324172598975672,-0.9457260350015219,0.02259720985303516,0.0019387899273030794
51.99969434738159,0.6793426197590396,0.05433235848951475,0.330741114923611,-0.32421194291706584,0.9457470146142577,-0.0211901156970135,0.0004238956900989207
52.02474498748779,0.6813264277817551,0.05595607082216892,0.3316410602928471,-0.3245577384630926,0.9456627623365255,-0.019315778985124363,0.003333919174297375
52.04968619346619,0.6830559060652066,0.05797865499709417,0.33249355602733444,-0.3252580749372368,0.945453020181327,-0.017082244628250923,0.005828227500475054
52.069690227508545,0.6842941078590152,0.05970766699834605,0.333143206060265,-0.3258910119629013,0.9452591723222961,-0.01508844182125469,0.007244610858642604
52.08971691131592,0.68540940047859,0.06145622118952917,0.3337105098600021,-0.32653103318003257,0.9450622426629088,-0.01297478444978199,0.008154558980605077
52.11462473869324,0.6866102747697855,0.06372554439372187,0.33437151647802316,-0.3274164372729028,0.9447862018025605,-0.010183430584577591,0.00859111334788679
52.1347017288208,0.6874040201114491,0.06554968956456697,0.33484462324731007,-0.32819261568790925,0.9445420460032239,-0.00790833228688651,0.00820905721099069
52.159640073776245,0.6882185833115034,0.06775214883916414,0.3353019788617568,-0.32917865631918775,0.9442287750905438,-0.00508683437010101,0.00689613160392676
52.17966651916504,0.6887855504267378,0.06943544275422299,0.3355806750684953,-0.3299314984471709,0.9439847573224586,-0.002838595963462786,0.005470525185196562
52.204686880111694,0.6894209734240379,0.07140414168734763,0.3358128080474838,-0.33086188979559283,0.943673202260191,-0.00018182839302098878,0.003356210369148274
52.22469401359558,0.6898624026773428,0.0729864335153761,0.3360104048699978,-0.3317261175106429,0.9433726934342366,0.0018172368859180282,0.0015626540683554278
52.24961709976196,0.6903042360807798,0.07503267320988803,0.3360726045083877,0.332969404104384,-0.942927453592614,-0.004328361235454199,0.0006771385247106428
52.269617319107056,0.6907083794687023,0.07658469249335077,0.3360629131731895,0.3338914651411678,-0.9425883891858984,-0.006275626902623612,0.002057811448037938
52.28963828086853,0.6912065164081632,0.07806215290529522,0.3360309493649987,0.33474645342416287,-0.942268844709286,-0.008120573180435712,0.002879668900693971
52.31462121009827,0.6919880253575754,0.07989009194344995,0.33610502576482065,0.33578243375500566,-0.9418783692079097,-0.010324843323951392,0.0029482881780966055
52.33462333679199,0.6927205808104472,0.08123380202338423,0.33611217990579323,0.33656550923232337,-0.9415821501061709,-0.011868524588313166,0.0024188237371646037
52.359747886657715,0.6937812167307323,0.08274278804214277,0.33610301402019405,0.33747781686530665,-0.9412368669040418,-0.01344972166256632,0.0009941854964993619
52.38468909263611,0.694856994823501,0.08417152111408377,0.3360129971177652,-0.3384916739791932,0.9408545096818701,0.014689723509484385,0.0006242068696018075
52.40472173690796,0.6957198777071218,0.08526835683618138,0.33592794611454935,-0.3393860863375203,0.9405181125474221,0.015464402714209553,0.0019017391668455547
52.429646492004395,0.6968300937526938,0.08664229679080952,0.33597762335526715,-0.3405764946782735,0.9400689926972524,0.016263687359897836,0.0036650672390067585
52.449687480926514,0.697643785818606,0.08777656063027997,0.33593815579637876,-0.3416314639509027,0.9396698117057124,0.016849704200183193,0.00496742140911314
52.47464108467102,0.6985793363455967,0.0891838988317034,0.33579620783407815,-0.34304586278869875,0.9391344171002876,0.01746157079981537,0.0064168677273878545
52.49466276168823,0.6993286685484119,0.09017685338512552,0.3355050930174625,-0.3441629175302725,0.9387128138056754,0.017741200800456602,0.007442391365746984
52.51968002319336,0.7003100360667106,0.09128730699599902,0.33516916395375956,-0.3455209958400917,0.9382007005048543,0.017844154473007072,0.00873345047678718
52.53969955444336,0.7010544250988721,0.09214612288646065,0.33481670799892815,-0.3466298528464684,0.937782616630469,0.017860651949734418,0.00961801290740361
52.56464767456055,0.701883684109667,0.09322006177541327,0.33425876745950023,-0.34810762999636846,0.9372281292420126,0.01780327197121155,0.010370882418260018
52.58965849876404,0.7025452068447213,0.0943189755634297,0.33347632590091003,-0.3497513472384491,0.9366180745045352,0.017663845788093605,0.010419508968196886
52.60966157913208,0.7029733658657662,0.09523467612659199,0.3328150377008806,-0.35120173096947915,0.9360821399325581,0.017465915002844105,0.01012488409643174
52.63462567329407,0.7034165131440054,0.09638099342902033,0.33186769657821347,-0.35315055320918354,0.9353629016774926,0.01707851871999823,0.009447387548918567
52.659661293029785,0.7037940566880407,0.09747479234447554,0.33077935381321266,-0.35522260287426677,0.9345993049421066,0.016443198785444736,0.008406118200510326
52.684627056121826,0.7041503890758948,0.09860973225561222,0.3296900400009375,-0.357421171064294,0.9337824118531939,0.015671751662403848,0.007410127326210242
52.70470976829529,0.7044027861886872,0.09956009410330575,0.32870976453208356,-0.3592461633882429,0.9330973099338165,0.015052562513740935,0.006710040776695561
52.72474551200867,0.7046624129518869,0.10056078962653485,0.32775115725045056,-0.3610919492018922,0.93239711989219,0.014473961452753283,0.006222497438797125
52.744810819625854,0.7049111303323884,0.10162262054044952,0.32674191854537254,-0.3629605793989511,0.9316814555995047,0.013986329327471647,0.005802214272610444
52.76969337463379,0.7052308318039507,0.10308747315645218,0.3255473285573508,-0.36531898249273703,0.930766362371554,0.013595676071647148,0.005583663413409087
52.794615507125854,0.705590724531348,0.10470709399260804,0.3246159340023885,-0.3676677615283075,0.9298411120376979,0.013437408432858483,0.005946389793528068
52.81461954116821,0.7058907357504253,0.106046952030453,0.3239748407758757,-0.3695233153231648,0.9291017866717243,0.013375913551800457,0.006593509736395918
52.83962273597717,0.7062556531335253,0.10778172401605235,0.3234629092386814,-0.3718389652785093,0.928170909288042,0.01327336932075957,0.007639680529941938
52.85966777801514,0.7064931310292857,0.10922044428554464,0.3232289986290318,-0.3736948415432965,0.9274181602630084,0.013220438334305008,0.008540575373185278
52.87976431846619,0.7066815739761281,0.11063543334364016,0.3231734905169491,-0.37554436478306147,0.9266633080989124,0.013090983257951057,0.009495770587068672
52.904751777648926,0.7068472582865502,0.11238693738256783,0.3233207590617252,-0.377907798026245,0.9256938627045426,0.012715333476063512,0.01071863029056256
52.929667711257935,0.7069278216847364,0.11421229682165637,0.32368355023066,-0.38036887540068604,0.9246764690810025,0.012206438346027318,0.011997875538863076
52.949755907058716,0.7069325532100295,0.1156781845723827,0.3240444633734437,-0.3823395324867441,0.9238545825238763,0.011811850952178755,0.013025836832356532
52.97468066215515,0.7069043354353683,0.11750153175955372,0.32453619960450314,-0.3847499218346098,0.9228403583796667,0.01137263158899325,0.014277039078545495
52.999650716781616,0.7067874232289793,0.11964873381458739,0.32504109011138815,-0.3873567416295423,0.9217348623486218,0.010986901050121912,0.015455945463339187
53.01969814300537,0.70666292276282,0.12176253404311006,0.3253337206380242,-0.38965221178660286,0.9207569910675882,0.010525717741682044,0.01633788592391031
53.04475021362305,0.706583816087849,0.12457185285913851,0.32564065419064286,-0.39247361443028944,0.9195467892057343,0.009712628533518666,0.017430699488582557
53.069671630859375,0.7065088113266466,0.127644673704562,0.3258606897160237,-0.3952866069843934,0.9183299770091997,0.008837821727010352,0.018451140130411325
53.09467673301697,0.7065096129956118,0.13056991977583524,0.3259224095776786,-0.39779036002366963,0.9172384489327113,0.007938026037929223,0.0193247254737081
53.119704484939575,0.7065589116767312,0.13365517107746677,0.3260039183924497,-0.4001262640631706,0.916208112582656,0.007238929809304475,0.020230302514885813
53.1446099281311,0.7067754408271519,0.1366984982549117,0.32623393495840186,-0.40207037840515303,0.9153347379576493,0.006831309338815375,0.021332170777940522
53.16474723815918,0.7070589644618425,0.1391090551886671,0.3265195479792366,-0.403386679862001,0.9147322894538996,0.006673245609731822,0.02234933855070324
53.189701557159424,0.707592404641296,0.14180553866169596,0.32694240222508486,-0.4046444217766868,0.9141438810872662,0.0064587579808184515,0.023709513722178163
53.21467566490173,0.7082314776967342,0.14422987205726248,0.327324331847829,-0.40556379038601487,0.9137009177571361,0.006284529666898507,0.025082852797527627
53.239617109298706,0.7088788670304406,0.14658661904977954,0.32767900320350324,-0.406287764010409,0.913344195837655,0.006271751860281658,0.026330550196197566
53.25964665412903,0.7093735776572362,0.14854669703470702,0.3279555853001193,-0.4068659992501064,0.9130580594297754,0.006339789594123738,0.02729186385177273
53.27965188026428,0.7098559767582674,0.15061761424357453,0.32824209671678206,-0.4074950569101423,0.9127471831171277,0.006413711942118719,0.028270525370520272
53.304638385772705,0.7104910427256035,0.15321677085273727,0.3286511176815705,-0.40825047901925593,0.9123679536956973,0.006490648130528446,0.029565773057543914
53.32467269897461,0.7109580990201922,0.15534090682082216,0.3289508937912428,-0.40889669766643966,0.912045331124784,0.006546095839270471,0.030560648557464102
53.34468984603882,0.7114125236788944,0.15738685227376986,0.32917438584761327,-0.40950967042033304,0.911739218480668,0.00654666921798032,0.031473297231091005
53.36473608016968,0.7118444459080019,0.1592687724889223,0.3292011523751535,-0.41005830182976294,0.9114681884357876,0.006447716148647879,0.032192507305003594
53.38966131210327,0.7123134242467138,0.1615921937331012,0.3290820329203846,-0.41074689598175873,0.9111331117980016,0.0063351835684128536,0.03291360624083285
53.41461253166199,0.7126187224877983,0.1639452159187413,0.32870616790067825,-0.4115218586360117,0.9107679744169116,0.00634487485804564,0.033334654703174094
53.43961191177368,0.7126706473736532,0.1663931158188885,0.3281172772886961,-0.4125115737993371,0.9103158431552615,0.0064368930339718826,0.033434018456646494
53.45962357521057,0.7125427130457818,0.16835024038553498,0.32749741034889335,-0.41346188047506605,0.9098898770256831,0.006450966432798965,0.033287687095865826
53.47969675064087,0.7122147746847707,0.17041380504674222,0.3267925269312262,-0.4146425022113705,0.9093650410218755,0.006424837378084366,0.03294751875164898
53.50466704368591,0.7115568547758178,0.17311026850920386,0.32572405269581406,-0.4163635766885593,0.9086047683597958,0.006392343832283928,0.03221622046877031
53.529637813568115,0.710805170409944,0.1758588268796071,0.3245812784967396,-0.4181739962644932,0.9078023126807501,0.006373657521046552,0.03138226297517115
53.549662828445435,0.7101890502723819,0.17805704291245628,0.3236461359204336,-0.4196164282086841,0.907159848751742,0.006383810325143522,0.030697051254749
53.574655055999756,0.7094378075136805,0.18069114993969096,0.3224608768105216,-0.4213491336136564,0.9063854032789964,0.006382212561399569,0.029827431812918977
53.59969091415405,0.7086735967777853,0.18328009608938112,0.3212509659569043,-0.42305461462521854,0.9056190648902989,0.006426457082820394,0.028941371788994526
53.619707107543945,0.7080727326018218,0.1852770241263391,0.3202991581768655,-0.4243717999693845,0.9050240106561338,0.006473062654246048,0.028252698748589673
53.64469337463379,0.7073237311346102,0.1877489629462645,0.319147413297518,-0.42599520264534046,0.9042855358199855,0.006587578352848859,0.027429196878899175
53.66960048675537,0.7065868688235821,0.1901764348445004,0.3180363201517819,-0.4275749427603322,0.9035614012655377,0.006785130742270515,0.02665378898522507
53.68965673446655,0.7060538279811731,0.19192639912925627,0.3171928773540151,-0.42871129663635527,0.9030385498098756,0.006927755245399216,0.02607696111242606
53.709662437438965,0.7055652876466297,0.19352021994481375,0.31633837408775345,-0.42975994642513643,0.9025544481541029,0.007049542788013844,0.02553743354864479
53.73460125923157,0.7050189797839793,0.1954954007608993,0.3153914328750238,-0.4310257873579465,0.9019553613648417,0.007317287098628974,0.025293359744433374
53.7546181678772,0.7046416807331499,0.19700567953839715,0.31465624082497934,-0.4319442396105591,0.901510772100678,0.007667575343063706,0.025371439496092593
53.77464509010315,0.7043166413391281,0.1983363631956717,0.313916511204473,-0.43273768614488767,0.9011236707844957,0.008038984295835694,0.025487245307265115
53.79465389251709,0.7040597298206617,0.19946443564830937,0.31322312400217245,-0.43339733779107187,0.9007972960545207,0.008423326809804432,0.025690982499314896
53.814663887023926,0.7038353653798338,0.2004369129006163,0.3125434266552054,-0.4339653930283741,0.900514969815971,0.008804549376834288,0.02587096251405981
53.834715604782104,0.7036100905812083,0.20136074053572747,0.31189960108608,-0.43450207954189324,0.9002478946421567,0.009248604126625678,0.026002584258056485
53.85972046852112,0.703310947335481,0.20250519021075108,0.3111179857740515,-0.4351649174046471,0.8999184725070408,0.009892243115267518,0.02608411445683828
53.8846869468689,0.7029432053359108,0.2037896899964689,0.31042171522558204,-0.4359182885528454,0.8995466880603253,0.010638833456830745,0.02603491746579544
53.909642696380615,0.7025396340504771,0.20510763957462294,0.30977233273458543,-0.4367087193852722,0.8991577776173525,0.011447484870265355,0.02587934414483793
53.93460416793823,0.7021351046776054,0.2063278514400057,0.3090660899930441,-0.43749464931536486,0.8987721861192288,0.012210601447156745,0.025649376037164735
53.95460915565491,0.7018269355123663,0.2072699752733818,0.308500874594186,-0.4381310593422402,0.8984592067982369,0.012757395991455964,0.025484846606992094
53.979663610458374,0.701434208436712,0.2084912605552633,0.30785020379809264,-0.4389613712527416,0.8980479440000793,0.013472063000311923,0.025324066490481707
54.00463104248047,0.7010022697395498,0.20986171926609926,0.30722781086761963,-0.4398390436255786,0.8976050154023067,0.014395080009457606,0.025290980580486098
54.0246524810791,0.7007352251937569,0.21086324507917878,0.3067716337777015,-0.44039807764881106,0.8973093496482989,0.015258204284317503,0.02554704364795352
54.049662351608276,0.7004692542740798,0.21203595938701977,0.30624749709139887,-0.44100446312790736,0.8969762148539939,0.016335638939581745,0.02611283952415735
54.069674491882324,0.7003131526966014,0.2128550573544863,0.3058299569718751,-0.441409021043293,0.8967449299022836,0.0171349276464172,0.02670208026971344
54.09462809562683,0.7001666067671315,0.21383640475519722,0.3053403180617397,-0.4418910079641545,0.8964589137330485,0.01811198438907299,0.027671449011196773
54.11962175369263,0.7001552775601816,0.2147207907628156,0.3048196076487113,-0.4423679343643014,0.8961601796216818,0.018862529143725954,0.02918472376005287
54.13962459564209,0.7002638008058446,0.21532763806194066,0.30446550058611305,-0.4427640712707566,0.8959005351298489,0.019179145852623095,0.030892858563084064
54.15965270996094,0.7003962877499419,0.2158104750166223,0.30408735939654796,-0.4432784886662573,0.8955870184710941,0.019257244914335978,0.032515109567192814
54.18465781211853,0.700465305599748,0.2162102330623781,0.30358983693341063,-0.4440493488226388,0.8951754239636649,0.01883450284763435,0.03356184804429002
54.20960736274719,0.7003647386007134,0.21636292333425639,0.3030234534242896,-0.4449456217171862,0.8947686789796465,0.017783555200914177,0.03310815603809516
54.22963237762451,0.7001836359106351,0.2163011410874047,0.30267922061703495,-0.44572111881703563,0.894453650175851,0.016478542144264627,0.03184037651088711
54.25461268424988,0.6998561157305152,0.2160262991003483,0.30244751690853955,-0.4466735400080926,0.8941043277883537,0.01444863806076374,0.029179385615188107
54.27961325645447,0.6994766774521222,0.21572155261288137,0.3025421438983724,-0.44760398661275114,0.8937640511957925,0.012309691566904712,0.026171806430858275
54.30461287498474,0.6990703817642797,0.2154253354806777,0.30281148539687197,-0.44844923154121175,0.8934513984676649,0.01029634572269713,0.02306231929370134
54.329596757888794,0.6986989441629405,0.21507466216274554,0.3032293266157937,-0.4491093222243561,0.8932120224294253,0.008429885748323143,0.02005085297225764
54.34972643852234,0.6984430927840631,0.21477887010559357,0.30375681030635815,-0.4495217715998152,0.8930626669479876,0.007014807283396728,0.017889724437875343
54.37465715408325,0.698098729601405,0.2144956557442089,0.30456738560729685,-0.44998773877186526,0.8928847486724522,0.0054732044487874314,0.015424155601958455
54.39470601081848,0.6977012662448239,0.21445639890201418,0.3052891290763735,-0.45043704911784566,0.8926926217901734,0.004559530898762069,0.013621984486305909
54.41964673995972,0.6969513679562388,0.2145996655543544,0.3061885462086611,-0.45117380145542585,0.8923538157256655,0.0037301783517890005,0.011530577155703142
54.43966221809387,0.6962025852264332,0.21471340927185392,0.3067663971945556,-0.4517929834327266,0.892063737711389,0.0031477986158848434,0.009771353288883955
54.45970344543457,0.6952743215518825,0.21489261132943246,0.30727149682574517,-0.4525615842817303,0.8916948654936382,0.002540304154385511,0.007862959928006437
54.484614849090576,0.6938536788398884,0.2151263648353436,0.3078029379657171,-0.4537389243297463,0.891118113355616,0.0016208504522208151,0.0051835735732404
54.509684562683105,0.692131202913836,0.21531418728536675,0.3082027588492138,-0.4551270111872219,0.8904243198587337,0.0004321818180087409,0.0019358539078929966
54.534634590148926,0.6899882779678307,0.21550359583983572,0.30832256300819133,0.4567317305576622,-0.8896011954516265,0.0007644043870503547,0.0022923872120838074
54.559650897979736,0.6875351834803458,0.2157649792127417,0.30825018131933907,0.45856201822201803,-0.8886334191292409,0.0020080196070642203,0.00689127745212454
54.57969951629639,0.6854707984955132,0.2160503657441294,0.3081637462515766,0.46017389074243176,-0.8877646759381115,0.003105460549212262,0.010209140528990418
54.60462141036987,0.6828434105276734,0.21644796359350343,0.30783473204667744,0.4622986858671507,-0.8866099455376721,0.004454073449363478,0.01352371061642745
54.62464952468872,0.6808376800896265,0.21668427018234798,0.30758072864536184,0.46393890511316493,-0.8857140053004325,0.005618898789111437,0.015486158769285512
54.644713163375854,0.6788064264383785,0.2168370063497203,0.30727173004781116,0.4655564624364632,-0.8848199505057989,0.006934692922500914,0.01739958345135019
54.66474199295044,0.6767819780127413,0.2169622104378061,0.30698633005072734,0.46716880553666323,-0.8839262897704723,0.008316944993865932,0.018932770856679545
54.689634561538696,0.6744231631381938,0.21700467391694545,0.3067119513803442,0.469109123852873,-0.8828572348730883,0.010131386393074636,0.01992706100146818
54.7096426486969,0.6726837443443117,0.21691011475355657,0.30650094027678787,0.47056705284134703,-0.8820558010331415,0.011730323416233507,0.02016462636486105
54.73461580276489,0.6706497479411646,0.2166115573374469,0.3063849678169793,0.47221191148727437,-0.8811476143247419,0.013882181299913709,0.02005186928199891
54.754639863967896,0.668977662546973,0.2163156338003648,0.3063528884436659,0.47350298926955536,-0.8804259097652241,0.015673425585826704,0.01998700320278138
54.77962946891785,0.6669014151775032,0.21591434717817967,0.306454399434156,0.47507759971449787,-0.8795440833927167,0.017899047973022303,0.019573035036435725
54.80461120605469,0.6648356971829521,0.21553270193314814,0.3065115928003731,0.4764837592585193,-0.878764375475903,0.019685802468527955,0.018678028230524085
54.829604625701904,0.6628848824328923,0.21510662486955026,0.3067016704809034,0.47755184882888524,-0.8781853347303058,0.020983235182039928,0.017159644115185675
54.8546097278595,0.6609619176516582,0.2145192757431641,0.3068008506058642,0.47826549381394906,-0.8778022259599387,0.021942528542281937,0.01561713699912061
54.87964940071106,0.659001482087323,0.21387462956873812,0.30690853616524205,0.47864345380046563,-0.877609215514923,0.02245006048292952,0.014089136307783745
54.89969491958618,0.6573725795666758,0.21340458218658148,0.30702706592279305,0.47877832819417254,-0.8775562410340628,0.022411808305954965,0.012808868888692168
54.924657344818115,0.6552182990337598,0.21289423503754876,0.30712296650654713,0.47889394587010575,-0.8775282015182468,0.021915482008963996,0.011160456923772082
54.94959735870361,0.6529044999273845,0.21250112630116352,0.3071108777490109,0.4789478085428549,-0.8775407386562681,0.02095064737068239,0.009608281081942907
54.969682693481445,0.6509318117484751,0.21228662833314707,0.3071332952959623,0.47890546573761106,-0.8776039777798588,0.019758334210816922,0.008391739950895847
54.994609117507935,0.6483868393880179,0.21194590353264361,0.3071178485726557,0.4785560733303949,-0.8778438946520841,0.01791635176469036,0.007292848502364963
55.01969790458679,0.6456808264246504,0.21144192083404642,0.3069391252708041,0.477946854296159,-0.8782144448733596,0.015958137955042515,0.007178517606968695
55.03972268104553,0.6435356995047014,0.21093991191909955,0.30690953767945295,0.4773075008487075,-0.8785864928057465,0.014427039285757797,0.007428649255304175
55.06467366218567,0.6407619258170681,0.21016486604918083,0.3067115275363097,0.47632458419662044,-0.8791383060452023,0.012496664908415396,0.008634969516528918
55.0896213054657,0.6379544258793607,0.2092202277584468,0.30663663316270207,0.4750108137457716,-0.879849298712931,0.010624864546531236,0.010818994034501565
55.11460781097412,0.6350485944994594,0.20812412334852068,0.3066339228294697,0.4735047114339373,-0.8806343710324427,0.008853693352752193,0.01407142210120809
55.139631271362305,0.6322006183876684,0.2068223399790961,0.3066166317022846,0.4717588847530722,-0.8815164926903476,0.0072186399078164295,0.01789186992284983
55.15970730781555,0.6300627761636254,0.2056848318029912,0.3066426095899152,0.47022099995436956,-0.8822824394744017,0.005954625020599786,0.020843479496105724
55.18462514877319,0.6274947310432137,0.20430808540204443,0.30691729518481375,0.46818762073661685,-0.8832854750649612,0.00432266804857315,0.024257697112537214
55.20470595359802,0.6254396817615913,0.20324935079319903,0.30713489901635666,0.46654491642677914,-0.8840820912982903,0.002948499891519924,0.026944445630966617
55.229588985443115,0.6230062334765489,0.2019002683580572,0.3075721707325149,0.4644791852733041,-0.8850728639947048,0.0013601078898050855,0.030054317070297952
55.24965190887451,0.6211130727900159,0.20081837362077207,0.30796426535845206,0.4628618814731906,-0.8858371604460004,0.0002108676595824085,0.03242467250383322
55.27463889122009,0.6188927885525775,0.19942276837210435,0.30859728433777767,0.46082460880545745,-0.886794617437157,-0.0010138533118879865,0.03514197639976762
55.29965925216675,0.6167412333129686,0.1979733095630318,0.30924905651708406,0.45883304547232723,-0.8877173976394054,-0.0020243175858042626,0.03776189149432514
55.32464408874512,0.6145935531237843,0.19658012498247038,0.30992070493158363,0.45701506186674895,-0.8885414078968603,-0.0029185726827026725,0.0402850048172816
55.349589586257935,0.6125065609323823,0.1952180421806881,0.31073013312357317,0.4553810092180466,-0.88927273077073,-0.0036456962967020166,0.04253064365426972
55.369648456573486,0.6108706957199085,0.19412581994637684,0.3113164198575312,0.45410705615870905,-0.8898483778920488,-0.004148404899462746,0.04403903548653894
55.389652490615845,0.6093768065772149,0.19299606438745934,0.3119078831308336,0.45270448967484656,-0.8905105717303062,-0.004531801475502353,0.04504474930765159
55.41460132598877,0.6075965459845539,0.19167056746544922,0.3127615077270852,0.4510245525866215,-0.8913311254981655,-0.00491879124885463,0.04562327448628138
55.43460273742676,0.6060991886640759,0.1907229293547308,0.3133717921025064,0.44988976757585236,-0.8918933967099765,-0.005204860348806109,0.045806935768136575
55.454609870910645,0.6046769978237029,0.18983273747725243,0.31406909924743837,0.4489026533767821,-0.892406561814771,-0.00537371036619207,0.0454759217400356
55.47959661483765,0.6030393643565158,0.1886953223515094,0.31495734553523613,0.4478662800360065,-0.8929802694029202,-0.005279135832936823,0.044431569730219805
55.49962544441223,0.6017729595510924,0.1878114022333891,0.3156257477940229,0.44722552534388677,-0.8933595562772618,-0.005016936225812152,0.0432765876642005
55.52466821670532,0.600226353129753,0.18675218072548236,0.31652162105498965,0.44666268685620764,-0.8937281225259621,-0.004459403960792648,0.04150422741140133
55.549644470214844,0.5986818576734684,0.18569356229577474,0.3173682529866995,0.44637988643023857,-0.8939677104403052,-0.0036428797194740657,0.039413945602170986
55.56965970993042,0.5975251652039761,0.18482239062210212,0.31803422780209456,0.44637311766195176,-0.8940619886269345,-0.0027454444295699075,0.03737195280029137
55.59462070465088,0.5962186227355029,0.18355096486803935,0.3187906224861362,0.44654904698061776,-0.8940888506394932,-0.0011574841802842327,0.03460832317879806
55.6146297454834,0.5952303815652847,0.18239406418150048,0.319278003438507,0.4466464793588682,-0.894122732047912,0.00027810245339864834,0.03242507009324694
55.63962388038635,0.5941164325122443,0.18072885794384658,0.31990782626590464,0.44679749420838516,-0.8941360805429756,0.002246564457836734,0.02979297884593632
55.659637212753296,0.5932882433570631,0.17916164251511313,0.3203221598261031,0.4467560136123978,-0.8942051916668708,0.003992392078320641,0.028110501642916213
55.679654359817505,0.5924931873735817,0.17738488849120457,0.32067818059831066,0.4466445538713633,-0.8942879855161416,0.0058887560312661305,0.026887990089146774
55.69973587989807,0.5917862260313063,0.1754027069181392,0.3209676844710215,0.446289605445952,-0.8944754148571502,0.007918554004568012,0.02601185862962701
55.724648237228394,0.5910408232448338,0.17266073399677753,0.3213536487051102,0.4453816339471536,-0.8949208599013214,0.010671635782924349,0.025258084765939593
55.74465894699097,0.5904365067779999,0.17029600014344107,0.32148295934789783,0.4443463531636511,-0.8954077633433256,0.012942087293917364,0.02517455364425702
55.769649505615234,0.5896917999512944,0.16719207821660365,0.32151688677243995,0.44285284188920865,-0.8960868819647884,0.015838512747710885,0.025667136876396275
55.79461479187012,0.5889938963167117,0.1639825553963358,0.3214613392778394,0.4412810319640414,-0.8967793496884786,0.018761290411827395,0.026568078274145698
55.81462359428406,0.5884607262102072,0.16139432084759436,0.3214035902923801,0.4399622954448236,-0.8973520113966652,0.021079845358703025,0.027352995243434892
55.834638833999634,0.5878999643406054,0.15890170692658548,0.32129504116197466,0.43864646662535206,-0.8979172608755676,0.023266240780924367,0.02815229970473423
55.85960912704468,0.5872526705776329,0.15586840371159244,0.32111409020592246,0.4369733293487267,-0.8986364846496502,0.025850698407904587,0.028957197483744177
55.879629135131836,0.5868351959714374,0.1534993636770995,0.32095282494687155,0.43558938140149184,-0.899237896276978,0.027818834773941144,0.029312269471556476
55.90458917617798,0.5863169043593665,0.15084825920002906,0.3207967393366439,0.4340083421091271,-0.8999330503588582,0.029965105312699362,0.029314779807721042
55.92465901374817,0.5858793170928581,0.14892107883702743,0.32071928023508073,0.43286848522867066,-0.9004369628958662,0.03148241595630503,0.02910339898121523
55.9496374130249,0.5853724046538347,0.14663673993480084,0.3207071067266889,0.43150228670153834,-0.9010410255109733,0.033280522517909174,0.02869239861634877
55.9745934009552,0.5848440127401889,0.14453295195248497,0.32065739768880175,0.43025110612429696,-0.901587626775965,0.034900552658854375,0.02838464985556562
55.994672536849976,0.5843756229118542,0.14293821482622038,0.3205868546097167,0.42928660159993376,-0.902002739417848,0.03607086242349739,0.02833663095219214
56.019609451293945,0.5837222312710185,0.14102787274925682,0.3204497258501623,0.42794178733080596,-0.9025867342290603,0.037210124972138575,0.028608048680477664
56.0396363735199,0.5831674782745371,0.1395537626650019,0.32027340055707815,0.42667070645895655,-0.9031494186615153,0.03778759457063909,0.02907461982194422
56.05971169471741,0.5825617063962296,0.13816697988387008,0.32000929377320103,0.4252486737016727,-0.9037882928045837,0.038011426397026746,0.029755987088015808
56.08464980125427,0.5817511635827944,0.13650776167604503,0.3195295858742861,0.4232858658379173,-0.9046817961219974,0.03788492995663886,0.03073525060157296
56.10466742515564,0.5811076591988145,0.13510664200241504,0.31902622248659696,0.4215152442053841,-0.9054860998120784,0.03764050258398006,0.031670404398791915
56.12963151931763,0.58034951545296,0.13330948210760266,0.3184007161505953,0.41912751319268826,-0.9065609957285838,0.03726363345195562,0.03302590393017701
56.15458345413208,0.5795812100367911,0.1314918338394216,0.3177067725407932,0.41655702299081493,-0.9077062799720469,0.03671286342360413,0.03466585576129196
56.174612522125244,0.5789917759109856,0.12993820520071384,0.31707524504474716,0.41429479148862514,-0.9087025434727718,0.03620199285697598,0.03617912305148426
56.1996591091156,0.5783308251044534,0.1279390533953995,0.31624632450297,0.411290491636709,-0.9100136943533466,0.03549592513263848,0.03814769819672551
56.224743366241455,0.5778254407513772,0.12603856737413693,0.31552799825822003,0.40813524928522316,-0.9113941240341088,0.03458004117282134,0.03988219802719846
56.249645709991455,0.577525851384262,0.12407297557778696,0.3148382290646577,0.4046569940721603,-0.9129153547359062,0.03350867186584601,0.04141788436917414
56.274611711502075,0.5775015602122806,0.12198170268778653,0.31421410132896715,0.4010416945855044,-0.9144895004803174,0.032618787613076586,0.04255029271249845
56.29958772659302,0.5776090347937229,0.11993580963865354,0.3136557403168825,0.3975785269579854,-0.9159791151664659,0.03190781990316109,0.04353695567913142
56.31959772109985,0.5778112559912936,0.118354617560664,0.31334243487353913,0.3948339413424188,-0.9171502383685399,0.03138042379840316,0.04423650106931042
56.344600200653076,0.5782183978466907,0.1163603267428785,0.3130685140713995,0.3913791633431486,-0.9186177902102427,0.03082253122375808,0.04487401897613293
56.36466670036316,0.5786430958349545,0.1147199141541386,0.3129286360424421,0.3887640824931167,-0.9197265125265252,0.0306544850883598,0.04501036395153498
56.38467764854431,0.5791185801688927,0.11308741567710931,0.31282912142410046,0.386432186124498,-0.920719717535089,0.030769993498847438,0.04470542214552676
56.40970253944397,0.5797335940854643,0.11101887114131646,0.3127251077362294,0.38373838611602495,-0.9218682189728744,0.031141995918656153,0.04397742556151444
56.43466830253601,0.5803552768503785,0.10860891104707693,0.3125839868009824,0.38073888616042123,-0.9231094591202057,0.031729084791745715,0.04359004733177265
56.459627628326416,0.5809521632865186,0.10585483315541037,0.31244548404784184,0.3775851342233568,-0.9243661969765133,0.03269462792397463,0.04367678566064217
56.48459601402283,0.5814863603478662,0.10317599952020554,0.312405660829242,0.3746461722654647,-0.925512129730594,0.03377009980248385,0.04389901693355206
56.504605293273926,0.5818980911444526,0.1011338904413126,0.3125309886369283,0.3723444868963526,-0.9264044428010773,0.034603816638992056,0.04401099079059769
56.52465033531189,0.5823049687909079,0.09909030385649435,0.3127383199703286,0.3699641830047569,-0.9273208513260716,0.035439988885303725,0.044119714157710634
56.54960322380066,0.5828112880708216,0.09652960182643314,0.3130933200146451,0.36702694114947115,-0.9284337635748936,0.03659238533611567,0.044305399897732835
56.56967878341675,0.5831782911533823,0.09455857588173587,0.31343236234358074,0.3648582934015953,-0.9292421478047528,0.03759206338766059,0.044433019811040336
56.59461712837219,0.5836338818839134,0.0923162363138264,0.31407071057161134,0.3622836916106484,-0.9302077635661021,0.038704754675378164,0.044339433463038945
56.614646434783936,0.5840328047965541,0.09055396487930825,0.3146382651122026,0.3600806428446565,-0.9310463729421186,0.039414049423687585,0.04405808425229265
56.63957929611206,0.5845877425912681,0.08832897613463045,0.3153859141378144,0.357191329696955,-0.9321580210173744,0.04023291187419746,0.04332540414564038
56.659605503082275,0.5849964038023787,0.08662274908016956,0.3160103160065924,0.35493758109229595,-0.933018643458101,0.04087462091041666,0.042717559075954925
56.67967176437378,0.5853675346548558,0.08503808392705056,0.3167404535808772,0.35265034515174465,-0.9338838924476389,0.04144061997022533,0.04220526635014874
56.70462489128113,0.5857913779810778,0.08300946425847895,0.31759332329237583,0.3493202728320988,-0.9351251436324775,0.04202477109815357,0.04183576638554212
56.729634523391724,0.5862043556377644,0.08078575963802015,0.3183030993034088,0.3456090850871348,-0.9364867516306377,0.0425680275028279,0.04165197906492826
56.754668951034546,0.5865388205510014,0.07851235514578975,0.3189375280658094,0.3417394831339341,-0.9378870860220464,0.04304120874410846,0.041585981896185994
56.779712438583374,0.586861379594291,0.0762943846487534,0.31948876771444445,0.33785772314765605,-0.9392773601489969,0.043397238323525746,0.041555737592573534
56.80458641052246,0.5872470788222997,0.07403588656091664,0.3198945352921524,0.33395217298083374,-0.9406570234870109,0.04371478041439368,0.04158519326963322
56.824591636657715,0.587623553630513,0.07220473314368779,0.32020079620788416,0.33083729177409194,-0.9417473706397038,0.04393497892792493,0.04157275419550314
56.84958863258362,0.5883912742997626,0.07005661215293228,0.3207740584895066,0.3268667748211176,-0.9431495286881677,0.04398878695615457,0.041134713752982215
56.874587297439575,0.5895921855915116,0.06808977555002609,0.32159181249077906,0.3228645157454462,-0.9445792660723207,0.04380923159432968,0.04011565537190006
56.89466619491577,0.5907162566360282,0.0665357399418023,0.32217350897008057,0.3197421791504845,-0.9456881680948481,0.04359951058963033,0.039216199125556205
56.91469097137451,0.5919730471830138,0.06509975183889503,0.3227481630408632,0.31669747424982986,-0.946767784878713,0.043309087586012575,0.038181071910057665
56.939621925354004,0.5938238032740815,0.06338718232160374,0.3235356712906322,0.3129860047216251,-0.948079613904408,0.042960436025220095,0.03659518388814265
56.95966863632202,0.5955382422934249,0.06191964229643648,0.3241692895188132,0.30992803302382976,-0.949145392177939,0.04279221473036939,0.03516340728597854
56.984644412994385,0.5978716166465088,0.06003827551708045,0.32503431247285103,0.30606554431445837,-0.9504758488987796,0.042658523793501824,0.03316313603087434
57.0095956325531,0.6003086050427104,0.0582964224651962,0.3259452077964794,0.302360960558684,-0.9517429480318813,0.04244846875400643,0.031005449551637167
57.029661655426025,0.6023870809554526,0.0570298318127257,0.3265940256516109,0.29955391423580746,-0.9526971670643992,0.04221646257613526,0.029211823310103597
57.04970049858093,0.6045130009727689,0.05582276177102112,0.32702776806872585,0.29682345784098446,-0.9536163643141579,0.04189501192403611,0.027504046308256657
57.069772243499756,0.606754853949301,0.05456562589446926,0.32744673706699795,0.29402202683069806,-0.9545471818193618,0.04158260995668498,0.025721818914726094
57.09457612037659,0.6098352651450683,0.05282136426217489,0.32813622918386565,0.2903553924231975,-0.9557412175561786,0.04139022748068864,0.02322326902838647
57.11457800865173,0.6124810222934647,0.05155126619550018,0.32875749159581735,0.2876241828958362,-0.9566206698333188,0.041339821601250104,0.020981959184246737
57.13460683822632,0.6151412480711024,0.05074047227045676,0.32932479006545384,0.2854894601745935,-0.9573090899750933,0.041306558997798976,0.018677327550635767
57.15461564064026,0.6177069537875606,0.050306848783206695,0.32969925140790257,0.2839242168656772,-0.9578143962712504,0.04130331412565004,0.01651234736045023
57.17957091331482,0.6210174857241793,0.049989775224944535,0.33021723350283144,0.2823655086822024,-0.9583136098443706,0.04145478534140536,0.013647177967078691
57.20461845397949,0.6244323001492659,0.04965765555391885,0.3306886937177841,0.28094786808924643,-0.9587572318688591,0.04168737888683566,0.01072511991472624
57.22960877418518,0.6280286497383594,0.049219956203100136,0.3313684453008549,0.27958388554490965,-0.9591687426775909,0.04208820509647843,0.0075337246478935915
57.254581451416016,0.6316776850049908,0.048678236129924085,0.3319856050165373,0.27823834772151546,-0.959557680820324,0.042590237845009725,0.004307049554597476
57.274596214294434,0.6345982512406054,0.04820561601105534,0.3324831292983247,0.2771551497051182,-0.9598594976830682,0.043032978894356824,0.0017118574396126644
57.29460144042969,0.6375220909923631,0.047717327890517566,0.33297720727061264,-0.27607660204395457,0.9601502580811844,-0.04350176416396898,0.0008879037619766329
57.31959819793701,0.6411079953618065,0.04715870214362536,0.3336263564015886,-0.27478980623365606,0.9604841858235786,-0.04408842865001088,0.0041111593201912655
57.33963871002197,0.64394382899424,0.04677664976308242,0.3340977437909192,-0.27388957961691995,0.9607018114541219,-0.04463611475531982,0.006644163456874431
57.364641189575195,0.647338251883421,0.046307358393581216,0.33448077639650975,-0.2729408821095241,0.9609091557641408,-0.045459026063420116,0.009505061360258629
57.38960790634155,0.6507199907043298,0.045864553070542435,0.33487431256124023,-0.27211418279044075,0.9610655857389736,-0.04641611908094578,0.012343229860452894
57.41465878486633,0.6540519645698589,0.04557056155631656,0.33519911861692747,-0.2716219088540616,0.9611071451546659,-0.04762131384693465,0.01506003420324426
57.43466591835022,0.6567117803058279,0.04542764848383568,0.33542973388195785,-0.27139621863279806,0.961080366874989,-0.04873545321445693,0.017131156393073863
57.45470643043518,0.6591754061487792,0.04527626972854885,0.3355176432285602,-0.2712509067827127,0.9610408072562412,-0.049927068941871336,0.018187912049743175
57.47965407371521,0.661849283563442,0.044989032204541465,0.33569928220999495,-0.2710719436061233,0.9610308018549197,-0.05147770761992673,0.01702483169092353
57.504599809646606,0.6640518798407018,0.044703997354176524,0.3358451191944904,-0.2708893043854372,0.9610614333787313,-0.05300052956194468,0.013070956674015404
57.52959990501404,0.6659143677216558,0.0442709431269056,0.3358456790738206,-0.2706206462311256,0.9611127106401272,-0.054558932226287236,0.0070813978172554375
57.54973006248474,0.6671983528453383,0.04402488634012725,0.33582659065532827,-0.27049449585891255,0.9611000421324143,-0.05583694669090063,0.0012931038111159384
57.569743156433105,0.6682433176977595,0.043869261187045844,0.3357647385449196,0.2704044429148327,-0.9610379457808317,0.0570762411624578,0.00545955252180937
57.59465217590332,0.6693557970154035,0.04379563465454987,0.3357077972900321,0.27026364962174454,-0.960892188713338,0.05854725069798548,0.014696285189476618
57.61960768699646,0.6703383573455695,0.04380120283588769,0.3354544068026896,0.27004658570834267,-0.960683340480559,0.05984721363900305,0.02409713448399809
57.63965320587158,0.6711891988029084,0.043911110180314225,0.3352560185815551,0.2698278082795209,-0.9605002586298653,0.06072244211434464,0.030740723393385353
57.664676904678345,0.6725027547688501,0.04428916916952421,0.33514897750919603,0.2695838711099489,-0.960292322472479,0.06163574802678962,0.03693543559969298
57.689598083496094,0.6742304665102591,0.04496711373594447,0.33526774516261343,0.26941853371042457,-0.9601559417415778,0.062392457297835255,0.04026664257224855
57.70961594581604,0.6757766798274266,0.0456833230643803,0.33530343690741676,0.2693418806700332,-0.9601040140861652,0.06281407028632553,0.041347624198506856
57.72962951660156,0.6773801687924733,0.046583768029084135,0.33521403785471493,0.26940917131784087,-0.9600681924245575,0.06311428619608565,0.04128378837408713
57.75463676452637,0.6795071836361614,0.047864766473569145,0.33505436705702607,0.2696490469547318,-0.9600394634015256,0.06347059561032853,0.039813360584695
57.77959728240967,0.6815984684367188,0.04923150820679914,0.33464707389550596,0.2700149117127185,-0.9599855266936272,0.06381075371246545,0.038051592637272466
57.79960346221924,0.6832257245111537,0.0503557095212422,0.3342260090448064,0.27032111044412693,-0.9599336481890959,0.06405972267685997,0.03674561543035335
57.82459592819214,0.6851177367482582,0.05190594627030588,0.33360115583367367,0.27081860400209157,-0.9598321741436638,0.06430286431139938,0.03527921266661617
57.849573612213135,0.6868080595454663,0.05363112017217919,0.33277463261875356,0.27151212084899323,-0.9596602364257586,0.06455067943279517,0.034155653121015074
57.874592304229736,0.6883985525384169,0.05544566443829882,0.3319060145446875,0.27227015812869787,-0.9594656138266208,0.0647793863310044,0.03314103171858078
57.89962720870972,0.6898339399128002,0.05736311797766862,0.33101275792085416,0.2731050052012516,-0.9592478861586524,0.06495118233157011,0.03222565667259684
57.92461967468262,0.6911252400164416,0.059489084428374715,0.3301225514402092,0.27407610010873057,-0.9589924977232387,0.06504649875600814,0.03137887281986542
57.949599266052246,0.6924190090108561,0.061727361538197,0.3292747910509961,0.2751090452789897,-0.9587177357790506,0.06516376069533611,0.030479511158489733
57.96970796585083,0.6934008637769516,0.06354795438268819,0.328611900180648,0.27595709776879035,-0.9584874864423141,0.06525642344530427,0.029849919995703758
57.99460697174072,0.6944939063106875,0.06586973784916886,0.3278372603645876,0.27707884190249465,-0.9581753233642412,0.06539120887504069,0.029177986009652535
58.01460933685303,0.6952768439607848,0.06778781525911345,0.3271964749001962,0.2780426211312344,-0.9579045971979822,0.06549401793014988,0.028663864308319048
58.034611225128174,0.6960667311076291,0.06980603794449994,0.32653573947870185,0.2790665637787975,-0.9576172928055935,0.06558887297162802,0.028090447533501765
58.059643268585205,0.6970361122707274,0.07245157241615195,0.3256382162739112,0.28041069960335696,-0.9572371455756273,0.0656790957780901,0.027443451966671997
58.084691286087036,0.6978789707953509,0.07502861734795672,0.3246429206938547,0.2817316768725842,-0.9568540482510013,0.06577439449243172,0.02704295881293317
58.109625577926636,0.6986274924897293,0.0775904404484749,0.32366768520437583,0.2830873248797056,-0.9564538140993233,0.06590481715168144,0.026724952080490246
58.13459897041321,0.6994826483596891,0.08019588665866856,0.32295083264411095,0.28442815600824,-0.9560593580902226,0.06609295207912398,0.026131390388595372
58.15963554382324,0.7004126382981044,0.08282802273979065,0.3223528533723159,0.2857094893832862,-0.9556898598727747,0.06621231719421465,0.02535563969731326
58.18460130691528,0.701225253822505,0.08553603850699135,0.32186095494464195,0.28685225841585704,-0.9553708836551728,0.06604031269434323,0.024918539382850505
58.20461559295654,0.7017552971022003,0.08774756605034426,0.3215716851111059,0.2874493965115042,-0.9552273056298217,0.06536982582419526,0.025306617638881458
58.22462582588196,0.7023030023051156,0.08996982055842138,0.3214909946201043,0.2877606619347643,-0.9551809899968731,0.06433984238407378,0.02614311522492041
58.244699239730835,0.7028315519700653,0.09221953797906635,0.3215123041751206,0.28785686777255587,-0.9552039677252423,0.06299008210943859,0.027496422928534794
58.26472735404968,0.7032454371444194,0.09449866195333777,0.3215460682728204,0.28780414627438183,-0.9552658066714274,0.061351120589833406,0.029530526482718426
58.28957748413086,0.7035697653327487,0.09746415282632481,0.3216703854057271,0.28761297499069277,-0.9553683808486031,0.05893281548550421,0.03281701922251375
58.31457257270813,0.7038557316750568,0.1003616361777959,0.3218054302025556,0.28722661352412265,-0.955521757084268,0.05621880874137243,0.03631101438643089
58.334580421447754,0.7041409060303913,0.10259773114076132,0.32188871593048174,0.28686702994325375,-0.9556563732096252,0.05401314248042707,0.03886880387674592
58.35958194732666,0.7045599788294001,0.1054123421897118,0.3219930013584317,0.2865261244326123,-0.9557951473753199,0.05134361380149286,0.04149999509881326
58.38458585739136,0.7052250212080184,0.10814599014003132,0.32241814790397116,0.28614234432477054,-0.955991551011483,0.04871442943782459,0.042774028842880105
58.40471076965332,0.7060316088707547,0.11019003666935488,0.3229180176704213,0.2857492390394188,-0.9562239911965215,0.04664401118320413,0.042513377533546705
58.429577112197876,0.7075241878183228,0.11236769445252734,0.32373074553354964,0.28516082178672697,-0.9566025396230512,0.044414467328901606,0.040277065391899056
58.44960856437683,0.7088456179625207,0.113956841351844,0.3244853269761415,0.28473185616012175,-0.9568960684468313,0.04289087143575333,0.037921727625112193
58.46962881088257,0.7100708061741898,0.11546897911435976,0.3251595794276374,0.28435342270205244,-0.9571567454231369,0.04146679992509379,0.03570154328200784
58.49461841583252,0.7116481127969654,0.11722677850662319,0.3261771512548264,0.2838734089537689,-0.9574767971643626,0.03984351445634154,0.03265830578402854
58.519574880599976,0.7133493074332331,0.11896850867726352,0.327360737573879,0.2834932814638526,-0.9577537778842224,0.03848896981340391,0.029289238910207693
58.53965640068054,0.714670638038848,0.12039857633649378,0.3282476211001162,0.28336433226997226,-0.9578978854599322,0.037680455751855135,0.026767134382274987
58.56459879875183,0.7161651010887371,0.12219993378660644,0.32937579951304397,0.28338755759285894,-0.9579925650424945,0.03696151138059425,0.023991335955909226
58.58468174934387,0.7172092593456747,0.12365763058763336,0.33011731363776475,0.28354014149363277,-0.9580105414810106,0.03652183978426492,0.022066848258872052
58.609604835510254,0.7184434905421397,0.1254714428580674,0.3308496388817659,0.2838765627945324,-0.9579707391070861,0.03621311867409026,0.019868823471887998
58.629634141922,0.719391158758284,0.12689585169500395,0.33128503883148597,0.2842704015867952,-0.9578850926029371,0.03623101744713868,0.01827023606472468
58.649675130844116,0.7202219602351223,0.12836011722766535,0.3315664606362968,0.2848384413116706,-0.9577329578140679,0.036459520786900304,0.016892223421350296
58.674644947052,0.7210424332976151,0.13027702402210256,0.331660964713745,0.2857015365530185,-0.9574854038162693,0.03680492418111219,0.015547702278637133
58.69963812828064,0.7217043999902284,0.13217296299660825,0.3315054658682888,0.2865987425702342,-0.9572203734599326,0.0371373468117124,0.014530480461658644
58.72461485862732,0.7222944885573531,0.1339259972906638,0.33118360571522254,0.2873962278443839,-0.9569830871576352,0.037396614913713766,0.013721235678152635
58.74472904205322,0.722692314507498,0.13526500668847893,0.33082815996177245,0.28799486091791415,-0.9568044505590722,0.037543572838399375,0.01321679287045385
58.7695746421814,0.723097204751355,0.13690838660297455,0.330347022259738,0.2887698646375722,-0.9565690210824138,0.0377601754719313,0.012721726753823088
58.78957748413086,0.723376669843046,0.13819922845371024,0.32986408354961355,0.28939763621848796,-0.9563753839905013,0.03795371362429065,0.012435781903582056
58.81457495689392,0.723675143664349,0.139748686382721,0.3291608061429349,0.2901685378625349,-0.9561350777001201,0.03819601563687156,0.012206441585595529
58.83957314491272,0.7238727351745949,0.1412515419652325,0.3284239747400902,0.29092709631601144,-0.9558970169803741,0.03841279098963895,0.01211507516207326
58.85958218574524,0.7239555599614046,0.14220640021433795,0.3277352131051002,0.29138311317100163,-0.9557508819434398,0.03855138713416931,0.012244328226826378
58.87965774536133,0.7239695671824066,0.14292266681489504,0.326825029556717,0.29171266057940465,-0.9556408792613035,0.03865689474433006,0.012644288483887559
58.90459370613098,0.7238259125782002,0.1437538915184195,0.32531539594057535,0.2921506230825157,-0.9554908505219053,0.03874637437005372,0.013563424180334339
58.92461323738098,0.7236339439219299,0.14449333192391722,0.32396975107355624,0.2925884648031682,-0.9553406173491307,0.038826197763084595,0.01445065653950344
58.9446165561676,0.7234263692604759,0.14536449603570387,0.32263689781768135,0.29312200138069877,-0.9551595350970591,0.03892803345084724,0.015308919988509116
58.96956396102905,0.7231194979042325,0.14678064473889607,0.3210445737855697,0.2940022097859255,-0.954867015417683,0.03906493787043506,0.016297672794101457
58.98956823348999,0.7228310170663274,0.14806841036039514,0.31976215135610137,0.2947944186610818,-0.9546052933069622,0.039150805191480356,0.017093834260556173
59.00960302352905,0.7225156540636788,0.14949325135232183,0.31850991941451856,0.29565223776586547,-0.9543252499074095,0.03918348511216892,0.01782487553456928
59.03467297554016,0.7221188281983343,0.15139752593376476,0.3171875421506677,0.2967788515035724,-0.9539588948399425,0.039256558964858565,0.018538145389367166
59.059680223464966,0.7218033746978654,0.15338981084526854,0.3159188105189513,0.2977902191147896,-0.9536336002141905,0.03943947269367909,0.01866734946910412
59.0845685005188,0.721601888005026,0.15561250581221261,0.3145775076744798,0.29851647730105735,-0.9534136109780261,0.039673526697680025,0.01778793020380755
59.104658365249634,0.7214941536736637,0.15746594211156492,0.3136030957043163,0.2990771978551634,-0.9532519141364076,0.03985429257236333,0.01659075893243792
59.12976408004761,0.721347683171272,0.15981345703446592,0.3126757207558254,0.29987383840402365,-0.9530193804963133,0.04003686750947483,0.01505957101502367
59.14976978302002,0.7213664714015391,0.16172148456339688,0.3123702214281198,0.30070417175941444,-0.9527727552458776,0.04017609446803415,0.013673309045990492
59.17464089393616,0.7214821514752108,0.16419900250073932,0.3121088578000359,0.30182574286158026,-0.9524337854118108,0.04036256977326784,0.011915045678027779
59.19468140602112,0.7214546798488308,0.16617623028347406,0.31177830246492877,0.3029118632721399,-0.95209293501039,0.04056781000942098,0.010848916322872673
59.21967172622681,0.7213136595472878,0.16857768887029648,0.3113272457770727,0.3043286121679604,-0.9516382186036652,0.04085313132466897,0.009990914422963328
59.23968768119812,0.7211467236889936,0.17055504973873142,0.3109238027695863,0.3054944280219705,-0.951260117265531,0.04106026453087278,0.009560252358023972
59.264572858810425,0.72091221855232,0.17310230712044894,0.31046960064749063,0.30699255235349804,-0.9507708074440293,0.04131424994936539,0.0091420601700195
59.28461742401123,0.7207046304352928,0.17511361593174588,0.3101293449104657,0.30816475539334504,-0.9503847363252074,0.04152004539616982,0.00891192037307089
59.30958867073059,0.7203529832883737,0.17745263926557686,0.30959308391616425,0.30954582582768503,-0.9499235274441815,0.04179048542259218,0.008957067015154207
59.32959723472595,0.7199594533720418,0.1792182652418205,0.30894059825615217,0.3106265034499626,-0.9495590803965464,0.04198314944181178,0.009281344436148996
59.34963893890381,0.719479999182232,0.18097377784576743,0.3081710036416305,0.3117279852668911,-0.9491856088339996,0.04215318553976889,0.009769960713573514
59.374605655670166,0.7188668171897049,0.18309598595006152,0.30720212752421466,0.31306664313982524,-0.9487277051072772,0.042386176661642905,0.010412998768098349
59.399598360061646,0.7181926651613375,0.1850372124656322,0.3061400754078331,0.31429077881385903,-0.9483040670953944,0.042578527034208453,0.011303615332938792
59.41960644721985,0.7176152450008896,0.18646123842211132,0.30520753715476534,0.3151982563512219,-0.9479871924354842,0.04270000775475906,0.012126479673159772
59.44462442398071,0.716825489362008,0.18802217118134132,0.3038715075087153,0.31623939365251397,-0.947615638981459,0.042877848011602555,0.013369248660613208
59.46963286399841,0.7160088753871013,0.18927530084607191,0.3023983400128238,0.3171109018282467,-0.9472945588346694,0.04305898575540442,0.01481953066965899
59.49458122253418,0.7151684390766897,0.19046408746154897,0.3011187137572233,0.3179531119917755,-0.9469825051839514,0.0432139231462824,0.016202169500594412
59.514588356018066,0.7143417529509818,0.19138619708361534,0.3001671825772909,0.31864904557105167,-0.946722055827844,0.04332614586353098,0.01740631639217813
59.53460073471069,0.7134295314531851,0.19216287591176331,0.29936121685268036,0.3192808255799562,-0.9464794069495744,0.043456245869526657,0.01865586590551752
59.55960416793823,0.7122166929633217,0.19282504514630386,0.2984801194789639,0.3199068566262863,-0.9462261140980902,0.0436272554958348,0.0203077980272033
59.579607248306274,0.7111931747163336,0.19324165567044654,0.29806754190098794,0.32034266152589624,-0.946047343478733,0.04372121684223769,0.021528081683853766
59.59961271286011,0.7100952069424903,0.1937355180909496,0.2978836398384813,0.3208357379028433,-0.945855849885035,0.04376262389094907,0.02249384967901236
59.619638442993164,0.7089518295091055,0.19427164853122109,0.29793245371094673,0.3213811994112389,-0.9456536771352406,0.043816383348104164,0.023094850855290443
59.64456820487976,0.7074557384387505,0.19484767643027268,0.29806530759032096,0.32206425569068514,-0.945407620538505,0.04391499763405909,0.023463145926826662
59.66461682319641,0.7062436072678074,0.1952751950820072,0.29833272603131133,0.3226055665579721,-0.9452211481605798,0.043981362878166445,0.023415149265298155
59.68963861465454,0.7046176814264088,0.19584459513959868,0.2988325619855434,0.32326168621587426,-0.945005596674846,0.0438953804453719,0.023227140458272618
59.71470260620117,0.7028050915480701,0.19634091599773912,0.299399221527329,0.32372910154685497,-0.9448684721820473,0.04344868561265851,0.023135488029514827
59.7397186756134,0.7009574391153157,0.19679748964961966,0.3002634321434905,0.32414125390287385,-0.9447650960685025,0.04291544859304316,0.022574876325670446
59.76459336280823,0.6990504815318491,0.1972117338265208,0.3009984667021607,0.3245933189341532,-0.9446533783372904,0.04241814792621081,0.021676550143132096
59.78462815284729,0.6974680604424724,0.19762132991837097,0.30165027294021085,0.3250110803400567,-0.9445496482277043,0.041982844767152507,0.020765366236546654
59.809619188308716,0.6952188748780899,0.19816846169942856,0.3023139246783392,0.32548722706223804,-0.9444358166817063,0.04117956132613073,0.02008225377916639
59.82962131500244,0.6932907350911385,0.19851636298460698,0.30288653744666566,0.3257848406983318,-0.9443707942110977,0.04047849108575808,0.019736574472627045
59.854626417160034,0.6906668398720689,0.19876293544925674,0.3032989066986774,0.32611843074571123,-0.9442892114702194,0.039660839208990425,0.01979070646178791
59.87964105606079,0.6879800935929216,0.1988249538977898,0.30372137838835095,0.32641102988138493,-0.9442158628527739,0.03893925644226333,0.019899201416478822
59.904622316360474,0.6850969157895584,0.19890044574467725,0.3040642133839531,0.3267427128655299,-0.9441213902718626,0.03818889978345876,0.02038646496427946
59.92463159561157,0.6825952977961218,0.19897977354111304,0.3042353265896923,0.3270256275107022,-0.9440301902654014,0.03754917650980775,0.02124377936995048
59.94962811470032,0.6794425224985897,0.19897577070670114,0.3045129768128684,0.3273637009048422,-0.9439128678903371,0.03689041099901966,0.022374153329915547
59.97460627555847,0.6762987604666736,0.19877237434649608,0.304688306297867,0.327637198134957,-0.9438104561758311,0.03634922625589297,0.023546187844180975
59.99959206581116,0.6731175331237934,0.1985970867839289,0.30485054403520373,0.3278847160316912,-0.9437168547896555,0.03570186496388829,0.024809026920127344
60.02461051940918,0.669846420190074,0.1988350411353419,0.3051866632976381,0.3283241680458713,-0.9435658319163676,0.034761659404885424,0.02604589319891956
60.044617652893066,0.6672064284333846,0.1992649422639938,0.3054794791188956,0.3288152864292517,-0.9434055331124213,0.033772110873124386,0.026943497000896672
60.06464338302612,0.6645824466429401,0.19982494473668322,0.30578037796563606,0.3294098429151674,-0.9432162683661987,0.03266333176168238,0.027664656840994197
60.08468461036682,0.6620653366298822,0.20049423602461913,0.30613328598042616,0.3300633320151526,-0.9430172668095441,0.03144986258306139,0.028063098574631438
60.109607458114624,0.6589574239878903,0.2014478499434975,0.3066889815288957,0.3308919331668988,-0.9427753735748295,0.029636256402509456,0.02840450408380461
60.12962055206299,0.6564864457707956,0.20228112483746843,0.30717310593951697,0.33153414109715285,-0.942592233039604,0.02797079553966782,0.028681528853101337
60.15460252761841,0.6534177677487575,0.2031265860135001,0.307719488274552,0.332185328870138,-0.9424070266453074,0.025798595540622336,0.029263217203350424
60.17461919784546,0.6510937692813045,0.20361619727549748,0.30834012035837927,0.33260219144536973,-0.9422931034070542,0.024154972576060925,0.029597750205210258
60.1996111869812,0.6481749540180091,0.20400280587317723,0.3088844246836588,0.3330835975187116,-0.942140865380627,0.022401372161899524,0.03039877249147658
60.219664335250854,0.6458812466970986,0.20423379016395204,0.30940756661346625,0.3334879191187176,-0.9420011871820118,0.021216860157112917,0.03113544595274382
60.24464988708496,0.6429372181150337,0.20445717381494538,0.30990689591629794,0.3340340823555763,-0.941791440749699,0.01987280959800571,0.03248361731794659
60.2695586681366,0.6400369338262724,0.2045881823250224,0.3104636080676098,0.3345847412325887,-0.9415691935869733,0.018732596659393735,0.03390566980278803
60.2895622253418,0.6377166255442754,0.20458975889016096,0.3107622657671582,0.33502974205230074,-0.9413767860593827,0.018005183530289636,0.03522260602092164
60.30956292152405,0.6354535125312539,0.2045535847399976,0.3110890721819786,0.3354552274444353,-0.9411844383672988,0.017359915431680667,0.036609789561624244
60.33455228805542,0.6325921863821964,0.20435503003440478,0.31139493452508327,0.3358908218158254,-0.940955550799526,0.016680970942744313,0.03875245086283659
60.35465407371521,0.6303565847121094,0.20406285387569018,0.31166532085108506,0.33614958849620635,-0.9407934945675954,0.016289729508231824,0.04056722131965971
60.37976861000061,0.627580771030829,0.20352675503006787,0.31188700302324524,0.33634744339227496,-0.9406235638453517,0.01593350782272544,0.04293986249178048
60.40471410751343,0.6249210633102856,0.20282690740677656,0.31207392615739094,0.3364149364096093,-0.9405015064899575,0.015740088313852433,0.04510162381248893
60.42975378036499,0.6222553824101446,0.20200528344523044,0.31223826067667126,0.33641898543301235,-0.94039650140354,0.015666295604687953,0.04723614686059334
60.45474433898926,0.6196645509413898,0.20104907357817797,0.3124237766215735,0.33632707251490934,-0.9403292987935093,0.015728886100480555,0.0491682038121742
60.47968530654907,0.6171172380928789,0.19994375819863114,0.3125141128972674,0.33614965023929694,-0.9402936165163964,0.01593861162045226,0.0509635952639224
60.50460410118103,0.6146858345004476,0.19879033587947673,0.31268744214350064,0.3359289841534894,-0.9402924577766969,0.016216392973487367,0.052333928314596885
60.529579877853394,0.6122636031653783,0.19761255447622353,0.3128371787547045,0.33568976010637586,-0.9403064568591807,0.016507311643087018,0.05351318352474219
60.54960322380066,0.6103813498263754,0.19670770739735083,0.3130147695532606,0.33549976795348974,-0.9403309952573972,0.01670652784469222,0.05420716731944436
60.56960892677307,0.6084958270326789,0.19575917486264652,0.31310998389109174,0.3352688296788358,-0.940372330718654,0.016908709663108937,0.05485241108759115
60.589608907699585,0.6066784176353686,0.1947603198760813,0.31321944197618135,0.33499702721632696,-0.9404401760982497,0.017163971837241592,0.055269023940219014
60.60962653160095,0.6049326308742532,0.19361703755117748,0.31337358288196604,0.3346221380900511,-0.9405530475214047,0.017567504517211462,0.05549209207846753
60.63460612297058,0.6027715844886681,0.19190208606687498,0.3134245262917762,0.33395952218539743,-0.9407526760391676,0.018308745510398003,0.05585901811385369
60.65463423728943,0.6011101285938978,0.19033809224003326,0.31350506320309596,0.3332710019532816,-0.9409686581098261,0.019050183671601346,0.056084884007137216
60.679601192474365,0.5990818919231842,0.18810176291354236,0.31347967305966923,0.3321935924120334,-0.9413043484667764,0.020190420503098654,0.056443667827623646
60.69977402687073,0.5975887512541159,0.18619029759959893,0.31353193471333235,0.331207346890073,-0.9416261935323414,0.021211653523605635,0.05649664392368123
60.72460436820984,0.5958418815258113,0.18358989400042727,0.31360253596088766,0.329778014199589,-0.9420990419711056,0.02264518338279412,0.056418544267397196
60.74461889266968,0.5945545358690716,0.18137894355546139,0.3137132349530784,0.32849179397770156,-0.9425250622865784,0.023894283642966987,0.056291308922677065
60.7695586681366,0.5929501278807783,0.17837051161345574,0.3137711733762733,0.3266906706487765,-0.9430930277911923,0.025627609213623306,0.05649754232447974
60.78956317901611,0.5917044732548484,0.1757813445964597,0.3138088003433986,0.32509070041054355,-0.9435778750141176,0.027157560173339708,0.05691482421906786
60.814552307128906,0.5902412632652095,0.17238240048376893,0.3139733368652387,0.3229037449640886,-0.9442278006552725,0.029181014110333463,0.05758038184429587
60.834556102752686,0.5890921915837463,0.16957265718921305,0.3140311184969817,0.32103371107097634,-0.9447653767948426,0.030828725526709178,0.05835519555387074
60.85463571548462,0.588010756001333,0.16675659236665455,0.314156398029553,0.31910347154705915,-0.9453141520008572,0.03246744780082846,0.05916074126342082
60.879613161087036,0.5866663589701109,0.16321365055507037,0.3142954351494245,0.316642247501181,-0.9459887270998737,0.03452052579685298,0.06042638989777532
60.89970016479492,0.585617736035762,0.16040042077904368,0.31439545242491446,0.3146654342949399,-0.9465167936436257,0.03614868706727429,0.06152151033498699
60.924575090408325,0.5844148088869655,0.15691028206694002,0.3146320385101699,0.3121690645696646,-0.9471785819250472,0.03818246601956018,0.06281168965117183
60.94958257675171,0.5832461818488961,0.15339262430890446,0.31484497864799244,0.3095902424476337,-0.9478361970103503,0.04021189091237611,0.0643694745001516
60.96968626976013,0.5823424301492506,0.1506331692916118,0.31500704669248447,0.30751680421969674,-0.9483526956786903,0.04177247776830009,0.06569352953349064
60.99464988708496,0.5813553829417728,0.14733391431442605,0.31530771287044224,0.3049834770621308,-0.9489872093890783,0.04363250979503467,0.06711601317134563
61.01954960823059,0.5804381911704435,0.14417545942608767,0.3155791569940798,0.30252438485023136,-0.9495949581684091,0.045393457495469976,0.06846784653198446
61.03957509994507,0.579776838115685,0.14166693885838455,0.3157442037580457,0.3005439329052866,-0.9500789324569325,0.04680085059763658,0.06952011851723607
61.06459188461304,0.5791271159948398,0.13865531214707622,0.31601899047842424,0.29811827434663574,-0.9506763961930608,0.04851866626041338,0.07061036217363303
61.084593772888184,0.578772075834179,0.1364084289505166,0.3163222116537131,0.2962248391118261,-0.9511556859069689,0.049780907824003566,0.07124301422776814
61.10955452919006,0.5785116391758872,0.13367513868817288,0.31671357790381194,0.2938493866478835,-0.9517638843875976,0.05132487099586682,0.07185961285283525
61.12958216667175,0.5783977318754389,0.1315929331179695,0.31698668273165415,0.29203295562752957,-0.9522246384089846,0.05254003233915805,0.07228095071396395
61.154582023620605,0.5783671476411842,0.12919423207358421,0.31734762127540694,0.2898793138484066,-0.9527768089332009,0.05392553592465392,0.07265240764822042
61.174689531326294,0.5784471578020346,0.12731533411892781,0.3175850656191774,0.2881667301808172,-0.9532142753325166,0.055027364728806774,0.0729004118657092
61.19965410232544,0.5787267704980575,0.12493344339569358,0.31785310062882627,0.2859748474779213,-0.9537728544528803,0.056493408029685555,0.07310419665087245
61.224584102630615,0.5791363216963114,0.12270415696060144,0.3181272889551226,0.28383493856793013,-0.9543264138442066,0.05785396231624832,0.0731556049233852
61.244651556015015,0.579520155145272,0.12106173799119684,0.3183025996690378,0.2821323747776059,-0.9547764656195914,0.05876097517592832,0.07314623433714568
61.26475191116333,0.5799327098438896,0.11940753370301302,0.3184558472925622,0.28031299581006863,-0.9552638433253939,0.05956817332624426,0.0731248708836998
61.28969860076904,0.5805025395124751,0.11722186834025773,0.3186324556734199,0.2778399099167807,-0.9559288201579401,0.06057327398139505,0.07304761274721744
61.314610958099365,0.5811260069866881,0.11499835011643833,0.3188695768953718,0.27529258920412253,-0.9566213747533513,0.061593160061310034,0.07277237338425217
61.3346266746521,0.5815783965009601,0.11323951944336287,0.31904972919223495,0.27314810094768277,-0.9572052446671542,0.062249050224401935,0.07261742405608197
61.3546826839447,0.5820080263459448,0.11148856039190189,0.31919345926078757,0.2708687302039287,-0.9578246709758924,0.06274058342420187,0.07256479765843034
61.37955904006958,0.5825586004647596,0.10921858886232247,0.3193043834021083,0.26784649876568,-0.9586388857077422,0.06330490393280534,0.07254122308084474
61.399593114852905,0.5830031751618606,0.10737588194172164,0.31937694055373933,0.26539363824628237,-0.9592944290267732,0.06377181416154042,0.07248152133582561
61.419617891311646,0.5833921019848544,0.1055430799955501,0.3194438145461318,0.2628498561195345,-0.959972654849999,0.06410558522482551,0.07247709307893233
61.444557189941406,0.5838694088925196,0.10323795016582736,0.3194918430433913,0.2595295825204049,-0.960852626434967,0.06439183745010596,0.07252804519370143
61.464600801467896,0.5843182106173921,0.1013950630061332,0.3194972702144915,0.256859186255271,-0.9615528291995021,0.06464513801988042,0.07252945074346084
61.48468613624573,0.5848234240253776,0.09962456253155474,0.3195508358589436,0.25430704766349055,-0.9622183972764625,0.06494432080526802,0.07242870043361634
61.50959634780884,0.5855789958640987,0.09746143904080867,0.31973745005932863,0.2512110768530215,-0.9630248398795112,0.06539934110342956,0.0721046380244766
61.52967834472656,0.5863264628096861,0.09574254640786836,0.31998620653461823,0.2487585079239656,-0.9636647121037054,0.06583939498614111,0.07165683114250687
61.554603576660156,0.5874745324329366,0.09359695981789204,0.3204367314661066,0.24578963777562707,-0.9644350360511369,0.06659323387635187,0.07083682941164351
61.579548835754395,0.588846978541551,0.09152974165315564,0.32107649076863365,0.24299107661091846,-0.9651635000516402,0.0675126459608303,0.06969072743846944
61.59963846206665,0.5900366614000163,0.0899406522898749,0.3216739012535413,0.24078176867857257,-0.9657443207743025,0.06821761442873409,0.06861780997581605
61.62466740608215,0.5916769725770366,0.08795320678930282,0.32247655473170006,0.2379430132730451,-0.9664931921796897,0.0690788995395276,0.0670979697400585
61.649585008621216,0.5935297261090136,0.08594600005684208,0.3233616886460038,0.23507533504851874,-0.9672450686047593,0.0700507734115063,0.06534105337402028
61.67456316947937,0.5955410315402248,0.08405856052108523,0.32441244767534816,0.23234707722786696,-0.9679656272702047,0.07106293258917304,0.06330434218053263
61.694607973098755,0.5972286122232723,0.08259989377555044,0.3253195408264363,0.2301818118859024,-0.9685379380805558,0.07184305591246037,0.06155624495355019
61.719614028930664,0.5994083142927003,0.08078899409012688,0.32646718228168803,0.22745939419287514,-0.9692496449069286,0.07281050387610699,0.059295702765995564
61.73970937728882,0.601185393046179,0.07937375354007865,0.32744822297440757,0.22530419678805366,-0.9698092478920416,0.07357739940371127,0.0573969329298823
61.76464056968689,0.6034387959698703,0.07761720891119961,0.3287864122450893,0.22261487390583806,-0.9705008629942357,0.07453605632469958,0.054909645335693195
61.7895872592926,0.6057018372589617,0.07594898825335697,0.3301455852786883,0.21990316799219106,-0.9711974403326168,0.07533426776451557,0.052372480356763056
61.81461143493652,0.6078421645508686,0.07440576003985704,0.33134130853561405,0.21722479580255355,-0.9718802900487743,0.07591058806957006,0.04999672511518386
61.83464050292969,0.6095011110051055,0.07330674095500275,0.33227659831415246,0.21515616627784276,-0.9724131796900902,0.07620639090526805,0.048093846413917105
61.85959219932556,0.6115329641097689,0.07203584186385459,0.3334582879990342,0.21264115119282834,-0.9730607794957756,0.0764639169643716,0.04571356066868265
61.88459348678589,0.613444805632043,0.07091228979725601,0.33455387807371334,0.2102679374044315,-0.9736658767535531,0.076586681373113,0.04355037521792981
61.9095664024353,0.6152288377488202,0.07005153623903013,0.33549142536846505,0.2081263322481938,-0.9742228592805116,0.07646538229906706,0.04154871345934549
61.929584980010986,0.6166357676396841,0.06950911097998651,0.3362236868659885,0.20655612616443736,-0.9746411735629257,0.07627287262835998,0.039894842284954504
61.95457315444946,0.6184451621762596,0.06899499288618516,0.33720309893193084,0.20474661522700027,-0.9751362613989056,0.07595260999174175,0.03767354898944894
61.97458815574646,0.6198442777280901,0.06864966604762676,0.33795227912653913,0.203335795287912,-0.9755231141750795,0.07560224665133411,0.035965377324376074
61.99961876869202,0.6215157953300395,0.06823113172823854,0.3388211768118966,0.20152872262796032,-0.9760121173054375,0.07505330868601563,0.033963534625300086
62.01969075202942,0.6228077923188458,0.06783012485926196,0.33945346440985813,0.19995914013584787,-0.9764250733096411,0.07455590996549655,0.032432002368382576
62.04455304145813,0.6243725332296316,0.06720542803266828,0.3402118737282137,0.1978365444518916,-0.9769636853527032,0.07393981628793492,0.030586970244534113
62.06458592414856,0.6255373645259816,0.06664439150176157,0.34073604050872464,0.19608810111169125,-0.977393157746651,0.07345224619141297,0.029271817874497747
62.08959341049194,0.6269018498843197,0.06589151916012657,0.34133007518106695,0.19389704821564094,-0.9779143425969415,0.0728780420004267,0.027861518814371166
62.11457371711731,0.6280585555471909,0.06512447857359054,0.3417933976274947,0.1916800210898076,-0.9784131714954931,0.0722181096121227,0.02740401435942659
62.134591817855835,0.6287938207799318,0.06448450358623772,0.3418827668563304,0.1899661935237678,-0.978764444678201,0.0717261239764248,0.02807793246023294
62.154664039611816,0.6294575692346515,0.06380686394315123,0.34181665427501795,0.18835032859792125,-0.9790631592737522,0.07138574868538716,0.029386370218876842
62.17467927932739,0.6300420139468024,0.06318004803241499,0.34159368518482724,0.18686963448162758,-0.9793086128024233,0.07109070844829113,0.0313128052417992
62.19960618019104,0.6307614775613614,0.06251907073401441,0.34115252170810667,0.18519597247015945,-0.9795478498956485,0.07072290669462644,0.03444897697192014
62.22460317611694,0.6316317295106508,0.06193020788726387,0.3406033563884589,0.18372975322565444,-0.9797019160218061,0.07055988671362165,0.03806357720646696
62.249584674835205,0.6326818565918886,0.0614302504346561,0.34001365509189907,0.18249764072511762,-0.9797754534897921,0.07062439138671567,0.04179554054985255
62.274598360061646,0.6339021805263189,0.061086995399084784,0.33941865645751834,0.1815471790566013,-0.9797794496912179,0.07083592508054994,0.045333469505134866
62.29954504966736,0.6353098702700491,0.06085993462699244,0.3387071939103526,0.18081233794566987,-0.9797290618045614,0.07119765445084995,0.048669887024267194
62.319557428359985,0.6366155163995189,0.06071389542319612,0.3381276040137146,0.18030145237055456,-0.9796741883351564,0.07160202637487788,0.051019807936837615
62.344552993774414,0.6383872423916017,0.060555812267555,0.3373146636517495,0.1796971498368978,-0.9796054775188542,0.072170903778998,0.053604136064908235
62.36461544036865,0.6399018525176853,0.0604629233873977,0.33658569075227046,0.17925031162643554,-0.9795517348822353,0.07265633266167233,0.0553965864936274
62.38955783843994,0.6420126213680954,0.060405897341217304,0.3356503608188504,0.17877376754587387,-0.9794891869937132,0.0733588980022145,0.05709067072407926
62.40968632698059,0.6438032696619111,0.060355043171718276,0.33488287950456336,0.17837216358254784,-0.9794607427626586,0.07394535351040489,0.058069866022895655
62.43452739715576,0.6461764897834557,0.06033548005833996,0.33403300440825956,0.17787794216812952,-0.9794611496682846,0.07467081497272145,0.058647790852297745
62.45459723472595,0.6481571787027073,0.06049505907020675,0.3334134256475657,0.17761143698337045,-0.9794801705215762,0.07511534061174369,0.05857011706068128
62.47953724861145,0.6508717472515908,0.060838613317664145,0.3328589544659498,0.17725578297339045,-0.9795881007794187,0.07544444436495214,0.05740797878652684
62.499579429626465,0.6531711561409038,0.061182085749675194,0.33253671976595334,0.17693270783228718,-0.9797314407862254,0.07558349007320932,0.055751743133926744
62.52457904815674,0.6560802293271717,0.061799274922963277,0.33223078032314285,0.17655304433569294,-0.9799540555916504,0.07543649298348137,0.05318276968749114
62.54462170600891,0.6584086753944687,0.06236091008601902,0.33210293739039515,0.1762244056162616,-0.9801523173834653,0.0751507559852833,0.05097800965027062
62.56463027000427,0.660753192490614,0.06295990191423895,0.332075061977294,0.1758411717463385,-0.9803706904291168,0.07473489451986441,0.04866094129269854
62.589635610580444,0.6636948933475116,0.06378998505453999,0.33208142730928947,0.17530180145375845,-0.980668184912085,0.07398768271643902,0.04566193507182558
62.61461853981018,0.6665084996246845,0.06459845157317089,0.33194826218807116,0.1746374699520797,-0.9809844637475271,0.0730501521559666,0.04283586400069086
62.63961100578308,0.6692686624614722,0.06544754178008741,0.3318365987900596,0.17399855187407734,-0.9812916636829943,0.0720430198676957,0.040012223386933284
62.65962243080139,0.671481065034181,0.06621279830445398,0.3317756493896989,0.17359527872464317,-0.9815149498035853,0.07121121588585384,0.03771001522913265
62.68468403816223,0.674248588858145,0.06720486170034198,0.3317656097324647,0.17314972432398523,-0.9817753708676907,0.07018788354772287,0.034784409254960125
62.709638595581055,0.6770048334510077,0.06822227757940606,0.33170797611241176,0.1727779444414131,-0.9820091321672424,0.06920696959471505,0.031878544734920015
62.73456645011902,0.6797880729334358,0.06923976620401058,0.33173306214502485,0.1724992777469762,-0.9822084629582342,0.06835386880228242,0.028953118827367546
62.7595317363739,0.6825639222338358,0.07023522030045959,0.3317626413466301,0.17234671778096197,-0.9823609469291521,0.06770021572849085,0.02608178692318919
62.77960276603699,0.6846823485667559,0.07096086314551252,0.3316609463411484,0.172271163284666,-0.9824529904589596,0.06732128790066211,0.024012747330244597
62.799604177474976,0.6867574937572322,0.07166535319942119,0.3314781905984389,0.17222867633823358,-0.9825274380930322,0.067007274386291,0.022071284983591555
62.824620962142944,0.6893650726747202,0.07254185140059101,0.33127870805167914,0.17228588667296357,-0.9825832155129165,0.06678582636632385,0.01968378119695705
62.84953451156616,0.6918785049061973,0.07341952225151348,0.3310548951836644,0.17248964004318607,-0.982580027060787,0.06675412717795505,0.01810251374047971
62.86953926086426,0.6936859615822731,0.07407614021336333,0.3308113584935866,0.17273869075609835,-0.9825312602692606,0.06686884421135166,0.017950626274792658
62.88954043388367,0.6953110907639806,0.07467298055268157,0.3304546592372119,0.17301240451545435,-0.9824539886119245,0.06706810130312166,0.0187813186976294
62.914668560028076,0.6972061850625244,0.07542461419887345,0.33014454578605135,0.1734617720908107,-0.9823107812269775,0.06745498077025891,0.020648687064279667
62.93963932991028,0.6989557667434816,0.0762634531031074,0.3297452165456052,0.17396792683513493,-0.9821403484747759,0.06779397582123749,0.02322656179355974
62.96461582183838,0.7006006859335175,0.07728098523824958,0.32943163595840674,0.17455260766105354,-0.9819426874077006,0.0680561938917764,0.026235477471477767
62.989598989486694,0.7022236736569992,0.07858403130050699,0.32926262975827514,0.1753108580487236,-0.9817056037303522,0.06827974142196493,0.029293131719079695
63.0096001625061,0.7034848797115366,0.07980886965436997,0.32915189221652846,0.1760258933456539,-0.9814892679446826,0.068437904249924,0.03177978985412699
63.03462076187134,0.7050677521289979,0.08141866818704449,0.32909713072960384,0.1769770058943298,-0.9812037271920484,0.06868056843922864,0.03466070755079204
63.05470275878906,0.7062513864509048,0.08278864667129004,0.32900314254095137,0.1777878471929351,-0.9809573261827792,0.06886906965424468,0.03703048533115087
63.07471513748169,0.7074297105430037,0.08438380752494466,0.3290285392970185,0.17876051351567157,-0.980681050431031,0.06905924942689874,0.039245078694415056
63.09961152076721,0.7088515933345917,0.08666808046344539,0.32910784528519255,0.18018439594868857,-0.9802910817107789,0.06935785405823333,0.04186247311457599
63.1245698928833,0.7102770410492777,0.08914402566152621,0.3292404332183855,0.18177118730125605,-0.9798782765905716,0.06974389762065278,0.04397257415222591
63.144627809524536,0.7113783776313137,0.09127299530498321,0.3292546833122173,0.18316225198734917,-0.9795365955900219,0.0700837570818226,0.0452538875690725
63.1695921421051,0.7128082636343902,0.0939616826149454,0.32927901403263027,0.1849705875845131,-0.9791282909115564,0.07062996612640642,0.04588114591254743
63.19461154937744,0.7142409449513232,0.09680061451025751,0.3292076279023082,0.18693871485758387,-0.978724677689151,0.07126305966388488,0.04553568377634357
63.21963882446289,0.7156629080418002,0.09976829490123822,0.329088777231478,0.18903865671086442,-0.9783266046472835,0.07197463677907451,0.044284224830272875
63.244638442993164,0.7170285368514262,0.10286041512353171,0.3288789740609217,0.1912702786932207,-0.9779181277916865,0.07275650216458024,0.04240645254866327
63.264641761779785,0.7179879632657343,0.10533227635856257,0.32857147802845116,0.1930553985021421,-0.9775793819270288,0.0733948664260601,0.04100437443412396
63.284647941589355,0.7188587890230553,0.1078475618355094,0.32836288173664263,0.19484344916292437,-0.9772373806721105,0.0739884969845384,0.03960851485844315
63.309566259384155,0.7197945736504381,0.1109135956666282,0.32803130441201855,0.19699717182581944,-0.9768166121181031,0.07467856141715926,0.03800701313605577
63.32958984375,0.7204160311587708,0.11332385871249326,0.32775315292582036,0.19866779158766323,-0.9764825926119997,0.07518474769808499,0.03687965055504
63.35454225540161,0.7210219049590748,0.11638877863684949,0.3273352991919435,0.20076731828385794,-0.9760525884761649,0.07576728373925991,0.03568118765885465
63.374552488327026,0.7213893958887101,0.11887828810001158,0.32699841816443587,0.20246982191966528,-0.9756978807259421,0.07622817536551627,0.034768980990245474
63.39961576461792,0.7216663243605235,0.12188844996566292,0.32652375275566614,0.20450515582125436,-0.9752598153630607,0.07677460521721977,0.0339351406998729
63.419692039489746,0.7217393296209476,0.12419347938873225,0.3261079510151025,0.20603573596276134,-0.9749189803727696,0.07717691206145103,0.03355564721619129
63.444576025009155,0.7216796123185428,0.12710109296593936,0.3255929331737415,0.20794064583917415,-0.9744918791424722,0.07760565214782533,0.033220897760419296
63.469566822052,0.7214382731473336,0.1301549780342112,0.32504022032461644,0.2099150513578761,-0.9740450925340071,0.07797285340938191,0.03304637733766835
63.49454736709595,0.7210364518548198,0.1332430956630134,0.32436527307942264,0.21190209246441455,-0.9735827097786072,0.07834198845992837,0.033117114510928636
63.519609212875366,0.7205401174345908,0.13640128344570127,0.32357840115385567,0.21393075037598916,-0.9731042344769625,0.07868508581319884,0.03332326750517495
63.54457426071167,0.7199918353413326,0.13959471767000142,0.3227339621599261,0.21595745363642735,-0.972623849196807,0.07897033465428502,0.03359929220969182
63.56958866119385,0.7194275303587075,0.14287507878553954,0.32190697543599295,0.21785745787298486,-0.9722043995785568,0.07883728928351523,0.03378483842857169
63.58960437774658,0.7189689394790655,0.1455267282014405,0.32123356270467796,0.21919707060155433,-0.9719410375470744,0.07833128398264215,0.03387438149040159
63.6145875453949,0.7184187348989406,0.14883674490787385,0.32046862851963576,0.22061499286851047,-0.9717161447929444,0.07714583642867967,0.03384196790794437
63.63460826873779,0.7179639463521693,0.15152936299672604,0.3198683187311462,0.2216182829879842,-0.971592426165424,0.07585131892193502,0.03376494456264728
63.65471053123474,0.7175109945180065,0.15415802967782385,0.3192445728041384,0.22249078836304817,-0.9715112152658429,0.0743553862208487,0.03369101135834272
63.679574728012085,0.7169988033168075,0.1572412782083291,0.31854777571575005,0.22335366086498284,-0.9714737557038023,0.07230715108664196,0.03351954741074756
63.699612617492676,0.7166397434313383,0.1596116123547242,0.3180599047236061,0.2239177690105353,-0.9714829691727186,0.07052098701355676,0.03329359877512017
63.724573612213135,0.7162405577326466,0.16256222277353727,0.3174668926971058,0.22454695479355338,-0.9715222056344957,0.0681168143595216,0.0329145659786786
63.74960684776306,0.7158733612966743,0.16560988809244997,0.31692226918296346,0.22520552151635456,-0.9715578839508253,0.06562172982246628,0.03242745420989314
63.774550914764404,0.7155567683677883,0.16857504078320237,0.3164681012025412,0.22582092873866944,-0.9715976470575628,0.06315991823716056,0.03183936406653189
63.79952669143677,0.7152621995090012,0.1714509167433058,0.3160447619386535,0.22642010485034775,-0.9716296206694685,0.06078048968382962,0.031233770682041903
63.8195366859436,0.7150441965336062,0.17362030044450788,0.31569476963423243,0.22682693961041792,-0.971663021084566,0.058929910827461136,0.030786011981778792
63.84453773498535,0.7148192946014484,0.17607213650124137,0.31528014740436355,0.22720713478265298,-0.9717223819303237,0.056728251437307524,0.03023964034630516
63.869531869888306,0.7145958067406686,0.17844070712138024,0.31486495526703284,0.22759942944806594,-0.9717654530822383,0.054650812389555645,0.029726967822422422
63.88954162597656,0.7143707187974873,0.18031866200202487,0.3144533704433692,0.22793454772206162,-0.9717838287955403,0.05306308236546708,0.02943367690639288
63.90960478782654,0.7141318312204525,0.18203975309301093,0.31402078104099296,0.22817679269007818,-0.9718162856844377,0.05152356184612858,0.02921952653615976
63.93452501296997,0.7138438110540904,0.18394632783033138,0.31339978675559144,0.22838102242197256,-0.9718647370502702,0.04975454947900648,0.02907793461912932
63.95453405380249,0.7135674386019484,0.18545834792691984,0.31283909842717234,0.22859309094043792,-0.971881685237358,0.04843427288724651,0.029074213392814637
63.974647521972656,0.7132617279233767,0.18699557625559887,0.31226742878495445,0.22883482660325538,-0.9718858734554965,0.04717920537672718,0.02909628311649382
63.99956727027893,0.7129227476742341,0.18878253357752953,0.3115439319847002,0.22900540922347187,-0.9719235331046134,0.04552676719400185,0.0291287111411418
64.01959562301636,0.7127079445362262,0.1900680963870217,0.31102457288693214,0.22900854611641078,-0.9719876818986944,0.04414490940260974,0.02909053139051436
64.0446617603302,0.7124711589246554,0.19157620683585777,0.3104479034429667,0.22893638633388577,-0.972084740652892,0.04241478062325999,0.02898921156219097
64.06954908370972,0.712289503966916,0.192884426116701,0.3101741876187941,0.22866825109129835,-0.972235847199311,0.04055123428251636,0.028703410276627556
64.08962059020996,0.712223493025996,0.19367878164448904,0.3101609107349279,0.2282783112948054,-0.9724015655597869,0.03899677862463842,0.028345354932777213
64.1145532131195,0.7121664168295716,0.19454533349680286,0.31030214680831314,0.22775405795143172,-0.9726132542048354,0.037110238432204,0.027827630787324822
64.13455605506897,0.7121271835226654,0.1952581015224327,0.3105461986237931,0.22739687742964204,-0.9727644648381089,0.035677683612272366,0.027332379615591946
64.15458154678345,0.7121129849383037,0.1959930807937436,0.3109586482468749,0.22709765748201563,-0.972900246933023,0.034330106149320354,0.026705941207731322
64.17953181266785,0.7121331412445217,0.19681503106896694,0.31160051489684515,0.226708797393682,-0.9730690341426679,0.032739732756808415,0.025843488076002792
64.19961953163147,0.712159147106834,0.19733073143525087,0.3121250200350469,0.22636088088578468,-0.9732042424026622,0.03161005372865728,0.02520037057683938
64.22458839416504,0.7121785319896308,0.19799139819752323,0.3128612507787532,0.2260358565466675,-0.9733403897813642,0.03036411726366964,0.024378218931671906
64.24460744857788,0.7121407126631363,0.19872516603315535,0.3135627056353928,0.22595943002364283,-0.9734043308390975,0.029440307170796907,0.023656140870618604
64.26462578773499,0.7120922367830509,0.19955135606672775,0.3143110218763527,0.2259310353402991,-0.9734583466432373,0.02846731347675697,0.022882890641424847
64.28952884674072,0.712004146781784,0.20061229146259693,0.31522166474766944,0.225853813228771,-0.9735358471130583,0.02714105571440453,0.021940203520813908
64.30953240394592,0.7119137312237238,0.20142495740435198,0.3158958245632781,0.22572870370006812,-0.9736105122264528,0.026010685786627942,0.021273622943947895
64.33453702926636,0.711779713445427,0.20243762877990754,0.31671730606823223,0.22562142416522682,-0.9736857310243153,0.024705998985393017,0.02051057706600559
64.35953879356384,0.7115432615551487,0.20349764956501168,0.31740855340549906,0.22565339480391708,-0.9737161289951739,0.023663354769730242,0.019937181064089655
64.37961959838867,0.7112920224835034,0.2042921504394765,0.31785986639317093,0.22567243845297036,-0.9737359328696522,0.022928070715583587,0.019610893259482502
64.40466618537903,0.7108226954213795,0.20522036350538436,0.31815650481919233,0.22562516983876785,-0.9737695875293365,0.021996294754948457,0.01955086073249985
64.42466902732849,0.7102887720304674,0.20587465550024658,0.318201504134204,0.2255306492859284,-0.9738008068027492,0.021322381622403137,0.019831060107660406
64.44472455978394,0.7096305115595898,0.20645336931051597,0.3180858871823294,0.22542383131551957,-0.973825504286531,0.02080712093267602,0.02037270710770337
64.46959233283997,0.7086174600189342,0.20706755356246595,0.31767005745598575,0.22531065261986413,-0.9738364452404469,0.020442832896262884,0.021442442047863622
64.48961853981018,0.7076673371059696,0.20739946657625444,0.31708028038014285,0.22513659685524287,-0.9738526452150141,0.020287076313449937,0.022648900615886404
64.51464438438416,0.7062632762402178,0.207691810923094,0.3161200854629177,0.22487835129182213,-0.973866000512635,0.020262256889393097,0.0245800958477368
64.5396158695221,0.7046214735541234,0.20794301210143434,0.3149983403642357,0.22462498291499627,-0.9738612808939435,0.020393249818709193,0.026868903733343042
64.564537525177,0.7027605574332766,0.20823388169497378,0.31377744162054316,0.2243868318473387,-0.9738395031207467,0.020563648555706308,0.029399119258357097
64.58453941345215,0.7011504455162199,0.20839834249753167,0.31274377722672236,0.22411973145329495,-0.9738298487249384,0.020688358926009495,0.031587394807327994
64.60954308509827,0.699052237227501,0.20850854106128128,0.3114054370186691,0.22372544315692744,-0.9738229084861276,0.02090641820602393,0.03433352107737456
64.62963509559631,0.6972900616339688,0.20853242072569592,0.3103743546653849,0.22336823769548222,-0.9738209647999273,0.021105684248179834,0.03652271892057929
64.6546368598938,0.6950008949259923,0.2086138163568331,0.309150514059638,0.22292493398323074,-0.9738204898516052,0.021311841201933093,0.03903758161407386
64.67951893806458,0.6926898609471205,0.2088515051108618,0.3081147401000234,0.22256851678517817,-0.9738154399065679,0.021458285487561266,0.04106441670855154
64.6996717453003,0.6908168424320773,0.2091102716175345,0.3073458376682352,0.22232817134920405,-0.9738062984389404,0.021567002942850654,0.04250107915390093
64.72458267211914,0.6885125795396295,0.20955310553915502,0.30673316873493367,0.22213458026124308,-0.9737895099607904,0.021727595893436098,0.043796462404892086
64.74463725090027,0.6867073571628568,0.2098834518546288,0.3063702006119501,0.2219793060137178,-0.9737929383793971,0.021889168275501695,0.04442257507506374
64.76467514038086,0.6850008574638103,0.21020436766738357,0.3062205252241409,0.22181970058674408,-0.9738233675505672,0.022044465090162068,0.044475957582737896
64.78963208198547,0.6829292776839656,0.21042320909402432,0.3061182258202706,0.22148367445645217,-0.9739098460283724,0.022216605564589032,0.04417030898087354
64.81453561782837,0.6808485215099102,0.21066104332490984,0.3062210972963528,0.22120921671052846,-0.9739937897295231,0.02232188245870184,0.04363844147274291
64.83953309059143,0.6786223955584455,0.21086815751690316,0.3062792700216658,0.22100039098303295,-0.9740545820210721,0.022400306468814128,0.04329809117199103
64.86453819274902,0.6763689859781986,0.21097815601642433,0.3064562186070895,0.22070883776386027,-0.9741341440310176,0.022465578636708634,0.042960169254623155
64.88463616371155,0.6744832237715193,0.21102868185984228,0.3065762921329772,0.22037806055087877,-0.9742109902423666,0.022471768862968592,0.042912428538457344
64.90955924987793,0.6720766152820453,0.2111621217835882,0.306886662810403,0.2200509732303422,-0.9742852571084191,0.02243041960189325,0.0429264864395856
64.92958664894104,0.6700287490347825,0.21126823233707762,0.3070768005997949,0.21977069257520734,-0.9743369491449918,0.02238662277133081,0.0432110094387476
64.94959712028503,0.6680091418239248,0.21134964835269482,0.3074512900780388,0.21947497519726936,-0.9743996459320854,0.022333757881697294,0.043327456981615435
64.96961283683777,0.6659288989749201,0.2113712671316143,0.30780000570614796,0.2191154186894449,-0.9744739404605627,0.022247248680091616,0.043520484625988495
64.98962688446045,0.6638415058678648,0.21145986535888975,0.30832565104384735,0.21881244612903256,-0.974540847239329,0.02210535779950885,0.043618844982500876
65.01467084884644,0.6611064438052418,0.21148676093333596,0.3089145276628407,0.21840710303171457,-0.9746164164380554,0.021923498643948096,0.04405154210727359
65.0395724773407,0.6583653530589479,0.21154366909815303,0.30965623801712644,0.21805007383381397,-0.9746911483011513,0.021753713618500065,0.04425049907247263
65.05960035324097,0.6561318538474686,0.21153640769080953,0.3102639723840038,0.21774966950393967,-0.9747548739006696,0.02162935431055595,0.04438680288089411
65.07965230941772,0.6538712699335624,0.21158447398230798,0.31094522100912414,0.21750871698455587,-0.9748097354692429,0.021455663378301303,0.0444476341242426
65.10457944869995,0.650967059467509,0.21165800189083556,0.3117511029417188,0.21732401975947083,-0.9748484650382985,0.02121505889680257,0.044616834536060176
65.12953209877014,0.6480867870759793,0.21166791983731031,0.31269972019252473,0.21704214247872974,-0.9749218798145216,0.020949920310264217,0.04450997063792155
65.14963579177856,0.6458434188851122,0.2116385412161,0.3134494502254944,0.2167323626503383,-0.9750108410633819,0.02077759230335568,0.044150135298861574
65.16966009140015,0.6435988747041818,0.21150168820126652,0.3141312582421185,0.2163506392556292,-0.9751191306261968,0.020631558436563988,0.04369691953681865
65.19459080696106,0.6408459385405507,0.21121027949874213,0.31505370532580873,0.21578357297336948,-0.9752835778186393,0.020478660915724672,0.04289541839391219
65.21955919265747,0.6379823054060297,0.2107891585142037,0.3157750631629169,0.21516494756973667,-0.9754469050546145,0.02034950832320923,0.04234711640395021
65.24466919898987,0.6351014566982162,0.2103945502258362,0.31642967601241145,0.21459331671226414,-0.9756030625005443,0.020231455275894743,0.0417020512615578
65.2695300579071,0.6322612413227969,0.2100216439337416,0.31703715794552756,0.21406711682059404,-0.9757567240361185,0.02009190058565035,0.04087053370371551
65.28955459594727,0.6299365553635697,0.20954206448275225,0.317384367754723,0.2136056829720357,-0.9758754316069675,0.019999298851389173,0.04049422469270607
65.30956149101257,0.627633477418347,0.20899399421702416,0.3177562491594277,0.21314737056420588,-0.9759922694349212,0.019914072949920866,0.04013375292022673
65.33451771736145,0.6247942464172052,0.20812305305369994,0.31810464611483946,0.21227192606092257,-0.9762051139159742,0.01987999477758509,0.03961048823909279
65.35457921028137,0.6226156564556715,0.20735912584892394,0.3184208658686899,0.21149457430315,-0.9763994676415325,0.019886634632469112,0.03896981386506188
65.37954235076904,0.6199197691367145,0.20626959352683516,0.31866897993767623,0.21044887099171392,-0.976652872339628,0.019948047172791795,0.03824284329457293
65.3995532989502,0.6177931992165873,0.20529683293378795,0.3188921918813442,0.20954243474800996,-0.9768675337438923,0.020008419517157833,0.03770215783425009
65.42455101013184,0.615194721661513,0.20402868746624944,0.3192379630099601,0.20837282539776128,-0.9771416880662244,0.020026133082755762,0.03706536216835059
65.44455552101135,0.6131179508824355,0.20295571750662408,0.3194642066051889,0.20738388901898944,-0.97736522666184,0.019985336650804222,0.03673857110171466
65.46952939033508,0.610615272807474,0.20155106023310224,0.3198228554027741,0.2061611026110359,-0.9776379641332311,0.019890782769043013,0.03641383825427524
65.48956060409546,0.6085732614896839,0.20036309327394364,0.32008131371422077,0.20521511688743885,-0.9778354348380345,0.01978005011488152,0.0365153090277469
65.51455616950989,0.606049786547285,0.19885992548285125,0.32059133774629145,0.20396345092462098,-0.9780852954248042,0.019596106515605685,0.03693315813760533
65.53458952903748,0.6039842826881543,0.19754470854925954,0.3209035280501889,0.20274364561534017,-0.9783109820597856,0.0194355695940287,0.037747783753056936
65.55957651138306,0.6015695670156871,0.19580194077388816,0.32142224940785646,0.20109503374092189,-0.9786179156118184,0.01920214965637333,0.038717439182695754
65.58456206321716,0.5992142085399657,0.1939226106638869,0.3218863320813495,0.1993140453962587,-0.978941992604762,0.018940007657310708,0.03984673804385426
65.60457348823547,0.5974509413658106,0.19231544220874733,0.32235751560549164,0.1977961835784618,-0.9792172889989955,0.018692595528195577,0.04075239329868026
65.62459063529968,0.5957246303325131,0.1906415753861696,0.32277454807607725,0.19622335691845555,-0.9794918050648705,0.01841518851255799,0.041869784360318525
65.64953708648682,0.5936740370882746,0.1885465754631823,0.3233327190770366,0.19423602367779708,-0.9798297005562758,0.01804800454017141,0.04336351629863147
65.66959547996521,0.5920813580579454,0.1868589021897787,0.3238223926553727,0.1926262470639556,-0.9800973690823026,0.01777610663218837,0.04459020176008182
65.68962049484253,0.5904856491476922,0.18506063035310336,0.3242417637609925,0.1909274337291868,-0.9803733367383568,0.01761442095861517,0.04587556905794603
65.71467113494873,0.5885861436590807,0.18270231827146907,0.32476157906867315,0.18868271512707274,-0.9807354079097004,0.017570398369775538,0.04741491100469763
65.73954224586487,0.5867552887053816,0.18014760587925466,0.325164129385845,0.18623108318953066,-0.9811233431185935,0.017742242385563628,0.04899165313627243
65.75958180427551,0.5853729410280173,0.1779753968417372,0.32547658950624747,0.18411439414285857,-0.9814566161984948,0.018026199678469475,0.05019817242446489
65.78457760810852,0.583720327500941,0.1751268028837145,0.325915244508583,0.18128495948296713,-0.9819009160590184,0.018498723434260688,0.051615421523275924
65.80952095985413,0.5821463349873798,0.17209132243420883,0.32632357303961174,0.1781967326097543,-0.9823793395294447,0.019169734225570292,0.05300263241237645
65.82958197593689,0.5809939782592772,0.16959274840931127,0.3266910190544403,0.175594915938708,-0.9827803519735332,0.01983846452130626,0.0539966720890019
65.85451221466064,0.5796485836435535,0.16639410120809833,0.32717508629104114,0.17239340683975796,-0.9832621201982997,0.020847605283340034,0.05514973812528331
65.8745424747467,0.578614906931195,0.16386117497259117,0.3275661917189473,0.1701372250431712,-0.9835837635678265,0.021792159822253743,0.056048251271895805
65.89951515197754,0.5773753174785096,0.16084910733663355,0.32800156386838036,0.16756676516708888,-0.9839334188841801,0.02300116111559946,0.057160764529991887
65.91955184936523,0.5764140448719963,0.1583928907383479,0.32830024515572875,0.1654902320988973,-0.9842051011124018,0.02410553973206451,0.05807086169854654
65.94452548027039,0.5752950946264948,0.15530785458042443,0.3286552242831024,0.16287150589591917,-0.9845367821986357,0.02568352580915556,0.05916547614256974
65.9645938873291,0.5745025288710077,0.15284996229440564,0.3289743416995333,0.16072772987751008,-0.9848043550670114,0.027105273768816697,0.05993565903014953
65.98958468437195,0.5736193630686616,0.14970481178890777,0.3293962023402821,0.1578292983057351,-0.9851618265789328,0.029113837733657433,0.06081506803715268
66.014564037323,0.5728387711674348,0.1465464542238177,0.32972195832560874,0.15519787937274737,-0.9854562425016291,0.03132822707192111,0.06171024664739573
66.03962063789368,0.5721847669624589,0.14334437823524243,0.32999248981184665,0.152596789644061,-0.985727940596021,0.03377079941034556,0.06256340804194152
66.06453800201416,0.5716358608886133,0.14008913000895645,0.3302073723684712,0.14998930937222874,-0.9859858828010308,0.03633381447287404,0.06336323789814947
66.08953428268433,0.5711961130208163,0.13677278506650659,0.3304171375433582,0.14738825881137219,-0.9862349937915086,0.03889084351703932,0.06406824858029873
66.10957717895508,0.5709443076176163,0.13412544769855125,0.33056978836035544,0.14533022854661717,-0.9864284429202732,0.04093493910936051,0.06451652833654083
66.13454985618591,0.5708076953133794,0.13085905102573353,0.3307782224624226,0.14271188571101048,-0.9866819629018369,0.0434918090400813,0.06481114338900869
66.15955805778503,0.570860872857001,0.12763441069889891,0.3310565676677997,0.13997347075115646,-0.9869625283119938,0.0459614869609145,0.06480692023380613
66.17956852912903,0.5710123360643795,0.1250364078924299,0.33132110135792076,0.1376605276554676,-0.9872018679725709,0.047907477489846,0.06470644942843887
66.19957160949707,0.5712444516968042,0.12248733530873436,0.3315728301514209,0.13537051427048724,-0.9874327814846993,0.04986791920744552,0.06453306555110624
66.2195827960968,0.5716118722272445,0.12007628487336651,0.3319034045304528,0.1331905724940975,-0.9876532386364082,0.05179160625202456,0.0641792889610174
66.24455451965332,0.572258450951761,0.11732092188161974,0.3323068199752709,0.13071443632302593,-0.987886628229272,0.054174042598369394,0.06370964613919648
66.26951050758362,0.5729875097732683,0.11480545526389258,0.332710344096118,0.1283576169267124,-0.9881109765257167,0.05634285421837223,0.06313876008286143
66.28952097892761,0.5735553380377734,0.11284292982627303,0.3330609223419355,0.12650805338625648,-0.9882829236415469,0.0580179642594515,0.06266171949560531
66.30960536003113,0.5741084503509597,0.11093312881058341,0.3333940347610031,0.12472094518355464,-0.9884399822687943,0.05967836712146152,0.06220594652205015
66.33450627326965,0.5747846585028191,0.10864206924452886,0.33379444734808494,0.12258585592004873,-0.9886180790556651,0.06169288424076233,0.06165216725066035
66.35452222824097,0.5752827361468245,0.10681859371274935,0.3340891288104246,0.12089182583985965,-0.9887514793643937,0.06326912805272085,0.061259251833963684
66.37452745437622,0.5757504456216145,0.10496166308715449,0.3343822221475167,0.11918599993829392,-0.988879062763703,0.06484538793827085,0.060893122020670966
66.39952492713928,0.57632910357625,0.10265419159745495,0.33474837671391516,0.11708047340393564,-0.9890279819203247,0.06680945068911268,0.060434353018072436
66.4195282459259,0.5768127342266557,0.10086045219058476,0.3350529982155288,0.11542006255930734,-0.9891428322720267,0.06834469128474575,0.06003057301810586
66.43966627120972,0.5773139762466253,0.09904622029966004,0.3353712127260397,0.1137210511027213,-0.9892572341085366,0.06988991035730899,0.05960744693648001
66.45973205566406,0.5777976331657123,0.09719738965380481,0.3356909700582287,0.11198328523048297,-0.9893690215738138,0.07144524679607424,0.05919678782943962
66.48451805114746,0.5783609381473059,0.09496614505056844,0.33604740128343386,0.10991223470072577,-0.9894888686264738,0.07335448999823345,0.05873838884810029
66.50456881523132,0.5788208104829209,0.0933815389210581,0.3363125850863903,0.10844103890940308,-0.9895689134017781,0.07476391663268339,0.05834606652356706
66.52462244033813,0.5793358414523254,0.09192860680770748,0.33663199424282086,0.10709318647321864,-0.9896428692378126,0.0760948182692333,0.057858615696717804
66.54472756385803,0.5799158134264026,0.09057397065658643,0.33695691833122426,0.10583618709279649,-0.989710888304206,0.07737657548676233,0.057305537600938414
66.56954169273376,0.5807000592249942,0.08906935620168206,0.33740654523553965,0.10444091634076663,-0.9897891103811468,0.07884593045817169,0.05650602812916829
66.59451746940613,0.5815099613247854,0.0877731806454925,0.3378796863246999,0.10333513385320911,-0.9898483855480894,0.08016185638024438,0.05564261425396355
66.61457872390747,0.5821906696708714,0.08696323234608337,0.33819442809009137,0.10273715624892477,-0.9898695293466737,0.08113051132038324,0.054965732322961765
66.6395468711853,0.5830208497165666,0.08616301861201306,0.33849843668134855,0.10202172109806835,-0.9899009952539046,0.08218057903415778,0.054165860550121396
66.6597204208374,0.5836729987384142,0.08567063346711636,0.3387094417771337,0.10152411033180023,-0.9899316274653069,0.08284400842592794,0.05352661238269496
66.68464016914368,0.5844886891408957,0.08528156582497141,0.3389005187040491,0.1006436327773312,-0.9900607244448147,0.08297470587571312,0.0525910570158092
66.70951247215271,0.5853103214543537,0.08506923522905586,0.33904088125911275,0.09924755409369486,-0.9903312850373558,0.08214945513889112,0.05143282903949121
66.7295172214508,0.5859489472970817,0.08492552396573239,0.3391184185010111,0.0977296178401527,-0.9906343599870968,0.08095110586233126,0.050392510053112544
66.7495596408844,0.5865805160676479,0.0848055504568111,0.339202014392462,0.09590487407211208,-0.9910022535390006,0.07933115988898702,0.04922759064191511
66.7745213508606,0.5873918879154175,0.08469715128474647,0.33929119394842694,0.09340127370099953,-0.991513286957763,0.07686774182785322,0.04763353990116562
66.79456901550293,0.5880319879923308,0.08455506857548087,0.3393322217144907,0.09131961091509369,-0.991931423111601,0.07474167446359227,0.04632993205854323
66.81460452079773,0.5886949412279502,0.08432223881059689,0.33944951357413566,0.0890463675706301,-0.9923606788574456,0.0726070972526333,0.04493592002742229
66.83950090408325,0.5895868436111824,0.08393573604658588,0.3396966263142745,0.08618323125545471,-0.9928818434704109,0.0700123719955868,0.043085534982847694
66.85960459709167,0.5903634072072547,0.08352770038716997,0.33997668349276117,0.08393325041300799,-0.9932714621206002,0.06813790812195145,0.04152393874238291
66.87961173057556,0.5911814967058147,0.08305574002137663,0.3403282626504667,0.08160705267522128,-0.9936426081775627,0.06649718925810585,0.03990964781158475
66.90452361106873,0.5922117715911503,0.08228399317057297,0.3407936457723545,0.0788291908433434,-0.9940533932923493,0.0648305084700525,0.03795807063675312
66.92452907562256,0.5930754255915832,0.08157779023359767,0.34126591273200074,0.07671845343033856,-0.9943465628708347,0.06378121075605155,0.036347612916118835
66.94951748847961,0.5942519680360604,0.08070784592844947,0.34201274352120314,0.07427034318656338,-0.9946657306712423,0.06287133304549801,0.03422273852735455
66.9695394039154,0.5952304773333038,0.07995584472601283,0.3426893520994635,0.07242324831151843,-0.9948807742772008,0.06252453160031193,0.03252385318188578
66.98958086967468,0.596179200670285,0.07913036531346938,0.3433562214336131,0.07068303463519018,-0.9950590154754588,0.06248822353688705,0.030930345211791554
67.01455593109131,0.5973563567393108,0.07798956470081829,0.3442252061236323,0.06864713295702317,-0.995239529402019,0.06280477407985892,0.02900707853538884
67.03962707519531,0.5985934022634288,0.07683432163932671,0.3451580892057323,0.06692363735509689,-0.9953634830879335,0.06354504556909145,0.027107019053946444
67.06457543373108,0.5998502233352182,0.07563910776135942,0.3461449106997867,0.06551916693255959,-0.9954277094347328,0.06474082381771105,0.025289123857213103
67.08952212333679,0.6009959832258053,0.07426004795126989,0.3470701014117326,0.06419795130239464,-0.9954464585058546,0.06635038965430629,0.023719129183456904
67.11449861526489,0.6020590291588229,0.0727634969027377,0.347730254471915,0.06297812294136976,-0.9954154381056802,0.06838126373245283,0.022491429077500118
67.13459062576294,0.6029880878999223,0.07155751114495577,0.34806408956066015,0.062075473751732585,-0.9953607479454862,0.0702543682070646,0.021631938317986318
67.15953469276428,0.6041801116528199,0.07002230802896205,0.34813787249966116,0.060929653945874365,-0.99526549461761,0.07279675024844381,0.020851993832811125
67.17956519126892,0.6051440845574804,0.06867031877058831,0.34799035060706524,0.05989435840099383,-0.9951727963755084,0.07502153644399037,0.020384804529793348
67.20452523231506,0.6064115814315071,0.0669657126365938,0.34752079546666925,0.058630593140826956,-0.9950212827926438,0.0780555294232749,0.020060774266926987
67.22455072402954,0.607523955754772,0.06575778493547639,0.3469908460708287,0.05779761718960243,-0.994870412313609,0.080554601822062,0.020081192089181438
67.24963593482971,0.6088679357684157,0.06438325211363936,0.34612853661809306,0.056800475571843645,-0.9946601114051221,0.08353659929083083,0.021133038901661436
67.27451753616333,0.6101271930232307,0.06301697075393882,0.3450693197059132,0.05565897570349868,-0.9944303472594472,0.08644480289074705,0.023187473481240343
67.29957127571106,0.611455824007797,0.061759357131003084,0.34403513497798655,0.05440058115051472,-0.9941934810802222,0.08924249497026053,0.02560617190602638
67.32463574409485,0.6129019227519622,0.06066263263715075,0.3431428688703825,0.05293459352820566,-0.9939898407612031,0.09165084557889464,0.02796869278825475
67.34954524040222,0.6144138866388779,0.059749975670942174,0.3423842975260753,0.0510361810330221,-0.9938676033521473,0.0933674100960414,0.03008358297235701
67.36954689025879,0.6157331605746168,0.05919719727045773,0.34189068789593574,0.0491722107057438,-0.9938503578502371,0.09414851413490147,0.031298836747056684
67.38963031768799,0.6172086688785086,0.058833826035112065,0.34143189970795346,0.04733609815398225,-0.9938854028948633,0.09449229582331377,0.03197351645339498
67.41454744338989,0.6191556385251582,0.05843711283007503,0.34087277635998836,0.04450140507000896,-0.9940132676474392,0.09446710372329337,0.03214366192255462
67.43951296806335,0.6209826765579848,0.057782569404111736,0.3402894516533058,0.04112881332585685,-0.9941896249570549,0.0942014372888795,0.03196090666527618
67.45955753326416,0.6223401746346889,0.057057895079401025,0.3397329277570945,0.03811135471595685,-0.9943326948231094,0.09405050549469014,0.03169414872846371
67.47962212562561,0.6236331745482006,0.05610858724428037,0.3392207414404996,0.035125524361233736,-0.9944445014944869,0.09412889108401006,0.03140195613233624
67.50456213951111,0.6250364895984192,0.054732346430511114,0.3382448875106312,0.03134618763029079,-0.9945247197620978,0.09463771344700886,0.0313321160585271
67.5295660495758,0.6263292693676792,0.05326622616407537,0.33699652275638725,0.028050986933980643,-0.9945176108604004,0.09569773345731174,0.03146120836242954
67.5545220375061,0.6276068301144614,0.05162845947294052,0.3357618098364898,0.024993365521908093,-0.994429299273492,0.09739860704416087,0.03161031116880845
67.57950186729431,0.6289889912878772,0.05012440255068808,0.33472963974175834,0.022527295994390795,-0.9942716106996986,0.09947875516105724,0.03194467660590448
67.59963893890381,0.6301794760992889,0.049032188591918935,0.33396823246571083,0.021003203642024897,-0.9940972045900319,0.10139750758075691,0.032375279448467124
67.6246190071106,0.6317276489508356,0.04779073295691932,0.3328814026023521,0.019586072465915927,-0.9938181118118261,0.10421168999606342,0.03289179332775299
67.64957880973816,0.6333938025656719,0.04671918562129659,0.331664494776289,0.018720691737262818,-0.9934690630600109,0.10751588418390458,0.03330301925786986
67.6696343421936,0.6348278698785431,0.045924785575876745,0.33073947269348036,0.018280859823576065,-0.9931483100288991,0.11041781066906077,0.03361772654316636
67.69451189041138,0.6366364197471247,0.04502574629049719,0.3296465079002947,0.017905615870096793,-0.9927120001820153,0.1141425269713408,0.034260139397268456
67.71455192565918,0.638097277500171,0.044377440362203716,0.32877864280742974,0.0177266332358999,-0.9923355111964287,0.11718083441967377,0.03499502446667723
67.73949694633484,0.6400225786505968,0.04362748051328805,0.3279500137315354,0.017660004205952665,-0.9918218254877775,0.12115169600705741,0.036053533699890734
67.7595272064209,0.6415647853436152,0.04313964501818254,0.3272662289810103,0.01769691519903438,-0.9913877653285661,0.12430996953644226,0.0372041586818517
67.78451585769653,0.6434548267899272,0.04260848469875671,0.3263647298629878,0.017783751168756145,-0.9908227036083365,0.12821073409671624,0.03893733261231092
67.80464601516724,0.6449703663649967,0.042215396865550835,0.32582551905037094,0.01789189718306122,-0.9903471253668862,0.13137944550009845,0.04039669037097088
67.8295783996582,0.6470251649183311,0.042020206156214,0.32517561279680784,0.018406247516925957,-0.9897365725952436,0.13540199418339224,0.04182136883050687
67.85451126098633,0.6495314849443568,0.04216160733814081,0.3250451028767033,0.019391514742478265,-0.9891361067688137,0.13947800520963444,0.04218551297565721
67.87459945678711,0.6514752983439756,0.0422842837220798,0.3247938674076697,0.020149514310317945,-0.9886512086682429,0.1426528600359309,0.04257870589235939
67.89958000183105,0.6538507887098332,0.04253835496381489,0.3243510658651098,0.020928614798139178,-0.9881060507822181,0.14616808484287167,0.04293386150351525
67.92456579208374,0.6563489455459977,0.04286262247636755,0.3241836958195222,0.02137842022440819,-0.9876996621310378,0.14900923078750705,0.04229172159083101
67.94949650764465,0.6589364083246899,0.04349873577757277,0.3239666526484175,0.02166664896185284,-0.987476139105378,0.15087515995202927,0.04071998440213262
67.96958494186401,0.6609258279301014,0.044182575894705985,0.3236481761621293,0.021671016704992732,-0.9874337860947768,0.1515228217718116,0.03931564060060672
67.99455618858337,0.6634329797125589,0.045283335396729796,0.3234270913104056,0.021515030402661943,-0.987526028094817,0.15146125005251312,0.03726844556020679
68.01463270187378,0.6654529418999439,0.04646511379409178,0.3231869436386394,0.021440582517810468,-0.9877051203227464,0.15072574610036216,0.03550557944658633
68.03951978683472,0.6679533371030095,0.0483188778619069,0.3227319716509591,0.021364163237953163,-0.9880748558660392,0.14880283955897336,0.033307156491328364
68.0645022392273,0.6703535245831441,0.05041127115704108,0.3222605537975335,0.021133971222178357,-0.9885788821193104,0.1459216895856765,0.03117706843921617
68.08455801010132,0.6722547736907208,0.05224722999129561,0.3218540226677555,0.020930941260340077,-0.9890514043084767,0.14309887174911803,0.029358614362646824
68.109534740448,0.6746422620529849,0.054724125180218686,0.3213818104216759,0.020740573106619108,-0.9896930794158615,0.13911821083633952,0.02689908171948517
68.12956500053406,0.6764339265125645,0.05681648809346222,0.3208930480069293,0.02058391178668911,-0.9902359320642741,0.1355478775090796,0.025216548673694706
68.15450191497803,0.6785458945888749,0.059583932207224855,0.32027294338955337,0.020429311097488106,-0.9909365902821751,0.13064867498302726,0.023627124521476462
68.17454671859741,0.6801044804406546,0.061762506301184406,0.3197655847773079,0.020281796023731844,-0.9914805224831028,0.12663126774272038,0.022793514787191074
68.19957876205444,0.6819736356694983,0.06452587683320317,0.3192546299308362,0.02019173826305885,-0.9921278712382695,0.12159419217414777,0.022123138288940396
68.22452902793884,0.6837395627214788,0.06738867239704054,0.3187878775767689,0.02029844567502793,-0.9927344240738583,0.11654327442767493,0.022000035176230524
68.24952960014343,0.6853363463867161,0.07020871778671602,0.3182937486448782,0.020480837199783018,-0.9932919353853717,0.11156558331929849,0.022467465914780046
68.26957726478577,0.686567146281202,0.0724214431507022,0.31796750087997133,0.020738479228001747,-0.9936912739072533,0.10779020794663069,0.02299649344588939
68.2945122718811,0.688148107621954,0.07514803184066655,0.31757292284491667,0.02135025259416294,-0.9941111048644786,0.10360205623299241,0.023534906915082008
68.3195104598999,0.6898120650542907,0.07775401251322174,0.3173232603675546,0.022281288375773315,-0.994427771068185,0.10028085296292302,0.023679164793491185
68.34451580047607,0.6913374982476815,0.07985517012651247,0.31707220513118856,0.023138687091408917,-0.9946270192314381,0.09803819986380204,0.023878968615510008
68.36950969696045,0.6928076223547348,0.08130248929811162,0.3170740903986715,0.023844006651185037,-0.9947021794891168,0.09717597115659833,0.023576855087197573
68.39451265335083,0.6942019184015022,0.08243770455362151,0.31702412013584236,0.024625029542212986,-0.9946782246761052,0.09729479200950752,0.02329293289683083
68.41950035095215,0.6955174013020872,0.08347583911680564,0.3168907119148081,0.02557975961211588,-0.9945838836503548,0.09800990233563753,0.02329449130694453
68.43953108787537,0.6966034279432562,0.0843670166470318,0.3167823367713255,0.02657231162506413,-0.9944726249620072,0.09889195809520968,0.023205410579255088
68.45957136154175,0.6977465340883605,0.08532944084589865,0.31666719546033106,0.027769838623795166,-0.9943387587605044,0.09996207788825479,0.022953254104942436
68.48451066017151,0.6991691722166347,0.08666354477303721,0.31633337493533786,0.02948014484172617,-0.9941533290538587,0.10136106054498474,0.02271595907379289
68.50950789451599,0.7005843448151536,0.0882349147471225,0.31590637852904796,0.031425931845662065,-0.9939706484691354,0.10258271840839565,0.02261739758325621
68.52957057952881,0.7017718427191375,0.08967592227191155,0.31557442931969565,0.03317779935703218,-0.9938288880140695,0.10343624384367722,0.022457035373983292
68.55449676513672,0.7033580179053502,0.09171039577897963,0.31515785006040015,0.035661124884346924,-0.993642337860334,0.10449909701214764,0.021980157125180973
68.57451343536377,0.7046709689721301,0.09349564001854098,0.31481999894953333,0.03781629102770085,-0.9934936730928915,0.10526985470882175,0.021412784654388818
68.5994918346405,0.7062175314739576,0.0956932075749131,0.31425133356366075,0.040394338528608784,-0.9933331166606347,0.10598410193872915,0.0206152103163513
68.6195878982544,0.7074305599344435,0.09747791048343792,0.3138630250514038,0.042400658299047066,-0.9932337030456666,0.10629863554151708,0.019738170943029557
68.64455771446228,0.7089507982309448,0.09975429534083362,0.3133468725790206,0.0449175022790306,-0.9931293155970965,0.10647924061665241,0.018405211450657797
68.66951656341553,0.7104581146303215,0.10207702739115487,0.31281436374134025,0.04747260424875971,-0.9930267712675639,0.1065789358248998,0.016885314046731104
68.68957257270813,0.7116351838718353,0.10411316610200212,0.31240159501130604,0.04962942657555522,-0.9929576725996422,0.10642790691347362,0.01565506542362928
68.71455192565918,0.7130321051519807,0.10670852014042241,0.31189828524859053,0.052252381340260654,-0.9929014225455919,0.10590439419161503,0.014167323044650994
68.73457837104797,0.7141453637506521,0.10880397945408966,0.31153553054959354,0.05430877384782856,-0.992873425983651,0.10528182675069454,0.012986686080569704
68.75461220741272,0.7152803545205286,0.11102476457941142,0.31127706082247164,0.05642652924371992,-0.9928574420993139,0.1044610303275907,0.011749025828028259
68.77951049804688,0.7166471896562364,0.1137975180504257,0.3109349459589428,0.058950278878683406,-0.9928661912131764,0.10314008776421382,0.010183970830216328
68.79957675933838,0.7177176069861222,0.11615833428088275,0.31079227457601727,0.06097252070641743,-0.9928984702655924,0.10176853244696919,0.008839981145188561
68.82451176643372,0.7190347233571442,0.11918193119325954,0.31063876641387733,0.0634673463332876,-0.9929594044148152,0.09976016176607184,0.007171280074522533
68.84950947761536,0.7203665692538542,0.12218943722130583,0.3104869878082282,0.06588938737809372,-0.9930374608253466,0.09750026816220093,0.005374731110799847
68.87450337409973,0.7217194152351626,0.1254874362730362,0.3105002890614125,0.06845666953351268,-0.993124227725043,0.09491034442203009,0.00315899029431892
68.89450550079346,0.7227734816080056,0.12816182317984726,0.3105165722534156,0.07046275902149234,-0.9932028936709263,0.09263551173405976,0.0012936534509808222
68.91450595855713,0.7238499775791293,0.130971671942621,0.3106244309785053,-0.0725628459759197,0.993274050608547,-0.09022614018645986,0.0007332209685423933
68.93465924263,0.7249147720355797,0.1338846264770868,0.3107661266624001,-0.07469813058778367,0.9933442354609135,-0.08763227833659873,0.0028289536778076255
68.95951581001282,0.7261186791783019,0.13731751073572893,0.31089441784098804,-0.07702636446124313,0.9934572977520637,-0.08414825335946367,0.00534866080938159
68.98454546928406,0.7272298700676361,0.140675409056288,0.31113308209498625,-0.0791735230139095,0.9935750582036817,-0.08048055432649956,0.007939606098530472
69.00950503349304,0.7282440154038374,0.1438927871193872,0.31132779018223616,-0.08117072534378904,0.9936804983659762,-0.07683157189795996,0.010358092149329328
69.0295352935791,0.7289691365487323,0.1464391921605971,0.3114583824495571,-0.08271226101946776,0.9937525502732305,-0.07393428634673031,0.0121766992500704
69.0496244430542,0.7295968569745885,0.14899337536021207,0.31162517637787546,-0.08420716476672435,0.9938115171010515,-0.0710834620610155,0.01396292593888297
69.07450127601624,0.7302356134226657,0.15214066087728095,0.31176441890133544,-0.08599652490733,0.9938664572478944,-0.0676639738295507,0.015989043335837727
69.09451460838318,0.7306238434219754,0.1545338817111895,0.3117475670632214,-0.08732391704906406,0.9938952100892502,-0.0651630257218769,0.017338539502313354
69.11452794075012,0.7308689199384802,0.15689888480595676,0.31160582535227793,-0.08858605556222873,0.9939139351034781,-0.06282192413608893,0.018466353594186528
69.13957905769348,0.7309126597509976,0.15970486127119238,0.31126337698156376,-0.08991964575675379,0.9939369157465318,-0.060188329643935126,0.019525106859202748
69.1645131111145,0.7307119936111762,0.16225011629948735,0.31076014423878257,-0.09101143092083241,0.993947422109619,-0.05811143688449918,0.02021144296457331
69.18951511383057,0.730340660197433,0.16477266781800007,0.31009340480668657,-0.09221545502700668,0.9939068254581002,-0.05676801732916622,0.02056512510035123
69.20952653884888,0.7299288294226192,0.16676029720830826,0.3094416368022837,-0.09323339440749495,0.9938468029410042,-0.05613834150951186,0.020604685481990636
69.23450589179993,0.7291977774189993,0.1692608353668772,0.3085311591231519,-0.09448092267554084,0.9937571897483981,-0.05572345289966559,0.020369091061604016
69.25948858261108,0.7281936359493754,0.17174493226242166,0.30743120347192,-0.09568454444662365,0.9936477437727538,-0.05584425613781958,0.01974964064345598
69.2795832157135,0.7271984486524491,0.17363942403446594,0.30638167151168205,-0.09660316964153673,0.9935392923476261,-0.05647310235111955,0.01892857329554926
69.30450391769409,0.7257191168711501,0.1759719807426986,0.3049173992659915,-0.09760491784784424,0.9934090723740377,-0.057455751407148134,0.01762190588524642
69.32452011108398,0.7243543942511785,0.17778626403089748,0.30364367774999623,-0.09823076771891164,0.9933200215377874,-0.05828811157938924,0.016387407790380414
69.34452438354492,0.7228396015739361,0.17961070134050267,0.30222933471437097,-0.09875632171958593,0.9932401204514638,-0.05913195622157977,0.014988789111258428
69.36454391479492,0.7212046765125751,0.1815930283135642,0.30082755032585906,-0.09934408605822294,0.9931495151735633,-0.06000772793560901,0.013559707360102096
69.38466811180115,0.7194831468806351,0.18364961690170115,0.29941338905596115,-0.09993753255594086,0.9930553609424873,-0.060885916243704236,0.012101441801043998
69.409494638443,0.7172866235809314,0.18628285271845907,0.29771257784625094,-0.10071635252784768,0.9929287572133393,-0.061984388870786354,0.010326420905690716
69.42952513694763,0.7154720060283463,0.18856283896314469,0.2963658580498698,-0.101470281372823,0.9928108114425265,-0.06285479430786213,0.008930258413345637
69.44961524009705,0.713576086672018,0.19080881047786144,0.29496731029447787,-0.10213728139496654,0.9927002291623924,-0.06370603502453254,0.007468056908233689
69.47452735900879,0.711063180912475,0.19344628789599844,0.2931095312759936,-0.10273680618190714,0.9925820256858878,-0.06477793086230857,0.005467231026311478
69.49455666542053,0.7089817333358779,0.19531258027357776,0.29154634363075305,-0.10297236174498924,0.9925053789516257,-0.0656942250134695,0.003746232377233336
69.51956057548523,0.7063712346127333,0.19727565038297779,0.2895551293176337,-0.10295283308431138,0.99243504449129,-0.0668663813782256,0.001511160258314342
69.54449844360352,0.7036598859860671,0.198924789978025,0.28743908665314133,0.10260638879045049,-0.9923911721100587,0.06805047957798448,0.0009070766900821861
69.5645043849945,0.7014172662039728,0.20006800948383477,0.2856990393366541,0.10213399476754563,-0.9923693509041959,0.06901531427245806,0.0029334080776012893
69.58953166007996,0.6985954998076388,0.20129973131631337,0.28349439381311836,0.10137975503854521,-0.9923511793997623,0.07021972567254597,0.005520157466878699
69.61458420753479,0.6958172319487274,0.2026742892052377,0.28137528910008264,0.10081262372174439,-0.9923080380463828,0.0714003123492168,0.007972949595018194
69.63954877853394,0.6930574089963503,0.20387943736238504,0.2792933388637152,0.10012082722445498,-0.9922700206289928,0.07258025489766057,0.010398688215084847
69.66454792022705,0.6904724787091854,0.20525001505373508,0.2778006095922389,0.09964155231546254,-0.9922204477968667,0.07361203991264992,0.012304942351037807
69.68952441215515,0.6879810238172686,0.20705736045478185,0.27678880010167733,0.09957575064581169,-0.9921559515477096,0.07430210994475175,0.013799788012088284
69.71451187133789,0.6856351246417918,0.20904489388242162,0.2764819042255819,0.09965095673870673,-0.9921108036704054,0.07462210315152527,0.014743872695750929
69.73465204238892,0.6837717958817596,0.21086268944890135,0.276572414424685,0.09962106637581561,-0.9921526682381334,0.07402641883364224,0.015126643927069664
69.75961899757385,0.681561093862066,0.2129591114565445,0.27704644916499394,0.09898393462937664,-0.9923667989873254,0.07198855273742194,0.01509851734776635
69.78449773788452,0.6795774848566128,0.21492312059729698,0.27782545932834946,0.09792604292434659,-0.9927054230039152,0.06888102056186236,0.014206979359427906
69.80451130867004,0.6780956212615061,0.21645409791766398,0.2786249739052055,0.096891292701462,-0.9930241387017303,0.06597500200795885,0.012745056447499417
69.82453322410583,0.6766327332538405,0.2181352239995847,0.2796339690921797,0.09584562418693303,-0.993361347540243,0.06267503919416488,0.010894448005253014
69.84455347061157,0.67521056495215,0.22013952326339353,0.2808295325231599,0.09498041806001215,-0.9936933057129627,0.058941666418909695,0.008843886231539397
69.86948299407959,0.6735239850302003,0.22257364389077466,0.2823968386240224,0.09376790260167048,-0.9941139603350604,0.05390495365945155,0.006266600480739738
69.88952398300171,0.6721586452123771,0.22419488188419376,0.2836111588009737,0.09248474750880441,-0.994453928115213,0.049893015282921345,0.0043177947867551305
69.91453695297241,0.6703768373869536,0.2260541533358272,0.28526156568466576,0.09079223949675719,-0.9948442421843952,0.04514234283100642,0.0019677255946675145
69.93954253196716,0.6685769135344679,0.22763642412624827,0.28700165103692965,-0.08909725157502366,0.9951817414059188,-0.04092649734612843,5.176585707520038e-05
69.96454501152039,0.6667787806100312,0.2289270401030342,0.28872532164955617,-0.08750446434633621,0.9954594402368097,-0.037430243786304586,0.0015647483283506801
69.98953056335449,0.6648555270380473,0.23016882107547404,0.2903928566988595,-0.08615748256528838,0.9956751564742347,-0.034659606416614905,0.002565673548642692
70.00953531265259,0.6632557379478994,0.23082205502763448,0.2916547070454349,-0.08500016781128555,0.9958277909693594,-0.03306022958630764,0.003000572975731802
70.02953696250916,0.6616804470331213,0.231166550066384,0.29289969317959075,-0.08385815146943565,0.9959548171850544,-0.03211735705889379,0.003207480254679265
70.05448126792908,0.6597162677380205,0.23116613132717742,0.29442071179188256,-0.08236078087218127,0.9960942664302599,-0.03167008032751814,0.0031496327341200944
70.07455492019653,0.6581222978397534,0.2308760575477719,0.29558980917438443,-0.08100165047293648,0.9962075433052916,-0.031623897208566974,0.003031900410372919
70.09952235221863,0.6561153886474139,0.23046645017955988,0.29702336459472,-0.07950350492119528,0.9963126929425636,-0.03212698340418394,0.002840340447940446
70.11955189704895,0.654518444301808,0.22983955964670189,0.2980830197393564,-0.07823149192983682,0.996386409790469,-0.032983246743911385,0.002462011212320525
70.14451098442078,0.652514386673624,0.2288055554877364,0.29934365214327124,-0.07655757877743907,0.9964721377773423,-0.034340061635936565,0.0017250864941202842
70.16948795318604,0.6504513331618628,0.2277259371965031,0.3005749543413214,-0.07486939326136918,0.9965518917939504,-0.035752025354384966,0.0008327424372915107
70.18952322006226,0.6488472141181243,0.22676621293647062,0.30153550644319616,-0.07346900922955427,0.9966147950614294,-0.03689481543889615,0.00016983414493137162
70.21449494361877,0.6469474652690569,0.22562059246044616,0.3026859983573268,0.07183634130782154,-0.9966792900787833,0.03833688125892101,0.0004657206224547287
70.2345221042633,0.645442462160498,0.22467426821234865,0.3035140860711795,0.07049491016903893,-0.9967327679698952,0.03940932750302925,0.0010777693276584823
70.25948691368103,0.6435784363926754,0.22365305871294633,0.30450178811008144,0.0689413218270255,-0.996793809607381,0.040563558297274135,0.0019475640945671422
70.28449726104736,0.6417628790894967,0.2226569958492461,0.30533263952564205,0.06744504741379634,-0.9968480016225809,0.04167566101347356,0.0028924910670329413
70.3045072555542,0.6403339311085634,0.2219710287432598,0.3058161519393957,0.06633132155926268,-0.9968944139814383,0.04228694578575855,0.003673878561529064
70.324551820755,0.6388896070510869,0.2215578064476205,0.30621219734244914,0.06539626838752324,-0.9969429694637836,0.04253006685972459,0.004386014575609314
70.34948658943176,0.6370562207117728,0.22122176825203876,0.30641435617016843,0.06433746016863384,-0.9970093909777703,0.04248573538143956,0.005284677172631664
70.36949348449707,0.6356116129184114,0.221020707671112,0.30645384998857905,0.06358030496182851,-0.9970622198458536,0.04229092980853343,0.005995984465112118
70.38949799537659,0.6341842787299672,0.22093399814759274,0.30645438282531756,0.06294177165943879,-0.9971125648348351,0.04197278496589536,0.006568999440084697
70.41447901725769,0.6323279394877759,0.22083030318250477,0.3063132931047533,0.06203444518242923,-0.9971963886015066,0.04120083907127644,0.007319906271536089
70.43451762199402,0.6308014138041881,0.22064574072033374,0.30604413069348585,0.06109353667272549,-0.9972889961319873,0.04022272453838164,0.008023116749823785
70.45948243141174,0.6289283400727719,0.2205505851624951,0.3057138723789747,0.06000651578791554,-0.9974090093416631,0.03869617630502753,0.008780209950614182
70.47955799102783,0.6274014066954725,0.22059521501141707,0.3054231941119247,0.05920842560272132,-0.9975057023565884,0.03725521130127715,0.009422596940814577
70.50454211235046,0.6253892788501755,0.22065544925106995,0.30491024033334435,0.058104813374241115,-0.9976363550612339,0.03515868846707384,0.010459462115501904
70.52456617355347,0.6237736483051981,0.22058704993868555,0.30447420801568076,0.05708267936031284,-0.9977472292997802,0.03336247140730704,0.01135692050717054
70.54957723617554,0.621740196074903,0.2201266145711255,0.30382506010898697,0.05546704158521059,-0.9978937321019649,0.031161854440944547,0.012666710572222632
70.5745062828064,0.6197278489627421,0.21944856414421957,0.30325340626280406,0.05371830125877725,-0.9980343795240663,0.029119245400705276,0.013920881620396373
70.59453654289246,0.6181185151633025,0.21878791785125024,0.30287726673128007,0.05227129537400587,-0.9981392989350955,0.02762956300424099,0.014908348302955888
70.61950826644897,0.6161129747002174,0.21771647810211442,0.3023240237513791,0.050324803930844965,-0.9982603676993612,0.025954838741934633,0.01643163825103648
70.63951349258423,0.6145851226657764,0.2168273098253427,0.3020573699206133,0.0488282475803229,-0.9983454664835103,0.024695736452097182,0.017670664702472166
70.65952730178833,0.6131245933868311,0.21577533644514366,0.3019561846910978,0.04729866930517776,-0.998421771325696,0.023658681504439793,0.01889627514309943
70.6795403957367,0.6117711348922609,0.21454882048613355,0.3020709258026963,0.04569418705786906,-0.9984955370188093,0.022773175081028496,0.020002157855442997
70.70461916923523,0.610238744150105,0.2129248275858751,0.30254769188760977,0.043705682017224516,-0.9985830701563273,0.02177100962023689,0.021158650641280335
70.72961354255676,0.6087440931694715,0.21098510048133806,0.30311898847027086,0.041440852303726676,-0.9986718128617268,0.020914526461456626,0.022357292744817465
70.75455331802368,0.6071754798724172,0.20875958409170448,0.30378607326850393,0.0389105334667938,-0.9987551475820035,0.02028044644583311,0.023724018540229562
70.7745885848999,0.6058514061496799,0.20674285305038778,0.30437571074217706,0.03667494009957655,-0.9988167103323894,0.019945075602963134,0.02494638026833886
70.79947805404663,0.6040913090415739,0.20390266887849406,0.305146172238446,0.03358792797499456,-0.9988870891679508,0.0197699499527251,0.026562817373784686
70.81948137283325,0.6026870145996723,0.20158207411840973,0.30580234177576615,0.03114724139576024,-0.9989302578915382,0.019845291401533273,0.02782721026758617
70.83949112892151,0.6012953500656674,0.19925070577063952,0.3064823356195727,0.02878804934757992,-0.9989603192616296,0.020113134067777025,0.0290687219094425
70.86449432373047,0.5995655312785565,0.19627433746167594,0.30734755779651624,0.02590934967058169,-0.9989821734641681,0.020761690393050643,0.030533177242248362
70.88450026512146,0.5981838262073436,0.19390116047862122,0.30810420391969146,0.02371628932891557,-0.9989870339798306,0.02145303975985149,0.031657710681788805
70.90456414222717,0.5967928952917293,0.19145778570066774,0.3089047059425719,0.021552258080159495,-0.9989808759211797,0.022316443883148095,0.0327824045442669
70.92952275276184,0.5951040040697279,0.1884656981752078,0.31000931928838893,0.01908948107423936,-0.9989559587215796,0.023687177590120186,0.03408081373302833
70.95447087287903,0.5934283182143906,0.18547285465274452,0.31116096245491504,0.016803939367561554,-0.9989117589246933,0.02537403116824608,0.035342383139092666
70.97449135780334,0.59207749610141,0.1830173548765916,0.3121042781613965,0.014994836890010662,-0.998867806134551,0.02688986109386569,0.03626563255962693
70.99450492858887,0.5907226417630373,0.18063690687356954,0.31311689726557324,0.013292078323460776,-0.9988175849689738,0.028396220869561197,0.03715383225048293
71.01948761940002,0.5889929338056522,0.17757180297885963,0.31434008132076285,0.011111114849978279,-0.9987453511347184,0.030340009231789384,0.038258993104968164
71.04451036453247,0.5872758281485271,0.1744973333359207,0.315566518587611,0.008947936666977737,-0.9986713297735859,0.03232540374648367,0.0391225994834265
71.06949949264526,0.5855472315558936,0.17150672464475147,0.3167059169111243,0.006850473257866536,-0.9985971732127961,0.03421519758837693,0.039825581243112626
71.08951544761658,0.5841391574612521,0.16909631264269323,0.3175465070205355,0.005116964223716,-0.99854088085188,0.035660302892989576,0.0402277111231852
71.1145191192627,0.5823793656806879,0.1661128866014222,0.3186077456595722,0.0029015500574991453,-0.9984798751747194,0.037293855353249396,0.04048071431295353
71.13949394226074,0.5805304627274547,0.16298031264468363,0.31957654192584195,0.00038324343005381994,-0.9984242757417631,0.03874422025403881,0.04059192199124969
71.15959858894348,0.5790733421822206,0.1604681721491808,0.3204101731809418,-0.001726509440773455,-0.9983919968065271,0.03975289467900536,0.04037508195008242
71.184561252594,0.5773106717390178,0.1574147443161417,0.32149908045108316,-0.004335380412020531,-0.9983625388408848,0.040848027912842574,0.03981060325474034
71.20951294898987,0.575647777830945,0.15456010731009984,0.3226660848695332,-0.006801279800344306,-0.9983448553154558,0.04170931926353572,0.0390080138548497
71.22951316833496,0.5743769012587177,0.15244059145019834,0.3236517531719651,-0.00868966610172133,-0.9983395145187085,0.0421324468507713,0.03830875064544839
71.25449967384338,0.5728044482100801,0.14987242298282694,0.3248571071363672,-0.01110952335040947,-0.9983381489090242,0.0423850953365622,0.037430236668462326
71.27958011627197,0.5713215653419013,0.14753019644408844,0.3261497113959472,-0.013445055395605813,-0.9983503250494321,0.042238486505339096,0.036493413334547635
71.30456471443176,0.56979088255051,0.1453325604903848,0.32733697818806556,-0.01585404639400355,-0.9983605249181517,0.04162886047210577,0.03594369866879966
71.32951354980469,0.5681214746594258,0.14312691640788996,0.32843520502424906,-0.018502548572423467,-0.9983585918978402,0.0406452089699485,0.03585728193732478
71.34952545166016,0.5667557007519455,0.14146259285283522,0.32927901925251235,-0.020657525726512624,-0.9983528558908935,0.039572157751006226,0.03604006238003033
71.36956143379211,0.565359134543256,0.13983628307033458,0.3300842494400109,-0.02283071445629855,-0.9983404454257017,0.03838156419806558,0.03635889209613803
71.39450979232788,0.5635968923189236,0.13788944739305986,0.3309813886091947,-0.02548231663654254,-0.9983108554748853,0.036853582615437155,0.03698514334474032
71.4194827079773,0.5618903478304145,0.136044028036958,0.3318763182038819,-0.02800097805518218,-0.9982716788540639,0.0353358930014086,0.037695823264576246
71.43963146209717,0.5604869085568434,0.13454363607353467,0.33251635879697283,-0.03002728256468935,-0.998226887445111,0.03420508544003701,0.038359557003523406
71.46448540687561,0.5587248854809795,0.13266333110902787,0.33329019941622756,-0.032540840420269446,-0.9981621549652203,0.03286553183515193,0.039156901270142985
71.48454022407532,0.5573739424926161,0.13122588509192828,0.33388446394089777,-0.034443459049597655,-0.9981084346347806,0.03186166134851421,0.03972449339850254
71.50951027870178,0.5557482315545987,0.12948996469530277,0.33457627866685036,-0.036719756091252255,-0.9980369061941597,0.030718523445002772,0.04037778726489765
71.52951717376709,0.554519441273446,0.12815207192591987,0.33509130183550345,-0.03845757106711482,-0.9979820356106228,0.029906765537419354,0.04072415991920871
71.54961943626404,0.5533969784508294,0.12686569607229553,0.33561432361605636,-0.040105324174688706,-0.9979357870530712,0.02919838716155572,0.040782129405357345
71.57457232475281,0.5520587177859413,0.12521757328346994,0.3362609098192892,-0.042203967329759985,-0.9978822639753954,0.02843225174451613,0.04051443502991032
71.59947443008423,0.5506644752179356,0.12337543530198393,0.3368169234023507,-0.04457721758332965,-0.9978122021818293,0.027809679403404515,0.040128575617984746
71.61949110031128,0.5494859827861247,0.12174195842438212,0.33721028377933265,-0.04668388368902473,-0.9977387644411884,0.027437846955344045,0.03981378517076501
71.64454460144043,0.5479544037678646,0.11960281413870269,0.3376897882191696,-0.04946187538741498,-0.9976272636857726,0.02700487740595178,0.03954873234732339
71.66951394081116,0.5462707328674891,0.11736955687208835,0.3380798802381866,-0.05239778893333905,-0.9974855128450405,0.026535890249552056,0.03966068466200839
71.68956327438354,0.5447361320601857,0.11547643829225926,0.33826939393825695,-0.05496446859447054,-0.9973394241208279,0.02607428883873193,0.04016356244266733
71.7144787311554,0.5425639587412034,0.11293598458368208,0.3384160466860968,-0.058501609990705056,-0.9971105470089804,0.02534722988486954,0.04129935361617046
71.73450326919556,0.5405406733074358,0.11065647957034772,0.3383777391104797,-0.06170294180840096,-0.9968764080215465,0.024780827904727104,0.04261554493968729
71.75947690010071,0.5377827686274217,0.10742945667100051,0.3382851478605634,-0.06620295953733436,-0.9965237745600267,0.024268128047444583,0.0443688274157623
71.77950382232666,0.5353529216274291,0.10446320368921966,0.3381723319914745,-0.07028527345704293,-0.9961799771818717,0.024092071791265462,0.04588033864046861
71.80453419685364,0.5320976536883512,0.10037909512079046,0.33802189313599995,-0.07587096870668357,-0.995677016466514,0.024136464991152847,0.04783624196790841
71.82454466819763,0.5293075852987751,0.09685351454389651,0.33788289881360617,-0.08072023868508668,-0.9952128315638206,0.024276702120883658,0.049460132344435415
71.84459900856018,0.5264300583448766,0.09320326305280792,0.33773194622374925,-0.08574496533481665,-0.99470285557067,0.024547816158055694,0.051102199181107255
71.86955857276917,0.5226381670453878,0.08839512711697745,0.3375111666711516,-0.09238082905553122,-0.9939838513597431,0.025083839061367543,0.053222990117742494
71.89448428153992,0.5186917926092338,0.08336900201340751,0.3373461478600886,-0.09935071735771121,-0.9931800280448421,0.025772420186593974,0.05530505592756902
71.9144959449768,0.515483722079734,0.07930743306183267,0.3372504421031076,-0.10502867992738961,-0.9924884368381593,0.02639888383364497,0.05691026328869536
71.93959164619446,0.5113867098832118,0.07423014887019067,0.3370729919900909,-0.11220116023705495,-0.9915603408939909,0.027248279562011164,0.05896203243219938
71.9644820690155,0.5072810764875414,0.06911312607027269,0.3370018310993192,-0.11947310881567656,-0.9905692719382804,0.028209487511645932,0.06085161111999802
71.98958730697632,0.5031427308042652,0.06399232936089165,0.3369614343612305,-0.1268375596460568,-0.9895108839169522,0.029266513267799468,0.06264116277706072
72.01457142829895,0.4988526934295264,0.05877636017676795,0.3368963929318596,-0.13443294594042315,-0.9883562977625858,0.030430209174174817,0.06444853829542474
72.03952980041504,0.49442783501142495,0.05335433010360031,0.3369692448657604,-0.14236527534006607,-0.9870928092889317,0.03177408546561498,0.06610840884710066
72.06447982788086,0.48993404410370744,0.04795105068154789,0.3370343138521297,-0.15037216252518618,-0.9857461739069512,0.033245613106648475,0.06773051435282296
72.0845115184784,0.48635255618944445,0.04361337124411695,0.3372144604936005,-0.15682821173263076,-0.984618404731255,0.034509283915103224,0.06885214878944472
72.1045310497284,0.4826956420239573,0.039213535848883006,0.3374731035135027,-0.1634299119703564,-0.9834242890333854,0.03581861535426357,0.06988818502897783
72.12456035614014,0.47907214628153477,0.03496434667814138,0.33770293342511676,-0.1698847109682793,-0.9822065350164242,0.0371765649028074,0.07090423522095034
72.14950704574585,0.474520198697012,0.029593566376807337,0.3381638340581036,-0.1780951340122716,-0.9806065022950682,0.03892089226580016,0.07195953754034169
72.16951584815979,0.4707667842325164,0.02537258835304896,0.3384707853683186,-0.18468599148951922,-0.9792629079297366,0.04026918794478965,0.07289467883731361
72.19448852539062,0.46615189526893896,0.02013780462474625,0.33907144998819816,-0.19291718435418911,-0.9775395380171816,0.04196538909103639,0.07374495041984742
72.21968650817871,0.4614691795190143,0.015025204407431353,0.3396315579694702,-0.20112282526590583,-0.9757442182296844,0.043665442942296025,0.0746066943447648
72.24449944496155,0.4567927630161878,0.009952232995584778,0.3403575162986531,-0.20936007996921357,-0.9738835920887546,0.04535553503858353,0.0752461388840158
72.26452851295471,0.453073237924824,0.006046623502544779,0.3408914982440564,-0.21582526827731724,-0.9723675944413657,0.0466985686745863,0.0757625140624438
72.28455328941345,0.4493648635207516,0.0021649595863593015,0.3415179190489471,-0.22230762886848482,-0.9708109538236117,0.04804934002037898,0.07613587200879403
72.30948090553284,0.44479252312599765,-0.0024912185844577226,0.34228518027857757,-0.2302145508309455,-0.968849992315104,0.04968976818320256,0.07656291474760032
72.33447217941284,0.44023277253882137,-0.007003181036428428,0.34307753141693154,-0.23798025092907704,-0.9668556393778895,0.05133278497660574,0.07694490208894789
72.35946464538574,0.43561963424231315,-0.011365850150778949,0.3437849426880876,-0.24565228387653457,-0.9648084744623739,0.05296143832090605,0.07742511919771523
72.37947344779968,0.4320019401610528,-0.014796182356469761,0.3444673157088655,-0.25173898704787967,-0.9631500670806072,0.054267867566764404,0.07761719675752395
72.39957237243652,0.4283359379985814,-0.018143855545607063,0.3451178725256827,-0.25780369920852286,-0.9614539980019389,0.055528989002545895,0.07784596187878587
72.4245126247406,0.42422602093025474,-0.02206283124588466,0.34612143826816816,-0.26486572009267917,-0.9594475385292698,0.05714603660654647,0.07772323738819621
72.44946432113647,0.421649124857683,-0.025345072118750832,0.3477024384647709,-0.270371561992193,-0.957911146578462,0.058886849197154756,0.07640544953253285
72.46947717666626,0.42102994653523357,-0.027422929735415373,0.3495255836634923,-0.27332532557862804,-0.957150036723885,0.06042548753673421,0.07420130762144571
72.48956751823425,0.42149819681615236,-0.029132930313207087,0.3518320980667974,-0.27521513027229333,-0.9567401766167695,0.062081303725116145,0.07106882751472679
72.51452803611755,0.4233900984560659,-0.030751522328793794,0.355185212260236,-0.2762074922367422,-0.9566582411505842,0.06427683907430022,0.06620361643868077
72.53948044776917,0.42613724105906287,-0.03207476477010369,0.35903425829362046,-0.2763510796599399,-0.9568358962227848,0.06659191016861579,0.06050343767424216
72.55952382087708,0.428240371161066,-0.03305364668931318,0.36201373351634114,-0.27640783748293246,-0.9569563907166223,0.06844088309420697,0.05611612215632686
72.57952690124512,0.43018542751987676,-0.03409389011726055,0.3649891180849554,-0.2766118889038468,-0.9570067612670251,0.07029395337860918,0.05179461289272352
72.60447907447815,0.4323398977100402,-0.035344871521666016,0.3684445698451165,-0.2769522182212315,-0.9569941696446561,0.07258519279451009,0.04680830989707298
72.62451696395874,0.43384656281857714,-0.03637676843434793,0.37114063465890473,-0.27737536205721675,-0.9569141855096799,0.07436840466206997,0.04298244388048155
72.64948964118958,0.43550671781433,-0.037731703171725334,0.37445912080637384,-0.2781009411863042,-0.9567243392919293,0.07660344806239647,0.038344711013633445
72.67452454566956,0.4370395905813634,-0.03897323590927204,0.37756568464745477,-0.27875177580726973,-0.9565198344234596,0.07880696813825164,0.034010522073181115
72.69455432891846,0.4382672715772552,-0.039917726844531494,0.3800417634519303,-0.27920578817273967,-0.9563571741671979,0.08055799258905577,0.03058583168198866
72.71959829330444,0.43977361879603566,-0.040938447648799614,0.38294812353297225,-0.27959377402455227,-0.9561837088403966,0.08267106764473431,0.026561834453003048
72.74447202682495,0.44136744176718756,-0.04182324778756561,0.38579009254570895,-0.27974457948838904,-0.9560583598612709,0.08475177148627153,0.02263890493188723
72.76451206207275,0.44271760410544747,-0.04244204028903163,0.38801846001129164,-0.2796543898173109,-0.9559963265755587,0.08649813449765686,0.01955808165618371
72.78952550888062,0.44439606292363704,-0.04313811566808215,0.390689322443007,-0.2793828704052527,-0.9559361940961307,0.0887950852175089,0.015704693015955482
72.81446838378906,0.4460042330456747,-0.04385290225870082,0.3933251809983991,-0.2791496900163076,-0.9558389658435931,0.09115068878710798,0.011784475912612523
72.83447432518005,0.4472870579712349,-0.044364085740684206,0.3954030974734297,-0.27891100693160753,-0.9557628869232688,0.09300287240250146,0.00874184854112222
72.85448145866394,0.44867367581180195,-0.04471140851269166,0.397407022235698,-0.2784270992699914,-0.9557502717356959,0.0947910153981508,0.005867867387308984
72.87949776649475,0.45050637115353676,-0.044935562547454705,0.3997785246771255,-0.27752004733984637,-0.9558181468295188,0.09688898709803671,0.002611077157504555
72.90449976921082,0.4523675085192248,-0.045071323146362585,0.4020917736242901,0.27649623470149487,0.9559113979422944,-0.0989091399208136,0.00046247279716545465
72.9295608997345,0.45423850566082197,-0.04513022553727966,0.40431557531636697,0.27538552815083595,0.9560181247440603,-0.10089801912284668,0.003427211498605647
72.95448875427246,0.45622651820155696,-0.0449828524696446,0.4064028316413877,0.2739414684787439,0.9562088543988533,-0.1028692336453395,0.006214449792139182
72.974534034729,0.45791867390155144,-0.04467197883495361,0.4079154794487658,0.27248364803586933,0.956442704070171,-0.10441234826154079,0.00825087342352126
72.99947476387024,0.46015471685390674,-0.04401666265442847,0.4096638628460511,0.27028555409751437,0.9568358453406496,-0.10629048334337877,0.010640369767200827
73.01949715614319,0.46207285751267724,-0.04330026315970441,0.41101974596764557,0.26822382151387847,0.9572260594571357,-0.10778603981773685,0.012506889680554753
73.03950500488281,0.4640797058386016,-0.04244879783944453,0.4122892145255877,0.265929986927024,0.9576700123307537,-0.10929815155389853,0.014258457213063038
73.05951380729675,0.4661516661917026,-0.0414916898792201,0.4135331928935629,0.26349835372139513,0.9581436012714422,-0.11078510519194668,0.01600366819798355
73.07954788208008,0.46826051567575094,-0.04047825761906028,0.41481062447736006,0.2610268203499393,0.9586210393411646,-0.11221861882489365,0.01782368030123997
73.1044774055481,0.47093293597972236,-0.03913921709518269,0.4164275260264529,0.2578787721459656,0.9592179227449775,-0.11398737396351763,0.020159219678117977
73.12946224212646,0.4736799116171584,-0.03768485901961288,0.41806975195122487,0.2545970306100453,0.9598309003007383,-0.11574066896160597,0.02256307560740852
73.14947271347046,0.475988274217108,-0.03639869671824797,0.4194687612417206,0.2518272763340402,0.9603458035023633,-0.117095795071685,0.024648232513396272
73.16954278945923,0.47830210528461575,-0.03510559741393898,0.4208999297298807,0.24908042883868245,0.9608441918613825,-0.11840448723904633,0.026790974921053458
73.1945128440857,0.4812437391368952,-0.03343563893367433,0.4226988316187841,0.24561692086913914,0.9614585480312616,-0.11998737191460203,0.029543513357105408
73.21953463554382,0.4842753304773971,-0.031691260623057146,0.4245390894772869,0.2420771287709808,0.9620702146413231,-0.12152844942130574,0.032409902918362224
73.24451088905334,0.48733727255179704,-0.029901411263494604,0.42642281482641947,0.23851003168404214,0.9626664089054852,-0.12303057953722817,0.035352884602516205
73.26948428153992,0.4904155699154814,-0.02806667997519544,0.4283617827473013,0.2349021885371362,0.9632464043056924,-0.1245246285785537,0.03835287850983404
73.28950238227844,0.4928398509640266,-0.026639098246155558,0.4298789454174819,0.2320867445102203,0.9636771041444976,-0.12572003063445822,0.040702037633707534
73.31451559066772,0.4958581721884268,-0.024891783963515806,0.4318013127710176,0.22862050872346373,0.9641820618573461,-0.12720135394147689,0.04365123296040946
73.33949422836304,0.4987355753138559,-0.023305531266870315,0.43367219331041784,0.2254027068522607,0.9646121941433817,-0.12866830625098738,0.04649087674097645
73.3644962310791,0.5015394211997087,-0.021749166006229618,0.4355233927760965,0.22226287722993246,0.9650054356881689,-0.1301379795175169,0.04927300259700434
73.38450074195862,0.5036921326259636,-0.02053190562017211,0.4369447859849902,0.21984102288761714,0.9652913356422959,-0.13129719161837566,0.05141604285451805
73.40947484970093,0.5062186104336356,-0.019102957319347542,0.4386714048082559,0.21702668549246681,0.9655967209814144,-0.13268510841926776,0.05400974187987688
73.4294810295105,0.5081296223560529,-0.018024885646678743,0.4400248860951619,0.21492800395522016,0.9658027685698269,-0.13375419981843345,0.05604265669671834
73.44952154159546,0.5098682178276995,-0.017046840143074362,0.44126643047608066,0.2130337154900056,0.9659668132702481,-0.13479819824103198,0.057915433832565144
73.4744884967804,0.5118325766519871,-0.015951387278863558,0.4427361541780949,0.21092599367520257,0.966118940093698,-0.13605376222956214,0.06011482818355882
73.49464106559753,0.5132927533540206,-0.015154029943969739,0.4439118841998216,0.20938922185763786,0.9661983824842649,-0.13708402112827558,0.061845053205189696
73.51950907707214,0.5149429050412153,-0.01429017665704627,0.4453451076991569,0.207707202139989,0.9662365624451534,-0.13841459247412136,0.06392201626640696
73.53956246376038,0.5161335802878149,-0.01369338266466574,0.4464693593813891,0.20653707061177012,0.9662265322038185,-0.13948409910235113,0.06552032528982242
73.56451797485352,0.5174757797201422,-0.0130680648811329,0.447823439734187,0.20528732209730902,0.9661680480161813,-0.1408189506777727,0.06742730536473232
73.58949732780457,0.5186264357605451,-0.012613620415228337,0.4491539906335814,0.2043179129612217,0.9660448642679859,-0.14218233172597575,0.0692509581853283
73.61449241638184,0.51954106115988,-0.012358879488321348,0.4504425980503749,0.2036944111119792,0.9658494776914917,-0.14354975610313775,0.07097070414999353
73.63954377174377,0.520203111502485,-0.012325800073987331,0.4517122282412588,0.20344258157328948,0.9655743595974822,-0.14493950857769533,0.07259346350727294
73.66450595855713,0.5206395847763521,-0.012460604616047758,0.4528786051211874,0.20349790018090624,0.9652443593700858,-0.14631557609560844,0.0740518974640462
73.68947720527649,0.5208528653317233,-0.012772840922167204,0.45395766019100026,0.20387061981135104,0.9648578900277491,-0.14766681072205362,0.07536932691828904
73.71446752548218,0.5208673645145253,-0.01323362823856285,0.4549630298277696,0.20451040010658664,0.9644220850985836,-0.14900099547223994,0.07657833486492119
73.73449230194092,0.5207697712350036,-0.01369433725146756,0.4557546919927883,0.20518144120218057,0.9640400212819434,-0.15006650249991274,0.07750779561039899
73.75962018966675,0.5205345532047472,-0.014379137726704856,0.45676390071187944,0.20620747962183017,0.9635161480465644,-0.15141582859015584,0.0786660959618556
73.7844614982605,0.5201861268195578,-0.015174000992529468,0.4578433143118079,0.20741680232294893,0.9629375304358756,-0.1528136356650064,0.0798597229334814
73.80448269844055,0.5198265056413495,-0.015878418479680582,0.45869414677283926,0.20849537448095157,0.9624475589526058,-0.15394776269836627,0.08077413847502694
73.82449078559875,0.5194340805292067,-0.016599552863626885,0.4595252719696209,0.20960714920306678,0.9619477958133631,-0.15509029759753964,0.08165954153609994
73.8446033000946,0.5190004118679182,-0.01734860232751306,0.4603441970398411,0.21076884456060652,0.9614337721266698,-0.15624416512421968,0.08251882719434918
73.86959075927734,0.5183809079220792,-0.018370988031269634,0.46144441832173977,0.21234821225752382,0.9607457681304696,-0.1577352338026711,0.08363851856444847
73.89449262619019,0.517700808920605,-0.01944207609694994,0.4625937608823675,0.2140025150208816,0.9600176620799324,-0.15931880810502666,0.08477340056484542
73.91950106620789,0.5169862651857781,-0.020521280881516255,0.46372290401853,0.2156763880684689,0.9592777206896994,-0.16092714572241887,0.08586270428857401
73.93953061103821,0.5163916066438756,-0.021393445682232354,0.46460800913006867,0.21703546415831676,0.9586824678521914,-0.1621899253645671,0.08670617763840822
73.95953392982483,0.5157710642131584,-0.02229729445319365,0.46553590559980274,0.21844463032616732,0.9580650449511846,-0.16346862852101746,0.08758607545611038
73.98451137542725,0.5149430538658593,-0.023485479476322037,0.4667680392500447,0.2203038636202291,0.9572504764256523,-0.16511057140579946,0.08874813951249526
74.0095100402832,0.5140608704519213,-0.024713968507609888,0.4680154711843144,0.22223962933535793,0.9564099097763852,-0.16674999024006756,0.08991146973194591
74.03448939323425,0.5131501548131725,-0.02593694859418779,0.46921018842823925,0.2241890729998192,0.9555654127869704,-0.16837354966443607,0.09101840037125485
74.05947589874268,0.5122128176604445,-0.027181451918280957,0.4704818042066913,0.22618379151010204,0.9546900940178042,-0.17002137844678727,0.0921978726079336
74.07952928543091,0.5114151906774645,-0.02821463135710749,0.4715575612177456,0.22785260428892204,0.9539581477049527,-0.1713552330542486,0.09319027444433564
74.1045036315918,0.5103850789006119,-0.029518277447126,0.4728776362853986,0.22997416528511372,0.9530295083969244,-0.17301765889599582,0.09440089584468857
74.12954878807068,0.5093182680945327,-0.03082632121088733,0.4741586443850038,0.23212407281961972,0.9520931589803706,-0.17465462057342895,0.0955656578104651
74.15448808670044,0.5081877753334476,-0.03219229267699848,0.47555365728830457,0.2343810881216648,0.9511037784315729,-0.17632574557667519,0.09683150123234119
74.17448854446411,0.507235790954141,-0.03330784654313035,0.4766815839274889,0.23624608647645134,0.9502851808966813,-0.1776821614809823,0.09785147461423126
74.19950842857361,0.5060074166078448,-0.03470251644802519,0.47802943625094574,0.23860486263905792,0.949255343010817,-0.17935705190873089,0.09906089652844786
74.22446966171265,0.5047509067441156,-0.036110610418688065,0.47943407543487476,0.24100274473553054,0.9481938507087669,-0.18105474243360795,0.10032586281870352
74.2494637966156,0.5034306028726212,-0.037555195004035806,0.4809015269134185,0.2434887327090243,0.9470862370026033,-0.18278125287119873,0.10164600495268386
74.2694787979126,0.5023276431175399,-0.038725233995714356,0.4820560844036099,0.24552353927617837,0.9461875897610299,-0.18413317216309985,0.10267527235248163
74.2895245552063,0.5012109238103093,-0.03988869588176793,0.4831855907835671,0.24756433112028747,0.9452805269942886,-0.18549036111931524,0.10368198095227181
74.3144519329071,0.4997657833123099,-0.041379984583809655,0.48472072666137134,0.2501944935029109,0.9440955701820352,-0.187214296182933,0.10505749420300031
74.33447933197021,0.49855494012965773,-0.042588778295569216,0.4859402055697656,0.25235467327105976,0.9431262630534221,-0.1885832638114098,0.106142938660049
74.35946249961853,0.49701000531712797,-0.04408644843540852,0.48738456155285503,0.2550655916816287,0.9419127690581884,-0.1902695277195749,0.1074215353018743
74.3794801235199,0.49572833383686477,-0.045317819974393776,0.4886306096068027,0.25730488441711613,0.940899595073916,-0.1916336194896783,0.10852973936260614
74.39955878257751,0.4944022078540159,-0.046563948943442686,0.4898788744154818,0.25959314322831384,0.9398641388618333,-0.19299360106142724,0.10963699384652212
74.42448592185974,0.4927038840928321,-0.048111366977863945,0.49137834216999826,0.26247466039262196,0.9385631090445472,-0.19466409619722397,0.11096050037799425
74.44454169273376,0.49130937213732906,-0.04936372960094402,0.49264359419930576,0.26482584171980955,0.9374881180216273,-0.19601110957269746,0.11208455312724476
74.46952986717224,0.4895101643787641,-0.05095122238753698,0.49426461152778184,0.26783356880170717,0.9361033694555002,-0.19770494338548972,0.113527161850999
74.49445915222168,0.4876839718122246,-0.052511443663466086,0.4958097204411285,0.2708370740921741,0.9347197384545252,-0.19936054278886853,0.11489849354812517
74.5144829750061,0.48618932616257077,-0.05377007483401493,0.4971064836015598,0.27328166544761134,0.9335769524637431,-0.20070256817227441,0.11605896901032123
74.53959608078003,0.4842695584910798,-0.055363341619568546,0.4988117715234818,0.2764045067002755,0.9320961376923754,-0.20240771915464462,0.11759444715348656
74.56448078155518,0.4823698263481487,-0.05689718791541393,0.5004490480249123,0.2794609363502987,0.9306290231922336,-0.20408770812905247,0.11907734308888841
74.58450722694397,0.48083171874818736,-0.058120174218346,0.5018385576033229,0.28192349239400905,0.9294221861228584,-0.20545011004030403,0.12034864628820413
74.60950422286987,0.4788457933026361,-0.05966587283912599,0.5036105459351988,0.2850725350162994,0.9278708476205202,-0.2071521398145063,0.12197266450166509
74.63447451591492,0.4768638348555192,-0.06116740217568339,0.5053261572201233,0.28817978588176396,0.9263277584637178,-0.20881618243363284,0.1235520006416809
74.65448427200317,0.4752491189469974,-0.06237400807610969,0.5067987388874946,0.29070144349752375,0.925047287606175,-0.21017845452394998,0.12492078968226149
74.67448711395264,0.4736080382534081,-0.0635724412472479,0.5082594059265864,0.29323987136812146,0.9237527869811258,-0.21152768514516856,0.1262822426223968
74.69948863983154,0.4715609773218944,-0.06503175756594583,0.5100453745964981,0.29637418052639475,0.9221416124074607,-0.21317851076168567,0.12795356319114493
74.72450685501099,0.4694790428005863,-0.06648885549961149,0.5119753564505924,0.2995484761145889,0.9204641826660162,-0.21487950009866882,0.1297813519876954
74.74947047233582,0.46737934444349644,-0.06791225761918218,0.5138123802111455,0.30270731206513096,0.9187922691896757,-0.21654089898465786,0.13152599882346122
74.77447533607483,0.46524227261272777,-0.06933021168464415,0.5157549519034421,0.3058971807156152,0.9170733951299188,-0.2182019679904974,0.13338367193999426
74.79952764511108,0.4630722738293379,-0.07073265380201756,0.517709504784066,0.30910719058544356,0.9153217576039694,-0.2198684757560263,0.13526521413091855
74.82450294494629,0.4609025497555829,-0.07209551634593976,0.5196169476068043,0.31228123973074673,0.913575714793523,-0.22149533693388335,0.13711183890634
74.84450459480286,0.45912765234935726,-0.07318775746388609,0.5212690349692812,0.31486495042588575,0.9121171074867382,-0.22283999063659493,0.1387255700886279
74.86946535110474,0.456906417441365,-0.07451153463441834,0.5232344540691805,0.31806128955103585,0.9103058997682244,-0.22449136701616185,0.1406549361789608
74.89446878433228,0.4546527993713496,-0.07582146108458933,0.5252944905336198,0.3212799511630687,0.9084430143167058,-0.22616165145969197,0.14269334297314387
74.91947627067566,0.4523668773751609,-0.07710555384430696,0.5273411024256679,0.32451088287297525,0.9065498669324029,-0.22784206476672442,0.14473430548655616
74.93950724601746,0.4505433613346856,-0.0781038290166507,0.5289460026503345,0.3270630012512505,0.9050462330558998,-0.22914037720395092,0.14634137070112962
74.96447563171387,0.4481914444673659,-0.07936223733932848,0.5310945539224233,0.3303308518310691,0.9030834287693443,-0.23079779493939914,0.14850665595143686
74.98946332931519,0.4458690850766764,-0.08055809542259501,0.5331217195569725,0.33352293470388145,0.9011495060255567,-0.2324250257614823,0.1505676831733174
75.00948214530945,0.4439732413185818,-0.08150835610377753,0.534857531914405,0.33610690477757593,0.8995498649381922,-0.23373940611617128,0.15234198068483248
75.03445076942444,0.44157157494238186,-0.08267630934960016,0.536986883421197,0.3393511139680091,0.8975308435869128,-0.2353693110191871,0.1545331475418492
75.0545883178711,0.43965831098627933,-0.08357720588850384,0.538646158534363,0.34191124268554635,0.8959226490107864,-0.23665212059366944,0.1562532653522533
75.07944941520691,0.437209083376938,-0.08469912802257912,0.5408598229643815,0.34516257264312555,0.8938385294753111,-0.23827434644945814,0.15855856172365146
75.09949350357056,0.4352498904181036,-0.08556838982460621,0.5425149791192974,0.3477367899279654,0.8921954376631903,-0.23952367571567784,0.16029608452871155
75.12448787689209,0.4327662879726918,-0.08663572251996526,0.5447362510272966,0.35097371986900533,0.8900737528385151,-0.24111084904842367,0.16263985040701895
75.14947652816772,0.4302821508522498,-0.08765967466755145,0.5468801736783512,0.35417895965066004,0.8879534062678601,-0.2426844104827611,0.16492510344611222
75.16951727867126,0.4282642947089345,-0.08846594614302339,0.5486213161708353,0.35675713492202665,0.886231347570427,-0.24392437314856003,0.16679102328907117
75.19447135925293,0.42570546382255103,-0.08944912099078682,0.5508609928574238,0.35999996948788776,0.8840219450274699,-0.24550755560264637,0.1692077504743276
75.21946334838867,0.42316054242787565,-0.09038797623707596,0.5529975195600588,0.36319253000027535,0.8818365444457615,-0.24704244970930517,0.1715386926427584
75.23948121070862,0.4210683261554766,-0.09113164542235228,0.5548204901992443,0.36579306598509354,0.88001827740218,-0.24829242137792934,0.17353425541259623
75.26445007324219,0.4184842764309948,-0.09201648111438343,0.5569552115550284,0.3689771652937229,0.8777906585801358,-0.24979807015417746,0.17589865078649744
75.28458714485168,0.41637797420842027,-0.09270840189008894,0.5587781061750018,0.37154671349296253,0.8759501763949755,-0.25101453582878536,0.17792141795985025
75.30945944786072,0.4137409920971754,-0.09353642353546723,0.5609577323301883,0.37473739559276514,0.8736539495994012,-0.2525198813176097,0.1803728644587562
75.32946372032166,0.41160488708927256,-0.09418673028247967,0.5627227775936502,0.3772966330889995,0.871799202462304,-0.25368494869439656,0.1823659728450333
75.3494713306427,0.40945443110916063,-0.09480823752604384,0.5645340599274328,0.37985322706914504,0.8699030390880677,-0.25488752531802816,0.18442499263318793
75.36949682235718,0.4073134795699861,-0.09541025604196457,0.5662326484261797,0.3823810711160933,0.8680405247739899,-0.25603234130907376,0.1863808037486636
75.39448499679565,0.40457651018149293,-0.09614611032629261,0.5684997376751258,0.38557923147712286,0.8656354521435276,-0.25746103322252306,0.1889913665164819
75.41951203346252,0.40187640905531463,-0.09682889341673342,0.5706422094903835,0.38870698512262103,0.8632605951403137,-0.25887521484820386,0.19149842749268137
75.4444887638092,0.3991028723198324,-0.09749469459409504,0.5728981554822018,0.3918822379114698,0.8608076981993178,-0.26028089828893536,0.1941449775713821
75.46945786476135,0.39635512567000286,-0.09811620280216764,0.5750402266366419,0.39500211089114684,0.8583827365065309,-0.2616522281368521,0.19669906347037233
75.4894769191742,0.39411885873883745,-0.09860144283389244,0.5768073845064994,0.3975175657673886,0.8564019880875643,-0.26273403967330206,0.19881208238681836
75.51447105407715,0.3913083195057465,-0.09916682041557015,0.5789915564067374,0.4006510055149136,0.8538987503471779,-0.2641036295128362,0.20145711408029404
75.53448247909546,0.3890739323614783,-0.09959463165014348,0.580688932823657,0.40312191533825986,0.8519132045228602,-0.26516027406027964,0.20353535907523332
75.55949759483337,0.38622158064962553,-0.1000978078761911,0.5829130886811665,0.4062415678020396,0.8493478999046827,-0.2665132651478081,0.20626830347268682
75.5844669342041,0.3834098909578176,-0.10055812628411809,0.5850014758586245,0.409293890033123,0.8468265136814267,-0.26782671632219984,0.20888326245007
75.6045286655426,0.3811010664605184,-0.1009081527499035,0.5867669622859009,0.4117697405984854,0.8447428168308316,-0.26887491389627466,0.21109603221623505
75.62945818901062,0.3782582387136247,-0.1013112335914407,0.5888347178898833,0.4148030968146917,0.8421833139678709,-0.27015108435933005,0.2137382702431002
75.6544554233551,0.3753345474444082,-0.10169368983231733,0.5910027028588277,0.41788635166123295,0.8395402873233215,-0.2714128240555962,0.2165136993229411
75.6744921207428,0.37305080595165224,-0.10195895964306154,0.5926376732631778,0.4202777305333731,0.8374675932617763,-0.27241037580682886,0.21864868306675336
75.69453763961792,0.370716758102949,-0.1022202950033132,0.594320284335368,0.4227002302593302,0.8353544057094399,-0.2733753741644393,0.22084708963667576
75.71945261955261,0.36780362806296146,-0.10249794754057205,0.5964032748795092,0.42569626686100664,0.8326916054385248,-0.2746041504044783,0.22360666178235358
75.73949790000916,0.36547955233969415,-0.10270616452219727,0.5980062693385819,0.42807233107157683,0.8305796640001364,-0.2755403875794127,0.22576314121874785
75.7644579410553,0.36249847211323727,-0.10294004663486418,0.6000928273140789,0.43108666398669393,0.8278559874929549,-0.2767124518794328,0.22858033834903324
75.78448677062988,0.3601767025177119,-0.1030973138185545,0.6016454292993467,0.4334220780654264,0.8257342458286783,-0.27762308827704796,0.23072424746156558
75.80450701713562,0.35777308614497694,-0.10324619014680744,0.6032909916218903,0.4358154779754497,0.82353528888571,-0.278514635849622,0.23298947344142087
75.82947516441345,0.3548264836335214,-0.10339086647100887,0.6052265202650617,0.43873213711130155,0.8208320484120253,-0.27961675475144027,0.23571875323729458
75.85445523262024,0.3518318216256951,-0.10350559283605532,0.6072298506804252,0.44165874872606686,0.8180687553618408,-0.28070719476196493,0.2385467081795936
75.87446093559265,0.3494560708120033,-0.10356284942470251,0.6087647086079431,0.4439657650900948,0.815865861292126,-0.28158317174200514,0.24076588877525604
75.89946746826172,0.34646885323981474,-0.10361994308026368,0.610668797097846,0.4468433982379399,0.8131057333492808,-0.28262446319303836,0.243543541590706
75.91948199272156,0.34405382039031035,-0.10364059349973172,0.6122147204575323,0.44914791041516533,0.810859371709369,-0.28345686915024937,0.2458158603758425
75.94444632530212,0.3410771982816003,-0.10364522223031819,0.6140384868614128,0.4519755827242446,0.8080984158303804,-0.2844525764317708,0.24855935853400735
75.96447491645813,0.33864386741276464,-0.1036207554901751,0.6155699839972816,0.4542557878460061,0.8058259781753228,-0.28524602696826773,0.25086027227325247
75.9894666671753,0.33567175222479173,-0.10356885993634124,0.6173457623001111,0.45703293025086117,0.8030533028974575,-0.28620093860653295,0.2536046452897403
76.01444602012634,0.3326315941442132,-0.10347787427182731,0.6191913513302277,0.4598360505466317,0.8001980432812893,-0.2871572307625022,0.25646563701065506
76.03444862365723,0.33024656018036497,-0.10338743576904463,0.6205687048069162,0.4620272714187567,0.7979608398748351,-0.28789223766182875,0.25866456654449216
76.05447220802307,0.32781903411883506,-0.10328825200201405,0.621985268785496,0.46423848803946294,0.7956833705412089,-0.28859852679489545,0.26092430013095735
76.07448267936707,0.32539222147930347,-0.10315769291825022,0.6233895215182429,0.4664304533227006,0.7933881506664924,-0.28931859981193764,0.2631969270300205
76.0994725227356,0.32239233051295724,-0.10298939377244276,0.6250531607361531,0.46913078654960666,0.7905689183024004,-0.29014752619760625,0.26595395008709183
76.11949229240417,0.3199554561933967,-0.10282262065010879,0.6264377359990091,0.4712946080876107,0.788257576125929,-0.29081832547748454,0.2682463189572125
76.14445185661316,0.3169760166786567,-0.10259720232991275,0.6280399386749714,0.47393261085242505,0.7854341642096108,-0.29162613289450856,0.2709893958736188
76.16449975967407,0.3146454823089535,-0.10234571200168974,0.6294683070525323,0.4759271344584504,0.7831469362093868,-0.29234193905524114,0.2733320867762124
76.18945717811584,0.3121740762194125,-0.10184523825284764,0.6315080301160084,0.477863288481313,0.780449917636728,-0.2935078248615906,0.2764014477669482
76.2094829082489,0.31059341220077435,-0.10124555700693808,0.6335143404172623,0.47887406579105035,0.7783946769346808,-0.2947482120592197,0.2791143986260765
76.23446917533875,0.3090473311007917,-0.10026180502960866,0.636417771294369,0.4795483979144633,0.7759279418880618,-0.2966573348132717,0.28277833855604273
76.25449967384338,0.3080584371078701,-0.09937318907759368,0.6388654746411482,0.4797715078540497,0.7740630148660315,-0.2983182325315599,0.2857481083178121
76.27946400642395,0.30704950915659956,-0.09822950952183176,0.6418627393531393,0.4798088167107208,0.7719149803688713,-0.30038706680934046,0.28930671022716314
