{
  "scalar_metrics": {
    "MeanAbsCutpointError": 13.125,
    "MeanStageSubgoalError": 0.8349307219965878,
    "MeanConstraintError": 0.014910202152429105,
    "MeanConstraintErrorRaw": 0.005483207318356065
  },
  "all_metrics": {
    "MeanAbsCutpointError": 13.125,
    "MeanStageSubgoalError": 0.8349307219965878,
    "MeanConstraintError": 0.014910202152429105,
    "MeanConstraintErrorRaw": 0.005483207318356065,
    "ConstraintErrorMatrix": [
      [
        NaN,
        NaN,
        NaN,
        NaN
      ],
      [
        0.0026252424017248898,
        0.010687347513941207,
        0.0,
        NaN
      ],
      [
        NaN,
        NaN,
        NaN,
        NaN
      ],
      [
        0.06123842084647944,
        NaN,
        0.0,
        NaN
      ],
      [
        NaN,
        NaN,
        NaN,
        NaN
      ]
    ],
    "ConstraintErrorMatrixRaw": [
      [
        NaN,
        NaN,
        NaN,
        NaN
      ],
      [
        0.0008803486126238713,
        0.005999999999999506,
        0.0,
        NaN
      ],
      [
        NaN,
        NaN,
        NaN,
        NaN
      ],
      [
        0.020535687979156947,
        NaN,
        0.0,
        NaN
      ],
      [
        NaN,
        NaN,
        NaN,
        NaN
      ]
    ],
    "ConstraintTrueActiveMask": [
      [
        0,
        0,
        0,
        0
      ],
      [
        1,
        1,
        1,
        0
      ],
      [
        0,
        0,
        0,
        0
      ],
      [
        1,
        0,
        1,
        0
      ],
      [
        0,
        0,
        0,
        0
      ]
    ],
    "ConstraintPredictedActiveMask": [
      [
        0,
        0,
        0,
        0
      ],
      [
        1,
        1,
        1,
        0
      ],
      [
        0,
        0,
        0,
        0
      ],
      [
        1,
        0,
        1,
        0
      ],
      [
        0,
        0,
        0,
        0
      ]
    ],
    "ConstraintTargetMatrix": [
      [
        NaN,
        NaN,
        NaN,
        NaN
      ],
      [
        0.0,
        0.12,
        0.047,
        NaN
      ],
      [
        NaN,
        NaN,
        NaN,
        NaN
      ],
      [
        0.0868,
        NaN,
        0.047,
        NaN
      ],
      [
        NaN,
        NaN,
        NaN,
        NaN
      ]
    ],
    "ConstraintSemanticsMatrix": [
      [
        "",
        "",
        "",
        ""
      ],
      [
        "target_value",
        "upper_bound",
        "upper_bound",
        ""
      ],
      [
        "",
        "",
        "",
        ""
      ],
      [
        "target_value",
        "",
        "upper_bound",
        ""
      ],
      [
        "",
        "",
        "",
        ""
      ]
    ],
    "ConstraintFeatureNames": [
      "surface_distance",
      "tool_normal_alignment_error",
      "speed",
      "angular_speed"
    ],
    "ConstraintFeatureScales": [
      0.3353399335792561,
      0.5614115188238009,
      0.03885278069884934,
      0.11425152491966827
    ]
  }
}
