{
  "ModelObjectiveFinal": 551.784118161434,
  "SegmentationObjectiveFinal": 551.784118161434,
  "PosthocObjectiveFinal": -2166666676.9413834,
  "PosthocFeatureObjectiveFinal": -2166666676.9413834
}
