{
  "scalar_metrics": {
    "MeanAbsCutpointError": 0.0,
    "MeanStageSubgoalError": 0.07738985814113822,
    "MeanConstraintError": 0.012989848538229097,
    "MeanConstraintErrorRaw": 0.0036463775394557476
  },
  "all_metrics": {
    "MeanAbsCutpointError": 0.0,
    "MeanStageSubgoalError": 0.07738985814113822,
    "MeanConstraintError": 0.012989848538229097,
    "MeanConstraintErrorRaw": 0.0036463775394557476,
    "ConstraintErrorMatrix": [
      [
        NaN,
        NaN,
        NaN,
        NaN,
        NaN,
        NaN
      ],
      [
        0.02317340695072153,
        0.0003723518571666115,
        NaN,
        0.0013516237223186755,
        NaN,
        NaN
      ],
      [
        0.053784019721508126,
        0.0003723518571666674,
        0.011651478164489337,
        0.009072591875663276,
        NaN,
        NaN
      ],
      [
        0.03411160683037149,
        0.0003723518571666674,
        0.00756691008885357,
        0.0010596409950941242,
        NaN,
        NaN
      ]
    ],
    "ConstraintErrorMatrixRaw": [
      [
        NaN,
        NaN,
        NaN,
        NaN,
        NaN,
        NaN
      ],
      [
        0.006939888447451831,
        0.0003696770565963514,
        NaN,
        0.00012163427895471677,
        NaN,
        NaN
      ],
      [
        0.01610704450651327,
        0.00036967705659640693,
        0.0028525606499223907,
        0.0008164536866470742,
        NaN,
        NaN
      ],
      [
        0.01021562115011937,
        0.00036967705659640693,
        0.0018525606499225217,
        9.535839469288626e-05,
        NaN,
        NaN
      ]
    ],
    "ConstraintTrueActiveMask": [
      [
        0,
        0,
        0,
        0,
        0,
        0
      ],
      [
        1,
        1,
        0,
        1,
        0,
        0
      ],
      [
        1,
        1,
        1,
        1,
        0,
        0
      ],
      [
        1,
        1,
        1,
        1,
        0,
        0
      ]
    ],
    "ConstraintPredictedActiveMask": [
      [
        1,
        1,
        1,
        1,
        1,
        1
      ],
      [
        1,
        1,
        1,
        1,
        1,
        1
      ],
      [
        1,
        1,
        1,
        1,
        1,
        1
      ],
      [
        1,
        1,
        1,
        1,
        1,
        1
      ]
    ],
    "ConstraintTargetMatrix": [
      [
        NaN,
        NaN,
        NaN,
        NaN,
        NaN,
        NaN
      ],
      [
        0.0,
        0.4,
        NaN,
        0.007,
        NaN,
        NaN
      ],
      [
        0.0,
        0.72,
        0.06,
        0.045,
        NaN,
        NaN
      ],
      [
        0.0,
        1.0,
        0.04,
        0.018,
        NaN,
        NaN
      ]
    ],
    "ConstraintSemanticsMatrix": [
      [
        "",
        "",
        "",
        "",
        "",
        ""
      ],
      [
        "target_value",
        "lower_bound",
        "",
        "target_value",
        "",
        ""
      ],
      [
        "target_value",
        "lower_bound",
        "upper_bound",
        "target_value",
        "",
        ""
      ],
      [
        "target_value",
        "lower_bound",
        "upper_bound",
        "target_value",
        "",
        ""
      ]
    ],
    "ConstraintFeatureNames": [
      "surf dist",
      "force",
      "orient err",
      "speed",
      "noise",
      "start_dist"
    ],
    "ConstraintFeatureScales": [
      0.2994763981925303,
      0.9928164704464917,
      0.2448239278872144,
      0.08999122828804478,
      2.167415134128614,
      2.126581024569993
    ],
    "ConstraintLearnedValueMatrix": [
      [
        0.18439711790447144,
        0.006232524865319888,
        0.30531621098662465,
        0.07653521746476377,
        1.0199864656676636,
        2.2581444507409856
      ],
      [
        0.006939888447451831,
        0.39963032294340367,
        0.1260605388150779,
        0.006878365721045283,
        1.2772622057944958,
        1.5680294401790436
      ],
      [
        0.01610704450651327,
        0.7196303229434036,
        0.05714743935007761,
        0.04581645368664707,
        2.1398360258638918,
        1.1774037718105068
      ],
      [
        0.01021562115011937,
        0.9996303229434036,
        0.03814743935007748,
        0.018095358394692885,
        2.4597175383749907,
        0.09691644196257643
      ]
    ],
    "ConstraintLearnedValuePerDemo": []
  },
  "objectives": {
    "ModelObjectiveFinal": 183.3726551363567,
    "TrainingLogLikelihoodFinal": 183.3726551363567
  }
}
