{
  "scalar_metrics": {
    "MeanAbsCutpointError": 6.166666666666667,
    "MeanStageSubgoalError": 0.17255051018752599,
    "MeanConstraintError": 0.15519729022464254,
    "MeanConstraintErrorRaw": 0.07955242492122455
  },
  "all_metrics": {
    "MeanAbsCutpointError": 6.166666666666667,
    "MeanStageSubgoalError": 0.17255051018752599,
    "MeanConstraintError": 0.15519729022464254,
    "MeanConstraintErrorRaw": 0.07955242492122455,
    "ConstraintErrorMatrix": [
      [
        NaN,
        NaN,
        NaN,
        NaN
      ],
      [
        0.27705075546755326,
        0.39062915221639044,
        NaN,
        0.6099018136926805
      ],
      [
        0.04697234784542465,
        0.3214775702493343,
        0.011710553279880135,
        0.0054229055135964635
      ],
      [
        0.03503552192221346,
        0.0003723518571666674,
        0.00756691008885357,
        0.0010303103379740357
      ]
    ],
    "ConstraintErrorMatrixRaw": [
      [
        NaN,
        NaN,
        NaN,
        NaN
      ],
      [
        0.08297016236394232,
        0.3878230561569821,
        NaN,
        0.054885813349310565
      ],
      [
        0.014067109547394437,
        0.3191682266226582,
        0.0028670236517127565,
        0.00048801392805855603
      ],
      [
        0.010492311914059922,
        0.00036967705659640693,
        0.0018525606499225217,
        9.271889283215401e-05
      ]
    ],
    "ConstraintTrueActiveMask": [
      [
        0,
        0,
        0,
        0
      ],
      [
        1,
        1,
        0,
        1
      ],
      [
        1,
        1,
        1,
        1
      ],
      [
        1,
        1,
        1,
        1
      ]
    ],
    "ConstraintPredictedActiveMask": [
      [
        1,
        1,
        1,
        1
      ],
      [
        1,
        1,
        1,
        1
      ],
      [
        1,
        1,
        1,
        1
      ],
      [
        1,
        1,
        1,
        1
      ]
    ],
    "ConstraintTargetMatrix": [
      [
        NaN,
        NaN,
        NaN,
        NaN
      ],
      [
        0.0,
        0.4,
        NaN,
        0.007
      ],
      [
        0.0,
        0.72,
        0.06,
        0.045
      ],
      [
        0.0,
        1.0,
        0.04,
        0.018
      ]
    ],
    "ConstraintSemanticsMatrix": [
      [
        "",
        "",
        "",
        ""
      ],
      [
        "target_value",
        "lower_bound",
        "",
        "target_value"
      ],
      [
        "target_value",
        "lower_bound",
        "upper_bound",
        "target_value"
      ],
      [
        "target_value",
        "lower_bound",
        "upper_bound",
        "target_value"
      ]
    ],
    "ConstraintFeatureNames": [
      "surface_distance",
      "force",
      "orientation_error",
      "speed"
    ],
    "ConstraintFeatureScales": [
      0.2994763981925303,
      0.9928164704464917,
      0.2448239278872144,
      0.08999122828804478
    ],
    "ConstraintLearnedValueMatrix": [
      [
        0.2778544049107933,
        0.006298299378773908,
        0.3257579082310663,
        0.09078307503727479
      ],
      [
        0.08297016236394232,
        0.012176943843017929,
        0.2254185318779461,
        0.061885813349310564
      ],
      [
        0.014067109547394437,
        0.40083177337734177,
        0.05713297634828724,
        0.045488013928058554
      ],
      [
        0.010492311914059922,
        0.9996303229434036,
        0.03814743935007748,
        0.018092718892832153
      ]
    ],
    "ConstraintLearnedValuePerDemo": []
  }
}
