{
  "scalar_metrics": {
    "MeanAbsCutpointError": 0.0,
    "MeanStageSubgoalError": 0.07738985814113822,
    "MeanConstraintError": 0.012959928539299857,
    "MeanConstraintErrorRaw": 0.0036394186804588223
  },
  "all_metrics": {
    "MeanAbsCutpointError": 0.0,
    "MeanStageSubgoalError": 0.07738985814113822,
    "MeanConstraintError": 0.012959928539299857,
    "MeanConstraintErrorRaw": 0.0036394186804588223,
    "ConstraintErrorMatrix": [
      [
        NaN,
        NaN,
        NaN,
        NaN
      ],
      [
        0.022944810789614054,
        0.0003723518571666115,
        NaN,
        0.001329862771601746
      ],
      [
        0.05354196185319401,
        0.0003723518571666674,
        0.011651478164489337,
        0.008989641430246106
      ],
      [
        0.03435823766524733,
        0.0003723518571666674,
        0.00756691008885357,
        0.0010592555975523306
      ]
    ],
    "ConstraintErrorMatrixRaw": [
      [
        NaN,
        NaN,
        NaN,
        NaN
      ],
      [
        0.006871429292482724,
        0.0003696770565963514,
        NaN,
        0.00011967598427098467
      ],
      [
        0.016034553887956396,
        0.00036967705659640693,
        0.0028525606499223907,
        0.0008089888741769427
      ],
      [
        0.010289481264231203,
        0.00036967705659640693,
        0.0018525606499225217,
        9.532371229472106e-05
      ]
    ],
    "ConstraintTrueActiveMask": [
      [
        0,
        0,
        0,
        0
      ],
      [
        1,
        1,
        0,
        1
      ],
      [
        1,
        1,
        1,
        1
      ],
      [
        1,
        1,
        1,
        1
      ]
    ],
    "ConstraintPredictedActiveMask": [
      [
        1,
        1,
        1,
        1
      ],
      [
        1,
        1,
        1,
        1
      ],
      [
        1,
        1,
        1,
        1
      ],
      [
        1,
        1,
        1,
        1
      ]
    ],
    "ConstraintTargetMatrix": [
      [
        NaN,
        NaN,
        NaN,
        NaN
      ],
      [
        0.0,
        0.4,
        NaN,
        0.007
      ],
      [
        0.0,
        0.72,
        0.06,
        0.045
      ],
      [
        0.0,
        1.0,
        0.04,
        0.018
      ]
    ],
    "ConstraintSemanticsMatrix": [
      [
        "",
        "",
        "",
        ""
      ],
      [
        "target_value",
        "lower_bound",
        "",
        "target_value"
      ],
      [
        "target_value",
        "lower_bound",
        "upper_bound",
        "target_value"
      ],
      [
        "target_value",
        "lower_bound",
        "upper_bound",
        "target_value"
      ]
    ],
    "ConstraintFeatureNames": [
      "surface_distance",
      "force",
      "orientation_error",
      "speed"
    ],
    "ConstraintFeatureScales": [
      0.2994763981925303,
      0.9928164704464917,
      0.2448239278872144,
      0.08999122828804478
    ],
    "ConstraintLearnedValueMatrix": [
      [
        0.18291818011151317,
        0.006232524865319888,
        0.30531621098662465,
        0.07638619252280349
      ],
      [
        0.006871429292482724,
        0.39963032294340367,
        0.1260605388150779,
        0.0068803240157290155
      ],
      [
        0.016034553887956396,
        0.7196303229434036,
        0.05714743935007761,
        0.04580898887417694
      ],
      [
        0.010289481264231203,
        0.9996303229434036,
        0.03814743935007748,
        0.01809532371229472
      ]
    ],
    "ConstraintLearnedValuePerDemo": []
  }
}
