{
  "ModelObjectiveFinal": 183.3726551363567,
  "TrainingLogLikelihoodFinal": 183.3726551363567
}
