{
  "ModelObjectiveFinal": 2414.6172040953716,
  "SegmentationObjectiveFinal": 2414.6172040953716,
  "PosthocObjectiveFinal": -5999998919.940501,
  "PosthocFeatureObjectiveFinal": -5999998919.940501
}
