{
  "scalar_metrics": {
    "MeanAbsCutpointError": 6.85,
    "MeanStageSubgoalError": 0.6943772415619514,
    "MeanConstraintError": 0.011088966388121846,
    "MeanConstraintErrorRaw": 0.0040952869388544534
  },
  "all_metrics": {
    "MeanAbsCutpointError": 6.85,
    "MeanStageSubgoalError": 0.6943772415619514,
    "MeanConstraintError": 0.011088966388121846,
    "MeanConstraintErrorRaw": 0.0040952869388544534,
    "ConstraintErrorMatrix": [
      [
        NaN,
        NaN,
        NaN,
        NaN
      ],
      [
        0.0012442196116328405,
        0.011801404958009572,
        0.001322812616591018,
        NaN
      ],
      [
        NaN,
        NaN,
        NaN,
        NaN
      ],
      [
        0.03975358213778478,
        NaN,
        0.001322812616591018,
        NaN
      ],
      [
        NaN,
        NaN,
        NaN,
        NaN
      ]
    ],
    "ConstraintErrorMatrixRaw": [
      [
        NaN,
        NaN,
        NaN,
        NaN
      ],
      [
        0.00041723652192296456,
        0.006625444681730888,
        5.1394948498081905e-05,
        NaN
      ],
      [
        NaN,
        NaN,
        NaN,
        NaN
      ],
      [
        0.01333096359362225,
        NaN,
        5.1394948498081905e-05,
        NaN
      ],
      [
        NaN,
        NaN,
        NaN,
        NaN
      ]
    ],
    "ConstraintTrueActiveMask": [
      [
        0,
        0,
        0,
        0
      ],
      [
        1,
        1,
        1,
        0
      ],
      [
        0,
        0,
        0,
        0
      ],
      [
        1,
        0,
        1,
        0
      ],
      [
        0,
        0,
        0,
        0
      ]
    ],
    "ConstraintPredictedActiveMask": [
      [
        1,
        1,
        1,
        1
      ],
      [
        1,
        1,
        1,
        1
      ],
      [
        1,
        1,
        1,
        1
      ],
      [
        1,
        1,
        1,
        1
      ],
      [
        1,
        1,
        1,
        1
      ]
    ],
    "ConstraintTargetMatrix": [
      [
        NaN,
        NaN,
        NaN,
        NaN
      ],
      [
        0.0,
        0.12,
        0.047,
        NaN
      ],
      [
        NaN,
        NaN,
        NaN,
        NaN
      ],
      [
        0.0868,
        NaN,
        0.047,
        NaN
      ],
      [
        NaN,
        NaN,
        NaN,
        NaN
      ]
    ],
    "ConstraintSemanticsMatrix": [
      [
        "",
        "",
        "",
        ""
      ],
      [
        "target_value",
        "upper_bound",
        "upper_bound",
        ""
      ],
      [
        "",
        "",
        "",
        ""
      ],
      [
        "target_value",
        "",
        "upper_bound",
        ""
      ],
      [
        "",
        "",
        "",
        ""
      ]
    ],
    "ConstraintFeatureNames": [
      "surface_distance",
      "tool_normal_alignment_error",
      "speed",
      "angular_speed"
    ],
    "ConstraintFeatureScales": [
      0.3353399335792561,
      0.5614115188238009,
      0.03885278069884934,
      0.11425152491966827
    ],
    "ConstraintLearnedValueMatrix": [
      [
        0.22535087682721033,
        0.23848816137495035,
        0.08145441987230065,
        0.08803471612228674
      ],
      [
        0.00041723652192296456,
        0.11337455531826911,
        0.04694860505150192,
        0.12469589463965608
      ],
      [
        0.0019265476145376714,
        0.11337455531826911,
        0.04702284219933248,
        0.1485512424995446
      ],
      [
        0.07346903640637775,
        0.45811651828600725,
        0.04694860505150192,
        0.08266983626887159
      ],
      [
        0.31475907997634106,
        0.7590002199199757,
        0.06359274105446164,
        0.05997403139621364
      ]
    ],
    "ConstraintLearnedValuePerDemo": []
  }
}
