{
  "scalar_metrics": {
    "MeanAbsCutpointError": 0.675,
    "MeanStageSubgoalError": 0.6466201284972043,
    "MeanConstraintError": 0.005159530096471446,
    "MeanConstraintErrorRaw": 0.0021069101666499777
  },
  "all_metrics": {
    "MeanAbsCutpointError": 0.675,
    "MeanStageSubgoalError": 0.6466201284972043,
    "MeanConstraintError": 0.005159530096471446,
    "MeanConstraintErrorRaw": 0.0021069101666499777,
    "ConstraintErrorMatrix": [
      [
        NaN,
        NaN,
        NaN,
        NaN
      ],
      [
        0.0022337667546868797,
        0.011801404958009572,
        0.001322812616591018,
        NaN
      ],
      [
        NaN,
        NaN,
        NaN,
        NaN
      ],
      [
        0.009116853536478745,
        NaN,
        0.001322812616591018,
        NaN
      ],
      [
        NaN,
        NaN,
        NaN,
        NaN
      ]
    ],
    "ConstraintErrorMatrixRaw": [
      [
        NaN,
        NaN,
        NaN,
        NaN
      ],
      [
        0.0007490711951482487,
        0.006625444681730888,
        5.1394948498081905e-05,
        NaN
      ],
      [
        NaN,
        NaN,
        NaN,
        NaN
      ],
      [
        0.0030572450593745887,
        NaN,
        5.1394948498081905e-05,
        NaN
      ],
      [
        NaN,
        NaN,
        NaN,
        NaN
      ]
    ],
    "ConstraintTrueActiveMask": [
      [
        0,
        0,
        0,
        0
      ],
      [
        1,
        1,
        1,
        0
      ],
      [
        0,
        0,
        0,
        0
      ],
      [
        1,
        0,
        1,
        0
      ],
      [
        0,
        0,
        0,
        0
      ]
    ],
    "ConstraintPredictedActiveMask": [
      [
        1,
        1,
        1,
        1
      ],
      [
        1,
        1,
        1,
        1
      ],
      [
        1,
        1,
        1,
        1
      ],
      [
        1,
        1,
        1,
        1
      ],
      [
        1,
        1,
        1,
        1
      ]
    ],
    "ConstraintTargetMatrix": [
      [
        NaN,
        NaN,
        NaN,
        NaN
      ],
      [
        0.0,
        0.12,
        0.047,
        NaN
      ],
      [
        NaN,
        NaN,
        NaN,
        NaN
      ],
      [
        0.0868,
        NaN,
        0.047,
        NaN
      ],
      [
        NaN,
        NaN,
        NaN,
        NaN
      ]
    ],
    "ConstraintSemanticsMatrix": [
      [
        "",
        "",
        "",
        ""
      ],
      [
        "target_value",
        "upper_bound",
        "upper_bound",
        ""
      ],
      [
        "",
        "",
        "",
        ""
      ],
      [
        "target_value",
        "",
        "upper_bound",
        ""
      ],
      [
        "",
        "",
        "",
        ""
      ]
    ],
    "ConstraintFeatureNames": [
      "surface_distance",
      "tool_normal_alignment_error",
      "speed",
      "angular_speed"
    ],
    "ConstraintFeatureScales": [
      0.3353399335792561,
      0.5614115188238009,
      0.03885278069884934,
      0.11425152491966827
    ],
    "ConstraintLearnedValueMatrix": [
      [
        0.2009998983523806,
        0.2267178409216674,
        0.0814479626024073,
        0.0902908298030261
      ],
      [
        0.0007490711951482487,
        0.11337455531826911,
        0.04694860505150192,
        0.1278076620937897
      ],
      [
        0.045435073735749405,
        0.28643505962057464,
        0.03888589202726486,
        0.07594793349403073
      ],
      [
        0.08985724505937459,
        0.54359651120799,
        0.04694860505150192,
        0.08333299851524593
      ],
      [
        0.27918092943405287,
        0.7589279911751616,
        0.06263419823336894,
        0.06803477458354841
      ]
    ],
    "ConstraintLearnedValuePerDemo": []
  }
}
