{
  "ModelObjectiveFinal": -512.9898323443292,
  "TrainingLogLikelihoodFinal": -512.9898323443292
}
