{
  "ModelObjectiveFinal": -45.834421751699736,
  "TrainingTotalCostFinal": -45.834421751699736
}
