{
  "scalar_metrics": {
    "MeanAbsCutpointError": 20.166666666666668,
    "MeanStageSubgoalError": 0.4553881846754176,
    "MeanConstraintError": 0.27118782620418674,
    "MeanConstraintErrorRaw": 0.1170785004420118
  },
  "all_metrics": {
    "MeanAbsCutpointError": 20.166666666666668,
    "MeanStageSubgoalError": 0.4553881846754176,
    "MeanConstraintError": 0.27118782620418674,
    "MeanConstraintErrorRaw": 0.1170785004420118,
    "ConstraintErrorMatrix": [
      [
        NaN,
        NaN,
        NaN,
        NaN
      ],
      [
        0.27830849792577195,
        0.39062915221639044,
        NaN,
        0.6107199552012171
      ],
      [
        0.02280640183317504,
        0.3226877137851258,
        0.2428186437751693,
        0.423711907544796
      ],
      [
        0.04932425175089532,
        0.2811881500083395,
        0.06808264864537235,
        0.29278876555980143
      ]
    ],
    "ConstraintErrorMatrixRaw": [
      [
        NaN,
        NaN,
        NaN,
        NaN
      ],
      [
        0.08334682654518347,
        0.3878230561569821,
        NaN,
        0.054959438908577206
      ],
      [
        0.006829979076730781,
        0.3203696770565963,
        0.05944781413328325,
        0.03813035500022666
      ],
      [
        0.014771449257899735,
        0.2791682266226583,
        0.016668261462325196,
        0.026348420641666915
      ]
    ],
    "ConstraintTrueActiveMask": [
      [
        0,
        0,
        0,
        0
      ],
      [
        1,
        1,
        0,
        1
      ],
      [
        1,
        1,
        1,
        1
      ],
      [
        1,
        1,
        1,
        1
      ]
    ],
    "ConstraintPredictedActiveMask": [
      [
        1,
        1,
        1,
        1
      ],
      [
        1,
        1,
        1,
        1
      ],
      [
        1,
        1,
        1,
        1
      ],
      [
        1,
        1,
        1,
        1
      ]
    ],
    "ConstraintTargetMatrix": [
      [
        NaN,
        NaN,
        NaN,
        NaN
      ],
      [
        0.0,
        0.4,
        NaN,
        0.007
      ],
      [
        0.0,
        0.72,
        0.06,
        0.045
      ],
      [
        0.0,
        1.0,
        0.04,
        0.018
      ]
    ],
    "ConstraintSemanticsMatrix": [
      [
        "",
        "",
        "",
        ""
      ],
      [
        "target_value",
        "lower_bound",
        "",
        "target_value"
      ],
      [
        "target_value",
        "lower_bound",
        "upper_bound",
        "target_value"
      ],
      [
        "target_value",
        "lower_bound",
        "upper_bound",
        "target_value"
      ]
    ],
    "ConstraintFeatureNames": [
      "surface_distance",
      "force",
      "orientation_error",
      "speed"
    ],
    "ConstraintFeatureScales": [
      0.2994763981925303,
      0.9928164704464917,
      0.2448239278872144,
      0.08999122828804478
    ],
    "ConstraintLearnedValueMatrix": [
      [
        0.2782931869083327,
        0.006298299378773908,
        0.3257579082310663,
        0.09085432198968463
      ],
      [
        0.08334682654518347,
        0.012176943843017929,
        0.2254185318779461,
        0.061959438908577205
      ],
      [
        0.006829979076730781,
        0.39963032294340367,
        0.11944781413328324,
        0.006869644999773342
      ],
      [
        0.014771449257899735,
        0.7208317733773417,
        0.056668261462325197,
        0.044348420641666914
      ]
    ],
    "ConstraintLearnedValuePerDemo": []
  }
}
