{
  "scalar_metrics": {
    "MeanAbsCutpointError": 20.833333333333332,
    "MeanStageSubgoalError": 0.4884160731441979,
    "MeanConstraintError": 0.28150095292988997,
    "MeanConstraintErrorRaw": 0.11977336955140201
  },
  "all_metrics": {
    "MeanAbsCutpointError": 20.833333333333332,
    "MeanStageSubgoalError": 0.4884160731441979,
    "MeanConstraintError": 0.28150095292988997,
    "MeanConstraintErrorRaw": 0.11977336955140201,
    "ConstraintErrorMatrix": [
      [
        NaN,
        NaN,
        NaN,
        NaN,
        NaN,
        NaN
      ],
      [
        0.3381018669501653,
        0.3970100581740971,
        NaN,
        0.6574301531857787,
        NaN,
        NaN
      ],
      [
        0.022712458812320323,
        0.3226877137851258,
        0.24324218221565772,
        0.4235946109294372,
        NaN,
        NaN
      ],
      [
        0.04936934682620151,
        0.28239829354413104,
        0.06808264864537235,
        0.2918811491605026,
        NaN,
        NaN
      ]
    ],
    "ConstraintErrorMatrixRaw": [
      [
        NaN,
        NaN,
        NaN,
        NaN,
        NaN,
        NaN
      ],
      [
        0.1012535293364056,
        0.39415812468816347,
        NaN,
        0.05916294699878565,
        NaN,
        NaN
      ],
      [
        0.006801845359209885,
        0.3203696770565963,
        0.05955150647789485,
        0.038119799333736486,
        NaN,
        NaN
      ],
      [
        0.014784954168628656,
        0.28036967705659643,
        0.016668261462325196,
        0.026266743127079637,
        NaN,
        NaN
      ]
    ],
    "ConstraintTrueActiveMask": [
      [
        0,
        0,
        0,
        0,
        0,
        0
      ],
      [
        1,
        1,
        0,
        1,
        0,
        0
      ],
      [
        1,
        1,
        1,
        1,
        0,
        0
      ],
      [
        1,
        1,
        1,
        1,
        0,
        0
      ]
    ],
    "ConstraintPredictedActiveMask": [
      [
        1,
        1,
        1,
        1,
        1,
        1
      ],
      [
        1,
        1,
        1,
        1,
        1,
        1
      ],
      [
        1,
        1,
        1,
        1,
        1,
        1
      ],
      [
        1,
        1,
        1,
        1,
        1,
        1
      ]
    ],
    "ConstraintTargetMatrix": [
      [
        NaN,
        NaN,
        NaN,
        NaN,
        NaN,
        NaN
      ],
      [
        0.0,
        0.4,
        NaN,
        0.007,
        NaN,
        NaN
      ],
      [
        0.0,
        0.72,
        0.06,
        0.045,
        NaN,
        NaN
      ],
      [
        0.0,
        1.0,
        0.04,
        0.018,
        NaN,
        NaN
      ]
    ],
    "ConstraintSemanticsMatrix": [
      [
        "",
        "",
        "",
        "",
        "",
        ""
      ],
      [
        "target_value",
        "lower_bound",
        "",
        "target_value",
        "",
        ""
      ],
      [
        "target_value",
        "lower_bound",
        "upper_bound",
        "target_value",
        "",
        ""
      ],
      [
        "target_value",
        "lower_bound",
        "upper_bound",
        "target_value",
        "",
        ""
      ]
    ],
    "ConstraintFeatureNames": [
      "surf dist",
      "force",
      "orient err",
      "speed",
      "noise",
      "start_dist"
    ],
    "ConstraintFeatureScales": [
      0.2994763981925303,
      0.9928164704464917,
      0.2448239278872144,
      0.08999122828804478,
      2.167415134128614,
      2.126581024569993
    ],
    "ConstraintLearnedValueMatrix": [
      [
        0.2962049386830321,
        0.0062173786241642715,
        0.32696186318906645,
        0.09110886285898537,
        0.5079204481328478,
        2.351208088466621
      ],
      [
        0.1012535293364056,
        0.005841875311836553,
        0.23134572464729564,
        0.06616294699878565,
        1.072098247174728,
        1.8636006639251086
      ],
      [
        0.006801845359209885,
        0.39963032294340367,
        0.11955150647789485,
        0.006880200666263513,
        1.2772622057944958,
        1.5680294401790436
      ],
      [
        0.014784954168628656,
        0.7196303229434036,
        0.056668261462325197,
        0.044266743127079636,
        2.436893329341821,
        1.1153776195218514
      ]
    ],
    "ConstraintLearnedValuePerDemo": []
  },
  "objectives": {
    "ModelObjectiveFinal": -67.5015914065098,
    "TrainingLogLikelihoodFinal": -67.5015914065098
  }
}
