{
  "scalar_metrics": {
    "MeanAbsCutpointError": 20.166666666666668,
    "MeanStageSubgoalError": 0.45573209170037715,
    "MeanConstraintError": 0.2715967652667581,
    "MeanConstraintErrorRaw": 0.11726979767214422
  },
  "all_metrics": {
    "MeanAbsCutpointError": 20.166666666666668,
    "MeanStageSubgoalError": 0.45573209170037715,
    "MeanConstraintError": 0.2715967652667581,
    "MeanConstraintErrorRaw": 0.11726979767214422,
    "ConstraintErrorMatrix": [
      [
        NaN,
        NaN,
        NaN,
        NaN
      ],
      [
        0.28141228136632745,
        0.39062915221639044,
        NaN,
        0.6126452710441109
      ],
      [
        0.022743785680025625,
        0.3226877137851258,
        0.2428186437751693,
        0.42354981440481326
      ],
      [
        0.0491802403198799,
        0.28239829354413104,
        0.06808264864537235,
        0.29141657315299285
      ]
    ],
    "ConstraintErrorMatrixRaw": [
      [
        NaN,
        NaN,
        NaN,
        NaN
      ],
      [
        0.08427633643073065,
        0.3878230561569821,
        NaN,
        0.05513270044612165
      ],
      [
        0.0068112270167169225,
        0.3203696770565963,
        0.05944781413328325,
        0.038115768039462546
      ],
      [
        0.014728321233240686,
        0.28036967705659643,
        0.016668261462325196,
        0.02622493536153068
      ]
    ],
    "ConstraintTrueActiveMask": [
      [
        0,
        0,
        0,
        0
      ],
      [
        1,
        1,
        0,
        1
      ],
      [
        1,
        1,
        1,
        1
      ],
      [
        1,
        1,
        1,
        1
      ]
    ],
    "ConstraintPredictedActiveMask": [
      [
        1,
        1,
        1,
        1
      ],
      [
        1,
        1,
        1,
        1
      ],
      [
        1,
        1,
        1,
        1
      ],
      [
        1,
        1,
        1,
        1
      ]
    ],
    "ConstraintTargetMatrix": [
      [
        NaN,
        NaN,
        NaN,
        NaN
      ],
      [
        0.0,
        0.4,
        NaN,
        0.007
      ],
      [
        0.0,
        0.72,
        0.06,
        0.045
      ],
      [
        0.0,
        1.0,
        0.04,
        0.018
      ]
    ],
    "ConstraintSemanticsMatrix": [
      [
        "",
        "",
        "",
        ""
      ],
      [
        "target_value",
        "lower_bound",
        "",
        "target_value"
      ],
      [
        "target_value",
        "lower_bound",
        "upper_bound",
        "target_value"
      ],
      [
        "target_value",
        "lower_bound",
        "upper_bound",
        "target_value"
      ]
    ],
    "ConstraintFeatureNames": [
      "surface_distance",
      "force",
      "orientation_error",
      "speed"
    ],
    "ConstraintFeatureScales": [
      0.2994763981925303,
      0.9928164704464917,
      0.2448239278872144,
      0.08999122828804478
    ],
    "ConstraintLearnedValueMatrix": [
      [
        0.2744322856337284,
        0.006232524865319888,
        0.3257579082310663,
        0.09007850078824586
      ],
      [
        0.08427633643073065,
        0.012176943843017929,
        0.22582028371614993,
        0.06213270044612165
      ],
      [
        0.0068112270167169225,
        0.39963032294340367,
        0.11944781413328324,
        0.006884231960537453
      ],
      [
        0.014728321233240686,
        0.7196303229434036,
        0.056668261462325197,
        0.04422493536153068
      ]
    ],
    "ConstraintLearnedValuePerDemo": []
  }
}
