{
  "ModelObjectiveFinal": -67.5015914065098,
  "TrainingLogLikelihoodFinal": -67.5015914065098
}
