{
  "ModelObjectiveFinal": 1062.9081798517109,
  "SegmentationLogLikelihoodFinal": 1062.9081798517109,
  "PosthocObjectiveFinal": -6000000176.275947,
  "PosthocFeatureObjectiveFinal": -6000000176.275947
}
