{
  "ModelObjectiveFinal": 532.5060641517023,
  "SegmentationObjectiveFinal": 532.5060641517023,
  "PosthocObjectiveFinal": -5833333237.242294,
  "PosthocFeatureObjectiveFinal": -5833333237.242294
}
