{
  "ModelObjectiveFinal": 1076.7427317672616,
  "SegmentationLogLikelihoodFinal": 1076.7427317672616,
  "PosthocObjectiveFinal": -6000000186.89359,
  "PosthocFeatureObjectiveFinal": -6000000186.89359
}
