{
  "scalar_metrics": {
    "MeanAbsCutpointError": 0.0,
    "MeanStageSubgoalError": 0.07738985814113822,
    "MeanConstraintError": 0.012995790334032198,
    "MeanConstraintErrorRaw": 0.003650303665263546
  },
  "all_metrics": {
    "MeanAbsCutpointError": 0.0,
    "MeanStageSubgoalError": 0.07738985814113822,
    "MeanConstraintError": 0.012995790334032198,
    "MeanConstraintErrorRaw": 0.003650303665263546,
    "ConstraintErrorMatrix": [
      [
        NaN,
        NaN,
        NaN,
        NaN
      ],
      [
        0.022806499111928027,
        0.0003723518571666115,
        NaN,
        0.0014485392998180681
      ],
      [
        0.05340562207315178,
        0.0003723518571666674,
        0.011651478164489337,
        0.008892275519694874
      ],
      [
        0.03503499451481799,
        0.0003723518571666674,
        0.00756691008885357,
        0.0010303193301005836
      ]
    ],
    "ConstraintErrorMatrixRaw": [
      [
        NaN,
        NaN,
        NaN,
        NaN
      ],
      [
        0.006830008209421347,
        0.0003696770565963514,
        NaN,
        0.0001303558308141323
      ],
      [
        0.01599372334169899,
        0.00036967705659640693,
        0.0028525606499223907,
        0.0008002267962930534
      ],
      [
        0.010492153967992746,
        0.00036967705659640693,
        0.0018525606499225217,
        9.271970204466698e-05
      ]
    ],
    "ConstraintTrueActiveMask": [
      [
        0,
        0,
        0,
        0
      ],
      [
        1,
        1,
        0,
        1
      ],
      [
        1,
        1,
        1,
        1
      ],
      [
        1,
        1,
        1,
        1
      ]
    ],
    "ConstraintPredictedActiveMask": [
      [
        1,
        1,
        1,
        1
      ],
      [
        1,
        1,
        1,
        1
      ],
      [
        1,
        1,
        1,
        1
      ],
      [
        1,
        1,
        1,
        1
      ]
    ],
    "ConstraintTargetMatrix": [
      [
        NaN,
        NaN,
        NaN,
        NaN
      ],
      [
        0.0,
        0.4,
        NaN,
        0.007
      ],
      [
        0.0,
        0.72,
        0.06,
        0.045
      ],
      [
        0.0,
        1.0,
        0.04,
        0.018
      ]
    ],
    "ConstraintSemanticsMatrix": [
      [
        "",
        "",
        "",
        ""
      ],
      [
        "target_value",
        "lower_bound",
        "",
        "target_value"
      ],
      [
        "target_value",
        "lower_bound",
        "upper_bound",
        "target_value"
      ],
      [
        "target_value",
        "lower_bound",
        "upper_bound",
        "target_value"
      ]
    ],
    "ConstraintFeatureNames": [
      "surface_distance",
      "force",
      "orientation_error",
      "speed"
    ],
    "ConstraintFeatureScales": [
      0.2994763981925303,
      0.9928164704464917,
      0.2448239278872144,
      0.08999122828804478
    ],
    "ConstraintLearnedValueMatrix": [
      [
        0.18199044012281473,
        0.006232524865319888,
        0.30531621098662465,
        0.0762609880058322
      ],
      [
        0.006830008209421347,
        0.39963032294340367,
        0.11944781413328324,
        0.006869644169185868
      ],
      [
        0.01599372334169899,
        0.7196303229434036,
        0.05714743935007761,
        0.04580022679629305
      ],
      [
        0.010492153967992746,
        0.9996303229434036,
        0.03814743935007748,
        0.018092719702044666
      ]
    ],
    "ConstraintLearnedValuePerDemo": []
  }
}
