{
  "scalar_metrics": {
    "MeanAbsCutpointError": 0.0,
    "MeanStageSubgoalError": 0.07738985814113822,
    "MeanConstraintError": 0.012986772029099177,
    "MeanConstraintErrorRaw": 0.003673850948432596
  },
  "all_metrics": {
    "MeanAbsCutpointError": 0.0,
    "MeanStageSubgoalError": 0.07738985814113822,
    "MeanConstraintError": 0.012986772029099177,
    "MeanConstraintErrorRaw": 0.003673850948432596,
    "ConstraintErrorMatrix": [
      [
        NaN,
        NaN,
        NaN,
        NaN,
        NaN,
        NaN
      ],
      [
        0.022505591749605737,
        0.0008377916786248339,
        NaN,
        0.0013750580144019705,
        NaN,
        NaN
      ],
      [
        0.053851340258756056,
        0.0003723518571666674,
        0.011651478164489337,
        0.009099811863785175,
        NaN,
        NaN
      ],
      [
        0.034163337714753515,
        0.0003723518571666674,
        0.00756691008885357,
        0.0010584690724874328,
        NaN,
        NaN
      ]
    ],
    "ConstraintErrorMatrixRaw": [
      [
        NaN,
        NaN,
        NaN,
        NaN,
        NaN,
        NaN
      ],
      [
        0.006739893556363452,
        0.000831773377341749,
        NaN,
        0.0001237431596833533,
        NaN,
        NaN
      ],
      [
        0.016127205418532665,
        0.00036967705659640693,
        0.0028525606499223907,
        0.0008189032468121499,
        NaN,
        NaN
      ],
      [
        0.010231113329049413,
        0.00036967705659640693,
        0.0018525606499225217,
        9.525293193805157e-05,
        NaN,
        NaN
      ]
    ],
    "ConstraintTrueActiveMask": [
      [
        0,
        0,
        0,
        0,
        0,
        0
      ],
      [
        1,
        1,
        0,
        1,
        0,
        0
      ],
      [
        1,
        1,
        1,
        1,
        0,
        0
      ],
      [
        1,
        1,
        1,
        1,
        0,
        0
      ]
    ],
    "ConstraintPredictedActiveMask": [
      [
        1,
        1,
        1,
        1,
        1,
        1
      ],
      [
        1,
        1,
        1,
        1,
        1,
        1
      ],
      [
        1,
        1,
        1,
        1,
        1,
        1
      ],
      [
        1,
        1,
        1,
        1,
        1,
        1
      ]
    ],
    "ConstraintTargetMatrix": [
      [
        NaN,
        NaN,
        NaN,
        NaN,
        NaN,
        NaN
      ],
      [
        0.0,
        0.4,
        NaN,
        0.007,
        NaN,
        NaN
      ],
      [
        0.0,
        0.72,
        0.06,
        0.045,
        NaN,
        NaN
      ],
      [
        0.0,
        1.0,
        0.04,
        0.018,
        NaN,
        NaN
      ]
    ],
    "ConstraintSemanticsMatrix": [
      [
        "",
        "",
        "",
        "",
        "",
        ""
      ],
      [
        "target_value",
        "lower_bound",
        "",
        "target_value",
        "",
        ""
      ],
      [
        "target_value",
        "lower_bound",
        "upper_bound",
        "target_value",
        "",
        ""
      ],
      [
        "target_value",
        "lower_bound",
        "upper_bound",
        "target_value",
        "",
        ""
      ]
    ],
    "ConstraintFeatureNames": [
      "surf dist",
      "force",
      "orient err",
      "speed",
      "noise",
      "start_dist"
    ],
    "ConstraintFeatureScales": [
      0.2994763981925303,
      0.9928164704464917,
      0.2448239278872144,
      0.08999122828804478,
      2.167415134128614,
      2.126581024569993
    ],
    "ConstraintLearnedValueMatrix": [
      [
        0.1812986839251809,
        0.006232524865319888,
        0.30531621098662465,
        0.0761956498802178,
        1.0188762548269654,
        2.2581444507409856
      ],
      [
        0.006739893556363452,
        0.40083177337734177,
        0.11944781413328324,
        0.006876256840316647,
        1.2772622057944958,
        1.5680294401790436
      ],
      [
        0.016127205418532665,
        0.7196303229434036,
        0.05714743935007761,
        0.04581890324681215,
        2.139011953578585,
        1.1774037718105068
      ],
      [
        0.010231113329049413,
        0.9996303229434036,
        0.03814743935007748,
        0.01809525293193805,
        2.4597175383749907,
        0.09865825697517894
      ]
    ],
    "ConstraintLearnedValuePerDemo": []
  },
  "objectives": {
    "ModelObjectiveFinal": 182.18958731675215,
    "TrainingLogLikelihoodFinal": 182.18958731675215
  }
}
