{
  "scalar_metrics": {
    "MeanAbsCutpointError": 0.0,
    "MeanStageSubgoalError": 0.07738985814113822,
    "MeanConstraintError": 0.012930130595464596,
    "MeanConstraintErrorRaw": 0.00362959384209279
  },
  "all_metrics": {
    "MeanAbsCutpointError": 0.0,
    "MeanStageSubgoalError": 0.07738985814113822,
    "MeanConstraintError": 0.012930130595464596,
    "MeanConstraintErrorRaw": 0.00362959384209279,
    "ConstraintErrorMatrix": [
      [
        NaN,
        NaN,
        NaN,
        NaN
      ],
      [
        0.022480391586900895,
        0.0003723518571666115,
        NaN,
        0.0013475252842024817
      ],
      [
        0.0536379326152643,
        0.0003723518571666674,
        0.011651478164489337,
        0.009019501876526347
      ],
      [
        0.034351594480864604,
        0.0003723518571666674,
        0.00756691008885357,
        0.0010590468815091045
      ]
    ],
    "ConstraintErrorMatrixRaw": [
      [
        NaN,
        NaN,
        NaN,
        NaN
      ],
      [
        0.00673234670240274,
        0.0003696770565963514,
        NaN,
        0.00012126545547457793
      ],
      [
        0.016063294866113,
        0.00036967705659640693,
        0.0028525606499223907,
        0.0008116760524149308
      ],
      [
        0.010287491787299735,
        0.00036967705659640693,
        0.0018525606499225217,
        9.530492968162774e-05
      ]
    ],
    "ConstraintTrueActiveMask": [
      [
        0,
        0,
        0,
        0
      ],
      [
        1,
        1,
        0,
        1
      ],
      [
        1,
        1,
        1,
        1
      ],
      [
        1,
        1,
        1,
        1
      ]
    ],
    "ConstraintPredictedActiveMask": [
      [
        1,
        1,
        1,
        1
      ],
      [
        1,
        1,
        1,
        1
      ],
      [
        1,
        1,
        1,
        1
      ],
      [
        1,
        1,
        1,
        1
      ]
    ],
    "ConstraintTargetMatrix": [
      [
        NaN,
        NaN,
        NaN,
        NaN
      ],
      [
        0.0,
        0.4,
        NaN,
        0.007
      ],
      [
        0.0,
        0.72,
        0.06,
        0.045
      ],
      [
        0.0,
        1.0,
        0.04,
        0.018
      ]
    ],
    "ConstraintSemanticsMatrix": [
      [
        "",
        "",
        "",
        ""
      ],
      [
        "target_value",
        "lower_bound",
        "",
        "target_value"
      ],
      [
        "target_value",
        "lower_bound",
        "upper_bound",
        "target_value"
      ],
      [
        "target_value",
        "lower_bound",
        "upper_bound",
        "target_value"
      ]
    ],
    "ConstraintFeatureNames": [
      "surface_distance",
      "force",
      "orientation_error",
      "speed"
    ],
    "ConstraintFeatureScales": [
      0.2994763981925303,
      0.9928164704464917,
      0.2448239278872144,
      0.08999122828804478
    ],
    "ConstraintLearnedValueMatrix": [
      [
        0.18086143746791028,
        0.006238522725664164,
        0.29914104764705907,
        0.07615373583492462
      ],
      [
        0.00673234670240274,
        0.39963032294340367,
        0.11944781413328324,
        0.006878734544525422
      ],
      [
        0.016063294866113,
        0.7196303229434036,
        0.05714743935007761,
        0.04581167605241493
      ],
      [
        0.010287491787299735,
        0.9996303229434036,
        0.03814743935007748,
        0.018095304929681626
      ]
    ],
    "ConstraintLearnedValuePerDemo": []
  }
}
