{
  "ModelObjectiveFinal": 182.18958731675215,
  "TrainingLogLikelihoodFinal": 182.18958731675215
}
