{
  "scalar_metrics": {
    "MeanAbsCutpointError": 0.0,
    "MeanStageSubgoalError": 0.06935459744175196,
    "MeanConstraintError": 0.005328621601823941,
    "MeanConstraintErrorRaw": 0.004798675530896001
  },
  "all_metrics": {
    "MeanAbsCutpointError": 0.0,
    "MeanStageSubgoalError": 0.06935459744175196,
    "MeanConstraintError": 0.005328621601823941,
    "MeanConstraintErrorRaw": 0.004798675530896001,
    "ConstraintErrorMatrix": [
      [
        0.017542839978736617,
        NaN,
        NaN,
        NaN,
        NaN,
        NaN
      ],
      [
        NaN,
        0.002384789223401058,
        NaN,
        NaN,
        NaN,
        NaN
      ],
      [
        NaN,
        0.0009809350707902845,
        0.0004059221343678017,
        NaN,
        NaN,
        NaN
      ]
    ],
    "ConstraintErrorMatrixRaw": [
      [
        0.017727831576302977,
        NaN,
        NaN,
        NaN,
        NaN,
        NaN
      ],
      [
        NaN,
        0.0006132937885537162,
        NaN,
        NaN,
        NaN,
        NaN
      ],
      [
        NaN,
        0.00025226606191729173,
        0.0006013106968100201,
        NaN,
        NaN,
        NaN
      ]
    ],
    "ConstraintTrueActiveMask": [
      [
        1,
        0,
        0,
        0,
        0,
        0
      ],
      [
        0,
        1,
        0,
        0,
        0,
        0
      ],
      [
        0,
        1,
        1,
        0,
        0,
        0
      ]
    ],
    "ConstraintPredictedActiveMask": [
      [
        1,
        1,
        1,
        1,
        1,
        1
      ],
      [
        1,
        1,
        1,
        1,
        1,
        1
      ],
      [
        1,
        1,
        1,
        1,
        1,
        1
      ]
    ],
    "ConstraintTargetMatrix": [
      [
        0.4,
        NaN,
        NaN,
        NaN,
        NaN,
        NaN
      ],
      [
        NaN,
        0.055,
        NaN,
        NaN,
        NaN,
        NaN
      ],
      [
        NaN,
        0.045,
        0.2,
        NaN,
        NaN,
        NaN
      ]
    ],
    "ConstraintSemanticsMatrix": [
      [
        "lower_bound",
        "",
        "",
        "",
        "",
        ""
      ],
      [
        "",
        "target_value",
        "",
        "",
        "",
        ""
      ],
      [
        "",
        "target_value",
        "target_value",
        "",
        "",
        ""
      ]
    ],
    "ConstraintFeatureNames": [
      "dist_main_obstacle",
      "speed",
      "terminal_arc_distance",
      "heading_angle",
      "decoy_line_distance",
      "noise_aux"
    ],
    "ConstraintFeatureScales": [
      1.0105451339572489,
      0.257168970127712,
      1.4813449326840082,
      6.360162030552389,
      0.678684724801644,
      0.751738493119704
    ],
    "ConstraintLearnedValueMatrix": [
      [
        0.38227216842369705,
        0.2701626856521926,
        1.3059749922031565,
        -0.03487861309191276,
        1.057067834133962,
        0.044322772836730945
      ],
      [
        0.38227216842369705,
        0.055613293788553717,
        0.2651806357192035,
        0.15986754015923887,
        0.7361633615744949,
        0.038548649614677695
      ],
      [
        0.38227216842369705,
        0.04474773393808271,
        0.19939868930319,
        -3.0935802240631416,
        0.8536527798975759,
        -0.017981836563464654
      ]
    ],
    "ConstraintLearnedValuePerDemo": []
  }
}
