{
  "ModelObjectiveFinal": -1218.743896035174,
  "TrainingLogLikelihoodFinal": -1218.743896035174
}
