{
  "ModelObjectiveFinal": 1061.631858548486,
  "SegmentationLogLikelihoodFinal": 1061.631858548486,
  "PosthocObjectiveFinal": -5166666438.675801,
  "PosthocFeatureObjectiveFinal": -5166666438.675801
}
