{
  "scalar_metrics": {
    "MeanAbsCutpointError": 14.65,
    "MeanStageSubgoalError": 0.9385537051210321,
    "MeanConstraintError": 0.017207545338912465,
    "MeanConstraintErrorRaw": 0.006190668236310605
  },
  "all_metrics": {
    "MeanAbsCutpointError": 14.65,
    "MeanStageSubgoalError": 0.9385537051210321,
    "MeanConstraintError": 0.017207545338912465,
    "MeanConstraintErrorRaw": 0.006190668236310605,
    "ConstraintErrorMatrix": [
      [
        NaN,
        NaN,
        NaN,
        NaN
      ],
      [
        0.033610833813734864,
        0.011801404958009572,
        0.0005879167184849565,
        NaN
      ],
      [
        NaN,
        NaN,
        NaN,
        NaN
      ],
      [
        0.038714758587741906,
        NaN,
        0.001322812616591018,
        NaN
      ],
      [
        NaN,
        NaN,
        NaN,
        NaN
      ]
    ],
    "ConstraintErrorMatrixRaw": [
      [
        NaN,
        NaN,
        NaN,
        NaN
      ],
      [
        0.011271054778641265,
        0.006625444681730888,
        2.284219933248316e-05,
        NaN
      ],
      [
        NaN,
        NaN,
        NaN,
        NaN
      ],
      [
        0.012982604573350306,
        NaN,
        5.1394948498081905e-05,
        NaN
      ],
      [
        NaN,
        NaN,
        NaN,
        NaN
      ]
    ],
    "ConstraintTrueActiveMask": [
      [
        0,
        0,
        0,
        0
      ],
      [
        1,
        1,
        1,
        0
      ],
      [
        0,
        0,
        0,
        0
      ],
      [
        1,
        0,
        1,
        0
      ],
      [
        0,
        0,
        0,
        0
      ]
    ],
    "ConstraintPredictedActiveMask": [
      [
        1,
        1,
        1,
        1
      ],
      [
        1,
        1,
        1,
        1
      ],
      [
        1,
        1,
        1,
        1
      ],
      [
        1,
        1,
        1,
        1
      ],
      [
        1,
        1,
        1,
        1
      ]
    ],
    "ConstraintTargetMatrix": [
      [
        NaN,
        NaN,
        NaN,
        NaN
      ],
      [
        0.0,
        0.12,
        0.047,
        NaN
      ],
      [
        NaN,
        NaN,
        NaN,
        NaN
      ],
      [
        0.0868,
        NaN,
        0.047,
        NaN
      ],
      [
        NaN,
        NaN,
        NaN,
        NaN
      ]
    ],
    "ConstraintSemanticsMatrix": [
      [
        "",
        "",
        "",
        ""
      ],
      [
        "target_value",
        "upper_bound",
        "upper_bound",
        ""
      ],
      [
        "",
        "",
        "",
        ""
      ],
      [
        "target_value",
        "",
        "upper_bound",
        ""
      ],
      [
        "",
        "",
        "",
        ""
      ]
    ],
    "ConstraintFeatureNames": [
      "surface_distance",
      "tool_normal_alignment_error",
      "speed",
      "angular_speed"
    ],
    "ConstraintFeatureScales": [
      0.3353399335792561,
      0.5614115188238009,
      0.03885278069884934,
      0.11425152491966827
    ],
    "ConstraintLearnedValueMatrix": [
      [
        0.22647003495412663,
        0.23848816137495035,
        0.08145441987230065,
        0.08803471612228674
      ],
      [
        0.011271054778641265,
        0.11337455531826911,
        0.04702284219933248,
        0.12323449775568532
      ],
      [
        0.0006424350761285585,
        0.11337455531826911,
        0.04694860505150192,
        0.13108832173836135
      ],
      [
        0.0738173954266497,
        0.45811651828600725,
        0.04694860505150192,
        0.08141771519543924
      ],
      [
        0.31465152376167493,
        0.7590002199199757,
        0.06359274105446164,
        0.05997403139621364
      ]
    ],
    "ConstraintLearnedValuePerDemo": []
  }
}
