{
  "scalar_metrics": {
    "MeanAbsCutpointError": 16.0,
    "MeanStageSubgoalError": 0.9483330658508566,
    "MeanConstraintError": 0.19718516281616155,
    "MeanConstraintErrorRaw": 0.023462282248574596
  },
  "all_metrics": {
    "MeanAbsCutpointError": 16.0,
    "MeanStageSubgoalError": 0.9483330658508566,
    "MeanConstraintError": 0.19718516281616155,
    "MeanConstraintErrorRaw": 0.023462282248574596,
    "ConstraintErrorMatrix": [
      [
        NaN,
        NaN,
        NaN,
        NaN,
        NaN,
        NaN
      ],
      [
        0.20350617350337769,
        0.011801404958011302,
        0.7271298235053779,
        NaN,
        NaN,
        NaN
      ],
      [
        NaN,
        NaN,
        NaN,
        NaN,
        NaN,
        NaN
      ],
      [
        0.042165599497449746,
        NaN,
        0.001322812616591018,
        NaN,
        NaN,
        NaN
      ],
      [
        NaN,
        NaN,
        NaN,
        NaN,
        NaN,
        NaN
      ]
    ],
    "ConstraintErrorMatrixRaw": [
      [
        NaN,
        NaN,
        NaN,
        NaN,
        NaN,
        NaN
      ],
      [
        0.06824374670559125,
        0.00662544468173186,
        0.028251015572247476,
        NaN,
        NaN,
        NaN
      ],
      [
        NaN,
        NaN,
        NaN,
        NaN,
        NaN,
        NaN
      ],
      [
        0.014139809334804312,
        NaN,
        5.1394948498081905e-05,
        NaN,
        NaN,
        NaN
      ],
      [
        NaN,
        NaN,
        NaN,
        NaN,
        NaN,
        NaN
      ]
    ],
    "ConstraintTrueActiveMask": [
      [
        0,
        0,
        0,
        0,
        0,
        0
      ],
      [
        1,
        1,
        1,
        0,
        0,
        0
      ],
      [
        0,
        0,
        0,
        0,
        0,
        0
      ],
      [
        1,
        0,
        1,
        0,
        0,
        0
      ],
      [
        0,
        0,
        0,
        0,
        0,
        0
      ]
    ],
    "ConstraintPredictedActiveMask": [
      [
        1,
        1,
        1,
        1,
        1,
        1
      ],
      [
        1,
        1,
        1,
        1,
        1,
        1
      ],
      [
        1,
        1,
        1,
        1,
        1,
        1
      ],
      [
        1,
        1,
        1,
        1,
        1,
        1
      ],
      [
        1,
        1,
        1,
        1,
        1,
        1
      ]
    ],
    "ConstraintTargetMatrix": [
      [
        NaN,
        NaN,
        NaN,
        NaN,
        NaN,
        NaN
      ],
      [
        0.0,
        0.12,
        0.047,
        NaN,
        NaN,
        NaN
      ],
      [
        NaN,
        NaN,
        NaN,
        NaN,
        NaN,
        NaN
      ],
      [
        0.0868,
        NaN,
        0.047,
        NaN,
        NaN,
        NaN
      ],
      [
        NaN,
        NaN,
        NaN,
        NaN,
        NaN,
        NaN
      ]
    ],
    "ConstraintSemanticsMatrix": [
      [
        "",
        "",
        "",
        "",
        "",
        ""
      ],
      [
        "target_value",
        "upper_bound",
        "upper_bound",
        "",
        "",
        ""
      ],
      [
        "",
        "",
        "",
        "",
        "",
        ""
      ],
      [
        "target_value",
        "",
        "upper_bound",
        "",
        "",
        ""
      ],
      [
        "",
        "",
        "",
        "",
        "",
        ""
      ]
    ],
    "ConstraintFeatureNames": [
      "surf dist",
      "normal err",
      "speed",
      "ang speed",
      "noise",
      "start dist"
    ],
    "ConstraintFeatureScales": [
      0.3353399335792561,
      0.5614115188238009,
      0.03885278069884934,
      0.11425152491966827,
      2.2016824500314742,
      1.6775786004900848
    ],
    "ConstraintLearnedValueMatrix": [
      [
        0.29560355627652585,
        0.2664319012584606,
        0.08146402196617318,
        0.08454937785470408,
        2.220446049250313e-16,
        2.4592094179765924
      ],
      [
        0.06824374670559125,
        0.11337455531826814,
        0.07525101557224748,
        0.10430571934853011,
        2.220446049250313e-16,
        2.4592094179765924
      ],
      [
        0.0007348185581723538,
        0.11337455531826911,
        0.04694860505150192,
        0.1278076620937897,
        2.220446049250313e-16,
        2.4592094179765924
      ],
      [
        0.07266019066519569,
        0.4275549595735093,
        0.04694860505150192,
        0.08266983626887159,
        2.220446049250313e-16,
        2.4592094179765924
      ],
      [
        0.2713254201005513,
        0.731043908153253,
        0.06260178178976461,
        0.0680847189711291,
        2.220446049250313e-16,
        2.4592094179765924
      ]
    ],
    "ConstraintLearnedValuePerDemo": []
  },
  "objectives": {
    "ModelObjectiveFinal": -551.6022217592031,
    "TrainingLogLikelihoodFinal": -551.6022217592031
  }
}
