{
  "ModelObjectiveFinal": -551.6022217592031,
  "TrainingLogLikelihoodFinal": -551.6022217592031
}
