{
  "scalar_metrics": {
    "MeanAbsCutpointError": 9.066666666666666,
    "MeanStageSubgoalError": 0.20136089925729178,
    "MeanConstraintError": 0.14898651650789696,
    "MeanConstraintErrorRaw": 0.11199266032132363
  },
  "all_metrics": {
    "MeanAbsCutpointError": 9.066666666666666,
    "MeanStageSubgoalError": 0.20136089925729178,
    "MeanConstraintError": 0.14898651650789696,
    "MeanConstraintErrorRaw": 0.11199266032132363,
    "ConstraintErrorMatrix": [
      [
        NaN,
        NaN,
        NaN,
        NaN,
        NaN,
        NaN,
        NaN
      ],
      [
        0.2922440681418392,
        0.3931643526586839,
        NaN,
        NaN,
        NaN,
        NaN,
        NaN
      ],
      [
        0.05025766511250339,
        0.3223153619279592,
        0.027314709718952227,
        0.007052655231102522,
        NaN,
        NaN,
        NaN
      ],
      [
        0.04191347863175981,
        0.2820259416869643,
        0.0033586259590721083,
        0.07021830601013292,
        NaN,
        NaN,
        NaN
      ]
    ],
    "ConstraintErrorMatrixRaw": [
      [
        NaN,
        NaN,
        NaN,
        NaN,
        NaN,
        NaN,
        NaN
      ],
      [
        0.0875202009202504,
        0.39034004491197427,
        NaN,
        NaN,
        NaN,
        NaN,
        NaN
      ],
      [
        0.015050984529458904,
        0.31999999999999995,
        0.006687294522492955,
        0.0006346771069390203,
        NaN,
        NaN,
        NaN
      ],
      [
        0.01255209761635901,
        0.28,
        0.0008222719996039962,
        0.006319031606157658,
        NaN,
        NaN,
        NaN
      ]
    ],
    "ConstraintTrueActiveMask": [
      [
        0,
        0,
        0,
        0,
        0,
        0,
        0
      ],
      [
        1,
        1,
        0,
        1,
        0,
        0,
        0
      ],
      [
        1,
        1,
        1,
        1,
        0,
        0,
        0
      ],
      [
        1,
        1,
        1,
        1,
        0,
        0,
        0
      ]
    ],
    "ConstraintPredictedActiveMask": [
      [
        0,
        0,
        0,
        0,
        0,
        0,
        0
      ],
      [
        1,
        1,
        0,
        0,
        0,
        0,
        0
      ],
      [
        1,
        1,
        1,
        1,
        0,
        0,
        0
      ],
      [
        1,
        1,
        1,
        1,
        0,
        0,
        0
      ]
    ],
    "ConstraintTargetMatrix": [
      [
        NaN,
        NaN,
        NaN,
        NaN,
        NaN,
        NaN,
        NaN
      ],
      [
        0.0,
        0.4,
        NaN,
        0.007,
        NaN,
        NaN,
        NaN
      ],
      [
        0.0,
        0.72,
        0.06,
        0.045,
        NaN,
        NaN,
        NaN
      ],
      [
        0.0,
        1.0,
        0.04,
        0.018,
        NaN,
        NaN,
        NaN
      ]
    ],
    "ConstraintSemanticsMatrix": [
      [
        "",
        "",
        "",
        "",
        "",
        "",
        ""
      ],
      [
        "target_value",
        "lower_bound",
        "",
        "target_value",
        "",
        "",
        ""
      ],
      [
        "target_value",
        "lower_bound",
        "upper_bound",
        "target_value",
        "",
        "",
        ""
      ],
      [
        "target_value",
        "lower_bound",
        "upper_bound",
        "target_value",
        "",
        "",
        ""
      ]
    ],
    "ConstraintFeatureNames": [
      "surf dist",
      "force",
      "orient err",
      "speed",
      "noise",
      "start_dist",
      "slot_x_err"
    ],
    "ConstraintFeatureScales": [
      0.2994763981925303,
      0.9928164704464917,
      0.2448239278872144,
      0.08999122828804478,
      0.8590315177063433,
      2.167415134128614,
      2.126581024569993
    ]
  },
  "objectives": {
    "ModelObjectiveFinal": 1399.992087205396,
    "SegmentationObjectiveFinal": 1399.992087205396,
    "PosthocObjectiveFinal": -15999999986.96497,
    "PosthocFeatureObjectiveFinal": -15999999986.96497
  }
}
