{
  "scalar_metrics": {
    "MeanAbsCutpointError": 5.75,
    "MeanStageSubgoalError": 0.14041405792837616,
    "MeanConstraintError": 0.008910464457835856,
    "MeanConstraintErrorRaw": 0.005753871218632361
  },
  "all_metrics": {
    "MeanAbsCutpointError": 5.75,
    "MeanStageSubgoalError": 0.14041405792837616,
    "MeanConstraintError": 0.008910464457835856,
    "MeanConstraintErrorRaw": 0.005753871218632361,
    "ConstraintErrorMatrix": [
      [
        0.017542839978736617,
        NaN,
        NaN,
        NaN,
        NaN,
        NaN
      ],
      [
        NaN,
        0.01751054118655119,
        NaN,
        NaN,
        NaN,
        NaN
      ],
      [
        NaN,
        7.127363633235998e-05,
        0.0005172030297232579,
        NaN,
        NaN,
        NaN
      ]
    ],
    "ConstraintErrorMatrixRaw": [
      [
        0.017727831576302977,
        NaN,
        NaN,
        NaN,
        NaN,
        NaN
      ],
      [
        NaN,
        0.004503167843324253,
        NaN,
        NaN,
        NaN,
        NaN
      ],
      [
        NaN,
        1.8329367652850093e-05,
        0.0007661560872493645,
        NaN,
        NaN,
        NaN
      ]
    ],
    "ConstraintTrueActiveMask": [
      [
        1,
        0,
        0,
        0,
        0,
        0
      ],
      [
        0,
        1,
        0,
        0,
        0,
        0
      ],
      [
        0,
        1,
        1,
        0,
        0,
        0
      ]
    ],
    "ConstraintPredictedActiveMask": [
      [
        1,
        1,
        1,
        1,
        1,
        1
      ],
      [
        1,
        1,
        1,
        1,
        1,
        1
      ],
      [
        1,
        1,
        1,
        1,
        1,
        1
      ]
    ],
    "ConstraintTargetMatrix": [
      [
        0.4,
        NaN,
        NaN,
        NaN,
        NaN,
        NaN
      ],
      [
        NaN,
        0.055,
        NaN,
        NaN,
        NaN,
        NaN
      ],
      [
        NaN,
        0.045,
        0.2,
        NaN,
        NaN,
        NaN
      ]
    ],
    "ConstraintSemanticsMatrix": [
      [
        "lower_bound",
        "",
        "",
        "",
        "",
        ""
      ],
      [
        "",
        "target_value",
        "",
        "",
        "",
        ""
      ],
      [
        "",
        "target_value",
        "target_value",
        "",
        "",
        ""
      ]
    ],
    "ConstraintFeatureNames": [
      "dist_main_obstacle",
      "speed",
      "terminal_arc_distance",
      "heading_angle",
      "decoy_line_distance",
      "noise_aux"
    ],
    "ConstraintFeatureScales": [
      1.0105451339572489,
      0.257168970127712,
      1.4813449326840082,
      6.360162030552389,
      0.678684724801644,
      0.751738493119704
    ],
    "ConstraintLearnedValueMatrix": [
      [
        0.38227216842369705,
        0.2701280512241059,
        1.3050608103027161,
        -0.034180448202907776,
        1.0568619659695504,
        0.04408974360752758
      ],
      [
        0.38227216842369705,
        0.05049683215667575,
        0.21479347629633036,
        -0.20979239690092832,
        0.6938559413799154,
        0.061823483245815755
      ],
      [
        0.38227216842369705,
        0.04498167063234715,
        0.19923384391275065,
        -3.7296340529219707,
        0.9092162075705472,
        -0.04428352246719366
      ]
    ],
    "ConstraintLearnedValuePerDemo": []
  }
}
