{
  "scalar_metrics": {
    "MeanAbsCutpointError": 0.35,
    "MeanStageSubgoalError": 0.6467914081723475,
    "MeanConstraintError": 0.005335354988375304,
    "MeanConstraintErrorRaw": 0.002165871274222597
  },
  "all_metrics": {
    "MeanAbsCutpointError": 0.35,
    "MeanStageSubgoalError": 0.6467914081723475,
    "MeanConstraintError": 0.005335354988375304,
    "MeanConstraintErrorRaw": 0.002165871274222597,
    "ConstraintErrorMatrix": [
      [
        NaN,
        NaN,
        NaN,
        NaN
      ],
      [
        0.002315261374634782,
        0.011801404958009572,
        0.001322812616591018,
        NaN
      ],
      [
        NaN,
        NaN,
        NaN,
        NaN
      ],
      [
        0.009914483376050129,
        NaN,
        0.001322812616591018,
        NaN
      ],
      [
        NaN,
        NaN,
        NaN,
        NaN
      ]
    ],
    "ConstraintErrorMatrixRaw": [
      [
        NaN,
        NaN,
        NaN,
        NaN
      ],
      [
        0.0007763995955886449,
        0.006625444681730888,
        5.1394948498081905e-05,
        NaN
      ],
      [
        NaN,
        NaN,
        NaN,
        NaN
      ],
      [
        0.003324722196797289,
        NaN,
        5.1394948498081905e-05,
        NaN
      ],
      [
        NaN,
        NaN,
        NaN,
        NaN
      ]
    ],
    "ConstraintTrueActiveMask": [
      [
        0,
        0,
        0,
        0
      ],
      [
        1,
        1,
        1,
        0
      ],
      [
        0,
        0,
        0,
        0
      ],
      [
        1,
        0,
        1,
        0
      ],
      [
        0,
        0,
        0,
        0
      ]
    ],
    "ConstraintPredictedActiveMask": [
      [
        1,
        1,
        1,
        1
      ],
      [
        1,
        1,
        1,
        1
      ],
      [
        1,
        1,
        1,
        1
      ],
      [
        1,
        1,
        1,
        1
      ],
      [
        1,
        1,
        1,
        1
      ]
    ],
    "ConstraintTargetMatrix": [
      [
        NaN,
        NaN,
        NaN,
        NaN
      ],
      [
        0.0,
        0.12,
        0.047,
        NaN
      ],
      [
        NaN,
        NaN,
        NaN,
        NaN
      ],
      [
        0.0868,
        NaN,
        0.047,
        NaN
      ],
      [
        NaN,
        NaN,
        NaN,
        NaN
      ]
    ],
    "ConstraintSemanticsMatrix": [
      [
        "",
        "",
        "",
        ""
      ],
      [
        "target_value",
        "upper_bound",
        "upper_bound",
        ""
      ],
      [
        "",
        "",
        "",
        ""
      ],
      [
        "target_value",
        "",
        "upper_bound",
        ""
      ],
      [
        "",
        "",
        "",
        ""
      ]
    ],
    "ConstraintFeatureNames": [
      "surface_distance",
      "tool_normal_alignment_error",
      "speed",
      "angular_speed"
    ],
    "ConstraintFeatureScales": [
      0.3353399335792561,
      0.5614115188238009,
      0.03885278069884934,
      0.11425152491966827
    ],
    "ConstraintLearnedValueMatrix": [
      [
        0.22608783520337744,
        0.23848816137495035,
        0.08145441987230065,
        0.08803471612228674
      ],
      [
        0.0007763995955886449,
        0.11337455531826911,
        0.04694860505150192,
        0.12774335888656677
      ],
      [
        0.04525433102037359,
        0.28799740470355456,
        0.03734064008319807,
        0.07523976205201986
      ],
      [
        0.09012472219679729,
        0.5862231409961661,
        0.04694860505150192,
        0.08330562626868769
      ],
      [
        0.3111444977499987,
        0.7590002199199757,
        0.06359274105446164,
        0.05997403139621364
      ]
    ],
    "ConstraintLearnedValuePerDemo": []
  }
}
