{
  "scalar_metrics": {
    "MeanAbsCutpointError": 0.65,
    "MeanStageSubgoalError": 0.6465025497950517,
    "MeanConstraintError": 0.005140436514916202,
    "MeanConstraintErrorRaw": 0.002100507326279452
  },
  "all_metrics": {
    "MeanAbsCutpointError": 0.65,
    "MeanStageSubgoalError": 0.6465025497950517,
    "MeanConstraintError": 0.005140436514916202,
    "MeanConstraintErrorRaw": 0.002100507326279452,
    "ConstraintErrorMatrix": [
      [
        NaN,
        NaN,
        NaN,
        NaN,
        NaN,
        NaN
      ],
      [
        0.0022304958525406603,
        0.011801404958009572,
        0.001322812616591018,
        NaN,
        NaN,
        NaN
      ],
      [
        NaN,
        NaN,
        NaN,
        NaN,
        NaN,
        NaN
      ],
      [
        0.009024656530848742,
        NaN,
        0.001322812616591018,
        NaN,
        NaN,
        NaN
      ],
      [
        NaN,
        NaN,
        NaN,
        NaN,
        NaN,
        NaN
      ]
    ],
    "ConstraintErrorMatrixRaw": [
      [
        NaN,
        NaN,
        NaN,
        NaN,
        NaN,
        NaN
      ],
      [
        0.0007479743310397913,
        0.006625444681730888,
        5.1394948498081905e-05,
        NaN,
        NaN,
        NaN
      ],
      [
        NaN,
        NaN,
        NaN,
        NaN,
        NaN,
        NaN
      ],
      [
        0.0030263277216304174,
        NaN,
        5.1394948498081905e-05,
        NaN,
        NaN,
        NaN
      ],
      [
        NaN,
        NaN,
        NaN,
        NaN,
        NaN,
        NaN
      ]
    ],
    "ConstraintTrueActiveMask": [
      [
        0,
        0,
        0,
        0,
        0,
        0
      ],
      [
        1,
        1,
        1,
        0,
        0,
        0
      ],
      [
        0,
        0,
        0,
        0,
        0,
        0
      ],
      [
        1,
        0,
        1,
        0,
        0,
        0
      ],
      [
        0,
        0,
        0,
        0,
        0,
        0
      ]
    ],
    "ConstraintPredictedActiveMask": [
      [
        1,
        1,
        1,
        1,
        1,
        1
      ],
      [
        1,
        1,
        1,
        1,
        1,
        1
      ],
      [
        1,
        1,
        1,
        1,
        1,
        1
      ],
      [
        1,
        1,
        1,
        1,
        1,
        1
      ],
      [
        1,
        1,
        1,
        1,
        1,
        1
      ]
    ],
    "ConstraintTargetMatrix": [
      [
        NaN,
        NaN,
        NaN,
        NaN,
        NaN,
        NaN
      ],
      [
        0.0,
        0.12,
        0.047,
        NaN,
        NaN,
        NaN
      ],
      [
        NaN,
        NaN,
        NaN,
        NaN,
        NaN,
        NaN
      ],
      [
        0.0868,
        NaN,
        0.047,
        NaN,
        NaN,
        NaN
      ],
      [
        NaN,
        NaN,
        NaN,
        NaN,
        NaN,
        NaN
      ]
    ],
    "ConstraintSemanticsMatrix": [
      [
        "",
        "",
        "",
        "",
        "",
        ""
      ],
      [
        "target_value",
        "upper_bound",
        "upper_bound",
        "",
        "",
        ""
      ],
      [
        "",
        "",
        "",
        "",
        "",
        ""
      ],
      [
        "target_value",
        "",
        "upper_bound",
        "",
        "",
        ""
      ],
      [
        "",
        "",
        "",
        "",
        "",
        ""
      ]
    ],
    "ConstraintFeatureNames": [
      "surf dist",
      "normal err",
      "speed",
      "ang speed",
      "noise",
      "start dist"
    ],
    "ConstraintFeatureScales": [
      0.3353399335792561,
      0.5614115188238009,
      0.03885278069884934,
      0.11425152491966827,
      2.2016824500314742,
      1.6775786004900848
    ],
    "ConstraintLearnedValueMatrix": [
      [
        0.20220824155413672,
        0.2267178409216674,
        0.0814479626024073,
        0.0902908298030261,
        2.220446049250313e-16,
        2.4592094179765924
      ],
      [
        0.0007479743310397913,
        0.11337455531826911,
        0.04694860505150192,
        0.12774335888656677,
        2.220446049250313e-16,
        2.4592094179765924
      ],
      [
        0.04522356848108037,
        0.2797795993169998,
        0.03888589202726486,
        0.07594793349403073,
        2.220446049250313e-16,
        2.4592094179765924
      ],
      [
        0.08982632772163042,
        0.5400150915123055,
        0.04694860505150192,
        0.08333299851524593,
        2.220446049250313e-16,
        2.4592094179765924
      ],
      [
        0.27945648541945867,
        0.7589279911751616,
        0.06263419823336894,
        0.06803477458354841,
        2.220446049250313e-16,
        2.4592094179765924
      ]
    ],
    "ConstraintLearnedValuePerDemo": []
  },
  "objectives": {
    "ModelObjectiveFinal": -518.9991472707791,
    "TrainingLogLikelihoodFinal": -518.9991472707791
  }
}
