{
  "scalar_metrics": {
    "MeanAbsCutpointError": 0.725,
    "MeanStageSubgoalError": 0.6464122688234037,
    "MeanConstraintError": 0.005178408445426739,
    "MeanConstraintErrorRaw": 0.0021132408309347318
  },
  "all_metrics": {
    "MeanAbsCutpointError": 0.725,
    "MeanStageSubgoalError": 0.6464122688234037,
    "MeanConstraintError": 0.005178408445426739,
    "MeanConstraintErrorRaw": 0.0021132408309347318,
    "ConstraintErrorMatrix": [
      [
        NaN,
        NaN,
        NaN,
        NaN
      ],
      [
        0.0022389543526878386,
        0.011801404958009572,
        0.001322812616591018,
        NaN
      ],
      [
        NaN,
        NaN,
        NaN,
        NaN
      ],
      [
        0.009206057683254248,
        NaN,
        0.001322812616591018,
        NaN
      ],
      [
        NaN,
        NaN,
        NaN,
        NaN
      ]
    ],
    "ConstraintErrorMatrixRaw": [
      [
        NaN,
        NaN,
        NaN,
        NaN
      ],
      [
        0.0007508108039173261,
        0.006625444681730888,
        5.1394948498081905e-05,
        NaN
      ],
      [
        NaN,
        NaN,
        NaN,
        NaN
      ],
      [
        0.0030871587720292804,
        NaN,
        5.1394948498081905e-05,
        NaN
      ],
      [
        NaN,
        NaN,
        NaN,
        NaN
      ]
    ],
    "ConstraintTrueActiveMask": [
      [
        0,
        0,
        0,
        0
      ],
      [
        1,
        1,
        1,
        0
      ],
      [
        0,
        0,
        0,
        0
      ],
      [
        1,
        0,
        1,
        0
      ],
      [
        0,
        0,
        0,
        0
      ]
    ],
    "ConstraintPredictedActiveMask": [
      [
        1,
        1,
        1,
        1
      ],
      [
        1,
        1,
        1,
        1
      ],
      [
        1,
        1,
        1,
        1
      ],
      [
        1,
        1,
        1,
        1
      ],
      [
        1,
        1,
        1,
        1
      ]
    ],
    "ConstraintTargetMatrix": [
      [
        NaN,
        NaN,
        NaN,
        NaN
      ],
      [
        0.0,
        0.12,
        0.047,
        NaN
      ],
      [
        NaN,
        NaN,
        NaN,
        NaN
      ],
      [
        0.0868,
        NaN,
        0.047,
        NaN
      ],
      [
        NaN,
        NaN,
        NaN,
        NaN
      ]
    ],
    "ConstraintSemanticsMatrix": [
      [
        "",
        "",
        "",
        ""
      ],
      [
        "target_value",
        "upper_bound",
        "upper_bound",
        ""
      ],
      [
        "",
        "",
        "",
        ""
      ],
      [
        "target_value",
        "",
        "upper_bound",
        ""
      ],
      [
        "",
        "",
        "",
        ""
      ]
    ],
    "ConstraintFeatureNames": [
      "surface_distance",
      "tool_normal_alignment_error",
      "speed",
      "angular_speed"
    ],
    "ConstraintFeatureScales": [
      0.3353399335792561,
      0.5614115188238009,
      0.03885278069884934,
      0.11425152491966827
    ],
    "ConstraintLearnedValueMatrix": [
      [
        0.20090286510101982,
        0.2267178409216674,
        0.0814479626024073,
        0.0902908298030261
      ],
      [
        0.0007508108039173261,
        0.11337455531826911,
        0.04694860505150192,
        0.1278076620937897
      ],
      [
        0.0456337260359852,
        0.28799740470355456,
        0.03888589202726486,
        0.07594793349403073
      ],
      [
        0.08988715877202928,
        0.54359651120799,
        0.04694860505150192,
        0.08333299851524593
      ],
      [
        0.2789687970996145,
        0.7589279911751616,
        0.06263419823336894,
        0.06803477458354841
      ]
    ],
    "ConstraintLearnedValuePerDemo": []
  }
}
