{
  "ModelObjectiveFinal": -518.9991472707791,
  "TrainingLogLikelihoodFinal": -518.9991472707791
}
