{
  "scalar_metrics": {
    "MeanAbsCutpointError": 7.3,
    "MeanStageSubgoalError": 0.13676214633783154,
    "MeanConstraintError": 0.11311559771988874,
    "MeanConstraintErrorRaw": 0.08262070413641745
  },
  "all_metrics": {
    "MeanAbsCutpointError": 7.3,
    "MeanStageSubgoalError": 0.13676214633783154,
    "MeanConstraintError": 0.11311559771988874,
    "MeanConstraintErrorRaw": 0.08262070413641745,
    "ConstraintErrorMatrix": [
      [
        NaN,
        NaN,
        NaN,
        NaN,
        NaN,
        NaN,
        NaN
      ],
      [
        0.1993535250832571,
        0.3929226677768066,
        NaN,
        NaN,
        NaN,
        NaN,
        NaN
      ],
      [
        0.05087521440488821,
        0.3223153619279592,
        0.12170203616562311,
        0.005247084183596346,
        NaN,
        NaN,
        NaN
      ],
      [
        0.029359901742726003,
        0.0,
        0.008169136151273376,
        0.0012110497627574423,
        NaN,
        NaN,
        NaN
      ]
    ],
    "ConstraintErrorMatrixRaw": [
      [
        NaN,
        NaN,
        NaN,
        NaN,
        NaN,
        NaN,
        NaN
      ],
      [
        0.05970167565891808,
        0.3901000961805886,
        NaN,
        NaN,
        NaN,
        NaN,
        NaN
      ],
      [
        0.015235925967248654,
        0.31999999999999995,
        0.029795570525939674,
        0.00047219155061260787,
        NaN,
        NaN,
        NaN
      ],
      [
        0.008792597625198177,
        0.0,
        0.002000000000000189,
        0.00010898385566848745,
        NaN,
        NaN,
        NaN
      ]
    ],
    "ConstraintTrueActiveMask": [
      [
        0,
        0,
        0,
        0,
        0,
        0,
        0
      ],
      [
        1,
        1,
        0,
        1,
        0,
        0,
        0
      ],
      [
        1,
        1,
        1,
        1,
        0,
        0,
        0
      ],
      [
        1,
        1,
        1,
        1,
        0,
        0,
        0
      ]
    ],
    "ConstraintPredictedActiveMask": [
      [
        0,
        0,
        0,
        0,
        0,
        0,
        0
      ],
      [
        1,
        1,
        0,
        0,
        0,
        0,
        0
      ],
      [
        1,
        1,
        1,
        1,
        0,
        0,
        0
      ],
      [
        1,
        1,
        1,
        1,
        0,
        0,
        0
      ]
    ],
    "ConstraintTargetMatrix": [
      [
        NaN,
        NaN,
        NaN,
        NaN,
        NaN,
        NaN,
        NaN
      ],
      [
        0.0,
        0.4,
        NaN,
        0.007,
        NaN,
        NaN,
        NaN
      ],
      [
        0.0,
        0.72,
        0.06,
        0.045,
        NaN,
        NaN,
        NaN
      ],
      [
        0.0,
        1.0,
        0.04,
        0.018,
        NaN,
        NaN,
        NaN
      ]
    ],
    "ConstraintSemanticsMatrix": [
      [
        "",
        "",
        "",
        "",
        "",
        "",
        ""
      ],
      [
        "target_value",
        "lower_bound",
        "",
        "target_value",
        "",
        "",
        ""
      ],
      [
        "target_value",
        "lower_bound",
        "upper_bound",
        "target_value",
        "",
        "",
        ""
      ],
      [
        "target_value",
        "lower_bound",
        "upper_bound",
        "target_value",
        "",
        "",
        ""
      ]
    ],
    "ConstraintFeatureNames": [
      "surf dist",
      "force",
      "orient err",
      "speed",
      "noise",
      "start_dist",
      "slot_x_err"
    ],
    "ConstraintFeatureScales": [
      0.2994763981925303,
      0.9928164704464917,
      0.2448239278872144,
      0.08999122828804478,
      0.8590315177063433,
      2.167415134128614,
      2.126581024569993
    ]
  },
  "objectives": {
    "ModelObjectiveFinal": 1621.5399557963503,
    "SegmentationLogLikelihoodFinal": 1621.5399557963503,
    "PosthocObjectiveFinal": -7500000119.143117,
    "PosthocFeatureObjectiveFinal": -7500000119.143117
  }
}
