{
  "scalar_metrics": {
    "MeanAbsCutpointError": 9.066666666666666,
    "MeanStageSubgoalError": 0.22227178232887512,
    "MeanConstraintError": 0.12253489289787096,
    "MeanConstraintErrorRaw": 0.08545831771117818
  },
  "all_metrics": {
    "MeanAbsCutpointError": 9.066666666666666,
    "MeanStageSubgoalError": 0.22227178232887512,
    "MeanConstraintError": 0.12253489289787096,
    "MeanConstraintErrorRaw": 0.08545831771117818,
    "ConstraintErrorMatrix": [
      [
        NaN,
        NaN,
        NaN,
        NaN,
        NaN
      ],
      [
        0.2933047919812019,
        0.3931643526586839,
        NaN,
        NaN,
        NaN
      ],
      [
        0.05087521440488821,
        0.3223153619279592,
        0.12170203616562311,
        0.005247084183596346,
        NaN
      ],
      [
        0.029359901742726003,
        0.0,
        0.008169136151273376,
        0.0012110497627574423,
        NaN
      ]
    ],
    "ConstraintErrorMatrixRaw": [
      [
        NaN,
        NaN,
        NaN,
        NaN,
        NaN
      ],
      [
        0.08783786267513968,
        0.39034004491197427,
        NaN,
        NaN,
        NaN
      ],
      [
        0.015235925967248654,
        0.31999999999999995,
        0.029795570525939674,
        0.00047219155061260787,
        NaN
      ],
      [
        0.008792597625198177,
        0.0,
        0.002000000000000189,
        0.00010898385566848745,
        NaN
      ]
    ],
    "ConstraintTrueActiveMask": [
      [
        0,
        0,
        0,
        0,
        0
      ],
      [
        1,
        1,
        0,
        1,
        0
      ],
      [
        1,
        1,
        1,
        1,
        0
      ],
      [
        1,
        1,
        1,
        1,
        0
      ]
    ],
    "ConstraintPredictedActiveMask": [
      [
        0,
        0,
        0,
        0,
        0
      ],
      [
        1,
        1,
        0,
        0,
        0
      ],
      [
        1,
        1,
        1,
        1,
        0
      ],
      [
        1,
        1,
        1,
        1,
        0
      ]
    ],
    "ConstraintTargetMatrix": [
      [
        NaN,
        NaN,
        NaN,
        NaN,
        NaN
      ],
      [
        0.0,
        0.4,
        NaN,
        0.007,
        NaN
      ],
      [
        0.0,
        0.72,
        0.06,
        0.045,
        NaN
      ],
      [
        0.0,
        1.0,
        0.04,
        0.018,
        NaN
      ]
    ],
    "ConstraintSemanticsMatrix": [
      [
        "",
        "",
        "",
        "",
        ""
      ],
      [
        "target_value",
        "lower_bound",
        "",
        "target_value",
        ""
      ],
      [
        "target_value",
        "lower_bound",
        "upper_bound",
        "target_value",
        ""
      ],
      [
        "target_value",
        "lower_bound",
        "upper_bound",
        "target_value",
        ""
      ]
    ],
    "ConstraintFeatureNames": [
      "surface_distance",
      "force",
      "orientation_error",
      "speed",
      "noise_aux"
    ],
    "ConstraintFeatureScales": [
      0.2994763981925303,
      0.9928164704464917,
      0.2448239278872144,
      0.08999122828804478,
      0.8590315177063433
    ]
  }
}
