{
  "ModelObjectiveFinal": 1621.5399557963503,
  "SegmentationLogLikelihoodFinal": 1621.5399557963503,
  "PosthocObjectiveFinal": -7500000119.143117,
  "PosthocFeatureObjectiveFinal": -7500000119.143117
}
