{
  "scalar_metrics": {
    "MeanAbsCutpointError": 27.55,
    "MeanStageSubgoalError": 0.15560176232008127,
    "MeanConstraintError": 0.014452336990718089,
    "MeanConstraintErrorRaw": 0.007170723107514017
  },
  "all_metrics": {
    "MeanAbsCutpointError": 27.55,
    "MeanStageSubgoalError": 0.15560176232008127,
    "MeanConstraintError": 0.014452336990718089,
    "MeanConstraintErrorRaw": 0.007170723107514017,
    "ConstraintErrorMatrix": [
      [
        0.017542839978736617,
        NaN,
        NaN,
        NaN,
        NaN,
        NaN
      ],
      [
        NaN,
        0.03633793445620281,
        NaN,
        NaN,
        NaN,
        NaN
      ],
      [
        NaN,
        0.0034386403131186237,
        0.0004899332148143109,
        NaN,
        NaN,
        NaN
      ]
    ],
    "ConstraintErrorMatrixRaw": [
      [
        0.017727831576302977,
        NaN,
        NaN,
        NaN,
        NaN,
        NaN
      ],
      [
        NaN,
        0.009344989180669977,
        NaN,
        NaN,
        NaN,
        NaN
      ],
      [
        NaN,
        0.0008843115879643496,
        0.0007257600851187651,
        NaN,
        NaN,
        NaN
      ]
    ],
    "ConstraintTrueActiveMask": [
      [
        1,
        0,
        0,
        0,
        0,
        0
      ],
      [
        0,
        1,
        0,
        0,
        0,
        0
      ],
      [
        0,
        1,
        1,
        0,
        0,
        0
      ]
    ],
    "ConstraintPredictedActiveMask": [
      [
        1,
        1,
        1,
        1,
        1,
        1
      ],
      [
        1,
        1,
        1,
        1,
        1,
        1
      ],
      [
        1,
        1,
        1,
        1,
        1,
        1
      ]
    ],
    "ConstraintTargetMatrix": [
      [
        0.4,
        NaN,
        NaN,
        NaN,
        NaN,
        NaN
      ],
      [
        NaN,
        0.055,
        NaN,
        NaN,
        NaN,
        NaN
      ],
      [
        NaN,
        0.045,
        0.2,
        NaN,
        NaN,
        NaN
      ]
    ],
    "ConstraintSemanticsMatrix": [
      [
        "lower_bound",
        "",
        "",
        "",
        "",
        ""
      ],
      [
        "",
        "target_value",
        "",
        "",
        "",
        ""
      ],
      [
        "",
        "target_value",
        "target_value",
        "",
        "",
        ""
      ]
    ],
    "ConstraintFeatureNames": [
      "dist_main_obstacle",
      "speed",
      "terminal_arc_distance",
      "heading_angle",
      "decoy_line_distance",
      "noise_aux"
    ],
    "ConstraintFeatureScales": [
      1.0105451339572489,
      0.257168970127712,
      1.4813449326840082,
      6.360162030552389,
      0.678684724801644,
      0.751738493119704
    ],
    "ConstraintLearnedValueMatrix": [
      [
        0.38227216842369705,
        0.22349683855767616,
        0.9116011185410957,
        -0.012991787013942435,
        0.9182482997923788,
        0.09722145258585783
      ],
      [
        0.38227216842369705,
        0.04565501081933002,
        0.19951231699380956,
        -2.1851097175122907,
        0.8685176002450817,
        0.016098328396758805
      ],
      [
        0.38227216842369705,
        0.04411568841203565,
        0.19927423991488125,
        -5.708016914367532,
        0.7285678156986867,
        -0.21470014846185276
      ]
    ],
    "ConstraintLearnedValuePerDemo": []
  }
}
