{
  "scalar_metrics": {
    "MeanAbsCutpointError": 5.525,
    "MeanStageSubgoalError": 0.6509410723303648,
    "MeanConstraintError": 0.12303326572134055,
    "MeanConstraintErrorRaw": 0.019971900794544122
  },
  "all_metrics": {
    "MeanAbsCutpointError": 5.525,
    "MeanStageSubgoalError": 0.6509410723303648,
    "MeanConstraintError": 0.12303326572134055,
    "MeanConstraintErrorRaw": 0.019971900794544122,
    "ConstraintErrorMatrix": [
      [
        NaN,
        NaN,
        NaN,
        NaN
      ],
      [
        0.0022647592764138383,
        0.011801404958009572,
        0.001322812616591018,
        NaN
      ],
      [
        NaN,
        NaN,
        NaN,
        NaN
      ],
      [
        0.23313044605729163,
        NaN,
        0.3666469056983967,
        NaN
      ],
      [
        NaN,
        NaN,
        NaN,
        NaN
      ]
    ],
    "ConstraintErrorMatrixRaw": [
      [
        NaN,
        NaN,
        NaN,
        NaN
      ],
      [
        0.0007594642253256206,
        0.006625444681730888,
        5.1394948498081905e-05,
        NaN
      ],
      [
        NaN,
        NaN,
        NaN,
        NaN
      ],
      [
        0.07817794829615453,
        NaN,
        0.014245251821011502,
        NaN
      ],
      [
        NaN,
        NaN,
        NaN,
        NaN
      ]
    ],
    "ConstraintTrueActiveMask": [
      [
        0,
        0,
        0,
        0
      ],
      [
        1,
        1,
        1,
        0
      ],
      [
        0,
        0,
        0,
        0
      ],
      [
        1,
        0,
        1,
        0
      ],
      [
        0,
        0,
        0,
        0
      ]
    ],
    "ConstraintPredictedActiveMask": [
      [
        1,
        1,
        1,
        1
      ],
      [
        1,
        1,
        1,
        1
      ],
      [
        1,
        1,
        1,
        1
      ],
      [
        1,
        1,
        1,
        1
      ],
      [
        1,
        1,
        1,
        1
      ]
    ],
    "ConstraintTargetMatrix": [
      [
        NaN,
        NaN,
        NaN,
        NaN
      ],
      [
        0.0,
        0.12,
        0.047,
        NaN
      ],
      [
        NaN,
        NaN,
        NaN,
        NaN
      ],
      [
        0.0868,
        NaN,
        0.047,
        NaN
      ],
      [
        NaN,
        NaN,
        NaN,
        NaN
      ]
    ],
    "ConstraintSemanticsMatrix": [
      [
        "",
        "",
        "",
        ""
      ],
      [
        "target_value",
        "upper_bound",
        "upper_bound",
        ""
      ],
      [
        "",
        "",
        "",
        ""
      ],
      [
        "target_value",
        "",
        "upper_bound",
        ""
      ],
      [
        "",
        "",
        "",
        ""
      ]
    ],
    "ConstraintFeatureNames": [
      "surface_distance",
      "tool_normal_alignment_error",
      "speed",
      "angular_speed"
    ],
    "ConstraintFeatureScales": [
      0.3353399335792561,
      0.5614115188238009,
      0.03885278069884934,
      0.11425152491966827
    ],
    "ConstraintLearnedValueMatrix": [
      [
        0.2011613588760598,
        0.2267178409216674,
        0.0814479626024073,
        0.0902908298030261
      ],
      [
        0.0007594642253256206,
        0.11337455531826911,
        0.04694860505150192,
        0.12774335888656677
      ],
      [
        0.07319028952525858,
        0.4275549595735093,
        0.04702284219933248,
        0.08266983626887159
      ],
      [
        0.16497794829615453,
        0.726828567568922,
        0.0612452518210115,
        0.0679279233972728
      ],
      [
        0.3545843701587291,
        0.7584234055046861,
        0.06379533280355114,
        0.05978470951204866
      ]
    ],
    "ConstraintLearnedValuePerDemo": []
  }
}
