{
  "scalar_metrics": {
    "MeanAbsCutpointError": 6.125,
    "MeanStageSubgoalError": 0.6534117301211233,
    "MeanConstraintError": 0.16939244375042709,
    "MeanConstraintErrorRaw": 0.031585341698778024
  },
  "all_metrics": {
    "MeanAbsCutpointError": 6.125,
    "MeanStageSubgoalError": 0.6534117301211233,
    "MeanConstraintError": 0.16939244375042709,
    "MeanConstraintErrorRaw": 0.031585341698778024,
    "ConstraintErrorMatrix": [
      [
        NaN,
        NaN,
        NaN,
        NaN
      ],
      [
        0.0022902482339307037,
        0.011801404958009572,
        0.001322812616591018,
        NaN
      ],
      [
        NaN,
        NaN,
        NaN,
        NaN
      ],
      [
        0.39858022021933454,
        NaN,
        0.4329675327242696,
        NaN
      ],
      [
        NaN,
        NaN,
        NaN,
        NaN
      ]
    ],
    "ConstraintErrorMatrixRaw": [
      [
        NaN,
        NaN,
        NaN,
        NaN
      ],
      [
        0.0007680116906463308,
        0.006625444681730888,
        5.1394948498081905e-05,
        NaN
      ],
      [
        NaN,
        NaN,
        NaN,
        NaN
      ],
      [
        0.1336598645743569,
        NaN,
        0.016821992598657923,
        NaN
      ],
      [
        NaN,
        NaN,
        NaN,
        NaN
      ]
    ],
    "ConstraintTrueActiveMask": [
      [
        0,
        0,
        0,
        0
      ],
      [
        1,
        1,
        1,
        0
      ],
      [
        0,
        0,
        0,
        0
      ],
      [
        1,
        0,
        1,
        0
      ],
      [
        0,
        0,
        0,
        0
      ]
    ],
    "ConstraintPredictedActiveMask": [
      [
        1,
        1,
        1,
        1
      ],
      [
        1,
        1,
        1,
        1
      ],
      [
        1,
        1,
        1,
        1
      ],
      [
        1,
        1,
        1,
        1
      ],
      [
        1,
        1,
        1,
        1
      ]
    ],
    "ConstraintTargetMatrix": [
      [
        NaN,
        NaN,
        NaN,
        NaN
      ],
      [
        0.0,
        0.12,
        0.047,
        NaN
      ],
      [
        NaN,
        NaN,
        NaN,
        NaN
      ],
      [
        0.0868,
        NaN,
        0.047,
        NaN
      ],
      [
        NaN,
        NaN,
        NaN,
        NaN
      ]
    ],
    "ConstraintSemanticsMatrix": [
      [
        "",
        "",
        "",
        ""
      ],
      [
        "target_value",
        "upper_bound",
        "upper_bound",
        ""
      ],
      [
        "",
        "",
        "",
        ""
      ],
      [
        "target_value",
        "",
        "upper_bound",
        ""
      ],
      [
        "",
        "",
        "",
        ""
      ]
    ],
    "ConstraintFeatureNames": [
      "surface_distance",
      "tool_normal_alignment_error",
      "speed",
      "angular_speed"
    ],
    "ConstraintFeatureScales": [
      0.3353399335792561,
      0.5614115188238009,
      0.03885278069884934,
      0.11425152491966827
    ],
    "ConstraintLearnedValueMatrix": [
      [
        0.22607444154966896,
        0.23848816137495035,
        0.08145441987230065,
        0.08803471612228674
      ],
      [
        0.0007680116906463308,
        0.11337455531826911,
        0.04694860505150192,
        0.1278076620937897
      ],
      [
        0.07386500763421945,
        0.4418645887802808,
        0.04702284219933248,
        0.08141771519543924
      ],
      [
        0.2204598645743569,
        0.722913127290758,
        0.06382199259865792,
        0.06214116059141033
      ],
      [
        0.4358470027597934,
        0.7589059117902202,
        0.06357262136005945,
        0.057880839743986584
      ]
    ],
    "ConstraintLearnedValuePerDemo": []
  }
}
