{
  "ModelObjectiveFinal": -563.2247108866499,
  "TrainingLogLikelihoodFinal": -563.2247108866499
}
