{
  "ModelObjectiveFinal": 553.9621696974136,
  "SegmentationObjectiveFinal": 553.9621696974136,
  "PosthocObjectiveFinal": -4000000023.1311536,
  "PosthocFeatureObjectiveFinal": -4000000023.1311536
}
